,Time,original_time,x,y,vx,vy,theta,omega,ax,steering_angle,cmd_steering_angle,cmd_velocity,velocity_error,cmd_velocity_k-1,velocity_error_k-1,cmd_steering_k-1,cmd_velocity_k-2,velocity_error_k-2,cmd_steering_k-2,cmd_velocity_k-3,velocity_error_k-3,cmd_steering_k-3,cmd_velocity_k-4,velocity_error_k-4,cmd_steering_k-4,velocity_error_sum,new_bag
99,2.475,1.7576005415185198e+18,-0.4795133732402594,2.259268829128792,0.002605511457783921,0.005451424954569769,-0.9852565856602847,0.0012896853921609075,0.022646663273128316,-0.00032334829759109055,0.0,0.0,0.002605511457783921,0.0,0.002265974733036902,0.0,0.0,0.002054547211642425,0.0,0.0,0.0019479480421869427,0.0,0.0,0.0019055833871917914,0.0,0.19262583866672486,0.0
100,2.5,1.7576005415435197e+18,-0.4803278267677053,2.2595933361671885,0.0030451902814444044,0.007653656252180524,-0.9855826649816575,0.001201414868865545,0.01787713174175181,9.812793431126458e-06,0.0,0.0,0.0030451902814444044,0.0,0.002605511457783921,0.0,0.0,0.002265974733036902,0.0,0.0,0.002054547211642425,0.0,0.0,0.0019479480421869427,0.0,0.19416489550833993,0.0
101,2.5250000000000004,1.7576005415685197e+18,-0.4803109126483638,2.2595677685697044,0.003480769971645918,0.009453900380982714,-0.9855157744713505,0.0011872370264673616,0.00523795488372026,0.0005368509233434821,0.0,0.0,0.003480769971645918,0.0,0.0030451902814444044,0.0,0.0,0.002605511457783921,0.0,0.0,0.002265974733036902,0.0,0.0,0.002054547211642425,0.0,0.19611880949103477,0.0
102,2.5500000000000003,1.7576005415935196e+18,-0.4777801046505323,2.2599383792668286,0.0037342070709273072,0.00969060623587487,-0.9861605002557813,0.0012259976721543447,-0.013979951017393572,0.001104440157636638,0.0,0.0,0.0037342070709273072,0.0,0.003480769971645918,0.0,0.0,0.0030451902814444044,0.0,0.0,0.002605511457783921,0.0,0.0,0.002265974733036902,0.0,0.19830568339016386,0.0
103,2.575,1.7576005416185198e+18,-0.4777699705225839,2.259923098194647,0.003598039670234153,0.007334128268708732,-0.9861592744459305,0.001259890123147303,-0.035393232517447644,0.0014363783682967333,0.0,0.0,0.003598039670234153,0.0,0.0037342070709273072,0.0,0.0,0.003480769971645918,0.0,0.0,0.0030451902814444044,0.0,0.0,0.002605511457783921,0.0,0.20033768864599086,0.0
104,2.6,1.7576005416435197e+18,-0.4783467225381357,2.259352777232184,0.0029233889351169824,0.002032992985820455,-0.9859080915976458,0.0012371222605206244,-0.051839482137956715,0.0011820893266257424,0.0,0.0,0.0029233889351169824,0.0,0.003598039670234153,0.0,0.0,0.0037342070709273072,0.0,0.0,0.003480769971645918,0.0,0.0,0.0030451902814444044,0.0,0.20168029804053483,0.0
105,2.625,1.7576005416685197e+18,-0.4783283088039316,2.2593249557619086,0.0017326455335577068,-0.005530825096534558,-0.9859354930331709,0.001155761624505308,-0.05480210887180918,1.6438364124148064e-05,0.0,0.0,0.0017326455335577068,0.0,0.0029233889351169824,0.0,0.0,0.003598039670234153,0.0,0.0,0.0037342070709273072,0.0,0.0,0.003480769971645918,0.0,0.20182289746286583,0.0
106,2.6500000000000004,1.75760054169352e+18,-0.4795977977691215,2.2585002814511395,0.000315955952956495,-0.013729003669743924,-0.9862729509872503,0.0010813828099186511,-0.036759703607827494,-0.0022357140478592163,0.0,0.0,0.000315955952956495,0.0,0.0017326455335577068,0.0,0.0,0.0029233889351169824,0.0,0.0,0.003598039670234153,0.0,0.0,0.0037342070709273072,0.0,0.20054399734309591,0.0
107,2.6750000000000003,1.7576005417185198e+18,-0.4814275977785418,2.2569050837535265,-0.0007413202433130299,-0.02054127670542397,-0.9852705094597706,0.0011269811379646677,0.006130415934496128,-0.005504181743797808,0.0,0.0,-0.0007413202433130299,0.0,0.000315955952956495,0.0,0.0,0.0017326455335577068,0.0,0.0,0.0029233889351169824,0.0,0.0,0.003598039670234153,0.0,0.19820266787799568,0.0
108,2.7,1.7576005417435197e+18,-0.4814347733486301,2.2569159379354296,-0.0006445062034850005,-0.024319471976939688,-0.9852415014492683,0.001402142004044435,0.07187521851694907,-0.009471645241136216,0.0,0.0,-0.0006445062034850005,0.0,-0.0007413202433130299,0.0,0.0,0.000315955952956495,0.0,0.0,0.0017326455335577068,0.0,0.0,0.0029233889351169824,0.0,0.19594467398080506,0.0
109,2.725,1.7576005417685197e+18,-0.4805558184838827,2.25836381294022,0.0014003778971899636,-0.024360426375959112,-0.9858716353763066,0.001952758904899727,0.1518763198665175,-0.013701556719558784,-0.0255679264664649,0.0999999344348907,-0.09859955653770074,0.0,-0.0006445062034850005,0.0,0.0,-0.0007413202433130299,0.0,0.0,0.000315955952956495,0.0,0.0,0.0017326455335577068,0.0,0.09570120800479591,0.0
110,2.75,1.7576005417935196e+18,-0.4805357049966408,2.258333484959422,0.005896417861232398,-0.021001681477232085,-0.985909484332437,0.002721502938686314,0.23208920846872408,-0.01785981159116691,-0.0255679264664649,0.0999999344348907,-0.09410351657365831,0.0999999344348907,-0.09859955653770074,-0.0255679264664649,0.0,-0.0006445062034850005,0.0,0.0,-0.0007413202433130299,0.0,0.0,0.000315955952956495,0.0,-9.925839119662161e-05,0.0
111,2.7750000000000004,1.7576005418185198e+18,-0.4801266823812633,2.2578537700524857,0.01278925400678669,-0.015252775088018486,-0.9853539516050959,0.0035574531240786236,0.2960921588501852,-0.021915702314605632,-0.0253164004534482,0.0999999418854713,-0.0872106878786846,0.0999999344348907,-0.09410351657365831,-0.0255679264664649,0.0999999344348907,-0.09859955653770074,-0.0255679264664649,0.0,-0.0006445062034850005,0.0,0.0,-0.0007413202433130299,0.0,-0.0890819172188466,0.0
112,2.8000000000000003,1.7576005418435197e+18,-0.4801355376458596,2.257867157045157,0.021361651930123664,-0.008243672182914255,-0.9853673013464447,0.004285471120224783,0.3294315019991519,-0.02619203494064016,-0.0253164004534482,0.0999999418854713,-0.07863828995534763,0.0999999418854713,-0.0872106878786846,-0.0253164004534482,0.0999999344348907,-0.09410351657365831,-0.0255679264664649,0.0999999344348907,-0.09859955653770074,-0.0255679264664649,0.0,-0.0006445062034850005,0.0,-0.16958020027489823,0.0
113,2.825,1.7576005418685197e+18,-0.4792169443661582,2.2549948328838507,0.030395056689340377,-0.0008366496230653833,-0.9853960435868352,0.004815139812885472,0.32416536899110204,-0.031214099835410878,-0.0255698300898075,0.0999999418854713,-0.06960488519613092,0.0999999418854713,-0.07863828995534763,-0.0253164004534482,0.0999999418854713,-0.0872106878786846,-0.0253164004534482,0.0999999344348907,-0.09410351657365831,-0.0255679264664649,0.0999999344348907,-0.09859955653770074,-0.0255679264664649,-0.2411291255668749,0.0
114,2.85,1.75760054189352e+18,-0.478712013152307,2.2542328822126643,0.03858884487182623,0.006409482242871764,-0.9853394931350008,0.0052361232126552325,0.28240871230824893,-0.03743160101803935,-0.0255698300898075,0.0999999418854713,-0.06141109701364507,0.0999999418854713,-0.06960488519613092,-0.0255698300898075,0.0999999418854713,-0.07863828995534763,-0.0253164004534482,0.0999999418854713,-0.0872106878786846,-0.0253164004534482,0.0999999344348907,-0.09410351657365831,-0.0255679264664649,-0.30454292198237565,0.0
115,2.875,1.7576005419185198e+18,-0.4779385954451594,2.25470234454905,0.04507066610355469,0.01299690519268897,-0.9841279495978216,0.005834247730619389,0.21790242410552157,-0.04496529158832755,-0.051270667463541,0.1999998688697815,-0.1549292027662268,0.0999999418854713,-0.06141109701364507,-0.0255698300898075,0.0999999418854713,-0.06960488519613092,-0.0255698300898075,0.0999999418854713,-0.07863828995534763,-0.0253164004534482,0.0999999418854713,-0.0872106878786846,-0.0253164004534482,-0.46148908985063586,0.0
116,2.9000000000000004,1.7576005419435197e+18,-0.4773574406747181,2.25382437027584,0.049744385528763674,0.018236973898760642,-0.9836576098952677,0.0069987278656503974,0.15506579377465046,-0.05350899757253528,-0.051270667463541,0.1999998688697815,-0.15025548334101782,0.1999998688697815,-0.1549292027662268,-0.051270667463541,0.0999999418854713,-0.06141109701364507,-0.0255698300898075,0.0999999418854713,-0.06960488519613092,-0.0255698300898075,0.0999999418854713,-0.07863828995534763,-0.0253164004534482,-0.6137232364965782,0.0
117,2.9250000000000003,1.7576005419685197e+18,-0.4764750845014434,2.257519144927543,0.0533151305688725,0.021252961682567077,-0.9850185833200858,0.009061245807467037,0.12547334743033794,-0.06242150427186385,-0.0689514800906181,0.2999998033046722,-0.2466846727357997,0.1999998688697815,-0.15025548334101782,-0.051270667463541,0.1999998688697815,-0.1549292027662268,-0.051270667463541,0.0999999418854713,-0.06141109701364507,-0.0255698300898075,0.0999999418854713,-0.06960488519613092,-0.0255698300898075,-0.8623044943871968,0.0
118,2.95,1.7576005419935196e+18,-0.4755436499096528,2.256118199121661,0.057068492391480465,0.021300087770714075,-0.9846855002137843,0.012139126617301712,0.16212127340924556,-0.07094397923629905,-0.0689514800906181,0.2999998033046722,-0.24293131091319173,0.2999998033046722,-0.2466846727357997,-0.0689514800906181,0.1999998688697815,-0.15025548334101782,-0.051270667463541,0.1999998688697815,-0.1549292027662268,-0.051270667463541,0.0999999418854713,-0.06141109701364507,-0.0255698300898075,-1.1070316764032309,0.0
119,2.975,1.7576005420185198e+18,-0.4725129193595241,2.250979083697013,0.06265490454835493,0.01821429788681088,-0.9842323102572952,0.01601230589140863,0.29223310765601196,-0.07843640486706135,-0.0816946178674697,0.3999997675418854,-0.33734486299353045,0.2999998033046722,-0.24293131091319173,-0.0689514800906181,0.2999998033046722,-0.2466846727357997,-0.0689514800906181,0.1999998688697815,-0.15025548334101782,-0.051270667463541,0.1999998688697815,-0.1549292027662268,-0.051270667463541,-1.4460855789082854,0.0
120,3.0,1.7576005420435197e+18,-0.470336140590883,2.247687124353385,0.07205654047346166,0.012683109501259728,-0.9835282656222714,0.02002119776458226,0.5297734307451539,-0.08454529659722837,-0.0816946178674697,0.3999997675418854,-0.3279432270684237,0.3999997675418854,-0.33734486299353045,-0.0816946178674697,0.2999998033046722,-0.24293131091319173,-0.0689514800906181,0.2999998033046722,-0.2466846727357997,-0.0689514800906181,0.1999998688697815,-0.15025548334101782,-0.051270667463541,-1.7756911812555445,0.0
121,3.0250000000000004,1.7576005420685197e+18,-0.4730834445900949,2.250705428205456,0.08764493846344368,0.006128723609122347,-0.9837621627363566,0.023012944501414005,0.8692804050648963,-0.08926071217926487,-0.0927717834711074,0.4999997019767761,-0.41235476351333245,0.3999997675418854,-0.3279432270684237,-0.0816946178674697,0.3999997675418854,-0.33734486299353045,-0.0816946178674697,0.2999998033046722,-0.24293131091319173,-0.0689514800906181,0.2999998033046722,-0.2466846727357997,-0.0689514800906181,-2.189711081509745,0.0
122,3.0500000000000003,1.75760054209352e+18,-0.4722941734670844,2.2495208625925103,0.1120284640874603,0.00023112108587464928,-0.9831574027669654,0.023443860522054855,1.2828973716153038,-0.09286189354507345,-0.0927717834711074,0.4999997019767761,-0.3879712378893158,0.4999997019767761,-0.41235476351333245,-0.0927717834711074,0.3999997675418854,-0.3279432270684237,-0.0816946178674697,0.3999997675418854,-0.33734486299353045,-0.0816946178674697,0.2999998033046722,-0.24293131091319173,-0.0689514800906181,-2.5793899881550004,0.0
123,3.075,1.7576005421185198e+18,-0.4721772570905158,2.2474398211087747,0.1474634881935691,-0.003665398935428638,-0.983152306770151,0.019734348654065648,1.7222589390155465,-0.09577874883030002,-0.0944147780537605,0.5999996066093445,-0.45253611841577535,0.4999997019767761,-0.3879712378893158,-0.0927717834711074,0.4999997019767761,-0.41235476351333245,-0.0927717834711074,0.3999997675418854,-0.3279432270684237,-0.0816946178674697,0.3999997675418854,-0.33734486299353045,-0.0816946178674697,-3.033694949086378,0.0
124,3.1,1.7576005421435197e+18,-0.4711607310601242,2.245913004091649,0.1949411473869288,-0.00496044439418657,-0.9830759276553328,0.010816792732900682,2.1259352991027347,-0.09841579948972154,-0.0944147780537605,0.5999996066093445,-0.4050584592224157,0.5999996066093445,-0.45253611841577535,-0.0944147780537605,0.4999997019767761,-0.3879712378893158,-0.0927717834711074,0.4999997019767761,-0.41235476351333245,-0.0927717834711074,0.3999997675418854,-0.3279432270684237,-0.0816946178674697,-3.440581196554308,0.0
125,3.125,1.7576005421685197e+18,-0.4613739634954075,2.240790790985645,0.25338992903913155,-0.0038509343186115402,-0.984303989084437,-0.0033663855336756683,2.4315513976073047,-0.10099689347883083,-0.1022767648100853,0.6999995708465576,-0.44660964180742607,0.5999996066093445,-0.4050584592224157,-0.0944147780537605,0.5999996066093445,-0.45253611841577535,-0.0944147780537605,0.4999997019767761,-0.3879712378893158,-0.0927717834711074,0.4999997019767761,-0.41235476351333245,-0.0927717834711074,-3.8890642695869237,0.0
126,3.1500000000000004,1.7576005421935196e+18,-0.4680966572510088,2.2411172701691213,0.3194699395258265,-0.0010905450714049681,-0.9803174032220191,-0.021692451367936905,2.589966330922934,-0.10348341869517541,-0.1022767648100853,0.6999995708465576,-0.38052963132073114,0.6999995708465576,-0.44660964180742607,-0.1022767648100853,0.5999996066093445,-0.4050584592224157,-0.0944147780537605,0.5999996066093445,-0.45253611841577535,-0.0944147780537605,0.4999997019767761,-0.3879712378893158,-0.0927717834711074,-4.271501670502531,0.0
127,3.1750000000000003,1.7576005422185198e+18,-0.4657379155818852,2.2375757110393053,0.3881546302332201,0.002329653644945641,-0.9798516929278429,-0.04213739446503932,2.577740342429649,-0.10559154358561999,-0.1062103658914566,0.799999475479126,-0.41184484524590587,0.6999995708465576,-0.38052963132073114,-0.1022767648100853,0.6999995708465576,-0.44660964180742607,-0.1022767648100853,0.5999996066093445,-0.4050584592224157,-0.0944147780537605,0.5999996066093445,-0.45253611841577535,-0.0944147780537605,-4.6852889364986545,0.0
128,3.2,1.7576005422435197e+18,-0.4621947478387196,2.232255782098578,0.45392400951975265,0.005406098519400514,-0.9791521293793737,-0.062403570718583073,2.4041300616319137,-0.10689778918894462,-0.1062103658914566,0.799999475479126,-0.34607546595937333,0.799999475479126,-0.41184484524590587,-0.1062103658914566,0.6999995708465576,-0.38052963132073114,-0.1022767648100853,0.6999995708465576,-0.44660964180742607,-0.1022767648100853,0.5999996066093445,-0.4050584592224157,-0.0944147780537605,-5.033355147441153,0.0
129,3.225,1.7576005422685197e+18,-0.4590531170605207,2.235048850146117,0.5121483286552103,0.0072533570051338155,-0.984716638876833,-0.0806504860793561,2.1101942198594443,-0.10699443043990087,-0.1087668985128402,0.8999994397163391,-0.3878511110611288,0.799999475479126,-0.34607546595937333,-0.1062103658914566,0.799999475479126,-0.41184484524590587,-0.1062103658914566,0.6999995708465576,-0.38052963132073114,-0.1022767648100853,0.6999995708465576,-0.44660964180742607,-0.1022767648100853,-5.423265695174188,0.0
130,3.25,1.75760054229352e+18,-0.4519553343355338,2.2196456095062214,0.560188721304926,0.007256045259208018,-0.9859449526926938,-0.09605126367680998,1.75986583194125,-0.1056434152411257,-0.1087668985128402,0.8999994397163391,-0.3398107184114131,0.8999994397163391,-0.3878511110611288,-0.1087668985128402,0.799999475479126,-0.34607546595937333,-0.1062103658914566,0.799999475479126,-0.41184484524590587,-0.1062103658914566,0.6999995708465576,-0.38052963132073114,-0.1022767648100853,-5.765219979963776,0.0
131,3.2750000000000004,1.7576005423185198e+18,-0.4482530859441316,2.2141042084736378,0.5978651423077317,0.005301762512595816,-0.9872108864974927,-0.10894743211976153,1.4252613834329295,-0.10287899493151999,-0.1006646454334259,0.9999993443489076,-0.4021342020411759,0.8999994397163391,-0.3398107184114131,-0.1087668985128402,0.8999994397163391,-0.3878511110611288,-0.1087668985128402,0.799999475479126,-0.34607546595937333,-0.1062103658914566,0.799999475479126,-0.41184484524590587,-0.1062103658914566,-6.169581532314776,0.0
132,3.3000000000000003,1.7576005423435197e+18,-0.4181630053412459,2.170717589504678,0.6272051146112922,0.0019889208057477467,-0.9954444092239421,-0.12050961975526586,1.1702054547867677,-0.09902536257963979,-0.1006646454334259,0.9999993443489076,-0.37279422973761533,0.9999993443489076,-0.4021342020411759,-0.1006646454334259,0.8999994397163391,-0.3398107184114131,-0.1087668985128402,0.8999994397163391,-0.3878511110611288,-0.1087668985128402,0.799999475479126,-0.34607546595937333,-0.1062103658914566,-6.54466590463315,0.0
133,3.325,1.7576005423685197e+18,-0.4104007872464819,2.159029199931838,0.6516731245180925,-0.001408480609911431,-0.9980404957708917,-0.13204121424863147,1.0363916441102599,-0.0946228918749198,-0.0937980785965919,1.0999993085861206,-0.44832618406802816,0.9999993443489076,-0.37279422973761533,-0.1006646454334259,0.9999993443489076,-0.4021342020411759,-0.1006646454334259,0.8999994397163391,-0.3398107184114131,-0.1087668985128402,0.8999994397163391,-0.3878511110611288,-0.1087668985128402,-6.995306879640686,0.0
134,3.35,1.7576005423935196e+18,-0.4098601684749439,2.1513922619881924,0.6752163963383008,-0.003362654203679532,-0.9969423043692889,-0.14428158400740557,1.035698193614193,-0.09028404915577294,-0.0937980785965919,1.0999993085861206,-0.42478291224781983,1.0999993085861206,-0.44832618406802816,-0.0937980785965919,0.9999993443489076,-0.37279422973761533,-0.1006646454334259,0.9999993443489076,-0.4021342020411759,-0.1006646454334259,0.8999994397163391,-0.3398107184114131,-0.1087668985128402,-7.422384390001565,0.0
135,3.375,1.7576005424185198e+18,-0.4027191088813269,2.140389575109897,0.7013963000802642,-0.002802639194903316,-0.9998120673547913,-0.1570847517719269,1.1503029320064344,-0.08651940138445587,-0.0808111354708671,1.199999213218689,-0.49860291313842475,1.0999993085861206,-0.42478291224781983,-0.0937980785965919,1.0999993085861206,-0.44832618406802816,-0.0937980785965919,0.9999993443489076,-0.37279422973761533,-0.1006646454334259,0.9999993443489076,-0.4021342020411759,-0.1006646454334259,-7.923223128179658,0.0
136,3.4000000000000004,1.7576005424435197e+18,-0.3744156415367619,2.100458615784204,0.7327371906067033,0.00021311136627979646,-1.0080442808926469,-0.16961325503182553,1.3400312252760205,-0.08358600117538527,-0.0808111354708671,1.199999213218689,-0.4672620226119857,1.199999213218689,-0.49860291313842475,-0.0808111354708671,1.0999993085861206,-0.42478291224781983,-0.0937980785965919,1.0999993085861206,-0.44832618406802816,-0.0937980785965919,0.9999993443489076,-0.37279422973761533,-0.1006646454334259,-8.3926398429481,0.0
137,3.4250000000000003,1.7576005424685197e+18,-0.3638348645840756,2.08416850676222,0.7703477870602342,0.004228414777689131,-1.0127808397534708,-0.18087259822643895,1.5544759906137389,-0.08141213047560633,-0.0815242230892181,1.299999117851257,-0.5296513307910229,1.199999213218689,-0.4672620226119857,-0.0808111354708671,1.199999213218689,-0.49860291313842475,-0.0808111354708671,1.0999993085861206,-0.42478291224781983,-0.0937980785965919,1.0999993085861206,-0.44832618406802816,-0.0937980785965919,-8.924361795541838,0.0
138,3.45,1.75760054249352e+18,-0.3562281789138457,2.06988915357634,0.8138492918761969,0.00673071198916196,-1.0167704006694105,-0.19024652563277772,1.7463368399946404,-0.07963207757727772,-0.0815242230892181,1.299999117851257,-0.4861498259750602,1.299999117851257,-0.5296513307910229,-0.0815242230892181,1.199999213218689,-0.4672620226119857,-0.0808111354708671,1.199999213218689,-0.49860291313842475,-0.0808111354708671,1.0999993085861206,-0.42478291224781983,-0.0937980785965919,-9.412511221993839,0.0
139,3.475,1.7576005425185198e+18,-0.344811680294995,2.051932143065144,0.8616232407250893,0.005060468723017411,-1.0221652908087902,-0.19775852281760845,1.8823647077443624,-0.07772097049891023,-0.0784331783652305,1.3999990224838257,-0.5383757817587363,1.299999117851257,-0.4861498259750602,-0.0815242230892181,1.299999117851257,-0.5296513307910229,-0.0815242230892181,1.199999213218689,-0.4672620226119857,-0.0808111354708671,1.199999213218689,-0.49860291313842475,-0.0808111354708671,-9.952838250746987,0.0
140,3.5,1.7576005425435197e+18,-0.3192621752868505,2.016284427472728,0.9113531062762376,-0.0024040050590727244,-1.0292059772968092,-0.2039976299109667,1.9492256749135621,-0.07517593062729823,-0.0784331783652305,1.3999990224838257,-0.4886459162075881,1.3999990224838257,-0.5383757817587363,-0.0784331783652305,1.299999117851257,-0.4861498259750602,-0.0815242230892181,1.299999117851257,-0.5296513307910229,-0.0815242230892181,1.199999213218689,-0.4672620226119857,-0.0808111354708671,-10.443414468326075,0.0
141,3.5250000000000004,1.7576005425685197e+18,-0.3083070663780245,1.997961940449795,0.9607582456959542,-0.015284470310829553,-1.0327334273762774,-0.20983381967357695,1.9532260120529867,-0.07167369161525476,-0.0700478926301002,1.499998927116394,-0.5392406814204398,1.3999990224838257,-0.4886459162075881,-0.0784331783652305,1.3999990224838257,-0.5383757817587363,-0.0784331783652305,1.299999117851257,-0.4861498259750602,-0.0815242230892181,1.299999117851257,-0.5296513307910229,-0.0815242230892181,-10.984595109246909,0.0
142,3.5500000000000003,1.7576005425935196e+18,-0.2907770200203656,1.9512073285141025,1.0083012064455916,-0.030992012295606306,-1.0370207886636391,-0.21607907323283992,1.914697059662183,-0.06715220197863815,-0.0700478926301002,1.499998927116394,-0.4916977206708024,1.499998927116394,-0.5392406814204398,-0.0700478926301002,1.3999990224838257,-0.4886459162075881,-0.0784331783652305,1.3999990224838257,-0.5383757817587363,-0.0784331783652305,1.299999117851257,-0.4861498259750602,-0.0815242230892181,-11.478276179324485,0.0
143,3.575,1.7576005426185198e+18,-0.2803800826428326,1.934283132850396,1.0535863609468472,-0.0455168631219462,-1.040855089761617,-0.2231737416246607,1.859368177047308,-0.061799457865540336,-0.0583121925592422,1.5999988317489624,-0.5464124708021152,1.499998927116394,-0.4916977206708024,-0.0700478926301002,1.499998927116394,-0.5392406814204398,-0.0700478926301002,1.3999990224838257,-0.4886459162075881,-0.0784331783652305,1.3999990224838257,-0.5383757817587363,-0.0784331783652305,-12.02674995033785,0.0
144,3.6,1.7576005426435197e+18,-0.2570267700608801,1.8910942644767728,1.0972771300977324,-0.05496651777082247,-1.0489546288975762,-0.23094753515129984,1.8097762564891513,-0.055968026918213835,-0.0583121925592422,1.5999988317489624,-0.50272170165123,1.5999988317489624,-0.5464124708021152,-0.0583121925592422,1.499998927116394,-0.4916977206708024,-0.0700478926301002,1.499998927116394,-0.5392406814204398,-0.0700478926301002,1.3999990224838257,-0.4886459162075881,-0.0784331783652305,-12.531639552474555,0.0
145,3.6250000000000004,1.7576005426685197e+18,-0.2457615129635333,1.8725006890519564,1.1405968949903984,-0.05717965055110136,-1.053462154964945,-0.2385442406987115,1.7794365462188786,-0.05005642740792556,-0.045756310224533,1.6999987363815308,-0.5594018413911324,1.5999988317489624,-0.50272170165123,-0.0583121925592422,1.5999988317489624,-0.5464124708021152,-0.0583121925592422,1.499998927116394,-0.4916977206708024,-0.0700478926301002,1.499998927116394,-0.5392406814204398,-0.0700478926301002,-13.093328928132491,0.0
146,3.6500000000000004,1.75760054269352e+18,-0.2335821619092501,1.8474719186856188,1.1846748324389527,-0.0526444192459982,-1.0559505005568315,-0.24458329768068748,1.7712617892720635,-0.04440445818980981,-0.045756310224533,1.6999987363815308,-0.5153239039425781,1.6999987363815308,-0.5594018413911324,-0.045756310224533,1.5999988317489624,-0.50272170165123,-0.0583121925592422,1.5999988317489624,-0.5464124708021152,-0.0583121925592422,1.499998927116394,-0.4916977206708024,-0.0700478926301002,-13.611049322745991,0.0
147,3.6750000000000003,1.7576005427185198e+18,-0.2192498932304327,1.8231449820512615,1.230043281813702,-0.04420783638095572,-1.06113949679341,-0.24751249652390545,1.780041093627662,-0.039239415389089975,-0.0364724025130271,1.7999985218048096,-0.5699552399911076,1.6999987363815308,-0.5153239039425781,-0.045756310224533,1.6999987363815308,-0.5594018413911324,-0.045756310224533,1.5999988317489624,-0.50272170165123,-0.0583121925592422,1.5999988317489624,-0.5464124708021152,-0.0583121925592422,-14.183474017201794,0.0
148,3.7,1.7576005427435197e+18,-0.1938608674486186,1.7808979667097389,1.2764960194301942,-0.03560386620102723,-1.069727713243683,-0.2459985674918306,1.7973242994265841,-0.034687377367553375,-0.0364724025130271,1.7999985218048096,-0.5235025023746154,1.7999985218048096,-0.5699552399911076,-0.0364724025130271,1.6999987363815308,-0.5153239039425781,-0.045756310224533,1.6999987363815308,-0.5594018413911324,-0.045756310224533,1.5999988317489624,-0.50272170165123,-0.0583121925592422,-14.709464630183485,0.0
149,3.725,1.7576005427685197e+18,-0.1712182808335489,1.736084432491507,1.3233360560131184,-0.029469968503063597,-1.079228899248397,-0.2392071237360954,1.8163560451499463,-0.030834782806472522,-0.0310665685683488,1.899998426437378,-0.5766623704242595,1.7999985218048096,-0.5235025023746154,-0.0364724025130271,1.7999985218048096,-0.5699552399911076,-0.0364724025130271,1.6999987363815308,-0.5153239039425781,-0.045756310224533,1.6999987363815308,-0.5594018413911324,-0.045756310224533,-15.288574557995544,0.0
150,3.7500000000000004,1.7576005427935196e+18,-0.1579401279551926,1.7169732317895328,1.3698532864335562,-0.02591070354124818,-1.0823146964438686,-0.2269087120815446,1.8349925635201565,-0.027800011727416172,-0.0310665685683488,1.899998426437378,-0.5301451400038217,1.899998426437378,-0.5766623704242595,-0.0310665685683488,1.7999985218048096,-0.5235025023746154,-0.0364724025130271,1.7999985218048096,-0.5699552399911076,-0.0364724025130271,1.6999987363815308,-0.5153239039425781,-0.045756310224533,-15.821076931211095,0.0
151,3.7750000000000004,1.7576005428185198e+18,-0.1374228371847747,1.6595818617871871,1.4157660109936538,-0.022477749804350456,-1.0881220617494567,-0.209429442135487,1.8556227084584327,-0.025764090590577365,-0.0310665685683488,1.899998426437378,-0.4842324154437241,1.899998426437378,-0.5301451400038217,-0.0310665685683488,1.899998426437378,-0.5766623704242595,-0.0310665685683488,1.7999985218048096,-0.5235025023746154,-0.0364724025130271,1.7999985218048096,-0.5699552399911076,-0.0364724025130271,-16.30754552729805,0.0
152,3.8000000000000003,1.7576005428435197e+18,-0.1240381905945695,1.634688401420906,1.4613949576726317,-0.015694151615677467,-1.092224397015637,-0.18750138639244646,1.882494446134734,-0.0249241972034706,-0.0194300003349781,1.9999982118606567,-0.538603254188025,1.899998426437378,-0.4842324154437241,-0.0310665685683488,1.899998426437378,-0.5301451400038217,-0.0310665685683488,1.899998426437378,-0.5766623704242595,-0.0310665685683488,1.7999985218048096,-0.5235025023746154,-0.0364724025130271,-16.848254412092402,0.0
153,3.825,1.7576005428685197e+18,-0.0985507260793041,1.5911684885966912,1.5074923216771716,-0.0033628882800469714,-1.098099455638763,-0.16206306463234246,1.9179308571673397,-0.025374803549958254,-0.0240610018372535,2.0999979972839355,-0.5925056756067639,1.9999982118606567,-0.538603254188025,-0.0194300003349781,1.899998426437378,-0.4842324154437241,-0.0310665685683488,1.899998426437378,-0.5301451400038217,-0.0310665685683488,1.899998426437378,-0.5766623704242595,-0.0310665685683488,-17.44274290948181,0.0
154,3.85,1.75760054289352e+18,-0.0845588462754785,1.5646490004422038,1.5548361220858886,0.01360813226637589,-1.1019637170542471,-0.13404161366592918,1.9592957759362537,-0.026971048698191665,-0.0240610018372535,2.0999979972839355,-0.5451618751980469,2.0999979972839355,-0.5925056756067639,-0.0240610018372535,1.9999982118606567,-0.538603254188025,-0.0194300003349781,1.899998426437378,-0.4842324154437241,-0.0310665685683488,1.899998426437378,-0.5301451400038217,-0.0310665685683488,-17.98978305523985,0.0
155,3.8750000000000004,1.7576005429185198e+18,-0.0593370417830447,1.5223135689823786,1.6038230415714108,0.030932085742101875,-1.108068616254259,-0.10416216506047667,1.9981619049638235,-0.029254233847165835,-0.0285544898360967,2.199997663497925,-0.596174621926514,2.0999979972839355,-0.5451618751980469,-0.0240610018372535,2.0999979972839355,-0.5925056756067639,-0.0240610018372535,1.9999982118606567,-0.538603254188025,-0.0194300003349781,1.899998426437378,-0.4842324154437241,-0.0310665685683488,-18.587753853026367,0.0
156,3.9000000000000004,1.7576005429435197e+18,-0.0450078734886743,1.4947489848811095,1.6542741454700802,0.04246420388443186,-1.1116590102111685,-0.07288868820081267,2.0221877806533035,-0.03149993390432306,-0.0285544898360967,2.199997663497925,-0.5457235180278446,2.199997663497925,-0.596174621926514,-0.0285544898360967,2.0999979972839355,-0.5451618751980469,-0.0240610018372535,2.0999979972839355,-0.5925056756067639,-0.0240610018372535,1.9999982118606567,-0.538603254188025,-0.0194300003349781,-19.13521372063165,0.0
157,3.9250000000000003,1.7576005429685197e+18,-0.0055535748651927,1.419222006037996,1.7055083628822942,0.042789811690261026,-1.110561691725593,-0.04061324305556079,2.019137558127189,-0.032896152999427795,-0.0366375558078289,2.299997329711914,-0.5944889668296198,2.199997663497925,-0.5457235180278446,-0.0285544898360967,2.199997663497925,-0.596174621926514,-0.0285544898360967,2.0999979972839355,-0.5451618751980469,-0.0240610018372535,2.0999979972839355,-0.5925056756067639,-0.0240610018372535,-19.731399009736304,0.0
158,3.95,1.7576005429935196e+18,0.0118348338584479,1.3849080293547202,1.7565636180964888,0.029602062705169668,-1.112361408218957,-0.008078262031741381,1.9816676566674345,-0.03280015365709947,-0.0366375558078289,2.299997329711914,-0.5434337116154253,2.299997329711914,-0.5944889668296198,-0.0366375558078289,2.199997663497925,-0.5457235180278446,-0.0285544898360967,2.199997663497925,-0.596174621926514,-0.0285544898360967,2.0999979972839355,-0.5451618751980469,-0.0240610018372535,-20.276505615233503,0.0
159,3.975,1.7576005430185198e+18,0.0303214015515433,1.3339655286516936,1.8064136694361737,0.004760375438499706,-1.1119772168447146,0.023189112180013894,1.9111877066738145,-0.030983049798658405,-0.0295613501220941,2.3999969959259038,-0.5935833264897301,2.299997329711914,-0.5434337116154253,-0.0366375558078289,2.299997329711914,-0.5944889668296198,-0.0366375558078289,2.199997663497925,-0.5457235180278446,-0.0285544898360967,2.199997663497925,-0.596174621926514,-0.0285544898360967,-20.87175163278708,0.0
160,4.0,1.7576005430435197e+18,0.0470841023217047,1.300430809257655,1.8541424898311312,-0.026350682019332248,-1.1130396689912958,0.0507569972260264,1.8193262079604022,-0.027766847993389607,-0.0295613501220941,2.3999969959259038,-0.5458545060947726,2.3999969959259038,-0.5935833264897301,-0.0295613501220941,2.299997329711914,-0.5434337116154253,-0.0366375558078289,2.299997329711914,-0.5944889668296198,-0.0366375558078289,2.199997663497925,-0.5457235180278446,-0.0285544898360967,-21.41926798523016,0.0
161,4.025,1.7576005430685197e+18,0.0732579498380943,1.2387682887258502,1.8991331716654236,-0.056719079571539266,-1.1073331783920324,0.07173976284132903,1.7262028376009118,-0.023989401951301212,-0.0295613501220941,2.3999969959259038,-0.5008638242604802,2.3999969959259038,-0.5458545060947726,-0.0295613501220941,2.3999969959259038,-0.5935833264897301,-0.0295613501220941,2.299997329711914,-0.5434337116154253,-0.0366375558078289,2.299997329711914,-0.5944889668296198,-0.0366375558078289,-21.921797723422376,0.0
162,4.05,1.75760054309352e+18,0.0950684807216291,1.1948970946788369,1.9412974237613518,-0.0799458189636474,-1.1068527031895443,0.08383023390423525,1.655656409623165,-0.020783164696801665,-0.0242930632084608,2.4999966621398926,-0.5586992383785407,2.3999969959259038,-0.5008638242604802,-0.0295613501220941,2.3999969959259038,-0.5458545060947726,-0.0295613501220941,2.3999969959259038,-0.5935833264897301,-0.0295613501220941,2.299997329711914,-0.5434337116154253,-0.0366375558078289,-22.482168214890606,0.0
163,4.075,1.7576005431185198e+18,0.133404020729059,1.11606959246304,1.9812752407816625,-0.09196564804578375,-1.1041281079903749,0.0865294236954285,1.6285695288727216,-0.019212239563443097,-0.0106147481128573,2.599996328353882,-0.6187210875722193,2.4999966621398926,-0.5586992383785407,-0.0242930632084608,2.3999969959259038,-0.5008638242604802,-0.0295613501220941,2.3999969959259038,-0.5458545060947726,-0.0295613501220941,2.3999969959259038,-0.5935833264897301,-0.0295613501220941,-23.102566776336385,0.0
164,4.1000000000000005,1.7576005431435197e+18,0.1557907289474629,1.0591072348229296,2.0204694330691235,-0.09180460462184557,-1.1021036581019588,0.08186865110436585,1.6561914548778258,-0.01987592097622279,-0.0106147481128573,2.599996328353882,-0.5795268952847583,2.599996328353882,-0.6187210875722193,-0.0106147481128573,2.4999966621398926,-0.5586992383785407,-0.0242930632084608,2.3999969959259038,-0.5008638242604802,-0.0295613501220941,2.3999969959259038,-0.5458545060947726,-0.0295613501220941,-23.68378240444232,0.0
165,4.125,1.7576005431685197e+18,0.1805009558794896,1.0103959885910467,2.060791649619811,-0.08139422280546652,-1.1000495730248265,0.07401966028392577,1.735612169897956,-0.022632522846135126,-0.0228674970567226,2.699995517730713,-0.639203868110902,2.599996328353882,-0.5795268952847583,-0.0106147481128573,2.599996328353882,-0.6187210875722193,-0.0106147481128573,2.4999966621398926,-0.5586992383785407,-0.0242930632084608,2.3999969959259038,-0.5008638242604802,-0.0295613501220941,-24.324698261907873,0.0
166,4.15,1.7576005431935196e+18,0.2064547281613782,0.9588763108273012,2.104109778961441,-0.06471738564805818,-1.0975898407106714,0.06778179727252791,1.8491037540235749,-0.02657963100847486,-0.0228674970567226,2.699995517730713,-0.595885738769272,2.699995517730713,-0.639203868110902,-0.0228674970567226,2.599996328353882,-0.5795268952847583,-0.0106147481128573,2.599996328353882,-0.6187210875722193,-0.0106147481128573,2.4999966621398926,-0.5586992383785407,-0.0242930632084608,-24.922336757839304,0.0
167,4.175,1.7576005432185198e+18,0.221736970009192,0.9272145728642284,2.1515696835000657,-0.046590428109414356,-1.0969523446626543,0.06663567071492559,1.9679536920843044,-0.03033096708683307,-0.0360132604837417,2.799994707107544,-0.6484250236074782,2.699995517730713,-0.595885738769272,-0.0228674970567226,2.699995517730713,-0.639203868110902,-0.0228674970567226,2.599996328353882,-0.5795268952847583,-0.0106147481128573,2.599996328353882,-0.6187210875722193,-0.0106147481128573,-25.572572845153513,0.0
168,4.2,1.7576005432435197e+18,0.255097451194187,0.8654986466343164,2.2030891009415017,-0.03134981755411294,-1.0998673477890182,0.07134977874789206,2.0599693354326587,-0.03250248391611284,-0.0360132604837417,2.799994707107544,-0.5969056061660423,2.799994707107544,-0.6484250236074782,-0.0360132604837417,2.699995517730713,-0.595885738769272,-0.0228674970567226,2.699995517730713,-0.639203868110902,-0.0228674970567226,2.599996328353882,-0.5795268952847583,-0.0106147481128573,-26.17135871350833,0.0
169,4.2250000000000005,1.7576005432685197e+18,0.2758230376563517,0.8248465758641634,2.2572746378109603,-0.021737135740069108,-1.0988808323084789,0.07981814126395717,2.098531170985272,-0.03222999180890702,-0.0350993536412715,2.899993896484375,-0.6427192586734147,2.799994707107544,-0.5969056061660423,-0.0360132604837417,2.799994707107544,-0.6484250236074782,-0.0360132604837417,2.699995517730713,-0.595885738769272,-0.0228674970567226,2.699995517730713,-0.639203868110902,-0.0228674970567226,-26.816027248198527,0.0
170,4.25,1.75760054329352e+18,0.299183876849197,0.773919753283288,2.311819238144781,-0.018321533903258126,-1.096855064254182,0.088127246449901,2.0704217503734736,-0.029524933530608928,-0.0350993536412715,2.899993896484375,-0.5881746583395939,2.899993896484375,-0.6427192586734147,-0.0350993536412715,2.799994707107544,-0.5969056061660423,-0.0360132604837417,2.799994707107544,-0.6484250236074782,-0.0360132604837417,2.699995517730713,-0.595885738769272,-0.0228674970567226,-27.406208651658716,0.0
171,4.275,1.7576005433185198e+18,0.3260776525175775,0.7208536999358852,2.364226018526313,-0.019710105266605313,-1.095142604628427,0.09226471068451116,1.979949167371598,-0.02532941749442216,-0.0286685153841972,2.999992847442627,-0.6357668289163141,2.899993896484375,-0.5881746583395939,-0.0350993536412715,2.899993896484375,-0.6427192586734147,-0.0350993536412715,2.799994707107544,-0.5969056061660423,-0.0360132604837417,2.799994707107544,-0.6484250236074782,-0.0360132604837417,-28.044020409169292,0.0
172,4.300000000000001,1.7576005433435197e+18,0.3560513720910405,0.6557085485223775,2.4125890565687826,-0.02350139746737858,-1.092267110616068,0.08972265217124337,1.8480502420967089,-0.021231440711518442,-0.0286685153841972,2.999992847442627,-0.5874037908738443,2.999992847442627,-0.6357668289163141,-0.0286685153841972,2.899993896484375,-0.5881746583395939,-0.0350993536412715,2.899993896484375,-0.6427192586734147,-0.0350993536412715,2.799994707107544,-0.5969056061660423,-0.0360132604837417,-28.633486063685,0.0
173,4.325,1.7576005433685197e+18,0.3838013247921132,0.6018491000160422,2.45617006540853,-0.027568297684506218,-1.0911099429366535,0.08046527281545154,1.7066816099434572,-0.018922305447479706,-0.0012860549613833,3.099990129470825,-0.6438200640622953,2.999992847442627,-0.5874037908738443,-0.0286685153841972,2.999992847442627,-0.6357668289163141,-0.0286685153841972,2.899993896484375,-0.5881746583395939,-0.0350993536412715,2.899993896484375,-0.6427192586734147,-0.0350993536412715,-29.279367154486557,0.0
174,4.3500000000000005,1.7576005433935196e+18,0.4253074900477678,0.5255117124253375,2.495593282959681,-0.031051280223289564,-1.0884015480898341,0.06702285765621757,1.5902890737653606,-0.019593361589355634,-0.0012860549613833,3.099990129470825,-0.6043968465111442,3.099990129470825,-0.6438200640622953,-0.0012860549613833,2.999992847442627,-0.5874037908738443,-0.0286685153841972,2.999992847442627,-0.6357668289163141,-0.0286685153841972,2.899993896484375,-0.5881746583395939,-0.0350993536412715,-29.88581237977159,0.0
175,4.375,1.7576005434185198e+18,0.4491009498771809,0.4789639810085779,2.53259355701126,-0.03455831035676202,-1.0863099019282756,0.05368588055512913,1.5269573134117094,-0.02352419972652044,-0.0299958400428295,3.1999876499176025,-0.6673940929063424,3.099990129470825,-0.6043968465111442,-0.0012860549613833,3.099990129470825,-0.6438200640622953,-0.0012860549613833,2.999992847442627,-0.5874037908738443,-0.0286685153841972,2.999992847442627,-0.6357668289163141,-0.0286685153841972,-30.555234397184915,0.0
176,4.4,1.7576005434435197e+18,0.479816442958398,0.4181256352694458,2.5694038768457346,-0.03948229646218614,-1.086148370119694,0.04499256533019376,1.5317374278645228,-0.030045055731345405,-0.0299958400428295,3.1999876499176025,-0.630583773071868,3.1999876499176025,-0.6673940929063424,-0.0299958400428295,3.099990129470825,-0.6043968465111442,-0.0012860549613833,3.099990129470825,-0.6438200640622953,-0.0012860549613833,2.999992847442627,-0.5874037908738443,-0.0286685153841972,-31.18781660829756,0.0
177,4.425000000000001,1.7576005434685197e+18,0.503082128225298,0.3735242493820772,2.6080457602845626,-0.046848494740400176,-1.0849940509742009,0.04398056329797208,1.6037532746194814,-0.037869001563601866,-0.0525345914065837,3.299983501434326,-0.6919377411497636,3.1999876499176025,-0.630583773071868,-0.0299958400428295,3.1999876499176025,-0.6673940929063424,-0.0299958400428295,3.099990129470825,-0.6043968465111442,-0.0012860549613833,3.099990129470825,-0.6438200640622953,-0.0012860549613833,-31.881708435310948,0.0
178,4.45,1.75760054349352e+18,0.5560638156526014,0.2637615435368157,2.6498561699997127,-0.05637885106431727,-1.0820342051249099,0.05086192600528507,1.7274134924398494,-0.045597778298041555,-0.0525345914065837,3.299983501434326,-0.6501273314346134,3.299983501434326,-0.6919377411497636,-0.0525345914065837,3.1999876499176025,-0.630583773071868,-0.0299958400428295,3.1999876499176025,-0.6673940929063424,-0.0299958400428295,3.099990129470825,-0.6043968465111442,-0.0012860549613833,-32.53372529072028,0.0
179,4.4750000000000005,1.7576005435185198e+18,0.5744096680723265,0.2240881723105392,2.6954126990956477,-0.06631018430768736,-1.0824631952739565,0.06270212908690255,1.8769008340071667,-0.052137981104904675,-0.0514144487679004,3.3999786376953125,-0.7045659385996648,3.299983501434326,-0.6501273314346134,-0.0525345914065837,3.299983501434326,-0.6919377411497636,-0.0525345914065837,3.1999876499176025,-0.630583773071868,-0.0299958400428295,3.1999876499176025,-0.6673940929063424,-0.0299958400428295,-33.24009816887128,0.0
180,4.5,1.7576005435435197e+18,0.6143338175943667,0.148465223333974,2.7447095611091514,-0.07403206861677422,-1.0808041647894016,0.07429860479885578,2.0224256688274402,-0.05685337333856412,-0.0514144487679004,3.3999786376953125,-0.6552690765861611,3.3999786376953125,-0.7045659385996648,-0.0514144487679004,3.299983501434326,-0.6501273314346134,-0.0525345914065837,3.299983501434326,-0.6919377411497636,-0.0525345914065837,3.1999876499176025,-0.630583773071868,-0.0299958400428295,-33.897087771993384,0.0
181,4.525,1.7576005435685197e+18,0.6756267956327049,0.0285372102522101,2.7972950439243744,-0.07715567813680083,-1.074680393204703,0.07990895147072224,2.136600588368283,-0.05944839905138957,-0.0565994903445243,3.49996280670166,-0.7026677627772857,3.3999786376953125,-0.6552690765861611,-0.0514144487679004,3.3999786376953125,-0.7045659385996648,-0.0514144487679004,3.299983501434326,-0.6501273314346134,-0.0525345914065837,3.299983501434326,-0.6919377411497636,-0.0525345914065837,-34.60141008803521,0.0
182,4.550000000000001,1.7576005435935196e+18,0.6893569660818963,0.002578125823708,2.8522493673630493,-0.07446658998867625,-1.0736890819700757,0.07507642588037886,2.1995756122866625,-0.05971712249577431,-0.0565994903445243,3.49996280670166,-0.6477134393386108,3.49996280670166,-0.7026677627772857,-0.0565994903445243,3.3999786376953125,-0.6552690765861611,-0.0514144487679004,3.3999786376953125,-0.7045659385996648,-0.0514144487679004,3.299983501434326,-0.6501273314346134,-0.0525345914065837,-35.25075814121046,0.0
183,4.575,1.7576005436185198e+18,0.7134010268256241,-0.0428810187047716,2.9081525008592033,-0.06637048314087242,-1.0719531131684397,0.05781063733022823,2.20205200752597,-0.05733389594049029,-0.0507779493927955,3.5998661518096924,-0.6917136509504891,3.49996280670166,-0.6477134393386108,-0.0565994903445243,3.49996280670166,-0.7026677627772857,-0.0565994903445243,3.3999786376953125,-0.6552690765861611,-0.0514144487679004,3.3999786376953125,-0.7045659385996648,-0.0514144487679004,-35.94414769716921,0.0
184,4.6000000000000005,1.7576005436435197e+18,0.7560744462042202,-0.1207129622993095,2.9632587000853876,-0.05473605370265035,-1.0718850140943523,0.0287983310251213,2.1458161806874734,-0.051811118798939876,-0.0507779493927955,3.5998661518096924,-0.6366074517243048,3.5998661518096924,-0.6917136509504891,-0.0507779493927955,3.49996280670166,-0.6477134393386108,-0.0565994903445243,3.49996280670166,-0.7026677627772857,-0.0565994903445243,3.3999786376953125,-0.6552690765861611,-0.0514144487679004,-36.58252968628831,0.0
185,4.625,1.7576005436685197e+18,0.7992588994042937,-0.2037427086518575,3.0159054228453477,-0.042287179621499006,-1.0717641538393645,-0.009131435353426,2.0419485637585995,-0.042648214998031855,-0.0482271760702133,3.699506521224976,-0.6836010983796283,3.5998661518096924,-0.6366074517243048,-0.0507779493927955,3.5998661518096924,-0.6917136509504891,-0.0507779493927955,3.49996280670166,-0.6477134393386108,-0.0565994903445243,3.49996280670166,-0.7026677627772857,-0.0565994903445243,-37.268037385739326,0.0
186,4.65,1.75760054369352e+18,0.8449711741228376,-0.2877210372584944,3.0649580293404153,-0.03180284812488195,-1.0715992012873952,-0.05170787559816818,1.9073367767535763,-0.029588910227166535,-0.0482271760702133,3.699506521224976,-0.6345484918845608,3.699506521224976,-0.6836010983796283,-0.0482271760702133,3.5998661518096924,-0.6366074517243048,-0.0507779493927955,3.5998661518096924,-0.6917136509504891,-0.0507779493927955,3.49996280670166,-0.6477134393386108,-0.0565994903445243,-37.90462183841857,0.0
187,4.675000000000001,1.7576005437185198e+18,0.8825888773811861,-0.3586115545193387,3.1100427120163068,-0.02536980835681966,-1.0791753885774025,-0.09356718088990738,1.7604776846791421,-0.012838994914558468,-0.0004813872801605,3.73594069480896,-0.6258979827926532,3.699506521224976,-0.6345484918845608,-0.0482271760702133,3.699506521224976,-0.6836010983796283,-0.0482271760702133,3.5998661518096924,-0.6366074517243048,-0.0507779493927955,3.5998661518096924,-0.6917136509504891,-0.0507779493927955,-38.53264744867443,0.0
188,4.7,1.7576005437435197e+18,0.9321697907083256,-0.4482575972404437,3.151459523757631,-0.023878655899227608,-1.079393360689955,-0.1281980517140745,1.6176627873465768,0.006879909948372386,-0.0004813872801605,3.73594069480896,-0.5844811710513289,3.73594069480896,-0.6258979827926532,-0.0004813872801605,3.699506521224976,-0.6345484918845608,-0.0482271760702133,3.699506521224976,-0.6836010983796283,-0.0482271760702133,3.5998661518096924,-0.6366074517243048,-0.0507779493927955,-39.11928951420294,0.0
189,4.7250000000000005,1.7576005437685197e+18,0.9755885881740712,-0.5386393579137292,3.189861339640621,-0.026896285425519674,-1.0813906502422175,-0.14797073235899263,1.4904204033991415,0.028458344417816066,0.0472833029925823,3.811334609985352,-0.621473270344731,3.73594069480896,-0.5844811710513289,-0.0004813872801605,3.73594069480896,-0.6258979827926532,-0.0004813872801605,3.699506521224976,-0.6345484918845608,-0.0482271760702133,3.699506521224976,-0.6836010983796283,-0.0482271760702133,-39.74289915950544,0.0
190,4.75,1.7576005437935196e+18,1.0084668269783998,-0.5997245900438302,3.2258967950862774,-0.03295860037936038,-1.0828300902992307,-0.1449099507067917,1.3845859279750135,0.05061478758936676,0.0472833029925823,3.811334609985352,-0.5854378148990746,3.811334609985352,-0.621473270344731,0.0472833029925823,3.73594069480896,-0.5844811710513289,-0.0004813872801605,3.73594069480896,-0.6258979827926532,-0.0004813872801605,3.699506521224976,-0.6345484918845608,-0.0482271760702133,-40.330410702992026,0.0
191,4.775,1.7576005438185198e+18,1.0344234171124227,-0.65268347857413,3.2599848194931638,-0.040194210038339395,-1.0848676514795215,-0.11247733114404543,1.3007865083214316,0.07207631593433024,0.0710375979542732,3.822941303253174,-0.5629564837600101,3.811334609985352,-0.5854378148990746,0.0472833029925823,3.811334609985352,-0.621473270344731,0.0472833029925823,3.73594069480896,-0.5844811710513289,-0.0004813872801605,3.73594069480896,-0.6258979827926532,-0.0004813872801605,-40.895368401711906,0.0
192,4.800000000000001,1.7576005438435197e+18,1.0668024750144527,-0.7130005405846499,3.2922713719336216,-0.04706239470124159,-1.0869925892810497,-0.04784307288787383,1.2357167269975913,0.09166871988742617,0.0710375979542732,3.822941303253174,-0.5306699313195522,3.822941303253174,-0.5629564837600101,0.0710375979542732,3.811334609985352,-0.5854378148990746,0.0472833029925823,3.811334609985352,-0.621473270344731,0.0472833029925823,3.73594069480896,-0.5844811710513289,-0.0004813872801605,-41.42798079767368,0.0
193,4.825,1.7576005438685197e+18,1.119647240337347,-0.8195139748502371,3.3227364964378743,-0.05292986892590961,-1.0899767751084979,0.046526239075824136,1.1835242280158196,0.10835176557871636,0.1256258636713028,3.78507924079895,-0.4623427443610759,3.822941303253174,-0.5306699313195522,0.0710375979542732,3.822941303253174,-0.5629564837600101,0.0710375979542732,3.811334609985352,-0.5854378148990746,0.0472833029925823,3.811334609985352,-0.621473270344731,0.0472833029925823,-41.89223142532942,0.0
194,4.8500000000000005,1.75760054389352e+18,1.171596730985382,-0.9251388652482052,3.3513904056181905,-0.05824983042849992,-1.0903619236201914,0.16308401467739406,1.136909698332011,0.12126035949025149,0.1256258636713028,3.78507924079895,-0.43368883518075974,3.78507924079895,-0.4623427443610759,0.1256258636713028,3.822941303253174,-0.5306699313195522,0.0710375979542732,3.822941303253174,-0.5629564837600101,0.0710375979542732,3.811334609985352,-0.5854378148990746,0.0472833029925823,-42.32781642472805,0.0
195,4.875,1.7576005439185198e+18,1.2037569777375738,-0.9865852088315212,3.3784372856326415,-0.0642506238104956,-1.0914079215985009,0.2914522812826886,1.0879752701289707,0.12976040497809718,0.1268666535615921,3.868034601211548,-0.4895973155789064,3.78507924079895,-0.43368883518075974,0.1256258636713028,3.78507924079895,-0.4623427443610759,0.1256258636713028,3.822941303253174,-0.5306699313195522,0.0710375979542732,3.822941303253174,-0.5629564837600101,0.0710375979542732,-42.819319323694145,0.0
196,4.9,1.7576005439435197e+18,1.2523267191355894,-1.080450805786177,3.404235893084738,-0.07226739433653367,-1.079583879887685,0.4217211204572861,1.0291463868288813,0.13347937278721667,0.1268666535615921,3.868034601211548,-0.4637987081268098,3.868034601211548,-0.4895973155789064,0.1268666535615921,3.78507924079895,-0.43368883518075974,0.1256258636713028,3.78507924079895,-0.4623427443610759,0.1256258636713028,3.822941303253174,-0.5306699313195522,0.0710375979542732,-43.28506597986314,0.0
197,4.925000000000001,1.7576005439685197e+18,1.2934575523518714,-1.161162274653276,3.429006000768501,-0.08305869850125291,-1.0649525494703227,0.5471502177911862,0.9544433937624399,0.13228757128135174,0.1333188116550445,3.8800647258758554,-0.45105872510735434,3.868034601211548,-0.4637987081268098,0.1268666535615921,3.868034601211548,-0.4895973155789064,0.1268666535615921,3.78507924079895,-0.43368883518075974,0.1256258636713028,3.78507924079895,-0.4623427443610759,0.1256258636713028,-43.73817925218214,0.0
198,4.95,1.7576005439935196e+18,1.326634283375589,-1.2251389517536757,3.4524856248012257,-0.09649484985669234,-1.0568475098147787,0.6650193029965733,0.8610050689712977,0.1262497963033899,0.1333188116550445,3.8800647258758554,-0.4275791010746297,3.8800647258758554,-0.45105872510735434,0.1333188116550445,3.868034601211548,-0.4637987081268098,0.1268666535615921,3.868034601211548,-0.4895973155789064,0.1268666535615921,3.78507924079895,-0.43368883518075974,0.1256258636713028,-44.16802432798981,0.0
199,4.9750000000000005,1.7576005440185198e+18,1.3721345162560905,-1.3138858126478683,3.473859213120373,-0.11181935125092561,-1.038497570497396,0.775516919824492,0.7503095288974212,0.11557565591332444,0.1103211417794227,3.8598883152008057,-0.38602910208043273,3.8800647258758554,-0.4275791010746297,0.1333188116550445,3.8800647258758554,-0.45105872510735434,0.1333188116550445,3.868034601211548,-0.4637987081268098,0.1268666535615921,3.868034601211548,-0.4895973155789064,0.1268666535615921,-44.55665894152803,0.0
200,5.0,1.7576005440435197e+18,1.4384172659250138,-1.4326091818481994,3.4920863440372663,-0.12835311701727037,-1.01098298302382,0.8795621198299688,0.6283320752788639,0.10057677133076642,0.1103211417794227,3.8598883152008057,-0.3678019711635394,3.8598883152008057,-0.38602910208043273,0.1103211417794227,3.8800647258758554,-0.4275791010746297,0.1333188116550445,3.8800647258758554,-0.45105872510735434,0.1333188116550445,3.868034601211548,-0.4637987081268098,0.1268666535615921,-44.92750610297301,0.0
201,5.025,1.7576005440685197e+18,1.4744933880180977,-1.4979077271600176,3.506435120095286,-0.14621664443372456,-0.9974282392468835,0.9766873274018748,0.5041346088337594,0.0816365398363503,0.0616453066468238,3.7877371311187744,-0.2813020110234885,3.8598883152008057,-0.3678019711635394,0.1103211417794227,3.8598883152008057,-0.38602910208043273,0.1103211417794227,3.8800647258758554,-0.4275791010746297,0.1333188116550445,3.8800647258758554,-0.45105872510735434,0.1333188116550445,-45.21228888396815,0.0
202,5.050000000000001,1.75760054409352e+18,1.5239425376710876,-1.5673632194350016,3.5168654811294484,-0.16657818989426715,-0.9617966612685843,1.0636738771933905,0.38703055810803977,0.05921922952547207,0.0616453066468238,3.7877371311187744,-0.270871649989326,3.7877371311187744,-0.2813020110234885,0.0616453066468238,3.8598883152008057,-0.3678019711635394,0.1103211417794227,3.8598883152008057,-0.38602910208043273,0.1103211417794227,3.8800647258758554,-0.4275791010746297,0.1333188116550445,-45.4868947410284,0.0
203,5.075,1.7576005441185198e+18,1.559683859494569,-1.6281190873572635,3.524024437332087,-0.19118103432360653,-0.9436261750554078,1.13410170227023,0.28318913381251715,0.03394616494743737,0.0354417338967323,3.717679500579834,-0.19365506324774717,3.7877371311187744,-0.270871649989326,0.0616453066468238,3.7877371311187744,-0.2813020110234885,0.0616453066468238,3.8598883152008057,-0.3678019711635394,0.1103211417794227,3.8598883152008057,-0.38602910208043273,0.1103211417794227,-45.68414784394638,0.0
204,5.1000000000000005,1.7576005441435197e+18,1.616563941987932,-1.7185490892322006,3.5288735764723413,-0.22132283725584478,-0.9093676854307912,1.1787812041079493,0.19293959860342455,0.006714157932365231,0.0354417338967323,3.717679500579834,-0.18880592410749264,3.717679500579834,-0.19365506324774717,0.0354417338967323,3.7877371311187744,-0.270871649989326,0.0616453066468238,3.7877371311187744,-0.2813020110234885,0.0616453066468238,3.8598883152008057,-0.3678019711635394,0.1103211417794227,-45.87587715698899,0.0
205,5.125,1.7576005441685197e+18,1.645659146781295,-1.7657260562795174,3.532172381708885,-0.2567570462204535,-0.8864940648500471,1.187096635323081,0.10988004557130968,-0.021237535381174143,-0.0399744138121604,3.638742446899414,-0.10657006519052903,3.717679500579834,-0.18880592410749264,0.0354417338967323,3.717679500579834,-0.19365506324774717,0.0354417338967323,3.7877371311187744,-0.270871649989326,0.0616453066468238,3.7877371311187744,-0.2813020110234885,0.0616453066468238,-45.98417986771308,0.0
206,5.15,1.7576005441935196e+18,1.719337581342851,-1.8570535535345785,3.5340857405529693,-0.29498693290189454,-0.8460898678753495,1.1492221251429602,0.0222485707307936,-0.04840112140802208,-0.0399744138121604,3.638742446899414,-0.10465670634644475,3.638742446899414,-0.10657006519052903,-0.0399744138121604,3.717679500579834,-0.18880592410749264,0.0354417338967323,3.717679500579834,-0.19365506324774717,0.0354417338967323,3.7877371311187744,-0.270871649989326,0.0616453066468238,-46.08915253001248,0.0
207,5.175000000000001,1.7576005442185198e+18,1.772418194246789,-1.9272497019770396,3.5340861312973875,-0.33122723398990794,-0.8174604396753307,1.058800608039886,-0.08381524231632487,-0.07319521552554953,-0.0990488976240158,3.5570218563079834,-0.02293572501059593,3.638742446899414,-0.10465670634644475,-0.0399744138121604,3.638742446899414,-0.10657006519052903,-0.0399744138121604,3.717679500579834,-0.18880592410749264,0.0354417338967323,3.717679500579834,-0.19365506324774717,0.0354417338967323,-46.11134693477976,0.0
208,5.2,1.7576005442435197e+18,1.855309410384344,-2.0196204771871025,3.5311553637826254,-0.35909359791248907,-0.7826245042556351,0.9152811036967549,-0.22013462029075667,-0.09413834791385933,-0.0990488976240158,3.5570218563079834,-0.025866492525357998,3.5570218563079834,-0.02293572501059593,-0.0990488976240158,3.638742446899414,-0.10465670634644475,-0.0399744138121604,3.638742446899414,-0.10657006519052903,-0.0399744138121604,3.717679500579834,-0.18880592410749264,0.0354417338967323,-46.136568921101635,0.0
209,5.2250000000000005,1.7576005442685197e+18,1.900793104410606,-2.07441009458762,3.5241416339942755,-0.3719116624670119,-0.7595562952919324,0.7250958289892758,-0.392723431109759,-0.10985171943089937,-0.1020407527685165,3.46062445640564,0.0635171775886354,3.5570218563079834,-0.025866492525357998,-0.0990488976240158,3.5570218563079834,-0.02293572501059593,-0.0990488976240158,3.638742446899414,-0.10465670634644475,-0.0399744138121604,3.638742446899414,-0.10657006519052903,-0.0399744138121604,-45.9744521869753,0.0
210,5.25,1.75760054429352e+18,1.9824215761038892,-2.1597301688532364,3.512079078423259,-0.3644172525297966,-0.7427132652052608,0.5012500841862756,-0.5994057203177093,-0.11888433467758568,-0.1020407527685165,3.46062445640564,0.051454622017618856,3.46062445640564,0.0635171775886354,-0.1020407527685165,3.5570218563079834,-0.025866492525357998,-0.0990488976240158,3.5570218563079834,-0.02293572501059593,-0.0990488976240158,3.638742446899414,-0.10465670634644475,-0.0399744138121604,-45.82889404838402,0.0
211,5.275,1.7576005443185198e+18,2.0346125261358963,-2.215016947083638,3.494358948194822,-0.334518196416282,-0.7246155097119359,0.2613572496196617,-0.8293883210641514,-0.11954445438530946,-0.102876603603363,3.365969657897949,0.12838929029687263,3.46062445640564,0.051454622017618856,-0.1020407527685165,3.46062445640564,0.0635171775886354,-0.1020407527685165,3.5570218563079834,-0.025866492525357998,-0.0990488976240158,3.5570218563079834,-0.02293572501059593,-0.0990488976240158,-45.61329407020847,0.0
212,5.300000000000001,1.7576005443435197e+18,2.088970254049488,-2.2646080768828707,3.4707681613892514,-0.28463976628884785,-0.727041550226431,0.024484844237041312,-1.064846410175188,-0.10999923106014686,-0.102876603603363,3.365969657897949,0.10479850349130215,3.365969657897949,0.12838929029687263,-0.102876603603363,3.46062445640564,0.051454622017618856,-0.1020407527685165,3.46062445640564,0.0635171775886354,-0.1020407527685165,3.5570218563079834,-0.025866492525357998,-0.0990488976240158,-45.429857276761815,0.0
213,5.325,1.7576005443685197e+18,2.1615704215769704,-2.333968052295719,3.4414709848428147,-0.22202718144339517,-0.7110385273632088,-0.1924898254350958,-1.2841885587554265,-0.08877403411049023,-0.102876603603363,3.365969657897949,0.07550132694486544,3.365969657897949,0.10479850349130215,-0.102876603603363,3.365969657897949,0.12838929029687263,-0.102876603603363,3.46062445640564,0.051454622017618856,-0.1020407527685165,3.46062445640564,0.0635171775886354,-0.1020407527685165,-45.284751064620814,0.0
214,5.3500000000000005,1.7576005443935196e+18,2.266337889393278,-2.425977236041874,3.406995076926352,-0.15747830485507952,-0.7313715173857609,-0.3779249839421933,-1.4664007610471104,-0.05550340120196222,-0.1055701524019241,3.2729549407958984,0.13404013613045374,3.365969657897949,0.07550132694486544,-0.102876603603363,3.365969657897949,0.10479850349130215,-0.102876603603363,3.365969657897949,0.12838929029687263,-0.102876603603363,3.46062445640564,0.051454622017618856,-0.1020407527685165,-45.08929983147672,0.0
215,5.375,1.7576005444185198e+18,2.3143996010701797,-2.468892930853423,3.3682421729125878,-0.10251333118325752,-0.7303773028058994,-0.5266014799037684,-1.595672386875944,-0.011550018349140666,0.0174619704484939,3.1742889881134038,0.193953184799184,3.2729549407958984,0.13404013613045374,-0.1055701524019241,3.365969657897949,0.07550132694486544,-0.102876603603363,3.365969657897949,0.10479850349130215,-0.102876603603363,3.365969657897949,0.12838929029687263,-0.102876603603363,-44.74041744391131,0.0
216,5.4,1.7576005444435197e+18,2.3939682882882227,-2.547005468430408,3.32649036041279,-0.0657719014959715,-0.76788994738383,-0.6382329148631443,-1.6653479250492902,0.039889289430694364,0.0174619704484939,3.1742889881134038,0.15220137229938624,3.1742889881134038,0.193953184799184,0.0174619704484939,3.2729549407958984,0.13404013613045374,-0.1055701524019241,3.365969657897949,0.07550132694486544,-0.102876603603363,3.365969657897949,0.10479850349130215,-0.102876603603363,-44.437960588270904,0.0
217,5.425000000000001,1.7576005444685197e+18,2.4377024410682067,-2.585911694031356,3.2833071755157084,-0.0499973972614401,-0.7746954615699444,-0.7135914293470131,-1.6801830825207338,0.09430935698583559,0.1333483010530471,3.0747458934783936,0.20856128203731483,3.1742889881134038,0.15220137229938624,0.0174619704484939,3.1742889881134038,0.193953184799184,0.0174619704484939,3.2729549407958984,0.13404013613045374,-0.1055701524019241,3.365969657897949,0.07550132694486544,-0.102876603603363,-43.982714633497785,0.0
218,5.45,1.75760054449352e+18,2.531255933207407,-2.6860056738378235,3.2403013924180497,-0.05095274578305583,-0.8093171082336994,-0.7498655413008555,-1.6560430438264155,0.14684396194700491,0.1333483010530471,3.0747458934783936,0.16555549893965615,3.0747458934783936,0.20856128203731483,0.1333483010530471,3.1742889881134038,0.15220137229938624,0.0174619704484939,3.1742889881134038,0.193953184799184,0.0174619704484939,3.2729549407958984,0.13404013613045374,-0.1055701524019241,-43.57422782364495,0.0
219,5.4750000000000005,1.7576005445185198e+18,2.554270041038928,-2.7246156094402534,3.198725794303625,-0.05895535103144385,-0.8201694393564424,-0.7376602650830387,-1.6166756550839096,0.1932569896754139,0.2114594429731369,2.9747462272644043,0.22397956703922084,3.0747458934783936,0.16555549893965615,0.1333483010530471,3.0747458934783936,0.20856128203731483,0.1333483010530471,3.1742889881134038,0.15220137229938624,0.0174619704484939,3.1742889881134038,0.193953184799184,0.0174619704484939,-43.01290339361219,0.0
220,5.5,1.7576005445435197e+18,2.631206273490806,-2.8092911783900485,3.1590596675505385,-0.06264848053135888,-0.843101286018988,-0.6617278173118064,-1.587998307023188,0.2306597438666447,0.2114594429731369,2.9747462272644043,0.18431344028613417,2.9747462272644043,0.22397956703922084,0.2114594429731369,3.0747458934783936,0.16555549893965615,0.1333483010530471,3.0747458934783936,0.20856128203731483,0.1333483010530471,3.1742889881134038,0.15220137229938624,0.0174619704484939,-42.500646726257635,0.0
221,5.525,1.7576005445685197e+18,2.678775819524666,-2.867870179412839,3.120775522324405,-0.053589267836693974,-0.8575158546005476,-0.5059986716678995,-1.5912354210262298,0.2578212303874672,0.2687421143054962,2.874746322631836,0.2460291996925692,2.9747462272644043,0.18431344028613417,0.2114594429731369,2.9747462272644043,0.22397956703922084,0.2114594429731369,3.0747458934783936,0.16555549893965615,0.1333483010530471,3.0747458934783936,0.20856128203731483,0.1333483010530471,-41.84226276305173,0.0
222,5.550000000000001,1.7576005445935196e+18,2.7400712476415,-2.9339961641678363,3.0824635170474015,-0.029763209377444196,-0.8774726856390689,-0.2613403468599995,-1.6368747959679242,0.27510697398539563,0.2687421143054962,2.874746322631836,0.20771719441556558,2.874746322631836,0.2460291996925692,0.2687421143054962,2.9747462272644043,0.18431344028613417,0.2114594429731369,2.9747462272644043,0.22397956703922084,0.2114594429731369,3.0747458934783936,0.16555549893965615,0.1333483010530471,-41.246574330746846,0.0
223,5.575,1.7576005446185198e+18,2.7797925504215715,-2.978676795334253,3.0423300934042548,0.0034556889605311413,-0.8795909038289285,0.06722298807168055,-1.7214344220818227,0.28416176669429927,0.2861133813858032,2.7747461795806885,0.2675839138235663,2.874746322631836,0.20771719441556558,0.2687421143054962,2.874746322631836,0.2460291996925692,0.2687421143054962,2.9747462272644043,0.18431344028613417,0.2114594429731369,2.9747462272644043,0.22397956703922084,0.2114594429731369,-40.52645429850751,0.0
224,5.6000000000000005,1.7576005446435197e+18,2.844180162350845,-3.0524585048935657,2.998879719684125,0.03525183701013815,-0.8957149500982495,0.45733036967778185,-1.8283073842739324,0.2874560878807629,0.2861133813858032,2.7747461795806885,0.22413354010343634,2.7747461795806885,0.2675839138235663,0.2861133813858032,2.874746322631836,0.20771719441556558,0.2687421143054962,2.874746322631836,0.2460291996925692,0.2687421143054962,2.9747462272644043,0.18431344028613417,0.2114594429731369,-39.897262299181655,0.0
225,5.625,1.7576005446685197e+18,2.8972219544191167,-3.1140182970104675,2.9514787950822363,0.053307484433702285,-0.8782537415068732,0.8721456486199026,-1.932651217986423,0.28779312708522164,0.2867253422737121,2.67474627494812,0.2767325201341162,2.7747461795806885,0.22413354010343634,0.2861133813858032,2.7747461795806885,0.2675839138235663,0.2861133813858032,2.874746322631836,0.20771719441556558,0.2687421143054962,2.874746322631836,0.2460291996925692,0.2687421143054962,-39.17392013724011,0.0
226,5.65,1.75760054469352e+18,2.977727554613101,-3.212482549799393,2.900581701045808,0.04806467797471998,-0.8816203553581585,1.2686972607640086,-2.0088523889645953,0.28785129976293883,0.2867253422737121,2.67474627494812,0.2258354260976878,2.67474627494812,0.2767325201341162,0.2867253422737121,2.7747461795806885,0.22413354010343634,0.2861133813858032,2.7747461795806885,0.2675839138235663,0.2861133813858032,2.874746322631836,0.20771719441556558,0.2687421143054962,-38.567555079821695,0.0
227,5.675000000000001,1.7576005447185198e+18,2.9871525545791533,-3.225090062714745,2.8475987178194453,0.015691661521340473,-0.8273407696558375,1.6086771201333276,-2.038072969942943,0.289817093430528,0.2919267416000366,2.574746608734131,0.27285210908531443,2.67474627494812,0.2258354260976878,0.2867253422737121,2.67474627494812,0.2767325201341162,0.2867253422737121,2.7747461795806885,0.22413354010343634,0.2861133813858032,2.7747461795806885,0.2675839138235663,0.2861133813858032,-37.88285812549047,0.0
228,5.7,1.7576005447435197e+18,3.036644259306589,-3.287523575810144,2.7945302677884976,-0.041188074744887025,-0.8071891068875813,1.8675414856465908,-2.013205231773265,0.2951416642713211,0.2919267416000366,2.574746608734131,0.2197836590543667,2.574746608734131,0.27285210908531443,0.2919267416000366,2.67474627494812,0.2258354260976878,0.2867253422737121,2.67474627494812,0.2767325201341162,0.2867253422737121,2.7747461795806885,0.22413354010343634,0.2861133813858032,-37.316999000476734,0.0
229,5.7250000000000005,1.7576005447685197e+18,3.0728177029141843,-3.330790397518797,2.743494064109013,-0.1150257430828882,-0.7274270285280234,2.0386579524164032,-1.9393616352432823,0.3044345605793699,0.3080766797065735,2.474966526031494,0.2685275380775187,2.574746608734131,0.2197836590543667,0.2919267416000366,2.574746608734131,0.27285210908531443,0.2919267416000366,2.67474627494812,0.2258354260976878,0.2867253422737121,2.67474627494812,0.2767325201341162,0.2867253422737121,-36.66062035133808,0.0
230,5.75,1.7576005447935196e+18,3.155012580323128,-3.4082639372875176,2.6962242338527735,-0.19632293670405512,-0.6375223053093783,2.1317095498166565,-1.82959933193905,0.31749315204259176,0.3080766797065735,2.474966526031494,0.2212577078212794,2.474966526031494,0.2685275380775187,0.3080766797065735,2.574746608734131,0.2197836590543667,0.2919267416000366,2.574746608734131,0.27285210908531443,0.2919267416000366,2.67474627494812,0.2258354260976878,0.2867253422737121,-36.09955192510539,0.0
231,5.775,1.7576005448185198e+18,3.179265632877946,-3.426516038825393,2.6536568393889306,-0.2767774919951478,-0.6057421621946532,2.1670090110190827,-1.6974049804216944,0.33345426667098277,0.3436881601810455,2.4668188095092773,0.18683802987965326,2.474966526031494,0.2212577078212794,0.3080766797065735,2.474966526031494,0.2685275380775187,0.3080766797065735,2.574746608734131,0.2197836590543667,0.2919267416000366,2.574746608734131,0.27285210908531443,0.2919267416000366,-35.51057969318456,0.0
232,5.800000000000001,1.7576005448435197e+18,3.230953464005565,-3.473383274682563,2.615796745738472,-0.35144457177441013,-0.5506826234782952,2.168456489680247,-1.5488817692516403,0.35103795350237266,0.3436881601810455,2.4668188095092773,0.14897793622919453,2.4668188095092773,0.18683802987965326,0.3436881601810455,2.474966526031494,0.2212577078212794,0.3080766797065735,2.474966526031494,0.2685275380775187,0.3080766797065735,2.574746608734131,0.2197836590543667,0.2919267416000366,-34.98880752721775,0.0
233,5.825,1.7576005448685197e+18,3.285987882099936,-3.522201000909863,2.5820221968294637,-0.41937832026216826,-0.4925793621432791,2.157524182907601,-1.3779882370607355,0.3688325555452689,0.3775925040245056,2.5599191188812256,0.02210307794823807,2.4668188095092773,0.14897793622919453,0.3436881601810455,2.4668188095092773,0.18683802987965326,0.3436881601810455,2.474966526031494,0.2212577078212794,0.3080766797065735,2.474966526031494,0.2685275380775187,0.3080766797065735,-34.51837826520149,0.0
234,5.8500000000000005,1.75760054489352e+18,3.387005577141858,-3.594545937704216,2.551779489803617,-0.48290611850155374,-0.4065626452624818,2.149584401838188,-1.167285935727694,0.3855578496048691,0.3775925040245056,2.5599191188812256,-0.008139629077608568,2.5599191188812256,0.02210307794823807,0.3775925040245056,2.4668188095092773,0.14897793622919453,0.3436881601810455,2.4668188095092773,0.18683802987965326,0.3436881601810455,2.474966526031494,0.2212577078212794,0.3080766797065735,-34.10173498203128,0.0
235,5.875,1.7576005449185198e+18,3.4099365231084247,-3.609036226860225,2.525383215752346,-0.5460127176391608,-0.38249044067648297,2.1527521727270424,-0.8946476929491798,0.40024879556772763,0.4094380140304565,2.653860330581665,-0.12847711482931912,2.5599191188812256,-0.008139629077608568,0.3775925040245056,2.5599191188812256,0.02210307794823807,0.3775925040245056,2.4668188095092773,0.14897793622919453,0.3436881601810455,2.4668188095092773,0.18683802987965326,0.3436881601810455,-33.73160918372217,0.0
236,5.9,1.7576005449435197e+18,3.487126301917838,-3.639824644146489,2.50451536227785,-0.6122913152881483,-0.30044739529401543,2.168604604907012,-0.5439368227938971,0.4123221932298681,0.4094380140304565,2.653860330581665,-0.14934496830381505,2.653860330581665,-0.12847711482931912,0.4094380140304565,2.5599191188812256,-0.008139629077608568,0.3775925040245056,2.5599191188812256,0.02210307794823807,0.3775925040245056,2.4668188095092773,0.14897793622919453,0.3436881601810455,-33.413692129414,0.0
237,5.925000000000001,1.7576005449685197e+18,3.5217636356762934,-3.657857240287227,2.4920832829578994,-0.6829314786298704,-0.2651983810888824,2.1939165042720212,-0.11574756258109507,0.4215143123533653,0.4243088364601135,2.7537355422973637,-0.26165225933946434,2.653860330581665,-0.14934496830381505,0.4094380140304565,2.653860330581665,-0.12847711482931912,0.4094380140304565,2.5599191188812256,-0.008139629077608568,0.3775925040245056,2.5599191188812256,0.02210307794823807,0.3775925040245056,-33.14569305796244,0.0
238,5.95,1.7576005449935196e+18,3.605045024861579,-3.701214493697394,2.491363485419793,-0.755406750748417,-0.18044627831772975,2.2228014429726706,0.36624156481098397,0.4277089207850593,0.4243088364601135,2.7537355422973637,-0.2623720568775707,2.7537355422973637,-0.26165225933946434,0.4243088364601135,2.653860330581665,-0.14934496830381505,0.4094380140304565,2.653860330581665,-0.12847711482931912,0.4094380140304565,2.5599191188812256,-0.008139629077608568,0.3775925040245056,-32.92191528886495,0.0
239,5.9750000000000005,1.7576005450185198e+18,3.6447137532438334,-3.726222113928085,2.504729424727985,-0.8235298345036586,-0.14595918664009463,2.2489477396230373,0.8565374326896842,0.4307100330298279,0.4282006621360779,2.853690385818481,-0.348960961090496,2.7537355422973637,-0.2623720568775707,0.4243088364601135,2.7537355422973637,-0.26165225933946434,0.4243088364601135,2.653860330581665,-0.14934496830381505,0.4094380140304565,2.653860330581665,-0.12847711482931912,0.4094380140304565,-32.73250046819672,0.0
240,6.0,1.7576005450435197e+18,3.7157907873386433,-3.744178087238445,2.5325238869885216,-0.8790173401796487,-0.09043856247747636,2.267676919596927,1.297334390350137,0.43003752587158095,0.4282006621360779,2.853690385818481,-0.3211664988299594,2.853690385818481,-0.348960961090496,0.4282006621360779,2.7537355422973637,-0.2623720568775707,0.4243088364601135,2.7537355422973637,-0.26165225933946434,0.4243088364601135,2.653860330581665,-0.14934496830381505,0.4094380140304565,-32.565021050819084,0.0
241,6.025,1.7576005450685197e+18,3.772902167993464,-3.759706351982685,2.572602005218513,-0.913946437454089,-0.036326472841352424,2.277360651261155,1.6337702055144077,0.42481935234358403,0.4282006621360779,2.853690385818481,-0.281088380599968,2.853690385818481,-0.3211664988299594,0.4282006621360779,2.853690385818481,-0.348960961090496,0.4282006621360779,2.7537355422973637,-0.2623720568775707,0.4243088364601135,2.7537355422973637,-0.26165225933946434,0.4243088364601135,-32.30686874999861,0.0
242,6.050000000000001,1.75760054509352e+18,3.849107518791479,-3.7715095095925113,2.620747769958161,-0.923131907727729,0.03013587608970508,2.2796574117721744,1.830102901531613,0.41382272416163235,0.4229952394962311,2.953651189804077,-0.3329034198459162,2.853690385818481,-0.281088380599968,0.4282006621360779,2.853690385818481,-0.3211664988299594,0.4282006621360779,2.853690385818481,-0.348960961090496,0.4282006621360779,2.7537355422973637,-0.2623720568775707,0.4243088364601135,-32.14807444917373,0.0
243,6.075,1.7576005451185198e+18,3.8998697612722175,-3.779606411449684,2.67177513729544,-0.9056834416460096,0.07695920913381617,2.2784262919124636,1.8812978690175148,0.3956336049201941,0.3662680685520172,3.053645610809326,-0.38187047351388603,2.953651189804077,-0.3329034198459162,0.4229952394962311,2.853690385818481,-0.281088380599968,0.4282006621360779,2.853690385818481,-0.3211664988299594,0.4282006621360779,2.853690385818481,-0.348960961090496,0.4282006621360779,-31.983532451885495,0.0
244,6.1000000000000005,1.7576005451435197e+18,3.958362029100895,-3.786086646110679,2.7209054263058,-0.865441280544328,0.15604826427037286,2.277863501304897,1.8158197094459292,0.36897692638090124,0.3662680685520172,3.053645610809326,-0.33274018450352605,3.053645610809326,-0.38187047351388603,0.3662680685520172,2.953651189804077,-0.3329034198459162,0.4229952394962311,2.853690385818481,-0.281088380599968,0.4282006621360779,2.853690385818481,-0.3211664988299594,0.4282006621360779,-31.81355093473779,0.0
245,6.125,1.7576005451685197e+18,4.133271754589872,-3.764437561534504,2.765005632730634,-0.8103164978099009,0.29392456383809984,2.2807627960192227,1.6882655286698776,0.33313789564158885,0.3662680685520172,3.053645610809326,-0.2886399780786921,3.053645610809326,-0.33274018450352605,0.3662680685520172,3.053645610809326,-0.38187047351388603,0.3662680685520172,2.953651189804077,-0.3329034198459162,0.4229952394962311,2.853690385818481,-0.281088380599968,0.4282006621360779,-31.542789071425354,0.0
246,6.15,1.7576005451935196e+18,4.133271754589872,-3.764437561534504,2.803345642847879,-0.7507826081267132,0.29392456383809984,2.287555556679555,1.5638454995516051,0.2883602640490677,0.3069210648536682,3.153639793395996,-0.35029415054811697,3.053645610809326,-0.2886399780786921,0.3662680685520172,3.053645610809326,-0.33274018450352605,0.3662680685520172,3.053645610809326,-0.38187047351388603,0.3662680685520172,2.953651189804077,-0.3329034198459162,0.4229952394962311,-31.37775931803089,0.0
247,6.175000000000001,1.7576005452185198e+18,4.180561158032419,-3.752806444164244,2.8376251690758196,-0.6978962301842206,0.33152976961595904,2.2962346811184573,1.4994269776525453,0.2360257460027028,0.1990045309066772,3.2536301612854004,-0.41600499220958076,3.153639793395996,-0.35029415054811697,0.3069210648536682,3.053645610809326,-0.2886399780786921,0.3662680685520172,3.053645610809326,-0.33274018450352605,0.3662680685520172,3.053645610809326,-0.38187047351388603,0.3662680685520172,-31.223809070249363,0.0
248,6.2,1.7576005452435197e+18,4.2052350895527,-3.746602929204246,2.871212040508594,-0.6612183563421473,0.3543177798373003,2.3027569030912276,1.5269825503345886,0.17848676329776805,0.1990045309066772,3.2536301612854004,-0.38241812077680626,3.2536301612854004,-0.41600499220958076,0.1990045309066772,3.153639793395996,-0.35029415054811697,0.3069210648536682,3.053645610809326,-0.2886399780786921,0.3662680685520172,3.053645610809326,-0.33274018450352605,0.3662680685520172,-31.082724688651556,0.0
249,6.2250000000000005,1.7576005452685197e+18,4.272689772136744,-3.727878451046585,2.9078334811762128,-0.6469423370690222,0.41587643319944545,2.301277782483727,1.6444714727446463,0.11861828512216882,0.0881432518362999,3.353559970855713,-0.4457264896795001,3.2536301612854004,-0.38241812077680626,0.1990045309066772,3.2536301612854004,-0.41600499220958076,0.1990045309066772,3.153639793395996,-0.35029415054811697,0.3069210648536682,3.053645610809326,-0.2886399780786921,0.3662680685520172,-30.951788807906794,0.0
250,6.25,1.75760054529352e+18,4.363295902835315,-3.7100473992167786,2.9502042188706423,-0.6565088550774624,0.4945768879727095,2.2838136085366494,1.8167711768174748,0.05929606342294452,0.0881432518362999,3.353559970855713,-0.40335575198507057,3.353559970855713,-0.4457264896795001,0.0881432518362999,3.2536301612854004,-0.38241812077680626,0.1990045309066772,3.2536301612854004,-0.41600499220958076,0.1990045309066772,3.153639793395996,-0.35029415054811697,0.3069210648536682,-30.824999419888044,0.0
251,6.275,1.7576005453185198e+18,4.49671769985279,-3.626348225776613,2.9990805046231,-0.6859290993487981,0.6151840983650605,2.2396217587693292,1.986128508328666,0.00298700911362613,-0.0215227846056222,3.451184034347534,-0.45210352972443424,3.353559970855713,-0.40335575198507057,0.0881432518362999,3.353559970855713,-0.4457264896795001,0.0881432518362999,3.2536301612854004,-0.38241812077680626,0.1990045309066772,3.2536301612854004,-0.41600499220958076,0.1990045309066772,-30.792870534168756,0.0
252,6.300000000000001,1.7576005453435197e+18,4.49671769985279,-3.626348225776613,3.052996639640669,-0.7259018740416254,0.6151840983650605,2.155247460258068,2.0887838664482445,-0.04847719420085599,-0.0215227846056222,3.451184034347534,-0.39818739470686504,3.451184034347534,-0.45210352972443424,-0.0215227846056222,3.353559970855713,-0.40335575198507057,0.0881432518362999,3.353559970855713,-0.4457264896795001,0.0881432518362999,3.2536301612854004,-0.38241812077680626,0.1990045309066772,-30.652454674687593,0.0
253,6.325,1.7576005453685197e+18,4.573333018220715,-3.5913933931777504,3.1086463596145912,-0.7627609710499623,0.6917146366939417,2.0161514829094256,2.0728089303620005,-0.09396157090019508,-0.1194236353039741,3.520439624786377,-0.4117932651717857,3.451184034347534,-0.39818739470686504,-0.0215227846056222,3.451184034347534,-0.45210352972443424,-0.0215227846056222,3.353559970855713,-0.40335575198507057,0.0881432518362999,3.353559970855713,-0.4457264896795001,0.0881432518362999,-30.47174226425262,0.0
254,6.3500000000000005,1.7576005453935196e+18,4.634975088248654,-3.56172433926864,3.161697922397995,-0.7803810081352944,0.729498324978668,1.8099970679374473,1.9121889080415706,-0.13296740503240667,-0.1194236353039741,3.520439624786377,-0.3587417023883819,3.520439624786377,-0.4117932651717857,-0.1194236353039741,3.451184034347534,-0.39818739470686504,-0.0215227846056222,3.451184034347534,-0.45210352972443424,-0.0215227846056222,3.353559970855713,-0.40335575198507057,0.0881432518362999,-30.285322091442954,0.0
255,6.375,1.7576005454185198e+18,4.685784329655794,-3.5104969430503377,3.2078035113155474,-0.7631263261357473,0.7639395698242917,1.5306465266780618,1.6136176846221237,-0.16548400950905182,-0.1728386431932449,3.462252378463745,-0.2544488671481977,3.520439624786377,-0.3587417023883819,-0.1194236353039741,3.520439624786377,-0.4117932651717857,-0.1194236353039741,3.451184034347534,-0.39818739470686504,-0.0215227846056222,3.451184034347534,-0.45210352972443424,-0.0215227846056222,-29.943596336664633,0.0
256,6.4,1.7576005454435197e+18,4.751844530148505,-3.4553259113521726,3.243582514530673,-0.6995251333351202,0.8068050271329066,1.1814178088016878,1.2147717211773488,-0.19178534891836913,-0.1728386431932449,3.462252378463745,-0.21866986393307197,3.462252378463745,-0.2544488671481977,-0.1728386431932449,3.520439624786377,-0.3587417023883819,-0.1194236353039741,3.520439624786377,-0.4117932651717857,-0.1194236353039741,3.451184034347534,-0.39818739470686504,-0.0215227846056222,-29.61654268256986,0.0
257,6.425000000000001,1.7576005454685197e+18,4.802624038272921,-3.406714553751306,3.267366837224466,-0.5858011660977934,0.817788734290807,0.7763606957657121,0.7752115567832947,-0.21221320842909058,-0.2303419411182403,3.5293102264404297,-0.2619433892159635,3.462252378463745,-0.21866986393307197,-0.1728386431932449,3.462252378463745,-0.2544488671481977,-0.1728386431932449,3.520439624786377,-0.3587417023883819,-0.1194236353039741,3.520439624786377,-0.4117932651717857,-0.1194236353039741,-29.283997104956207,0.0
258,6.45,1.75760054549352e+18,4.862923047676124,-3.342382492638161,3.2795231130221736,-0.4281204742347277,0.8622915295920992,0.33892663547041685,0.36282942634318893,-0.2269786712583007,-0.2303419411182403,3.5293102264404297,-0.2497871134182561,3.5293102264404297,-0.2619433892159635,-0.2303419411182403,3.462252378463745,-0.21866986393307197,-0.1728386431932449,3.462252378463745,-0.2544488671481977,-0.1728386431932449,3.520439624786377,-0.3587417023883819,-0.1194236353039741,-28.990350506759036,0.0
259,6.4750000000000005,1.7576005455185198e+18,4.9163587080955535,-3.28363658438234,3.2822596718696193,-0.24260962429898508,0.8567005708446245,-0.10187956872056594,0.039496602235182914,-0.23598267851962054,-0.2348456680774688,3.4382619857788086,-0.15600231390918928,3.5293102264404297,-0.2497871134182561,-0.2303419411182403,3.5293102264404297,-0.2619433892159635,-0.2303419411182403,3.462252378463745,-0.21866986393307197,-0.1728386431932449,3.462252378463745,-0.2544488671481977,-0.1728386431932449,-28.552769494178495,0.0
260,6.5,1.7576005455435197e+18,4.957290763887387,-3.2415498305870782,3.2790003386288915,-0.05275191091843989,0.8723727234245787,-0.5170426040721194,-0.1507835273379705,-0.23865390895795136,-0.2348456680774688,3.4382619857788086,-0.15926164714991708,3.4382619857788086,-0.15600231390918928,-0.2348456680774688,3.5293102264404297,-0.2497871134182561,-0.2303419411182403,3.5293102264404297,-0.2619433892159635,-0.2303419411182403,3.462252378463745,-0.21866986393307197,-0.1728386431932449,-28.16617663523364,0.0
261,6.525,1.7576005455685197e+18,5.019029584210059,-3.127146424239718,3.273587730126835,0.11552515432496029,0.8254175255910008,-0.8832697222505156,-0.18904584920615614,-0.2338574854148597,-0.2216930538415908,3.5255062580108643,-0.25191852788402924,3.4382619857788086,-0.15926164714991708,-0.2348456680774688,3.4382619857788086,-0.15600231390918928,-0.2348456680774688,3.5293102264404297,-0.2497871134182561,-0.2303419411182403,3.5293102264404297,-0.2619433892159635,-0.2303419411182403,-27.91723133885719,0.0
262,6.550000000000001,1.7576005455935196e+18,5.052648407919415,-3.088860892537106,3.26961240864375,0.2399813874255487,0.826850231495076,-1.1870827859197337,-0.08311655215485489,-0.21999006610889021,-0.2216930538415908,3.5255062580108643,-0.25589384936711435,3.5255062580108643,-0.25191852788402924,-0.2216930538415908,3.4382619857788086,-0.15926164714991708,-0.2348456680774688,3.4382619857788086,-0.15600231390918928,-0.2348456680774688,3.5293102264404297,-0.2497871134182561,-0.2303419411182403,-27.614425949845764,0.0
263,6.575,1.7576005456185198e+18,5.103472387796382,-3.019485749538734,3.269999879510451,0.3076361295533553,0.7739955073137557,-1.425795697681324,0.13554828828508134,-0.19536529274019046,-0.1702020764350891,3.619209051132202,-0.34920917162175114,3.5255062580108643,-0.25589384936711435,-0.2216930538415908,3.5255062580108643,-0.25191852788402924,-0.2216930538415908,3.4382619857788086,-0.15926164714991708,-0.2348456680774688,3.4382619857788086,-0.15600231390918928,-0.2348456680774688,-27.344914033895297,0.0
264,6.6000000000000005,1.7576005456435197e+18,5.207747989947844,-2.9289784641894685,3.2767859469036082,0.3178152616452046,0.6948962317878152,-1.6049353965865447,0.4186625686208405,-0.15887760351490318,-0.1702020764350891,3.619209051132202,-0.3424231042285939,3.619209051132202,-0.34920917162175114,-0.1702020764350891,3.5255062580108643,-0.25589384936711435,-0.2216930538415908,3.5255062580108643,-0.25191852788402924,-0.2216930538415908,3.4382619857788086,-0.15926164714991708,-0.2348456680774688,-27.107810242839133,0.0
265,6.625,1.7576005456685197e+18,5.283943464661482,-2.8711464406537948,3.2909523187973906,0.2814122494637183,0.6595006485108805,-1.7329659975614573,0.7099876545103848,-0.11074474995438867,-0.1702020764350891,3.619209051132202,-0.32825673233481156,3.619209051132202,-0.3424231042285939,-0.1702020764350891,3.619209051132202,-0.34920917162175114,-0.1702020764350891,3.5255062580108643,-0.25589384936711435,-0.2216930538415908,3.5255062580108643,-0.25191852788402924,-0.2216930538415908,-26.79686310706304,0.0
266,6.65,1.75760054569352e+18,5.326380294391527,-2.831392115767014,3.3122705656128386,0.2166027215683737,0.6317565837308076,-1.8152286890948295,0.9547553761873905,-0.05296966220095156,-0.0582029707729816,3.68881106376648,-0.3765404981536413,3.619209051132202,-0.32825673233481156,-0.1702020764350891,3.619209051132202,-0.3424231042285939,-0.1702020764350891,3.619209051132202,-0.34920917162175114,-0.1702020764350891,3.5255062580108643,-0.25589384936711435,-0.2216930538415908,-26.57751786644741,0.0
267,6.675000000000001,1.7576005457185198e+18,5.403310147931601,-2.788973844977947,3.339206418136331,0.14282714071228644,0.5992510289986999,-1.8494237791348291,1.1082432799725495,0.010806556191067506,0.062739185988903,3.601158142089844,-0.2619517239535134,3.68881106376648,-0.3765404981536413,-0.0582029707729816,3.619209051132202,-0.32825673233481156,-0.1702020764350891,3.619209051132202,-0.3424231042285939,-0.1702020764350891,3.619209051132202,-0.34920917162175114,-0.1702020764350891,-26.191044566793444,0.0
268,6.7,1.7576005457435197e+18,5.478880347316959,-2.724060715855696,3.369012089182972,0.07555913226094021,0.5492616313842527,-1.824539467502466,1.1422701415249976,0.07609006598291984,0.062739185988903,3.601158142089844,-0.2321460529068724,3.601158142089844,-0.2619517239535134,0.062739185988903,3.68881106376648,-0.3765404981536413,-0.0582029707729816,3.619209051132202,-0.32825673233481156,-0.1702020764350891,3.619209051132202,-0.3424231042285939,-0.1702020764350891,-25.826285013534275,0.0
269,6.7250000000000005,1.7576005457685197e+18,5.549890324471143,-2.697462516810166,3.3981360388488087,0.02377903784453424,0.4951776529721795,-1.7239404713070643,1.0486230092743365,0.13861378106055214,0.1672295480966568,3.501159191131592,-0.10302315228278314,3.601158142089844,-0.2321460529068724,0.062739185988903,3.601158142089844,-0.2619517239535134,0.062739185988903,3.68881106376648,-0.3765404981536413,-0.0582029707729816,3.619209051132202,-0.32825673233481156,-0.1702020764350891,-25.286588907143646,0.0
270,6.75,1.7576005457935196e+18,5.615051509828117,-2.6462761733048943,3.422942507322225,-0.009402766915544761,0.4491900544928718,-1.5317516805232005,0.8388675776735999,0.19523260029574116,0.1672295480966568,3.501159191131592,-0.07821668380936675,3.501159191131592,-0.10302315228278314,0.1672295480966568,3.601158142089844,-0.2321460529068724,0.062739185988903,3.601158142089844,-0.2619517239535134,0.062739185988903,3.68881106376648,-0.3765404981536413,-0.0582029707729816,-24.776630932613415,0.0
271,6.775,1.7576005458185198e+18,5.6963945145437,-2.635396593336624,3.4405080324279567,-0.024047432474720062,0.4040431135602555,-1.2402923158812964,0.5406605151477095,0.24433792313386077,0.2666569948196411,3.4011592864990234,0.039348745928933226,3.501159191131592,-0.07821668380936675,0.1672295480966568,3.501159191131592,-0.10302315228278314,0.1672295480966568,3.601158142089844,-0.2321460529068724,0.062739185988903,3.601158142089844,-0.2619517239535134,0.062739185988903,-24.101515357768168,0.0
272,6.800000000000001,1.7576005458435197e+18,5.753180608405158,-2.5995960118399086,3.4491524272070593,-0.020539184386173057,0.36577721054446155,-0.8557294367058005,0.19143698619206742,0.28578293944899297,0.2666569948196411,3.4011592864990234,0.04799314070803584,3.4011592864990234,0.039348745928933226,0.2666569948196411,3.501159191131592,-0.07821668380936675,0.1672295480966568,3.501159191131592,-0.10302315228278314,0.1672295480966568,3.601158142089844,-0.2321460529068724,0.062739185988903,-23.466118426186288,0.0
273,6.825,1.7576005458685197e+18,5.8584787731575245,-2.562786315197263,3.448503422378328,0.001655789464010761,0.3442442678971301,-0.3997036302206121,-0.16907001175631003,0.32049838533910474,0.3235031068325043,3.301159143447876,0.147344278930452,3.4011592864990234,0.04799314070803584,0.2666569948196411,3.4011592864990234,0.039348745928933226,0.2666569948196411,3.501159191131592,-0.07821668380936675,0.1672295480966568,3.501159191131592,-0.10302315228278314,0.1672295480966568,-22.67495408319354,0.0
274,6.8500000000000005,1.75760054589352e+18,5.985129558576236,-2.5183150156154968,3.4391747491632594,0.04287234661174312,0.3351576391767542,0.09374127622000931,-0.5058413921558762,0.3500269697800313,0.3235031068325043,3.301159143447876,0.1380156057153834,3.301159143447876,0.147344278930452,0.3235031068325043,3.4011592864990234,0.04799314070803584,0.2666569948196411,3.4011592864990234,0.039348745928933226,0.2666569948196411,3.501159191131592,-0.07821668380936675,0.1672295480966568,-21.932541630967012,0.0
275,6.875,1.7576005459185198e+18,6.046493423024949,-2.493832698854634,3.422319223742054,0.10029641531631123,0.3199855928571327,0.5848180850016237,-0.7937611129831277,0.3761513384055622,0.4053597748279571,3.201159238815308,0.22115998492674604,3.301159143447876,0.1380156057153834,0.3235031068325043,3.301159143447876,0.147344278930452,0.3235031068325043,3.4011592864990234,0.04799314070803584,0.2666569948196411,3.4011592864990234,0.039348745928933226,0.2666569948196411,-21.043987553133924,0.0
276,6.9,1.7576005459435197e+18,6.097442283759296,-2.481325264399646,3.399286770807107,0.16473616445896672,0.36559018382108444,1.0360518447862808,-1.0202313119756463,0.40066702311410224,0.4053597748279571,3.201159238815308,0.198127531991799,3.201159238815308,0.22115998492674604,0.4053597748279571,3.301159143447876,0.1380156057153834,0.3235031068325043,3.301159143447876,0.147344278930452,0.3235031068325043,3.4011592864990234,0.04799314070803584,0.2666569948196411,-20.215276248070257,0.0
277,6.925000000000001,1.7576005459685197e+18,6.193873193128326,-2.447658385876061,3.371450685803375,0.21917043730018798,0.3668685536670451,1.419428742460394,-1.1851264514801665,0.4252206380104365,0.4303210079669952,3.1011593341827397,0.2702913516206351,3.201159238815308,0.198127531991799,0.4053597748279571,3.201159238815308,0.22115998492674604,0.4053597748279571,3.301159143447876,0.1380156057153834,0.3235031068325043,3.301159143447876,0.147344278930452,0.3235031068325043,-19.25304715529986,0.0
278,6.95,1.7576005459935196e+18,6.2765300302330935,-2.3668960929599887,3.3401193425683595,0.2408753450147363,0.42773788687971254,1.7208481014538304,-1.298508005970143,0.4510980181842756,0.4303210079669952,3.1011593341827397,0.23896000838561982,3.1011593341827397,0.2702913516206351,0.4303210079669952,3.201159238815308,0.198127531991799,0.4053597748279571,3.201159238815308,0.22115998492674604,0.4053597748279571,3.301159143447876,0.1380156057153834,0.3235031068325043,-18.363959815479628,0.0
279,6.9750000000000005,1.7576005460185198e+18,6.357365955877303,-2.3398169721049644,3.306425721245556,0.20765339596033228,0.44902001320146345,1.9408257775040234,-1.3767956894068452,0.4789416900360139,0.4891203045845032,3.001159191131592,0.3052665301139643,3.1011593341827397,0.23896000838561982,0.4303210079669952,3.1011593341827397,0.2702913516206351,0.4303210079669952,3.201159238815308,0.198127531991799,0.4053597748279571,3.201159238815308,0.22115998492674604,0.4053597748279571,-17.354127346766,0.0
280,7.0,1.7576005460435197e+18,6.417703020218303,-2.2981509664775928,3.271172307797687,0.10652032740998851,0.5516644754716409,2.0913872824553645,-1.4381866459208223,0.5085003328681872,0.4891203045845032,3.001159191131592,0.27001311666609507,3.001159191131592,0.3052665301139643,0.4891203045845032,3.1011593341827397,0.23896000838561982,0.4303210079669952,3.1011593341827397,0.2702913516206351,0.4303210079669952,3.201159238815308,0.198127531991799,0.4053597748279571,-16.42884515351374,0.0
281,7.025,1.7576005460685197e+18,6.4751105461069205,-2.270276738976356,3.2347086185908953,-0.05882238741785,0.5934044728748333,2.190358958597176,-1.4981299101476484,0.5385397489960676,0.5598223805427551,2.9011592864990234,0.3335493320918719,3.001159191131592,0.27001311666609507,0.4891203045845032,3.001159191131592,0.3052665301139643,0.4891203045845032,3.1011593341827397,0.23896000838561982,0.4303210079669952,3.1011593341827397,0.2702913516206351,0.4303210079669952,-15.392628058644583,0.0
282,7.050000000000001,1.75760054609352e+18,6.560005028784763,-2.2428949066017725,3.1969406868270105,-0.26577114764989207,0.6583821436518458,2.2552599994647067,-1.5656500882138993,0.5669653868578282,0.5598223805427551,2.9011592864990234,0.29578140032798705,2.9011592864990234,0.3335493320918719,0.5598223805427551,3.001159191131592,0.27001311666609507,0.4891203045845032,3.001159191131592,0.3052665301139643,0.4891203045845032,3.1011593341827397,0.23896000838561982,0.4303210079669952,-14.449133218977986,0.0
283,7.075,1.7576005461185198e+18,6.602625507230973,-2.220422615616651,3.157504328003386,-0.4778905948445636,0.6908209288472954,2.2989821291399632,-1.6412401651112187,0.5911094151987389,0.5978540778160095,2.8015053272247314,0.35599900077865465,2.9011592864990234,0.29578140032798705,0.5598223805427551,2.9011592864990234,0.3335493320918719,0.5598223805427551,3.001159191131592,0.27001311666609507,0.4891203045845032,3.001159191131592,0.3052665301139643,0.4891203045845032,-13.401420567248842,0.0
284,7.1000000000000005,1.7576005461435197e+18,6.741079020047829,-2.146365881297359,3.1160443295657156,-0.6558130576925523,0.8206952497469562,2.3283869238561636,-1.7168354849954428,0.608099653485097,0.5978540778160095,2.8015053272247314,0.3145390023409842,2.8015053272247314,0.35599900077865465,0.5978540778160095,2.9011592864990234,0.29578140032798705,0.5598223805427551,2.9011592864990234,0.3335493320918719,0.5598223805427551,3.001159191131592,0.27001311666609507,0.4891203045845032,-12.450274113183553,0.0
285,7.125,1.7576005461685197e+18,6.776144806268633,-2.0897105625341528,3.0725004649738796,-0.7696130450709007,0.8565359526109062,2.3455572698363754,-1.7779978824299945,0.6152565314220753,0.6123737096786499,2.758443593978882,0.3140568709949978,2.8015053272247314,0.3145390023409842,0.5978540778160095,2.8015053272247314,0.35599900077865465,0.5978540778160095,2.9011592864990234,0.29578140032798705,0.5598223805427551,2.9011592864990234,0.3335493320918719,0.5598223805427551,-11.452616143808926,0.0
286,7.15,1.7576005461935196e+18,6.822635310854277,-2.0485549218084778,3.0273110857249073,-0.8077221197840798,0.903994791305218,2.3504394610505326,-1.807924337247177,0.6104989669578519,0.6123737096786499,2.758443593978882,0.2688674917460254,2.758443593978882,0.3140568709949978,0.6123737096786499,2.8015053272247314,0.3145390023409842,0.5978540778160095,2.8015053272247314,0.35599900077865465,0.5978540778160095,2.9011592864990234,0.29578140032798705,0.5598223805427551,-10.54920016017834,0.0
287,7.175000000000001,1.7576005462185198e+18,6.896193787294843,-1.9818913748657565,2.981466924930115,-0.7792763603857826,0.9690965294367198,2.3433485529130724,-1.7923790369885542,0.592725673129348,0.5932788252830505,2.742007255554199,0.23945966937591567,2.758443593978882,0.2688674917460254,0.6123737096786499,2.758443593978882,0.3140568709949978,0.6123737096786499,2.8015053272247314,0.3145390023409842,0.5978540778160095,2.8015053272247314,0.35599900077865465,0.5978540778160095,-9.683842508009771,0.0
288,7.2,1.7576005462435197e+18,6.93767613966313,-1.940935918945064,2.9363810711923963,-0.7096460252515596,1.0143046201491914,2.3262805689881496,-1.7243022212068289,0.5620810203784907,0.5932788252830505,2.742007255554199,0.1943738156381971,2.742007255554199,0.23945966937591567,0.5932788252830505,2.758443593978882,0.2688674917460254,0.6123737096786499,2.758443593978882,0.3140568709949978,0.6123737096786499,2.8015053272247314,0.3145390023409842,0.5978540778160095,-8.904987521320246,0.0
289,7.2250000000000005,1.7576005462685197e+18,6.967511501850103,-1.89599515287714,2.893607799045638,-0.6312695509639614,1.0730787049556076,2.302882932122817,-1.606815788268419,0.5199796571719156,0.4913501441478729,2.696768283843994,0.19683951520164378,2.742007255554199,0.1943738156381971,0.5932788252830505,2.742007255554199,0.23945966937591567,0.5932788252830505,2.758443593978882,0.2688674917460254,0.6123737096786499,2.758443593978882,0.3140568709949978,0.6123737096786499,-8.08667473577387,0.0
290,7.250000000000001,1.75760054629352e+18,7.011188286255166,-1.8382792118630693,2.8545057044684063,-0.5731545685624575,1.134576101764247,2.2777253319990765,-1.4536788842001616,0.4688172281724213,0.4913501441478729,2.696768283843994,0.1577374206244122,2.696768283843994,0.19683951520164378,0.4913501441478729,2.742007255554199,0.1943738156381971,0.5932788252830505,2.742007255554199,0.23945966937591567,0.5932788252830505,2.758443593978882,0.2688674917460254,0.6123737096786499,-7.343499500250384,0.0
291,7.275,1.7576005463185198e+18,7.036617668778876,-1.7770796099584687,2.819940304376051,-0.552514299218182,1.1905314763589834,2.255658796382279,-1.286887475594116,0.41142846532695815,0.3761224746704101,2.6167469024658203,0.2031934019102306,2.696768283843994,0.1577374206244122,0.4913501441478729,2.696768283843994,0.19683951520164378,0.4913501441478729,2.742007255554199,0.1943738156381971,0.5932788252830505,2.742007255554199,0.23945966937591567,0.5932788252830505,-6.577349614580143,0.0
292,7.300000000000001,1.7576005463435197e+18,7.119710665416344,-1.6587203540442783,2.7900796097052876,-0.571028101665645,1.2950179771671437,2.2414983087323694,-1.1319003178942362,0.350478757287171,0.3761224746704101,2.6167469024658203,0.17333270723946725,2.6167469024658203,0.2031934019102306,0.3761224746704101,2.696768283843994,0.1577374206244122,0.4913501441478729,2.696768283843994,0.19683951520164378,0.4913501441478729,2.742007255554199,0.1943738156381971,0.5932788252830505,-5.873346976021123,0.0
293,7.325,1.7576005463685197e+18,7.119710665416344,-1.6587203540442783,2.76431759560276,-0.6164122411964388,1.2950179771671437,2.239588155675196,-1.01169136682531,0.2880023315600672,0.2565436959266662,2.588950157165528,0.17536743843723235,2.6167469024658203,0.17333270723946725,0.3761224746704101,2.6167469024658203,0.2031934019102306,0.3761224746704101,2.696768283843994,0.1577374206244122,0.4913501441478729,2.696768283843994,0.19683951520164378,0.4913501441478729,-5.235636793222816,0.0
294,7.3500000000000005,1.7576005463935196e+18,7.156413369431811,-1.5836236116521063,2.741364649988198,-0.6681176072359413,1.3711941471339786,2.2526658938365864,-0.9412561919336995,0.22522247255668948,0.2565436959266662,2.588950157165528,0.15241449282267006,2.588950157165528,0.17536743843723235,0.2565436959266662,2.6167469024658203,0.17333270723946725,0.3761224746704101,2.6167469024658203,0.2031934019102306,0.3761224746704101,2.696768283843994,0.1577374206244122,0.4913501441478729,-4.649533465219386,0.0
295,7.375000000000001,1.7576005464185198e+18,7.168379685018875,-1.5368076306370984,2.7195211919003217,-0.7048161563520141,1.4188860525352591,2.2798927046338444,-0.9241785127823593,0.1626669421596189,0.1338018923997879,2.5573599338531494,0.1621612580471723,2.588950157165528,0.15241449282267006,0.2565436959266662,2.588950157165528,0.17536743843723235,0.2565436959266662,2.6167469024658203,0.17333270723946725,0.3761224746704101,2.6167469024658203,0.2031934019102306,0.3761224746704101,-3.997774891593307,0.0
296,7.4,1.7576005464435197e+18,7.190790779202899,-1.4732989663120613,2.697085761134068,-0.7111311824630819,1.4830237808019457,2.3145760019728043,-0.9523499359903331,0.10048850281160385,0.1338018923997879,2.5573599338531494,0.13972582728091876,2.5573599338531494,0.1621612580471723,0.1338018923997879,2.588950157165528,0.15241449282267006,0.2565436959266662,2.588950157165528,0.17536743843723235,0.2565436959266662,2.6167469024658203,0.17333270723946725,0.3761224746704101,-3.3942503561855784,0.0
297,7.425000000000001,1.7576005464685197e+18,7.206489747618073,-1.4026525639525345,2.672778430723092,-0.6815807627553003,1.5338907172152427,2.342661921463972,-1.0090390943912388,0.03884841392659582,0.0107333976775407,2.469942092895508,0.20283633782758415,2.5573599338531494,0.13972582728091876,0.1338018923997879,2.5573599338531494,0.1621612580471723,0.1338018923997879,2.588950157165528,0.15241449282267006,0.2565436959266662,2.588950157165528,0.17536743843723235,0.2565436959266662,-2.74035529325064,0.0
298,7.45,1.75760054649352e+18,7.206799932966459,-1.3334896391235789,2.6460350042749976,-0.6207072435528794,1.591054592945457,2.3432426719131594,-1.0744759886786281,-0.021777633256951312,0.0107333976775407,2.469942092895508,0.1760929113794898,2.469942092895508,0.20283633782758415,0.0107333976775407,2.5573599338531494,0.13972582728091876,0.1338018923997879,2.5573599338531494,0.1621612580471723,0.1338018923997879,2.588950157165528,0.15241449282267006,0.2565436959266662,-2.1366832807965204,0.0
299,7.4750000000000005,1.7576005465185198e+18,7.221336088836759,-1.284932842414311,2.617068979274596,-0.5397456903174301,1.6441866332187152,2.2917824304551107,-1.1322833959557836,-0.08047031142796358,-0.1083331555128097,2.3714518547058105,0.24561712456878526,2.469942092895508,0.1760929113794898,0.0107333976775407,2.469942092895508,0.20283633782758415,0.0107333976775407,2.5573599338531494,0.13972582728091876,0.1338018923997879,2.5573599338531494,0.1621612580471723,0.1338018923997879,-1.5050370541473024,0.0
300,7.500000000000001,1.7576005465435197e+18,7.225467840702243,-1.206913466875787,2.5866762158033505,-0.45152807735231815,1.7187227653653705,2.1655839301947415,-1.1747515264074468,-0.13595036494580695,-0.1083331555128097,2.3714518547058105,0.21522436109753995,2.3714518547058105,0.24561712456878526,-0.1083331555128097,2.469942092895508,0.1760929113794898,0.0107333976775407,2.469942092895508,0.20283633782758415,0.0107333976775407,2.5573599338531494,0.13972582728091876,0.1338018923997879,-0.9220107218862231,0.0
301,7.525,1.7576005465685197e+18,7.213697020867588,-1.155977536674567,2.5558286187886465,-0.36583948184657766,1.7693428577448933,1.9498052556837282,-1.2052706329532712,-0.18684393099157395,-0.2134196311235427,2.2715468406677246,0.2842817781209219,2.3714518547058105,0.21522436109753995,-0.1083331555128097,2.3714518547058105,0.24561712456878526,-0.1083331555128097,2.469942092895508,0.1760929113794898,0.0107333976775407,2.469942092895508,0.20283633782758415,0.0107333976775407,-0.3564269327418126,0.0
302,7.550000000000001,1.7576005465935196e+18,7.188173163364411,-1.0683448943467058,2.525165332816296,-0.2868286667511576,1.851247332818077,1.6418210700255385,-1.2371394048859254,-0.2320418413126526,-0.2134196311235427,2.2715468406677246,0.2536184921485716,2.2715468406677246,0.2842817781209219,-0.2134196311235427,2.3714518547058105,0.21522436109753995,-0.1083331555128097,2.3714518547058105,0.24561712456878526,-0.1083331555128097,2.469942092895508,0.1760929113794898,0.0107333976775407,0.168063209396085,0.0
303,7.575,1.7576005466185198e+18,7.184127205975438,-1.0448144157991996,2.4945515582121787,-0.21296626335701702,1.8739282723276494,1.2523246238259518,-1.289158064898085,-0.27103399682447193,-0.2913353741168976,2.1715540885925293,0.32299746961964937,2.2715468406677246,0.2536184921485716,-0.2134196311235427,2.2715468406677246,0.2842817781209219,-0.2134196311235427,2.3714518547058105,0.21522436109753995,-0.1083331555128097,2.3714518547058105,0.24561712456878526,-0.1083331555128097,0.6847157422634815,0.0
304,7.6000000000000005,1.7576005466435197e+18,7.166615434688456,-0.989259210976938,2.4628998034398406,-0.1391883777001955,1.8863010119693369,0.8030203133614694,-1.3794627589179254,-0.30410299720163425,-0.2913353741168976,2.1715540885925293,0.2913457148473113,2.1715540885925293,0.32299746961964937,-0.2913353741168976,2.2715468406677246,0.2536184921485716,-0.2134196311235427,2.2715468406677246,0.2842817781209219,-0.2134196311235427,2.3714518547058105,0.21522436109753995,-0.1083331555128097,1.1648673812182855,0.0
305,7.625000000000001,1.7576005466685197e+18,7.154956612515986,-0.9456647943586128,2.428377994744553,-0.060392799064668753,1.9160752325866337,0.3221153852426894,-1.5195609503394452,-0.33229832238413076,-0.3456940352916717,2.071558713912964,0.3568192808315893,2.1715540885925293,0.2913457148473113,-0.2913353741168976,2.1715540885925293,0.32299746961964937,-0.2913353741168976,2.2715468406677246,0.2536184921485716,-0.2134196311235427,2.2715468406677246,0.2842817781209219,-0.2134196311235427,1.6282567272404038,0.0
306,7.65,1.75760054669352e+18,7.128826422772908,-0.87719098815492,2.388962879568766,0.024806725029196564,1.9086699381062184,-0.16071416744964148,-1.7102928157973831,-0.3571716015293211,-0.3456940352916717,2.071558713912964,0.3174041656558022,2.071558713912964,0.3568192808315893,-0.3456940352916717,2.1715540885925293,0.2913457148473113,-0.2913353741168976,2.1715540885925293,0.32299746961964937,-0.2913353741168976,2.2715468406677246,0.2536184921485716,-0.2134196311235427,2.050317599242651,0.0
307,7.675000000000001,1.7576005467185198e+18,7.099835207089329,-0.8186750120177134,2.3431235486080535,0.111309238199058,1.9242739812073681,-0.6185856825572692,-1.9405922793776584,-0.38031685693290246,-0.3927255272865295,1.9715675115585327,0.3715560370495208,2.071558713912964,0.3174041656558022,-0.3456940352916717,2.071558713912964,0.3568192808315893,-0.3456940352916717,2.1715540885925293,0.2913457148473113,-0.2913353741168976,2.1715540885925293,0.32299746961964937,-0.2913353741168976,2.4448093613027675,0.0
308,7.7,1.7576005467435197e+18,7.0849108864230566,-0.7731294856400127,2.290344891998469,0.18698833310150834,1.9389505988179665,-1.0302769235400142,-2.1888555563080354,-0.40281236630628603,-0.3927255272865295,1.9715675115585327,0.3187773804399363,1.9715675115585327,0.3715560370495208,-0.3927255272865295,2.071558713912964,0.3174041656558022,-0.3456940352916717,2.071558713912964,0.3568192808315893,-0.3456940352916717,2.1715540885925293,0.2913457148473113,-0.2913353741168976,2.789453234268062,0.0
309,7.7250000000000005,1.7576005467685197e+18,7.040309656361088,-0.7228849616432215,2.2312669749830576,0.2352716520539775,1.8724634144304533,-1.381664877550755,-2.4259459914183066,-0.4246977344111443,-0.4293692111968994,1.8716039657592771,0.35966300922378047,1.9715675115585327,0.3187773804399363,-0.3927255272865295,1.9715675115585327,0.3715560370495208,-0.3927255272865295,2.071558713912964,0.3174041656558022,-0.3456940352916717,2.071558713912964,0.3568192808315893,-0.3456940352916717,3.0855990659032067,0.0
310,7.750000000000001,1.7576005467935196e+18,7.014719382454947,-0.600477943682148,2.167407290962606,0.24067660603531227,1.8012991359862889,-1.6660574348724477,-2.618715612461865,-0.44464058266112694,-0.4293692111968994,1.8716039657592771,0.29580332520332875,1.8716039657592771,0.35966300922378047,-0.4293692111968994,1.9715675115585327,0.3187773804399363,-0.3927255272865295,1.9715675115585327,0.3715560370495208,-0.3927255272865295,2.071558713912964,0.3174041656558022,-0.3456940352916717,3.3299477690889168,0.0
311,7.775,1.7576005468185198e+18,7.005642003799716,-0.573929676058256,2.1006816905188206,0.19561948168679452,1.7865298155460825,-1.8837704997291038,-2.733397920920785,-0.4599421663559232,-0.456025093793869,1.7720773220062256,0.328604368512595,1.8716039657592771,0.29580332520332875,-0.4293692111968994,1.8716039657592771,0.35966300922378047,-0.4293692111968994,1.9715675115585327,0.3187773804399363,-0.3927255272865295,1.9715675115585327,0.3715560370495208,-0.3927255272865295,3.530162847304639,0.0
312,7.800000000000001,1.7576005468435197e+18,6.990611202828593,-0.4905726627346892,2.033084823784156,0.10568717194884825,1.7033252177374194,-2.0411245807908136,-2.7389512624101244,-0.46697576906020616,-0.456025093793869,1.7720773220062256,0.26100750177793053,1.7720773220062256,0.328604368512595,-0.456025093793869,1.8716039657592771,0.29580332520332875,-0.4293692111968994,1.8716039657592771,0.35966300922378047,-0.4293692111968994,1.9715675115585327,0.3187773804399363,-0.3927255272865295,3.6863718455912675,0.0
313,7.825,1.7576005468685197e+18,6.983007955879603,-0.4572850074063043,1.9667612680558881,-0.009326420907508265,1.673701144374989,-2.1489581562262865,-2.610876755460701,-0.46202651090266644,-0.4753955900669098,1.7671438455581665,0.19961742249772163,1.7720773220062256,0.26100750177793053,-0.456025093793869,1.7720773220062256,0.328604368512595,-0.456025093793869,1.8716039657592771,0.29580332520332875,-0.4293692111968994,1.8716039657592771,0.35966300922378047,-0.4293692111968994,3.8104879411441237,0.0
314,7.8500000000000005,1.75760054689352e+18,7.00860514321039,-0.3935153424286148,1.9043489844244745,-0.1197956666161747,1.6167128719728443,-2.2208342952418914,-2.335829628030876,-0.44232878497184347,-0.4753955900669098,1.7671438455581665,0.13720513886630803,1.7671438455581665,0.19961742249772163,-0.4753955900669098,1.7720773220062256,0.26100750177793053,-0.456025093793869,1.7720773220062256,0.328604368512595,-0.456025093793869,1.8716039657592771,0.29580332520332875,-0.4293692111968994,3.813652943879978,0.0
315,7.875000000000001,1.7576005469185198e+18,7.0021264642485495,-0.3531444792573297,1.849208870835901,-0.19490269343743394,1.5756260390682628,-2.271068955325933,-1.9165282551795795,-0.40696527569880386,-0.3835259675979614,1.853558897972107,-0.004350027136206025,1.7671438455581665,0.13720513886630803,-0.4753955900669098,1.7671438455581665,0.19961742249772163,-0.4753955900669098,1.7720773220062256,0.26100750177793053,-0.456025093793869,1.7720773220062256,0.328604368512595,-0.456025093793869,3.6153497319445878,0.0
316,7.9,1.7576005469435197e+18,7.020096551959634,-0.3160113669972806,1.8052010362819357,-0.21240166253494927,1.5222717357678663,-2.312481258924996,-1.3755048644408656,-0.3573072929493928,-0.3835259675979614,1.853558897972107,-0.0483578616901712,1.853558897972107,-0.004350027136206025,-0.3835259675979614,1.7671438455581665,0.13720513886630803,-0.4753955900669098,1.7671438455581665,0.19961742249772163,-0.4753955900669098,1.7720773220062256,0.26100750177793053,-0.456025093793869,3.4147904979550305,0.0
317,7.925000000000001,1.7576005469685197e+18,7.01488544722578,-0.2588988873388274,1.7759579408983006,-0.16576751200573694,1.4554210696266359,-2.3537323530584455,-0.7557747121787064,-0.29685794051947206,-0.2596027851104736,1.949341058731079,-0.1733831178327785,1.853558897972107,-0.0483578616901712,-0.3835259675979614,1.853558897972107,-0.004350027136206025,-0.3835259675979614,1.7671438455581665,0.13720513886630803,-0.4753955900669098,1.7671438455581665,0.19961742249772163,-0.4753955900669098,3.032846098084937,0.0
318,7.95,1.7576005469935196e+18,7.021327006713898,-0.1873591443178119,1.7638920283718558,-0.0660676528608201,1.3771579428305907,-2.3965431920057503,-0.11696864611905276,-0.23059102009343707,-0.2596027851104736,1.949341058731079,-0.18544903035922333,1.949341058731079,-0.1733831178327785,-0.2596027851104736,1.853558897972107,-0.0483578616901712,-0.3835259675979614,1.853558897972107,-0.004350027136206025,-0.3835259675979614,1.7671438455581665,0.13720513886630803,-0.4753955900669098,2.6818415687860577,0.0
319,7.9750000000000005,1.7576005470185198e+18,7.018505985998792,-0.1442437389728676,1.7693099972377464,0.061904630527985983,1.2882704106365732,-2.4337145298540634,0.47315685164578825,-0.16401783393315725,-0.1340709775686264,2.0084826946258545,-0.2391726973881081,1.949341058731079,-0.18544903035922333,-0.2596027851104736,1.949341058731079,-0.1733831178327785,-0.2596027851104736,1.853558897972107,-0.0483578616901712,-0.3835259675979614,1.853558897972107,-0.004350027136206025,-0.3835259675979614,2.218689304358729,0.0
320,8.0,1.7576005470435197e+18,7.020883599656895,-0.1051594046785198,1.7899930235133776,0.18740082553956522,1.2376831312029397,-2.4492006187811826,0.9501827689954998,-0.1022218624912949,-0.1340709775686264,2.0084826946258545,-0.21848967111247686,2.0084826946258545,-0.2391726973881081,-0.1340709775686264,1.949341058731079,-0.18544903035922333,-0.2596027851104736,1.949341058731079,-0.1733831178327785,-0.2596027851104736,1.853558897972107,-0.0483578616901712,-0.3835259675979614,1.8158861929601178,0.0
321,8.025,1.7576005470685197e+18,7.046415397607191,-0.0641382537321229,1.8214714342273384,0.28228954790171273,1.168256590327481,-2.421156281154816,1.26450079722867,-0.04903851290958478,-0.0207349304109811,1.9164903163909912,-0.09501888216365284,2.0084826946258545,-0.21848967111247686,-0.1340709775686264,2.0084826946258545,-0.2391726973881081,-0.1340709775686264,1.949341058731079,-0.18544903035922333,-0.2596027851104736,1.949341058731079,-0.1733831178327785,-0.2596027851104736,1.4748381111038957,0.0
322,8.05,1.75760054709352e+18,7.05021567924608,-0.0451075097865136,1.8579664400875198,0.3276851223095867,1.1430194245325052,-2.3278518979872604,1.389590258100217,-0.006498347369278029,-0.0207349304109811,1.9164903163909912,-0.058523876303471445,1.9164903163909912,-0.09501888216365284,-0.0207349304109811,2.0084826946258545,-0.21848967111247686,-0.1340709775686264,2.0084826946258545,-0.2391726973881081,-0.1340709775686264,1.949341058731079,-0.18544903035922333,-0.2596027851104736,1.2085970403848587,0.0
323,8.075000000000001,1.7576005471185198e+18,7.063524225728071,0.0215379561166688,1.8936619897890665,0.31735587572420404,1.054639134340536,-2.15494711333329,1.3248943330232064,0.02537835857062336,0.0478620119392871,1.8191447257995603,0.0745172639895062,1.9164903163909912,-0.058523876303471445,-0.0207349304109811,1.9164903163909912,-0.09501888216365284,-0.0207349304109811,2.0084826946258545,-0.21848967111247686,-0.1340709775686264,2.0084826946258545,-0.2391726973881081,-0.1340709775686264,1.0155303905507986,0.0
324,8.1,1.7576005471435197e+18,7.085364003211399,0.0415152213704632,1.9238050165944725,0.2579892995757838,1.024567869467138,-1.9015096521685946,1.0929370981152606,0.048381766635606706,0.0478620119392871,1.8191447257995603,0.10466029079491213,1.8191447257995603,0.0745172639895062,0.0478620119392871,1.9164903163909912,-0.058523876303471445,-0.0207349304109811,1.9164903163909912,-0.09501888216365284,-0.0207349304109811,2.0084826946258545,-0.21848967111247686,-0.1340709775686264,0.8960571412422744,0.0
325,8.125,1.7576005471685197e+18,7.10884232065731,0.1175993875615275,1.9452520319843303,0.16686311460474437,0.919126364844256,-1.582182522899921,0.7322194794851172,0.06553501588072673,0.0532329492270946,1.7194206714630127,0.22583136052131758,1.8191447257995603,0.10466029079491213,0.0478620119392871,1.8191447257995603,0.0745172639895062,0.0478620119392871,1.9164903163909912,-0.058523876303471445,-0.0207349304109811,1.9164903163909912,-0.09501888216365284,-0.0207349304109811,0.8451559816294758,0.0
326,8.15,1.7576005471935196e+18,7.15307878953307,0.1315750671284683,1.9563954811082565,0.06737716472407082,0.8857909163848523,-1.2243822100763455,0.2885781078854758,0.08029432208102873,0.0532329492270946,1.7194206714630127,0.23697480964524376,1.7194206714630127,0.22583136052131758,0.0532329492270946,1.8191447257995603,0.10466029079491213,0.0478620119392871,1.8191447257995603,0.0745172639895062,0.0478620119392871,1.9164903163909912,-0.058523876303471445,-0.0207349304109811,0.8562953651770318,0.0
327,8.175,1.7576005472185198e+18,7.198015512653158,0.1509000204031128,1.956693572709485,-0.016941860478085085,0.8769329555576154,-0.861604204811875,-0.19233946900430637,0.09577846629312778,0.1196766421198844,1.6205437183380127,0.33614985437147227,1.7194206714630127,0.23697480964524376,0.0532329492270946,1.7194206714630127,0.22583136052131758,0.0532329492270946,1.8191447257995603,0.10466029079491213,0.0478620119392871,1.8191447257995603,0.0745172639895062,0.0478620119392871,0.9195931104631896,0.0
328,8.200000000000001,1.7576005472435197e+18,7.218877509694263,0.181341023269562,1.9461440054622194,-0.06865335251726828,0.8406155938309129,-0.5253558225280731,-0.6698987489714581,0.11425076103031954,0.1196766421198844,1.6205437183380127,0.32560028712420674,1.6205437183380127,0.33614985437147227,0.1196766421198844,1.7194206714630127,0.23697480964524376,0.0532329492270946,1.7194206714630127,0.22583136052131758,0.0532329492270946,1.8191447257995603,0.10466029079491213,0.0478620119392871,1.0254097385330296,0.0
329,8.225,1.7576005472685197e+18,7.244770314977399,0.2309618865934666,1.9249770702214994,-0.0808752862366346,0.8614258929412716,-0.23818737097679468,-1.110520888919181,0.13693168250419313,0.1196766421198844,1.6205437183380127,0.30443335188348675,1.6205437183380127,0.32560028712420674,0.1196766421198844,1.6205437183380127,0.33614985437147227,0.1196766421198844,1.7194206714630127,0.23697480964524376,0.0532329492270946,1.7194206714630127,0.22583136052131758,0.0532329492270946,1.0613155523389977,0.0
330,8.25,1.75760054729352e+18,7.2862997378095535,0.2801450453625342,1.893669612272979,-0.058279225239559626,0.8433743762634562,-0.009434821452817743,-1.4880537738648816,0.16408610130985055,0.1632852405309677,1.5215877294540403,0.3720818828189387,1.6205437183380127,0.30443335188348675,0.1196766421198844,1.6205437183380127,0.32560028712420674,0.1196766421198844,1.6205437183380127,0.33614985437147227,0.1196766421198844,1.7194206714630127,0.23697480964524376,0.0532329492270946,1.212139727336657,0.0
331,8.275,1.7576005473185198e+18,7.295056355015578,0.3037742241956978,1.8531878036601477,-0.014142648313544148,0.8612898598300542,0.16545796028017018,-1.7839352209297534,0.19528733631854656,0.2139397859573364,1.4228776693344116,0.43031013432573606,1.5215877294540403,0.3720818828189387,0.1632852405309677,1.6205437183380127,0.30443335188348675,0.1196766421198844,1.6205437183380127,0.32560028712420674,0.1196766421198844,1.6205437183380127,0.33614985437147227,0.1196766421198844,1.4556118317827398,0.0
332,8.3,1.7576005473435197e+18,7.331222082062077,0.3447341753869744,1.8052358280474896,0.03528205162050692,0.8539114275094561,0.3018659974482054,-1.9880684963100472,0.2297610201258645,0.2139397859573364,1.4228776693344116,0.382358158713078,1.4228776693344116,0.43031013432573606,0.2139397859573364,1.5215877294540403,0.3720818828189387,0.1632852405309677,1.6205437183380127,0.30443335188348675,0.1196766421198844,1.6205437183380127,0.32560028712420674,0.1196766421198844,1.6889920542666232,0.0
333,8.325000000000001,1.7576005473685197e+18,7.349337970865967,0.3659317978362524,1.7522783541739981,0.07656068762749858,0.879992790171862,0.42007463986288107,-2.100286372505919,0.26670051305636067,0.2889251410961151,1.3281869888305664,0.4240913653434317,1.4228776693344116,0.382358158713078,0.2139397859573364,1.4228776693344116,0.43031013432573606,0.2139397859573364,1.5215877294540403,0.3720818828189387,0.1632852405309677,1.6205437183380127,0.30443335188348675,0.1196766421198844,2.090980341661817,0.0
334,8.35,1.7576005473935196e+18,7.380678642649531,0.4041245585447715,1.6972183688679838,0.10249740930316413,0.8846505633286798,0.5385803039966103,-2.131362750990097,0.3054526237067405,0.2889251410961151,1.3281869888305664,0.3690313800374174,1.3281869888305664,0.4240913653434317,0.2889251410961151,1.4228776693344116,0.382358158713078,0.2139397859573364,1.4228776693344116,0.43031013432573606,0.2139397859573364,1.5215877294540403,0.3720818828189387,0.1632852405309677,2.468151350776843,0.0
335,8.375,1.7576005474185198e+18,7.403929974633909,0.4392009424526302,1.6427827956836858,0.11204619399267272,0.900434395380196,0.6689352252061929,-2.102268338368736,0.345530171241666,0.361564427614212,1.228628158569336,0.41415463711434986,1.3281869888305664,0.3690313800374174,0.2889251410961151,1.3281869888305664,0.4240913653434317,0.2889251410961151,1.4228776693344116,0.382358158713078,0.2139397859573364,1.4228776693344116,0.43031013432573606,0.2139397859573364,3.010783102720512,0.0
336,8.4,1.7576005474435197e+18,7.434330080849862,0.4800157777616531,1.5908205826127946,0.10756673747539253,0.9218715235717275,0.8136269688587212,-2.040920100191139,0.38649080366387323,0.361564427614212,1.228628158569336,0.36219242404345864,1.228628158569336,0.41415463711434986,0.361564427614212,1.3281869888305664,0.3690313800374174,0.2889251410961151,1.3281869888305664,0.4240913653434317,0.2889251410961151,1.4228776693344116,0.382358158713078,0.2139397859573364,3.5223204950677856,0.0
337,8.425,1.7576005474685197e+18,7.452198819347603,0.5013482002971597,1.5418075787060128,0.09155316268718237,0.9333105791058794,0.96708939752488,-1.976761728796202,0.4277847369690678,0.4445972144603729,1.1295480728149414,0.4122595058910714,1.228628158569336,0.36219242404345864,0.361564427614212,1.228628158569336,0.41415463711434986,0.361564427614212,1.3281869888305664,0.3690313800374174,0.2889251410961151,1.3281869888305664,0.4240913653434317,0.2889251410961151,4.196232260298322,0.0
338,8.450000000000001,1.75760054749352e+18,7.490366272224115,0.5679397438404337,1.4948294957740893,0.06482960085008849,0.9855811668134501,1.118788116964948,-1.9345624847246303,0.46868693357350216,0.4445972144603729,1.1295480728149414,0.3652814229591479,1.1295480728149414,0.4122595058910714,0.4445972144603729,1.228628158569336,0.36219242404345864,0.361564427614212,1.228628158569336,0.41415463711434986,0.361564427614212,1.3281869888305664,0.3690313800374174,0.2889251410961151,4.823885740135039,0.0
339,8.475,1.7576005475185198e+18,7.499353051228493,0.5798610411014886,1.448122378885336,0.02698271920901736,0.996187129698663,1.2568400540018698,-1.929277963502447,0.5083816877321594,0.5322168469429016,1.0300178527832031,0.4181045261021328,1.1295480728149414,0.3652814229591479,0.4445972144603729,1.1295480728149414,0.4122595058910714,0.4445972144603729,1.228628158569336,0.36219242404345864,0.361564427614212,1.228628158569336,0.41415463711434986,0.361564427614212,5.590951227327669,0.0
340,8.5,1.7576005475435197e+18,7.521276041982945,0.6116331322230546,1.3999410456302197,-0.021647693655152244,1.032530071937952,1.3708614571785311,-1.9634383689456583,0.5461801292823649,0.5322168469429016,1.0300178527832031,0.3699231928470166,1.0300178527832031,0.4181045261021328,0.5322168469429016,1.1295480728149414,0.3652814229591479,0.4445972144603729,1.1295480728149414,0.4122595058910714,0.4445972144603729,1.228628158569336,0.36219242404345864,0.361564427614212,6.282040919004645,0.0
341,8.525,1.7576005475685197e+18,7.536079085799193,0.63282761871218,1.3493131925916109,-0.07795986636037092,1.0539898420628264,1.4534769352165091,-2.0275260331129568,0.5817700035684572,0.6018765568733215,0.9322172403335572,0.4170959522580536,1.0300178527832031,0.3699231928470166,0.5322168469429016,1.0300178527832031,0.4181045261021328,0.5322168469429016,1.1295480728149414,0.3652814229591479,0.4445972144603729,1.1295480728149414,0.4122595058910714,0.4445972144603729,6.980225251862667,0.0
342,8.55,1.7576005475935196e+18,7.573012494953803,0.6677277502057564,1.2963194370460744,-0.13547384551886865,1.1132905384558787,1.5007268454204519,-2.1027124208105983,0.6153672944499513,0.6018765568733215,0.9322172403335572,0.3641021967125172,0.9322172403335572,0.4170959522580536,0.6018765568733215,1.0300178527832031,0.3699231928470166,0.5322168469429016,1.0300178527832031,0.4181045261021328,0.5322168469429016,1.1295480728149414,0.3652814229591479,0.4445972144603729,7.6772308684211,0.0
343,8.575000000000001,1.7576005476185198e+18,7.5807288273986675,0.6797805641441697,1.2418674683482644,-0.18557862281432372,1.1271442442061659,1.5119970869138155,-2.164704248477429,0.6476758607751387,0.6624077558517456,0.8370001912117004,0.404867277136564,0.9322172403335572,0.3641021967125172,0.6018765568733215,0.9322172403335572,0.4170959522580536,0.6018765568733215,1.0300178527832031,0.3699231928470166,0.5322168469429016,1.0300178527832031,0.4181045261021328,0.5322168469429016,8.463968619071549,0.0
344,8.600000000000001,1.7576005476435197e+18,7.587579807648419,0.7017189451741239,1.1872299318664028,-0.22002319443017898,1.1735462341037215,1.4899090425179187,-2.1875561696280967,0.6796409157056944,0.6624077558517456,0.8370001912117004,0.35022974065470236,0.8370001912117004,0.404867277136564,0.6624077558517456,0.9322172403335572,0.3641021967125172,0.6018765568733215,0.9322172403335572,0.4170959522580536,0.6018765568733215,1.0300178527832031,0.3699231928470166,0.5322168469429016,9.146938544229778,0.0
345,8.625,1.7576005476685197e+18,7.605541484009591,0.733944488651745,1.1336809932860337,-0.23348142958283016,1.2173428426706088,1.4401813522186062,-2.1469603196218823,0.712063011603998,0.7266244292259216,0.774886429309845,0.3587945639761887,0.8370001912117004,0.35022974065470236,0.6624077558517456,0.8370001912117004,0.404867277136564,0.6624077558517456,0.9322172403335572,0.3641021967125172,0.6018765568733215,0.9322172403335572,0.4170959522580536,0.6018765568733215,9.794373086284658,0.0
346,8.65,1.75760054769352e+18,7.615734736767591,0.7424234728938144,1.0824269667570758,-0.22517366020159557,1.253766592914514,1.3712341801788561,-2.0232223018455704,0.7451885874395865,0.7266244292259216,0.774886429309845,0.30754053744723087,0.774886429309845,0.3587945639761887,0.7266244292259216,0.8370001912117004,0.35022974065470236,0.6624077558517456,0.8370001912117004,0.404867277136564,0.6624077558517456,0.9322172403335572,0.3641021967125172,0.6018765568733215,10.452207774280007,0.0
347,8.675,1.7576005477185198e+18,7.625936343364732,0.7637156733441341,1.0348226959938152,-0.19900584038484054,1.2853802658081188,1.293319485072257,-1.8043783967452922,0.7784005887204304,0.7933838367462158,0.7446931004524231,0.29012959554139206,0.774886429309845,0.30754053744723087,0.7266244292259216,0.774886429309845,0.3587945639761887,0.7266244292259216,0.8370001912117004,0.35022974065470236,0.6624077558517456,0.8370001912117004,0.404867277136564,0.6624077558517456,11.15834236203098,0.0
348,8.700000000000001,1.7576005477435197e+18,7.626274310156693,0.7942826526552911,0.9926751845419075,-0.16217221204835733,1.308248711039763,1.2171072979051252,-1.489508793161124,0.8101061603877293,0.7933838367462158,0.7446931004524231,0.2479820840894844,0.7446931004524231,0.29012959554139206,0.7933838367462158,0.774886429309845,0.30754053744723087,0.7266244292259216,0.774886429309845,0.3587945639761887,0.7266244292259216,0.8370001912117004,0.35022974065470236,0.6624077558517456,11.78874256689727,0.0
349,8.725000000000001,1.7576005477685197e+18,7.635630299469097,0.8212161947757113,0.9583292707435597,-0.12270056472711298,1.3428622209030152,1.1519467545528699,-1.0915008003711713,0.8378728188167885,0.8457667827606201,0.8286728262901306,0.12965644445342905,0.7446931004524231,0.2479820840894844,0.7933838367462158,0.7446931004524231,0.29012959554139206,0.7933838367462158,0.774886429309845,0.30754053744723087,0.7266244292259216,0.774886429309845,0.3587945639761887,0.7266244292259216,12.3641255010302,0.0
350,8.75,1.7576005477935196e+18,7.640433323513807,0.8251917313804422,0.9343198888080839,-0.0869377725209932,1.3740307107361385,1.1043635740991484,-0.6378611802876138,0.8588096923749164,0.8457667827606201,0.8286728262901306,0.1056470625179533,0.8286728262901306,0.12965644445342905,0.8457667827606201,0.7446931004524231,0.2479820840894844,0.7933838367462158,0.7446931004524231,0.29012959554139206,0.7933838367462158,0.774886429309845,0.30754053744723087,0.7266244292259216,12.873128315533222,0.0
351,8.775,1.7576005478185198e+18,7.645813488687668,0.8442849334253593,0.9226512529743006,-0.05806312525459218,1.3977307328982926,1.0773798094028268,-0.1682001646507686,0.8701267050840852,0.8831682801246643,0.9245258569717408,-0.0018746039974402162,0.8286728262901306,0.1056470625179533,0.8457667827606201,0.8286728262901306,0.12965644445342905,0.8457667827606201,0.7446931004524231,0.2479820840894844,0.7933838367462158,0.7446931004524231,0.29012959554139206,0.7933838367462158,13.323357241260219,0.0
352,8.8,1.7576005478435197e+18,7.6505969438771215,0.8784800726143271,0.9240200404477453,-0.036156813408908105,1.4334606463704649,1.0707900541704198,0.27209396544065956,0.8697353334228283,0.8831682801246643,0.9245258569717408,-0.0005058165239955059,0.9245258569717408,-0.0018746039974402162,0.8831682801246643,0.8286728262901306,0.1056470625179533,0.8457667827606201,0.8286728262901306,0.12965644445342905,0.8457667827606201,0.7446931004524231,0.2479820840894844,0.7933838367462158,13.721038819443088,0.0
353,8.825000000000001,1.7576005478685197e+18,7.650146626589871,0.8599902383560418,0.9373541847080225,-0.01950185902472782,1.4676378078698673,1.0820290509867547,0.6409905134355892,0.8567091503462426,0.8471830487251282,1.0217887163162231,-0.08443453160820069,0.9245258569717408,-0.0005058165239955059,0.8831682801246643,0.9245258569717408,-0.0018746039974402162,0.8831682801246643,0.8286728262901306,0.1056470625179533,0.8457667827606201,0.8286728262901306,0.12965644445342905,0.8457667827606201,14.048397553006671,0.0
354,8.850000000000001,1.75760054789352e+18,7.6532803859703025,0.8768814970874002,0.9599006825897689,-0.006224321801926462,1.4902129103613184,1.107178066546931,0.9093555637047839,0.8314482232491158,0.8471830487251282,1.0217887163162231,-0.06188803372645424,1.0217887163162231,-0.08443453160820069,0.8471830487251282,0.9245258569717408,-0.0005058165239955059,0.8831682801246643,0.9245258569717408,-0.0018746039974402162,0.8831682801246643,0.8286728262901306,0.1056470625179533,0.8457667827606201,14.3452512216686,0.0
355,8.875,1.7576005479185198e+18,7.647153308130715,0.9157747964475048,0.9878748526756883,0.004619258696699185,1.5201290246171837,1.141880407410564,1.0678609884595585,0.795499650814894,0.7705121636390686,1.121307134628296,-0.1334322819526076,1.0217887163162231,-0.06188803372645424,0.8471830487251282,1.0217887163162231,-0.08443453160820069,0.8471830487251282,0.9245258569717408,-0.0005058165239955059,0.8831682801246643,0.9245258569717408,-0.0018746039974402162,0.8831682801246643,14.46626780686419,0.0
356,8.9,1.7576005479435197e+18,7.647924934620887,0.9386946601002082,1.017462984855999,0.012882989786111085,1.5438161305838183,1.1821140214186314,1.1287852765607547,0.7511204961136317,0.7705121636390686,1.121307134628296,-0.10384414977229683,1.121307134628296,-0.1334322819526076,0.7705121636390686,1.0217887163162231,-0.06188803372645424,0.8471830487251282,1.0217887163162231,-0.08443453160820069,0.8471830487251282,0.9245258569717408,-0.0005058165239955059,0.8831682801246643,14.581093521024965,0.0
357,8.925,1.7576005479685197e+18,7.654053813153598,0.9399538260044832,1.0458227972970595,0.017839896255182838,1.574976139834995,1.2248078561884859,1.1218496979994068,0.7007517184989114,0.6728574633598328,1.2210819721221924,-0.17525917482513287,1.121307134628296,-0.10384414977229683,0.7705121636390686,1.121307134628296,-0.1334322819526076,0.7705121636390686,1.0217887163162231,-0.06188803372645424,0.8471830487251282,1.0217887163162231,-0.08443453160820069,0.8471830487251282,14.667777735415797,0.0
358,8.950000000000001,1.7576005479935196e+18,7.655279854452289,0.9579941236215612,1.0717297741731737,0.01880368799559914,1.598547891308633,1.2682751496817588,1.0853123125043243,0.6465694943637684,0.6728574633598328,1.2210819721221924,-0.14935219794901866,1.2210819721221924,-0.17525917482513287,0.6728574633598328,1.121307134628296,-0.10384414977229683,0.7705121636390686,1.121307134628296,-0.1334322819526076,0.7705121636390686,1.0217887163162231,-0.06188803372645424,0.8471830487251282,14.768212650885033,0.0
359,8.975000000000001,1.7576005480185198e+18,7.646877715188173,0.9907971240316886,1.0956683773955922,0.015482874403790542,1.6329831326795863,1.3123924592222391,1.055236390432745,0.5902150370791014,0.5637198090553284,1.3209846019744873,-0.2253162245788951,1.2210819721221924,-0.14935219794901866,0.6728574633598328,1.2210819721221924,-0.17525917482513287,0.6728574633598328,1.121307134628296,-0.10384414977229683,0.7705121636390686,1.121307134628296,-0.1334322819526076,0.7705121636390686,14.698898740215327,0.0
360,9.0,1.7576005480435197e+18,7.647435848402145,1.0166660547163646,1.119360867460939,0.008023791889148993,1.6690848848408244,1.358419240102566,1.0564502482926033,0.532720664001359,0.5637198090553284,1.3209846019744873,-0.20162373451354831,1.3209846019744873,-0.2253162245788951,0.5637198090553284,1.2210819721221924,-0.14935219794901866,0.6728574633598328,1.2210819721221924,-0.17525917482513287,0.6728574633598328,1.121307134628296,-0.10384414977229683,0.7705121636390686,14.656536652851695,0.0
361,9.025,1.7576005480685197e+18,7.645644630027929,1.0289941489373624,1.1448951847167823,-0.0031001387791757514,1.6989252051169477,1.408445437251468,1.0979633114360354,0.47458764231861494,0.4454613029956817,1.4208686351776123,-0.27597345046083,1.3209846019744873,-0.20162373451354831,0.5637198090553284,1.3209846019744873,-0.2253162245788951,0.5637198090553284,1.2210819721221924,-0.14935219794901866,0.6728574633598328,1.2210819721221924,-0.17525917482513287,0.6728574633598328,14.632481730274895,0.0
362,9.05,1.75760054809352e+18,7.644903110424447,1.0525565778180497,1.1737727717813027,-0.01717776294862587,1.7338276758082527,1.4646404409257152,1.1738139507019627,0.41594869017397984,0.4454613029956817,1.4208686351776123,-0.24709586339630962,1.4208686351776123,-0.27597345046083,0.4454613029956817,1.3209846019744873,-0.20162373451354831,0.5637198090553284,1.3209846019744873,-0.2253162245788951,0.5637198090553284,1.2210819721221924,-0.14935219794901866,0.6728574633598328,14.6412797162457,0.0
363,9.075000000000001,1.7576005481185198e+18,7.638897111465312,1.0836837922898814,1.2062953255918523,-0.03326577472237497,1.7763261265906294,1.5285183307711498,1.2682613985323468,0.35675947292960836,0.3259566128253937,1.52059805393219,-0.3143027283403377,1.4208686351776123,-0.24709586339630962,0.4454613029956817,1.4208686351776123,-0.27597345046083,0.4454613029956817,1.3209846019744873,-0.20162373451354831,0.5637198090553284,1.3209846019744873,-0.2253162245788951,0.5637198090553284,14.676186159527113,0.0
364,9.100000000000001,1.7576005481435197e+18,7.632915841269449,1.1302928710176383,1.24159210338255,-0.05021606959967141,1.8238561566413634,1.6002362467322069,1.3627726864225624,0.29698782376394106,0.3259566128253937,1.52059805393219,-0.27900595054963984,1.52059805393219,-0.3143027283403377,0.3259566128253937,1.4208686351776123,-0.24709586339630962,0.4454613029956817,1.4208686351776123,-0.27597345046083,0.4454613029956817,1.3209846019744873,-0.20162373451354831,0.5637198090553284,14.739603313206068,0.0
365,9.125,1.7576005481685197e+18,7.627259615981332,1.1401445142510307,1.27823478555816,-0.06687707925363486,1.8474346961803048,1.677755842257434,1.441983766476897,0.23678558033592567,0.2072647511959076,1.619726300239563,-0.34149151468140304,1.52059805393219,-0.27900595054963984,0.3259566128253937,1.52059805393219,-0.3143027283403377,0.3259566128253937,1.4208686351776123,-0.24709586339630962,0.4454613029956817,1.4208686351776123,-0.27597345046083,0.4454613029956817,14.726368530859476,0.0
366,9.15,1.7576005481935196e+18,7.620190098239055,1.17456100990428,1.3150345913508734,-0.08244871598463575,1.89597017791776,1.7558178888476055,1.4967547867631665,0.17662764930917407,0.2072647511959076,1.619726300239563,-0.30469170888868957,1.619726300239563,-0.34149151468140304,0.2072647511959076,1.52059805393219,-0.27900595054963984,0.3259566128253937,1.52059805393219,-0.3143027283403377,0.3259566128253937,1.4208686351776123,-0.24709586339630962,0.4454613029956817,14.798217320124428,0.0
367,9.175,1.7576005482185198e+18,7.612497347925151,1.2056910699807857,1.3515386744579556,-0.09675224218454694,1.9421268388359343,1.825087472106925,1.5240484066768236,0.11739262982079791,0.0914013981819152,1.7166179418563845,-0.3650792673984289,1.619726300239563,-0.30469170888868957,0.2072647511959076,1.619726300239563,-0.34149151468140304,0.2072647511959076,1.52059805393219,-0.27900595054963984,0.3259566128253937,1.52059805393219,-0.3143027283403377,0.3259566128253937,14.695089776679513,0.0
368,9.200000000000001,1.7576005482435197e+18,7.605062510629832,1.2349767306610369,1.3879763787636237,-0.11014239259040284,1.9869812655513106,1.8721814188473636,1.5248118894361355,0.06035373523489658,0.0914013981819152,1.7166179418563845,-0.3286415630927608,1.7166179418563845,-0.3650792673984289,0.0914013981819152,1.619726300239563,-0.30469170888868957,0.2072647511959076,1.619726300239563,-0.34149151468140304,0.2072647511959076,1.52059805393219,-0.27900595054963984,0.3259566128253937,14.598594266493624,0.0
369,9.225000000000001,1.7576005482685197e+18,7.589169114820811,1.2612731888628084,1.4247646527666713,-0.1229748453611305,2.0301035836498933,1.8811908185837907,1.5016623666543611,0.007062263456066943,-0.0207689069211483,1.8036417961120603,-0.378877143345389,1.7166179418563845,-0.3286415630927608,0.0914013981819152,1.7166179418563845,-0.3650792673984289,0.0914013981819152,1.619726300239563,-0.30469170888868957,0.2072647511959076,1.619726300239563,-0.34149151468140304,0.2072647511959076,14.322740275431018,0.0
370,9.25,1.75760054829352e+18,7.579029323346941,1.2905577874287373,1.4619353217920836,-0.13484748898289062,2.078419316200425,1.8366680464922467,1.457770802643163,-0.0408572501998801,-0.0207689069211483,1.8036417961120603,-0.3417064743199767,1.8036417961120603,-0.378877143345389,-0.0207689069211483,1.7166179418563845,-0.3286415630927608,0.0914013981819152,1.7166179418563845,-0.3650792673984289,0.0914013981819152,1.619726300239563,-0.30469170888868957,0.2072647511959076,14.059250484920408,0.0
371,9.275,1.7576005483185198e+18,7.555078520073904,1.3399153942044897,1.4988583701900757,-0.14409789171137238,2.136955177170392,1.7272534757509763,1.3972724962901935,-0.08193594937292085,-0.1095289066433906,1.8776648044586184,-0.37880643426854266,1.8036417961120603,-0.3417064743199767,-0.0207689069211483,1.8036417961120603,-0.378877143345389,-0.0207689069211483,1.7166179418563845,-0.3286415630927608,0.0914013981819152,1.7166179418563845,-0.3650792673984289,0.0914013981819152,13.641095304722931,0.0
372,9.3,1.7576005483435197e+18,7.543165228855354,1.365258464253458,1.5344266098235821,-0.14804493600424828,2.1769517145276676,1.548726276437936,1.3264690927726355,-0.11502987165640731,-0.1095289066433906,1.8776648044586184,-0.34323819463503624,1.8776648044586184,-0.37880643426854266,-0.1095289066433906,1.8036417961120603,-0.3417064743199767,-0.0207689069211483,1.8036417961120603,-0.378877143345389,-0.0207689069211483,1.7166179418563845,-0.3286415630927608,0.0914013981819152,13.24986396937986,0.0
373,9.325000000000001,1.7576005483685197e+18,7.525488660024935,1.4033676293403732,1.5675892661026702,-0.1440978479350426,2.2054745047391338,1.3054969063974171,1.2546184184720706,-0.13938239826649326,-0.1095289066433906,1.8776648044586184,-0.31007553835594814,1.8776648044586184,-0.34323819463503624,-0.1095289066433906,1.8776648044586184,-0.37880643426854266,-0.1095289066433906,1.8036417961120603,-0.3417064743199767,-0.0207689069211483,1.8036417961120603,-0.378877143345389,-0.0207689069211483,12.79244415209346,0.0
374,9.350000000000001,1.7576005483935196e+18,7.491683903118311,1.4431253774813826,1.597936117793951,-0.13128864582415853,2.26364800769934,1.0102085615285517,1.193428764532758,-0.15461034993986023,-0.1656118780374527,1.9674080610275269,-0.3694719432335758,1.8776648044586184,-0.31007553835594814,-0.1095289066433906,1.8776648044586184,-0.34323819463503624,-0.1095289066433906,1.8776648044586184,-0.37880643426854266,-0.1095289066433906,1.8036417961120603,-0.3417064743199767,-0.0207689069211483,12.2849566031445,0.0
375,9.375,1.7576005484185198e+18,7.479222105344101,1.4625039973246687,1.6260184525768095,-0.11138993047565242,2.2888123822291355,0.6818050301674453,1.1552110106572466,-0.16068402479938781,-0.1742457002401352,2.054344415664673,-0.4283259630878633,1.9674080610275269,-0.3694719432335758,-0.1656118780374527,1.8776648044586184,-0.31007553835594814,-0.1095289066433906,1.8776648044586184,-0.34323819463503624,-0.1095289066433906,1.8776648044586184,-0.37880643426854266,-0.1095289066433906,11.635470655129891,0.0
376,9.4,1.7576005484435197e+18,7.435831055360417,1.508740680298915,1.6532407787058783,-0.08886850780348654,2.2871938012401594,0.34283472254856306,1.150448015168432,-0.15791561461717088,-0.1742457002401352,2.054344415664673,-0.4011036369587946,2.054344415664673,-0.4283259630878633,-0.1742457002401352,1.9674080610275269,-0.3694719432335758,-0.1656118780374527,1.8776648044586184,-0.31007553835594814,-0.1095289066433906,1.8776648044586184,-0.34323819463503624,-0.1095289066433906,11.036239486179298,0.0
377,9.425,1.7576005484685197e+18,7.410171638697604,1.5401008883765377,1.6813889009880958,-0.0694760832961087,2.2884043116763695,0.016718958502502976,1.1858273465639435,-0.14688935534052214,-0.1258151680231094,2.153101682662964,-0.4717127816748681,2.054344415664673,-0.4011036369587946,-0.1742457002401352,2.054344415664673,-0.4283259630878633,-0.1742457002401352,1.9674080610275269,-0.3694719432335758,-0.1656118780374527,1.8776648044586184,-0.31007553835594814,-0.1095289066433906,10.294235352883794,0.0
378,9.450000000000001,1.75760054849352e+18,7.372291947246442,1.5808321715666136,1.7120443435433568,-0.057965182019686694,2.2832088906930843,-0.2746974922515599,1.2634013151585968,-0.12829044091668035,-0.1258151680231094,2.153101682662964,-0.4410573391196071,2.153101682662964,-0.4717127816748681,-0.1258151680231094,2.054344415664673,-0.4011036369587946,-0.1742457002401352,2.054344415664673,-0.4283259630878633,-0.1742457002401352,1.9674080610275269,-0.3694719432335758,-0.1656118780374527,9.614218005378568,0.0
379,9.475000000000001,1.7576005485185198e+18,7.350389383122147,1.60629252362258,1.7461673202680468,-0.05590441913072702,2.287189080212618,-0.5133629287290384,1.3807527632016012,-0.10271411724898656,-0.0863305330276489,2.252803325653076,-0.5066360053850294,2.153101682662964,-0.4410573391196071,-0.1258151680231094,2.153101682662964,-0.4717127816748681,-0.1258151680231094,2.054344415664673,-0.4011036369587946,-0.1742457002401352,2.054344415664673,-0.4283259630878633,-0.1742457002401352,8.802315469879574,0.0
380,9.5,1.7576005485435197e+18,7.300692886890923,1.6791138382737227,1.784012910790713,-0.06064462114400969,2.263523217672062,-0.6869859899753065,1.531372963519317,-0.07061108965727395,-0.0863305330276489,2.252803325653076,-0.46879041486236317,2.252803325653076,-0.5066360053850294,-0.0863305330276489,2.153101682662964,-0.4410573391196071,-0.1258151680231094,2.153101682662964,-0.4717127816748681,-0.1258151680231094,2.054344415664673,-0.4011036369587946,-0.1742457002401352,8.063511938351116,0.0
381,9.525,1.7576005485685197e+18,7.277881985010961,1.7052256016235054,1.8253639750429869,-0.06604956015882811,2.2575049053774596,-0.7903419895451212,1.7043617067545758,-0.032450322712659546,-0.0226901695132255,2.352611303329468,-0.5272473282864814,2.252803325653076,-0.46879041486236317,-0.0863305330276489,2.252803325653076,-0.5066360053850294,-0.0863305330276489,2.153101682662964,-0.4410573391196071,-0.1258151680231094,2.153101682662964,-0.4717127816748681,-0.1258151680231094,7.202715277972763,0.0
382,9.55,1.7576005485935196e+18,7.239323350777697,1.761017461394934,1.8699046806719686,-0.06478769703581491,2.2211860903204186,-0.8252854625496242,1.8831688139531462,0.01098098621827405,-0.0226901695132255,2.352611303329468,-0.48270662265749964,2.352611303329468,-0.5272473282864814,-0.0226901695132255,2.252803325653076,-0.46879041486236317,-0.0863305330276489,2.252803325653076,-0.5066360053850294,-0.0863305330276489,2.153101682662964,-0.4410573391196071,-0.1258151680231094,6.424227254987275,0.0
383,9.575000000000001,1.7576005486185198e+18,7.214953264965976,1.790009216083855,1.9174761518748267,-0.051232369951686625,2.2068440012010684,-0.7991447296045304,2.0441086148429775,0.0583299095832568,0.0842752829194068,2.451644897460937,-0.5341687455861104,2.352611303329468,-0.48270662265749964,-0.0226901695132255,2.352611303329468,-0.5272473282864814,-0.0226901695132255,2.252803325653076,-0.46879041486236317,-0.0863305330276489,2.252803325653076,-0.5066360053850294,-0.0863305330276489,5.53405950862251,0.0
384,9.600000000000001,1.7576005486435197e+18,7.173079073277346,1.8501530525205023,1.9679940975972006,-0.023774049421023576,2.174679928725314,-0.7218766174257122,2.156199482159086,0.10765088444115312,0.0842752829194068,2.451644897460937,-0.4836507998637365,2.451644897460937,-0.5341687455861104,0.0842752829194068,2.352611303329468,-0.48270662265749964,-0.0226901695132255,2.352611303329468,-0.5272473282864814,-0.0226901695132255,2.252803325653076,-0.46879041486236317,-0.0863305330276489,4.73586970641779,0.0
385,9.625,1.7576005486685197e+18,7.1458430396875485,1.886040953012844,2.0209794656795252,0.014307525715740068,2.155790224481109,-0.6029684419762664,2.1839356467650597,0.15664134192193815,0.1845344603061676,2.5234241485595703,-0.5024446828800451,2.451644897460937,-0.4836507998637365,0.0842752829194068,2.451644897460937,-0.5341687455861104,0.0842752829194068,2.352611303329468,-0.48270662265749964,-0.0226901695132255,2.352611303329468,-0.5272473282864814,-0.0226901695132255,3.919368152542747,0.0
386,9.65,1.75760054869352e+18,7.12453036548011,1.914123864889878,2.074903379206048,0.055596113544525524,2.1410086994435424,-0.44917936773218586,2.0936664221001697,0.20304343326751026,0.1845344603061676,2.5234241485595703,-0.4485207693535225,2.5234241485595703,-0.5024446828800451,0.1845344603061676,2.451644897460937,-0.4836507998637365,0.0842752829194068,2.451644897460937,-0.5341687455861104,0.0842752829194068,2.352611303329468,-0.48270662265749964,-0.0226901695132255,3.201979891443199,0.0
387,9.675,1.7576005487185198e+18,7.105212994392527,1.942905498130732,2.1267531091117453,0.09049489956788954,2.1273449076827067,-0.2638061628660912,1.8626375663709211,0.24504610964852763,0.2687428891658783,2.4251036643981934,-0.29835055528644805,2.5234241485595703,-0.4485207693535225,0.1845344603061676,2.5234241485595703,-0.5024446828800451,0.1845344603061676,2.451644897460937,-0.4836507998637365,0.0842752829194068,2.451644897460937,-0.5341687455861104,0.0842752829194068,2.664169666780835,0.0
388,9.700000000000001,1.7576005487435197e+18,7.049084961380874,2.022674036676576,2.1722245169786114,0.10966740479854359,2.113230645450299,-0.04757850792270367,1.488159916828524,0.2815412861151573,0.2687428891658783,2.4251036643981934,-0.25287914741958195,2.4251036643981934,-0.29835055528644805,0.2687428891658783,2.5234241485595703,-0.4485207693535225,0.1845344603061676,2.5234241485595703,-0.5024446828800451,0.1845344603061676,2.451644897460937,-0.4836507998637365,0.0842752829194068,2.216916703723056,0.0
389,9.725000000000001,1.7576005487685197e+18,7.018036637189978,2.076786888523516,2.2066534999851855,0.10625734578732467,2.126515148650962,0.19916387200974248,0.9936114344329487,0.31216749528728943,0.3185809254646301,2.3253791332244877,-0.1187256332393023,2.4251036643981934,-0.25287914741958195,0.2687428891658783,2.4251036643981934,-0.29835055528644805,0.2687428891658783,2.5234241485595703,-0.4485207693535225,0.1845344603061676,2.5234241485595703,-0.5024446828800451,0.1845344603061676,1.9013515552821103,0.0
390,9.75,1.7576005487935196e+18,6.994927047082959,2.1139489188859297,2.226358494723096,0.07736631121513372,2.122701058401474,0.4737138638680495,0.4285213979203784,0.33717221897222505,0.3185809254646301,2.3253791332244877,-0.09902063850139164,2.3253791332244877,-0.1187256332393023,0.3185809254646301,2.4251036643981934,-0.25287914741958195,0.2687428891658783,2.4251036643981934,-0.29835055528644805,0.2687428891658783,2.5234241485595703,-0.4485207693535225,0.1845344603061676,1.6445934961563065,0.0
391,9.775,1.7576005488185198e+18,6.981325985653326,2.14082031826759,2.2297997540658643,0.024524761908622773,2.139529349408597,0.768721035420026,-0.1382844387156127,0.3571945170806726,0.3678046464920044,2.228690385818481,0.00110936824738328,2.3253791332244877,-0.09902063850139164,0.3185809254646301,2.3253791332244877,-0.1187256332393023,0.3185809254646301,2.4251036643981934,-0.25287914741958195,0.2687428891658783,2.4251036643981934,-0.29835055528644805,0.2687428891658783,1.4425094624934591,0.0
392,9.8,1.7576005488435197e+18,6.934741546884037,2.218853726714784,2.218074882139181,-0.046823234162341215,2.171912575288187,1.0715719105912753,-0.6312380172415809,0.3730734065552099,0.3678046464920044,2.228690385818481,-0.010615503679300087,2.228690385818481,0.00110936824738328,0.3678046464920044,2.3253791332244877,-0.09902063850139164,0.3185809254646301,2.3253791332244877,-0.1187256332393023,0.3185809254646301,2.4251036643981934,-0.25287914741958195,0.2687428891658783,1.2585612515746918,0.0
393,9.825000000000001,1.7576005488685197e+18,6.905806412878093,2.2647183042867303,2.1946496324916818,-0.12854604307489678,2.2030417384775727,1.3660517866770203,-0.9831347389266016,0.38572514920239465,0.3948825597763061,2.276619672775269,-0.08197004028358723,2.228690385818481,-0.010615503679300087,0.3678046464920044,2.228690385818481,0.00110936824738328,0.3678046464920044,2.3253791332244877,-0.09902063850139164,0.3185809254646301,2.3253791332244877,-0.1187256332393023,0.3185809254646301,1.0012237728538722,0.0
394,9.850000000000001,1.75760054889352e+18,6.858240388918837,2.3398079540824908,2.164563385413845,-0.21136626747405976,2.246995395887184,1.6357785512852825,-1.1487922896239395,0.396056730658946,0.3948825597763061,2.276619672775269,-0.11205628736142392,2.276619672775269,-0.08197004028358723,0.3948825597763061,2.228690385818481,-0.010615503679300087,0.3678046464920044,2.228690385818481,0.00110936824738328,0.3678046464920044,2.3253791332244877,-0.09902063850139164,0.3185809254646301,0.7367529926697782,0.0
395,9.875,1.7576005489185198e+18,6.849282618687044,2.35361159530396,2.1334509943359192,-0.286413532307545,2.262096992797661,1.867892583509237,-1.1137159302496416,0.404852712600026,0.4081032276153564,2.371201992034912,-0.23775099769899288,2.276619672775269,-0.11205628736142392,0.3948825597763061,2.276619672775269,-0.08197004028358723,0.3948825597763061,2.228690385818481,-0.010615503679300087,0.3678046464920044,2.228690385818481,0.00110936824738328,0.3678046464920044,0.33684073692361305,0.0
396,9.9,1.7576005489435197e+18,6.828034652407661,2.4108567389617885,2.1066243931929653,-0.3466715162267955,2.3143981164635035,2.0553715880499857,-0.895729430763827,0.41260304424055605,0.4081032276153564,2.371201992034912,-0.26457759884194676,2.371201992034912,-0.23775099769899288,0.4081032276153564,2.276619672775269,-0.11205628736142392,0.3948825597763061,2.276619672775269,-0.08197004028358723,0.3948825597763061,2.228690385818481,-0.010615503679300087,0.3678046464920044,-0.06746268919925247,0.0
397,9.925,1.7576005489685197e+18,6.795724457259295,2.456949849275806,2.0883176158131316,-0.38821542713705876,2.359737429117667,2.197238121779274,-0.5395203647061243,0.4193003315510411,0.4196429848670959,2.470784902572632,-0.38246728675950026,2.371201992034912,-0.26457759884194676,0.4081032276153564,2.371201992034912,-0.23775099769899288,0.4081032276153564,2.276619672775269,-0.11205628736142392,0.3948825597763061,2.276619672775269,-0.08197004028358723,0.3948825597763061,-0.6527663137863369,0.0
398,9.950000000000001,1.7576005489935196e+18,6.735638642162599,2.517678547702599,2.081138337308004,-0.41089061697412427,2.463627454787413,2.297149590072661,-0.1058817757230541,0.4242851898614456,0.4196429848670959,2.470784902572632,-0.38964656526462793,2.470784902572632,-0.38246728675950026,0.4196429848670959,2.371201992034912,-0.26457759884194676,0.4081032276153564,2.371201992034912,-0.23775099769899288,0.4081032276153564,2.276619672775269,-0.11205628736142392,0.3948825597763061,-1.2185057904304546,0.0
399,9.975000000000001,1.7576005490185198e+18,6.6977236670838005,2.5447190970441413,2.085805635632977,-0.4179281750589928,2.5119902946801838,2.361495597808215,0.3413936043069225,0.4262310255300735,0.4215091168880462,2.570716142654419,-0.4849105070214419,2.470784902572632,-0.38964656526462793,0.4196429848670959,2.470784902572632,-0.38246728675950026,0.4196429848670959,2.371201992034912,-0.26457759884194676,0.4081032276153564,2.371201992034912,-0.23775099769899288,0.4081032276153564,-1.9490334220206817,0.0
400,10.0,1.7576005490435197e+18,6.6526262704303765,2.59153250983449,2.1012983200896596,-0.4143576191520237,2.5844395890303296,2.3978932260039194,0.7477474915186267,0.4233287557035549,0.4215091168880462,2.570716142654419,-0.4694178225647594,2.570716142654419,-0.4849105070214419,0.4215091168880462,2.470784902572632,-0.38964656526462793,0.4196429848670959,2.470784902572632,-0.38246728675950026,0.4196429848670959,2.371201992034912,-0.26457759884194676,0.4081032276153564,-2.6336756056829813,0.0
401,10.025,1.7576005490685197e+18,6.621343115480144,2.621188165364884,2.1254530315487923,-0.4048606350963793,2.6189573350732975,2.4143347356662255,1.076616707376601,0.4136646789438979,0.4158946573734283,2.6707019805908203,-0.545248949042028,2.570716142654419,-0.4694178225647594,0.4215091168880462,2.570716142654419,-0.4849105070214419,0.4215091168880462,2.470784902572632,-0.38964656526462793,0.4196429848670959,2.470784902572632,-0.38246728675950026,0.4196429848670959,-3.463206332845931,0.0
402,10.05,1.75760054909352e+18,6.581052227477315,2.658721144325038,2.1558133353866094,-0.39224066281484354,2.67994501513256,2.4187898319302987,1.3133302651153849,0.3956997058623324,0.4158946573734283,2.6707019805908203,-0.514888645204211,2.6707019805908203,-0.545248949042028,0.4158946573734283,2.570716142654419,-0.4694178225647594,0.4215091168880462,2.570716142654419,-0.4849105070214419,0.4215091168880462,2.470784902572632,-0.38964656526462793,0.4196429848670959,-4.231713470198714,0.0
403,10.075000000000001,1.7576005491185198e+18,6.497238449507288,2.695311512759516,2.190342245059734,-0.37738669812022657,2.7616886019301066,2.418955933308553,1.464111808705698,0.3686951606561925,0.3531157672405243,2.7706966400146484,-0.5803543949549144,2.6707019805908203,-0.514888645204211,0.4158946573734283,2.6707019805908203,-0.545248949042028,0.4158946573734283,2.570716142654419,-0.4694178225647594,0.4215091168880462,2.570716142654419,-0.4849105070214419,0.4215091168880462,-5.135065334773277,0.0
404,10.100000000000001,1.7576005491435197e+18,6.454443529199267,2.724176760163849,2.227707737380682,-0.3606315511377038,2.8134063625020462,2.4218438120675234,1.5512148813776738,0.3329381083725648,0.3531157672405243,2.7706966400146484,-0.5429889026339665,2.7706966400146484,-0.5803543949549144,0.3531157672405243,2.6707019805908203,-0.514888645204211,0.4158946573734283,2.6707019805908203,-0.545248949042028,0.4158946573734283,2.570716142654419,-0.4694178225647594,0.4215091168880462,-5.969399952254555,0.0
405,10.125,1.7576005491685197e+18,6.402738140473151,2.740441329963814,2.2671762696144886,-0.3434853749047887,2.860776108887825,2.4328231699282727,1.6057130746468038,0.28970777306448525,0.2617083191871643,2.870690107345581,-0.6035138377310925,2.7706966400146484,-0.5429889026339665,0.3531157672405243,2.7706966400146484,-0.5803543949549144,0.3531157672405243,2.6707019805908203,-0.514888645204211,0.4158946573734283,2.6707019805908203,-0.545248949042028,0.4158946573734283,-6.929733070817237,0.0
406,10.15,1.7576005491935196e+18,6.360693487260298,2.7593226259919623,2.308384196880768,-0.32954248077128995,2.9127188806330833,2.4538892428345824,1.6594301116878407,0.24104068249880453,0.2617083191871643,2.870690107345581,-0.5623059104648132,2.870690107345581,-0.6035138377310925,0.2617083191871643,2.7706966400146484,-0.5429889026339665,0.3531157672405243,2.7706966400146484,-0.5803543949549144,0.3531157672405243,2.6707019805908203,-0.514888645204211,0.4158946573734283,-7.809443146937852,0.0
407,10.175,1.7576005492185198e+18,6.28201880945536,2.774592294984996,2.351216618379445,-0.32399309775642193,3.011691983354923,2.4815080445407065,1.7372077024935495,0.1894226889061325,0.1622281521558761,2.9706623554229736,-0.6194457370435287,2.870690107345581,-0.5623059104648132,0.2617083191871643,2.870690107345581,-0.6035138377310925,0.2617083191871643,2.7706966400146484,-0.5429889026339665,0.3531157672405243,2.7706966400146484,-0.5803543949549144,0.3531157672405243,-8.800444921030902,0.0
408,10.200000000000001,1.7576005492435197e+18,6.181886680811648,2.79854680426754,2.395828543788696,-0.33206246203288026,3.092524262930294,2.5051190031853507,1.8505030523707382,0.13752847937808646,0.1622281521558761,2.9706623554229736,-0.5748338116342775,2.9706623554229736,-0.6194457370435287,0.1622281521558761,2.870690107345581,-0.5623059104648132,0.2617083191871643,2.870690107345581,-0.6035138377310925,0.2617083191871643,2.7706966400146484,-0.5429889026339665,0.3531157672405243,-9.694056113105116,0.0
409,10.225000000000001,1.7576005492685197e+18,6.157893367676522,2.8048780942207507,2.4426887515103095,-0.3571611787590984,3.1179427290822126,2.50751617099704,1.9933307096863095,0.08806343188321472,0.067627876996994,3.0705485343933105,-0.627859782883001,2.9706623554229736,-0.5748338116342775,0.1622281521558761,2.9706623554229736,-0.6194457370435287,0.1622281521558761,2.870690107345581,-0.5623059104648132,0.2617083191871643,2.870690107345581,-0.6035138377310925,0.2617083191871643,-10.681578905211897,0.0
410,10.25,1.75760054929352e+18,6.0835319443478415,2.809097681671325,2.4924791370558292,-0.39939821846373147,3.1848653335280233,2.4676415704989942,2.1416631586555224,0.04368421937118901,0.067627876996994,3.0705485343933105,-0.5780693973374813,3.0705485343933105,-0.627859782883001,0.067627876996994,2.9706623554229736,-0.5748338116342775,0.1622281521558761,2.9706623554229736,-0.6194457370435287,0.1622281521558761,2.870690107345581,-0.5623059104648132,0.2617083191871643,-11.555451627752706,0.0
411,10.275,1.7576005493185198e+18,6.03579006081734,2.81790893634615,2.545729805376207,-0.4547760791406007,3.23358640440469,2.3653050565900204,2.2572198852449517,0.006925435436125039,-0.0067218407057225,3.1698358058929443,-0.6241060005167371,3.0705485343933105,-0.5780693973374813,0.067627876996994,3.0705485343933105,-0.627859782883001,0.067627876996994,2.9706623554229736,-0.5748338116342775,0.1622281521558761,2.9706623554229736,-0.6194457370435287,0.1622281521558761,-12.50816199678204,0.0
412,10.3,1.7576005493435197e+18,5.939017407457886,2.8062469711816336,2.602210212104505,-0.5152198278127702,3.315257359235547,2.186618830084707,2.295789523626522,-0.019939114877952087,-0.0067218407057225,3.1698358058929443,-0.5676255937884394,3.1698358058929443,-0.6241060005167371,-0.0067218407057225,3.0705485343933105,-0.5780693973374813,0.067627876996994,3.0705485343933105,-0.627859782883001,0.067627876996994,2.9706623554229736,-0.5748338116342775,0.1622281521558761,-13.336795092348408,0.0
413,10.325000000000001,1.7576005493685197e+18,5.88891379151114,2.804762988282138,2.6603044737148664,-0.569548419456399,3.363147783118867,1.9286222223607425,2.218846061136094,-0.03512427512313528,-0.0454742908477783,3.2646923065185547,-0.6043878328036882,3.1698358058929443,-0.5676255937884394,-0.0067218407057225,3.1698358058929443,-0.6241060005167371,-0.0067218407057225,3.0705485343933105,-0.5780693973374813,0.067627876996994,3.0705485343933105,-0.627859782883001,0.067627876996994,-14.140800347649819,0.0
414,10.350000000000001,1.7576005493935196e+18,5.76264812841486,2.801215901793332,2.716753613418176,-0.6053688385730436,3.4683406253711118,1.6016033781786965,2.0056757911508654,-0.03760709213356923,-0.0454742908477783,3.2646923065185547,-0.5479386931003787,3.2646923065185547,-0.6043878328036882,-0.0454742908477783,3.1698358058929443,-0.5676255937884394,-0.0067218407057225,3.1698358058929443,-0.6241060005167371,-0.0067218407057225,3.0705485343933105,-0.5780693973374813,0.067627876996994,-14.825944179616506,0.0
415,10.375,1.7576005494185198e+18,5.76264812841486,2.801215901793332,2.7670834877536414,-0.6115997859760681,3.4683406253711118,1.2282165174567998,1.662262458120192,-0.027354985579969744,-0.0151611566543579,3.1919915676116943,-0.4249080798580529,3.2646923065185547,-0.5479386931003787,-0.0454742908477783,3.2646923065185547,-0.6043878328036882,-0.0454742908477783,3.1698358058929443,-0.5676255937884394,-0.0067218407057225,3.1698358058929443,-0.6241060005167371,-0.0067218407057225,-15.246502232338353,0.0
416,10.4,1.7576005494435197e+18,5.62854440196524,2.7540484927484528,2.8067247551879566,-0.5810478666042094,3.5237297595470127,0.8396796759124282,1.2234610538081498,-0.005419871740735731,-0.0151611566543579,3.1919915676116943,-0.3852668124237377,3.1919915676116943,-0.4249080798580529,-0.0151611566543579,3.2646923065185547,-0.5479386931003787,-0.0454742908477783,3.2646923065185547,-0.6043878328036882,-0.0454742908477783,3.1698358058929443,-0.5676255937884394,-0.0067218407057225,-15.58341118307192,0.0
417,10.425,1.7576005494685197e+18,5.62854440196524,2.7540484927484528,2.832448465597119,-0.5123849651690426,3.5237297595470127,0.4704591822948444,0.7467443074019651,0.02614551747345041,0.0371003784239292,3.1035897731781006,-0.27114130758098165,3.1919915676116943,-0.3852668124237377,-0.0151611566543579,3.1919915676116943,-0.4249080798580529,-0.0151611566543579,3.2646923065185547,-0.5479386931003787,-0.0454742908477783,3.2646923065185547,-0.6043878328036882,-0.0454742908477783,-15.681169372820122,0.0
418,10.450000000000001,1.75760054949352e+18,5.544017769318296,2.7119690829591505,2.843522933992495,-0.41106575568899456,3.5206625024809237,0.1531435529057277,0.2985712320266064,0.06454627450278742,0.0371003784239292,3.1035897731781006,-0.2600668391856056,3.1035897731781006,-0.27114130758098165,0.0371003784239292,3.1919915676116943,-0.3852668124237377,-0.0151611566543579,3.1919915676116943,-0.4249080798580529,-0.0151611566543579,3.2646923065185547,-0.5479386931003787,-0.0454742908477783,-15.755787181646504,0.0
419,10.475000000000001,1.7576005495185198e+18,5.478866815827591,2.6876639229759185,2.842065739509566,-0.28895068510364164,3.5306918680763557,-0.08536848152408621,-0.06281774075646558,0.10664935231871071,0.1346266418695449,3.0079617500305176,-0.1658960105209517,3.1035897731781006,-0.2600668391856056,0.0371003784239292,3.1035897731781006,-0.27114130758098165,0.0371003784239292,3.1919915676116943,-0.3852668124237377,-0.0151611566543579,3.1919915676116943,-0.4249080798580529,-0.0151611566543579,-15.682510494779347,0.0
420,10.5,1.7576005495435197e+18,5.43109358854125,2.666610829993328,2.8323861451170904,-0.16250317509410173,3.513457571998534,-0.2261157590044988,-0.3027901720959627,0.14947424835449333,0.1346266418695449,3.0079617500305176,-0.17557560491342716,3.0079617500305176,-0.1658960105209517,0.1346266418695449,3.1035897731781006,-0.2600668391856056,0.0371003784239292,3.1035897731781006,-0.27114130758098165,0.0371003784239292,3.1919915676116943,-0.3852668124237377,-0.0151611566543579,-15.6395964285803,0.0
421,10.525,1.7576005495685197e+18,5.3776378613462725,2.645958891352219,2.819540071321695,-0.04964247648750463,3.5185061865637404,-0.2591357183705539,-0.4188535115453041,0.19066659023357824,0.2113591730594635,2.911578416824341,-0.09203834550264567,3.0079617500305176,-0.17557560491342716,0.1346266418695449,3.0079617500305176,-0.1658960105209517,0.1346266418695449,3.1035897731781006,-0.2600668391856056,0.0371003784239292,3.1035897731781006,-0.27114130758098165,0.0371003784239292,-15.636615891919291,0.0
422,10.55,1.7576005495935196e+18,5.226484075066114,2.5861302632230814,2.8076596609273126,0.03410076660062912,3.4992423734614353,-0.18393286684390142,-0.43954070632963915,0.22882705785300894,0.2113591730594635,2.911578416824341,-0.10391875589702826,2.911578416824341,-0.09203834550264567,0.2113591730594635,3.0079617500305176,-0.17557560491342716,0.1346266418695449,3.0079617500305176,-0.1658960105209517,0.1346266418695449,3.1035897731781006,-0.2600668391856056,0.0371003784239292,-15.682010771512848,0.0
423,10.575000000000001,1.7576005496185198e+18,5.226484075066114,2.5861302632230814,2.7987188555126568,0.07888641370444094,3.4992423734614353,-0.009753612116022891,-0.41418232542795363,0.2636037486880492,0.2801400423049927,2.8116447925567627,-0.01292593704410594,2.911578416824341,-0.10391875589702826,0.2113591730594635,2.911578416824341,-0.09203834550264567,0.2113591730594635,3.0079617500305176,-0.17557560491342716,0.1346266418695449,3.0079617500305176,-0.1658960105209517,0.1346266418695449,-15.76945397254646,0.0
424,10.600000000000001,1.7576005496435197e+18,5.104627450870114,2.5419831406784352,2.792200486043086,0.0821303226299063,3.4884009442885953,0.24451421254174707,-0.39718948563689027,0.2955335335576975,0.2801400423049927,2.8116447925567627,-0.01944430651367668,2.8116447925567627,-0.01292593704410594,0.2801400423049927,2.911578416824341,-0.10391875589702826,0.2113591730594635,2.911578416824341,-0.09203834550264567,0.2113591730594635,3.0079617500305176,-0.17557560491342716,0.1346266418695449,-15.893558569855049,0.0
425,10.625,1.7576005496685197e+18,5.050645092142073,2.521657326990433,2.785717199407956,0.04796163784250988,3.4854653410360834,0.5516305887540086,-0.43214442958639776,0.3256882711504509,0.3383339643478393,2.7119076251983643,0.07380957420959167,2.8116447925567627,-0.01944430651367668,0.2801400423049927,2.8116447925567627,-0.01292593704410594,0.2801400423049927,2.911578416824341,-0.10391875589702826,0.2113591730594635,2.911578416824341,-0.09203834550264567,0.2113591730594635,-16.045580356166777,0.0
426,10.65,1.75760054969352e+18,4.952432478247879,2.490892947136988,2.7762125614740674,-0.014843182544612643,3.518024099500098,0.8793524608668881,-0.5406816372206876,0.3552185161534331,0.3383339643478393,2.7119076251983643,0.0643049362757031,2.7119076251983643,0.07380957420959167,0.3383339643478393,2.8116447925567627,-0.01944430651367668,0.2801400423049927,2.8116447925567627,-0.01292593704410594,0.2801400423049927,2.911578416824341,-0.10391875589702826,0.2113591730594635,-16.218250229536316,0.0
427,10.675,1.7576005497185198e+18,4.898423049549859,2.4716279442414155,2.7611610880801116,-0.09544689019252706,3.527976368579487,1.1958794004756397,-0.7191064820402502,0.3848927063875824,0.4030690491199493,2.6119985580444336,0.14916253003567803,2.7119076251983643,0.0643049362757031,0.3383339643478393,2.7119076251983643,0.07380957420959167,0.3383339643478393,2.8116447925567627,-0.01944430651367668,0.2801400423049927,2.8116447925567627,-0.01292593704410594,0.2801400423049927,-16.40523755387211,0.0
428,10.700000000000001,1.7576005497435197e+18,4.780218820582682,2.4311381606664915,2.7392952311682754,-0.1832370850904748,3.580051339253916,1.476100944470488,-0.9428616230508157,0.41471481255270615,0.4030690491199493,2.6119985580444336,0.12729667312384185,2.6119985580444336,0.14916253003567803,0.4030690491199493,2.7119076251983643,0.0643049362757031,0.3383339643478393,2.7119076251983643,0.07380957420959167,0.3383339643478393,2.8116447925567627,-0.01944430651367668,0.2801400423049927,-16.603541167872475,0.0
429,10.725000000000001,1.7576005497685197e+18,4.766901701608412,2.4263105106181886,2.71070912505795,-0.2694089585598943,3.5849895653766373,1.7063972947795354,-1.1764389048837849,0.4436840763018217,0.4504892826080322,2.512287139892578,0.19842198516537168,2.6119985580444336,0.12729667312384185,0.4030690491199493,2.6119985580444336,0.14916253003567803,0.4030690491199493,2.7119076251983643,0.0643049362757031,0.3383339643478393,2.7119076251983643,0.07380957420959167,0.3383339643478393,-16.709552534590593,0.0
430,10.75,1.7576005497935196e+18,4.720229676178097,2.4181008920308686,2.676503142275942,-0.34779520462034746,3.6320788574129814,1.8859467936555325,-1.3849883516033596,0.4697526383152485,0.4504892826080322,2.512287139892578,0.16421600238336387,2.512287139892578,0.19842198516537168,0.4504892826080322,2.6119985580444336,0.12729667312384185,0.4030690491199493,2.6119985580444336,0.14916253003567803,0.4030690491199493,2.7119076251983643,0.0643049362757031,0.3383339643478393,-16.917418415026166,0.0
431,10.775,1.7576005498185198e+18,4.654978892588631,2.39180605677212,2.638264093718507,-0.4150710865462167,3.668113154368537,2.023939636580897,-1.543962410206959,0.49003264958560394,0.4976018369197845,2.413357734680176,0.22490635903833134,2.512287139892578,0.16421600238336387,0.4504892826080322,2.512287139892578,0.19842198516537168,0.4504892826080322,2.6119985580444336,0.12729667312384185,0.4030690491199493,2.6119985580444336,0.14916253003567803,0.4030690491199493,-17.122822190313567,0.0
432,10.8,1.7576005498435197e+18,4.581409181900365,2.3592070184308067,2.597608336097107,-0.470486563631871,3.7297760741521717,2.133988064319736,-1.6443506363751554,0.5012689656545523,0.4976018369197845,2.413357734680176,0.1842506014169314,2.413357734680176,0.22490635903833134,0.4976018369197845,2.512287139892578,0.16421600238336387,0.4504892826080322,2.512287139892578,0.19842198516537168,0.4504892826080322,2.6119985580444336,0.12729667312384185,0.4030690491199493,-17.320929747609714,0.0
433,10.825000000000001,1.7576005498685197e+18,4.5192106236194,2.330484097334815,2.5558715000332803,-0.5152539818207231,3.774468263770914,2.2282180631539914,-1.6927783041596725,0.5005088128633975,0.5040335655212402,2.319933652877808,0.23593784715547228,2.413357734680176,0.1842506014169314,0.4976018369197845,2.413357734680176,0.22490635903833134,0.4976018369197845,2.512287139892578,0.16421600238336387,0.4504892826080322,2.512287139892578,0.19842198516537168,0.4504892826080322,-17.509083265797674,0.0
434,10.850000000000001,1.75760054989352e+18,4.428731926278955,2.2715626823167048,2.513927332344021,-0.5517601286431182,3.8675022859837482,2.313406840016282,-1.7073189618431017,0.48580077462076576,0.5040335655212402,2.319933652877808,0.19399367946621293,2.319933652877808,0.23593784715547228,0.5040335655212402,2.413357734680176,0.1842506014169314,0.4976018369197845,2.413357734680176,0.22490635903833134,0.4976018369197845,2.512287139892578,0.16421600238336387,0.4504892826080322,-17.68412096636888,0.0
435,10.875,1.7576005499185198e+18,4.346082635303728,2.2341363945113373,2.472094719650332,-0.5828259895252113,3.9333027236110625,2.3903236994010624,-1.7108767799532634,0.4567049473681883,0.4443499743938446,2.221666097640991,0.2504286220093408,2.319933652877808,0.19399367946621293,0.5040335655212402,2.319933652877808,0.23593784715547228,0.5040335655212402,2.413357734680176,0.1842506014169314,0.4976018369197845,2.413357734680176,0.22490635903833134,0.4976018369197845,-17.84784698147389,0.0
436,10.9,1.7576005499435197e+18,4.298583805298134,2.1870331442950586,2.430131391633465,-0.6111234515991716,4.002843687142112,2.4558617457821255,-1.7242882348210276,0.41443457310500526,0.4443499743938446,2.221666097640991,0.20846529399247382,2.221666097640991,0.2504286220093408,0.4443499743938446,2.319933652877808,0.19399367946621293,0.5040335655212402,2.319933652877808,0.23593784715547228,0.5040335655212402,2.413357734680176,0.1842506014169314,0.4976018369197845,-18.001574111524874,0.0
437,10.925,1.7576005499685197e+18,4.270607051688802,2.1506704793831206,2.3873612629522096,-0.6386122542167321,4.0536147526561255,2.50633405420045,-1.7609675433574958,0.36157150041093056,0.3235955536365509,2.1220080852508545,0.26535317770135514,2.221666097640991,0.20846529399247382,0.4443499743938446,2.221666097640991,0.2504286220093408,0.4443499743938446,2.319933652877808,0.19399367946621293,0.5040335655212402,2.319933652877808,0.23593784715547228,0.5040335655212402,-18.148480439714593,0.0
438,10.950000000000001,1.7576005499935196e+18,4.232472890905016,2.111162910332487,2.3429553877815192,-0.6658522349739471,4.106894650074087,2.53993625324736,-1.824200593317345,0.30145638350787524,0.3235955536365509,2.1220080852508545,0.22094730253066475,2.1220080852508545,0.26535317770135514,0.3235955536365509,2.221666097640991,0.20846529399247382,0.4443499743938446,2.221666097640991,0.2504286220093408,0.4443499743938446,2.319933652877808,0.19399367946621293,0.5040335655212402,-18.29281456014307,0.0
439,10.975000000000001,1.7576005500185198e+18,4.153360009915781,2.0322038003278715,2.2962742001078276,-0.6914040370008451,4.2162286538255165,2.5570103302154,-1.907340102061756,0.2374770448705242,0.2015583366155624,2.022022008895874,0.27425219121195354,2.1220080852508545,0.22094730253066475,0.3235955536365509,2.1220080852508545,0.26535317770135514,0.3235955536365509,2.221666097640991,0.20846529399247382,0.4443499743938446,2.221666097640991,0.2504286220093408,0.4443499743938446,-18.436666895033255,0.0
440,11.0,1.7576005500435197e+18,4.130388464174757,2.007997883051976,2.2471053228637734,-0.7117760131305433,4.252680870431009,2.5580813411301224,-1.996406366343379,0.17249981855957164,0.2015583366155624,2.022022008895874,0.22508331396789938,2.022022008895874,0.27425219121195354,0.2015583366155624,2.1220080852508545,0.22094730253066475,0.3235955536365509,2.1220080852508545,0.26535317770135514,0.3235955536365509,2.221666097640991,0.20846529399247382,0.4443499743938446,-18.58150677391237,0.0
441,11.025,1.7576005500685197e+18,4.0894367927787245,1.9528298281657888,2.1957045183207375,-0.722108033105935,4.323237111140166,2.540933796361965,-2.0741177787270084,0.1085968021293074,0.0819630175828933,1.9220534563064573,0.27365106201428024,2.022022008895874,0.22508331396789938,0.2015583366155624,2.022022008895874,0.27425219121195354,0.2015583366155624,2.1220080852508545,0.22094730253066475,0.3235955536365509,2.1220080852508545,0.26535317770135514,0.3235955536365509,-18.724951664156144,0.0
442,11.05,1.75760055009352e+18,4.06265417004167,1.9134379599634204,2.142695221497034,-0.7173287322611466,4.375281158032868,2.498510251422914,-2.124225512704003,0.04707338742035615,0.0819630175828933,1.9220534563064573,0.22064176519057654,1.9220534563064573,0.27365106201428024,0.0819630175828933,2.022022008895874,0.22508331396789938,0.2015583366155624,2.022022008895874,0.27425219121195354,0.2015583366155624,2.1220080852508545,0.22094730253066475,0.3235955536365509,-18.86841209567808,0.0
443,11.075000000000001,1.7576005501185198e+18,4.047912634087277,1.870779223295914,2.0889440652202915,-0.6933635191681355,4.4309993353641985,2.4189857047954195,-2.1351645446496024,-0.011320713138026671,-0.0363722443580627,1.8220564126968384,0.26688765252345314,1.9220534563064573,0.22064176519057654,0.0819630175828933,1.9220534563064573,0.27365106201428024,0.0819630175828933,2.022022008895874,0.22508331396789938,0.2015583366155624,2.022022008895874,0.27425219121195354,0.2015583366155624,-19.006391720291195,0.0
444,11.100000000000001,1.7576005501435197e+18,4.022359907262336,1.8137940248787143,2.035468453035236,-0.6480617828355418,4.511574515132556,2.2883988877628294,-2.1023478170542806,-0.06615305276154317,-0.0363722443580627,1.8220564126968384,0.21341204033839745,1.8220564126968384,0.26688765252345314,-0.0363722443580627,1.9220534563064573,0.22064176519057654,0.0819630175828933,1.9220534563064573,0.27365106201428024,0.0819630175828933,2.022022008895874,0.22508331396789938,0.2015583366155624,-19.1432094206075,0.0
445,11.125,1.7576005501685197e+18,4.004398066928832,1.7488235914110375,1.9833517672029657,-0.5816338605993641,4.5705380046106745,2.095157449547418,-2.0288055218078616,-0.11715410759016598,-0.1446773707866668,1.7220603227615356,0.26129144444143004,1.8220564126968384,0.21341204033839745,-0.0363722443580627,1.8220564126968384,0.26688765252345314,-0.0363722443580627,1.9220534563064573,0.22064176519057654,0.0819630175828933,1.9220534563064573,0.27365106201428024,0.0819630175828933,-19.24071254014226,0.0
446,11.15,1.7576005501935196e+18,3.997559560645529,1.7278700842351875,1.933623099630925,-0.49658792432520077,4.5975520881031136,1.8348498097324841,-1.9242328192731588,-0.16416784259438252,-0.1446773707866668,1.7220603227615356,0.2115627768693893,1.7220603227615356,0.26129144444143004,-0.1446773707866668,1.8220564126968384,0.21341204033839745,-0.0363722443580627,1.8220564126968384,0.26688765252345314,-0.0363722443580627,1.9220534563064573,0.22064176519057654,0.0819630175828933,-19.3366903007201,0.0
447,11.175,1.7576005502185198e+18,3.989404241615836,1.6568391662448283,1.8870817388367904,-0.39741645705310247,4.6735552822290725,1.5133897667865022,-1.8028262096367418,-0.20714472281772794,-0.2405924201011657,1.6220605373382568,0.2650212014985336,1.7220603227615356,0.2115627768693893,-0.1446773707866668,1.7220603227615356,0.26129144444143004,-0.1446773707866668,1.8220564126968384,0.21341204033839745,-0.0363722443580627,1.8220564126968384,0.26688765252345314,-0.0363722443580627,-19.36179869476296,0.0
448,11.200000000000001,1.7576005502435197e+18,3.980338984003815,1.6153475488111226,1.8440822721094297,-0.2903105649307371,4.723510436137845,1.1469263920109514,-1.680535874935523,-0.2460877482748106,-0.2405924201011657,1.6220605373382568,0.22202173477117282,1.6220605373382568,0.2650212014985336,-0.2405924201011657,1.7220603227615356,0.2115627768693893,-0.1446773707866668,1.7220603227615356,0.26129144444143004,-0.1446773707866668,1.8220564126968384,0.21341204033839745,-0.0363722443580627,-19.387759044081267,0.0
449,11.225000000000001,1.7576005502685197e+18,3.9986471153940815,1.546117698760892,1.8043545406043564,-0.18287765605205386,4.731458486201467,0.7582137810535348,-1.5724798169886365,-0.2809203077035703,-0.2405924201011657,1.6220605373382568,0.18229400326609957,1.6220605373382568,0.22202173477117282,-0.2405924201011657,1.6220605373382568,0.2650212014985336,-0.2405924201011657,1.7220603227615356,0.2115627768693893,-0.1446773707866668,1.7220603227615356,0.26129144444143004,-0.1446773707866668,-19.3351214852686,0.0
450,11.25,1.75760055029352e+18,4.003236237402917,1.4503209693818295,1.7669861492196,-0.08355504242751817,4.744339547022479,0.37078470094042587,-1.491169381508675,-0.3113578904324194,-0.3177553415298462,1.522061467170715,0.24492468204888485,1.6220605373382568,0.18229400326609957,-0.2405924201011657,1.6220605373382568,0.22202173477117282,-0.2405924201011657,1.6220605373382568,0.2650212014985336,-0.2405924201011657,1.7220603227615356,0.2115627768693893,-0.1446773707866668,-19.195843865737668,0.0
451,11.275,1.7576005503185198e+18,4.002910270124716,1.4315040784469732,1.730657959300641,-0.000501759462899075,4.75358016996439,0.0034381301154885286,-1.4458355604915436,-0.33692098703439605,-0.3604233562946319,1.4220621585845947,0.3085958007160463,1.522061467170715,0.24492468204888485,-0.3177553415298462,1.6220605373382568,0.18229400326609957,-0.2405924201011657,1.6220605373382568,0.22202173477117282,-0.2405924201011657,1.6220605373382568,0.2650212014985336,-0.2405924201011657,-18.885373461024184,0.0
452,11.3,1.7576005503435197e+18,4.002258501758444,1.393879890121704,1.6940658350643336,0.05988285622491133,4.772056704638099,-0.332604548550464,-1.4425947032097777,-0.35713273793477346,-0.3604233562946319,1.4220621585845947,0.2720036764797389,1.4220621585845947,0.3085958007160463,-0.3604233562946319,1.522061467170715,0.24492468204888485,-0.3177553415298462,1.6220605373382568,0.18229400326609957,-0.2405924201011657,1.6220605373382568,0.22202173477117282,-0.2405924201011657,-18.612863968020445,0.0
453,11.325000000000001,1.7576005503685197e+18,4.011766070174855,1.3489294266588692,1.6562941671313465,0.09436883442982195,4.734049314067487,-0.6330709021671311,-1.4846816234276587,-0.371784481619435,-0.3604233562946319,1.4220621585845947,0.23423200854675175,1.4220621585845947,0.2720036764797389,-0.3604233562946319,1.4220621585845947,0.3085958007160463,-0.3604233562946319,1.522061467170715,0.24492468204888485,-0.3177553415298462,1.6220605373382568,0.18229400326609957,-0.2405924201011657,-18.294197427865495,0.0
454,11.350000000000001,1.7576005503935196e+18,4.012372656863675,1.299631825927681,1.6168997611210234,0.10371745782970443,4.693894902191669,-0.8976341902892315,-1.5718196112854075,-0.38110328048840886,-0.3850018084049225,1.32209050655365,0.2948092545673735,1.4220621585845947,0.23423200854675175,-0.3604233562946319,1.4220621585845947,0.2720036764797389,-0.3604233562946319,1.4220621585845947,0.3085958007160463,-0.3604233562946319,1.522061467170715,0.24492468204888485,-0.3177553415298462,-17.937500139571668,0.0
455,11.375,1.7576005504185198e+18,4.012998926527639,1.2639328707124928,1.5756710989953546,0.09253152860261388,4.6857329729636135,-1.1265568349076511,-1.6982070821115174,-0.38575017628834973,-0.3867889642715454,1.2231329679489136,0.35253813104644105,1.32209050655365,0.2948092545673735,-0.3850018084049225,1.4220621585845947,0.23423200854675175,-0.3604233562946319,1.4220621585845947,0.2720036764797389,-0.3604233562946319,1.4220621585845947,0.3085958007160463,-0.3604233562946319,-17.45152972657262,0.0
456,11.4,1.7576005504435197e+18,4.009113575976118,1.2477048127466697,1.53228986994119,0.06809221385251507,4.6530661970448195,-1.3186084557130162,-1.8495188418746675,-0.3866871000482277,-0.3867889642715454,1.2231329679489136,0.3091569019922764,1.2231329679489136,0.35253813104644105,-0.3867889642715454,1.32209050655365,0.2948092545673735,-0.3850018084049225,1.4220621585845947,0.23423200854675175,-0.3604233562946319,1.4220621585845947,0.2720036764797389,-0.3604233562946319,-17.038528674808045,0.0
457,11.425,1.7576005504685197e+18,4.009290521726308,1.197795226105443,1.4862170829464088,0.03858696146428889,4.627643263928125,-1.4708801122997022,-2.000353533182253,-0.38498780277088346,-0.3802551329135895,1.1407005786895752,0.34551650425683356,1.2231329679489136,0.3091569019922764,-0.3867889642715454,1.2231329679489136,0.35253813104644105,-0.3867889642715454,1.32209050655365,0.2948092545673735,-0.3850018084049225,1.4220621585845947,0.23423200854675175,-0.3604233562946319,-16.51775299572608,0.0
458,11.450000000000001,1.75760055049352e+18,4.000725267963458,1.1505560634116083,1.4369898287453677,0.011373466868566603,4.566283096614299,-1.580213263381328,-2.114129338106579,-0.38166133883312775,-0.3802551329135895,1.1407005786895752,0.29628925005579254,1.1407005786895752,0.34551650425683356,-0.3802551329135895,1.2231329679489136,0.3091569019922764,-0.3867889642715454,1.2231329679489136,0.35253813104644105,-0.3867889642715454,1.32209050655365,0.2948092545673735,-0.3850018084049225,-16.072111547721267,0.0
459,11.475000000000001,1.7576005505185198e+18,3.999864755510896,1.1184472369784857,1.3848583862085808,-0.008218213774488482,4.539283644423995,-1.6453833780797744,-2.1470708258052755,-0.3775421112307235,-0.375946044921875,1.2154077291488647,0.16945065705971607,1.1407005786895752,0.29628925005579254,-0.3802551329135895,1.1407005786895752,0.34551650425683356,-0.3802551329135895,1.2231329679489136,0.3091569019922764,-0.3867889642715454,1.2231329679489136,0.35253813104644105,-0.3867889642715454,-15.677344666082657,0.0
460,11.5,1.7576005505435197e+18,3.982259355193744,1.086281207924774,1.331465665871744,-0.017392660421349924,4.473857896668448,-1.6689921005331638,-2.0565770725748274,-0.37327220989793053,-0.375946044921875,1.2154077291488647,0.11605793672287934,1.2154077291488647,0.16945065705971607,-0.375946044921875,1.1407005786895752,0.29628925005579254,-0.3802551329135895,1.1407005786895752,0.34551650425683356,-0.3802551329135895,1.2231329679489136,0.3091569019922764,-0.3867889642715454,-15.359662994846229,0.0
461,11.525,1.7576005505685197e+18,3.977506787343627,1.0559799915122414,1.2801778392633845,-0.01581630900971674,4.441939087334627,-1.6582872823194696,-1.8123642750759557,-0.36935520142418216,-0.3731629550457001,1.3140242099761963,-0.033846370712811824,1.2154077291488647,0.11605793672287934,-0.375946044921875,1.2154077291488647,0.16945065705971607,-0.375946044921875,1.1407005786895752,0.29628925005579254,-0.3802551329135895,1.1407005786895752,0.34551650425683356,-0.3802551329135895,-15.11753591509821,0.0
462,11.55,1.7576005505935196e+18,3.969835411005207,1.027661957953927,1.2357743275612285,-0.005149955011298652,4.382395522968077,-1.6246530822640997,-1.4071433075050128,-0.3662200920337568,-0.3731629550457001,1.3140242099761963,-0.07824988241496778,1.3140242099761963,-0.033846370712811824,-0.3731629550457001,1.2154077291488647,0.11605793672287934,-0.375946044921875,1.2154077291488647,0.16945065705971607,-0.375946044921875,1.1407005786895752,0.29628925005579254,-0.3802551329135895,-14.948689934116867,0.0
463,11.575000000000001,1.7576005506185198e+18,3.9646836554074807,0.9990491789441728,1.2034744214024686,0.011646418174917053,4.347265802559253,-1.581955515464581,-0.8630297963367485,-0.36423213377292196,-0.3569527864456177,1.413769006729126,-0.21029458532665735,1.3140242099761963,-0.07824988241496778,-0.3731629550457001,1.3140242099761963,-0.033846370712811824,-0.3731629550457001,1.2154077291488647,0.11605793672287934,-0.375946044921875,1.2154077291488647,0.16945065705971607,-0.375946044921875,-14.844681791103188,0.0
464,11.600000000000001,1.7576005506435197e+18,3.9480733282652176,0.9666580137713984,1.1875897554266195,0.03108333652051443,4.305007630703203,-1.544189088849853,-0.23079951891893674,-0.36363228410661413,-0.3569527864456177,1.413769006729126,-0.2261792513025065,1.413769006729126,-0.21029458532665735,-0.3569527864456177,1.3140242099761963,-0.07824988241496778,-0.3731629550457001,1.3140242099761963,-0.033846370712811824,-0.3731629550457001,1.2154077291488647,0.11605793672287934,-0.375946044921875,-14.791855091856053,0.0
465,11.625,1.7576005506685197e+18,3.940864956560621,0.9414357451408176,1.190284324418164,0.04986257595764138,4.2711952186334035,-1.523021867622963,0.4187235581571962,-0.36444810346012946,-0.3681387901306152,1.5137068033218384,-0.32342247890367437,1.413769006729126,-0.2261792513025065,-0.3569527864456177,1.413769006729126,-0.21029458532665735,-0.3569527864456177,1.3140242099761963,-0.07824988241496778,-0.3731629550457001,1.3140242099761963,-0.033846370712811824,-0.3731629550457001,-14.773786056078325,0.0
466,11.65,1.75760055069352e+18,3.9299347856219904,0.9233956635714912,1.2109028079729482,0.06548736996826435,4.241020416530905,-1.52585089807932,1.0092136166118117,-0.3664432827902176,-0.3681387901306152,1.5137068033218384,-0.30280399534889013,1.5137068033218384,-0.32342247890367437,-0.3681387901306152,1.413769006729126,-0.2261792513025065,-0.3569527864456177,1.413769006729126,-0.21029458532665735,-0.3569527864456177,1.3140242099761963,-0.07824988241496778,-0.3731629550457001,-14.771898342538526,0.0
467,11.675,1.7576005507185198e+18,3.916612211943856,0.8872549432641255,1.2461120211571146,0.07672081031891674,4.18912497604272,-1.5548089287728435,1.4753049131734242,-0.3691418244161286,-0.3697258234024048,1.6136753559112549,-0.36756333475414027,1.5137068033218384,-0.30280399534889013,-0.3681387901306152,1.5137068033218384,-0.32342247890367437,-0.3681387901306152,1.413769006729126,-0.2261792513025065,-0.3569527864456177,1.413769006729126,-0.21029458532665735,-0.3569527864456177,-14.774382409894237,0.0
468,11.700000000000001,1.7576005507435197e+18,3.9131588733161,0.8831708099821101,1.2907963690241764,0.08380066510688834,4.167402537354553,-1.6069167667651836,1.7762533012844455,-0.3719143229587554,-0.3697258234024048,1.6136753559112549,-0.3228789868870785,1.6136753559112549,-0.36756333475414027,-0.3697258234024048,1.5137068033218384,-0.30280399534889013,-0.3681387901306152,1.5137068033218384,-0.32342247890367437,-0.3681387901306152,1.413769006729126,-0.2261792513025065,-0.3569527864456177,-14.768619833688556,0.0
469,11.725000000000001,1.7576005507685197e+18,3.898870196788879,0.8516152997141138,1.3393863277798748,0.08830532776245419,4.12082571623554,-1.6753641765881067,1.9030410233022872,-0.3740931854196555,-0.3745843470096588,1.7136493921279907,-0.37426306434811596,1.6136753559112549,-0.3228789868870785,-0.3697258234024048,1.6136753559112549,-0.36756333475414027,-0.3697258234024048,1.5137068033218384,-0.30280399534889013,-0.3681387901306152,1.5137068033218384,-0.32342247890367437,-0.3681387901306152,-14.764005754691283,0.0
470,11.75,1.7576005507935196e+18,3.8766985866618016,0.8177071901098145,1.3871678654552473,0.09266741191593682,4.090287853381831,-1.7516558990018434,1.8773839897663849,-0.37509131825053615,-0.3745843470096588,1.7136493921279907,-0.32648152667274344,1.7136493921279907,-0.37426306434811596,-0.3745843470096588,1.6136753559112549,-0.3228789868870785,-0.3697258234024048,1.6136753559112549,-0.36756333475414027,-0.3697258234024048,1.5137068033218384,-0.30280399534889013,-0.3681387901306152,-14.74878080704405,0.0
471,11.775,1.7576005508185198e+18,3.850129855582649,0.7757304344642191,1.431153231558965,0.0994547396532957,3.9990527557335054,-1.8280213930941998,1.7436870250274739,-0.3745070328429865,-0.3751131892204284,1.8136069774627688,-0.38245374590380377,1.7136493921279907,-0.32648152667274344,-0.3745843470096588,1.7136493921279907,-0.37426306434811596,-0.3745843470096588,1.6136753559112549,-0.3228789868870785,-0.3697258234024048,1.6136753559112549,-0.36756333475414027,-0.3697258234024048,-14.75242811867931,0.0
472,11.8,1.7576005508435197e+18,3.838710651950184,0.7735873583119428,1.470281487319099,0.11057930612619171,3.9985826150663937,-1.8992758867109711,1.5569702228660616,-0.37219430681639626,-0.3751131892204284,1.8136069774627688,-0.34332549014366975,1.8136069774627688,-0.38245374590380377,-0.3751131892204284,1.7136493921279907,-0.32648152667274344,-0.3745843470096588,1.7136493921279907,-0.37426306434811596,-0.3745843470096588,1.6136753559112549,-0.3228789868870785,-0.3697258234024048,-14.752515414187943,0.0
473,11.825000000000001,1.7576005508685197e+18,3.821295158918948,0.7403606975879087,1.505003245914722,0.1266076176803468,3.9521418887697473,-1.9635310769171075,1.3705005640719123,-0.3682723484545788,-0.3691279292106628,1.913571119308472,-0.4085678733937499,1.8136069774627688,-0.34332549014366975,-0.3751131892204284,1.8136069774627688,-0.38245374590380377,-0.3751131892204284,1.7136493921279907,-0.32648152667274344,-0.3745843470096588,1.7136493921279907,-0.37426306434811596,-0.3745843470096588,-14.851007749225746,0.0
474,11.850000000000001,1.75760055089352e+18,3.793176177820308,0.7083017756615715,1.536562642256494,0.14639469856258858,3.8931300648355824,-2.021715186167075,1.2262235174900216,-0.36305657271918745,-0.3691279292106628,1.913571119308472,-0.37700847705197793,1.913571119308472,-0.4085678733937499,-0.3691279292106628,1.8136069774627688,-0.34332549014366975,-0.3751131892204284,1.8136069774627688,-0.38245374590380377,-0.3751131892204284,1.7136493921279907,-0.32648152667274344,-0.3745843470096588,-14.858544283044148,0.0
475,11.875,1.7576005509185198e+18,3.743820693266205,0.6620492820288875,1.566368145316454,0.16726914851636085,3.82098655126465,-2.076349946619275,1.1495703781378184,-0.3569223924063444,-0.3458923697471618,2.013399600982666,-0.44703145566621205,1.913571119308472,-0.37700847705197793,-0.3691279292106628,1.913571119308472,-0.4085678733937499,-0.3691279292106628,1.8136069774627688,-0.34332549014366975,-0.3751131892204284,1.8136069774627688,-0.38245374590380377,-0.3751131892204284,-14.877249775622495,0.0
476,11.9,1.7576005509435197e+18,3.734151743393458,0.651230953090316,1.5956906626676701,0.18586657221896088,3.8018836131722638,-2.130152123627799,1.1485733780694276,-0.3501568579937534,-0.3458923697471618,2.013399600982666,-0.4177089383149959,2.013399600982666,-0.44703145566621205,-0.3458923697471618,1.913571119308472,-0.37700847705197793,-0.3691279292106628,1.913571119308472,-0.4085678733937499,-0.3691279292106628,1.8136069774627688,-0.34332549014366975,-0.3751131892204284,-14.893855076978697,0.0
477,11.925,1.7576005509685197e+18,3.700852153661244,0.6213751977658997,1.6256660578957989,0.19945991608422597,3.741361383262299,-2.184876233281159,1.2161137180445856,-0.34288197402722076,-0.3408786058425903,2.1132051944732666,-0.4875391365774677,2.013399600982666,-0.4177089383149959,-0.3458923697471618,2.013399600982666,-0.44703145566621205,-0.3458923697471618,1.913571119308472,-0.37700847705197793,-0.3691279292106628,1.913571119308472,-0.4085678733937499,-0.3691279292106628,-14.909681431881296,0.0
478,11.950000000000001,1.7576005509935196e+18,3.678583107143437,0.5997818006408924,1.6573961621406688,0.20733370701963313,3.6969467984521525,-2.2406336655350056,1.333836873745601,-0.33511012005048324,-0.3408786058425903,2.1132051944732666,-0.45580903233259784,2.1132051944732666,-0.4875391365774677,-0.3408786058425903,2.013399600982666,-0.4177089383149959,-0.3458923697471618,2.013399600982666,-0.44703145566621205,-0.3458923697471618,1.913571119308472,-0.37700847705197793,-0.3691279292106628,-14.92443312509429,0.0
479,11.975000000000001,1.7576005510185198e+18,3.638037981501069,0.5716235843400259,1.6919272001178183,0.21152669993806736,3.6013161007075274,-2.2957812347070514,1.47662929015688,-0.326913530669019,-0.3281585574150085,2.213062286376953,-0.5211350862591348,2.1132051944732666,-0.45580903233259784,-0.3408786058425903,2.1132051944732666,-0.4875391365774677,-0.3408786058425903,2.013399600982666,-0.4177089383149959,-0.3458923697471618,2.013399600982666,-0.44703145566621205,-0.3458923697471618,-14.938932205968394,0.0
480,12.0,1.7576005510435197e+18,3.611882999308564,0.5515495553874614,1.7300162963899777,0.21635276232477715,3.5530436108110295,-2.347307160611902,1.6171230582474856,-0.3186068577264282,-0.3281585574150085,2.213062286376953,-0.48304598998697545,2.213062286376953,-0.5211350862591348,-0.3281585574150085,2.1132051944732666,-0.45580903233259784,-0.3408786058425903,2.1132051944732666,-0.4875391365774677,-0.3408786058425903,2.013399600982666,-0.4177089383149959,-0.3458923697471618,-14.953187781093005,0.0
481,12.025,1.7576005510685197e+18,3.5581391122296084,0.5446586108436549,1.7717913480751202,0.22663094054056232,3.511247222724067,-2.3915029577737763,1.7300580973471251,-0.31081609328900367,-0.3077283799648285,2.312498092651367,-0.540706744576247,2.213062286376953,-0.48304598998697545,-0.3281585574150085,2.213062286376953,-0.5211350862591348,-0.3281585574150085,2.1132051944732666,-0.45580903233259784,-0.3408786058425903,2.1132051944732666,-0.4875391365774677,-0.3408786058425903,-14.966647197382771,0.0
482,12.05,1.75760055109352e+18,3.4745826215139566,0.4954560737332016,1.8165328315155465,0.2453115325917301,3.3800855284743614,-2.4247307392271162,1.7963101901380916,-0.3043575511424693,-0.3077283799648285,2.312498092651367,-0.49596526113582073,2.312498092651367,-0.540706744576247,-0.3077283799648285,2.213062286376953,-0.48304598998697545,-0.3281585574150085,2.213062286376953,-0.5211350862591348,-0.3281585574150085,2.1132051944732666,-0.45580903233259784,-0.3408786058425903,-14.979905835861093,0.0
483,12.075000000000001,1.7576005511185198e+18,3.4745826215139566,0.4954560737332016,1.8627559867409171,0.2716950069988206,3.3800855284743614,-2.444207860689171,1.8061166007625853,-0.29994708729429465,-0.2922733724117279,2.412238836288452,-0.549482849547535,2.312498092651367,-0.49596526113582073,-0.3077283799648285,2.312498092651367,-0.540706744576247,-0.3077283799648285,2.213062286376953,-0.48304598998697545,-0.3281585574150085,2.213062286376953,-0.5211350862591348,-0.3281585574150085,-14.995219939822515,0.0
484,12.100000000000001,1.7576005511435197e+18,3.395838768240631,0.4720805130046905,1.908593391334189,0.3012928697010688,3.272247996938696,-2.44871953521001,1.7608030064394713,-0.2978509297524992,-0.2922733724117279,2.412238836288452,-0.5036454449542631,2.412238836288452,-0.549482849547535,-0.2922733724117279,2.312498092651367,-0.49596526113582073,-0.3077283799648285,2.312498092651367,-0.540706744576247,-0.3077283799648285,2.213062286376953,-0.48304598998697545,-0.3281585574150085,-15.015214584913045,0.0
485,12.125,1.7576005511685197e+18,3.377798592693225,0.4657956814873913,1.9523169607176973,0.3276161582059349,3.246835269644601,-2.4390779897561883,1.6724028466857273,-0.29762995252058766,-0.2963249385356903,2.511826038360596,-0.5595090776428988,2.412238836288452,-0.5036454449542631,-0.2922733724117279,2.412238836288452,-0.549482849547535,-0.2922733724117279,2.312498092651367,-0.49596526113582073,-0.3077283799648285,2.312498092651367,-0.540706744576247,-0.3077283799648285,-15.072278979675898,0.0
486,12.15,1.7576005511935196e+18,3.2866617217223477,0.450347330577856,1.9927920580216258,0.34524599283940643,3.1682711862344655,-2.41819498861058,1.5610276196190438,-0.2980979377150831,-0.2963249385356903,2.511826038360596,-0.5190339803389703,2.511826038360596,-0.5595090776428988,-0.2963249385356903,2.412238836288452,-0.5036454449542631,-0.2922733724117279,2.412238836288452,-0.549482849547535,-0.2922733724117279,2.312498092651367,-0.49596526113582073,-0.3077283799648285,-15.142792190661346,0.0
487,12.175,1.7576005512185198e+18,3.267291615876846,0.4458441652799068,2.0297242649033476,0.3528482547915156,3.144275439029886,-2.3907776961535383,1.4505248883710733,-0.2975253376361406,-0.3010826110839844,2.6109414100646973,-0.5812171451613497,2.511826038360596,-0.5190339803389703,-0.2963249385356903,2.511826038360596,-0.5595090776428988,-0.2963249385356903,2.412238836288452,-0.5036454449542631,-0.2922733724117279,2.412238836288452,-0.549482849547535,-0.2922733724117279,-15.425658780536248,0.0
488,12.200000000000001,1.7576005512435197e+18,3.194552787620625,0.4620335652006651,2.063675887558357,0.3545694833919188,3.0499991991752107,-2.3626786380186124,1.3635452107828594,-0.2940171749607556,-0.3010826110839844,2.6109414100646973,-0.5472655225063403,2.6109414100646973,-0.5812171451613497,-0.3010826110839844,2.511826038360596,-0.5190339803389703,-0.2963249385356903,2.511826038360596,-0.5595090776428988,-0.2963249385356903,2.412238836288452,-0.5036454449542631,-0.2922733724117279,-15.720045155623005,0.0
489,12.225000000000001,1.7576005512685197e+18,3.1530856863644594,0.4583717796553266,2.0959013672011473,0.35875822732536716,2.9928156161235577,-2.339836106158505,1.3173490060167161,-0.28592643495278763,-0.2821333408355713,2.710621118545532,-0.6147197513443845,2.6109414100646973,-0.5472655225063403,-0.3010826110839844,2.6109414100646973,-0.5812171451613497,-0.3010826110839844,2.511826038360596,-0.5190339803389703,-0.2963249385356903,2.511826038360596,-0.5595090776428988,-0.2963249385356903,-16.21603927372809,0.0
490,12.25,1.75760055129352e+18,3.111921845462668,0.4547367737581547,2.1280424660470523,0.3742605263762346,2.936050232394627,-2.32674141630231,1.3213982592204496,-0.2721599913560435,-0.2821333408355713,2.710621118545532,-0.5825786524984795,2.710621118545532,-0.6147197513443845,-0.2821333408355713,2.6109414100646973,-0.5472655225063403,-0.3010826110839844,2.6109414100646973,-0.5812171451613497,-0.3010826110839844,2.511826038360596,-0.5190339803389703,-0.2963249385356903,-16.699597287725176,0.0
491,12.275,1.7576005513185198e+18,3.049194956607887,0.4586560145283784,2.1617167310560834,0.4059753699061639,2.896017413037256,-2.324619714222593,1.3770928147050299,-0.2522864692639192,-0.2436622977256775,2.809590578079224,-0.6478738470231407,2.710621118545532,-0.5825786524984795,-0.2821333408355713,2.710621118545532,-0.6147197513443845,-0.2821333408355713,2.6109414100646973,-0.5472655225063403,-0.3010826110839844,2.6109414100646973,-0.5812171451613497,-0.3010826110839844,-17.3485805029957,0.0
492,12.3,1.7576005513435197e+18,2.967287610615435,0.4654426698188147,2.1981136264126397,0.4518728738286367,2.831061212130969,-2.3299127733464173,1.4792080531804992,-0.2264353496863861,-0.2436622977256775,2.809590578079224,-0.6114769516665843,2.809590578079224,-0.6478738470231407,-0.2436622977256775,2.710621118545532,-0.5825786524984795,-0.2821333408355713,2.710621118545532,-0.6147197513443845,-0.2821333408355713,2.6109414100646973,-0.5472655225063403,-0.3010826110839844,-17.949441950982983,0.0
493,12.325000000000001,1.7576005513685197e+18,2.922202232279291,0.4704267035739877,2.2378063784606392,0.5029022326142669,2.775635303663445,-2.333810524808532,1.6180220604112947,-0.19505606248126423,-0.1654487252235412,2.908160924911499,-0.6703545464508598,2.809590578079224,-0.6114769516665843,-0.2436622977256775,2.809590578079224,-0.6478738470231407,-0.2436622977256775,2.710621118545532,-0.5825786524984795,-0.2821333408355713,2.710621118545532,-0.6147197513443845,-0.2821333408355713,-18.537826457150256,0.0
494,12.350000000000001,1.7576005513935196e+18,2.851731607258267,0.4946053719637608,2.280909780583635,0.5457621362237103,2.718952346180694,-2.323229953349855,1.7810504167274936,-0.1586653880802314,-0.1654487252235412,2.908160924911499,-0.6272511443278641,2.908160924911499,-0.6703545464508598,-0.1654487252235412,2.809590578079224,-0.6114769516665843,-0.2436622977256775,2.809590578079224,-0.6478738470231407,-0.2436622977256775,2.710621118545532,-0.5825786524984795,-0.2821333408355713,-19.053021314116698,0.0
495,12.375,1.7576005514185198e+18,2.7377266472802875,0.5121816269568968,2.327443780412503,0.5672518396756869,2.6282590584086987,-2.283096398793567,1.9537717563909132,-0.11772217181417335,-0.1050624698400497,3.00643253326416,-0.6789887528516569,2.908160924911499,-0.6272511443278641,-0.1654487252235412,2.908160924911499,-0.6703545464508598,-0.1654487252235412,2.809590578079224,-0.6114769516665843,-0.2436622977256775,2.809590578079224,-0.6478738470231407,-0.2436622977256775,-19.494259069269358,0.0
496,12.4,1.7576005514435197e+18,2.7153310109592184,0.5194327841106485,2.377555217542611,0.5583783793768021,2.604285459966032,-2.1994753856016325,2.119492803102212,-0.07269902671992974,-0.1050624698400497,3.00643253326416,-0.628877315721549,3.00643253326416,-0.6789887528516569,-0.1050624698400497,2.908160924911499,-0.6272511443278641,-0.1654487252235412,2.908160924911499,-0.6703545464508598,-0.1654487252235412,2.809590578079224,-0.6114769516665843,-0.2436622977256775,-19.85855878614896,0.0
497,12.425,1.7576005514685197e+18,2.640977897724261,0.5813124644469871,2.4313602042113556,0.516663421195028,2.533894168985208,-2.062919266634172,2.2591661884887593,-0.02429504234650255,-0.0017398179043084,3.093858242034912,-0.6624980378235565,3.00643253326416,-0.628877315721549,-0.1050624698400497,3.00643253326416,-0.6789887528516569,-0.1050624698400497,2.908160924911499,-0.6272511443278641,-0.1654487252235412,2.908160924911499,-0.6703545464508598,-0.1654487252235412,-20.13858953721302,0.0
498,12.450000000000001,1.75760055149352e+18,2.5974978882440354,0.604333390952319,2.488516711009837,0.44600043287904634,2.489721937833903,-1.8710714897247143,2.3521807020902687,0.026355298230818416,-0.0017398179043084,3.093858242034912,-0.6053415310250752,3.093858242034912,-0.6624980378235565,-0.0017398179043084,3.00643253326416,-0.628877315721549,-0.1050624698400497,3.00643253326416,-0.6789887528516569,-0.1050624698400497,2.908160924911499,-0.6272511443278641,-0.1654487252235412,-20.354284502973467,0.0
499,12.475000000000001,1.7576005515185198e+18,2.529740596838085,0.6680457868297323,2.547880993887928,0.35453144874781983,2.423905651171407,-1.6294311288671623,2.378774017176406,0.07760099274948472,0.1096180230379104,3.1653149127960205,-0.6174339189080924,3.093858242034912,-0.6053415310250752,-0.0017398179043084,3.093858242034912,-0.6624980378235565,-0.0017398179043084,3.00643253326416,-0.628877315721549,-0.1050624698400497,3.00643253326416,-0.6789887528516569,-0.1050624698400497,-20.486807914860115,0.0
500,12.5,1.7576005515435197e+18,2.5073732300354954,0.6825760909916503,2.60752339724439,0.2517511492784506,2.4027062447905614,-1.3497377291333585,2.323948822281686,0.12734431942708024,0.1096180230379104,3.1653149127960205,-0.5577915155516306,3.1653149127960205,-0.6174339189080924,0.1096180230379104,3.093858242034912,-0.6053415310250752,-0.0017398179043084,3.093858242034912,-0.6624980378235565,-0.0017398179043084,3.00643253326416,-0.628877315721549,-0.1050624698400497,-20.57518160784699,0.0
501,12.525,1.7576005515685197e+18,2.446520088575121,0.7351909823494616,2.665086805578717,0.14607970712914323,2.3771459744498897,-1.046498582936402,2.18196082464825,0.17319729422407623,0.1919551640748977,3.2444908618927,-0.5794040563139831,3.1653149127960205,-0.5577915155516306,0.1096180230379104,3.1653149127960205,-0.6174339189080924,0.1096180230379104,3.093858242034912,-0.6053415310250752,-0.0017398179043084,3.093858242034912,-0.6624980378235565,-0.0017398179043084,-20.609336715118943,0.0
502,12.55,1.7576005515935196e+18,2.4041391038680784,0.7686354999362459,2.718250501156595,0.04367965298945839,2.3448978090576653,-0.7329703873944304,1.9599345054607307,0.21264942946464727,0.1919551640748977,3.2444908618927,-0.526240360736105,3.2444908618927,-0.5794040563139831,0.1919551640748977,3.1653149127960205,-0.5577915155516306,0.1096180230379104,3.1653149127960205,-0.6174339189080924,0.1096180230379104,3.093858242034912,-0.6053415310250752,-0.0017398179043084,-20.620688430650837,0.0
503,12.575000000000001,1.7576005516185198e+18,2.3483803175995765,0.8490250117365417,2.765084731083997,-0.051331765299499586,2.3337556619690063,-0.4180261720169116,1.679139022943349,0.24322479052520102,0.252554178237915,3.233972787857056,-0.4688880567730589,3.2444908618927,-0.526240360736105,0.1919551640748977,3.2444908618927,-0.5794040563139831,0.1919551640748977,3.1653149127960205,-0.5577915155516306,0.1096180230379104,3.1653149127960205,-0.6174339189080924,0.1096180230379104,-20.50922209246898,0.0
504,12.600000000000001,1.7576005516435197e+18,2.288130671308866,0.9042766248693864,2.804265695297441,-0.1357723880296892,2.3016867700998103,-0.10500017441826714,1.3729315467690522,0.262662131251834,0.252554178237915,3.233972787857056,-0.42970709255961514,3.233972787857056,-0.4688880567730589,0.252554178237915,3.2444908618927,-0.526240360736105,0.1919551640748977,3.2444908618927,-0.5794040563139831,0.1919551640748977,3.1653149127960205,-0.5577915155516306,0.1096180230379104,-20.39594028239463,0.0
505,12.625,1.7576005516685197e+18,2.257103451943904,0.9656649190919012,2.8352550692781686,-0.2063698481887504,2.3377742407066737,0.2070098373169024,1.0812294114055412,0.2691567128607471,0.2718604803085327,3.2636606693267822,-0.4284056000486136,3.233972787857056,-0.42970709255961514,0.252554178237915,3.233972787857056,-0.4688880567730589,0.252554178237915,3.2444908618927,-0.526240360736105,0.1919551640748977,3.2444908618927,-0.5794040563139831,0.1919551640748977,-20.220832044712154,0.0
506,12.65,1.75760055169352e+18,2.220814000373837,1.0028724193501013,2.8585087259704363,-0.2597414362070459,2.3294691100472713,0.5198269595345042,0.8424075930573054,0.2616533183401423,0.2718604803085327,3.2636606693267822,-0.40515194335634597,3.2636606693267822,-0.4284056000486136,0.2718604803085327,3.233972787857056,-0.42970709255961514,0.252554178237915,3.233972787857056,-0.4688880567730589,0.252554178237915,3.2444908618927,-0.526240360736105,0.1919551640748977,-20.063678077603683,0.0
507,12.675,1.7576005517185198e+18,2.1476809992160515,1.0921586005174757,2.875625104397889,-0.2935800874714407,2.3660533244199744,0.8322912715217349,0.6844690899263847,0.24011677059510572,0.230408564209938,3.296760320663452,-0.4211352162655633,3.2636606693267822,-0.40515194335634597,0.2718604803085327,3.2636606693267822,-0.4284056000486136,0.2718604803085327,3.233972787857056,-0.42970709255961514,0.252554178237915,3.233972787857056,-0.4688880567730589,0.252554178237915,-19.865367556825717,0.0
508,12.700000000000001,1.7576005517435197e+18,2.0981228572681205,1.1437438482563222,2.88923173934928,-0.30834155755648274,2.37135025542388,1.1375460861994802,0.6178850745321492,0.20567546292524563,0.230408564209938,3.296760320663452,-0.407528581314172,3.296760320663452,-0.4211352162655633,0.230408564209938,3.2636606693267822,-0.40515194335634597,0.2718604803085327,3.2636606693267822,-0.4284056000486136,0.2718604803085327,3.233972787857056,-0.42970709255961514,0.252554178237915,-19.698062326505614,0.0
509,12.725000000000001,1.7576005517685197e+18,2.0356325751182465,1.210982865533078,2.9024525193955926,-0.3082921327708597,2.4008557958920287,1.4225783344561376,0.6323573340036787,0.16055925051401437,0.1332889050245285,3.348551034927368,-0.4460985155317756,3.296760320663452,-0.407528581314172,0.230408564209938,3.296760320663452,-0.4211352162655633,0.230408564209938,3.2636606693267822,-0.40515194335634597,0.2718604803085327,3.2636606693267822,-0.4284056000486136,0.2718604803085327,-19.516301059154387,0.0
510,12.75,1.7576005517935196e+18,1.9936544206311293,1.2541712245706709,2.918005225185239,-0.3010864965128728,2.4126174061879198,1.6697940367626833,0.6988014160543776,0.10782671656381113,0.1332889050245285,3.348551034927368,-0.4305458097421293,3.348551034927368,-0.4460985155317756,0.1332889050245285,3.296760320663452,-0.407528581314172,0.230408564209938,3.296760320663452,-0.4211352162655633,0.230408564209938,3.2636606693267822,-0.40515194335634597,0.2718604803085327,-19.368777471559035,0.0
511,12.775,1.7576005518185198e+18,1.90906707210458,1.322998193545903,2.937247304272642,-0.29585881529060887,2.503102067856484,1.8596167029969402,0.7762850175671835,0.050962332288418476,0.0178962107747793,3.3115808963775635,-0.37433359210492156,3.348551034927368,-0.4305458097421293,0.1332889050245285,3.348551034927368,-0.4460985155317756,0.1332889050245285,3.296760320663452,-0.407528581314172,0.230408564209938,3.296760320663452,-0.4211352162655633,0.230408564209938,-19.11900506314722,0.0
512,12.8,1.7576005518435197e+18,1.8537891791074053,1.3744407537223404,2.959629612406974,-0.30061398040479875,2.542107415119693,1.9732343325483508,0.8220087282029548,-0.006522469895753188,0.0178962107747793,3.3115808963775635,-0.3519512839705894,3.3115808963775635,-0.37433359210492156,0.0178962107747793,3.348551034927368,-0.4305458097421293,0.1332889050245285,3.348551034927368,-0.4460985155317756,0.1332889050245285,3.296760320663452,-0.407528581314172,0.230408564209938,-18.90333075332937,0.0
513,12.825000000000001,1.7576005518685197e+18,1.7825880763113076,1.4249758246013138,2.9828748308520106,-0.3200398780117452,2.604682954760671,1.9951473995562312,0.8013533736748851,-0.06135602888670164,-0.0915898531675338,3.240764141082764,-0.25788931023075357,3.3115808963775635,-0.3519512839705894,0.0178962107747793,3.3115808963775635,-0.37433359210492156,0.0178962107747793,3.348551034927368,-0.4305458097421293,0.1332889050245285,3.348551034927368,-0.4460985155317756,0.1332889050245285,-18.556832230756434,0.0
514,12.850000000000001,1.75760055189352e+18,1.6885022957954328,1.4857273643355624,3.0038157794821947,-0.3545732981321714,2.6751006639884376,1.9154440295878397,0.6950327003816634,-0.11057613895933015,-0.0915898531675338,3.240764141082764,-0.23694836160056942,3.240764141082764,-0.25788931023075357,-0.0915898531675338,3.3115808963775635,-0.3519512839705894,0.0178962107747793,3.3115808963775635,-0.37433359210492156,0.0178962107747793,3.348551034927368,-0.4305458097421293,0.1332889050245285,-18.24584189925663,0.0
515,12.875,1.7576005519185198e+18,1.6724343720849046,1.4967239323625248,3.019468026146036,-0.4008718377278239,2.6871837337912816,1.731695293595029,0.5015215674393345,-0.15143685416201047,-0.1571942269802093,3.141061782836914,-0.12159375669087824,3.240764141082764,-0.23694836160056942,-0.0915898531675338,3.240764141082764,-0.25788931023075357,-0.0915898531675338,3.3115808963775635,-0.3519512839705894,0.0178962107747793,3.3115808963775635,-0.37433359210492156,0.0178962107747793,-17.942527576089454,0.0
516,12.9,1.7576005519435197e+18,1.5582871110580014,1.5748440518992708,3.027822561708289,-0.4531676395350662,2.773022411372741,1.4502473217363703,0.2347034471735813,-0.18128674779106838,-0.1571942269802093,3.141061782836914,-0.11323922112862528,3.141061782836914,-0.12159375669087824,-0.1571942269802093,3.240764141082764,-0.23694836160056942,-0.0915898531675338,3.240764141082764,-0.25788931023075357,-0.0915898531675338,3.3115808963775635,-0.3519512839705894,0.0178962107747793,-17.67049998479434,0.0
517,12.925,1.7576005519685197e+18,1.476310373921236,1.599951891084721,3.0280651255032422,-0.5046100374986594,2.8224418923040777,1.0865814906190532,-0.08167642716511313,-0.19760300130825875,-0.1968379765748977,3.0411884784698486,-0.013123352966606383,3.141061782836914,-0.11323922112862528,-0.1571942269802093,3.141061782836914,-0.12159375669087824,-0.1571942269802093,3.240764141082764,-0.23694836160056942,-0.0915898531675338,3.240764141082764,-0.25788931023075357,-0.0915898531675338,-17.412482030179966,0.0
518,12.950000000000001,1.7576005519935196e+18,1.3949489191110231,1.6196980121826172,3.020282203000031,-0.5478527227190789,2.846674157459644,0.664403334080351,-0.4203431785371062,-0.1983109918133586,-0.1968379765748977,3.0411884784698486,-0.020906275469817714,3.0411884784698486,-0.013123352966606383,-0.1968379765748977,3.141061782836914,-0.11323922112862528,-0.1571942269802093,3.141061782836914,-0.12159375669087824,-0.1571942269802093,3.240764141082764,-0.23694836160056942,-0.0915898531675338,-17.173321466464174,0.0
519,12.975000000000001,1.7576005520185198e+18,1.303699663404104,1.659271211019412,3.004960779377672,-0.5748636769547287,2.8978138624064824,0.21339893615282418,-0.7554651732611664,-0.18235195972432178,-0.1956490129232406,2.9411966800689697,0.06376409930870208,3.0411884784698486,-0.020906275469817714,-0.1968379765748977,3.0411884784698486,-0.013123352966606383,-0.1968379765748977,3.141061782836914,-0.11323922112862528,-0.1571942269802093,3.141061782836914,-0.12159375669087824,-0.1571942269802093,-16.94366135663452,0.0
520,13.0,1.7576005520435197e+18,1.303699663404104,1.659271211019412,2.9826024274261624,-0.5768086644543385,2.8978138624064824,-0.23384203963451972,-1.0652159917559691,-0.15026126815067348,-0.1956490129232406,2.9411966800689697,0.04140574735719271,2.9411966800689697,0.06376409930870208,-0.1956490129232406,3.0411884784698486,-0.020906275469817714,-0.1968379765748977,3.0411884784698486,-0.013123352966606383,-0.1968379765748977,3.141061782836914,-0.11323922112862528,-0.1571942269802093,-16.726680004363903,0.0
521,13.025,1.7576005520685197e+18,1.199757573888368,1.6909342682549386,2.9536152304231758,-0.5450836567686825,2.90721781931165,-0.6448688889919363,-1.3321787480352096,-0.10442695687354941,-0.0675774812698364,2.862747430801392,0.09086779962178371,2.9411966800689697,0.04140574735719271,-0.1956490129232406,2.9411966800689697,0.06376409930870208,-0.1956490129232406,3.0411884784698486,-0.020906275469817714,-0.1968379765748977,3.0411884784698486,-0.013123352966606383,-0.1968379765748977,-16.543773859239472,0.0
522,13.05,1.75760055209352e+18,1.1159797259459283,1.7230675885075155,2.9184775114965884,-0.4738088130939712,2.86559995029379,-0.9897949297415078,-1.5427253560829586,-0.048815808937274635,-0.0675774812698364,2.862747430801392,0.05573008069519636,2.862747430801392,0.09086779962178371,-0.0675774812698364,2.9411966800689697,0.04140574735719271,-0.1956490129232406,2.9411966800689697,0.06376409930870208,-0.1956490129232406,3.0411884784698486,-0.020906275469817714,-0.1968379765748977,-16.38412502264725,0.0
523,13.075000000000001,1.7576005521185198e+18,1.060391536689841,1.7439257808599282,2.8780646629597926,-0.36292510293156827,2.806087407053746,-1.2431851219587826,-1.6866126444991887,0.011765451486996602,0.0544850975275039,2.7633988857269287,0.11466577723286386,2.862747430801392,0.05573008069519636,-0.0675774812698364,2.862747430801392,0.09086779962178371,-0.0675774812698364,2.9411966800689697,0.04140574735719271,-0.1956490129232406,2.9411966800689697,0.06376409930870208,-0.1956490129232406,-16.25653330837028,0.0
524,13.100000000000001,1.7576005521435197e+18,1.0012558593709566,1.759161576533248,2.8339560935398627,-0.22036541392724118,2.7942097689633694,-1.3858174919776571,-1.7574649461188847,0.07255920356904715,0.0544850975275039,2.7633988857269287,0.07055720781293395,2.7633988857269287,0.11466577723286386,0.0544850975275039,2.862747430801392,0.05573008069519636,-0.0675774812698364,2.862747430801392,0.09086779962178371,-0.0675774812698364,2.9411966800689697,0.04140574735719271,-0.1956490129232406,-16.16653179404367,0.0
525,13.125,1.7576005521685197e+18,0.91749522821044,1.788781768781587,2.7884802453034045,-0.06204126704314846,2.7239824354036535,-1.406499448202248,-1.7539893520930239,0.12954417072755425,0.1494353115558624,2.66417932510376,0.12430092019964434,2.7633988857269287,0.07055720781293395,0.0544850975275039,2.7633988857269287,0.11466577723286386,0.0544850975275039,2.862747430801392,0.05573008069519636,-0.0675774812698364,2.862747430801392,0.09086779962178371,-0.0675774812698364,-16.116040448053617,0.0
526,13.15,1.7576005521935196e+18,0.8202004281710802,1.825477388386338,2.7443200225527162,0.09066235771897302,2.676151805074306,-1.3036800097579602,-1.6812042251021073,0.17974142760605136,0.1494353115558624,2.66417932510376,0.08014069744895602,2.66417932510376,0.12430092019964434,0.1494353115558624,2.7633988857269287,0.07055720781293395,0.0544850975275039,2.7633988857269287,0.11466577723286386,0.0544850975275039,2.862747430801392,0.05573008069519636,-0.0675774812698364,-16.100204686880364,0.0
527,13.175,1.7576005522185198e+18,0.7975061235085397,1.842785069927953,2.7037674287876077,0.2152053470983507,2.6671092747569394,-1.0863242610079331,-1.5509456894584641,0.22119671773337202,0.2313660234212875,2.564482927322388,0.13928450146521953,2.66417932510376,0.08014069744895602,0.1494353115558624,2.66417932510376,0.12430092019964434,0.1494353115558624,2.7633988857269287,0.07055720781293395,0.0544850975275039,2.7633988857269287,0.11466577723286386,0.0544850975275039,-16.110082715450822,0.0
528,13.200000000000001,1.7576005522435197e+18,0.7444282288801145,1.8643849997605784,2.668022103705246,0.29285400524776556,2.639848118917286,-0.7735224643461153,-1.3813608784550822,0.2528427650784952,0.2313660234212875,2.564482927322388,0.1035391763828577,2.564482927322388,0.13928450146521953,0.2313660234212875,2.66417932510376,0.08014069744895602,0.1494353115558624,2.66417932510376,0.12430092019964434,0.1494353115558624,2.7633988857269287,0.07055720781293395,0.0544850975275039,-16.133840212191807,0.0
529,13.225000000000001,1.7576005522685197e+18,0.6310487626962527,1.9014764496223135,2.6369726168771526,0.3131129447882522,2.5794916874936207,-0.39256871881158595,-1.1956025229936138,0.27443229866804525,0.2911525368690491,2.4646859169006348,0.1722866999765178,2.564482927322388,0.1035391763828577,0.2313660234212875,2.564482927322388,0.13928450146521953,0.2313660234212875,2.66417932510376,0.08014069744895602,0.1494353115558624,2.66417932510376,0.12430092019964434,0.1494353115558624,-16.15997549738066,0.0
530,13.25,1.75760055229352e+18,0.5788717790903517,1.924798203182807,2.6095959156342943,0.27652545543243456,2.551943742845474,0.02427041760838432,-1.0200855772620383,0.28659783052752524,0.2911525368690491,2.4646859169006348,0.1449099987336595,2.4646859169006348,0.1722866999765178,0.2911525368690491,2.564482927322388,0.1035391763828577,0.2313660234212875,2.564482927322388,0.13928450146521953,0.2313660234212875,2.66417932510376,0.08014069744895602,0.1494353115558624,-16.179281501030363,0.0
531,13.275,1.7576005523185198e+18,0.5237200722485014,1.99321158133491,2.5846979677408997,0.1947928670317418,2.5863959640543097,0.4436005573494932,-0.882333975078494,0.2909416673877901,0.2911525368690491,2.4646859169006348,0.1200120508402649,2.4646859169006348,0.1449099987336595,0.2911525368690491,2.4646859169006348,0.1722866999765178,0.2911525368690491,2.564482927322388,0.1035391763828577,0.2313660234212875,2.564482927322388,0.13928450146521953,0.2313660234212875,-16.28417580922843,0.0
532,13.3,1.7576005523435197e+18,0.4539959708559884,2.040617098823696,2.5614973400336623,0.08770991358212311,2.612103413118356,0.8346330912462918,-0.8079552729871988,0.28998824576530585,0.2911525368690491,2.4646859169006348,0.09681142313302749,2.4646859169006348,0.1200120508402649,0.2911525368690491,2.4646859169006348,0.1449099987336595,0.2911525368690491,2.4646859169006348,0.1722866999765178,0.2911525368690491,2.564482927322388,0.1035391763828577,0.2313660234212875,-16.371614987512334,0.0
533,13.325000000000001,1.7576005523685197e+18,0.4065040194304727,2.0629213608350776,2.539650235493005,-0.02231701584789484,2.6426145830883248,1.1724986238747601,-0.8162112280791767,0.28686870249844215,0.2911525368690491,2.4646859169006348,0.0749643185923703,2.4646859169006348,0.09681142313302749,0.2911525368690491,2.4646859169006348,0.1200120508402649,0.2911525368690491,2.4646859169006348,0.1449099987336595,0.2911525368690491,2.4646859169006348,0.1722866999765178,0.2911525368690491,-16.532588516075435,0.0
534,13.350000000000001,1.7576005523935196e+18,0.3377005941664257,2.1049926674323123,2.51867560913124,-0.11617443868816292,2.6683661708957254,1.441042971512373,-0.9144129652033073,0.2847057290071703,0.2911525368690491,2.4646859169006348,0.053989692230605346,2.4646859169006348,0.0749643185923703,0.2911525368690491,2.4646859169006348,0.09681142313302749,0.2911525368690491,2.4646859169006348,0.1200120508402649,0.2911525368690491,2.4646859169006348,0.1449099987336595,0.2911525368690491,-16.672592503311044,0.0
535,13.375,1.7576005524185198e+18,0.2779441085070497,2.1347877171119487,2.497174496861285,-0.1821772295046378,2.714764973807165,1.634667366112841,-1.0927975574364703,0.2857684296663979,0.2911525368690491,2.4646859169006348,0.03248857996065002,2.4646859169006348,0.053989692230605346,0.2911525368690491,2.4646859169006348,0.0749643185923703,0.2911525368690491,2.4646859169006348,0.09681142313302749,0.2911525368690491,2.4646859169006348,0.1200120508402649,0.2911525368690491,-16.890532545359736,0.0
536,13.4,1.7576005524435197e+18,0.221872638868029,2.1678104176836923,2.4724815082239857,-0.2172325642936398,2.7481251776070565,1.7584136803411659,-1.3228222420349056,0.290565798444738,0.2900486886501312,2.364687442779541,0.1077940654444447,2.4646859169006348,0.03248857996065002,0.2911525368690491,2.4646859169006348,0.053989692230605346,0.2911525368690491,2.4646859169006348,0.0749643185923703,0.2911525368690491,2.4646859169006348,0.09681142313302749,0.2911525368690491,-16.991203773907763,0.0
537,13.425,1.7576005524685197e+18,0.1501903512542708,2.1984387364739195,2.441230857113071,-0.22533252114715593,2.8007182413456406,1.8258185710195103,-1.5618505417357262,0.2971595185582011,0.2677098214626312,2.264689683914185,0.17654117319888618,2.364687442779541,0.1077940654444447,0.2900486886501312,2.4646859169006348,0.03248857996065002,0.2911525368690491,2.4646859169006348,0.053989692230605346,0.2911525368690491,2.4646859169006348,0.0749643185923703,0.2911525368690491,-17.08001577841023,0.0
538,13.450000000000001,1.75760055249352e+18,0.0772124034328576,2.230715118518507,2.400780160190139,-0.2147257189432384,2.865692319922617,1.8550089312563958,-1.7653197175049071,0.3010702700187569,0.2721316218376159,2.064925193786621,0.335854966403518,2.264689683914185,0.17654117319888618,0.2677098214626312,2.364687442779541,0.1077940654444447,0.2900486886501312,2.4646859169006348,0.03248857996065002,0.2911525368690491,2.4646859169006348,0.053989692230605346,0.2911525368690491,-16.96510811453738,0.0
539,13.475000000000001,1.7576005525185198e+18,0.0314940835743438,2.2357911217854847,2.350791328095202,-0.19510843406700304,2.904649057464885,1.8643172549258837,-1.904009645178573,0.2961219773969446,0.2742937207221985,1.9678921699523928,0.3828991581428094,2.064925193786621,0.335854966403518,0.2721316218376159,2.264689683914185,0.17654117319888618,0.2677098214626312,2.364687442779541,0.1077940654444447,0.2900486886501312,2.4646859169006348,0.03248857996065002,0.2911525368690491,-16.856461147606524,0.0
540,13.5,1.7576005525435197e+18,-0.0173051631908438,2.2535230560707964,2.2939249285536847,-0.17541696402291987,2.9444328695784687,1.868726074779938,-1.9804460629743668,0.2763007455035711,0.2742937207221985,1.9678921699523928,0.3260327586012919,1.9678921699523928,0.3828991581428094,0.2742937207221985,2.064925193786621,0.335854966403518,0.2721316218376159,2.264689683914185,0.17654117319888618,0.2677098214626312,2.364687442779541,0.1077940654444447,0.2900486886501312,-16.75551170297313,0.0
541,13.525,1.7576005525685197e+18,-0.0780610887994228,2.262736576832052,2.234867607526731,-0.16218132924207257,2.982192858781879,1.8777615423499534,-2.0367784474961486,0.23820148100927496,0.3146909475326538,2.0231029987335205,0.21176460879321057,1.9678921699523928,0.3260327586012919,0.2742937207221985,1.9678921699523928,0.3828991581428094,0.2742937207221985,2.064925193786621,0.335854966403518,0.2721316218376159,2.264689683914185,0.17654117319888618,0.2677098214626312,-16.8173981561942,0.0
542,13.55,1.7576005525935196e+18,-0.1467615162755855,2.270606288644901,2.177778789788066,-0.15838001806118376,3.0499336689626615,1.8946187164884158,-2.148168261930865,0.18311656733243464,0.3146909475326538,2.0231029987335205,0.15467579105454554,2.0231029987335205,0.21176460879321057,0.3146909475326538,1.9678921699523928,0.3260327586012919,0.2742937207221985,1.9678921699523928,0.3828991581428094,0.2742937207221985,2.064925193786621,0.335854966403518,0.2721316218376159,-16.883364130330232,0.0
543,13.575000000000001,1.7576005526185198e+18,-0.1826182166234673,2.279501937345499,2.1232976567208652,-0.16303473551845554,3.080496834589768,1.9159244392402024,-2.400791391292557,0.1176957818228622,0.0,0.0,2.1232976567208652,2.0231029987335205,0.15467579105454554,0.3146909475326538,2.0231029987335205,0.21176460879321057,0.3146909475326538,1.9678921699523928,0.3260327586012919,0.2742937207221985,1.9678921699523928,0.3828991581428094,0.2742937207221985,-15.02695412613282,0.0
544,13.600000000000001,1.7576005526435197e+18,-0.2715669812752503,2.285661511382871,2.0668062935188556,-0.17187097379031033,3.166317984672484,1.9318443530607141,-2.860171243004514,0.05267360401869377,0.0,0.0,2.0668062935188556,0.0,2.1232976567208652,0.0,2.0231029987335205,0.15467579105454554,0.3146909475326538,2.0231029987335205,0.21176460879321057,0.3146909475326538,1.9678921699523928,0.3260327586012919,0.2742937207221985,-13.17355987295236,0.0
545,13.625,1.7576005526685197e+18,-0.3159248654282915,2.2943262711936696,1.9992058072192271,-0.17900253579129238,3.209126896482843,1.926883991353198,-3.540758381082592,0.00015645315444262468,0.0,0.0,1.9992058072192271,0.0,2.0668062935188556,0.0,0.0,2.1232976567208652,0.0,2.0231029987335205,0.15467579105454554,0.3146909475326538,2.0231029987335205,0.21176460879321057,0.3146909475326538,-11.435645510174565,0.0
546,13.65,1.75760055269352e+18,-0.3317778713556052,2.277608797158715,1.9101831246729593,-0.17904070826384505,3.229612688200576,1.8821380589808447,-4.388784668030233,-0.02939211357833643,0.0,0.0,1.9101831246729593,0.0,1.9992058072192271,0.0,0.0,2.0668062935188556,0.0,0.0,2.1232976567208652,0.0,2.0231029987335205,0.15467579105454554,0.3146909475326538,-9.737025162370994,0.0
547,13.675,1.7576005527185198e+18,-0.3947809095949388,2.281280217508708,1.7925692104950735,-0.168806733609857,3.2902380612776327,1.7795495992694772,-5.286475928122884,-0.029511103357894482,0.0,0.0,1.7925692104950735,0.0,1.9101831246729593,0.0,0.0,1.9992058072192271,0.0,0.0,2.0668062935188556,0.0,0.0,2.1232976567208652,0.0,-8.209477153374454,0.0
548,13.700000000000001,1.7576005527435197e+18,-0.4328035776061494,2.274855871147801,1.6457372130907846,-0.14813349545746055,3.317716729319627,1.60792957756656,-6.078073368050019,0.000897433962464564,0.0,0.0,1.6457372130907846,0.0,1.7925692104950735,0.0,0.0,1.9101831246729593,0.0,0.0,1.9992058072192271,0.0,0.0,2.0668062935188556,0.0,-6.785761675054842,0.0
549,13.725000000000001,1.7576005527685197e+18,-0.4962058402979341,2.274556036006933,1.4764647328822462,-0.11972632731958857,3.3762783470930944,1.3692097579537588,-6.6099341969141605,0.05721348476902687,0.0,0.0,1.4764647328822462,0.0,1.6457372130907846,0.0,0.0,1.7925692104950735,0.0,0.0,1.9101831246729593,0.0,0.0,1.9992058072192271,0.0,-5.491590945438696,0.0
550,13.75,1.7576005527935196e+18,-0.5406999072990724,2.2559437922378787,1.2970069091094962,-0.0883182096499007,3.4264947776946975,1.0821740027448765,-6.771698096215383,0.1298558884005737,0.0,0.0,1.2970069091094962,0.0,1.4764647328822462,0.0,0.0,1.6457372130907846,0.0,0.0,1.7925692104950735,0.0,0.0,1.9101831246729593,0.0,-4.439508718378084,0.0
551,13.775,1.7576005528185198e+18,-0.5712433840982394,2.251169148992221,1.1214616219868447,-0.059391294750670294,3.4611635028481693,0.7808553693035648,-6.525241320304632,0.20633295574723384,0.3400000035762787,-0.0,1.1214616219868447,0.0,1.2970069091094962,0.0,0.0,1.4764647328822462,0.0,0.0,1.6457372130907846,0.0,0.0,1.7925692104950735,0.0,-3.6266428971072857,0.0
552,13.8,1.7576005528435197e+18,-0.585028322824908,2.233570015135488,0.9620722766115027,-0.03771381586098839,3.467053467352739,0.5067538450667806,-5.912784775461424,0.27435328750812277,0.3400000035762787,-0.0,0.9620722766115027,-0.0,1.1214616219868447,0.3400000035762787,0.0,1.2970069091094962,0.0,0.0,1.4764647328822462,0.0,0.0,1.6457372130907846,0.0,-2.936574296975522,0.0
553,13.825000000000001,1.7576005528685197e+18,-0.6145003745103188,2.226209174774583,0.8267600526033826,-0.025961904347026,3.496593222304087,0.29722975665930207,-5.042942370941565,0.3250199519647485,0.3400000035762787,-0.0,0.8267600526033826,-0.0,0.9620722766115027,0.3400000035762787,-0.0,1.1214616219868447,0.3400000035762787,0.0,1.2970069091094962,0.0,0.0,1.4764647328822462,0.0,-2.3440462529188912,0.0
554,13.850000000000001,1.75760055289352e+18,-0.6358888702469678,2.2261219863571475,0.7183563571704155,-0.023808773904340958,3.4745811897686427,0.1746820651701895,-4.0606526931013445,0.3548050899770095,0.3400000035762787,-0.0,0.7183563571704155,-0.0,0.8267600526033826,0.3400000035762787,-0.0,0.9620722766115027,0.3400000035762787,-0.0,1.1214616219868447,0.3400000035762787,0.0,1.2970069091094962,0.0,-1.9204991503158495,0.0
555,13.875,1.7576005529185198e+18,-0.6582234117503378,2.2198410799692274,0.6352722293527374,-0.027940779672366477,3.485854660146352,0.1408303863029155,-3.111269115984554,0.36555565737329965,0.3400000035762787,-0.0,0.6352722293527374,-0.0,0.7183563571704155,0.3400000035762787,-0.0,0.8267600526033826,0.3400000035762787,-0.0,0.9620722766115027,0.3400000035762787,-0.0,1.1214616219868447,0.3400000035762787,-1.637765052009553,0.0
556,13.9,1.7576005529435197e+18,-0.668034943806465,2.2180580012571376,0.5729815180565554,-0.033205539984299905,3.4623184336498665,0.1779284169463292,-2.3094685675702147,0.3627975653683709,0.3400000035762787,-0.0,0.5729815180565554,-0.0,0.6352722293527374,0.3400000035762787,-0.0,0.7183563571704155,0.3400000035762787,-0.0,0.8267600526033826,0.3400000035762787,-0.0,0.9620722766115027,0.3400000035762787,-1.3739404359452738,0.0
557,13.925,1.7576005529685197e+18,-0.688166639541596,2.210775572566225,0.5256906024965061,-0.034508997704189213,3.467919768850707,0.25575723380866644,-1.720583225631082,0.3533050028889163,0.3400000035762787,-0.0,0.5256906024965061,-0.0,0.5729815180565554,0.3400000035762787,-0.0,0.6352722293527374,0.3400000035762787,-0.0,0.7183563571704155,0.3400000035762787,-0.0,0.8267600526033826,0.3400000035762787,-1.1937663377056014,0.0
558,13.950000000000001,1.7576005529935196e+18,-0.7095065252551467,2.204276153198788,0.4877510188558131,-0.028620534015768043,3.4740424587652328,0.3413139671680262,-1.3570912577679832,0.34295157305326834,0.3400000035762787,-0.0,0.4877510188558131,-0.0,0.5256906024965061,0.3400000035762787,-0.0,0.5729815180565554,0.3400000035762787,-0.0,0.6352722293527374,0.3400000035762787,-0.0,0.7183563571704155,0.3400000035762787,-1.0023045689055807,0.0
559,13.975000000000001,1.7576005530185198e+18,-0.7051061256185576,2.202749007957086,0.4545890668879682,-0.015129574217020431,3.48357594333066,0.4077205550641366,-1.1882431504411988,0.3354613659047114,0.3400000035762787,-0.0,0.4545890668879682,-0.0,0.4877510188558131,0.3400000035762787,-0.0,0.5256906024965061,0.3400000035762787,-0.0,0.5729815180565554,0.3400000035762787,-0.0,0.6352722293527374,0.3400000035762787,-0.7171661590773286,0.0
560,14.0,1.7576005530435197e+18,-0.7220653765067504,2.19761943851666,0.42310459449135335,0.0036835529678262316,3.49265783764535,0.4397446723074025,-1.157616359299251,0.3321762719496382,0.3400000035762787,-0.0,0.42310459449135335,-0.0,0.4545890668879682,0.3400000035762787,-0.0,0.4877510188558131,0.3400000035762787,-0.0,0.5256906024965061,0.3400000035762787,-0.0,0.5729815180565554,0.3400000035762787,-0.41011950130885466,0.0
561,14.025,1.7576005530685197e+18,-0.7393316153233456,2.192397016160353,0.3916141008033956,0.023795240758958947,3.5019041278958425,0.43489208201559204,-1.2023989941508735,0.33258375891699415,0.3400000035762787,-0.0,0.3916141008033956,-0.0,0.42310459449135335,0.3400000035762787,-0.0,0.4545890668879682,0.3400000035762787,-0.0,0.4877510188558131,0.3400000035762787,-0.0,0.5256906024965061,0.3400000035762787,0.015340970207352755,0.0
562,14.05,1.75760055309352e+18,-0.7379306709482658,2.188354029542789,0.35949336339643256,0.04074791486513806,3.5221652216509307,0.40065981906003634,-1.269171358222187,0.3351913320044917,0.3400000035762787,-0.0,0.35949336339643256,-0.0,0.3916141008033956,0.3400000035762787,-0.0,0.42310459449135335,0.3400000035762787,-0.0,0.4545890668879682,0.3400000035762787,-0.0,0.4877510188558131,0.3400000035762787,0.4530842160187531,0.0
563,14.075000000000001,1.7576005531185198e+18,-0.7313399933796538,2.186824292835808,0.3267206748593482,0.05092888469598063,3.529089908852952,0.3496582572252029,-1.3230979821308253,0.3383659264951349,0.3400000035762787,-0.0,0.3267206748593482,-0.0,0.35949336339643256,0.3400000035762787,-0.0,0.3916141008033956,0.3400000035762787,-0.0,0.42310459449135335,0.3400000035762787,-0.0,0.4545890668879682,0.3400000035762787,0.9900994762047587,0.0
564,14.100000000000001,1.7576005531435197e+18,-0.7411703535965226,2.183152701077999,0.29350954077253094,0.05253227023470011,3.539715485935612,0.29460681091248947,-1.3498322917355272,0.3408995971631666,0.3400000035762787,-0.0,0.29350954077253094,-0.0,0.3267206748593482,0.3400000035762787,-0.0,0.35949336339643256,0.3400000035762787,-0.0,0.3916141008033956,0.3400000035762787,-0.0,0.42310459449135335,0.3400000035762787,1.509788268279796,0.0
565,14.125,1.7576005531685197e+18,-0.7394723958010769,2.184964025091138,0.2601277191358852,0.045978181556543214,3.542831288890247,0.2447318109715988,-1.3513462390813427,0.3422309503193211,0.3400000035762787,-0.0,0.2601277191358852,-0.0,0.29350954077253094,0.3400000035762787,-0.0,0.3267206748593482,0.3400000035762787,-0.0,0.35949336339643256,0.3400000035762787,-0.0,0.3916141008033956,0.3400000035762787,2.0933384663193557,0.0
566,14.15,1.7576005531935196e+18,-0.7484044353313712,2.181398591774009,0.22686936492495893,0.03365645137055785,3.5539560667447927,0.20420601071610908,-1.3379921689160947,0.3423822536287135,0.3400000035762787,-0.0,0.22686936492495893,-0.0,0.2601277191358852,0.3400000035762787,-0.0,0.29350954077253094,0.3400000035762787,-0.0,0.3267206748593482,0.3400000035762787,-0.0,0.35949336339643256,0.3400000035762787,2.623011826593205,0.0
567,14.175,1.7576005532185198e+18,-0.7437071611234423,2.1823385815305976,0.19406695570467936,0.019064596642856934,3.550975820986797,0.172447732535403,-1.319422115709613,0.34173735390378884,0.3400000035762787,-0.0,0.19406695570467936,-0.0,0.22686936492495893,0.3400000035762787,-0.0,0.2601277191358852,0.3400000035762787,-0.0,0.29350954077253094,0.3400000035762787,-0.0,0.3267206748593482,0.3400000035762787,3.1846421170520243,0.0
568,14.200000000000001,1.7576005532435197e+18,-0.7498527673156907,2.1796650772312853,0.16206026409380841,0.005659778692656027,3.5592517392074954,0.14565772448734565,-1.296776255775312,0.3407885157028463,0.3400000035762787,-0.0,0.16206026409380841,-0.0,0.19406695570467936,0.3400000035762787,-0.0,0.22686936492495893,0.3400000035762787,-0.0,0.2601277191358852,0.3400000035762787,-0.0,0.29350954077253094,0.3400000035762787,3.6695813680329112,0.0
569,14.225000000000001,1.7576005532685197e+18,-0.7492073713205656,2.181254184662192,0.13115982150123154,-0.00412753563368546,3.5597683387170824,0.11890959464609335,-1.2580488898023228,0.33994262782612594,0.3400000035762787,-0.0,0.13115982150123154,-0.0,0.16206026409380841,0.3400000035762787,-0.0,0.19406695570467936,0.3400000035762787,-0.0,0.22686936492495893,0.3400000035762787,-0.0,0.2601277191358852,0.3400000035762787,4.175004253882259,0.0
570,14.25,1.75760055329352e+18,-0.7507036667308951,2.180406635925,0.10174464747642858,-0.009377796715521325,3.5649233321894207,0.08823090809058405,-1.1778498410346319,0.33942538154573537,0.3400000035762787,-0.0,0.10174464747642858,-0.0,0.13115982150123154,0.3400000035762787,-0.0,0.16206026409380841,0.3400000035762787,-0.0,0.19406695570467936,0.3400000035762787,-0.0,0.22686936492495893,0.3400000035762787,4.603230428031431,0.0
571,14.275,1.7576005533185198e+18,-0.7513979482779725,2.179653360535379,0.07459802703478038,-0.010595522693494355,3.563382912690525,0.0522533171234788,-1.021880671949823,0.33927726867549596,0.3400000035762787,-0.0,0.07459802703478038,-0.0,0.10174464747642858,0.3400000035762787,-0.0,0.13115982150123154,0.3400000035762787,-0.0,0.16206026409380841,0.3400000035762787,-0.0,0.19406695570467936,0.3400000035762787,5.060282200970015,0.0
572,14.3,1.7576005533435197e+18,-0.7516856206109157,2.179339348971297,0.051399697559015606,-0.009228301990487263,3.5668557682236246,0.013125876427428544,-0.755335875275945,0.3394088793605589,0.3400000035762787,-0.0,0.051399697559015606,-0.0,0.07459802703478038,0.3400000035762787,-0.0,0.10174464747642858,0.3400000035762787,-0.0,0.13115982150123154,0.3400000035762787,-0.0,0.16206026409380841,0.3400000035762787,5.4550073886727,0.0
573,14.325000000000001,1.7576005533685197e+18,-0.7564394796699911,2.17849752203686,0.035091101070835316,-0.0070592344217709916,3.5676730024410745,-0.023498229968176403,-0.3532887706145528,0.33967644435155864,0.3400000035762787,0.2887748479843139,-0.2536837469134786,-0.0,0.051399697559015606,0.3400000035762787,-0.0,0.07459802703478038,0.3400000035762787,-0.0,0.10174464747642858,0.3400000035762787,-0.0,0.13115982150123154,0.3400000035762787,5.609891515152971,0.0
574,14.350000000000001,1.7576005533935196e+18,-0.7565928487455924,2.1784358081360344,0.029778345638728533,-0.00568527562708256,3.5656948936595745,-0.049444031234020996,0.18969612385025406,0.33994660930035964,0.3400000035762787,0.5243777632713318,-0.49459941763260323,0.2887748479843139,-0.2536837469134786,0.3400000035762787,-0.0,0.051399697559015606,0.3400000035762787,-0.0,0.07459802703478038,0.3400000035762787,-0.0,0.10174464747642858,0.3400000035762787,5.492300574572346,0.0
575,14.375000000000002,1.7576005534185198e+18,-0.7572191979499392,2.1781421580231477,0.039999597428154565,-0.006176719147837687,3.565727579458447,-0.05581577558297673,0.8535425582889621,0.340134184898103,0.3400000035762787,0.5243777632713318,-0.4843781658431772,0.5243777632713318,-0.49459941763260323,0.3400000035762787,0.2887748479843139,-0.2536837469134786,0.3400000035762787,-0.0,0.051399697559015606,0.3400000035762787,-0.0,0.07459802703478038,0.3400000035762787,5.454953864395381,0.0
576,14.4,1.7576005534435197e+18,-0.7597971346228682,2.178571410194729,0.0694886534788846,-0.00890999440354826,3.562612271471173,-0.035224173251473645,1.5921448912478986,0.34021101950462124,0.3400000035762787,0.5243777632713318,-0.4548891097924472,0.5243777632713318,-0.4843781658431772,0.3400000035762787,0.5243777632713318,-0.49459941763260323,0.3400000035762787,0.2887748479843139,-0.2536837469134786,0.3400000035762787,-0.0,0.051399697559015606,0.3400000035762787,5.4177736929179305,0.0
577,14.425,1.7576005534685197e+18,-0.7566757472850778,2.178081883087011,0.11986356791713487,-0.013525140589171532,3.5615479999862525,0.016196677636969324,2.338609329265851,0.3401938297173137,0.3400000035762787,0.6422663927078247,-0.5224028247906898,0.5243777632713318,-0.4548891097924472,0.3400000035762787,0.5243777632713318,-0.4843781658431772,0.3400000035762787,0.5243777632713318,-0.49459941763260323,0.3400000035762787,0.2887748479843139,-0.2536837469134786,0.3400000035762787,5.382910004704708,0.0
578,14.450000000000001,1.75760055349352e+18,-0.7592328382980735,2.1769550147384784,0.18979994854047266,-0.018997609201032366,3.560103273909021,0.09770501897326281,3.0147467592472994,0.3401225099754992,0.3400000035762787,0.6422663927078247,-0.45246644416735204,0.6422663927078247,-0.5224028247906898,0.3400000035762787,0.5243777632713318,-0.4548891097924472,0.3400000035762787,0.5243777632713318,-0.4843781658431772,0.3400000035762787,0.5243777632713318,-0.49459941763260323,0.3400000035762787,5.386252592869953,0.0
579,14.475000000000001,1.7576005535185198e+18,-0.7578306900642424,2.180986358715281,0.27510222009731233,-0.023884736992261756,3.560500549877332,0.2042467882970428,3.542216413073072,0.34003918085818796,0.3400000035762787,0.8190993666648865,-0.5439971465675741,0.6422663927078247,-0.45246644416735204,0.3400000035762787,0.6422663927078247,-0.5224028247906898,0.3400000035762787,0.5243777632713318,-0.4548891097924472,0.3400000035762787,0.5243777632713318,-0.4843781658431772,0.3400000035762787,5.363390532561514,0.0
580,14.500000000000002,1.7576005535435197e+18,-0.7662607733936948,2.178273251586832,0.3696658460513095,-0.02680259965120585,3.5680012145923317,0.3279456719606098,3.8527861370424055,0.33997423784038616,0.3400000035762787,0.9368135929107666,-0.5671477468594571,0.8190993666648865,-0.5439971465675741,0.3400000035762787,0.6422663927078247,-0.45246644416735204,0.3400000035762787,0.6422663927078247,-0.5224028247906898,0.3400000035762787,0.5243777632713318,-0.4548891097924472,0.3400000035762787,5.279288775689032,0.0
581,14.525,1.7576005535685197e+18,-0.7698652307108222,2.176686057551135,0.46682025625885987,-0.02704762558040934,3.571438752441343,0.459989540408053,3.8962808095913744,0.3399411798126661,0.3400000035762787,0.9368135929107666,-0.46999333665190673,0.9368135929107666,-0.5671477468594571,0.3400000035762787,0.8190993666648865,-0.5439971465675741,0.3400000035762787,0.6422663927078247,-0.45246644416735204,0.3400000035762787,0.6422663927078247,-0.5224028247906898,0.3400000035762787,5.350002183613373,0.0
582,14.55,1.7576005535935196e+18,-0.7710783726875245,2.178756131134997,0.560306479123465,-0.025081822810502575,3.5873683728767936,0.5920046417957503,3.6462158251797883,0.3399386054915416,0.3400000035762787,0.9368135929107666,-0.3765071137873016,0.9368135929107666,-0.46999333665190673,0.3400000035762787,0.9368135929107666,-0.5671477468594571,0.3400000035762787,0.8190993666648865,-0.5439971465675741,0.3400000035762787,0.6422663927078247,-0.45246644416735204,0.3400000035762787,5.469460330961892,0.0
583,14.575000000000001,1.7576005536185198e+18,-0.7736579351562396,2.177431031843206,0.6444414114832521,-0.022522978141228566,3.5984285444739834,0.7164833843287385,3.103934729519688,0.3399561227023223,0.3400000035762787,0.9368135929107666,-0.29237218142751453,0.9368135929107666,-0.3765071137873016,0.3400000035762787,0.9368135929107666,-0.46999333665190673,0.3400000035762787,0.9368135929107666,-0.5671477468594571,0.3400000035762787,0.8190993666648865,-0.5439971465675741,0.3400000035762787,5.726570999081912,0.0
584,14.600000000000001,1.7576005536435197e+18,-0.78928533222492,2.165433006790009,0.7137068446061682,-0.021448625824307874,3.6202683919356513,0.8264777256832238,2.301738991837259,0.33998089083344163,0.3400000035762787,0.9368135929107666,-0.22310674830459842,0.9368135929107666,-0.29237218142751453,0.3400000035762787,0.9368135929107666,-0.3765071137873016,0.3400000035762787,0.9368135929107666,-0.46999333665190673,0.3400000035762787,0.9368135929107666,-0.5671477468594571,0.3400000035762787,6.007109695731577,0.0
585,14.625000000000002,1.7576005536685197e+18,-0.794090374875335,2.1628090613911346,0.7625181884340289,-0.023213489025381343,3.638650313582947,0.9151610013362366,1.3042325181175813,0.34000252385696955,0.3400000035762787,0.8190993666648865,-0.05658117823085762,0.9368135929107666,-0.22310674830459842,0.3400000035762787,0.9368135929107666,-0.29237218142751453,0.3400000035762787,0.9368135929107666,-0.3765071137873016,0.3400000035762787,0.9368135929107666,-0.46999333665190673,0.3400000035762787,6.5100375951436185,0.0
586,14.65,1.75760055369352e+18,-0.8231549316315583,2.149066580556548,0.78580280117403,-0.027381607667518335,3.681335494324737,0.9758866790108531,0.2058227460065527,0.34001542721275224,0.3400000035762787,0.6422663927078247,0.1435364084662053,0.8190993666648865,-0.05658117823085762,0.3400000035762787,0.9368135929107666,-0.22310674830459842,0.3400000035762787,0.9368135929107666,-0.29237218142751453,0.3400000035762787,0.9368135929107666,-0.3765071137873016,0.3400000035762787,7.172607983948794,0.0
587,14.675,1.7576005537185198e+18,-0.8317366324164084,2.1444608609522966,0.780353031240755,-0.031478874231375374,3.6999555667950967,1.003076065567707,-0.8778908155377056,0.3400187824293073,0.3400000035762787,0.5833220481872559,0.1970309830534991,0.6422663927078247,0.1435364084662053,0.3400000035762787,0.8190993666648865,-0.05658117823085762,0.3400000035762787,0.9368135929107666,-0.22310674830459842,0.3400000035762787,0.9368135929107666,-0.29237218142751453,0.3400000035762787,7.950856112163643,0.0
588,14.700000000000001,1.7576005537435197e+18,-0.8671167388553549,2.127502952172509,0.7462854515086298,-0.03191263997110376,3.723604277617033,0.9937398162873206,-1.8256846916189209,0.3400150483236564,0.3400000035762787,0.5243777632713318,0.221907688237298,0.5833220481872559,0.1970309830534991,0.3400000035762787,0.6422663927078247,0.1435364084662053,0.3400000035762787,0.8190993666648865,-0.05658117823085762,0.3400000035762787,0.9368135929107666,-0.22310674830459842,0.3400000035762787,8.720029322907282,0.0
589,14.725000000000001,1.7576005537685197e+18,-0.8826445842180233,2.119038049226285,0.6878081347916294,-0.025727655625142485,3.7486007124466103,0.9489531614367717,-2.5313835974721957,0.3400079910633984,0.3400000035762787,0.4656078219413757,0.2222003128502537,0.5243777632713318,0.221907688237298,0.3400000035762787,0.5833220481872559,0.1970309830534991,0.3400000035762787,0.6422663927078247,0.1435364084662053,0.3400000035762787,0.8190993666648865,-0.05658117823085762,0.3400000035762787,9.556949387101918,0.0
590,14.750000000000002,1.7576005537935196e+18,-0.8880058913174631,2.106131854006005,0.6128529958198147,-0.012288190937917415,3.780848049693938,0.8744886460696489,-2.9249934451698514,0.3400010304052199,0.3400000035762787,0.2887748479843139,0.32407814783550076,0.4656078219413757,0.2222003128502537,0.3400000035762787,0.5243777632713318,0.221907688237298,0.3400000035762787,0.5833220481872559,0.1970309830534991,0.3400000035762787,0.6422663927078247,0.1435364084662053,0.3400000035762787,10.4636061874359,0.0
591,14.775,1.7576005538185198e+18,-0.8972512321809196,2.100275934889455,0.5316120072988876,0.006072829933000242,3.800409364275477,0.7801302818219392,-2.9881804018818987,0.33999630150769783,0.3400000035762787,0.2298305332660675,0.3017814740328201,0.2887748479843139,0.32407814783550076,0.3400000035762787,0.4656078219413757,0.2222003128502537,0.3400000035762787,0.5243777632713318,0.221907688237298,0.3400000035762787,0.5833220481872559,0.1970309830534991,0.3400000035762787,11.413261508491859,0.0
592,14.8,1.7576005538435197e+18,-0.911317726822424,2.087476565169192,0.454362906262855,0.024829863201594554,3.8180769989815277,0.6777605856868469,-2.7587608925523854,0.3399944617062843,0.3400000035762787,0.2298305332660675,0.22453237299678752,0.2298305332660675,0.3017814740328201,0.3400000035762787,0.2887748479843139,0.32407814783550076,0.3400000035762787,0.4656078219413757,0.2222003128502537,0.3400000035762787,0.5243777632713318,0.221907688237298,0.3400000035762787,12.249270833155233,0.0
593,14.825000000000001,1.7576005538685197e+18,-0.9274986869480816,2.0726470855850248,0.38917913202772086,0.039058714032511474,3.8367259596543555,0.5788512249095622,-2.321865000936094,0.33999502842091256,0.3400000035762787,0.1121162846684455,0.27706284735927533,0.2298305332660675,0.22453237299678752,0.3400000035762787,0.2298305332660675,0.3017814740328201,0.3400000035762787,0.2887748479843139,0.32407814783550076,0.3400000035762787,0.4656078219413757,0.2222003128502537,0.3400000035762787,13.196688226965367,0.0
594,14.850000000000001,1.75760055389352e+18,-0.9312061381946486,2.0699320596964146,0.34022408590246717,0.04533161329168334,3.842391011197358,0.4922043141961066,-1.7896210138513595,0.33999694731750346,0.3400000035762787,-0.0,0.34022408590246717,0.1121162846684455,0.27706284735927533,0.3400000035762787,0.2298305332660675,0.22453237299678752,0.3400000035762787,0.2298305332660675,0.3017814740328201,0.3400000035762787,0.2887748479843139,0.32407814783550076,0.3400000035762787,14.164163457195698,0.0
595,14.875000000000002,1.7576005539185198e+18,-0.9405367644917608,2.062853442095021,0.3072270573502024,0.04283682651475526,3.8566916885497835,0.4225655261592263,-1.274978957566164,0.33999912883009276,0.3400000035762787,-0.0,0.3072270573502024,-0.0,0.34022408590246717,0.3400000035762787,0.1121162846684455,0.27706284735927533,0.3400000035762787,0.2298305332660675,0.22453237299678752,0.3400000035762787,0.2298305332660675,0.3017814740328201,0.3400000035762787,15.150379267397557,0.0
596,14.9,1.7576005539435197e+18,-0.9516313272603284,2.053376664247166,0.28633374782871573,0.03334504895339786,3.864888160183571,0.37031453183350055,-0.8671559136180358,0.34000079772755964,0.3400000035762787,-0.0,0.28633374782871573,-0.0,0.3072270573502024,0.3400000035762787,-0.0,0.34022408590246717,0.3400000035762787,0.1121162846684455,0.27706284735927533,0.3400000035762787,0.2298305332660675,0.22453237299678752,0.3400000035762787,16.065590330947824,0.0
597,14.925,1.7576005539685197e+18,-0.9526311069057534,2.0484582998603544,0.27195618272546196,0.02026320547084673,3.8726788226328477,0.3321668940351877,-0.615415645477429,0.34000161640244564,0.3400000035762787,-0.0,0.27195618272546196,-0.0,0.28633374782871573,0.3400000035762787,-0.0,0.3072270573502024,0.3400000035762787,-0.0,0.34022408590246717,0.3400000035762787,0.1121162846684455,0.27706284735927533,0.3400000035762787,17.000044551496842,0.0
598,14.950000000000001,1.7576005539935196e+18,-0.9590590673016366,2.0433474199379607,0.25883417228024025,0.007362057523546462,3.8809681113619097,0.30267562179896285,-0.5248378934542367,0.34000162809201795,0.3400000035762787,-0.0,0.25883417228024025,-0.0,0.27195618272546196,0.3400000035762787,-0.0,0.28633374782871573,0.3400000035762787,-0.0,0.3072270573502024,0.3400000035762787,-0.0,0.34022408590246717,0.3400000035762787,17.86422025480216,0.0
599,14.975000000000001,1.7576005540185198e+18,-0.9587813622764308,2.048307713249745,0.24350325210368032,-0.002305410635695118,3.8875862131636665,0.2761051088666571,-0.5636524870772707,0.3400011054960805,0.3400000035762787,-0.0,0.24350325210368032,-0.0,0.25883417228024025,0.3400000035762787,-0.0,0.27195618272546196,0.3400000035762787,-0.0,0.28633374782871573,0.3400000035762787,-0.0,0.3072270573502024,0.3400000035762787,18.72515742581393,0.0
600,15.000000000000002,1.7576005540435197e+18,-0.9617929381901438,2.045486356427758,0.22473675716800745,-0.007050530535805784,3.894344973573088,0.24805105634952399,-0.678216361789705,0.34000038768574736,0.3400000035762787,-0.0,0.22473675716800745,-0.0,0.24350325210368032,0.3400000035762787,-0.0,0.25883417228024025,0.3400000035762787,-0.0,0.27195618272546196,0.3400000035762787,-0.0,0.28633374782871573,0.3400000035762787,19.507685698533567,0.0
601,15.025,1.7576005540685197e+18,-0.966119862573771,2.041432732020553,0.20306766679807128,-0.00672119152114622,3.904055718397903,0.21627161671227588,-0.8100367619292062,0.3399997598607249,0.3400000035762787,-0.0,0.20306766679807128,-0.0,0.22473675716800745,0.3400000035762787,-0.0,0.24350325210368032,0.3400000035762787,-0.0,0.25883417228024025,0.3400000035762787,-0.0,0.27195618272546196,0.3400000035762787,20.290157421645624,0.0
602,15.05,1.75760055409352e+18,-0.96443016281447,2.038283532094799,0.17988830918563048,-0.0024526807857651756,3.9051017932013106,0.18059836736447632,-0.9097615668129013,0.3399993949693717,0.3400000035762787,-0.0,0.17988830918563048,-0.0,0.20306766679807128,0.3400000035762787,-0.0,0.22473675716800745,0.3400000035762787,-0.0,0.24350325210368032,0.3400000035762787,-0.0,0.25883417228024025,0.3400000035762787,20.996286091567356,0.0
603,15.075000000000001,1.7576005541185198e+18,-0.9715353378697666,2.034720758485837,0.15667345970266439,0.0038811587416654027,3.9080915324641072,0.14222307638842324,-0.945204402206882,0.33999934789417696,0.3400000035762787,-0.0,0.15667345970266439,-0.0,0.17988830918563048,0.3400000035762787,-0.0,0.20306766679807128,0.3400000035762787,-0.0,0.22473675716800745,0.3400000035762787,-0.0,0.24350325210368032,0.3400000035762787,21.621847608043083,0.0
604,15.100000000000001,1.7576005541435197e+18,-0.9742035840170522,2.032141309186949,0.13462609586507768,0.010326336755758059,3.9126720870623948,0.10284224129613648,-0.9031187013907037,0.33999957906425105,0.3400000035762787,-0.0,0.13462609586507768,-0.0,0.15667345970266439,0.3400000035762787,-0.0,0.17988830918563048,0.3400000035762787,-0.0,0.20306766679807128,0.3400000035762787,-0.0,0.22473675716800745,0.3400000035762787,22.186180796467774,0.0
605,15.125000000000002,1.7576005541685197e+18,-0.9736453975585744,2.029153064640877,0.11472289502644212,0.015404195039903357,3.913422043630788,0.064049781183678,-0.7864627709012336,0.3399999850946803,0.3400000035762787,-0.0,0.11472289502644212,-0.0,0.13462609586507768,0.3400000035762787,-0.0,0.15667345970266439,0.3400000035762787,-0.0,0.17988830918563048,0.3400000035762787,-0.0,0.20306766679807128,0.3400000035762787,22.72930929154283,0.0
606,15.15,1.7576005541935196e+18,-0.9750680084320628,2.02770503328346,0.09792168812617394,0.01840147098410119,3.9159675491661132,0.027126951190476718,-0.6096816667227315,0.34000042441135275,0.3400000035762787,-0.0,0.09792168812617394,-0.0,0.11472289502644212,0.3400000035762787,-0.0,0.13462609586507768,0.3400000035762787,-0.0,0.15667345970266439,0.3400000035762787,-0.0,0.17988830918563048,0.3400000035762787,23.23238292302535,0.0
607,15.175,1.7576005542185198e+18,-0.9757527995966044,2.0281413542151743,0.0852556173319865,0.019343794320238094,3.9165675411346412,-0.006848671252293958,-0.3941100383712176,0.34000073859233537,0.3400000035762787,-0.0,0.0852556173319865,-0.0,0.09792168812617394,0.3400000035762787,-0.0,0.11472289502644212,0.3400000035762787,-0.0,0.13462609586507768,0.3400000035762787,-0.0,0.15667345970266439,0.3400000035762787,23.738773756622898,0.0
608,15.200000000000001,1.7576005542435197e+18,-0.975615850078578,2.0281313875131515,0.07766908823144247,0.0187316862093286,3.916592110802808,-0.03676651049582461,-0.16450947171391442,0.3400007785590939,0.3400000035762787,0.0531719624996185,0.02449712573182397,-0.0,0.0852556173319865,0.3400000035762787,-0.0,0.09792168812617394,0.3400000035762787,-0.0,0.11472289502644212,0.3400000035762787,-0.0,0.13462609586507768,0.3400000035762787,24.170799463668892,0.0
609,15.225000000000001,1.7576005542685197e+18,-0.9739181121139384,2.0271449691076127,0.07566536370438091,0.01719950763873921,3.9136017577300586,-0.0613205679800265,0.05333066451002648,0.34000044447134853,0.3400000035762787,0.3477191627025604,-0.2720537989981795,0.0531719624996185,0.02449712573182397,0.3400000035762787,-0.0,0.0852556173319865,0.3400000035762787,-0.0,0.09792168812617394,0.3400000035762787,-0.0,0.11472289502644212,0.3400000035762787,24.34484418020249,0.0
610,15.250000000000002,1.75760055429352e+18,-0.9740401898605602,2.02695105647536,0.07898849490557745,0.015248817788475411,3.913323830010326,-0.07907952565567883,0.23460154120042834,0.339999738638184,0.3400000035762787,0.4656078219413757,-0.3866193270357982,0.3477191627025604,-0.2720537989981795,0.3400000035762787,0.0531719624996185,0.02449712573182397,0.3400000035762787,-0.0,0.0852556173319865,0.3400000035762787,-0.0,0.09792168812617394,0.3400000035762787,24.38877066290882,0.0
611,15.275,1.7576005543185198e+18,-0.9749218708440242,2.026731566690631,0.0865431025452206,0.0131334429866876,3.9098612093646485,-0.08884376247784329,0.3577609579053544,0.3399988154926515,0.3400000035762787,0.7601550221443176,-0.673611919599097,0.4656078219413757,-0.3866193270357982,0.3400000035762787,0.3477191627025604,-0.2720537989981795,0.3400000035762787,0.0531719624996185,0.02449712573182397,0.3400000035762787,-0.0,0.0852556173319865,0.3400000035762787,24.089492335414644,0.0
612,15.3,1.7576005543435197e+18,-0.9751622560012998,2.026485316871498,0.09659250540958064,0.010887173690717268,3.909255540810374,-0.09016720134343012,0.40733120300487663,0.33999799871633696,0.3400000035762787,0.8778693079948425,-0.7812768025852619,0.7601550221443176,-0.673611919599097,0.3400000035762787,0.4656078219413757,-0.3866193270357982,0.3400000035762787,0.3477191627025604,-0.2720537989981795,0.3400000035762787,0.0531719624996185,0.02449712573182397,0.3400000035762787,23.660166816799975,0.0
613,15.325000000000001,1.7576005543685197e+18,-0.9736751166005972,2.027311834958732,0.10711092251711946,0.008421504804673515,3.907261062847068,-0.08376068122844023,0.3768745370917978,0.33999773165292285,0.3400000035762787,1.0547022819519043,-0.9475913594347849,0.8778693079948425,-0.7812768025852619,0.3400000035762787,0.7601550221443176,-0.673611919599097,0.3400000035762787,0.4656078219413757,-0.3866193270357982,0.3400000035762787,0.3477191627025604,-0.2720537989981795,0.3400000035762787,22.970464767595942,0.0
614,15.350000000000001,1.7576005543935196e+18,-0.9751520183394072,2.025884940236975,0.11612301172784185,0.005605428863192884,3.905795572858907,-0.07150242633154703,0.2713644751207564,0.3399984405986178,0.3400000035762787,1.0547022819519043,-0.9385792702240624,1.0547022819519043,-0.9475913594347849,0.3400000035762787,0.8778693079948425,-0.7812768025852619,0.3400000035762787,0.7601550221443176,-0.673611919599097,0.3400000035762787,0.4656078219413757,-0.3866193270357982,0.3400000035762787,22.26883385897245,0.0
615,15.375000000000002,1.7576005544185198e+18,-0.9665922897126716,2.0359583157603947,0.12194427738432786,0.0022878532814601745,3.9025303629974073,-0.055995290608198814,0.1079862964608196,0.3400003236995302,0.3400000035762787,1.1136466264724731,-0.9917023490881453,1.0547022819519043,-0.9385792702240624,0.3400000035762787,1.0547022819519043,-0.9475913594347849,0.3400000035762787,0.8778693079948425,-0.7812768025852619,0.3400000035762787,0.7601550221443176,-0.673611919599097,0.3400000035762787,21.398725266575184,0.0
616,15.4,1.7576005544435197e+18,-0.9653043830665148,2.037171370806652,0.12333961864774594,-0.0016930661355111626,3.901242216614015,-0.03986488789717973,-0.08546914574732549,0.34000312480736616,0.3400000035762787,1.1136466264724731,-0.9903070078247272,1.1136466264724731,-0.9917023490881453,0.3400000035762787,1.0547022819519043,-0.9385792702240624,0.3400000035762787,1.0547022819519043,-0.9475913594347849,0.3400000035762787,0.8778693079948425,-0.7812768025852619,0.3400000035762787,20.52165747987908,0.0
617,15.425,1.7576005544685197e+18,-0.9640422119074156,2.0368133625327376,0.11965733613949343,-0.0064280309109373815,3.9002795324040687,-0.02510313415091974,-0.2750015125640495,0.34000599560217004,0.3400000035762787,1.1136466264724731,-0.9939892903329797,1.1136466264724731,-0.9903070078247272,0.3400000035762787,1.1136466264724731,-0.9917023490881453,0.3400000035762787,1.0547022819519043,-0.9385792702240624,0.3400000035762787,1.0547022819519043,-0.9475913594347849,0.3400000035762787,19.540791542512707,0.0
618,15.450000000000001,1.75760055449352e+18,-0.9632913360945508,2.037522246040033,0.11096251869522537,-0.011755827059089709,3.8991909232577013,-0.012700066688613468,-0.42723043530389565,0.3400075668960805,0.3400000035762787,1.1136466264724731,-1.0026841077772477,1.1136466264724731,-0.9939892903329797,0.3400000035762787,1.1136466264724731,-0.9903070078247272,0.3400000035762787,1.1136466264724731,-0.9917023490881453,0.3400000035762787,1.0547022819519043,-0.9385792702240624,0.3400000035762787,18.559013710205278,0.0
619,15.475000000000001,1.7576005545185198e+18,-0.96439670405058,2.037713747696208,0.09812853358412392,-0.017081862372402553,3.900467521472253,-0.002655689930146899,-0.5173958025135078,0.34000631730790615,0.3400000035762787,1.1136466264724731,-1.0155180928883492,1.1136466264724731,-1.0026841077772477,0.3400000035762787,1.1136466264724731,-0.9939892903329797,0.3400000035762787,1.1136466264724731,-0.9903070078247272,0.3400000035762787,1.1136466264724731,-0.9917023490881453,0.3400000035762787,17.479731518008226,0.0
620,15.500000000000002,1.7576005545435197e+18,-0.9623682079428656,2.043133786445078,0.0827937675161299,-0.021369233773207447,3.8989568383818316,0.005686055672467061,-0.5364426389382808,0.34000123165469254,0.3400000035762787,1.0547022819519043,-0.9719085144357744,1.1136466264724731,-1.0155180928883492,0.3400000035762787,1.1136466264724731,-1.0026841077772477,0.3400000035762787,1.1136466264724731,-0.9939892903329797,0.3400000035762787,1.1136466264724731,-0.9903070078247272,0.3400000035762787,16.46641725621526,0.0
621,15.525,1.7576005545685197e+18,-0.960333601199753,2.045071435063794,0.06708843631323369,-0.023408934111117316,3.8985226164380276,0.013125700701629906,-0.4947152286216718,0.33999259343442606,0.3400000035762787,1.0547022819519043,-0.9876138456386706,1.0547022819519043,-0.9719085144357744,0.3400000035762787,1.1136466264724731,-1.0155180928883492,0.3400000035762787,1.1136466264724731,-1.0026841077772477,0.3400000035762787,1.1136466264724731,-0.9939892903329797,0.3400000035762787,15.387935610954806,0.0
622,15.55,1.7576005545935196e+18,-0.9657032168797656,2.040880774119885,0.05310998943446374,-0.022290368942559226,3.900167193515675,0.020081607550681432,-0.420166848627623,0.3399825986734409,0.3400000035762787,1.0547022819519043,-1.0015922925174405,1.0547022819519043,-0.9876138456386706,0.3400000035762787,1.0547022819519043,-0.9719085144357744,0.3400000035762787,1.1136466264724731,-1.0155180928883492,0.3400000035762787,1.1136466264724731,-1.0026841077772477,0.3400000035762787,14.330613237742167,0.0
623,15.575000000000001,1.7576005546185198e+18,-0.9626205884272712,2.04380134635624,0.04226763290122306,-0.017826463790407962,3.9004134555679917,0.026201325179676674,-0.3502839983701401,0.33997538449765896,0.3400000035762787,1.0547022819519043,-1.0124346490506813,1.0547022819519043,-1.0015922925174405,0.3400000035762787,1.0547022819519043,-0.9876138456386706,0.3400000035762787,1.0547022819519043,-0.9719085144357744,0.3400000035762787,1.1136466264724731,-1.0155180928883492,0.3400000035762787,13.203512811458623,0.0
624,15.600000000000001,1.7576005546435197e+18,-0.961347797731794,2.042198385956685,0.03475458426990623,-0.01068657900237845,3.9014366382332786,0.03025220705809276,-0.3189194692178392,0.339976118057919,0.3400000035762787,1.0547022819519043,-1.0199476976819981,1.0547022819519043,-1.0124346490506813,0.3400000035762787,1.0547022819519043,-1.0015922925174405,0.3400000035762787,1.0547022819519043,-0.9876138456386706,0.3400000035762787,1.0547022819519043,-0.9719085144357744,0.3400000035762787,12.113007905963691,0.0
625,15.625000000000002,1.7576005546685197e+18,-0.9591637494602572,2.044267288399596,0.029437297353345503,-0.00217640734099881,3.9017710018832807,0.030404048180446914,-0.3413463553357087,0.33998904892064774,0.3400000035762787,1.0547022819519043,-1.0252649845985589,1.0547022819519043,-1.0199476976819981,0.3400000035762787,1.0547022819519043,-1.0124346490506813,0.3400000035762787,1.0547022819519043,-1.0015922925174405,0.3400000035762787,1.0547022819519043,-0.9876138456386706,0.3400000035762787,10.963442001165488,0.0
626,15.65,1.75760055469352e+18,-0.9674442552212076,2.0390190251755893,0.024328441501849256,0.006170555420407422,3.9037149969389846,0.024947443951252923,-0.4022838684321897,0.3400148828311499,0.3400000035762787,1.0547022819519043,-1.030373840450055,1.0547022819519043,-1.0252649845985589,0.3400000035762787,1.0547022819519043,-1.0199476976819981,0.3400000035762787,1.0547022819519043,-1.0124346490506813,0.3400000035762787,1.0547022819519043,-1.0015922925174405,0.3400000035762787,9.852927463266475,0.0
627,15.675,1.7576005547185198e+18,-0.9672329926162946,2.0392186001009174,0.017590534224012307,0.01295220611144527,3.904408144297331,0.013371179068752334,-0.4516789758411931,0.3400483771554962,0.3400000035762787,1.3492494821548462,-1.3316589479308338,1.0547022819519043,-1.030373840450055,0.3400000035762787,1.0547022819519043,-1.0252649845985589,0.3400000035762787,1.0547022819519043,-1.0199476976819981,0.3400000035762787,1.0547022819519043,-1.0124346490506813,0.3400000035762787,8.381984013870422,0.0
628,15.700000000000001,1.7576005547435197e+18,-0.9659988257519676,2.037407728183921,0.0088002914834368,0.01709034761345115,3.9047517761147823,-0.0024398334611554395,-0.41133018919744524,0.340077471780513,0.3400000035762787,1.8204551935195925,-1.8116549020361556,1.3492494821548462,-1.3316589479308338,0.3400000035762787,1.0547022819519043,-1.030373840450055,0.3400000035762787,1.0547022819519043,-1.0252649845985589,0.3400000035762787,1.0547022819519043,-1.0199476976819981,0.3400000035762787,6.46678993545141,0.0
629,15.725000000000001,1.7576005547685197e+18,-0.9662091852609156,2.037206849321572,6.214075216601183e-05,0.017907764258383647,3.905067555174642,-0.01728147448110795,-0.19230304118891545,0.34008527517475806,0.3400000035762787,2.115002393722534,-2.114940252970368,1.8204551935195925,-1.8116549020361556,0.3400000035762787,1.3492494821548462,-1.3316589479308338,0.3400000035762787,1.0547022819519043,-1.030373840450055,0.3400000035762787,1.0547022819519043,-1.0252649845985589,0.3400000035762787,4.179562982504524,0.0
630,15.750000000000002,1.7576005547935196e+18,-0.9705850514911324,2.034346816031319,-0.0034690649684063104,0.015200643542028498,3.905469292570595,-0.022444821682367982,0.2805858090006858,0.34005558422411997,0.3400000035762787,2.291835308074951,-2.2953043730433573,2.115002393722534,-2.114940252970368,0.3400000035762787,1.8204551935195925,-1.8116549020361556,0.3400000035762787,1.3492494821548462,-1.3316589479308338,0.3400000035762787,1.0547022819519043,-1.030373840450055,0.3400000035762787,1.739348610727507,0.0
631,15.775,1.7576005548185198e+18,-0.965427857774372,2.036371898237989,0.006017391717305786,0.00934452576227425,3.9040993824781918,-0.006621193485329241,1.0438880651802973,0.339981268779349,0.3400000035762787,2.468493938446045,-2.4624765467287393,2.291835308074951,-2.2953043730433573,0.3400000035762787,2.115002393722534,-2.114940252970368,0.3400000035762787,1.8204551935195925,-1.8116549020361556,0.3400000035762787,1.3492494821548462,-1.3316589479308338,0.3400000035762787,-0.8431399868414975,0.0
632,15.8,1.7576005548435197e+18,-0.9649135277673576,2.0368616866042397,0.037609228717976693,0.001347660434356134,3.9040014136312746,0.042059129020391404,2.077966442223036,0.3398730516580155,0.3400000035762787,2.5863826274871826,-2.548773398769206,2.468493938446045,-2.4624765467287393,0.3400000035762787,2.291835308074951,-2.2953043730433573,0.3400000035762787,2.115002393722534,-2.114940252970368,0.3400000035762787,1.8204551935195925,-1.8116549020361556,0.3400000035762787,-3.488724808743731,0.0
633,15.825000000000001,1.7576005548685197e+18,-0.9704962396456458,2.035115339541491,0.09957750218230953,-0.007303795811456942,3.905935386152217,0.13323346265397007,3.3029966404720748,0.33976458666860415,0.3400000035762787,2.7042713165283203,-2.6046938143460108,2.5863826274871826,-2.548773398769206,0.3400000035762787,2.468493938446045,-2.4624765467287393,0.3400000035762787,2.291835308074951,-2.2953043730433573,0.3400000035762787,2.115002393722534,-2.114940252970368,0.3400000035762787,-6.168382941682112,0.0
634,15.850000000000001,1.75760055489352e+18,-0.9713988703578552,2.0342562154148203,0.19711777064962163,-0.015098663553906464,3.906549452874906,0.27149829209659015,4.590989222369257,0.33970918332163885,0.3400000035762787,2.821985483169556,-2.6248677125199347,2.7042713165283203,-2.6046938143460108,0.3400000035762787,2.5863826274871826,-2.548773398769206,0.3400000035762787,2.468493938446045,-2.4624765467287393,0.3400000035762787,2.291835308074951,-2.2953043730433573,0.3400000035762787,-8.847240346432653,0.0
635,15.875000000000002,1.7576005549185198e+18,-0.979974809012298,2.0285941828104628,0.3306054201215519,-0.021156497037950975,3.9138318563205585,0.45446712305555875,5.791347875724702,0.33976494377574495,0.3400000035762787,2.880929946899414,-2.550324526777862,2.821985483169556,-2.6248677125199347,0.3400000035762787,2.7042713165283203,-2.6046938143460108,0.3400000035762787,2.5863826274871826,-2.548773398769206,0.3400000035762787,2.468493938446045,-2.4624765467287393,0.3400000035762787,-11.430053453171164,0.0
636,15.9,1.7576005549435197e+18,-0.9863529151073362,2.022538788781426,0.495006738539061,-0.025807854548772977,3.9192248007868282,0.6724116789470856,6.763042427094741,0.3399689108667356,0.3400000035762787,2.880929946899414,-2.385923208360353,2.880929946899414,-2.550324526777862,0.3400000035762787,2.821985483169556,-2.6248677125199347,0.3400000035762787,2.7042713165283203,-2.6046938143460108,0.3400000035762787,2.5863826274871826,-2.548773398769206,0.3400000035762787,-13.923770726975961,0.0
637,15.925,1.7576005549685197e+18,-0.9950822799121046,2.01390827070106,0.6808195249885812,-0.03077189615173559,3.941489963872028,0.9097338101820102,7.404167102682137,0.3403065892182019,0.3400000035762787,2.880929946899414,-2.200110421910833,2.880929946899414,-2.385923208360353,0.3400000035762787,2.880929946899414,-2.550324526777862,0.3400000035762787,2.821985483169556,-2.6248677125199347,0.3400000035762787,2.7042713165283203,-2.6046938143460108,0.3400000035762787,-16.30042232208568,0.0
638,15.950000000000001,1.7576005549935196e+18,-1.0018053992226394,2.007558766131812,0.8763421883654677,-0.038741893073292774,3.952086125770634,1.1479112272381218,7.67039972001811,0.3406891743847066,0.3400000035762787,2.880929946899414,-2.004587758533946,2.880929946899414,-2.200110421910833,0.3400000035762787,2.880929946899414,-2.385923208360353,0.3400000035762787,2.880929946899414,-2.550324526777862,0.3400000035762787,2.821985483169556,-2.6248677125199347,0.3400000035762787,-18.640865047023144,0.0
639,15.975000000000001,1.7576005550185198e+18,-1.027530748224995,1.9865510388462584,1.0704065851863613,-0.05245027231911325,3.9917962924952652,1.3691332189409564,7.577475899697305,0.34095418592895815,0.3400000035762787,2.880929946899414,-1.8105233617130527,2.880929946899414,-2.004587758533946,0.3400000035762787,2.880929946899414,-2.200110421910833,0.3400000035762787,2.880929946899414,-2.385923208360353,0.3400000035762787,2.880929946899414,-2.550324526777862,0.3400000035762787,-20.834287566879006,0.0
640,16.0,1.7576005550435197e+18,-1.0427140243315054,1.97177814394276,1.2544682684072073,-0.07352064927958905,4.013750644417061,1.5597441583861116,7.1879523208668985,0.3409027768677542,0.3400000035762787,2.880929946899414,-1.6264616784922068,2.880929946899414,-1.8105233617130527,0.3400000035762787,2.880929946899414,-2.004587758533946,0.3400000035762787,2.880929946899414,-2.200110421910833,0.3400000035762787,2.880929946899414,-2.385923208360353,0.3400000035762787,-22.786782003972505,0.0
641,16.025000000000002,1.7576005550685197e+18,-1.053465676897313,1.9565861520449543,1.423368863351598,-0.10151879365448906,4.067076165549119,1.7127061487478044,6.5873824586928755,0.3403766209364017,0.3400000035762787,2.880929946899414,-1.457561083547816,2.880929946899414,-1.6264616784922068,0.3400000035762787,2.880929946899414,-1.8105233617130527,0.3400000035762787,2.880929946899414,-2.004587758533946,0.3400000035762787,2.880929946899414,-2.200110421910833,0.3400000035762787,-24.45610769631353,0.0
642,16.05,1.75760055509352e+18,-1.071862643921463,1.9371178221957368,1.5748123327360866,-0.13360441478330773,4.101332584820739,1.828475081569666,5.8578883200033,0.3393594586866026,0.3400000035762787,2.880929946899414,-1.3061176141633275,2.880929946899414,-1.457561083547816,0.3400000035762787,2.880929946899414,-1.6264616784922068,0.3400000035762787,2.880929946899414,-1.8105233617130527,0.3400000035762787,2.880929946899414,-2.004587758533946,0.3400000035762787,-25.91690110153141,0.0
643,16.075,1.7576005551185198e+18,-1.1045342082334852,1.904903636410057,1.708096443819041,-0.16509085380873922,4.170636936104801,1.9140683676928383,5.057162480769985,0.3380675719617432,0.3400000035762787,2.821985483169556,-1.1138890393505152,2.880929946899414,-1.3061176141633275,0.3400000035762787,2.880929946899414,-1.457561083547816,0.3400000035762787,2.880929946899414,-1.6264616784922068,0.3400000035762787,2.880929946899414,-1.8105233617130527,0.3400000035762787,-29.154087797602788,0.0
644,16.1,1.7576005551435197e+18,-1.1309034184773767,1.8615216181337813,1.8227352567109227,-0.1909812390314341,4.24401121186961,1.9806541395105608,4.208460167282835,0.3369781740653814,0.3400000035762787,2.7042713165283203,-0.8815360598173976,2.821985483169556,-1.1138890393505152,0.3400000035762787,2.880929946899414,-1.3061176141633275,0.3400000035762787,2.880929946899414,-1.457561083547816,0.3400000035762787,2.880929946899414,-1.6264616784922068,0.3400000035762787,-32.10243015093904,0.0
645,16.125,1.7576005551685197e+18,-1.14781254371783,1.837982157897617,1.9174630781866377,-0.20812581172706493,4.284549579678911,2.040311218089804,3.3032767434187593,0.3367456907706648,0.3400000035762787,2.5863826274871826,-0.6689195493005449,2.7042713165283203,-0.8815360598173976,0.3400000035762787,2.821985483169556,-1.1138890393505152,0.3400000035762787,2.880929946899414,-1.3061176141633275,0.3400000035762787,2.880929946899414,-1.457561083547816,0.3400000035762787,-34.77055550745881,0.0
646,16.150000000000002,1.7576005551935196e+18,-1.1808379559417377,1.8013356447738773,1.989886103227478,-0.21715124984858117,4.348486597332986,2.10249517557618,2.3145707567423477,0.33798212211397344,0.3400000035762787,2.409723997116089,-0.4198378938886109,2.5863826274871826,-0.6689195493005449,0.3400000035762787,2.7042713165283203,-0.8815360598173976,0.3400000035762787,2.821985483169556,-1.1138890393505152,0.3400000035762787,2.880929946899414,-1.3061176141633275,0.3400000035762787,-37.10057652602038,0.0
647,16.175,1.7576005552185198e+18,-1.1890046987678815,1.7870871755302495,2.036774090215952,-0.22303317986632162,4.3678496447037976,2.1706792689448733,1.2157130573821018,0.34093083996282786,0.3400000035762787,2.1739468574523926,-0.13717276723644067,2.409723997116089,-0.4198378938886109,0.3400000035762787,2.5863826274871826,-0.6689195493005449,0.3400000035762787,2.7042713165283203,-0.8815360598173976,0.3400000035762787,2.821985483169556,-1.1138890393505152,0.3400000035762787,-39.0303185037519,0.0
648,16.2,1.7576005552435197e+18,-1.2029174339312425,1.6960443057236212,2.0547272859753294,-0.2334925605133819,4.454765232046134,2.2400507974396544,-0.0006747956658400348,0.3451327331131692,0.3400000035762787,1.7616853713989258,0.2930419145764036,2.1739468574523926,-0.13717276723644067,0.3400000035762787,2.409723997116089,-0.4198378938886109,0.3400000035762787,2.5863826274871826,-0.6689195493005449,0.3400000035762787,2.7042713165283203,-0.8815360598173976,0.3400000035762787,-40.38301380226628,0.0
649,16.225,1.7576005552685197e+18,-1.2097704228241684,1.6769092112915098,2.040879879857691,-0.2554492553721997,4.481361862063979,2.297531793558083,-1.3092858041282953,0.3492447938130674,0.3400000035762787,1.5848523378372192,0.4560275420204718,1.7616853713989258,0.2930419145764036,0.3400000035762787,2.1739468574523926,-0.13717276723644067,0.3400000035762787,2.409723997116089,-0.4198378938886109,0.3400000035762787,2.5863826274871826,-0.6689195493005449,0.3400000035762787,-41.40345099312805,0.0
650,16.25,1.75760055529352e+18,-1.2438416654381426,1.6289829262323172,1.9934712576823952,-0.29104879360069846,4.5550255585644885,2.3249225500159674,-2.647736342040382,0.35118903031942444,0.3400000035762787,1.2903051376342771,0.7031661200481181,1.5848523378372192,0.4560275420204718,0.3400000035762787,1.7616853713989258,0.2930419145764036,0.3400000035762787,2.1739468574523926,-0.13717276723644067,0.3400000035762787,2.409723997116089,-0.4198378938886109,0.3400000035762787,-41.99729178218943,0.0
651,16.275000000000002,1.7576005553185198e+18,-1.2539980473689685,1.5922656442468617,1.912356875726651,-0.3353257302385558,4.604351858098251,2.304597653558887,-3.9225985531753946,0.3487500269636242,0.3400000035762787,1.0547022819519043,0.8576545937747466,1.2903051376342771,0.7031661200481181,0.3400000035762787,1.5848523378372192,0.4560275420204718,0.3400000035762787,1.7616853713989258,0.2930419145764036,0.3400000035762787,2.1739468574523926,-0.13717276723644067,0.3400000035762787,-42.26109881040153,0.0
652,16.3,1.7576005553435197e+18,-1.2711904376639307,1.5328351250985195,1.7995998121533188,-0.3769233829467796,4.667431124684479,2.2257282612438445,-5.024769472744108,0.3405869935859187,0.3400000035762787,0.7601550221443176,1.0394447900090011,1.0547022819519043,0.8576545937747466,0.3400000035762787,1.2903051376342771,0.7031661200481181,0.3400000035762787,1.5848523378372192,0.4560275420204718,0.3400000035762787,1.7616853713989258,0.2930419145764036,0.3400000035762787,-42.18372629700403,0.0
653,16.325,1.7576005553685197e+18,-1.278268515306002,1.4965230946769177,1.6600952605297246,-0.40188748017526277,4.7192180961083325,2.0884670843525175,-5.850762472977343,0.3274019305917916,0.3400000035762787,0.1710606068372726,1.489034653692452,0.7601550221443176,1.0394447900090011,0.3400000035762787,1.0547022819519043,0.8576545937747466,0.3400000035762787,1.2903051376342771,0.7031661200481181,0.3400000035762787,1.5848523378372192,0.4560275420204718,0.3400000035762787,-41.52145169591496,0.0
654,16.35,1.7576005553935196e+18,-1.2924849597982666,1.4710772071131206,1.501867509628245,-0.39908189970112945,4.77971617867157,1.904405204044135,-6.324752547518427,0.312778388824025,0.3400000035762787,-0.0,1.501867509628245,0.1710606068372726,1.489034653692452,0.3400000035762787,0.7601550221443176,1.0394447900090011,0.3400000035762787,1.0547022819519043,0.8576545937747466,0.3400000035762787,1.2903051376342771,0.7031661200481181,0.3400000035762787,-40.73794054345713,0.0
655,16.375,1.7576005554185198e+18,-1.27194661603089,1.361673637868745,1.3355331935257657,-0.36482741313883427,4.849704672541314,1.6933407904035291,-6.4155814737540195,0.30308538032610227,0.3400000035762787,-0.0,1.3355331935257657,-0.0,1.501867509628245,0.3400000035762787,0.1710606068372726,1.489034653692452,0.3400000035762787,0.7601550221443176,1.0394447900090011,0.3400000035762787,1.0547022819519043,0.8576545937747466,0.3400000035762787,-40.0376795792841,0.0
656,16.400000000000002,1.7576005554435197e+18,-1.2718719650507904,1.3444062316424792,1.1726980951795003,-0.3045450497385326,4.874451874706458,1.4778240057552607,-6.143910024086001,0.3059495176610531,0.3400000035762787,-0.0,1.1726980951795003,-0.0,1.3355331935257657,0.3400000035762787,-0.0,1.501867509628245,0.3400000035762787,0.1710606068372726,1.489034653692452,0.3400000035762787,0.7601550221443176,1.0394447900090011,0.3400000035762787,-39.437963002161155,0.0
657,16.425,1.7576005554685197e+18,-1.263188422907687,1.2874623758915114,1.0236694964606565,-0.23063619692668325,4.92370767779066,1.2774535014757977,-5.577336558839859,0.32721441940677404,0.3400000035762787,-0.0,1.0236694964606565,-0.0,1.1726980951795003,0.3400000035762787,-0.0,1.3355331935257657,0.3400000035762787,-0.0,1.501867509628245,0.3400000035762787,0.1710606068372726,1.489034653692452,0.3400000035762787,-38.939984108197,0.0
658,16.45,1.75760055549352e+18,-1.2615325913738111,1.2755328046040946,0.8953723147643227,-0.15768859715414218,4.9408507719156,1.1047287293529764,-4.814931486725616,0.3670032328946135,0.3400000035762787,-0.0,0.8953723147643227,-0.0,1.0236694964606565,0.3400000035762787,-0.0,1.1726980951795003,0.3400000035762787,-0.0,1.3355331935257657,0.3400000035762787,-0.0,1.501867509628245,0.3400000035762787,-38.5323628122885,0.0
659,16.475,1.7576005555185198e+18,-1.2562095917967255,1.241625604062595,0.7903416143700044,-0.09721180198937507,4.977166571809642,0.9636629181179681,-3.9660003504670205,0.416297677572983,0.3400000035762787,-0.0,0.7903416143700044,-0.0,0.8953723147643227,0.3400000035762787,-0.0,1.0236694964606565,0.3400000035762787,-0.0,1.1726980951795003,0.3400000035762787,-0.0,1.3355331935257657,0.3400000035762787,-38.196610264806466,0.0
660,16.5,1.7576005555435197e+18,-1.2554275493810485,1.2370534816035526,0.7071447252449674,-0.054104014532836975,4.98267958884174,0.8513022947041329,-3.1296016711256343,0.4560118209067388,0.3400000035762787,-0.0,0.7071447252449674,-0.0,0.7903416143700044,0.3400000035762787,-0.0,0.8953723147643227,0.3400000035762787,-0.0,1.0236694964606565,0.3400000035762787,-0.0,1.1726980951795003,0.3400000035762787,-37.91257013405284,0.0
661,16.525000000000002,1.7576005555685197e+18,-1.2516728838185314,1.2185192974941756,0.641926584651723,-0.02620485907703773,5.000945072168864,0.7610630209024503,-2.3805905437525756,0.4604603790744703,0.3400000035762787,-0.0,0.641926584651723,-0.0,0.7071447252449674,0.3400000035762787,-0.0,0.7903416143700044,0.3400000035762787,-0.0,0.8953723147643227,0.3400000035762787,-0.0,1.0236694964606565,0.3400000035762787,-37.662257650204516,0.0
662,16.55,1.7576005555935196e+18,-1.2467093124083544,1.1946826392433212,0.5903261743399806,-0.006898326764215706,5.0305655841140275,0.6861385257287352,-1.7649719307288925,0.40607175484922947,0.3400000035762787,-0.0,0.5903261743399806,-0.0,0.641926584651723,0.3400000035762787,-0.0,0.7071447252449674,0.3400000035762787,-0.0,0.7903416143700044,0.3400000035762787,-0.0,0.8953723147643227,0.3400000035762787,-37.43142483926097,0.0
663,16.575,1.7576005556185198e+18,-1.243893469543603,1.1811600607391468,0.5489367618895726,0.01074318725697771,5.047369353077656,0.6215723842553248,-1.3034117563025533,0.2841428409865496,0.3400000035762787,0.1121162846684455,0.43682047722112716,-0.0,0.5903261743399806,0.3400000035762787,-0.0,0.641926584651723,0.3400000035762787,-0.0,0.7071447252449674,0.3400000035762787,-0.0,0.7903416143700044,0.3400000035762787,-37.32132503689919,0.0
664,16.6,1.7576005556435197e+18,-1.2321511917631636,1.195706363713727,0.5157663656392509,0.030508389258705804,5.062097747143198,0.5645599169292312,-0.9986467807082992,0.11383184492831906,0.3400000035762787,0.4656078219413757,0.05015854369787526,0.1121162846684455,0.43682047722112716,0.3400000035762787,-0.0,0.5903261743399806,0.3400000035762787,-0.0,0.641926584651723,0.3400000035762787,-0.0,0.7071447252449674,0.3400000035762787,-37.56467603397385,0.0
665,16.625,1.7576005556685197e+18,-1.2321778089324231,1.2009463279488672,0.48967034787919145,0.051926321296929125,5.065290738054276,0.5134595471452594,-0.841684974717189,-0.050551845333451154,0.3400000035762787,0.7012107372283936,-0.2115403893492021,0.4656078219413757,0.05015854369787526,0.3400000035762787,0.1121162846684455,0.43682047722112716,0.3400000035762787,-0.0,0.5903261743399806,0.3400000035762787,-0.0,0.641926584651723,0.3400000035762787,-38.03634414245893,0.0
666,16.650000000000002,1.75760055569352e+18,-1.226026163292827,1.1881569795777698,0.46925450859771717,0.07159482133371978,5.084754502839132,0.4664776136885817,-0.8134615116839853,-0.1241759257111806,0.3400000035762787,0.7601550221443176,-0.29090051354660046,0.7012107372283936,-0.2115403893492021,0.3400000035762787,0.4656078219413757,0.05015854369787526,0.3400000035762787,0.1121162846684455,0.43682047722112716,0.3400000035762787,-0.0,0.5903261743399806,0.3400000035762787,-38.55411402093049,0.0
667,16.675,1.7576005557185198e+18,-1.2275321213095811,1.1832359121448943,0.45203505315402265,0.08572979109584403,5.086729457121016,0.4209665283796472,-0.8820919463022735,-0.011569876445579375,0.0,0.0,0.45203505315402265,0.7601550221443176,-0.29090051354660046,0.3400000035762787,0.7012107372283936,-0.2115403893492021,0.3400000035762787,0.4656078219413757,0.05015854369787526,0.3400000035762787,0.1121162846684455,0.43682047722112716,0.3400000035762787,-38.296145923481156,0.0
668,16.7,1.7576005557435197e+18,-1.2226587926563557,1.1695770150016038,0.43452434019472364,0.09231578051977381,5.101849661557807,0.3738333238462463,-0.999249884659939,0.36118500705889056,0.0,0.0,0.43452434019472364,0.0,0.45203505315402265,0.0,0.7601550221443176,-0.29090051354660046,0.3400000035762787,0.7012107372283936,-0.2115403893492021,0.3400000035762787,0.4656078219413757,0.05015854369787526,0.3400000035762787,-38.02368184738023,0.0
669,16.725,1.7576005557685197e+18,-1.21979680695501,1.1743591869244154,0.4134030687134731,0.09180239110541184,5.104560259594125,0.32292428684909696,-1.1006877245483393,1.012779081870249,0.0,0.0,0.4134030687134731,0.0,0.43452434019472364,0.0,0.0,0.45203505315402265,0.0,0.7601550221443176,-0.29090051354660046,0.3400000035762787,0.7012107372283936,-0.2115403893492021,0.3400000035762787,-37.741438600167996,0.0
670,16.75,1.7576005557935196e+18,-1.216708916284687,1.171346473608816,0.3872717952747217,0.08630254264293984,5.117675890919608,0.2687343771865429,-1.1146064561991162,1.8875006014200735,0.0,0.0,0.3872717952747217,0.0,0.4134030687134731,0.0,0.0,0.43452434019472364,0.0,0.0,0.45203505315402265,0.0,0.7601550221443176,-0.29090051354660046,0.3400000035762787,-37.455911452369705,0.0
671,16.775000000000002,1.7576005558185198e+18,-1.2137548858036884,1.1646876543925768,0.35801810797460154,0.07811116544772019,5.123118212358853,0.21558032187016374,-0.9779382796516537,2.863798798588718,4.764315128326416,0.7683044075965881,-0.4102862996219866,0.0,0.3872717952747217,0.0,0.0,0.4134030687134731,0.0,0.0,0.43452434019472364,0.0,0.0,0.45203505315402265,0.0,-37.94079577902647,0.0
672,16.8,1.7576005558435197e+18,-1.2155231729311209,1.178365862534038,0.3309060150887995,0.06860610458452279,5.125114889450174,0.1715010094022728,-0.6563025976871548,3.7911872006191625,4.764315128326416,0.7683044075965881,-0.4373983925077886,0.7683044075965881,-0.4102862996219866,4.764315128326416,0.0,0.3872717952747217,0.0,0.0,0.4134030687134731,0.0,0.0,0.43452434019472364,0.0,-38.429593869093274,0.0
673,16.825,1.7576005558685197e+18,-1.2128457793367722,1.1722454625495002,0.3131142241896817,0.058111845614780104,5.130840207254131,0.146571799417713,-0.1605052928010998,4.539812271076456,4.894315242767334,0.668304443359375,-0.3551902191696933,0.7683044075965881,-0.4373983925077886,4.764315128326416,0.7683044075965881,-0.4102862996219866,4.764315128326416,0.0,0.3872717952747217,0.0,0.0,0.4134030687134731,0.0,-38.531100341349486,0.0
674,16.85,1.75760055589352e+18,-1.214952564064713,1.176874532900083,0.3112582616317217,0.046521077698404925,5.1307980035776595,0.14995882996250523,0.4475462008093599,5.039306860950177,4.894315242767334,0.668304443359375,-0.3570461817276533,0.668304443359375,-0.3551902191696933,4.894315242767334,0.7683044075965881,-0.4373983925077886,4.764315128326416,0.7683044075965881,-0.4102862996219866,4.764315128326416,0.0,0.3872717952747217,0.0,-38.39354710544454,0.0
675,16.875,1.7576005559185198e+18,-1.2139104913024945,1.175313847806447,0.32891961875694475,0.0340076151587745,5.133472580059418,0.18667537703175419,1.0635591147338808,5.290889031175538,5.024315357208252,0.5683044195175171,-0.23938480076057234,0.668304443359375,-0.3570461817276533,4.894315242767334,0.668304443359375,-0.3551902191696933,4.894315242767334,0.7683044075965881,-0.4373983925077886,4.764315128326416,0.7683044075965881,-0.4102862996219866,4.764315128326416,-38.148553740361926,0.0
676,16.900000000000002,1.7576005559435197e+18,-1.207437275560188,1.1589204457318254,0.36513087467780525,0.021296150662562494,5.137222673597092,0.25529586999770854,1.563272694526584,5.35238946639193,5.024315357208252,0.5683044195175171,-0.20317354483971184,0.5683044195175171,-0.23938480076057234,5.024315357208252,0.668304443359375,-0.3570461817276533,4.894315242767334,0.668304443359375,-0.3551902191696933,4.894315242767334,0.7683044075965881,-0.4373983925077886,4.764315128326416,-37.896838175409194,0.0
677,16.925,1.7576005559685197e+18,-1.205730793120416,1.1551484928970597,0.4142918067823726,0.009423734384354693,5.13890595325284,0.3475880936390729,1.8327536443552546,5.308054807077478,5.024315357208252,0.5683044195175171,-0.1540126127351445,0.5683044195175171,-0.20317354483971184,5.024315357208252,0.5683044195175171,-0.23938480076057234,5.024315357208252,0.668304443359375,-0.3570461817276533,4.894315242767334,0.668304443359375,-0.3551902191696933,4.894315242767334,-37.52844796335365,0.0
678,16.95,1.7576005559935196e+18,-1.2040225949681482,1.1542226127295885,0.46744157709170947,-0.0007061399492608183,5.1512257605330225,0.45023538282922276,1.7978337201378045,5.237930682239917,5.15431547164917,0.4683044254779815,-0.0008628483862720415,0.5683044195175171,-0.1540126127351445,5.024315357208252,0.5683044195175171,-0.20317354483971184,5.024315357208252,0.5683044195175171,-0.23938480076057234,5.024315357208252,0.668304443359375,-0.3570461817276533,4.894315242767334,-37.076844367572576,0.0
679,16.975,1.7576005560185198e+18,-1.2009676627429315,1.1481565085962326,0.5144066800985367,-0.008644766701376583,5.158964687792027,0.5479824553600067,1.4440574034223337,5.197396268202756,5.28431510925293,0.368304431438446,0.14610224866009075,0.4683044254779815,-0.0008628483862720415,5.15431547164917,0.5683044195175171,-0.1540126127351445,5.024315357208252,0.5683044195175171,-0.20317354483971184,5.024315357208252,0.5683044195175171,-0.23938480076057234,5.024315357208252,-36.38674497234491,0.0
680,17.0,1.7576005560435197e+18,-1.2085304834359143,1.157312649107762,0.5461566312541937,-0.014475817836202057,5.174634833542213,0.6271024133158631,0.8214683459476655,5.210514627947476,5.28431510925293,0.368304431438446,0.17785219981574768,0.368304431438446,0.14610224866009075,5.28431510925293,0.4683044254779815,-0.0008628483862720415,5.15431547164917,0.5683044195175171,-0.1540126127351445,5.024315357208252,0.5683044195175171,-0.20317354483971184,5.024315357208252,-35.64174502566971,0.0
681,17.025000000000002,1.7576005560685197e+18,-1.206506406731799,1.1534470536137162,0.5567204799301558,-0.018739441015441356,5.182900016931849,0.6781518389818125,0.0332023080329473,5.274897523942988,5.414315223693848,0.2683044373989105,0.2884160425312453,0.368304431438446,0.17785219981574768,5.28431510925293,0.368304431438446,0.14610224866009075,5.28431510925293,0.4683044254779815,-0.0008628483862720415,5.15431547164917,0.5683044195175171,-0.1540126127351445,5.024315357208252,-34.88333564648655,0.0
682,17.05,1.75760055609352e+18,-1.1930071092780357,1.128918336888707,0.5442039136343179,-0.022337259395788126,5.216852001412649,0.6973481176137446,-0.7884795729006081,5.372663458226384,5.414315223693848,0.2683044373989105,0.27589947623540734,0.2683044373989105,0.2884160425312453,5.414315223693848,0.368304431438446,0.17785219981574768,5.28431510925293,0.368304431438446,0.14610224866009075,5.28431510925293,0.4683044254779815,-0.0008628483862720415,5.15431547164917,-34.23092905646384,0.0
683,17.075,1.7576005561185198e+18,-1.1879454821553828,1.1187557118193852,0.5107415036853601,-0.026458659113178577,5.23173143365476,0.6863674462460563,-1.5118675257936223,5.4819432332565565,5.544315338134766,0.1683044284582138,0.3424370752271463,0.2683044373989105,0.27589947623540734,5.414315223693848,0.2683044373989105,0.2884160425312453,5.414315223693848,0.368304431438446,0.17785219981574768,5.28431510925293,0.368304431438446,0.14610224866009075,5.28431510925293,-33.59611979980918,0.0
684,17.1,1.7576005561435197e+18,-1.186991855485711,1.1081129471043016,0.46154510462453907,-0.032454206944689964,5.249433279524606,0.6508519048878972,-2.0333902799522403,5.585191818275324,5.544315338134766,0.1683044284582138,0.29324067616632526,0.1683044284582138,0.3424370752271463,5.544315338134766,0.2683044373989105,0.27589947623540734,5.414315223693848,0.2683044373989105,0.2884160425312453,5.414315223693848,0.368304431438446,0.17785219981574768,5.28431510925293,-33.07977237533826,0.0
685,17.125,1.7576005561685197e+18,-1.1819324564618614,1.0986072821235255,0.4034596395853635,-0.041536843814876975,5.266192404587491,0.5983084616521903,-2.296609032636397,5.672941280687833,5.674315452575684,0.0683044344186782,0.3351552051666853,0.1683044284582138,0.29324067616632526,5.544315338134766,0.1683044284582138,0.3424370752271463,5.544315338134766,0.2683044373989105,0.27589947623540734,5.414315223693848,0.2683044373989105,0.2884160425312453,5.414315223693848,-32.688035991940716,0.0
686,17.150000000000002,1.7576005561935196e+18,-1.1845796303758631,1.1056453475157195,0.34350172859540035,-0.05425885748602949,5.289048238755637,0.5361707501076135,-2.298955550610388,5.743578776953208,5.674315452575684,0.0683044344186782,0.2751972941767221,0.0683044344186782,0.3351552051666853,5.674315452575684,0.1683044284582138,0.29324067616632526,5.544315338134766,0.1683044284582138,0.3424370752271463,5.544315338134766,0.2683044373989105,0.27589947623540734,5.414315223693848,-32.5563751062302,0.0
687,17.175,1.7576005562185198e+18,-1.1820419640336914,1.10190696167899,0.28770835518554605,-0.06989067217252917,5.303100997709694,0.47052286391485276,-2.0859204092310395,5.800786822552551,5.804315090179443,0.0,0.28770835518554605,0.0683044344186782,0.2751972941767221,5.674315452575684,0.0683044344186782,0.3351552051666853,5.674315452575684,0.1683044284582138,0.29324067616632526,5.544315338134766,0.1683044284582138,0.3424370752271463,5.544315338134766,-32.46569773409815,0.0
688,17.200000000000003,1.7576005562435197e+18,-1.1659120405868717,1.0610154350122685,0.24038152865010015,-0.08602582325917464,5.310147906002836,0.40557076410315873,-1.7353539569061027,5.850420524911671,5.804315090179443,0.0,0.24038152865010015,0.0,0.28770835518554605,5.804315090179443,0.0683044344186782,0.2751972941767221,5.674315452575684,0.0683044344186782,0.3351552051666853,5.674315452575684,0.1683044284582138,0.29324067616632526,5.544315338134766,-32.44722389368535,0.0
689,17.225,1.7576005562685197e+18,-1.1621096214298832,1.0549255019445194,0.2036733196770907,-0.09878784952360005,5.322095531339308,0.3436679980288075,-1.3364789024068942,5.898088829456214,5.934315204620361,0.0,0.2036733196770907,0.0,0.24038152865010015,5.804315090179443,0.0,0.28770835518554605,5.804315090179443,0.0683044344186782,0.2751972941767221,5.674315452575684,0.0683044344186782,0.3351552051666853,5.674315452575684,-32.465750886858515,0.0
690,17.25,1.75760055629352e+18,-1.1626187430224908,1.05374419453976,0.1774938207092293,-0.10381168700034928,5.328536129027205,0.2856539001363481,-0.9689039897511239,5.947937557898085,5.934315204620361,0.0,0.1774938207092293,0.0,0.2036733196770907,5.934315204620361,0.0,0.24038152865010015,5.804315090179443,0.0,0.28770835518554605,5.804315090179443,0.0683044344186782,0.2751972941767221,5.674315452575684,-32.612335213984785,0.0
691,17.275000000000002,1.7576005563185198e+18,-1.1581383663109968,1.0398746904328136,0.15982060768995443,-0.09778618462513548,5.335168127247884,0.23133799137649833,-0.6864321840581381,6.002452183731724,6.064315319061279,0.0,0.15982060768995443,0.0,0.1774938207092293,5.934315204620361,0.0,0.2036733196770907,5.934315204620361,0.0,0.24038152865010015,5.804315090179443,0.0,0.28770835518554605,5.804315090179443,-32.75429608032765,0.0
692,17.3,1.7576005563435197e+18,-1.1541845310735397,1.0339502525695414,0.14745834794499407,-0.07998457787937066,5.346124567908653,0.18003196244391045,-0.5089925172443035,6.062743587653037,6.064315319061279,0.0,0.14745834794499407,0.0,0.15982060768995443,6.064315319061279,0.0,0.1774938207092293,5.934315204620361,0.0,0.2036733196770907,5.934315204620361,0.0,0.24038152865010015,5.804315090179443,-32.83137010537944,0.0
693,17.325000000000003,1.7576005563685197e+18,-1.1582283532485578,1.0346569810808692,0.13710939917560594,-0.053083953338180855,5.342171047645232,0.13106853054394102,-0.42391017443366336,6.128831883850325,6.064315319061279,0.0,0.13710939917560594,0.0,0.14745834794499407,6.064315319061279,0.0,0.15982060768995443,6.064315319061279,0.0,0.1774938207092293,5.934315204620361,0.0,0.2036733196770907,5.934315204620361,-32.97132355356311,0.0
694,17.35,1.7576005563935196e+18,-1.1552520661961534,1.0304824304670752,0.12642209981774394,-0.022771531307595762,5.348741940754121,0.08426710984040865,-0.3953882601059519,6.199782525346544,6.194315433502197,0.0,0.12642209981774394,0.0,0.13710939917560594,6.064315319061279,0.0,0.14745834794499407,6.064315319061279,0.0,0.15982060768995443,6.064315319061279,0.0,0.1774938207092293,5.934315204620361,-33.185125539647835,0.0
695,17.375,1.7576005564185198e+18,-1.151101112041009,1.0432648503860504,0.11464607281393133,0.003903845374472676,5.346499073996137,0.04027587453925155,-0.37903262653452985,6.273860062604632,6.324315071105957,0.0,0.11464607281393133,0.0,0.12642209981774394,6.194315433502197,0.0,0.13710939917560594,6.064315319061279,0.0,0.14745834794499407,6.064315319061279,0.0,0.15982060768995443,6.064315319061279,-33.3777065241841,0.0
696,17.400000000000002,1.7576005564435197e+18,-1.1486647350655597,1.0399261307431813,0.1026702979212152,0.020902140305503004,5.350647855088001,0.0006583133574899404,-0.33704795482586014,6.348871105354956,6.324315071105957,0.0,0.1026702979212152,0.0,0.11464607281393133,6.324315071105957,0.0,0.12642209981774394,6.194315433502197,0.0,0.13710939917560594,6.064315319061279,0.0,0.14745834794499407,6.064315319061279,-33.561369974091605,0.0
697,17.425,1.7576005564685197e+18,-1.1581374398349835,1.0405636315699798,0.0924611617763831,0.025304724243018124,5.347961487339541,-0.03238784020560441,-0.24975012140203237,6.422641089039719,6.454315185546875,0.0,0.0924611617763831,0.0,0.1026702979212152,6.324315071105957,0.0,0.11464607281393133,6.324315071105957,0.0,0.12642209981774394,6.194315433502197,0.0,0.13710939917560594,6.064315319061279,-33.74086499504069,0.0
698,17.450000000000003,1.75760055649352e+18,-1.1538278455062452,1.0347493482567305,0.08614019868090711,0.01819510967753123,5.344750083621686,-0.05664311106112342,-0.12032174783589299,6.493430546063708,6.454315185546875,0.0,0.08614019868090711,0.0,0.0924611617763831,6.454315185546875,0.0,0.1026702979212152,6.324315071105957,0.0,0.11464607281393133,6.324315071105957,0.0,0.12642209981774394,6.194315433502197,-33.91355896864002,0.0
699,17.475,1.7576005565185198e+18,-1.1528725141174752,1.0334631829564247,0.0850581071993088,0.003926097276488141,5.344038431037385,-0.07059511436268676,0.028082088919142576,6.560185602802658,6.584315299987793,0.0,0.0850581071993088,0.0,0.08614019868090711,6.454315185546875,0.0,0.0924611617763831,6.454315185546875,0.0,0.1026702979212152,6.324315071105957,0.0,0.11464607281393133,6.324315071105957,-34.07200411354439,0.0
700,17.5,1.7576005565435197e+18,-1.1587261254368482,1.0445556326663274,0.08919832222620301,-0.011761389088468032,5.340280806767438,-0.07399012242598511,0.16138212632643312,6.6226754516093616,6.584315299987793,0.0,0.08919832222620301,0.0,0.0850581071993088,6.584315299987793,0.0,0.08614019868090711,6.454315185546875,0.0,0.0924611617763831,6.454315185546875,0.0,0.1026702979212152,6.324315071105957,-34.207542548486195,0.0
701,17.525000000000002,1.7576005565685197e+18,-1.1587924288608944,1.0447066732444086,0.09710196688936018,-0.023786021708133147,5.338723507140362,-0.06798974027044569,0.24646221752476408,6.681613960821272,6.714315414428711,0.0,0.09710196688936018,0.0,0.08919832222620301,6.584315299987793,0.0,0.0850581071993088,6.584315299987793,0.0,0.08614019868090711,6.454315185546875,0.0,0.0924611617763831,6.454315185546875,-34.3135082483949,0.0
702,17.55,1.7576005565935196e+18,-1.1620517190617248,1.042703301979856,0.1063038666287176,-0.02909373020234577,5.33669534738643,-0.05490093602913765,0.26191533093421704,6.738770735606753,6.714315414428711,0.0,0.1063038666287176,0.0,0.09710196688936018,6.714315414428711,0.0,0.08919832222620301,6.584315299987793,0.0,0.0850581071993088,6.584315299987793,0.0,0.08614019868090711,6.454315185546875,-34.38709269095182,0.0
703,17.575000000000003,1.7576005566185198e+18,-1.1616177826672134,1.0421246759110507,0.11408397428009628,-0.02707023680666494,5.335432900656915,-0.037631776610950136,0.20433070227406638,6.796935165911961,6.844315052032471,0.0,0.11408397428009628,0.0,0.1063038666287176,6.714315414428711,0.0,0.09710196688936018,6.714315414428711,0.0,0.08919832222620301,6.584315299987793,0.0,0.0850581071993088,6.584315299987793,-34.429682176374385,0.0
704,17.6,1.7576005566435197e+18,-1.1610782467623748,1.0414052397366589,0.11824712500489455,-0.019212033068005854,5.333863234348343,-0.019105355041451343,0.08850388330699947,6.859511286923218,6.844315052032471,0.0,0.11824712500489455,0.0,0.11408397428009628,6.844315052032471,0.0,0.1063038666287176,6.714315414428711,0.0,0.09710196688936018,6.714315414428711,0.0,0.08919832222620301,6.584315299987793,-34.446061147234566,0.0
705,17.625,1.7576005566685197e+18,-1.161040597156763,1.0423671677478346,0.11767262409414231,-0.008376255624440809,5.334058917093525,-0.0018161133189742635,-0.057949296120552184,6.929572908665725,6.974315166473389,0.0,0.11767262409414231,0.0,0.11824712500489455,6.844315052032471,0.0,0.11408397428009628,6.844315052032471,0.0,0.1063038666287176,6.714315414428711,0.0,0.09710196688936018,6.714315414428711,-34.443111418166865,0.0
706,17.650000000000002,1.75760055669352e+18,-1.162385969878193,1.0478078570885951,0.11248246990516857,0.0021880397474372685,5.334460905226305,0.012406956872468193,-0.20333075838292203,7.008425970748498,6.974315166473389,0.0,0.11248246990516857,0.0,0.11767262409414231,6.974315166473389,0.0,0.11824712500489455,6.844315052032471,0.0,0.11408397428009628,6.844315052032471,0.0,0.1063038666287176,6.714315414428711,-34.428550636387875,0.0
707,17.675,1.7576005567185198e+18,-1.1617198661173846,1.046889181229718,0.10381089690092857,0.009863747959898002,5.334238769392182,0.022466014206236222,-0.3208464154810919,7.094062863296674,7.104315280914307,0.0,0.10381089690092857,0.0,0.11248246990516857,6.974315166473389,0.0,0.11767262409414231,6.974315166473389,0.0,0.11824712500489455,6.844315052032471,0.0,0.11408397428009628,6.844315052032471,-34.40999535681893,0.0
708,17.700000000000003,1.7576005567435197e+18,-1.1636534810237409,1.0489347976163408,0.09329141839314882,0.013481735457275231,5.336261294686121,0.02795335457810003,-0.3949892953241285,7.180226950410011,7.104315280914307,0.0,0.09329141839314882,0.0,0.10381089690092857,7.104315280914307,0.0,0.11248246990516857,6.974315166473389,0.0,0.11767262409414231,6.974315166473389,0.0,0.11824712500489455,6.844315052032471,-34.34120106415761,0.0
709,17.725,1.7576005567685197e+18,-1.1638395990848514,1.0492086039288842,0.08247487631696662,0.013615884633341808,5.336643584199958,0.02904934200731374,-0.4236380020411756,7.256953558227549,7.234315395355225,0.0,0.08247487631696662,0.0,0.09329141839314882,7.104315280914307,0.0,0.10381089690092857,7.104315280914307,0.0,0.11248246990516857,6.974315166473389,0.0,0.11767262409414231,6.974315166473389,-33.98667238884246,0.0
710,17.75,1.7576005567935196e+18,-1.162661639976737,1.0489344029577972,0.07240099771717769,0.012195851864130018,5.337142257014364,0.02638817821510334,-0.4157830086311919,7.31323449297653,7.234315395355225,0.0,0.07240099771717769,0.0,0.08247487631696662,7.234315395355225,0.0,0.09329141839314882,7.104315280914307,0.0,0.10381089690092857,7.104315280914307,0.0,0.11248246990516857,6.974315166473389,-33.52765206408949,0.0
711,17.775000000000002,1.7576005568185198e+18,-1.1627703197277637,1.0490955580350585,0.06345528962297828,0.011568809210903912,5.337678834555261,0.020915668518104783,-0.3862260956488043,7.341768965009043,7.364315032958984,0.0,0.06345528962297828,0.0,0.07240099771717769,7.234315395355225,0.0,0.08247487631696662,7.234315395355225,0.0,0.09329141839314882,7.104315280914307,0.0,0.10381089690092857,7.104315280914307,-32.79058485486741,0.0
712,17.8,1.7576005568435197e+18,-1.1630685285877265,1.0482325523681582,0.0555049629509741,0.01339268037322294,5.337563309765553,0.013754461355501502,-0.34941124385678035,7.344691794149885,7.364315032958984,0.0,0.0555049629509741,0.0,0.06345528962297828,7.364315032958984,0.0,0.07240099771717769,7.234315395355225,0.0,0.08247487631696662,7.234315395355225,0.0,0.09329141839314882,7.104315280914307,-31.95380308933117,0.0
713,17.825000000000003,1.7576005568685197e+18,-1.162912746059412,1.0480284692090944,0.04819210736013035,0.017824267827037815,5.338095740816963,0.0060780843542769985,-0.3145532684558614,7.3380204810463425,7.494315147399902,0.0,0.04819210736013035,0.0,0.0555049629509741,7.364315032958984,0.0,0.06345528962297828,7.364315032958984,0.0,0.07240099771717769,7.234315395355225,0.0,0.08247487631696662,7.234315395355225,-30.95801962253626,0.0
714,17.85,1.75760055689352e+18,-1.1586279911318726,1.0485817302799634,0.041220071129185805,0.023352247362995373,5.33824061054637,-0.001012021746537807,-0.2835447886388273,7.3518590145714695,7.494315147399902,0.0,0.041220071129185805,0.0,0.04819210736013035,7.494315147399902,0.0,0.0555049629509741,7.364315032958984,0.0,0.06345528962297828,7.364315032958984,0.0,0.07240099771717769,7.234315395355225,-29.97822028118301,0.0
715,17.875,1.7576005569185198e+18,-1.1582429815668558,1.0480513201001105,0.03451634308240322,0.027365008567248977,5.338433261327578,-0.0066062211496884194,-0.2520584072256879,7.423737061921525,7.62431526184082,0.0,0.03451634308240322,0.0,0.041220071129185805,7.494315147399902,0.0,0.04819210736013035,7.494315147399902,0.0,0.0555049629509741,7.364315032958984,0.0,0.06345528962297828,7.364315032958984,-28.95200158901246,0.0
716,17.900000000000002,1.7576005569435197e+18,-1.1598724292064757,1.0506338602658662,0.028252515617046378,0.027237523888834294,5.338401413771656,-0.010090508729509255,-0.21319041030481364,7.5842713293859525,7.62431526184082,0.0,0.028252515617046378,0.0,0.03451634308240322,7.62431526184082,0.0,0.041220071129185805,7.494315147399902,0.0,0.04819210736013035,7.494315147399902,0.0,0.0555049629509741,7.364315032958984,-27.933442065570688,0.0
717,17.925,1.7576005569685197e+18,-1.1592611275092688,1.0500964489839986,0.022770798501663636,0.021501439233790196,5.337603942348516,-0.011214889404458547,-0.16221168346037398,7.837546804667822,7.754315376281738,0.0,0.022770798501663636,0.0,0.028252515617046378,7.62431526184082,0.0,0.03451634308240322,7.62431526184082,0.0,0.041220071129185805,7.494315147399902,0.0,0.04819210736013035,7.494315147399902,-26.916681976736044,0.0
718,17.950000000000003,1.7576005569935196e+18,-1.1591717272979478,1.0499739208818688,0.01846830240344756,0.010626368118006593,5.33757417674741,-0.01011087512111016,-0.10066233790224037,8.142426184635326,7.754315376281738,0.0,0.01846830240344756,0.0,0.022770798501663636,7.754315376281738,0.0,0.028252515617046378,7.62431526184082,0.0,0.03451634308240322,7.62431526184082,0.0,0.041220071129185805,7.494315147399902,-25.89552956655535,0.0
719,17.975,1.7576005570185198e+18,-1.159074781404449,1.0498410509908,0.015661159723926295,-0.0029054931633738378,5.337541898828238,-0.0072542050109318,-0.038184007289410314,8.403835741899519,7.884315013885498,0.0,0.015661159723926295,0.0,0.01846830240344756,7.754315376281738,0.0,0.022770798501663636,7.754315376281738,0.0,0.028252515617046378,7.62431526184082,0.0,0.03451634308240322,7.62431526184082,-24.864350313943074,0.0
720,18.0,1.7576005570435197e+18,-1.1594503245450056,1.0476956494074037,0.0144401281896047,-0.015286776267240393,5.3382559816676025,-0.003380503400103859,0.008922349129561878,8.482953067553686,7.884315013885498,0.0,0.0144401281896047,0.0,0.015661159723926295,7.884315013885498,0.0,0.01846830240344756,7.754315376281738,0.0,0.022770798501663636,7.754315376281738,0.0,0.028252515617046378,7.62431526184082,-23.878001671317694,0.0
721,18.025000000000002,1.7576005570685197e+18,-1.1595071074339716,1.0477753725168484,0.014542988322479621,-0.022631352366129533,5.33823450746538,0.0006330622479521744,0.02250321641472056,8.230506841216322,8.014315605163574,0.0,0.014542988322479621,0.0,0.0144401281896047,7.884315013885498,0.0,0.015661159723926295,7.884315013885498,0.0,0.01846830240344756,7.754315376281738,0.0,0.022770798501663636,7.754315376281738,-22.875844837356546,0.0
722,18.05,1.75760055709352e+18,-1.1621335685692262,1.0456727744922938,0.015287043616827607,-0.022390563812867047,5.338357327174101,0.003909360743697241,-0.010266822394096459,7.537949173540273,8.014315605163574,0.0,0.015287043616827607,0.0,0.014542988322479621,8.014315605163574,0.0,0.0144401281896047,7.884315013885498,0.0,0.015661159723926295,7.884315013885498,0.0,0.01846830240344756,7.754315376281738,-21.85896550122228,0.0
723,18.075000000000003,1.7576005571185198e+18,-1.1620748573468749,1.045591897606735,0.01561709744286105,-0.014446412893639779,5.338416219486988,0.005728782551368729,-0.08931433246235357,6.389593669395111,8.144314765930176,0.0,0.01561709744286105,0.0,0.015287043616827607,8.014315605163574,0.0,0.014542988322479621,8.014315605163574,0.0,0.0144401281896047,7.884315013885498,0.0,0.015661159723926295,7.884315013885498,-20.830913754728734,0.0
724,18.1,1.7576005571435197e+18,-1.163260286363161,1.048871554997292,0.014323981623674957,-0.00140081469843527,5.3372848158912385,0.005690036159881339,-0.19628433563347755,4.890865952083266,8.144314765930176,0.0,0.014323981623674957,0.0,0.01561709744286105,8.144314765930176,0.0,0.015287043616827607,8.014315605163574,0.0,0.014542988322479621,8.014315605163574,0.0,0.0144401281896047,7.884315013885498,-19.796642075423062,0.0
725,18.125,1.7576005571685197e+18,-1.1582357825920253,1.0522301514650667,0.010460043269936986,0.012199210751771617,5.3363202413562405,0.0038449246065305662,-0.29381500168863367,3.251812517342111,0.0,0.0,0.010460043269936986,0.0,0.014323981623674957,8.144314765930176,0.0,0.01561709744286105,8.144314765930176,0.0,0.015287043616827607,8.014315605163574,0.0,0.014542988322479621,8.014315605163574,-18.760917047554567,0.0
726,18.150000000000002,1.7576005571935196e+18,-1.1582416154828854,1.0522384767855617,0.003907268050350516,0.021509381445586527,5.336337851684719,0.0007593244343242384,-0.3309564469465103,1.7250828197058714,0.0,0.0,0.003907268050350516,0.0,0.010460043269936986,0.0,0.0,0.014323981623674957,8.144314765930176,0.0,0.01561709744286105,8.144314765930176,0.0,0.015287043616827607,8.014315605163574,-17.72663593905416,0.0
727,18.175,1.7576005572185198e+18,-1.1601965683782502,1.0503967881859604,-0.004049603490981058,0.02323963543606868,5.336866871911049,-0.0025511641263688293,-0.2544641559599582,0.5243031593689895,-0.0,-0.0,-0.004049603490981058,0.0,0.003907268050350516,0.0,0.0,0.010460043269936986,0.0,0.0,0.014323981623674957,8.144314765930176,0.0,0.01561709744286105,8.144314765930176,-16.399026594614305,0.0
728,18.200000000000003,1.7576005572435197e+18,-1.1602491386060896,1.0504699989453965,-0.010387131889086422,0.016875831161243974,5.3368112737257665,-0.004841145997610188,-0.023607147045403235,-0.23848662478556135,-0.0,0.4656078219413757,-0.4759949538304621,-0.0,-0.004049603490981058,-0.0,0.0,0.003907268050350516,0.0,0.0,0.010460043269936986,0.0,0.0,0.014323981623674957,8.144314765930176,-15.063366646408612,0.0
729,18.225,1.7576005572685197e+18,-1.1604548425509975,1.0476253349745857,-0.010507900402597971,0.004762291611938572,5.337263273063189,-0.004996015346129606,0.3755856573727855,-0.5702731784034835,-0.0,1.5259079933166504,-1.5364158937192485,0.4656078219413757,-0.4759949538304621,-0.0,-0.0,-0.004049603490981058,-0.0,0.0,0.003907268050350516,0.0,0.0,0.010460043269936986,0.0,-14.484842287157495,0.0
730,18.25,1.75760055729352e+18,-1.160442944796633,1.047608856183737,0.0009407533056196864,-0.008846403179236365,5.337206635555556,-0.0024542894954167104,0.9213131258854739,-0.5700091016017287,-0.0,1.879399538040161,-1.8784587847345413,1.5259079933166504,-1.5364158937192485,-0.0,0.4656078219413757,-0.4759949538304621,-0.0,-0.0,-0.004049603490981058,-0.0,0.0,0.003907268050350516,0.0,-14.067996698848678,0.0
731,18.275000000000002,1.7576005573185198e+18,-1.160333508939189,1.0502330694908004,0.028689950260714057,-0.01917577378728061,5.3368960579764435,0.0024645705893737565,1.5559071697014608,-0.3778379566974279,-0.0,1.879399538040161,-1.8507095877794468,1.879399538040161,-1.8784587847345413,-0.0,1.5259079933166504,-1.5364158937192485,-0.0,0.4656078219413757,-0.4759949538304621,-0.0,-0.0,-0.004049603490981058,-0.0,-13.456229739899385,0.0
732,18.3,1.7576005573435197e+18,-1.1603031529599417,1.0501910097935554,0.07531512836186942,-0.022150522389308567,5.336879342027968,0.008549394921070862,2.195862459202325,-0.1254513881192166,-0.0,1.879399538040161,-1.8040844096782915,1.879399538040161,-1.8507095877794468,-0.0,1.879399538040161,-1.8784587847345413,-0.0,1.5259079933166504,-1.5364158937192485,-0.0,0.4656078219413757,-0.4759949538304621,-0.0,-12.71154075080847,0.0
733,18.325000000000003,1.7576005573685197e+18,-1.159988721747481,1.0482992639377364,0.14013706808558468,-0.015191197228878734,5.337091939400283,0.014213591581806403,2.7499640169586224,0.0956433911723603,-0.0,1.879399538040161,-1.7392624699545762,1.879399538040161,-1.8040844096782915,-0.0,1.879399538040161,-1.8507095877794468,-0.0,1.879399538040161,-1.8784587847345413,-0.0,1.5259079933166504,-1.5364158937192485,-0.0,-11.846109406417035,0.0
734,18.35,1.7576005573935196e+18,-1.1589354358654331,1.0468380315237662,0.21907243762566964,0.0023001454675837724,5.336980703681735,0.01857546250777934,3.1406460443502584,0.24312504188996145,-0.0,1.879399538040161,-1.6603271004144913,1.879399538040161,-1.7392624699545762,-0.0,1.879399538040161,-1.8040844096782915,-0.0,1.879399538040161,-1.8507095877794468,-0.0,1.879399538040161,-1.8784587847345413,-0.0,-10.881568794311592,0.0
735,18.375,1.7576005574185198e+18,-1.1572989982865254,1.0448077246492684,0.3055871945886406,0.028618197585110947,5.3378963951988165,0.022817721921140063,3.3223885271985063,0.31498578785740106,0.0996553972363472,1.879399538040161,-1.5738123434515203,1.879399538040161,-1.6603271004144913,-0.0,1.879399538040161,-1.7392624699545762,-0.0,1.879399538040161,-1.8040844096782915,-0.0,1.879399538040161,-1.8507095877794468,-0.0,-9.905056610985252,0.0
736,18.400000000000002,1.7576005574435197e+18,-1.1550176846672873,1.0416360799459097,0.3924337476994654,0.059704540704216984,5.3383736631053615,0.031243521743895778,3.291739562151563,0.33220643810678646,0.2548995614051819,1.93834388256073,-1.5459101348612645,1.879399538040161,-1.5738123434515203,0.0996553972363472,1.879399538040161,-1.6603271004144913,-0.0,1.879399538040161,-1.7392624699545762,-0.0,1.879399538040161,-1.8040844096782915,-0.0,-9.065043537486162,0.0
737,18.425,1.7576005574685197e+18,-1.1424695601753785,1.0456741057591203,0.4735220530143122,0.08968532626925396,5.340737026676747,0.05139368292718869,3.086214836783772,0.32187751933032305,0.3400000035762787,1.93834388256073,-1.4648218295464177,1.93834388256073,-1.5459101348612645,0.2548995614051819,1.879399538040161,-1.5738123434515203,0.0996553972363472,1.879399538040161,-1.6603271004144913,-0.0,1.879399538040161,-1.7392624699545762,-0.0,-8.329754945121747,0.0
738,18.450000000000003,1.75760055749352e+18,-1.1369241397123435,1.0380079171208605,0.5452554958014841,0.11215782616646723,5.342846232719616,0.09285721140800253,2.772888418833739,0.3060238240456099,0.3400000035762787,1.93834388256073,-1.3930883867592458,1.93834388256073,-1.4648218295464177,0.3400000035762787,1.93834388256073,-1.5459101348612645,0.2548995614051819,1.879399538040161,-1.5738123434515203,0.0996553972363472,1.879399538040161,-1.6603271004144913,-0.0,-7.718255573347047,0.0
739,18.475,1.7576005575185198e+18,-1.1263817590231842,1.0315891317446548,0.6069402941618548,0.12189857449346964,5.343494880066759,0.16487868486742333,2.430621652203276,0.2972291588567467,0.3400000035762787,1.93834388256073,-1.3314035883988753,1.93834388256073,-1.3930883867592458,0.3400000035762787,1.93834388256073,-1.4648218295464177,0.3400000035762787,1.93834388256073,-1.5459101348612645,0.2548995614051819,1.879399538040161,-1.5738123434515203,0.0996553972363472,-7.23913580003287,0.0
740,18.5,1.7576005575435197e+18,-1.1210099955964727,1.0241799217817429,0.6602868356906334,0.11624137615018858,5.3456015242451596,0.2733599190030917,2.131468159982719,0.2993545500545149,0.3400000035762787,1.93834388256073,-1.2780570468700967,1.93834388256073,-1.3314035883988753,0.3400000035762787,1.93834388256073,-1.3930883867592458,0.3400000035762787,1.93834388256073,-1.4648218295464177,0.3400000035762787,1.93834388256073,-1.5459101348612645,0.2548995614051819,-6.89073116841076,0.0
741,18.525000000000002,1.7576005575685197e+18,-1.1036641912324088,0.9971786386537322,0.7083581619644361,0.0954311806884675,5.353323699602751,0.41822338683162613,1.9263993189127737,0.3106896412899025,0.3400000035762787,1.93834388256073,-1.2299857205962939,1.93834388256073,-1.2780570468700967,0.3400000035762787,1.93834388256073,-1.3314035883988753,0.3400000035762787,1.93834388256073,-1.3930883867592458,0.3400000035762787,1.93834388256073,-1.4648218295464177,0.3400000035762787,-6.663155805459238,0.0
742,18.55,1.7576005575935196e+18,-1.0914228629852634,0.982640072906292,0.7544469012955424,0.06183958796194509,5.364130623074004,0.5922208775923692,1.8384727922864736,0.32725507124234776,0.3400000035762787,1.9972882270812988,-1.2428413257857565,1.93834388256073,-1.2299857205962939,0.3400000035762787,1.93834388256073,-1.2780570468700967,0.3400000035762787,1.93834388256073,-1.3314035883988753,0.3400000035762787,1.93834388256073,-1.3930883867592458,0.3400000035762787,-6.599879517081666,0.0
743,18.575000000000003,1.7576005576185198e+18,-1.0845129344421371,0.9732336210309984,0.8012668565832126,0.018628109991749745,5.3696935108674495,0.7819838471711791,1.8638495703683737,0.3449381162363741,0.3400000035762787,1.9972882270812988,-1.1960213704980862,1.9972882270812988,-1.2428413257857565,0.3400000035762787,1.93834388256073,-1.2299857205962939,0.3400000035762787,1.93834388256073,-1.2780570468700967,0.3400000035762787,1.93834388256073,-1.3314035883988753,0.3400000035762787,-6.682011848229237,0.0
744,18.6,1.7576005576435197e+18,-1.0851067147970437,0.969590116784666,0.8506238902628653,-0.03126728969213601,5.394764411831526,0.9713539599310476,1.9787147074933507,0.3601622685205503,0.3400000035762787,2.056232452392578,-1.2056085621297128,1.9972882270812988,-1.1960213704980862,0.3400000035762787,1.9972882270812988,-1.2428413257857565,0.3400000035762787,1.93834388256073,-1.2299857205962939,0.3400000035762787,1.93834388256073,-1.2780570468700967,0.3400000035762787,-7.006084350541553,0.0
745,18.625,1.7576005576685197e+18,-1.080077740162272,0.9629262917804204,0.9034994053450076,-0.08530031556648063,5.402690582429447,1.1460025634657232,2.148920075481272,0.3695616116626425,0.3400000035762787,2.115002393722534,-1.2115029883775266,2.056232452392578,-1.2056085621297128,0.3400000035762787,1.9972882270812988,-1.1960213704980862,0.3400000035762787,1.9972882270812988,-1.2428413257857565,0.3400000035762787,1.93834388256073,-1.2299857205962939,0.3400000035762787,-7.548667789618534,0.0
746,18.650000000000002,1.75760055769352e+18,-1.060132708566349,0.9241774935555538,0.9603253345581338,-0.1407831194709932,5.4640807178029425,1.2975442324583177,2.3392286973896965,0.36949615921072926,0.3400000035762787,2.291835308074951,-1.3315099735168174,2.115002393722534,-1.2115029883775266,0.3400000035762787,2.056232452392578,-1.2056085621297128,0.3400000035762787,1.9972882270812988,-1.1960213704980862,0.3400000035762787,1.9972882270812988,-1.2428413257857565,0.3400000035762787,-8.460339869246742,0.0
747,18.675,1.7576005577185198e+18,-1.0558392609965406,0.9186732226659118,1.0212043994782989,-0.19432109121084087,5.474061773178387,1.425311185447165,2.520056872455502,0.35616329447825507,0.3400000035762787,2.3507797718048096,-1.3295753723265107,2.291835308074951,-1.3315099735168174,0.3400000035762787,2.115002393722534,-1.2115029883775266,0.3400000035762787,2.056232452392578,-1.2056085621297128,0.3400000035762787,1.9972882270812988,-1.1960213704980862,0.3400000035762787,-9.65274247433681,0.0
748,18.700000000000003,1.7576005577435197e+18,-1.0312871052051458,0.8844626439281249,1.0859446838729794,-0.24187266542900088,5.523887694600095,1.5348534035217227,2.6709676701011977,0.32660663601876805,0.3400000035762787,2.409723997116089,-1.3237793132431095,2.3507797718048096,-1.3295753723265107,0.3400000035762787,2.291835308074951,-1.3315099735168174,0.3400000035762787,2.115002393722534,-1.2115029883775266,0.3400000035762787,2.056232452392578,-1.2056085621297128,0.3400000035762787,-11.269563702156324,0.0
749,18.725,1.7576005577685197e+18,-1.0107561697733851,0.8491088956190638,1.1539750476073645,-0.27962996309166466,5.581722510198186,1.6336415850414887,2.781301803341905,0.28028477869342383,0.3400000035762787,2.5274384021759038,-1.3734633545685393,2.409723997116089,-1.3237793132431095,0.3400000035762787,2.3507797718048096,-1.3295753723265107,0.3400000035762787,2.291835308074951,-1.3315099735168174,0.3400000035762787,2.115002393722534,-1.2115029883775266,0.3400000035762787,-13.099054598745335,0.0
750,18.75,1.7576005577935196e+18,-0.9732700621301412,0.8172023678640004,1.2243406295787715,-0.30529250116947587,5.6357788754061735,1.7256387252652077,2.848944085757718,0.22033263629393604,0.3199885785579681,2.645326852798462,-1.4209862232196904,2.5274384021759038,-1.3734633545685393,0.3400000035762787,2.409723997116089,-1.3237793132431095,0.3400000035762787,2.3507797718048096,-1.3295753723265107,0.3400000035762787,2.291835308074951,-1.3315099735168174,0.3400000035762787,-15.223206942013144,0.0
751,18.775000000000002,1.7576005578185198e+18,-0.965720296854669,0.8101010367339441,1.2959075877809934,-0.3188962637262184,5.650874037202431,1.8069100493493746,2.878323894671661,0.1535733567589801,0.1096759364008903,2.7042713165283203,-1.408363728747327,2.645326852798462,-1.4209862232196904,0.3199885785579681,2.5274384021759038,-1.3734633545685393,0.3400000035762787,2.409723997116089,-1.3237793132431095,0.3400000035762787,2.3507797718048096,-1.3295753723265107,0.3400000035762787,-17.489225264535214,0.0
752,18.8,1.7576005578435197e+18,-0.9389750685058944,0.7807248974008016,1.3676948411795742,-0.322474562584278,5.693891058984985,1.864237851762147,2.8785223842377996,0.08891570184884694,-0.0,2.7630412578582764,-1.3953464166787022,2.7042713165283203,-1.408363728747327,0.1096759364008903,2.645326852798462,-1.4209862232196904,0.3199885785579681,2.5274384021759038,-1.3734633545685393,0.3400000035762787,2.409723997116089,-1.3237793132431095,0.3400000035762787,-19.92401647122292,0.0
753,18.825000000000003,1.7576005578685197e+18,-0.9197825985115352,0.7645281759354086,1.4391345221981209,-0.3185163484038214,5.727497532563798,1.8778148041549139,2.8620021271327403,0.034742913974656835,-0.0,2.7630412578582764,-1.3239067356601555,2.7630412578582764,-1.3953464166787022,-0.0,2.7042713165283203,-1.408363728747327,0.1096759364008903,2.645326852798462,-1.4209862232196904,0.3199885785579681,2.5274384021759038,-1.3734633545685393,0.3400000035762787,-22.736957860575526,0.0
754,18.85,1.75760055789352e+18,-0.868527884372841,0.7209531954090036,1.5101550824226861,-0.3080712488155616,5.792997838267488,1.827536595271222,2.8440923395206386,-0.0034408035300831858,-0.0,2.7630412578582764,-1.2528861754355902,2.7630412578582764,-1.3239067356601555,-0.0,2.7630412578582764,-1.3953464166787022,-0.0,2.7042713165283203,-1.408363728747327,0.1096759364008903,2.645326852798462,-1.4209862232196904,0.3199885785579681,-25.49171154563936,0.0
755,18.875,1.7576005579185198e+18,-0.8471350029902318,0.7041899691142317,1.581141418996916,-0.2897634198704006,5.829809541572215,1.7007591667062028,2.8429862553988774,-0.024042501736245357,-0.0,2.7630412578582764,-1.1818998388613604,2.7630412578582764,-1.2528861754355902,-0.0,2.7630412578582764,-1.3239067356601555,-0.0,2.7630412578582764,-1.3953464166787022,-0.0,2.7042713165283203,-1.408363728747327,0.1096759364008903,-28.009144578026486,0.0
756,18.900000000000002,1.7576005579435197e+18,-0.799678107025656,0.6908589873334383,1.6528827255552805,-0.2605098828298212,5.875062823570201,1.4985783116188993,2.8796686753781344,-0.02890086890635313,-0.0,2.7630412578582764,-1.1101585323029959,2.7630412578582764,-1.1818998388613604,-0.0,2.7630412578582764,-1.2528861754355902,-0.0,2.7630412578582764,-1.3239067356601555,-0.0,2.7630412578582764,-1.3953464166787022,-0.0,-30.292001205508985,0.0
757,18.925,1.7576005579685197e+18,-0.7636120130212634,0.6692321205125611,1.7265608387358846,-0.217703542397079,5.930043153626081,1.2381568681636559,2.976978454056211,-0.02193214060805401,-0.0,2.7630412578582764,-1.0364804191223917,2.7630412578582764,-1.1101585323029959,-0.0,2.7630412578582764,-1.1818998388613604,-0.0,2.7630412578582764,-1.2528861754355902,-0.0,2.7630412578582764,-1.3239067356601555,-0.0,-32.352151121092035,0.0
758,18.950000000000003,1.7576005579935196e+18,-0.6931226247041895,0.6393110223467626,1.8037530497224028,-0.16177398300554474,5.960995564471054,0.9499994961218164,3.157051648244065,-0.007800644613770184,-0.0,2.7630412578582764,-0.9592882081358736,2.7630412578582764,-1.0364804191223917,-0.0,2.7630412578582764,-1.1101585323029959,-0.0,2.7630412578582764,-1.1818998388613604,-0.0,2.7630412578582764,-1.2528861754355902,-0.0,-34.20681164399223,0.0
759,18.975,1.7576005580185198e+18,-0.6611691529740935,0.6263824140712284,1.8863941400326796,-0.0978328707206754,5.98877509496565,0.6708408670937808,3.4367867631632274,0.008789250272613925,-0.0,2.7630412578582764,-0.8766471178255968,2.7630412578582764,-0.9592882081358736,-0.0,2.7630412578582764,-1.0364804191223917,-0.0,2.7630412578582764,-1.1101585323029959,-0.0,2.7630412578582764,-1.1818998388613604,-0.0,-35.87380037618783,0.0
760,19.0,1.7576005580435197e+18,-0.6111257632826121,0.6213211718287392,1.9766667659654105,-0.03546356623574671,5.991243751989843,0.43451405109670027,3.8217142654316,0.0231360725937408,-0.0,2.821985483169556,-0.8453187172041456,2.7630412578582764,-0.8766471178255968,-0.0,2.7630412578582764,-0.9592882081358736,-0.0,2.7630412578582764,-1.0364804191223917,-0.0,2.7630412578582764,-1.1101585323029959,-0.0,-37.42626381863695,0.0
761,19.025000000000002,1.7576005580685197e+18,-0.5770048700270478,0.6097481223036327,2.076816603134501,0.013601555034884373,6.008028783396158,0.26402562406610464,4.29956883068959,0.030346794814205682,-0.0,3.116532802581787,-1.039716199447286,2.821985483169556,-0.8453187172041456,-0.0,2.7630412578582764,-0.8766471178255968,-0.0,2.7630412578582764,-0.9592882081358736,-0.0,2.7630412578582764,-1.0364804191223917,-0.0,-39.10790660273595,0.0
762,19.05,1.75760055809352e+18,-0.507421585294948,0.5994380628492131,2.188870228976465,0.039315928526014184,5.9991652861855345,0.16736683580685735,4.835636657828886,0.025503016905220978,-0.0,3.528968572616577,-1.3400983436401122,3.116532802581787,-1.039716199447286,-0.0,2.821985483169556,-0.8453187172041456,-0.0,2.7630412578582764,-0.8766471178255968,-0.0,2.7630412578582764,-0.9592882081358736,-0.0,-41.038331120716045,0.0
763,19.075000000000003,1.7576005581185198e+18,-0.4455498553361656,0.5774990893254635,2.314196062658406,0.03726198633876561,5.999599211693046,0.13767669767677393,5.372198953808195,0.004579230439039937,-0.0,4.0,-1.685803937341594,3.528968572616577,-1.3400983436401122,-0.0,3.116532802581787,-1.039716199447286,-0.0,2.821985483169556,-0.8453187172041456,-0.0,2.7630412578582764,-0.8766471178255968,-0.0,-43.16095553527877,0.0
764,19.1,1.7576005581435197e+18,-0.3871118214735447,0.5597369363096378,2.4528781622999904,0.010943465629580864,6.005728844919869,0.15654191937337783,5.83381741147053,-0.03400534611717211,-0.0,4.0,-1.5471218377000096,4.0,-1.685803937341594,-0.0,3.528968572616577,-1.3400983436401122,-0.0,3.116532802581787,-1.039716199447286,-0.0,2.821985483169556,-0.8453187172041456,-0.0,-44.758235916676654,0.0
765,19.125,1.7576005581685197e+18,-0.3282540350441967,0.5319896582443226,2.603014713880213,-0.028839603558240823,6.010964483541461,0.19850621927717751,6.138763054225099,-0.08791342732381553,-0.0,4.0,-1.396985286119787,4.0,-1.5471218377000096,-0.0,4.0,-1.685803937341594,-0.0,3.528968572616577,-1.3400983436401122,-0.0,3.116532802581787,-1.039716199447286,-0.0,-45.94368081344724,0.0
766,19.150000000000002,1.7576005581935196e+18,-0.262059822612994,0.5121178789703624,2.7602392133083855,-0.06748271760776865,6.017084934079852,0.23534243081930345,6.214896652919329,-0.15054104096518303,-0.0445572845637798,4.0,-1.2397607866916145,4.0,-1.396985286119787,-0.0,4.0,-1.5471218377000096,-0.0,4.0,-1.685803937341594,-0.0,3.528968572616577,-1.3400983436401122,-0.0,-46.89254108659225,0.0
767,19.175,1.7576005582185198e+18,-0.1546757113590704,0.4832648313846526,2.9178289019427184,-0.09144053825185391,6.0222660533078365,0.23969048670127321,6.01641939646391,-0.2125548822430258,-0.3400000035762787,4.0,-1.0821710980572816,4.0,-1.2397607866916145,-0.0445572845637798,4.0,-1.396985286119787,-0.0,4.0,-1.5471218377000096,-0.0,4.0,-1.685803937341594,-0.0,-48.42674723780355,0.0
768,19.200000000000003,1.7576005582435197e+18,-0.1041696493613431,0.4688557347035691,3.067587428084963,-0.09232207627955087,6.026541755400443,0.18844009744986423,5.536897864474422,-0.26509052976950676,-0.3400000035762787,4.0,-0.9324125719150369,4.0,-1.0821710980572816,-0.3400000035762787,4.0,-1.2397607866916145,-0.0445572845637798,4.0,-1.396985286119787,-0.0,4.0,-1.5471218377000096,-0.0,-49.79368414991332,0.0
769,19.225,1.7576005582685197e+18,-0.0252239843555615,0.4520675402985421,3.2013433069147754,-0.06861974133943698,6.028324142566203,0.06617889023606395,4.814390281859732,-0.3032154412938654,-0.3400000035762787,4.0,-0.7986566930852246,4.0,-0.9324125719150369,-0.3400000035762787,4.0,-1.0821710980572816,-0.3400000035762787,4.0,-1.2397607866916145,-0.0445572845637798,4.0,-1.396985286119787,-0.0,-51.00574391171201,0.0
770,19.25,1.75760055829352e+18,0.0582808520988411,0.4289088528902081,3.312624210776591,-0.024779448569365866,6.033914796266696,-0.13169434492755175,3.9264241271613765,-0.3278021133256745,-0.3400000035762787,4.0,-0.6873757892234091,4.0,-0.7986566930852246,-0.3400000035762787,4.0,-0.9324125719150369,-0.3400000035762787,4.0,-1.0821710980572816,-0.3400000035762787,4.0,-1.2397607866916145,-0.0445572845637798,-52.08039149621014,0.0
771,19.275000000000002,1.7576005583185198e+18,0.1509330937364121,0.4092231906771952,3.397994778298627,0.03146637666282828,6.029480258035404,-0.39722344729967385,2.975462956402441,-0.3446493247775702,-0.3400000035762787,4.0,-0.6020052217013729,4.0,-0.6873757892234091,-0.3400000035762787,4.0,-0.7986566930852246,-0.3400000035762787,4.0,-0.9324125719150369,-0.3400000035762787,4.0,-1.0821710980572816,-0.3400000035762787,-52.27211041828953,0.0
772,19.3,1.7576005583435197e+18,0.2207869518176282,0.3912087003164048,3.4576508726681303,0.09210702401558984,6.030933027205261,-0.7105018597574704,2.0683861808925186,-0.36105821231929836,-0.3400000035762787,4.0,-0.5423491273318697,4.0,-0.6020052217013729,-0.3400000035762787,4.0,-0.6873757892234091,-0.3400000035762787,4.0,-0.7986566930852246,-0.3400000035762787,4.0,-0.9324125719150369,-0.3400000035762787,-52.37706115311361,0.0
773,19.325000000000003,1.7576005583685197e+18,0.3249260470874593,0.3778439473739592,3.4950812179414426,0.15111266385123678,6.007244077792933,-1.0429447993521994,1.2953635993984876,-0.38128058083937016,-0.3400000035762787,4.0,-0.5049187820585574,4.0,-0.5423491273318697,-0.3400000035762787,4.0,-0.6020052217013729,-0.3400000035762787,4.0,-0.6873757892234091,-0.3400000035762787,4.0,-0.7986566930852246,-0.3400000035762787,-52.526789716002476,0.0
774,19.35,1.7576005583935196e+18,0.4205457520347302,0.3535674034720337,3.5159094394270163,0.20547265596860637,5.970820687543297,-1.3626556448261034,0.7136662063854238,-0.4028384425413075,-0.3400000035762787,4.0,-0.4840905605729837,4.0,-0.5049187820585574,-0.3400000035762787,4.0,-0.5423491273318697,-0.3400000035762787,4.0,-0.6020052217013729,-0.3400000035762787,4.0,-0.6873757892234091,-0.3400000035762787,-52.6538340948478,0.0
775,19.375,1.7576005584185198e+18,0.5106925437200451,0.3228273128083863,3.5263329528785032,0.2550210413407917,5.9187168642838035,-1.6405873992714903,0.34037327166850523,-0.4156145076982787,-0.3400000035762787,4.0,-0.47366704712149676,4.0,-0.4840905605729837,-0.3400000035762787,4.0,-0.5049187820585574,-0.3400000035762787,4.0,-0.5423491273318697,-0.3400000035762787,4.0,-0.6020052217013729,-0.3400000035762787,-52.88811634120873,0.0
776,19.400000000000002,1.7576005584435197e+18,0.5782987669246631,0.3044898521954404,3.531724654580958,0.301331731100585,5.892907502579458,-1.8558982925364396,0.15520486640215492,-0.4048972299436856,-0.3400000035762787,4.0,-0.46827534541904203,4.0,-0.47366704712149676,-0.3400000035762787,4.0,-0.4840905605729837,-0.3400000035762787,4.0,-0.5049187820585574,-0.3400000035762787,4.0,-0.5423491273318697,-0.3400000035762787,-53.15321814178806,0.0
777,19.425,1.7576005584685197e+18,0.6969185238016058,0.2499940340952211,3.5358476072471867,0.3461835679442331,5.840284356204216,-1.999211318376641,0.11179567277629004,-0.3582921529736864,-0.3400000035762787,4.0,-0.4641523927528133,4.0,-0.46827534541904203,-0.3400000035762787,4.0,-0.47366704712149676,-0.3400000035762787,4.0,-0.4840905605729837,-0.3400000035762787,4.0,-0.5049187820585574,-0.3400000035762787,-53.46335792180573,0.0
778,19.450000000000003,1.75760055849352e+18,0.7620217438725931,0.229803926617488,3.5407926989407543,0.39025773814489845,5.80880474596677,-2.073273853000475,0.15356865610926151,-0.2747395327836938,-0.3400000035762787,4.0,-0.4592073010592457,4.0,-0.4641523927528133,-0.3400000035762787,4.0,-0.46827534541904203,-0.3400000035762787,4.0,-0.47366704712149676,-0.3400000035762787,4.0,-0.4840905605729837,-0.3400000035762787,-53.921702374478706,0.0
779,19.475,1.7576005585185198e+18,0.925792575920542,0.1730349119900451,3.5473918949180674,0.43264574055289207,5.707032865439932,-2.091288818903887,0.22952477827107437,-0.17218906666307415,-0.3400000035762787,4.0,-0.4526081050819326,4.0,-0.4592073010592457,-0.3400000035762787,4.0,-0.4641523927528133,-0.3400000035762787,4.0,-0.46827534541904203,-0.3400000035762787,4.0,-0.47366704712149676,-0.3400000035762787,-54.52041272822073,0.0
780,19.5,1.7576005585435197e+18,0.9978087332689802,0.1093579588788249,3.55572937097435,0.4712945440063405,5.6650823756786375,-2.0735479234333156,0.30577790963585555,-0.08942764260375477,-0.3400000035762787,4.0,-0.4442706290256502,4.0,-0.4526081050819326,-0.3400000035762787,4.0,-0.4592073010592457,-0.3400000035762787,4.0,-0.4641523927528133,-0.3400000035762787,4.0,-0.46827534541904203,-0.3400000035762787,-55.142535557062125,0.0
781,19.525000000000002,1.7576005585685197e+18,1.094736953926164,0.0582411968123497,3.5655207736940397,0.5039158290635576,5.602467555045816,-2.0429810444967265,0.37016544997055323,-0.07793416903198407,-0.3400000035762787,4.0,-0.43447922630596025,4.0,-0.4442706290256502,-0.3400000035762787,4.0,-0.4526081050819326,-0.3400000035762787,4.0,-0.4592073010592457,-0.3400000035762787,4.0,-0.4641523927528133,-0.3400000035762787,-55.86543082589933,0.0
782,19.55,1.7576005585935196e+18,1.1349915150894114,0.0217815224963688,3.5763601183368885,0.5286278935877108,5.571386914184088,-2.020163129742539,0.42923212177870745,-0.18208611187617527,-0.3400000035762787,4.0,-0.4236398816631115,4.0,-0.43447922630596025,-0.3400000035762787,4.0,-0.4442706290256502,-0.3400000035762787,4.0,-0.4526081050819326,-0.3400000035762787,4.0,-0.4592073010592457,-0.3400000035762787,-56.56497018379785,0.0
783,19.575000000000003,1.7576005586185198e+18,1.2573693293948942,-0.0581169664228675,3.5879329981759525,0.5439485644791611,5.484481617461776,-2.018389500021916,0.49885695855109924,-0.4106209151433545,-0.3400000035762787,4.0,-0.41206700182404754,4.0,-0.4236398816631115,-0.3400000035762787,4.0,-0.43447922630596025,-0.3400000035762787,4.0,-0.4442706290256502,-0.3400000035762787,4.0,-0.4526081050819326,-0.3400000035762787,-57.31947426084904,0.0
784,19.6,1.7576005586435197e+18,1.342596141127007,-0.1333385278729033,3.600235640437507,0.5484167444064822,5.4398915757428234,-2.039633636301876,0.591442113489876,-0.7080341106604072,-0.1397078931331634,4.0,-0.3997643595624929,4.0,-0.41206700182404754,-0.3400000035762787,4.0,-0.4236398816631115,-0.3400000035762787,4.0,-0.43447922630596025,-0.3400000035762787,4.0,-0.4442706290256502,-0.3400000035762787,-58.01247929657786,0.0
785,19.625,1.7576005586685197e+18,1.3711402483822823,-0.1563033170375227,3.613716638499547,0.5404951250437438,5.418935721782104,-2.072454667307275,0.7036397644987824,-0.9394355849124734,-0.0,4.0,-0.38628336150045284,4.0,-0.3997643595624929,-0.1397078931331634,4.0,-0.41206700182404754,-0.3400000035762787,4.0,-0.4236398816631115,-0.3400000035762787,4.0,-0.43447922630596025,-0.3400000035762787,-58.733917863245,0.0
786,19.650000000000002,1.75760055869352e+18,1.4354158805180257,-0.2339727325425602,3.6291664228105893,0.5191489372764514,5.3702492557420625,-2.093018282021448,0.8087763726865799,-0.903114289010944,-0.0,4.0,-0.3708335771894107,4.0,-0.38628336150045284,-0.0,4.0,-0.3997643595624929,-0.1397078931331634,4.0,-0.41206700182404754,-0.3400000035762787,4.0,-0.4236398816631115,-0.3400000035762787,-59.37994873461113,0.0
787,19.675,1.7576005587185198e+18,1.487100603397581,-0.2836654101076432,3.6471909732042267,0.48482788324374226,5.332414079776932,-2.069965492674161,0.8571806927957929,-0.3785617401896766,-0.0,4.0,-0.3528090267957733,4.0,-0.3708335771894107,-0.0,4.0,-0.38628336150045284,-0.0,4.0,-0.3997643595624929,-0.1397078931331634,4.0,-0.41206700182404754,-0.3400000035762787,-60.02046611659245,0.0
788,19.700000000000003,1.7576005587435197e+18,1.584656424943871,-0.4119782630853561,3.6672757525610087,0.4401159466563107,5.252726064420926,-1.9726810479701196,0.7854820220576625,0.7968415843287537,-0.0,4.0,-0.3327242474389913,4.0,-0.3528090267957733,-0.0,4.0,-0.3708335771894107,-0.0,4.0,-0.38628336150045284,-0.0,4.0,-0.3997643595624929,-0.1397078931331634,-60.593571892681545,0.0
789,19.725,1.7576005587685197e+18,1.6177086433556132,-0.448593059946637,3.6867552777273294,0.389459285186608,5.225184216576698,-1.7808591578458597,0.533002978159658,2.647930212089786,-0.0,4.0,-0.31324472227267064,4.0,-0.3327242474389913,-0.0,4.0,-0.3528090267957733,-0.0,4.0,-0.3708335771894107,-0.0,4.0,-0.38628336150045284,-0.0,-61.1104899346313,0.0
790,19.75,1.7576005587935196e+18,1.6676747728957588,-0.5622331390181078,3.7002808878265454,0.33797488018118593,5.156847830135011,-1.4919583578556952,0.06051965536337831,5.017124221054036,-0.0,4.0,-0.2997191121734546,4.0,-0.31324472227267064,-0.0,4.0,-0.3327242474389913,-0.0,4.0,-0.3528090267957733,-0.0,4.0,-0.3708335771894107,-0.0,-61.58770286751398,0.0
791,19.775000000000002,1.7576005588185198e+18,1.699320186516637,-0.6141052316756028,3.700351374339962,0.28992261685827697,5.124204295952014,-1.1231874631365073,-0.6349272421338739,7.5878368760507495,12.56431484222412,0.0,3.700351374339962,4.0,-0.2997191121734546,-0.0,4.0,-0.31324472227267064,-0.0,4.0,-0.3327242474389913,-0.0,4.0,-0.3528090267957733,-0.0,-58.04717210086398,0.0
792,19.8,1.7576005588435197e+18,1.7535186767422717,-0.7177536516705663,3.6790149270499315,0.24763242201072977,5.0931510790308305,-0.7066053703241747,-1.5148735599922372,9.977935058893049,12.56431484222412,0.0,3.6790149270499315,0.0,3.700351374339962,12.56431484222412,4.0,-0.2997191121734546,-0.0,4.0,-0.31324472227267064,-0.0,4.0,-0.3327242474389913,-0.0,-54.51561552175904,0.0
793,19.825000000000003,1.7576005588685197e+18,1.7883621862016823,-0.7846754278019129,3.6301776080291783,0.21140805096487858,5.062549839517715,-0.2791158433170324,-2.5066622091352553,11.86411121467356,12.69431495666504,0.0,3.6301776080291783,0.0,3.6790149270499315,12.56431484222412,0.0,3.700351374339962,12.56431484222412,4.0,-0.2997191121734546,-0.0,4.0,-0.31324472227267064,-0.0,-51.022547312905466,0.0
794,19.85,1.75760055889352e+18,1.8332108592309115,-0.9015938463420168,3.551490469255662,0.18031688542321264,5.081463409710693,0.12821651786479646,-3.521389992901855,13.078087023264628,12.69431495666504,0.0,3.551490469255662,0.0,3.6301776080291783,12.69431495666504,0.0,3.6790149270499315,12.56431484222412,0.0,3.700351374339962,12.56431484222412,4.0,-0.2997191121734546,-0.0,-47.59747894346755,0.0
795,19.875,1.7576005589185198e+18,1.8724923810976768,-1.0042926831606451,3.4448787830862675,0.15317229702386706,5.111039854661516,0.4968196077641023,-4.476759612394465,13.634383970562103,12.824315071105955,0.0,3.4448787830862675,0.0,3.551490469255662,12.69431495666504,0.0,3.6301776080291783,12.69431495666504,0.0,3.6790149270499315,12.56431484222412,0.0,3.700351374339962,12.56431484222412,-44.267246233195216,0.0
796,19.900000000000002,1.7576005589435197e+18,1.8984238324243363,-1.071030756993126,3.315428786280355,0.12888229780204455,5.113682772454543,0.8208728620198927,-5.316950887769771,13.689852196977307,12.824315071105955,0.0,3.315428786280355,0.0,3.4448787830862675,12.824315071105955,0.0,3.551490469255662,12.69431495666504,0.0,3.6301776080291783,12.69431495666504,0.0,3.6790149270499315,12.56431484222412,-41.05448774483608,0.0
797,19.925,1.7576005589685197e+18,1.924107763210464,-1.1152082281484192,3.169178340832771,0.1059026424172225,5.12686484528859,1.1022718214813232,-6.022615223847707,13.465944191850035,12.954315185546877,0.0,3.169178340832771,0.0,3.315428786280355,12.824315071105955,0.0,3.4448787830862675,12.824315071105955,0.0,3.551490469255662,12.69431495666504,0.0,3.6301776080291783,12.69431495666504,-37.97777056577969,0.0
798,19.950000000000003,1.7576005589935196e+18,1.965700789298116,-1.220575196095557,3.0108718302870625,0.08141654661658333,5.140506112621604,1.3439115255456202,-6.607829833379948,13.171295343293972,12.954315185546877,0.0,3.0108718302870625,0.0,3.169178340832771,12.954315185546877,0.0,3.315428786280355,12.824315071105955,0.0,3.4448787830862675,12.824315071105955,0.0,3.551490469255662,12.69431495666504,-35.05303893417353,0.0
799,19.975,1.7576005590185198e+18,2.011585859691775,-1.27493292474549,2.842691540596538,0.0512800960237607,5.186606107166755,1.545139703188515,-7.105783483430427,12.950535900276744,13.084315299987791,0.0,2.842691540596538,0.0,3.0108718302870625,12.954315185546877,0.0,3.169178340832771,12.954315185546877,0.0,3.315428786280355,12.824315071105955,0.0,3.4448787830862675,12.824315071105955,-32.2954055007763,0.0
800,20.0,1.7576005590435197e+18,2.047595386620942,-1.3590244582432391,2.6644404557015293,0.011271841221701145,5.218940042951512,1.7013017795132133,-7.549056569148793,12.867754518995715,13.084315299987791,0.0,2.6644404557015293,0.0,2.842691540596538,13.084315299987791,0.0,3.0108718302870625,12.954315185546877,0.0,3.169178340832771,12.954315185546877,0.0,3.315428786280355,12.824315071105955,-29.720163367300973,0.0
801,20.025000000000002,1.7576005590685197e+18,2.07434808714846,-1.4097020211219446,2.474896775065159,-0.040875509572760226,5.2739879593689,1.806672781147508,-7.951996270725281,12.918675296601274,13.214315414428713,0.0,2.474896775065159,0.0,2.6644404557015293,13.084315299987791,0.0,2.842691540596538,13.084315299987791,0.0,3.0108718302870625,12.954315185546877,0.0,3.169178340832771,12.954315185546877,-27.34236855912518,0.0
802,20.05,1.75760055909352e+18,2.115555280331844,-1.4838780542220482,2.2735114390849747,-0.10394373150093036,5.323922019216336,1.858427131438635,-8.30139513569458,13.058297986712757,13.214315414428713,0.0,2.2735114390849747,0.0,2.474896775065159,13.214315414428713,0.0,2.6644404557015293,13.084315299987791,0.0,2.842691540596538,13.084315299987791,0.0,3.0108718302870625,12.954315185546877,-25.175160986668924,0.0
803,20.075000000000003,1.7576005591185198e+18,2.129117839494264,-1.5213601805169097,2.061628162318732,-0.17332360206906683,5.363325658762678,1.8592726617970616,-8.558225397189966,13.23036861598413,13.344315528869627,0.0,2.061628162318732,0.0,2.2735114390849747,13.214315414428713,0.0,2.474896775065159,13.214315414428713,0.0,2.6644404557015293,13.084315299987791,0.0,2.842691540596538,13.084315299987791,-23.227616798630287,0.0
804,20.1,1.7576005591435197e+18,2.159549358498791,-1.577327446786989,1.8428681168059196,-0.24288815254120533,5.410385816803538,1.8174946872434465,-8.669104504500973,13.389197812562804,13.344315528869627,0.0,1.8428681168059196,0.0,2.061628162318732,13.344315528869627,0.0,2.2735114390849747,13.214315414428713,0.0,2.474896775065159,13.214315414428713,0.0,2.6644404557015293,13.084315299987791,-21.502995806829258,0.0
805,20.125,1.7576005591685197e+18,2.1873856785753705,-1.6006244955818103,1.6227725688048138,-0.30767641087862607,5.457484091184441,1.7445800312878352,-8.583039231507264,13.510040270796958,13.474315643310549,0.0,1.6227725688048138,0.0,1.8428681168059196,13.344315528869627,0.0,2.061628162318732,13.344315528869627,0.0,2.2735114390849747,13.214315414428713,0.0,2.474896775065159,13.214315414428713,-19.99789586211859,0.0
806,20.150000000000002,1.7576005591935196e+18,2.207603515963255,-1.6494379434247828,1.4079679156661045,-0.36588763804544594,5.512705970905123,1.6516960629130104,-8.267777354957252,13.589108172119658,13.474315643310549,0.0,1.4079679156661045,0.0,1.6227725688048138,13.474315643310549,0.0,1.8428681168059196,13.344315528869627,0.0,2.061628162318732,13.344315528869627,0.0,2.2735114390849747,13.214315414428713,-18.70241041635765,0.0
807,20.175,1.7576005592185198e+18,2.225742500132428,-1.6827936776544017,1.2051279507825212,-0.4190801763711331,5.550004556571294,1.5467796742938815,-7.720883005113587,13.637073104868792,13.604314804077148,0.0,1.2051279507825212,0.0,1.4079679156661045,13.474315643310549,0.0,1.6227725688048138,13.474315643310549,0.0,1.8428681168059196,13.344315528869627,0.0,2.061628162318732,13.344315528869627,-17.60109336247606,0.0
808,20.200000000000003,1.7576005592435197e+18,2.244652458708724,-1.7033116015023153,1.0200071438624447,-0.47049714690052474,5.586093645160815,1.4336863965668314,-6.972822446721323,13.670488227292697,13.604314804077148,0.0,1.0200071438624447,0.0,1.2051279507825212,13.604314804077148,0.0,1.4079679156661045,13.474315643310549,0.0,1.6227725688048138,13.474315643310549,0.0,1.8428681168059196,13.344315528869627,-16.674377637006764,0.0
809,20.225,1.7576005592685197e+18,2.263507775067713,-1.7478570363124022,0.8567660829552622,-0.522404904071829,5.6178405509335185,1.3137656565798153,-6.081951340713349,13.704553081760283,13.734314918518066,0.0,0.8567660829552622,0.0,1.0200071438624447,13.604314804077148,0.0,1.2051279507825212,13.604314804077148,0.0,1.4079679156661045,13.474315643310549,0.0,1.6227725688048138,13.474315643310549,-15.900086430368468,0.0
810,20.25,1.75760055929352e+18,2.29166460729284,-1.7856237514304285,0.7176602669348907,-0.5736535759793512,5.66828298893007,1.1887803985537324,-5.123466359228661,13.748942952240172,13.734314918518066,0.0,0.7176602669348907,0.0,0.8567660829552622,13.734314918518066,0.0,1.0200071438624447,13.604314804077148,0.0,1.2051279507825212,13.604314804077148,0.0,1.4079679156661045,13.474315643310549,-15.254827161150757,0.0
811,20.275000000000002,1.7576005593185198e+18,2.3087491405585108,-1.8006953897512992,0.6030184580803488,-0.6183425361572995,5.7047430517395945,1.063127338560911,-4.175608327266813,13.806822309309895,13.864315032958984,0.0,0.6030184580803488,0.0,0.7176602669348907,13.734314918518066,0.0,0.8567660829552622,13.734314918518066,0.0,1.0200071438624447,13.604314804077148,0.0,1.2051279507825212,13.604314804077148,-14.715263992693385,0.0
812,20.3,1.7576005593435197e+18,2.3376109593413905,-1.85606245181524,0.5114116624049327,-0.6460141154557287,5.752796439681989,0.9436751306843447,-3.3065775554820047,13.876130042235715,13.864315032958984,0.0,0.5114116624049327,0.0,0.6030184580803488,13.864315032958984,0.0,0.7176602669348907,13.734314918518066,0.0,0.8567660829552622,13.734314918518066,0.0,1.0200071438624447,13.604314804077148,-14.259357293239427,0.0
813,20.325000000000003,1.7576005593685197e+18,2.347950131892789,-1.864492598096374,0.43997779022647665,-0.64357878984547,5.773736181589895,0.8372500691718894,-2.564947475224449,13.951881920837176,13.994315147399902,0.0,0.43997779022647665,0.0,0.5114116624049327,13.864315032958984,0.0,0.6030184580803488,13.864315032958984,0.0,0.7176602669348907,13.734314918518066,0.0,0.8567660829552622,13.734314918518066,-13.867571610373082,0.0
814,20.35,1.7576005593935196e+18,2.364460647331862,-1.8818083102495629,0.38490727331601293,-0.5989508101808723,5.7739090033284945,0.7476198065442228,-1.9751783214300123,14.028435371970405,13.994315147399902,0.0,0.38490727331601293,0.0,0.43997779022647665,13.994315147399902,0.0,0.5114116624049327,13.864315032958984,0.0,0.6030184580803488,13.864315032958984,0.0,0.7176602669348907,13.734314918518066,-13.523884408186253,0.0
815,20.375,1.7576005594185198e+18,2.37544943419849,-1.8901814747581356,0.34205860934290183,-0.5057704758880301,5.7893049412130395,0.6741343695638513,-1.5384768799723452,14.101127898706324,14.12431526184082,0.0,0.34205860934290183,0.0,0.38490727331601293,13.994315147399902,0.0,0.43997779022647665,13.994315147399902,0.0,0.5114116624049327,13.864315032958984,0.0,0.6030184580803488,13.864315032958984,-13.216342141925756,0.0
816,20.400000000000002,1.7576005594435197e+18,2.405820378870355,-1.907366132918611,0.3075954969207189,-0.3677227611939973,5.8084282987622124,0.6127315180062494,-1.2380048159512382,14.16716239080685,14.12431526184082,0.0,0.3075954969207189,0.0,0.34205860934290183,14.12431526184082,0.0,0.38490727331601293,13.994315147399902,0.0,0.43997779022647665,13.994315147399902,0.0,0.5114116624049327,13.864315032958984,-12.936999160622083,0.0
817,20.425,1.7576005594685197e+18,2.412874119300219,-1.9126257861773497,0.2784857411748328,-0.20038791344397563,5.8166090598568205,0.5582750013670307,-1.0465376433896763,14.225892749028803,14.254315376281738,0.0,0.2784857411748328,0.0,0.3075954969207189,14.12431526184082,0.0,0.34205860934290183,14.12431526184082,0.0,0.38490727331601293,13.994315147399902,0.0,0.43997779022647665,13.994315147399902,-12.681284217948914,0.0
818,20.450000000000003,1.75760055949352e+18,2.409959383644418,-1.877895988109457,0.25272096648248704,-0.028941434905384405,5.8353474220146735,0.506654241262039,-0.9342996595659742,14.278713444298809,14.254315376281738,0.0,0.25272096648248704,0.0,0.2784857411748328,14.254315376281738,0.0,0.3075954969207189,14.12431526184082,0.0,0.34205860934290183,14.12431526184082,0.0,0.38490727331601293,13.994315147399902,-12.447031553869873,0.0
819,20.475,1.7576005595185198e+18,2.418754224619631,-1.8835263494961032,0.22920633366036938,0.11833802727884314,5.850344823760959,0.4557448504589629,-0.874942609103992,14.32864736016655,14.384315490722656,0.0,0.22920633366036938,0.0,0.25272096648248704,14.254315376281738,0.0,0.2784857411748328,14.254315376281738,0.0,0.3075954969207189,14.12431526184082,0.0,0.34205860934290183,14.12431526184082,-12.23348637993343,0.0
820,20.5,1.7576005595435197e+18,2.4289933112897506,-1.8852543747023924,0.20739762959025482,0.21855659389017532,5.857274894749119,0.4052405049555304,-0.8484459190104509,14.379605775570978,14.384315490722656,0.0,0.20739762959025482,0.0,0.22920633366036938,14.384315490722656,0.0,0.25272096648248704,14.254315376281738,0.0,0.2784857411748328,14.254315376281738,0.0,0.3075954969207189,14.12431526184082,-12.04052887853278,0.0
821,20.525000000000002,1.7576005595685197e+18,2.4248284529772253,-1.8825436808636853,0.18687686501852088,0.2611520764253523,5.8595516072336915,0.35585064117667564,-0.8408583827079306,14.435317693458574,14.384315490722656,0.0,0.18687686501852088,0.0,0.20739762959025482,14.384315490722656,0.0,0.22920633366036938,14.384315490722656,0.0,0.25272096648248704,14.254315376281738,0.0,0.2784857411748328,14.254315376281738,-11.86819500183674,0.0
822,20.55,1.7576005595935196e+18,2.4294579827220755,-1.884987014529208,0.16709199618364717,0.2503583265089466,5.865882512278891,0.30841772629153724,-0.8418954262549815,14.498136022290709,14.514315605163574,0.0,0.16709199618364717,0.0,0.18687686501852088,14.384315490722656,0.0,0.20739762959025482,14.384315490722656,0.0,0.22920633366036938,14.384315490722656,0.0,0.25272096648248704,14.254315376281738,-11.716390049269918,0.0
823,20.575000000000003,1.7576005596185198e+18,2.4345694278656484,-1.8876846893875792,0.14739406757407092,0.20237399909523027,5.872872439038451,0.2633545700522447,-0.8420569705803025,14.568166379338582,14.514315605163574,0.0,0.14739406757407092,0.0,0.16709199618364717,14.514315605163574,0.0,0.18687686501852088,14.384315490722656,0.0,0.20739762959025482,14.384315490722656,0.0,0.22920633366036938,14.384315490722656,-11.584613079138709,0.0
824,20.6,1.7576005596435197e+18,2.446732564133029,-1.887720616856386,0.12731942545983663,0.13877982197066466,5.883615010521069,0.220550353966816,-0.8308948769422181,14.643178659738943,14.644314765930176,0.0,0.12731942545983663,0.0,0.14739406757407092,14.514315605163574,0.0,0.16709199618364717,14.514315605163574,0.0,0.18687686501852088,14.384315490722656,0.0,0.20739762959025482,14.384315490722656,-11.471617635302549,0.0
825,20.625,1.7576005596685197e+18,2.4510222066432723,-1.8898606095250725,0.10691175452795565,0.0791762040721387,5.88948723159858,0.1796420642994417,-0.7973656697676392,14.71945688096796,14.774314880371094,0.0,0.10691175452795565,0.0,0.12731942545983663,14.644314765930176,0.0,0.14739406757407092,14.514315605163574,0.0,0.16709199618364717,14.514315605163574,0.0,0.18687686501852088,14.384315490722656,-11.37516592404453,0.0
826,20.650000000000002,1.75760055969352e+18,2.4475048986549948,-1.8891784610142608,0.08686963897130881,0.035942189800088425,5.892190518523034,0.14042103319892366,-0.7321576040673877,14.793278874260011,14.774314880371094,0.0,0.08686963897130881,0.0,0.10691175452795565,14.774314880371094,0.0,0.12731942545983663,14.644314765930176,0.0,0.14739406757407092,14.514315605163574,0.0,0.16709199618364717,14.514315605163574,-11.29220355312357,0.0
827,20.675,1.7576005597185198e+18,2.448284720000209,-1.889254050978213,0.06842430588418101,0.012637279069637124,5.891076746744986,0.10315940558513968,-0.6309294635722401,14.862380950836668,14.904314994812012,0.0,0.06842430588418101,0.0,0.08686963897130881,14.774314880371094,0.0,0.10691175452795565,14.774314880371094,0.0,0.12731942545983663,14.644314765930176,0.0,0.14739406757407092,14.514315605163574,-11.21972964374841,0.0
828,20.700000000000003,1.7576005597435197e+18,2.4546181748010856,-1.888556715987552,0.05299320622837566,0.005772043349756019,5.898007140730186,0.06870662300284988,-0.4969355505872792,14.926758657023415,14.904314994812012,0.0,0.05299320622837566,0.0,0.06842430588418101,14.904314994812012,0.0,0.08686963897130881,14.774314880371094,0.0,0.10691175452795565,14.774314880371094,0.0,0.12731942545983663,14.644314765930176,-10.690741483689571,0.0
829,20.725,1.7576005597685197e+18,2.454035505271805,-1.888082032746757,0.041742769083374605,0.008421367222992157,5.898188946475329,0.038296149686319045,-0.34170807429384986,14.98845942727614,15.03431510925293,0.0,0.041742769083374605,0.0,0.05299320622837566,14.904314994812012,0.0,0.06842430588418101,14.904314994812012,0.0,0.08686963897130881,14.774314880371094,0.0,0.10691175452795565,14.774314880371094,-9.11258282088695,0.0
830,20.75,1.7576005597935196e+18,2.4559952587609173,-1.8889001676348596,0.03521941384132721,0.013850438980582611,5.900921174991192,0.013149675899190364,-0.18321322797097822,15.050449326874885,15.03431510925293,0.0,0.03521941384132721,0.0,0.041742769083374605,15.03431510925293,0.0,0.05299320622837566,14.904314994812012,0.0,0.06842430588418101,14.904314994812012,0.0,0.08686963897130881,14.774314880371094,-7.19890462231108,0.0
831,20.775000000000002,1.7576005598185198e+18,2.460911652220922,-1.891377249151484,0.03317859841770464,0.01781200254010031,5.899154183627904,-0.005916909435349166,-0.04186500938186775,15.11503135755675,15.03431510925293,0.0,0.03317859841770464,0.0,0.03521941384132721,15.03431510925293,0.0,0.041742769083374605,15.03431510925293,0.0,0.05299320622837566,14.904314994812012,0.0,0.06842430588418101,14.904314994812012,-5.315016436113929,0.0
832,20.8,1.7576005598435197e+18,2.4632334858685865,-1.8923917733953937,0.03465983943862881,0.01904047972733836,5.9000162180748,-0.01871995960336252,0.06441703521486677,15.182558447296868,15.164315223693848,0.0,0.03465983943862881,0.0,0.03317859841770464,15.03431510925293,0.0,0.03521941384132721,15.03431510925293,0.0,0.041742769083374605,15.03431510925293,0.0,0.05299320622837566,14.904314994812012,-3.476272186997008,0.0
833,20.825000000000003,1.7576005598685197e+18,2.457803954065098,-1.8909569198097285,0.03825377363314766,0.018295752370413428,5.899341281870528,-0.02573559876324981,0.12457448826586699,15.251154927824032,15.294315338134766,0.0,0.03825377363314766,0.0,0.03465983943862881,15.164315223693848,0.0,0.03317859841770464,15.03431510925293,0.0,0.03521941384132721,15.03431510925293,0.0,0.041742769083374605,15.03431510925293,-1.6987559434092843,0.0
834,20.85,1.75760055989352e+18,2.4590295293850435,-1.8914845336625536,0.04244598280634773,0.016816099532961194,5.899502355497165,-0.027975300544562102,0.1368742525978236,15.31771527704738,15.294315338134766,0.0,0.04244598280634773,0.0,0.03825377363314766,15.294315338134766,0.0,0.03465983943862881,15.164315223693848,0.0,0.03317859841770464,15.03431510925293,0.0,0.03521941384132721,15.03431510925293,0.004017139811554667,0.0
835,20.875,1.7576005599185198e+18,2.4564010226387243,-1.8878074255265007,0.04592958354294291,0.015105805338750333,5.8940450830470015,-0.026759621344697344,0.10878565052206693,15.379782672860342,15.424315452575684,0.0,0.04592958354294291,0.0,0.04244598280634773,15.294315338134766,0.0,0.03825377363314766,15.294315338134766,0.0,0.03465983943862881,15.164315223693848,0.0,0.03317859841770464,15.03431510925293,1.623759066806018,0.0
836,20.900000000000002,1.7576005599435197e+18,2.457061188280215,-1.888068551772625,0.04782388696872455,0.012634424704992793,5.893369874714825,-0.02344207865492447,0.0544161329692038,15.437437904287476,15.424315452575684,0.0,0.04782388696872455,0.0,0.04592958354294291,15.424315452575684,0.0,0.04244598280634773,15.294315338134766,0.0,0.03825377363314766,15.294315338134766,0.0,0.03465983943862881,15.164315223693848,3.217493088636007,0.0
837,20.925,1.7576005599685197e+18,2.454707989052572,-1.885451978125316,0.04777526705769491,0.008447678200655583,5.89268095972512,-0.019157034827908058,-0.009612400103469133,15.494273026313488,15.554315567016602,0.0,0.04777526705769491,0.0,0.04782388696872455,15.424315452575684,0.0,0.04592958354294291,15.424315452575684,0.0,0.04244598280634773,15.294315338134766,0.0,0.03825377363314766,15.294315338134766,4.730090185240119,0.0
838,20.950000000000003,1.7576005599935196e+18,2.454994783689658,-1.8855620004826217,0.04593483648921518,0.002177299215546713,5.892414330688591,-0.014670094667548999,-0.06854351063650363,15.556798753213863,15.554315567016602,0.0,0.04593483648921518,0.0,0.04777526705769491,15.554315567016602,0.0,0.04782388696872455,15.424315452575684,0.0,0.04592958354294291,15.424315452575684,0.0,0.04244598280634773,15.294315338134766,6.169113408488581,0.0
839,20.975,1.7576005600185198e+18,2.45498137956868,-1.8883869255864905,0.04282066085576993,-0.005256164010847158,5.89235580863674,-0.0103697591437433,-0.11281816737663722,15.632102590825605,15.68431568145752,0.0,0.04282066085576993,0.0,0.04593483648921518,15.554315567016602,0.0,0.04777526705769491,15.554315567016602,0.0,0.04782388696872455,15.424315452575684,0.0,0.04592958354294291,15.424315452575684,7.543337657743226,0.0
840,21.0,1.7576005600435197e+18,2.455682518751316,-1.8886670655633584,0.03909794260580428,-0.01174086544332904,5.891938196754902,-0.006376510602082953,-0.1394490517599341,15.724185620134097,15.68431568145752,0.0,0.03909794260580428,0.0,0.04282066085576993,15.68431568145752,0.0,0.04593483648921518,15.554315567016602,0.0,0.04777526705769491,15.554315567016602,0.0,0.04782388696872455,15.424315452575684,8.860492647219127,0.0
841,21.025000000000002,1.7576005600685197e+18,2.44967580938466,-1.8877271781334053,0.035345151553549475,-0.014876216651004822,5.891588535388927,-0.002703595252437668,-0.15118296023569758,15.83009643087698,15.81431484222412,0.0,0.035345151553549475,0.0,0.03909794260580428,15.68431568145752,0.0,0.04282066085576993,15.68431568145752,0.0,0.04593483648921518,15.554315567016602,0.0,0.04777526705769491,15.554315567016602,10.12582351936897,0.0
842,21.05,1.75760056009352e+18,2.452623709512832,-1.889644750595593,0.031889019062686666,-0.013203691096642588,5.891992653030162,0.0006027373867685666,-0.15391033607011068,15.937566059047127,15.81431484222412,0.0,0.031889019062686666,0.0,0.035345151553549475,15.81431484222412,0.0,0.03909794260580428,15.68431568145752,0.0,0.04282066085576993,15.68431568145752,0.0,0.04593483648921518,15.554315567016602,11.400553864217413,0.0
843,21.075000000000003,1.7576005601185198e+18,2.452942510875154,-1.8897745479334496,0.028763742570224897,-0.007082728929865922,5.891979971936025,0.0033966299683800398,-0.15333658260373112,16.02602098700404,15.94431495666504,0.0,0.028763742570224897,0.0,0.031889019062686666,15.81431484222412,0.0,0.035345151553549475,15.81431484222412,0.0,0.03909794260580428,15.68431568145752,0.0,0.04282066085576993,15.68431568145752,12.625338977285724,0.0
844,21.1,1.7576005601435197e+18,2.4526237700949984,-1.8859293253927505,0.025793274026468596,0.0012977631226337293,5.891011082753237,0.00545606605651477,-0.15215871208170437,16.072281608240687,15.94431495666504,0.0,0.025793274026468596,0.0,0.028763742570224897,15.94431495666504,0.0,0.031889019062686666,15.81431484222412,0.0,0.035345151553549475,15.81431484222412,0.0,0.03909794260580428,15.68431568145752,13.856740813441906,0.0
845,21.125,1.7576005601685197e+18,2.4528678038883216,-1.8860282757892557,0.02274710485422107,0.008823970823196392,5.891028962578902,0.006572442113972895,-0.1488182389552119,16.06075847650295,16.074316024780273,0.0,0.02274710485422107,0.0,0.025793274026468596,15.94431495666504,0.0,0.028763742570224897,15.94431495666504,0.0,0.031889019062686666,15.81431484222412,0.0,0.035345151553549475,15.81431484222412,15.090990906673653,0.0
846,21.150000000000002,1.7576005601935196e+18,2.453203427550231,-1.88554621845876,0.019501550822587498,0.012834498419932927,5.891348876650291,0.0066595946872579324,-0.1383683832365944,15.995699752927186,16.074316024780273,0.0,0.019501550822587498,0.0,0.02274710485422107,16.074316024780273,0.0,0.025793274026468596,15.94431495666504,0.0,0.028763742570224897,15.94431495666504,0.0,0.031889019062686666,15.81431484222412,16.442002431013055,0.0
847,21.175,1.7576005602185198e+18,2.4534162018461325,-1.8856334186613093,0.01614627694985456,0.01227012875055346,5.891294316369354,0.005836904579952919,-0.11524819799957363,15.910658887103162,16.204315185546875,0.0,0.01614627694985456,0.0,0.019501550822587498,16.074316024780273,0.0,0.02274710485422107,16.074316024780273,0.0,0.025793274026468596,15.94431495666504,0.0,0.028763742570224897,15.94431495666504,17.787724080289426,0.0
848,21.200000000000003,1.7576005602435197e+18,2.4512182702252727,-1.886528815043176,0.012998005171986215,0.008018971780029308,5.891523390288666,0.00445342135544973,-0.07701485921976085,15.86892233201456,16.204315185546875,0.0,0.012998005171986215,0.0,0.01614627694985456,16.204315185546875,0.0,0.019501550822587498,16.074316024780273,0.0,0.02274710485422107,16.074316024780273,0.0,0.025793274026468596,15.94431495666504,19.124501398704517,0.0
849,21.225,1.7576005602685197e+18,2.451269208355859,-1.8865489008551712,0.01051309589459197,0.002313219042308261,5.891557358283422,0.003031478348286005,-0.027580790422979045,15.94940558157407,16.334314346313477,0.0,0.01051309589459197,0.0,0.012998005171986215,16.204315185546875,0.0,0.01614627694985456,16.204315185546875,0.0,0.019501550822587498,16.074316024780273,0.0,0.02274710485422107,16.074316024780273,20.50847784916765,0.0
850,21.25,1.75760056029352e+18,2.4529611469089168,-1.8889428975962976,0.00912157218589249,-0.0024610117957211248,5.891993643808829,0.0021226066458604645,0.021574403406474055,16.216368758937826,16.334314346313477,0.0,0.00912157218589249,0.0,0.01051309589459197,16.334314346313477,0.0,0.012998005171986215,16.204315185546875,0.0,0.01614627694985456,16.204315185546875,0.0,0.019501550822587498,16.074316024780273,21.938585644573234,0.0
851,21.275000000000002,1.7576005603185198e+18,2.4529305133513617,-1.888929657432832,0.00902840679619592,-0.004881899852560053,5.8920374558799535,0.0020962945125191272,0.053300971096495384,16.67807595265983,16.46431541442871,0.0,0.00902840679619592,0.0,0.00912157218589249,16.334314346313477,0.0,0.01051309589459197,16.334314346313477,0.0,0.012998005171986215,16.204315185546875,0.0,0.01614627694985456,16.204315185546875,23.355977780116756,0.0
852,21.3,1.7576005603435197e+18,2.450663796892819,-1.884758289286615,0.01004035625665017,-0.0049560491643859264,5.891731794234427,0.002922320075391164,0.04994397190564666,17.247531030783456,16.46431541442871,0.0,0.01004035625665017,0.0,0.00902840679619592,16.46431541442871,0.0,0.00912157218589249,16.334314346313477,0.0,0.01051309589459197,16.334314346313477,0.0,0.012998005171986215,16.204315185546875,24.761364553052108,0.0
853,21.325000000000003,1.7576005603685197e+18,2.450719684093486,-1.8847811905642755,0.01148313693276109,-0.0037487738596247346,5.891775102288429,0.004042782633102524,0.000736871559902545,17.724362392612573,16.594314575195312,0.0,0.01148313693276109,0.0,0.01004035625665017,16.46431541442871,0.0,0.00902840679619592,16.46431541442871,0.0,0.00912157218589249,16.334314346313477,0.0,0.01051309589459197,16.334314346313477,26.096754425645024,0.0
854,21.35,1.7576005603935196e+18,2.4523573607863964,-1.886368198864678,0.012274657118399727,-0.002490607674846218,5.891800264454396,0.0044385491170640026,-0.09073838609540481,17.816614411605865,16.594314575195312,0.0,0.012274657118399727,0.0,0.01148313693276109,16.594314575195312,0.0,0.01004035625665017,16.46431541442871,0.0,0.00902840679619592,16.46431541442871,0.0,0.00912157218589249,16.334314346313477,27.361915258199016,0.0
855,21.375,1.7576005604185198e+18,2.4524489026823657,-1.8864058000401505,0.011203336492260099,-0.0017550098227015725,5.891798624065845,0.002959215710847161,-0.20181378839586558,17.211219281701894,16.724315643310547,0.0,0.011203336492260099,0.0,0.012274657118399727,16.594314575195312,0.0,0.01148313693276109,16.594314575195312,0.0,0.01004035625665017,16.46431541442871,0.0,0.00902840679619592,16.46431541442871,28.555018433552636,0.0
856,21.400000000000002,1.7576005604435197e+18,2.451168452948058,-1.8869819880069905,0.00741188256249988,-0.0012160148903154163,5.891377824248802,-0.0011016005355225077,-0.29127520043816024,15.68199253584576,16.724315643310547,0.0,0.00741188256249988,0.0,0.011203336492260099,16.724315643310547,0.0,0.012274657118399727,16.594314575195312,0.0,0.01148313693276109,16.594314575195312,0.0,0.01004035625665017,16.46431541442871,29.67258884841813,0.0
857,21.425,1.7576005604685197e+18,2.4511509160729767,-1.8869746012175737,0.0010039085209544673,-0.00010316028721131844,5.891421515312333,-0.007329586557045143,-0.30649081133709205,13.199435160341542,16.85431480407715,0.0,0.0010039085209544673,0.0,0.00741188256249988,16.724315643310547,0.0,0.011203336492260099,16.724315643310547,0.0,0.012274657118399727,16.594314575195312,0.0,0.01148313693276109,16.594314575195312,30.710073176061478,0.0
858,21.450000000000003,1.75760056049352e+18,2.4514227319694992,-1.8881344892440608,-0.006408312505539601,0.001978597348157821,5.891857422946448,-0.013677929727372426,-0.19638267718681754,9.989936374096668,16.85431480407715,0.0,-0.006408312505539601,0.0,0.0010039085209544673,16.85431480407715,0.0,0.00741188256249988,16.724315643310547,0.0,0.011203336492260099,16.724315643310547,0.0,0.012274657118399727,16.594314575195312,31.66295307169181,0.0
859,21.475,1.7576005605185198e+18,2.451363855879409,-1.8881099962716383,-0.011468727107860332,0.004433205789473492,5.891895876027714,-0.016442510513959185,0.07279590435659959,6.500434384594733,-0.3400000035762787,4.0,-4.01146872710786,0.0,-0.006408312505539601,16.85431480407715,0.0,0.0010039085209544673,16.85431480407715,0.0,0.00741188256249988,16.724315643310547,0.0,0.011203336492260099,16.724315643310547,28.52813146240955,0.0
860,21.5,1.7576005605435197e+18,2.4532243115161987,-1.8854963769697335,-0.009394658303243967,0.005718081014293794,5.891793822779402,-0.010974312117679252,0.5036120710023131,3.2668529081343167,-0.3400000035762787,4.0,-4.009394658303244,4.0,-4.01146872710786,-0.3400000035762787,0.0,-0.006408312505539601,16.85431480407715,0.0,0.0010039085209544673,16.85431480407715,0.0,0.00741188256249988,16.724315643310547,25.364055521310448,0.0
861,21.525000000000002,1.7576005605685197e+18,2.453253918507369,-1.8855085566885348,0.005057386423240343,0.004110654180826504,5.891812574437016,0.0068483741684213836,1.0605708333580999,0.7408562897794342,-0.3400000035762787,4.0,-3.9949426135767596,4.0,-4.009394658303244,-0.3400000035762787,4.0,-4.01146872710786,-0.3400000035762787,0.0,-0.006408312505539601,16.85431480407715,0.0,0.0010039085209544673,16.85431480407715,22.408829107180978,0.0
862,21.55,1.7576005605935196e+18,2.451490281591012,-1.8858594999436955,0.03613882636258426,-0.00118895709662455,5.891607960431733,0.03870753137929916,1.6737201786722216,-0.8435712241140906,-0.3400000035762787,4.0,-3.9638611736374156,4.0,-3.9949426135767596,-0.3400000035762787,4.0,-4.009394658303244,-0.3400000035762787,4.0,-4.01146872710786,-0.3400000035762787,0.0,-0.006408312505539601,16.85431480407715,19.785066277183674,0.0
863,21.575000000000003,1.7576005606185198e+18,2.45146858444886,-1.885850503693852,0.08561098351105338,-0.009250464422867852,5.891615557065122,0.08213545663181737,2.2531682427916673,-1.508463669115848,-0.3400000035762787,4.0,-3.9143890164889465,4.0,-3.9638611736374156,-0.3400000035762787,4.0,-3.9949426135767596,-0.3400000035762787,4.0,-4.009394658303244,-0.3400000035762787,4.0,-4.01146872710786,-0.3400000035762787,17.55648119803632,0.0
864,21.6,1.7576005606435197e+18,2.4525170799274374,-1.8881821617925083,0.15179812323463268,-0.017431715354756246,5.892391090742663,0.12976144896816372,2.7111861377961963,-1.4756481261081205,-0.3400000035762787,4.0,-3.8482018767653674,4.0,-3.9143890164889465,-0.3400000035762787,4.0,-3.9638611736374156,-0.3400000035762787,4.0,-3.9949426135767596,-0.3400000035762787,4.0,-4.009394658303244,-0.3400000035762787,15.255401158970963,0.0
865,21.625,1.7576005606685197e+18,2.4592091774597016,-1.8925798768369224,0.22968279302732622,-0.0223499555231061,5.896128877652206,0.1700383931958331,2.9855221178252123,-1.058697348799457,-0.3400000035762787,4.0,-3.7703172069726736,4.0,-3.8482018767653674,-0.3400000035762787,4.0,-3.9143890164889465,-0.3400000035762787,4.0,-3.9638611736374156,-0.3400000035762787,4.0,-3.9949426135767596,-0.3400000035762787,12.882069238118078,0.0
866,21.650000000000002,1.75760056069352e+18,2.462361019505266,-1.893887577347188,0.312155640004741,-0.021432745558986874,5.898576697829713,0.18945762034955715,3.056478466481242,-0.5546131324559742,-0.3400000035762787,4.0,-3.687844359995259,4.0,-3.7703172069726736,-0.3400000035762787,4.0,-3.8482018767653674,-0.3400000035762787,4.0,-3.9143890164889465,-0.3400000035762787,4.0,-3.9638611736374156,-0.3400000035762787,10.433985664814433,0.0
867,21.675,1.7576005607185198e+18,2.464933199544774,-1.8963843194696068,0.39203495182970677,-0.014337746300401747,5.904744210994493,0.1756951056396987,2.9518341613271915,-0.17073095129738042,-0.3400000035762787,4.0,-3.607965048170293,4.0,-3.687844359995259,-0.3400000035762787,4.0,-3.7703172069726736,-0.3400000035762787,4.0,-3.8482018767653674,-0.3400000035762787,4.0,-3.9143890164889465,-0.3400000035762787,7.908191714701419,0.0
868,21.700000000000003,1.7576005607435197e+18,2.4742616515946496,-1.9001790895538293,0.4641106895738872,-0.003528951814729112,5.911154653392992,0.1207607664670425,2.7374911724343467,0.0014323166140488407,-0.3400000035762787,4.0,-3.535889310426113,4.0,-3.607965048170293,-0.3400000035762787,4.0,-3.687844359995259,-0.3400000035762787,4.0,-3.7703172069726736,-0.3400000035762787,4.0,-3.8482018767653674,-0.3400000035762787,5.304714976190345,0.0
869,21.725,1.7576005607685197e+18,2.4820170272403086,-1.8978530374352451,0.5264437726775585,0.006365007731318711,5.912742294566477,0.0231645092298953,2.4965209199801426,-0.027227923865279047,-0.3400000035762787,4.0,-3.4735562273224416,4.0,-3.535889310426113,-0.3400000035762787,4.0,-3.607965048170293,-0.3400000035762787,4.0,-3.687844359995259,-0.3400000035762787,4.0,-3.7703172069726736,-0.3400000035762787,2.629815441953127,0.0
870,21.75,1.7576005607935196e+18,2.4920988629984224,-1.9018432249611217,0.5804838179325608,0.010246515948642378,5.918401645203828,-0.11162318797133833,2.303369199891439,-0.1796404848285224,-0.3400000035762787,4.0,-3.419516182067439,4.0,-3.4735562273224416,-0.3400000035762787,4.0,-3.535889310426113,-0.3400000035762787,4.0,-3.607965048170293,-0.3400000035762787,4.0,-3.687844359995259,-0.3400000035762787,-0.10232495089090321,0.0
871,21.775000000000002,1.7576005608185198e+18,2.493854351973144,-1.9047707167818448,0.6300710881421616,0.004626720811432443,5.912966325116067,-0.2725901567219037,2.2018226738700055,-0.3547226791340918,-0.3400000035762787,4.0,-3.3699289118578384,4.0,-3.419516182067439,-0.3400000035762787,4.0,-3.4735562273224416,-0.3400000035762787,4.0,-3.535889310426113,-0.3400000035762787,4.0,-3.607965048170293,-0.3400000035762787,-2.870248641047368,0.0
872,21.8,1.7576005608435197e+18,2.5017111272838517,-1.9076886265331916,0.6797913580314692,-0.010806997297143349,5.914939621332111,-0.4459681761880885,2.1942131329321417,-0.46381831413324925,-0.3400000035762787,4.0,-3.320208641968531,4.0,-3.3699289118578384,-0.3400000035762787,4.0,-3.419516182067439,-0.3400000035762787,4.0,-3.4735562273224416,-0.3400000035762787,4.0,-3.535889310426113,-0.3400000035762787,-5.64810815568403,0.0
873,21.825000000000003,1.7576005608685197e+18,2.537416234062668,-1.9267885278723704,0.7332983398871957,-0.032822364373201296,5.894143820018328,-0.6183682587292836,2.2455584213482562,-0.4560633914134311,-0.3400000035762787,4.0,-3.2667016601128043,4.0,-3.320208641968531,-0.3400000035762787,4.0,-3.3699289118578384,-0.3400000035762787,4.0,-3.419516182067439,-0.3400000035762787,4.0,-3.4735562273224416,-0.3400000035762787,-8.409891033738276,0.0
874,21.85,1.75760056089352e+18,2.55389787100996,-1.933071585233398,0.7921283856164275,-0.05563024487356004,5.884770775016709,-0.7792278513035341,2.30116162449184,-0.33158554617527086,-0.3400000035762787,4.0,-3.2078716143835724,4.0,-3.2667016601128043,-0.3400000035762787,4.0,-3.320208641968531,-0.3400000035762787,4.0,-3.3699289118578384,-0.3400000035762787,4.0,-3.419516182067439,-0.3400000035762787,-11.133672087548865,0.0
875,21.875,1.7576005609185198e+18,2.590050998335116,-1.956929004606193,0.8553128819875065,-0.07280412382342435,5.849367439006938,-0.921982226712755,2.311353275825494,-0.14264686900396809,-0.3400000035762787,4.0,-3.1446871180124933,4.0,-3.2078716143835724,-0.3400000035762787,4.0,-3.2667016601128043,-0.3400000035762787,4.0,-3.320208641968531,-0.3400000035762787,4.0,-3.3699289118578384,-0.3400000035762787,-13.804692158439861,0.0
876,21.900000000000002,1.7576005609435197e+18,2.611553348345748,-1.965902174501219,0.9198472976669456,-0.07935332987491457,5.824883195226939,-1.0439853023107113,2.2542244922799597,0.017965873613605948,-0.3400000035762787,4.0,-3.0801527023330544,4.0,-3.1446871180124933,-0.3400000035762787,4.0,-3.2078716143835724,-0.3400000035762787,4.0,-3.2667016601128043,-0.3400000035762787,4.0,-3.320208641968531,-0.3400000035762787,-16.416569515353874,0.0
877,21.925,1.7576005609685197e+18,2.6443930928118258,-1.985711273526052,0.9818644702583647,-0.07318728143620509,5.794144457032239,-1.1456569451339493,2.14742213597778,0.04257494461222932,-0.3400000035762787,4.0,-3.0181355297416355,4.0,-3.0801527023330544,-0.3400000035762787,4.0,-3.1446871180124933,-0.3400000035762787,4.0,-3.2078716143835724,-0.3400000035762787,4.0,-3.2667016601128043,-0.3400000035762787,-18.970552652342697,0.0
878,21.950000000000003,1.7576005609935196e+18,2.660917241842788,-1.993174371144129,1.0381872312879017,-0.055522554319274664,5.773733769438127,-1.2294624283825832,2.043481902700707,-0.15232131729885487,-0.3400000035762787,4.0,-2.9618127687120985,4.0,-3.0181355297416355,-0.3400000035762787,4.0,-3.0801527023330544,-0.3400000035762787,4.0,-3.1446871180124933,-0.3400000035762787,4.0,-3.2078716143835724,-0.3400000035762787,-21.473158119995553,0.0
879,21.975,1.7576005610185198e+18,2.6804460564146284,-2.003521738208175,1.0877906377423923,-0.030205536886848777,5.748214377416754,-1.2991518786499958,2.0088532024130377,-0.579362489507949,-0.3400000035762787,4.0,-2.9122093622576077,4.0,-2.9618127687120985,-0.3400000035762787,4.0,-3.0181355297416355,-0.3400000035762787,4.0,-3.0801527023330544,-0.3400000035762787,4.0,-3.1446871180124933,-0.3400000035762787,-23.932759377171223,0.0
880,22.0,1.7576005610435197e+18,2.7080864701657887,-2.016873174553641,1.1326312954511346,-0.0022787730534983425,5.71201455227288,-1.359359730559342,2.092966843253821,-1.1391967595151724,-0.3400000035762787,4.0,-2.8673687045488654,4.0,-2.9122093622576077,-0.3400000035762787,4.0,-2.9618127687120985,-0.3400000035762787,4.0,-3.0181355297416355,-0.3400000035762787,4.0,-3.0801527023330544,-0.3400000035762787,-26.35585745269444,0.0
881,22.025000000000002,1.7576005610685197e+18,2.7340715996686624,-2.0360261748217483,1.177376957577825,0.02366561866796149,5.6817484068839885,-1.4153742100763058,2.298269928176136,-1.604103130660536,-0.3400000035762787,4.0,-2.822623042422175,4.0,-2.8673687045488654,-0.3400000035762787,4.0,-2.9122093622576077,-0.3400000035762787,4.0,-2.9618127687120985,-0.3400000035762787,4.0,-3.0181355297416355,-0.3400000035762787,-28.744001268810656,0.0
882,22.05,1.75760056109352e+18,2.767662108945941,-2.055650043030348,1.2278364651023792,0.044754102610119285,5.63792214218459,-1.4727240688346397,2.5632357957070835,-1.6454322365522047,-0.3400000035762787,4.0,-2.772163534897621,4.0,-2.822623042422175,-0.3400000035762787,4.0,-2.8673687045488654,-0.3400000035762787,4.0,-2.9122093622576077,-0.3400000035762787,4.0,-2.9618127687120985,-0.3400000035762787,-31.092524922045165,0.0
883,22.075000000000003,1.7576005611185198e+18,2.795168810749836,-2.0796828964874647,1.288340632442262,0.06028788830865655,5.606007006048033,-1.536207553399243,2.7670772923309785,-0.9135428112268769,-0.3400000035762787,4.0,-2.711659367557738,4.0,-2.772163534897621,-0.3400000035762787,4.0,-2.822623042422175,-0.3400000035762787,4.0,-2.8673687045488654,-0.3400000035762787,4.0,-2.9122093622576077,-0.3400000035762787,-33.39211728777885,0.0
884,22.1,1.7576005611435197e+18,2.815678648770467,-2.092898675317988,1.3588622884454455,0.0713019605693504,5.577948961125907,-1.6081827590773794,2.757883821565603,0.842384043869942,-0.3400000035762787,4.0,-2.6411377115545545,4.0,-2.711659367557738,-0.3400000035762787,4.0,-2.772163534897621,-0.3400000035762787,4.0,-2.822623042422175,-0.3400000035762787,4.0,-2.8673687045488654,-0.3400000035762787,-35.63349063977092,0.0
885,22.125,1.7576005611685197e+18,2.855353702394964,-2.13170724696601,1.4330572279273746,0.07954096952215646,5.523312861698481,-1.686442252031925,2.39734579686923,3.6538263008552034,-0.3400000035762787,4.0,-2.5669427720726254,4.0,-2.6411377115545545,-0.3400000035762787,4.0,-2.711659367557738,-0.3400000035762787,4.0,-2.772163534897621,-0.3400000035762787,4.0,-2.822623042422175,-0.3400000035762787,-37.814150050343095,0.0
886,22.150000000000002,1.7576005611935196e+18,2.8765403757007344,-2.1469547976903463,1.498375338900348,0.08641980145833968,5.492581145553331,-1.7626382190521037,1.608247745106446,7.2689745443480245,-0.3400000035762787,4.0,-2.501624661099652,4.0,-2.5669427720726254,-0.3400000035762787,4.0,-2.6411377115545545,-0.3400000035762787,4.0,-2.711659367557738,-0.3400000035762787,4.0,-2.772163534897621,-0.3400000035762787,-39.94494113425333,0.0
887,22.175,1.7576005612185198e+18,2.919052400416499,-2.1895161291014444,1.538773172456962,0.09251041764779581,5.4393801515584945,-1.8224855590635436,0.4084288996212914,11.193190268977583,18.8043155670166,0.0,1.538773172456962,4.0,-2.501624661099652,-0.3400000035762787,4.0,-2.5669427720726254,-0.3400000035762787,4.0,-2.6411377115545545,-0.3400000035762787,4.0,-2.711659367557738,-0.3400000035762787,-38.053358935000595,0.0
888,22.200000000000003,1.7576005612435197e+18,2.942936624738857,-2.2087304709936766,1.5394581760504427,0.09777441157224213,5.404790861522383,-1.8483908694216866,-1.0816261427148945,14.835113355720333,18.8043155670166,0.0,1.5394581760504427,0.0,1.538773172456962,18.8043155670166,4.0,-2.501624661099652,-0.3400000035762787,4.0,-2.5669427720726254,-0.3400000035762787,4.0,-2.6411377115545545,-0.3400000035762787,-36.18117651151116,0.0
889,22.225,1.7576005612685197e+18,2.99378646483203,-2.270529217087387,1.4919564065983464,0.10227413885666023,5.32741901976291,-1.8239050138553676,-2.6618590326395988,17.6977972687129,18.934314727783203,0.0,1.4919564065983464,0.0,1.5394581760504427,18.8043155670166,0.0,1.538773172456962,18.8043155670166,4.0,-2.501624661099652,-0.3400000035762787,4.0,-2.5669427720726254,-0.3400000035762787,-34.37597538264014,0.0
890,22.25,1.75760056129352e+18,3.016192575419701,-2.3098020710204685,1.3973181693031262,0.10672689521203706,5.286585533178404,-1.7383053897533356,-4.100095578866867,19.524829961240652,18.934314727783203,0.0,1.3973181693031262,0.0,1.4919564065983464,18.934314727783203,0.0,1.5394581760504427,18.8043155670166,0.0,1.538773172456962,18.8043155670166,4.0,-2.501624661099652,-0.3400000035762787,-32.67893810116356,0.0
891,22.275000000000002,1.7576005613185198e+18,3.035415349472476,-2.340994859893824,1.2659666404104661,0.11232719058941368,5.228005018369828,-1.5894907999766603,-5.189110336164267,20.34082245460015,19.06431579589844,0.0,1.2659666404104661,0.0,1.3973181693031262,18.934314727783203,0.0,1.4919564065983464,18.934314727783203,0.0,1.5394581760504427,18.8043155670166,0.0,1.538773172456962,18.8043155670166,-35.11332283509306,0.0
892,22.3,1.7576005613435197e+18,3.048167861555899,-2.358696973304482,1.1143037799093627,0.11980340048405425,5.1974626837204685,-1.3842868727799533,-5.795440248849758,20.387642441641106,19.06431579589844,0.0,1.1143037799093627,0.0,1.2659666404104661,19.06431579589844,0.0,1.3973181693031262,18.934314727783203,0.0,1.4919564065983464,18.934314727783203,0.0,1.5394581760504427,18.8043155670166,-37.67803398223362,0.0
893,22.325000000000003,1.7576005613685197e+18,3.0688728438715662,-2.3959657949040998,0.9597197539396103,0.12832354132005971,5.169583647173814,-1.1365350727167345,-5.885558963960145,20.00458680616632,19.19431495666504,0.0,0.9597197539396103,0.0,1.1143037799093627,19.06431579589844,0.0,1.2659666404104661,19.06431579589844,0.0,1.3973181693031262,18.934314727783203,0.0,1.4919564065983464,18.934314727783203,-40.34849183632319,0.0
894,22.35,1.7576005613935196e+18,3.085684805201194,-2.4224360045570865,0.8161646489432519,0.13510553304862868,5.12773142723792,-0.8641427525078532,-5.523432992837271,19.510251137410567,19.19431495666504,0.0,0.8161646489432519,0.0,0.9597197539396103,19.19431495666504,0.0,1.1143037799093627,19.06431579589844,0.0,1.2659666404104661,19.06431579589844,0.0,1.3973181693031262,18.934314727783203,-43.08381765663561,0.0
895,22.375,1.7576005614185198e+18,3.110943399422372,-2.4632435142316838,0.6917961843484658,0.13623192302937864,5.115059494922795,-0.5862133275942548,-4.84329102212013,19.12552374594368,19.324316024780277,0.0,0.6917961843484658,0.0,0.8161646489432519,19.19431495666504,0.0,0.9597197539396103,19.19431495666504,0.0,1.1143037799093627,19.06431579589844,0.0,1.2659666404104661,19.06431579589844,-45.83690025537341,0.0
896,22.400000000000002,1.7576005614435197e+18,3.125998999813012,-2.4890930133098297,0.5890055887547199,0.12844939706571668,5.103960403250505,-0.3207407823036573,-4.008830864971496,18.94992061424794,19.324316024780277,0.0,0.5890055887547199,0.0,0.6917961843484658,19.324316024780277,0.0,0.8161646489432519,19.19431495666504,0.0,0.9597197539396103,19.19431495666504,0.0,1.1143037799093627,19.06431579589844,-48.56332345289904,0.0
897,22.425,1.7576005614685197e+18,3.1436562481224155,-2.5197701307213034,0.5060900864193901,0.11104963678117864,5.076179802420341,-0.08283372215383628,-3.1726238954377357,18.981277109369085,19.454315185546875,0.0,0.5060900864193901,0.0,0.5890055887547199,19.324316024780277,0.0,0.6917961843484658,19.324316024780277,0.0,0.8161646489432519,19.19431495666504,0.0,0.9597197539396103,19.19431495666504,-51.22641170731242,0.0
898,22.450000000000003,1.75760056149352e+18,3.1323836875269464,-2.533802472481552,0.4394263618097629,0.08668257403338071,5.096678151440317,0.1165643806784528,-2.446949685010373,19.157675520805796,19.454315185546875,0.0,0.4394263618097629,0.0,0.5060900864193901,19.454315185546875,0.0,0.5890055887547199,19.324316024780277,0.0,0.6917961843484658,19.324316024780277,0.0,0.8161646489432519,19.19431495666504,-53.79785717578972,0.0
899,22.475,1.7576005615185198e+18,3.1444108460867204,-2.554004309124253,0.38519750268252445,0.06043712109050622,5.086378871746349,0.2712696725520656,-1.8914935622062596,19.400293776710033,19.58431434631348,0.0,0.38519750268252445,0.0,0.4394263618097629,19.454315185546875,0.0,0.5060900864193901,19.454315185546875,0.0,0.5890055887547199,19.324316024780277,0.0,0.6917961843484658,19.324316024780277,-56.25535121370373,0.0
900,22.5,1.7576005615435197e+18,3.153678164912062,-2.560203108018741,0.3402433583598429,0.037589995953393344,5.115426668122071,0.3796590876869767,-1.5169821475986658,19.642928824834623,19.58431434631348,0.0,0.3402433583598429,0.0,0.38519750268252445,19.58431434631348,0.0,0.4394263618097629,19.454315185546875,0.0,0.5060900864193901,19.454315185546875,0.0,0.5890055887547199,19.324316024780277,-58.57954831104542,0.0
901,22.525000000000002,1.7576005615685197e+18,3.161441077330397,-2.5769379976507105,0.302133860500841,0.02133413906531219,5.123098551728052,0.44393381895089745,-1.2992867008858946,19.84357228920213,19.71431541442871,0.0,0.302133860500841,0.0,0.3402433583598429,19.58431434631348,0.0,0.38519750268252445,19.58431434631348,0.0,0.4394263618097629,19.454315185546875,0.0,0.5060900864193901,19.454315185546875,-60.752311225609745,0.0
902,22.55,1.7576005615935196e+18,3.166109255055791,-2.5904607119947496,0.2688858266221761,0.011803218398336418,5.139583229579119,0.46926375047308705,-1.1969467788769594,19.981661425644127,19.71431541442871,0.0,0.2688858266221761,0.0,0.302133860500841,19.71431541442871,0.0,0.3402433583598429,19.58431434631348,0.0,0.38519750268252445,19.58431434631348,0.0,0.4394263618097629,19.454315185546875,-62.756936838072534,0.0
903,22.575000000000003,1.7576005616185198e+18,3.1714333020645613,-2.6019460261027176,0.23873988180060166,0.006799513088708143,5.146640032253742,0.4629993005413463,-1.1662259032364257,20.04918583960743,19.844314575195312,0.0,0.23873988180060166,0.0,0.2688858266221761,19.71431541442871,0.0,0.302133860500841,19.71431541442871,0.0,0.3402433583598429,19.58431434631348,0.0,0.38519750268252445,19.58431434631348,-64.57982511859068,0.0
904,22.6,1.7576005616435197e+18,3.180328060475157,-2.6168725728867144,0.21016181331518502,0.0035445863109928146,5.169909822408378,0.433829080614164,-1.1705291082750893,20.044091789710023,19.844314575195312,0.0,0.21016181331518502,0.0,0.23873988180060166,19.844314575195312,0.0,0.2688858266221761,19.71431541442871,0.0,0.302133860500841,19.71431541442871,0.0,0.3402433583598429,19.58431434631348,-66.21253142208141,0.0
905,22.625,1.7576005616685197e+18,3.1859805834544885,-2.6286553342937906,0.18198189794909325,0.0002928035330950183,5.179500245191111,0.39072237781127145,-1.1838777204784807,19.971117241036406,19.974315643310547,0.0,0.18198189794909325,0.0,0.21016181331518502,19.844314575195312,0.0,0.23873988180060166,19.844314575195312,0.0,0.2688858266221761,19.71431541442871,0.0,0.302133860500841,19.71431541442871,-67.65332209293712,0.0
906,22.650000000000002,1.75760056169352e+18,3.1764929577578758,-2.61438044741306,0.15352260245437693,-0.00301652211856227,5.190066417390924,0.34172048961626494,-1.1901111428180575,19.849881273104724,19.974315643310547,0.0,0.15352260245437693,0.0,0.18198189794909325,19.974315643310547,0.0,0.21016181331518502,19.844314575195312,0.0,0.23873988180060166,19.844314575195312,0.0,0.2688858266221761,19.71431541442871,-68.90776740614885,0.0
907,22.675,1.7576005617185198e+18,3.179843770506261,-2.621277794226618,0.12463949653917739,-0.005165931689222292,5.199072452597565,0.2928822215789871,-1.1801806172009908,19.724717315347014,20.10431480407715,0.0,0.12463949653917739,0.0,0.15352260245437693,19.974315643310547,0.0,0.18198189794909325,19.974315643310547,0.0,0.21016181331518502,19.844314575195312,0.0,0.23873988180060166,19.844314575195312,-69.9882558603922,0.0
908,22.700000000000003,1.7576005617435197e+18,3.183327551758039,-2.626081668284292,0.09566379497136217,-0.00466772313314739,5.20325303363719,0.2477314753980696,-1.1495125159096309,19.66739821168281,20.10431480407715,0.0,0.09566379497136217,0.0,0.12463949653917739,20.10431480407715,0.0,0.15352260245437693,19.974315643310547,0.0,0.18198189794909325,19.974315643310547,0.0,0.21016181331518502,19.844314575195312,-70.91259920928327,0.0
909,22.725,1.7576005617685197e+18,3.1859723058559832,-2.6313601877667327,0.06725319663191334,-0.0007650881042638491,5.2103312482374085,0.20737342876797665,-1.096462330908777,19.764223407495706,20.234315872192383,0.0,0.06725319663191334,0.0,0.09566379497136217,20.10431480407715,0.0,0.12463949653917739,20.10431480407715,0.0,0.15352260245437693,19.974315643310547,0.0,0.18198189794909325,19.974315643310547,-71.70211209560662,0.0
910,22.75,1.7576005617935196e+18,3.185398549072349,-2.6271162242737987,0.040183881150455465,0.006022151991494127,5.215563203242427,0.1711765995772149,-1.0218921843275286,20.08375746344464,20.234315872192383,0.0,0.040183881150455465,0.0,0.06725319663191334,20.234315872192383,0.0,0.09566379497136217,20.10431480407715,0.0,0.12463949653917739,20.10431480407715,0.0,0.15352260245437693,19.974315643310547,-72.37958848139107,0.0
911,22.775000000000002,1.7576005618185198e+18,3.183974031459039,-2.625100734452377,0.01515305819240638,0.01396972705519711,5.215774288602338,0.13772638205282806,-0.929247719445331,20.630253913057494,20.364315032958984,0.0,0.01515305819240638,0.0,0.040183881150455465,20.234315872192383,0.0,0.06725319663191334,20.234315872192383,0.0,0.09566379497136217,20.10431480407715,0.0,0.12463949653917739,20.10431480407715,-72.967453881279,0.0
912,22.8,1.7576005618435197e+18,3.1850746572176973,-2.6272003425978765,-0.007339062854698838,0.020730058573961235,5.221415780135546,0.10572154417559934,-0.8243137645319782,21.298063318857707,20.364315032958984,0.0,-0.007339062854698838,0.0,0.01515305819240638,20.364315032958984,0.0,0.040183881150455465,20.234315872192383,0.0,0.06725319663191334,20.234315872192383,0.0,0.09566379497136217,20.10431480407715,-73.48620460653865,0.0
913,22.825000000000003,1.7576005618685197e+18,3.189526977874878,-2.628337337221109,-0.027005058019902637,0.024147624545608044,5.221738095907647,0.07457153585612977,-0.7140346761159291,21.84992204446457,20.49431610107422,0.0,-0.027005058019902637,0.0,-0.007339062854698838,20.364315032958984,0.0,0.01515305819240638,20.364315032958984,0.0,0.040183881150455465,20.234315872192383,0.0,0.06725319663191334,20.234315872192383,-73.95318745478501,0.0
914,22.85,1.75760056189352e+18,3.1908123141803704,-2.630781581058256,-0.04370990109078313,0.022997986138669563,5.225693298375649,0.0445704566086493,-0.6042438933035529,21.941885240132297,20.49431610107422,0.0,-0.04370990109078313,0.0,-0.027005058019902637,20.49431610107422,0.0,-0.007339062854698838,20.364315032958984,0.0,0.01515305819240638,20.364315032958984,0.0,0.040183881150455465,20.234315872192383,-74.3818046291918,0.0
915,22.875,1.7576005619185198e+18,3.189485363004789,-2.63239715211278,-0.05737835990283089,0.017401146288508564,5.223481659076481,0.016645142100914008,-0.4966919198941613,21.205797134409046,20.62431526184082,0.0,-0.05737835990283089,0.0,-0.04370990109078313,20.49431610107422,0.0,-0.027005058019902637,20.49431610107422,0.0,-0.007339062854698838,20.364315032958984,0.0,0.01515305819240638,20.364315032958984,-74.78124159843755,0.0
916,22.900000000000002,1.7576005619435197e+18,3.190632115315896,-2.6345719483867773,-0.06790420328938,0.008784772638523234,5.224062831741372,-0.00816953714635755,-0.38624374400687306,19.37637889208535,20.62431526184082,0.0,-0.06790420328938,0.0,-0.05737835990283089,20.62431526184082,0.0,-0.04370990109078313,20.49431610107422,0.0,-0.027005058019902637,20.49431610107422,0.0,-0.007339062854698838,20.364315032958984,-75.15674129864765,0.0
917,22.925,1.7576005619685197e+18,3.192012738070765,-2.634899795463703,-0.07507076844572895,-0.0005674667717784068,5.223622957208804,-0.029226825157097958,-0.25939927531843004,16.420699443538435,20.754314422607425,0.0,-0.07507076844572895,0.0,-0.06790420328938,20.62431526184082,0.0,-0.05737835990283089,20.62431526184082,0.0,-0.04370990109078313,20.49431610107422,0.0,-0.027005058019902637,20.49431610107422,-75.5102978082682,0.0
918,22.950000000000003,1.7576005619935196e+18,3.193086962858758,-2.6367750876331426,-0.07846216735145617,-0.008211380886185178,5.223269608156702,-0.04641493498294773,-0.09524471188948545,12.607897466758502,20.754314422607425,0.0,-0.07846216735145617,0.0,-0.07507076844572895,20.754314422607425,0.0,-0.06790420328938,20.62431526184082,0.0,-0.05737835990283089,20.62431526184082,0.0,-0.04370990109078313,20.49431610107422,-75.84148094210215,0.0
919,22.975,1.7576005620185198e+18,3.186071990485619,-2.628344203457959,-0.0773326845790742,-0.012257041889893608,5.220526266644282,-0.059789454686728145,0.130524842819364,8.467061239427357,0.3400000035762787,4.0,-4.0773326845790745,0.0,-0.07846216735145617,20.754314422607425,0.0,-0.07507076844572895,20.754314422607425,0.0,-0.06790420328938,20.62431526184082,0.0,-0.05737835990283089,20.62431526184082,-80.1480199603416,0.0
920,23.0,1.7576005620435197e+18,3.185404574076564,-2.627183262494918,-0.07044201925221961,-0.01190992189744008,5.218983257242213,-0.06878332425112146,0.4387529743037053,4.631354469058383,0.3400000035762787,4.0,-4.070442019252219,4.0,-4.0773326845790745,0.3400000035762787,0.0,-0.07846216735145617,20.754314422607425,0.0,-0.07507076844572895,20.754314422607425,0.0,-0.06790420328938,20.62431526184082,-84.42585960918406,0.0
921,23.025000000000002,1.7576005620685197e+18,3.186186351069705,-2.6279925329077702,-0.055948007357853206,-0.007714555543275807,5.2169403029720565,-0.07134811018845011,0.8384991188811739,1.6331895785281807,0.3400000035762787,4.0,-4.055948007357853,4.0,-4.070442019252219,0.3400000035762787,4.0,-4.0773326845790745,0.3400000035762787,0.0,-0.07846216735145617,20.754314422607425,0.0,-0.07507076844572895,20.754314422607425,-88.66868448156043,0.0
922,23.05,1.75760056209352e+18,3.185930386657975,-2.6275528140458717,-0.031510169201909334,-0.0014377754662518113,5.215034052895055,-0.06354027699145502,1.3195981460791992,-0.25285555629127326,0.3400000035762787,4.0,-4.031510169201909,4.0,-4.055948007357853,0.3400000035762787,4.0,-4.070442019252219,0.3400000035762787,4.0,-4.0773326845790745,0.3400000035762787,0.0,-0.07846216735145617,20.754314422607425,-92.867286646946,0.0
923,23.075000000000003,1.7576005621185198e+18,3.1897229959746456,-2.631885618617541,0.005270459242663889,0.004415825918546936,5.2161232173037595,-0.039985507753043326,1.8488726256556183,-1.0540283055133108,0.3400000035762787,4.0,-3.994729540757336,4.0,-4.031510169201909,0.3400000035762787,4.0,-4.055948007357853,0.3400000035762787,4.0,-4.070442019252219,0.3400000035762787,4.0,-4.0773326845790745,0.3400000035762787,-97.0094102552774,0.0
924,23.1,1.7576005621435197e+18,3.190926042562878,-2.6340722167409587,0.05607888161554299,0.00737105643622666,5.215075725656945,0.004727177243061969,2.372254244963235,-1.0313843366868185,0.3400000035762787,4.0,-3.943921118384457,4.0,-3.994729540757336,0.3400000035762787,4.0,-4.031510169201909,0.3400000035762787,4.0,-4.055948007357853,0.3400000035762787,4.0,-4.070442019252219,0.3400000035762787,-101.0806507991217,0.0
925,23.125,1.7576005621685197e+18,3.193223133573648,-2.6370989341799964,0.12097677328698277,0.00581605413414589,5.214982657706435,0.07419598649939367,2.8235761985369767,-0.5511337576805615,0.3400000035762787,4.0,-3.8790232267130174,4.0,-3.943921118384457,0.3400000035762787,4.0,-3.994729540757336,0.3400000035762787,4.0,-4.031510169201909,0.3400000035762787,4.0,-4.055948007357853,0.3400000035762787,-105.06658578036267,0.0
926,23.150000000000002,1.7576005621935196e+18,3.192000971695752,-2.637838982218176,0.1977293632911532,-0.0003987816957650735,5.2133465814379605,0.1687140553567673,3.138692658897287,0.04283705217001331,0.3400000035762787,4.0,-3.8022706367088466,4.0,-3.8790232267130174,0.3400000035762787,4.0,-3.943921118384457,0.3400000035762787,4.0,-3.994729540757336,0.3400000035762787,4.0,-4.031510169201909,0.3400000035762787,-108.95572605604282,0.0
927,23.175,1.7576005622185198e+18,3.1936466741075247,-2.640824309652225,0.2817788402098578,-0.009851954579583442,5.212981817258321,0.2848149630644033,3.2715788119512355,0.5128428938104254,0.3400000035762787,4.0,-3.7182211597901422,4.0,-3.8022706367088466,0.3400000035762787,4.0,-3.8790232267130174,0.3400000035762787,4.0,-3.943921118384457,0.3400000035762787,4.0,-3.994729540757336,0.3400000035762787,-112.74237152171715,0.0
928,23.200000000000003,1.7576005622435197e+18,3.189006306080556,-2.634708114850657,0.36706943085470983,-0.02001527196853491,5.225973862605541,0.415987476633946,3.2079544528791764,0.7541278515353188,0.3400000035762787,4.0,-3.63293056914529,4.0,-3.7182211597901422,0.3400000035762787,4.0,-3.8022706367088466,0.3400000035762787,4.0,-3.8790232267130174,0.3400000035762787,4.0,-3.943921118384457,0.3400000035762787,-116.42829529709081,0.0
929,23.225,1.7576005622685197e+18,3.190706325832669,-2.637865718439352,0.447541411221411,-0.028165618156595792,5.230690680657034,0.5541414548229389,2.972265147957157,0.7744625217303319,0.3400000035762787,4.0,-3.552458588778589,4.0,-3.63293056914529,0.3400000035762787,4.0,-3.7182211597901422,0.3400000035762787,4.0,-3.8022706367088466,0.3400000035762787,4.0,-3.8790232267130174,0.3400000035762787,-120.02249665495277,0.0
930,23.25,1.75760056229352e+18,3.189866530498138,-2.643886845541247,0.5187604241941922,-0.032452555249802874,5.257734841119212,0.6912404968260214,2.625519201946433,0.6485283018432801,0.3400000035762787,4.0,-3.481239575805808,4.0,-3.552458588778589,0.3400000035762787,4.0,-3.63293056914529,0.3400000035762787,4.0,-3.7182211597901422,0.3400000035762787,4.0,-3.8022706367088466,0.3400000035762787,-123.53895564459991,0.0
931,23.275000000000002,1.7576005623185198e+18,3.195739359428699,-2.653933940208314,0.5790476544592078,-0.032740936571307014,5.277085169069629,0.8206927889080886,2.2539424100703527,0.4694917897684567,0.3400000035762787,4.0,-3.420952345540792,4.0,-3.481239575805808,0.3400000035762787,4.0,-3.552458588778589,0.3400000035762787,4.0,-3.63293056914529,0.3400000035762787,4.0,-3.7182211597901422,0.3400000035762787,-126.99308658855841,0.0
932,23.3,1.7576005623435197e+18,3.2058415788062287,-2.669886079395428,0.6296964710999814,-0.030857837036181623,5.295789703497823,0.9383050180008815,1.9508218794737517,0.3132374944223635,0.3400000035762787,4.0,-3.3703035289000187,4.0,-3.420952345540792,0.3400000035762787,4.0,-3.481239575805808,0.3400000035762787,4.0,-3.552458588778589,0.3400000035762787,4.0,-3.63293056914529,0.3400000035762787,-130.39804995689707,0.0
933,23.325000000000003,1.7576005623685197e+18,3.209597322843878,-2.6757082038645192,0.6742948352083048,-0.030026042215008417,5.312844422245628,1.0427109890128767,1.795529899190098,0.2213176170319393,0.3400000035762787,4.0,-3.325705164791695,4.0,-3.3703035289000187,0.3400000035762787,4.0,-3.420952345540792,0.3400000035762787,4.0,-3.481239575805808,0.3400000035762787,4.0,-3.552458588778589,0.3400000035762787,-133.76200889532188,0.0
934,23.35,1.7576005623935196e+18,3.2210215577452512,-2.688828844273204,0.7175633532719808,-0.03358045899859234,5.342064102145053,1.1352611723815405,1.8342374194751039,0.2007246049461055,0.3400000035762787,4.0,-3.2824366467280193,4.0,-3.325705164791695,0.3400000035762787,4.0,-3.3703035289000187,0.3400000035762787,4.0,-3.420952345540792,0.3400000035762787,4.0,-3.481239575805808,0.3400000035762787,-137.08689152485627,0.0
935,23.375,1.7576005624185198e+18,3.225675498780918,-2.6956158742494702,0.7642152385156012,-0.04344989843980679,5.361120903314956,1.2194529166183723,2.066393040417566,0.23412618123315765,0.3400000035762787,4.0,-3.235784761484399,4.0,-3.2824366467280193,0.3400000035762787,4.0,-3.325705164791695,0.3400000035762787,4.0,-3.3703035289000187,0.3400000035762787,4.0,-3.420952345540792,0.3400000035762787,-140.3686058698836,0.0
936,23.400000000000002,1.7576005624435197e+18,3.2513478851589626,-2.736933592759802,0.818118972877528,-0.05912729756069462,5.409917930280802,1.3000390955665881,2.4400335277449994,0.29339915818685675,0.3400000035762787,4.0,-3.181881027122472,4.0,-3.235784761484399,0.3400000035762787,4.0,-3.2824366467280193,0.3400000035762787,4.0,-3.325705164791695,0.3400000035762787,4.0,-3.3703035289000187,0.3400000035762787,-143.5983107839748,0.0
937,23.425,1.7576005624685197e+18,3.2610813689747027,-2.751126251491976,0.8817143864789233,-0.07772014977929471,5.4380938785918325,1.3819247003480093,2.857685514515253,0.35108762933120446,0.3400000035762787,4.0,-3.118285613521077,4.0,-3.181881027122472,0.3400000035762787,4.0,-3.235784761484399,0.3400000035762787,4.0,-3.2824366467280193,0.3400000035762787,4.0,-3.325705164791695,0.3400000035762787,-146.76437166455358,0.0
938,23.450000000000003,1.75760056249352e+18,3.2759336065452023,-2.7740158214277244,0.9554561510151041,-0.09515345904130747,5.458067026961883,1.4688886683626974,3.1930282968848647,0.3872556563936951,0.3400000035762787,4.0,-3.0445438489848957,4.0,-3.118285613521077,0.3400000035762787,4.0,-3.181881027122472,0.3400000035762787,4.0,-3.235784761484399,0.3400000035762787,4.0,-3.2824366467280193,0.3400000035762787,-149.8548503500277,0.0
939,23.475,1.7576005625185198e+18,3.290990080114814,-2.7933566328404806,1.0371597168742768,-0.10797051291316247,5.498089652916367,1.5622015649798366,3.3164793430458177,0.39174964865497397,0.3400000035762787,4.0,-2.9628402831257232,4.0,-3.0445438489848957,0.3400000035762787,4.0,-3.118285613521077,0.3400000035762787,4.0,-3.181881027122472,0.3400000035762787,4.0,-3.235784761484399,0.3400000035762787,-152.8605112940092,0.0
940,23.5,1.7576005625435197e+18,3.3176369739200062,-2.8142647720112817,1.1214465476446975,-0.11482627516275129,5.564446177967827,1.6594405596235635,3.125482972044718,0.36333726425110746,0.3400000035762787,4.0,-2.8785534523553027,4.0,-2.9628402831257232,0.3400000035762787,4.0,-3.0445438489848957,0.3400000035762787,4.0,-3.118285613521077,0.3400000035762787,4.0,-3.181881027122472,0.3400000035762787,-155.7781626889703,0.0
941,23.525000000000002,1.7576005625685197e+18,3.3516117513201635,-2.8479719039791416,1.1997963610167064,-0.11691408590561633,5.62159298517723,1.754015293144376,2.5730405769177156,0.30741096333471574,0.3400000035762787,4.0,-2.8002036389832936,4.0,-2.8785534523553027,0.3400000035762787,4.0,-2.9628402831257232,0.3400000035762787,4.0,-3.0445438489848957,0.3400000035762787,4.0,-3.118285613521077,0.3400000035762787,-158.61371147950712,0.0
942,23.55,1.7576005625935196e+18,3.358761444848329,-2.855380391322366,1.2617225864464006,-0.1171425447474384,5.638056974845324,1.8357642657303774,1.6868740535243312,0.2333453596404733,0.3400000035762787,4.0,-2.7382774135535994,4.0,-2.8002036389832936,0.3400000035762787,4.0,-2.8785534523553027,0.3400000035762787,4.0,-2.9628402831257232,0.3400000035762787,4.0,-3.0445438489848957,0.3400000035762787,-161.38387791212344,0.0
943,23.575000000000003,1.7576005626185198e+18,3.4115191948013197,-2.896931525967537,1.2971684062860167,-0.11855316755160084,5.727288125731416,1.892501091019763,0.5725512429802688,0.1518838056587548,0.0482838861644268,0.8991504907608032,0.3980179155252135,4.0,-2.7382774135535994,0.3400000035762787,4.0,-2.8002036389832936,0.3400000035762787,4.0,-2.8785534523553027,0.3400000035762787,4.0,-2.9628402831257232,0.3400000035762787,-161.01462373916843,0.0
944,23.6,1.7576005626435197e+18,3.4115191948013197,-2.896931525967537,1.2995428718776858,-0.12282200007841704,5.727288125731416,1.912007403552903,-0.6026727774207952,0.07268880767663503,0.0482838861644268,0.8991504907608032,0.4003923811168826,0.8991504907608032,0.3980179155252135,0.0482838861644268,4.0,-2.7382774135535994,0.3400000035762787,4.0,-2.8002036389832936,0.3400000035762787,4.0,-2.8785534523553027,0.3400000035762787,-160.640024632078,0.0
945,23.625,1.7576005626685197e+18,3.450133302196837,-2.920144210044752,1.2682698335758127,-0.12952527443356066,5.779856627949983,1.8839391709344948,-1.6432660593461674,0.0024373016415400878,-0.0266287792474031,0.9991502165794371,0.26911961699637554,0.8991504907608032,0.4003923811168826,0.0482838861644268,0.8991504907608032,0.3980179155252135,0.0482838861644268,4.0,-2.7382774135535994,0.3400000035762787,4.0,-2.8002036389832936,0.3400000035762787,-160.39365211993587,0.0
946,23.650000000000002,1.75760056269352e+18,3.478035209356312,-2.9411300493914903,1.209711286787976,-0.13635026592211683,5.831565394640862,1.801316744093667,-2.368552726745715,-0.0559733329635089,-0.0266287792474031,0.9991502165794371,0.21056107020853887,0.9991502165794371,0.26911961699637554,-0.0266287792474031,0.8991504907608032,0.4003923811168826,0.0482838861644268,0.8991504907608032,0.3980179155252135,0.0482838861644268,4.0,-2.7382774135535994,0.3400000035762787,-160.2025926005499,0.0
947,23.675,1.7576005627185198e+18,3.504949969151029,-2.9504611705909034,1.135963421706482,-0.13997554364526174,5.864339160167544,1.661501007124568,-2.6543673490744153,-0.10285899856912098,-0.0984300151467323,1.0991500616073608,0.03681336009912117,0.9991502165794371,0.21056107020853887,-0.0266287792474031,0.9991502165794371,0.26911961699637554,-0.0266287792474031,0.8991504907608032,0.4003923811168826,0.0482838861644268,0.8991504907608032,0.3980179155252135,0.0482838861644268,-160.18192551740063,0.0
948,23.700000000000003,1.7576005627435197e+18,3.530702626838009,-2.9664266972781403,1.0619489128278004,-0.13720232437840219,5.9124208418535575,1.4667079176399986,-2.461741371712162,-0.14019582021677796,-0.0984300151467323,1.0991500616073608,-0.03720114877956049,1.0991500616073608,0.03681336009912117,-0.0984300151467323,0.9991502165794371,0.21056107020853887,-0.0266287792474031,0.9991502165794371,0.26911961699637554,-0.0266287792474031,0.8991504907608032,0.4003923811168826,0.0482838861644268,-160.23212467135218,0.0
949,23.725,1.7576005627685197e+18,3.574999504806689,-2.9864816872781965,1.0018718270519205,-0.12606021750650537,5.959521624831908,1.224130113978357,-1.8445717788106741,-0.16986666664139374,-0.1787529438734054,1.1991499662399292,-0.19727813918800874,1.0991500616073608,-0.03720114877956049,-0.0984300151467323,1.0991500616073608,0.03681336009912117,-0.0984300151467323,0.9991502165794371,0.21056107020853887,-0.0266287792474031,0.9991502165794371,0.26911961699637554,-0.0266287792474031,-160.4399159064348,0.0
950,23.75,1.7576005627935196e+18,3.5993779100847667,-2.998918303319951,0.9661644945213326,-0.10674349914418185,6.001239825152022,0.945621459295911,-0.9343198631573344,-0.19244628667409383,-0.1787529438734054,1.1991499662399292,-0.23298547171859663,1.1991499662399292,-0.19727813918800874,-0.1787529438734054,1.0991500616073608,-0.03720114877956049,-0.0984300151467323,1.0991500616073608,0.03681336009912117,-0.0984300151467323,0.9991502165794371,0.21056107020853887,-0.0266287792474031,-160.68202295033927,0.0
951,23.775000000000002,1.7576005628185198e+18,3.638923024791143,-3.0067552734790457,0.9596793468932707,-0.0821367367143638,6.00366066353073,0.6467595866988427,0.09351628735671803,-0.2068881621439528,-0.2209009677171707,1.299149751663208,-0.3394704047699373,1.1991499662399292,-0.23298547171859663,-0.1787529438734054,1.1991499662399292,-0.19727813918800874,-0.1787529438734054,1.0991500616073608,-0.03720114877956049,-0.0984300151467323,1.0991500616073608,0.03681336009912117,-0.0984300151467323,-161.03052176190542,0.0
952,23.8,1.7576005628435197e+18,3.660151408023794,-3.0146882948889973,0.9813920756151935,-0.05752217893478028,6.02432996339031,0.3451208952013849,1.0613515505577975,-0.21104137135766357,-0.2209009677171707,1.299149751663208,-0.3177576760480145,1.299149751663208,-0.3394704047699373,-0.2209009677171707,1.1991499662399292,-0.23298547171859663,-0.1787529438734054,1.1991499662399292,-0.19727813918800874,-0.1787529438734054,1.0991500616073608,-0.03720114877956049,-0.0984300151467323,-161.35831979421008,0.0
953,23.825000000000003,1.7576005628685197e+18,3.723531413400012,-3.028751732205796,1.0254969367981603,-0.039196915523906244,6.037555124119129,0.05793170784344236,1.828234188934021,-0.202634455297571,-0.1998158991336822,1.3991495370864868,-0.3736526002883265,1.299149751663208,-0.3177576760480145,-0.2209009677171707,1.299149751663208,-0.3394704047699373,-0.2209009677171707,1.1991499662399292,-0.23298547171859663,-0.1787529438734054,1.1991499662399292,-0.19727813918800874,-0.1787529438734054,-161.74345553143118,0.0
954,23.85,1.75760056289352e+18,3.726178951796684,-3.028059458621798,1.0834967394997048,-0.03226376697759416,6.018149787681125,-0.20022750828343838,2.3154592612888947,-0.18028410371887207,-0.1998158991336822,1.3991495370864868,-0.315652797586782,1.3991495370864868,-0.3736526002883265,-0.1998158991336822,1.299149751663208,-0.3177576760480145,-0.2209009677171707,1.299149751663208,-0.3394704047699373,-0.2209009677171707,1.1991499662399292,-0.23298547171859663,-0.1787529438734054,-162.07138298613634,0.0
955,23.875,1.7576005629185198e+18,3.749241274384108,-3.0350508310613016,1.146662497081869,-0.038455783482876205,6.02084406722741,-0.4187682775024625,2.513780706482738,-0.1441779357234691,-0.1266011595726013,1.4991490840911863,-0.35248658700931723,1.3991495370864868,-0.315652797586782,-0.1998158991336822,1.3991495370864868,-0.3736526002883265,-0.1998158991336822,1.299149751663208,-0.3177576760480145,-0.2209009677171707,1.299149751663208,-0.3394704047699373,-0.2209009677171707,-162.4350729096379,0.0
956,23.900000000000002,1.7576005629435197e+18,3.783515920124892,-3.048074794746669,1.208123104546295,-0.055046848037021784,6.005666631547084,-0.5910549809310125,2.472656028526572,-0.09625451233639762,-0.1266011595726013,1.4991490840911863,-0.2910259795448913,1.4991490840911863,-0.35248658700931723,-0.1266011595726013,1.3991495370864868,-0.315652797586782,-0.1998158991336822,1.3991495370864868,-0.3736526002883265,-0.1998158991336822,1.299149751663208,-0.3177576760480145,-0.2209009677171707,-162.7335107717453,0.0
957,23.925,1.7576005629685197e+18,3.8083200325712103,-3.055182973996128,1.2639898259594051,-0.07550712953091018,6.001637525585731,-0.7133880839993658,2.2769357864279383,-0.03988427899263782,-0.0024407899472862,1.599146604537964,-0.33515677857855897,1.4991490840911863,-0.2910259795448913,-0.1266011595726013,1.4991490840911863,-0.35248658700931723,-0.1266011595726013,1.3991495370864868,-0.315652797586782,-0.1998158991336822,1.3991495370864868,-0.3736526002883265,-0.1998158991336822,-163.06967145884485,0.0
958,23.950000000000003,1.7576005629935196e+18,3.831671508603168,-3.0755584771435114,1.3133297645237476,-0.0917813481961308,5.965845427078552,-0.783876358295361,2.019166285937327,0.020799153060292532,-0.0024407899472862,1.599146604537964,-0.2858168400142165,1.599146604537964,-0.33515677857855897,-0.0024407899472862,1.4991490840911863,-0.2910259795448913,-0.1266011595726013,1.4991490840911863,-0.35248658700931723,-0.1266011595726013,1.3991495370864868,-0.315652797586782,-0.1998158991336822,-163.3490799863535,0.0
959,23.975,1.7576005630185198e+18,3.8547443795347167,-3.082111772102871,1.3572639791287813,-0.0972840677981092,5.952543508345689,-0.801807760276352,1.7756208788606187,0.08168314362586405,0.1130678504705429,1.6991230249404907,-0.34185904581170945,1.599146604537964,-0.2858168400142165,-0.0024407899472862,1.599146604537964,-0.33515677857855897,-0.0024407899472862,1.4991490840911863,-0.2910259795448913,-0.1266011595726013,1.4991490840911863,-0.35248658700931723,-0.1266011595726013,-159.67947030505735,0.0
960,24.0,1.7576005630435197e+18,3.889259905747096,-3.095757495096952,1.3977322007038042,-0.0892930429071147,5.923014182417526,-0.7675459189980268,1.5917254560178713,0.13934093267291697,0.1130678504705429,1.6991230249404907,-0.3013908242366865,1.6991230249404907,-0.34185904581170945,0.1130678504705429,1.599146604537964,-0.2858168400142165,-0.0024407899472862,1.599146604537964,-0.33515677857855897,-0.0024407899472862,1.4991490840911863,-0.2910259795448913,-0.1266011595726013,-155.9714664709908,0.0
961,24.025000000000002,1.7576005630685197e+18,3.917259440496926,-3.10435260102891,1.436446240060414,-0.06963999537553224,5.903819580137396,-0.6825947376749978,1.4788484543377969,0.19142362271870236,0.2155447155237198,1.7989927530288696,-0.3625465129684555,1.6991230249404907,-0.3013908242366865,0.1130678504705429,1.6991230249404907,-0.34185904581170945,0.1130678504705429,1.599146604537964,-0.2858168400142165,-0.0024407899472862,1.599146604537964,-0.33515677857855897,-0.0024407899472862,-152.33907037038247,0.0
962,24.05,1.75760056309352e+18,3.953382567880474,-3.1161145028661514,1.4743272560144336,-0.04343165111600089,5.884966942791753,-0.5494820892636725,1.4208660572243246,0.23674169621010846,0.2155447155237198,1.7989927530288696,-0.32466549701443603,1.7989927530288696,-0.3625465129684555,0.2155447155237198,1.6991230249404907,-0.3013908242366865,0.1130678504705429,1.6991230249404907,-0.34185904581170945,0.1130678504705429,1.599146604537964,-0.2858168400142165,-0.0024407899472862,-148.6998746937595,0.0
963,24.075000000000003,1.7576005631185198e+18,3.992872692600862,-3.1306286522468403,1.5114415418448137,-0.01657488115958416,5.86057585025625,-0.37143199163196966,1.3865694267729052,0.275094008241504,0.2904532849788666,1.8925877809524536,-0.3811462391076399,1.7989927530288696,-0.32466549701443603,0.2155447155237198,1.7989927530288696,-0.3625465129684555,0.2155447155237198,1.6991230249404907,-0.3013908242366865,0.1130678504705429,1.6991230249404907,-0.34185904581170945,0.1130678504705429,-145.1666319163782,0.0
964,24.1,1.7576005631435197e+18,4.03925420015232,-3.159367314304715,1.5472496008175693,0.006499117810070482,5.867769505820991,-0.15218910140327058,1.343300585959707,0.3069519534366514,0.2904532849788666,1.8925877809524536,-0.34533818013488427,1.8925877809524536,-0.3811462391076399,0.2904532849788666,1.7989927530288696,-0.32466549701443603,0.2155447155237198,1.7989927530288696,-0.3625465129684555,0.2155447155237198,1.6991230249404907,-0.3013908242366865,0.1130678504705429,-141.66376821974774,0.0
965,24.125,1.7576005631685197e+18,4.065277405054765,-3.170679032497944,1.580931980472937,0.023754363539697038,5.862639183746261,0.10351489114693459,1.2679784411991395,0.3331150699097657,0.3435361981391907,1.9218299388885496,-0.34089795841561266,1.8925877809524536,-0.34533818013488427,0.2904532849788666,1.8925877809524536,-0.3811462391076399,0.2904532849788666,1.7989927530288696,-0.32466549701443603,0.2155447155237198,1.7989927530288696,-0.3625465129684555,0.2155447155237198,-138.23434897119066,0.0
966,24.150000000000002,1.7576005631935196e+18,4.108935885738056,-3.185765263809833,1.6116427518952665,0.03490811545112601,5.870599698535121,0.3887436044375802,1.1532803558195153,0.35443320174506465,0.3435361981391907,1.9218299388885496,-0.31018718699328307,1.9218299388885496,-0.34089795841561266,0.3435361981391907,1.8925877809524536,-0.34533818013488427,0.2904532849788666,1.8925877809524536,-0.3811462391076399,0.2904532849788666,1.7989927530288696,-0.32466549701443603,0.2155447155237198,-134.8566917981887,0.0
967,24.175,1.7576005632185198e+18,4.1410378779816295,-3.200250870286596,1.6386834322421837,0.03999437144210323,5.871872312912637,0.6929747300636977,1.0084786453913857,0.37164969538629866,0.3790529370307922,1.990139126777649,-0.3514556945354652,1.9218299388885496,-0.31018718699328307,0.3435361981391907,1.9218299388885496,-0.34089795841561266,0.3435361981391907,1.8925877809524536,-0.34533818013488427,0.2904532849788666,1.8925877809524536,-0.3811462391076399,0.2904532849788666,-131.60018244455384,0.0
968,24.200000000000003,1.7576005632435197e+18,4.183050337698159,-3.2163720157173072,1.66167210881061,0.03824276355658683,5.896069889573685,1.001617199909664,0.8557972250547302,0.3853716287394086,0.3790529370307922,1.990139126777649,-0.32846701796703903,1.990139126777649,-0.3514556945354652,0.3790529370307922,1.9218299388885496,-0.31018718699328307,0.3435361981391907,1.9218299388885496,-0.34089795841561266,0.3435361981391907,1.8925877809524536,-0.34533818013488427,0.2904532849788666,-128.39276015209478,0.0
969,24.225,1.7576005632685197e+18,4.2122908842368005,-3.229737411947029,1.6807493644766551,0.028005476115910914,5.906547828936929,1.2973023848215093,0.7239528198816857,0.3961289317063428,0.4041371047496795,2.068556070327759,-0.38780670585110366,1.990139126777649,-0.32846701796703903,0.3790529370307922,1.990139126777649,-0.3514556945354652,0.3790529370307922,1.9218299388885496,-0.31018718699328307,0.3435361981391907,1.9218299388885496,-0.34089795841561266,0.3435361981391907,-125.30701063062344,0.0
970,24.25,1.75760056329352e+18,4.270676220529844,-3.245995208136457,1.6967641603632437,0.007735025030229745,5.953936772400443,1.5629577393544754,0.6408108108183367,0.40445468060983475,0.4041371047496795,2.068556070327759,-0.37179190996451505,2.068556070327759,-0.38780670585110366,0.4041371047496795,1.990139126777649,-0.32846701796703903,0.3790529370307922,1.990139126777649,-0.3514556945354652,0.3790529370307922,1.9218299388885496,-0.31018718699328307,0.3435361981391907,-122.25928635852051,0.0
971,24.275000000000002,1.7576005633185198e+18,4.331329223517945,-3.2647890234519665,1.7113169267367647,-0.02262099000879203,6.0174018053461715,1.7855813776366942,0.6269428900076054,0.41091326401416317,0.4149570763111114,2.166590452194214,-0.45527352545744915,2.068556070327759,-0.37179190996451505,0.4041371047496795,2.068556070327759,-0.38780670585110366,0.4041371047496795,1.990139126777649,-0.32846701796703903,0.3790529370307922,1.990139126777649,-0.3514556945354652,0.3790529370307922,-119.34463097212013,0.0
972,24.3,1.7576005633435197e+18,4.369921455855303,-3.2805896789181537,1.7265638831941683,-0.060689399157429255,6.055700165504412,1.9590712711639815,0.6914347608389244,0.4160285676230967,0.4149570763111114,2.166590452194214,-0.44002656900004555,2.166590452194214,-0.45527352545744915,0.4149570763111114,2.068556070327759,-0.37179190996451505,0.4041371047496795,2.068556070327759,-0.38780670585110366,0.4041371047496795,1.990139126777649,-0.32846701796703903,0.3790529370307922,-116.46444889915165,0.0
973,24.325000000000003,1.7576005633685197e+18,4.40316198839304,-3.294199210430871,1.744797272256529,-0.10186446806105158,6.088687577993366,2.084890540152168,0.8306412239633248,0.42011637271299374,0.4149570763111114,2.166590452194214,-0.42179317993768484,2.166590452194214,-0.44002656900004555,0.4149570763111114,2.166590452194214,-0.45527352545744915,0.4149570763111114,2.068556070327759,-0.37179190996451505,0.4041371047496795,2.068556070327759,-0.38780670585110366,0.4041371047496795,-113.61954041897654,0.0
974,24.35,1.7576005633935196e+18,4.463477912159895,-3.3045088338822906,1.7679450187377987,-0.1407246784457548,6.170181051443602,2.1704662022096803,1.029826031316089,0.4230814323089318,0.4232382476329803,2.266019105911255,-0.49807408717345614,2.166590452194214,-0.42179317993768484,0.4149570763111114,2.166590452194214,-0.44002656900004555,0.4149570763111114,2.166590452194214,-0.45527352545744915,0.4149570763111114,2.068556070327759,-0.37179190996451505,0.4041371047496795,-110.90974289176641,0.0
975,24.375,1.7576005634185198e+18,4.489701090319943,-3.312566587611385,1.7971906265104989,-0.17315422166239575,6.200506562407882,2.2262209578497107,1.2669170175010709,0.4242696531854092,0.4223206341266632,2.3659348487854004,-0.5687442222749015,2.266019105911255,-0.49807408717345614,0.4232382476329803,2.166590452194214,-0.42179317993768484,0.4149570763111114,2.166590452194214,-0.44002656900004555,0.4149570763111114,2.166590452194214,-0.45527352545744915,0.4149570763111114,-108.33379999602882,0.0
976,24.400000000000002,1.7576005634435197e+18,4.5426987243133965,-3.315222044213826,1.8328536472833896,-0.19825601109126775,6.270248804402398,2.2624961936900245,1.5171521901759375,0.422453395377904,0.4223206341266632,2.3659348487854004,-0.5330812015020108,2.3659348487854004,-0.5687442222749015,0.4223206341266632,2.266019105911255,-0.49807408717345614,0.4232382476329803,2.166590452194214,-0.42179317993768484,0.4149570763111114,2.166590452194214,-0.44002656900004555,0.4149570763111114,-105.78672849519778,0.0
977,24.425,1.7576005634685197e+18,4.59611092822756,-3.319550853805384,1.874539112919722,-0.21914126869585276,6.336359423983395,2.2874061846730034,1.757340351801483,0.41598385087813466,0.4106975793838501,2.4658749103546143,-0.5913357974348923,2.3659348487854004,-0.5330812015020108,0.4223206341266632,2.3659348487854004,-0.5687442222749015,0.4223206341266632,2.266019105911255,-0.49807408717345614,0.4232382476329803,2.166590452194214,-0.42179317993768484,0.4149570763111114,-103.35992876289104,0.0
978,24.450000000000003,1.75760056349352e+18,4.63265755265631,-3.32329489096466,1.9214471425121,-0.24208183393396385,6.380771129245899,2.3061538020161847,1.9688201974794401,0.4030918590519302,0.4106975793838501,2.4658749103546143,-0.5444277678425142,2.4658749103546143,-0.5913357974348923,0.4106975793838501,2.3659348487854004,-0.5330812015020108,0.4223206341266632,2.3659348487854004,-0.5687442222749015,0.4223206341266632,2.266019105911255,-0.49807408717345614,0.4232382476329803,-100.94254376202144,0.0
979,24.475,1.7576005635185198e+18,4.7081618295189225,-3.3101319366503565,1.9726761660960068,-0.27418395644804,6.444890933166916,2.321706106676245,2.1388124859624122,0.38227147038009607,0.3747978806495666,2.565864324569702,-0.5931881584736953,2.4658749103546143,-0.5444277678425142,0.4106975793838501,2.4658749103546143,-0.5913357974348923,0.4106975793838501,2.3659348487854004,-0.5330812015020108,0.4223206341266632,2.3659348487854004,-0.5687442222749015,0.4223206341266632,-98.62352255823754,0.0
980,24.5,1.7576005635435197e+18,4.767947609340291,-3.310429307445313,2.0273692367983704,-0.32043729682840666,6.51781517324672,2.3361722106665157,2.2604507436482772,0.35264614725561383,0.3747978806495666,2.565864324569702,-0.5384950877713317,2.565864324569702,-0.5931881584736953,0.3747978806495666,2.4658749103546143,-0.5444277678425142,0.4106975793838501,2.4658749103546143,-0.5913357974348923,0.4106975793838501,2.3659348487854004,-0.5330812015020108,0.4223206341266632,-96.29464894146001,0.0
981,24.525000000000002,1.7576005635685197e+18,4.800541243271054,-3.3164232770338757,2.084659327620993,-0.3813918506982828,6.556484898335083,2.351988044685227,2.332101096320105,0.3142096103488262,0.2928516864776611,2.665853977203369,-0.5811946495823763,2.565864324569702,-0.5384950877713317,0.3747978806495666,2.565864324569702,-0.5931881584736953,0.3747978806495666,2.4658749103546143,-0.5444277678425142,0.4106975793838501,2.4658749103546143,-0.5913357974348923,0.4106975793838501,-94.0532205486202,0.0
982,24.55,1.7576005635935196e+18,4.862613290073066,-3.3054745628454385,2.1435294551894226,-0.45255271433422634,6.631397297153277,2.3720987482413363,2.3565449411868196,0.2678672605114157,0.2928516864776611,2.665853977203369,-0.5223245220139465,2.665853977203369,-0.5811946495823763,0.2928516864776611,2.565864324569702,-0.5384950877713317,0.3747978806495666,2.565864324569702,-0.5931881584736953,0.3747978806495666,2.4658749103546143,-0.5444277678425142,0.4106975793838501,-91.80338153573652,0.0
983,24.575000000000003,1.7576005636185198e+18,4.933168178344956,-3.304727314244114,2.2027859143013866,-0.5258398880581541,6.717243222660518,2.3986489019310353,2.3402949331340044,0.2152740931849412,0.1845710128545761,2.765840768814087,-0.5630548545127003,2.665853977203369,-0.5223245220139465,0.2928516864776611,2.665853977203369,-0.5811946495823763,0.2928516864776611,2.565864324569702,-0.5384950877713317,0.3747978806495666,2.565864324569702,-0.5931881584736953,0.3747978806495666,-89.65477702269149,0.0
984,24.6,1.7576005636435197e+18,4.956446259163692,-3.299275233514713,2.261245072967268,-0.592452040010792,6.746022355841099,2.430341853714538,2.292963644740814,0.1585378883515324,0.1845710128545761,2.765840768814087,-0.504595695846819,2.765840768814087,-0.5630548545127003,0.1845710128545761,2.665853977203369,-0.5223245220139465,0.2928516864776611,2.665853977203369,-0.5811946495823763,0.2928516864776611,2.565864324569702,-0.5384950877713317,0.3747978806495666,-87.51823500698374,0.0
985,24.625,1.7576005636685197e+18,5.0189348453730585,-3.272831397434848,2.318036359963388,-0.6457224387680573,6.805352460980725,2.4595364850501835,2.2264101856408374,0.0998948288235602,0.0693204328417778,2.8658041954040527,-0.5477678354406645,2.765840768814087,-0.504595695846819,0.1845710128545761,2.765840768814087,-0.5630548545127003,0.1845710128545761,2.665853977203369,-0.5223245220139465,0.2928516864776611,2.665853977203369,-0.5811946495823763,0.2928516864776611,-85.49906007035179,0.0
986,24.650000000000002,1.75760056369352e+18,5.105719014285098,-3.2386566394780187,2.372813644727398,-0.6825457429021276,6.889614962719064,2.4707583291892266,2.1534313165713326,0.04145398625952488,0.0693204328417778,2.8658041954040527,-0.49299055067665476,2.8658041954040527,-0.5477678354406645,0.0693204328417778,2.765840768814087,-0.504595695846819,0.1845710128545761,2.765840768814087,-0.5630548545127003,0.1845710128545761,2.665853977203369,-0.5223245220139465,0.2928516864776611,-83.4904259599288,0.0
987,24.675,1.7576005637185198e+18,5.118255068917804,-3.232649109094462,2.425725919715846,-0.7027646856543533,6.904212486729594,2.4420651719692623,2.085974538266631,-0.014940083622981225,-0.0412137433886528,2.965456485748291,-0.539730566032445,2.8658041954040527,-0.49299055067665476,0.0693204328417778,2.8658041954040527,-0.5477678354406645,0.0693204328417778,2.765840768814087,-0.504595695846819,0.1845710128545761,2.765840768814087,-0.5630548545127003,0.1845710128545761,-85.5689296984182,0.0
988,24.700000000000003,1.7576005637435197e+18,5.169584496927823,-3.208051011257817,2.4771653446672324,-0.7070355538019923,6.96398269193181,2.349594538034055,2.033099348357665,-0.0677347591291906,-0.0412137433886528,2.965456485748291,-0.48829114108105864,2.965456485748291,-0.539730566032445,-0.0412137433886528,2.8658041954040527,-0.49299055067665476,0.0693204328417778,2.8658041954040527,-0.5477678354406645,0.0693204328417778,2.765840768814087,-0.504595695846819,0.1845710128545761,-87.59667901554971,0.0
989,24.725,1.7576005637685197e+18,5.229885555627745,-3.1654568296615344,2.52747712888411,-0.6944862616185518,7.041123273206965,2.17411238054721,1.9991008374656811,-0.11563774458820089,-0.1339865326881408,3.062331438064575,-0.5348543091804654,2.965456485748291,-0.48829114108105864,-0.0412137433886528,2.965456485748291,-0.539730566032445,-0.0412137433886528,2.8658041954040527,-0.49299055067665476,0.0693204328417778,2.8658041954040527,-0.5477678354406645,0.0693204328417778,-89.62348973132852,0.0
990,24.75,1.7576005637935196e+18,5.319895589469875,-3.0936749247082664,2.5768545766290876,-0.6616374892684783,7.135181036028065,1.907252217152774,1.9823100217642142,-0.15759045920091116,-0.1339865326881408,3.062331438064575,-0.4854768614354876,3.062331438064575,-0.5348543091804654,-0.1339865326881408,2.965456485748291,-0.48829114108105864,-0.0412137433886528,2.965456485748291,-0.539730566032445,-0.0412137433886528,2.8658041954040527,-0.49299055067665476,0.0693204328417778,-91.50628476206714,0.0
991,24.775000000000002,1.7576005638185198e+18,5.338801863430071,-3.078398538427152,2.625477703373373,-0.6035361995572253,7.160594173406842,1.5550349210510128,1.975095983265656,-0.19278779974613217,-0.2135758101940155,3.1533079147338867,-0.5278302113605138,3.062331438064575,-0.4854768614354876,-0.1339865326881408,3.062331438064575,-0.5348543091804654,-0.1339865326881408,2.965456485748291,-0.48829114108105864,-0.0412137433886528,2.965456485748291,-0.539730566032445,-0.0412137433886528,-93.30008161383812,0.0
992,24.8,1.7576005638435197e+18,5.413540634244577,-3.000039959746507,2.673697665010322,-0.5169046357346914,7.226219200408239,1.1372819682286708,1.9654697270870902,-0.22073334608929066,-0.2135758101940155,3.1533079147338867,-0.4796102497235646,3.1533079147338867,-0.5278302113605138,-0.2135758101940155,3.062331438064575,-0.4854768614354876,-0.1339865326881408,3.062331438064575,-0.5348543091804654,-0.1339865326881408,2.965456485748291,-0.48829114108105864,-0.0412137433886528,-94.89399564347104,0.0
993,24.825000000000003,1.7576005638685197e+18,5.431372935293722,-2.981832160561921,2.7219769508727523,-0.4037720703253385,7.247632836149744,0.6831911454365723,1.9403375762603177,-0.24126428549643977,-0.2546576559543609,3.243192434310913,-0.5212154834381608,3.1533079147338867,-0.4796102497235646,-0.2135758101940155,3.1533079147338867,-0.5278302113605138,-0.2135758101940155,3.062331438064575,-0.4854768614354876,-0.1339865326881408,3.062331438064575,-0.5348543091804654,-0.1339865326881408,-96.37493088084881,0.0
994,24.85,1.75760056389352e+18,5.471362410046565,-2.8900376576913542,2.7704998124638656,-0.2734193413911113,7.260496132982904,0.22482974445464698,1.8898407395792376,-0.2544661760535597,-0.2546576559543609,3.243192434310913,-0.4726926218470475,3.243192434310913,-0.5212154834381608,-0.2546576559543609,3.1533079147338867,-0.4796102497235646,-0.2135758101940155,3.1533079147338867,-0.5278302113605138,-0.2135758101940155,3.062331438064575,-0.4854768614354876,-0.1339865326881408,-97.66378815163911,0.0
995,24.875,1.7576005639185198e+18,5.504763123037154,-2.8491232261118467,2.8187153815378516,-0.14116700396382487,7.287877679210818,-0.20914339932580783,1.811506883701902,-0.26045115280523395,-0.2540510296821594,3.33548641204834,-0.5167710305104882,3.243192434310913,-0.4726926218470475,-0.2546576559543609,3.243192434310913,-0.5212154834381608,-0.2546576559543609,3.1533079147338867,-0.4796102497235646,-0.2135758101940155,3.1533079147338867,-0.5278302113605138,-0.2135758101940155,-98.87235536649807,0.0
996,24.900000000000002,1.7576005639435197e+18,5.552434667008124,-2.772595091705198,2.8652533142062118,-0.024249750485029687,7.245670271199185,-0.5977697712537843,1.7125020603630021,-0.25907524647829866,-0.2540510296821594,3.33548641204834,-0.4702330978421281,3.33548641204834,-0.5167710305104882,-0.2540510296821594,3.243192434310913,-0.4726926218470475,-0.2546576559543609,3.243192434310913,-0.5212154834381608,-0.2546576559543609,3.1533079147338867,-0.4796102497235646,-0.2135758101940155,-99.93159405309491,0.0
997,24.925,1.7576005639685197e+18,5.582836335731892,-2.727819507883365,2.9084577157558575,0.06337838238795154,7.25417599668734,-0.9294590587360038,1.6085204501862538,-0.2497596968426478,-0.2282895892858505,3.4349167346954346,-0.526459018939577,3.33548641204834,-0.4702330978421281,-0.2540510296821594,3.33548641204834,-0.5167710305104882,-0.2540510296821594,3.243192434310913,-0.4726926218470475,-0.2546576559543609,3.243192434310913,-0.5212154834381608,-0.2546576559543609,-100.96414315845388,0.0
998,24.950000000000003,1.7576005639935196e+18,5.685730065535606,-2.6000939628997664,2.947322787741929,0.11497784087077934,7.181944196211032,-1.201374826190779,1.5189410231047986,-0.23158506580400204,-0.2282895892858505,3.4349167346954346,-0.4875939469535058,3.4349167346954346,-0.526459018939577,-0.2282895892858505,3.33548641204834,-0.4702330978421281,-0.2540510296821594,3.33548641204834,-0.5167710305104882,-0.2540510296821594,3.243192434310913,-0.4726926218470475,-0.2546576559543609,-101.89116346721715,0.0
999,24.975,1.7576005640185198e+18,5.719081595819673,-2.5532533343987143,2.982242826788118,0.13217314755559317,7.163202778634826,-1.4173404050787175,1.459495560189251,-0.20370483714437349,-0.2282895892858505,3.4349167346954346,-0.45267390790731676,3.4349167346954346,-0.4875939469535058,-0.2282895892858505,3.4349167346954346,-0.526459018939577,-0.2282895892858505,3.33548641204834,-0.4702330978421281,-0.2540510296821594,3.33548641204834,-0.5167710305104882,-0.2540510296821594,-102.72903487780698,0.0
1000,25.0,1.7576005640435197e+18,5.7774388694947785,-2.48635986242237,3.015030542831214,0.12329359567030014,7.120021107984409,-1.584967973809625,1.4350963549438926,-0.16591776883192427,-0.1988674253225326,3.5348238945007324,-0.5197933516695183,3.4349167346954346,-0.45267390790731676,-0.2282895892858505,3.4349167346954346,-0.4875939469535058,-0.2282895892858505,3.4349167346954346,-0.526459018939577,-0.2282895892858505,3.33548641204834,-0.4702330978421281,-0.2540510296821594,-103.58907158783634,0.0
1001,25.025000000000002,1.7576005640685197e+18,5.81237812223978,-2.439397225183908,3.048098490813897,0.10016463182500365,7.092686455106673,-1.7123442633768735,1.4358719232424055,-0.11908751282756558,-0.0866719931364059,3.630687713623047,-0.5825892228091498,3.5348238945007324,-0.5197933516695183,-0.1988674253225326,3.4349167346954346,-0.45267390790731676,-0.2282895892858505,3.4349167346954346,-0.4875939469535058,-0.2282895892858505,3.4349167346954346,-0.526459018939577,-0.2282895892858505,-104.47379467114634,0.0
1002,25.05,1.75760056409352e+18,5.862870589842191,-2.3929680252270367,3.083214227924743,0.07496101559309047,7.043953222004486,-1.8044904273624731,1.438472977669565,-0.06515228306875895,-0.0866719931364059,3.630687713623047,-0.5474734856983039,3.630687713623047,-0.5825892228091498,-0.0866719931364059,3.5348238945007324,-0.5197933516695183,-0.1988674253225326,3.4349167346954346,-0.45267390790731676,-0.2282895892858505,3.4349167346954346,-0.4875939469535058,-0.2282895892858505,-105.29015398346682,0.0
1003,25.075000000000003,1.7576005641185198e+18,5.940575119779583,-2.322798927380788,3.1204887218275807,0.05808739842119686,6.9752055258313,-1.860208135295218,1.4126486597191696,-0.006710989064015839,0.03036505356431,3.545619249343872,-0.4251305275162913,3.630687713623047,-0.5474734856983039,-0.0866719931364059,3.630687713623047,-0.5825892228091498,-0.0866719931364059,3.5348238945007324,-0.5197933516695183,-0.1988674253225326,3.4349167346954346,-0.45267390790731676,-0.2282895892858505,-105.95402439278371,0.0
1004,25.1,1.7576005641435197e+18,6.0090463937288,-2.2622673125935524,3.158119161096186,0.057055140457007866,6.914669237562395,-1.870456098062484,1.3308567106423754,0.05358823444114757,0.03036505356431,3.545619249343872,-0.3875000882476862,3.545619249343872,-0.4251305275162913,0.03036505356431,3.630687713623047,-0.5474734856983039,-0.0866719931364059,3.630687713623047,-0.5825892228091498,-0.0866719931364059,3.5348238945007324,-0.5197933516695183,-0.1988674253225326,-106.55168629434658,0.0
1005,25.125,1.7576005641685197e+18,6.069566558444036,-2.2345509683567206,3.1929986414741225,0.07576252782139323,6.882418328478283,-1.8194336272981704,1.1773102502204758,0.1135641953779286,0.1438070386648178,3.445634603500366,-0.2526359620262437,3.545619249343872,-0.3875000882476862,0.03036505356431,3.545619249343872,-0.4251305275162913,0.03036505356431,3.630687713623047,-0.5474734856983039,-0.0866719931364059,3.630687713623047,-0.5825892228091498,-0.0866719931364059,-106.98630415432193,0.0
1006,25.150000000000002,1.7576005641935196e+18,6.127544220852162,-2.182231758453246,3.2218626377547688,0.11378862791916097,6.83267548540997,-1.6888048741312556,0.9530331298022882,0.1717340754914714,0.1438070386648178,3.445634603500366,-0.22377196574559743,3.445634603500366,-0.2526359620262437,0.1438070386648178,3.545619249343872,-0.3875000882476862,0.03036505356431,3.545619249343872,-0.4251305275162913,0.03036505356431,3.630687713623047,-0.5474734856983039,-0.0866719931364059,-107.3635987225219,0.0
1007,25.175,1.7576005642185198e+18,6.18815096735136,-2.1436026639306403,3.2423983295070116,0.16597413825577792,6.805253253819721,-1.4642266766267806,0.6751221627945443,0.22723875874750094,0.2476193904876709,3.345636367797852,-0.10323803829084044,3.445634603500366,-0.22377196574559743,0.1438070386648178,3.445634603500366,-0.2526359620262437,0.1438070386648178,3.545619249343872,-0.3875000882476862,0.03036505356431,3.545619249343872,-0.4251305275162913,0.03036505356431,-107.59147625735191,0.0
1008,25.200000000000003,1.7576005642435197e+18,6.253651171293445,-2.095329755109318,3.253823205280639,0.22297532159966363,6.758854500735615,-1.14209296294949,0.3707470489577678,0.27957947320134774,0.2476193904876709,3.345636367797852,-0.09181316251721316,3.345636367797852,-0.10323803829084044,0.2476193904876709,3.445634603500366,-0.22377196574559743,0.1438070386648178,3.445634603500366,-0.2526359620262437,0.1438070386648178,3.545619249343872,-0.3875000882476862,0.03036505356431,-107.7789532148405,0.0
1009,25.225,1.7576005642685197e+18,6.357709418751379,-2.037589509514285,3.2567748693038485,0.2731307313488642,6.724366665528183,-0.7338435702880858,0.06841922864773826,0.32834373475049955,0.3499945700168609,3.245821475982666,0.010953393321182503,3.345636367797852,-0.09181316251721316,0.2476193904876709,3.345636367797852,-0.10323803829084044,0.2476193904876709,3.445634603500366,-0.22377196574559743,0.1438070386648178,3.445634603500366,-0.2526359620262437,0.1438070386648178,-107.83525301815122,0.0
1010,25.25,1.75760056429352e+18,6.428788793524517,-1.994891420351788,3.252710285646068,0.30510535428650304,6.687401327343957,-0.2658429025796806,-0.21009228566313495,0.3730687811211829,0.3499945700168609,3.245821475982666,0.006888809663402107,3.245821475982666,0.010953393321182503,0.3499945700168609,3.345636367797852,-0.09181316251721316,0.2476193904876709,3.345636367797852,-0.10323803829084044,0.2476193904876709,3.445634603500366,-0.22377196574559743,0.1438070386648178,-107.86854808963828,0.0
1011,25.275000000000002,1.7576005643185198e+18,6.479044543636072,-1.980532577055099,3.2431794114197334,0.3101702110974936,6.703691445039766,0.22539882090902333,-0.4543780550534071,0.4132935561190152,0.4387326836585998,3.145900011062622,0.09727940035711136,3.245821475982666,0.006888809663402107,0.3499945700168609,3.245821475982666,0.010953393321182503,0.3499945700168609,3.345636367797852,-0.09181316251721316,0.2476193904876709,3.345636367797852,-0.10323803829084044,0.2476193904876709,-107.78642174747358,0.0
1012,25.3,1.7576005643435197e+18,6.551649581242538,-1.9427849807502973,3.22928465776538,0.28325826644322266,6.681267747040104,0.7009821058944377,-0.6653143476682135,0.44873859478516714,0.4387326836585998,3.145900011062622,0.08338464670275814,3.145900011062622,0.09727940035711136,0.4387326836585998,3.245821475982666,0.006888809663402107,0.3499945700168609,3.245821475982666,0.010953393321182503,0.3499945700168609,3.345636367797852,-0.09181316251721316,0.2476193904876709,-107.6956980379161,0.0
1013,25.325000000000003,1.7576005643685197e+18,6.665019185843311,-1.889754145828078,3.2114735144781665,0.2229370955312189,6.727785063434621,1.127686225371027,-0.8509606779893671,0.47948567385179014,0.4928560853004455,3.0461666584014893,0.16530685607667728,3.145900011062622,0.08338464670275814,0.4387326836585998,3.145900011062622,0.09727940035711136,0.4387326836585998,3.245821475982666,0.006888809663402107,0.3499945700168609,3.245821475982666,0.010953393321182503,0.3499945700168609,-107.50338612381954,0.0
1014,25.35,1.7576005643935196e+18,6.742434232134965,-1.8484156731924644,3.1896521154122373,0.13125076828139587,6.786607175982864,1.4838910901661213,-1.020504592061653,0.5060384949887661,0.4928560853004455,3.0461666584014893,0.143485457010748,3.0461666584014893,0.16530685607667728,0.4928560853004455,3.145900011062622,0.08338464670275814,0.4387326836585998,3.145900011062622,0.09727940035711136,0.4387326836585998,3.245821475982666,0.006888809663402107,0.3499945700168609,-107.316190765718,0.0
1015,25.375,1.7576005644185198e+18,6.801563506633865,-1.8050874465501665,3.1635044398168515,0.014174273554782443,6.830800280115176,1.7619177975631855,-1.1787991206557757,0.5292173034917885,0.5377870798110962,2.9516396522521973,0.2118647875646542,3.0461666584014893,0.143485457010748,0.4928560853004455,3.0461666584014893,0.16530685607667728,0.4928560853004455,3.145900011062622,0.08338464670275814,0.4387326836585998,3.145900011062622,0.09727940035711136,0.4387326836585998,-107.04694761825051,0.0
1016,25.400000000000002,1.7576005644435197e+18,6.874859390662493,-1.768718819698355,3.1328630811016986,-0.11770270796266245,6.8709791310052415,1.966677788508938,-1.3235181894836532,0.5499217626357891,0.5377870798110962,2.9516396522521973,0.18122342884950138,2.9516396522521973,0.2118647875646542,0.5377870798110962,3.0461666584014893,0.143485457010748,0.4928560853004455,3.0461666584014893,0.16530685607667728,0.4928560853004455,3.145900011062622,0.08338464670275814,0.4387326836585998,-106.79781998611163,0.0
1017,25.425,1.7576005644685197e+18,6.942853220272768,-1.7557630648591454,3.097997408754245,-0.24961246942190912,6.9186308900520315,2.1116437293395136,-1.4457670106813267,0.5688389545870033,0.5817567110061646,2.852866172790528,0.24513123596371722,2.9516396522521973,0.18122342884950138,0.5377870798110962,2.9516396522521973,0.2118647875646542,0.5377870798110962,3.0461666584014893,0.143485457010748,0.4928560853004455,3.0461666584014893,0.16530685607667728,0.4928560853004455,-106.4776179817022,0.0
1018,25.450000000000003,1.75760056449352e+18,7.017389432826608,-1.713850368208195,3.059739808328523,-0.3652418347190399,6.966462703484677,2.2137106148343273,-1.5336360524213508,0.5861690698692527,0.5817567110061646,2.852866172790528,0.20687363553799543,2.852866172790528,0.24513123596371722,0.5817567110061646,2.9516396522521973,0.18122342884950138,0.5377870798110962,2.9516396522521973,0.2118647875646542,0.5377870798110962,3.0461666584014893,0.143485457010748,0.4928560853004455,-106.19228217881273,0.0
1019,25.475,1.7576005645185198e+18,7.07998851275935,-1.6638428100579763,3.0194228469342836,-0.4511656766449995,7.0172053379090125,2.2884959909744556,-1.5771640387842285,0.601420310514801,0.6037863492965698,2.7566821575164795,0.26274068941780415,2.852866172790528,0.20687363553799543,0.5817567110061646,2.852866172790528,0.24513123596371722,0.5817567110061646,2.9516396522521973,0.18122342884950138,0.5377870798110962,2.9516396522521973,0.2118647875646542,0.5377870798110962,-101.85220880481586,0.0
1020,25.5,1.7576005645435197e+18,7.150339269908436,-1.602531917483356,2.978641295498408,-0.5012171156408747,7.104194306848858,2.3472283766858637,-1.572782437562384,0.6133205036748357,0.6037863492965698,2.7566821575164795,0.22195913798192857,2.7566821575164795,0.26274068941780415,0.6037863492965698,2.852866172790528,0.20687363553799543,0.5817567110061646,2.852866172790528,0.24513123596371722,0.5817567110061646,2.9516396522521973,0.18122342884950138,0.5377870798110962,-97.55980764758172,0.0
1021,25.525000000000002,1.7576005645685197e+18,7.187688655487446,-1.5752366146928551,2.9389086616629037,-0.518607489131832,7.1380939390148646,2.395708652717519,-1.525607422960688,0.6199064635400554,0.6134617328643799,2.6867964267730717,0.2521122348898319,2.7566821575164795,0.22195913798192857,0.6037863492965698,2.7566821575164795,0.26274068941780415,0.6037863492965698,2.852866172790528,0.20687363553799543,0.5817567110061646,2.852866172790528,0.24513123596371722,0.5817567110061646,-93.25174740533403,0.0
1022,25.55,1.7576005645935196e+18,7.259154112171316,-1.4989882829574808,2.901337078014058,-0.514578935977927,7.220194148843171,2.4350520045451876,-1.4487562705800663,0.6188445288054238,0.6134617328643799,2.6867964267730717,0.21454065124098642,2.6867964267730717,0.2521122348898319,0.6134617328643799,2.7566821575164795,0.22195913798192857,0.6037863492965698,2.7566821575164795,0.26274068941780415,0.6037863492965698,2.852866172790528,0.20687363553799543,0.5817567110061646,-89.00569658489113,0.0
1023,25.575000000000003,1.7576005646185198e+18,7.30206089592075,-1.45811804299978,2.866465021945336,-0.5040036214932059,7.271083965537296,2.4633942280649332,-1.3598874749248422,0.6079664804428998,0.6164383292198181,2.690457344055176,0.17600767789016025,2.6867964267730717,0.21454065124098642,0.6134617328643799,2.6867964267730717,0.2521122348898319,0.6134617328643799,2.7566821575164795,0.22195913798192857,0.6037863492965698,2.7566821575164795,0.26274068941780415,0.6037863492965698,-84.83495936624364,0.0
1024,25.6,1.7576005646435197e+18,7.349569987704264,-1.4052614409933195,2.8342677073311315,-0.49979518820232605,7.343475579281886,2.4777755753926787,-1.2760687026689124,0.5858832390682933,0.6164383292198181,2.690457344055176,0.14381036327595575,2.690457344055176,0.17600767789016025,0.6164383292198181,2.6867964267730717,0.21454065124098642,0.6134617328643799,2.6867964267730717,0.2521122348898319,0.6134617328643799,2.7566821575164795,0.22195913798192857,0.6037863492965698,-80.74722788458321,0.0
1025,25.625,1.7576005646685197e+18,7.382607657471055,-1.356983904032648,2.804291952190692,-0.5085142618343614,7.396842428937507,2.4758286531706966,-1.208610245339576,0.5524415655385961,0.5311450362205505,2.6789543628692627,0.12533758932142947,2.690457344055176,0.14381036327595575,0.6164383292198181,2.690457344055176,0.17600767789016025,0.6164383292198181,2.6867964267730717,0.21454065124098642,0.6134617328643799,2.6867964267730717,0.2521122348898319,0.6134617328643799,-76.74286706854878,0.0
1026,25.650000000000002,1.75760056469352e+18,7.442578060771843,-1.288842203389181,2.775846972868576,-0.5288487582327508,7.471102671517712,2.4571988785116954,-1.1595379379464563,0.5088128128744426,0.5311450362205505,2.6789543628692627,0.09689260999931326,2.6789543628692627,0.12533758932142947,0.5311450362205505,2.690457344055176,0.14381036327595575,0.6164383292198181,2.690457344055176,0.17600767789016025,0.6164383292198181,2.6867964267730717,0.21454065124098642,0.6134617328643799,-72.84370382184062,0.0
1027,25.675,1.7576005647185198e+18,7.471900186049856,-1.240919480496116,2.7482349163845017,-0.553218899480241,7.523537829417296,2.4245674876096834,-1.1209256541903125,0.45716383148242906,0.4229618608951568,2.6057114601135254,0.1425234562709763,2.6789543628692627,0.09689260999931326,0.5311450362205505,2.6789543628692627,0.12533758932142947,0.5311450362205505,2.690457344055176,0.14381036327595575,0.6164383292198181,2.690457344055176,0.17600767789016025,0.6164383292198181,-68.9829592057795,0.0
1028,25.700000000000003,1.7576005647435197e+18,7.494735655367434,-1.17823969303196,2.7210273641853155,-0.5715044174883976,7.57017665723542,2.383954282818049,-1.077483154785424,0.4000568340870799,0.4229618608951568,2.6057114601135254,0.11531590407179015,2.6057114601135254,0.1425234562709763,0.4229618608951568,2.6789543628692627,0.09689260999931326,0.5311450362205505,2.6789543628692627,0.12533758932142947,0.5311450362205505,2.690457344055176,0.14381036327595575,0.6164383292198181,-65.23471273256241,0.0
1029,25.725,1.7576005647685197e+18,7.535909053910332,-1.0856049536737995,2.6943381937484987,-0.5754111732827244,7.673977735764822,2.343976498374283,-1.0118086756499942,0.3398307747509807,0.3068715035915375,2.567831993103028,0.1265062006454709,2.6057114601135254,0.11531590407179015,0.4229618608951568,2.6057114601135254,0.1425234562709763,0.4229618608951568,2.6789543628692627,0.09689260999931326,0.5311450362205505,2.6789543628692627,0.12533758932142947,0.5311450362205505,-61.55574794313836,0.0
1030,25.75,1.7576005647935196e+18,7.544180532261297,-1.061696385224296,2.6689618752413673,-0.5621343657686967,7.696426271149359,2.3139769111072286,-0.9108369087600124,0.2781894200507248,0.3068715035915375,2.567831993103028,0.10112988213833951,2.567831993103028,0.1265062006454709,0.3068715035915375,2.6057114601135254,0.11531590407179015,0.4229618608951568,2.6057114601135254,0.1425234562709763,0.4229618608951568,2.6789543628692627,0.09689260999931326,0.5311450362205505,-57.97337848519421,0.0
1031,25.775000000000002,1.7576005648185198e+18,7.586039340532007,-0.9534326806149857,2.646239606122184,-0.5361941335617552,7.794369943467757,2.3012521900088188,-0.7715214849359273,0.21610615280639411,0.1869019567966461,2.610249757766724,0.03598984835545993,2.567831993103028,0.10112988213833951,0.3068715035915375,2.567831993103028,0.1265062006454709,0.3068715035915375,2.6057114601135254,0.11531590407179015,0.4229618608951568,2.6057114601135254,0.1425234562709763,0.4229618608951568,-54.51643629129796,0.0
1032,25.8,1.7576005648435197e+18,7.592580692946312,-0.9276104881488272,2.6276281707437867,-0.508514940433418,7.818947705271462,2.3079203510280317,-0.6038894650690694,0.15402264704928995,0.1869019567966461,2.610249757766724,0.017378412977062663,2.610249757766724,0.03598984835545993,0.1869019567966461,2.567831993103028,0.10112988213833951,0.3068715035915375,2.567831993103028,0.1265062006454709,0.3068715035915375,2.6057114601135254,0.11531590407179015,0.4229618608951568,-51.12875434942087,0.0
1033,25.825000000000003,1.7576005648685197e+18,7.578374660254587,-0.8427483739329805,2.614114637979266,-0.49245244299222213,7.899845530663448,2.328266886971421,-0.430323432292638,0.09221913025323,0.0651221722364425,2.563792943954468,0.050321694024797914,2.610249757766724,0.017378412977062663,0.1869019567966461,2.610249757766724,0.03598984835545993,0.1869019567966461,2.567831993103028,0.10112988213833951,0.3068715035915375,2.567831993103028,0.1265062006454709,0.3068715035915375,-47.752727490604386,0.0
1034,25.85,1.75760056489352e+18,7.579710410905119,-0.8179839203512689,2.605722297540698,-0.49774885062593527,7.924623691811161,2.3476207452640785,-0.2810716772606126,0.031191019876318084,0.0651221722364425,2.563792943954468,0.041929353586229734,2.563792943954468,0.050321694024797914,0.0651221722364425,2.610249757766724,0.017378412977062663,0.1869019567966461,2.610249757766724,0.03598984835545993,0.1869019567966461,2.567831993103028,0.10112988213833951,0.3068715035915375,-44.42836149029013,0.0
1035,25.875,1.7576005649185198e+18,7.583102327243797,-0.7550987144269558,2.601315755771513,-0.524760071134007,7.987543705816654,2.3436780876675036,-0.18718709187727758,-0.02811895677861031,-0.0548856295645237,2.486159086227417,0.11515666954409598,2.563792943954468,0.041929353586229734,0.0651221722364425,2.563792943954468,0.050321694024797914,0.0651221722364425,2.610249757766724,0.017378412977062663,0.1869019567966461,2.610249757766724,0.03598984835545993,0.1869019567966461,-41.07742005926164,0.0
1036,25.900000000000002,1.7576005649435197e+18,7.60028660439004,-0.6673360020310131,2.5987668369858286,-0.5618034541256358,8.072719746597398,2.290470894009053,-0.17293444270588493,-0.08432487038003082,-0.0548856295645237,2.486159086227417,0.11260775075841156,2.486159086227417,0.11515666954409598,-0.0548856295645237,2.563792943954468,0.041929353586229734,0.0651221722364425,2.563792943954468,0.050321694024797914,0.0651221722364425,2.610249757766724,0.017378412977062663,0.1869019567966461,-37.782931281380755,0.0
1037,25.925,1.7576005649685197e+18,7.600275107681183,-0.6221315841212133,2.5953865108859437,-0.5875374637662556,8.106774098904483,2.164047721566249,-0.2498871602212287,-0.13584478160109992,-0.1621988266706466,2.3888425827026367,0.20654392818330702,2.486159086227417,0.11260775075841156,-0.0548856295645237,2.486159086227417,0.11515666954409598,-0.0548856295645237,2.563792943954468,0.041929353586229734,0.0651221722364425,2.563792943954468,0.050321694024797914,0.0651221722364425,-34.458101739676366,0.0
1038,25.950000000000003,1.7576005649935196e+18,7.595519893707311,-0.5519709045484665,2.5884508674922238,-0.5781508549646769,8.175934559425691,1.9481009617788123,-0.41439694876810207,-0.1813100390114615,-0.1621988266706466,2.3888425827026367,0.19960828478958703,2.3888425827026367,0.20654392818330702,-0.1621988266706466,2.486159086227417,0.11260775075841156,-0.0548856295645237,2.486159086227417,0.11515666954409598,-0.0548856295645237,2.563792943954468,0.041929353586229734,0.0651221722364425,-31.213949605901888,0.0
1039,25.975,1.7576005650185198e+18,7.566976483185543,-0.4665405246494171,2.5756729518191235,-0.5167721780983541,8.249564492613665,1.637863779205461,-0.6490507167061444,-0.21998865131287929,-0.2453827708959579,2.289406538009644,0.2862664138094795,2.3888425827026367,0.19960828478958703,-0.1621988266706466,2.3888425827026367,0.20654392818330702,-0.1621988266706466,2.486159086227417,0.11260775075841156,-0.0548856295645237,2.486159086227417,0.11515666954409598,-0.0548856295645237,-27.964842908966688,0.0
1040,26.0,1.7576005650435197e+18,7.55630641328861,-0.4455683705721873,2.555541795538991,-0.40106672357296985,8.271692390609655,1.2414876794720102,-0.9274879929149613,-0.2520510013322387,-0.2453827708959579,2.289406538009644,0.26613525752934697,2.289406538009644,0.2862664138094795,-0.2453827708959579,2.3888425827026367,0.19960828478958703,-0.1621988266706466,2.3888425827026367,0.20654392818330702,-0.1621988266706466,2.486159086227417,0.11260775075841156,-0.0548856295645237,-24.820154199082037,0.0
1041,26.025000000000002,1.7576005650685197e+18,7.5124623950247456,-0.4089568611370004,2.5274918343490698,-0.24538939518290026,8.269203989215775,0.7790493168185,-1.2209380421052491,-0.2785431610275565,-0.287562757730484,2.1895880699157715,0.3379037644332983,2.289406538009644,0.26613525752934697,-0.2453827708959579,2.289406538009644,0.2862664138094795,-0.2453827708959579,2.3888425827026367,0.19960828478958703,-0.1621988266706466,2.3888425827026367,0.20654392818330702,-0.1621988266706466,-21.682046795665443,0.0
1042,26.05,1.75760056509352e+18,7.486045332714885,-0.3476530289037465,2.491869070955598,-0.0763142944932718,8.298900250637747,0.27971732263909665,-1.504365694392501,-0.30103095515615946,-0.287562757730484,2.1895880699157715,0.3022810010398267,2.1895880699157715,0.3379037644332983,-0.287562757730484,2.289406538009644,0.26613525752934697,-0.2453827708959579,2.289406538009644,0.2862664138094795,-0.2453827708959579,2.3888425827026367,0.19960828478958703,-0.1621988266706466,-18.641488381072016,0.0
1043,26.075000000000003,1.7576005651185198e+18,7.467263155004664,-0.3096008285757121,2.449681554010379,0.0762866553397538,8.295495105739242,-0.22246267793171617,-1.7603324248622105,-0.3210041408738486,-0.3291535675525665,2.090292930603028,0.3593886234073511,2.1895880699157715,0.3022810010398267,-0.287562757730484,2.1895880699157715,0.3379037644332983,-0.287562757730484,2.289406538009644,0.26613525752934697,-0.2453827708959579,2.289406538009644,0.2862664138094795,-0.2453827708959579,-18.68011767318988,0.0
1044,26.1,1.7576005651435197e+18,7.436562300594603,-0.2424368314433214,2.4022033659358533,0.18835070922274064,8.314517725302451,-0.6937225318082124,-1.9795155838862435,-0.33922754763067003,-0.3291535675525665,2.090292930603028,0.3119104353328255,2.090292930603028,0.3593886234073511,-0.3291535675525665,2.1895880699157715,0.3022810010398267,-0.287562757730484,2.1895880699157715,0.3379037644332983,-0.287562757730484,2.289406538009644,0.26613525752934697,-0.2453827708959579,-18.768599618973937,0.0
1045,26.125,1.7576005651685197e+18,7.367542806878735,-0.1405975237874612,2.3506023135612977,0.24717673043059651,8.27130466234031,-1.105935315262952,-2.1580167952842806,-0.35525506830485054,-0.3532541394233703,1.9909420013427732,0.35966031221852446,2.090292930603028,0.3119104353328255,-0.3291535675525665,2.090292930603028,0.3593886234073511,-0.3291535675525665,2.1895880699157715,0.3022810010398267,-0.287562757730484,2.1895880699157715,0.3379037644332983,-0.287562757730484,-18.67805892375179,0.0
1046,26.150000000000002,1.7576005651935196e+18,7.357083835778268,-0.1203127404740529,2.295782191833897,0.25211642354342445,8.268735572254297,-1.441065073796074,-2.292739814761261,-0.367285611097951,-0.3532541394233703,1.9909420013427732,0.304840190491124,1.9909420013427732,0.35966031221852446,-0.3532541394233703,2.090292930603028,0.3119104353328255,-0.3291535675525665,2.090292930603028,0.3593886234073511,-0.3291535675525665,2.1895880699157715,0.3022810010398267,-0.287562757730484,-18.583779803469206,0.0
1047,26.175,1.7576005652185198e+18,7.3265745328166,-0.0387668173721258,2.2385145942751925,0.21154528908427717,8.20509370449775,-1.6934947246760845,-2.376839083313026,-0.3724547105566704,-0.3764843940734863,1.8947546482086184,0.3437599460665741,1.9909420013427732,0.304840190491124,-0.3532541394233703,1.9909420013427732,0.35966031221852446,-0.3532541394233703,2.090292930603028,0.3119104353328255,-0.3291535675525665,2.090292930603028,0.3593886234073511,-0.3291535675525665,-18.27683321750175,0.0
1048,26.200000000000003,1.7576005652435197e+18,7.3232847903896925,0.0120996263564481,2.1797537234620394,0.13840628177969602,8.156981094474466,-1.8695215354005776,-2.3972798429963245,-0.36752826860786963,-0.3764843940734863,1.8947546482086184,0.28499907525342105,1.8947546482086184,0.3437599460665741,-0.3764843940734863,1.9909420013427732,0.304840190491124,-0.3532541394233703,1.9909420013427732,0.35966031221852446,-0.3532541394233703,2.090292930603028,0.3119104353328255,-0.3291535675525665,-17.954632993468767,0.0
1049,26.225,1.7576005652685197e+18,7.301194605298878,0.069109611550987,2.120929982853753,0.04642478759510044,8.105401484534198,-1.9841783975037952,-2.335882019374874,-0.3498186597577738,-0.3486565053462982,1.8877959251403809,0.23313405771337203,1.8947546482086184,0.28499907525342105,-0.3764843940734863,1.8947546482086184,0.3437599460665741,-0.3764843940734863,1.9909420013427732,0.304840190491124,-0.3532541394233703,1.9909420013427732,0.35966031221852446,-0.3532541394233703,-17.524220796567388,0.0
1050,26.25,1.75760056529352e+18,7.285831562600052,0.1087582986580675,2.064075435948202,-0.0518312652065721,8.069529456000103,-2.0562813275688403,-2.1740462307641297,-0.3180407197124882,-0.3486565053462982,1.8877959251403809,0.176279510807821,1.8877959251403809,0.23313405771337203,-0.3486565053462982,1.8947546482086184,0.28499907525342105,-0.3764843940734863,1.8947546482086184,0.3437599460665741,-0.3764843940734863,1.9909420013427732,0.304840190491124,-0.3532541394233703,-17.11495581404097,0.0
1051,26.275000000000002,1.7576005653185198e+18,7.2907047300057,0.1724493105656819,2.0117623302665737,-0.14500180883380548,8.025344213612641,-2.102981224867771,-1.9000394098622342,-0.2728314901026977,-0.2422000765800476,1.9746888875961304,0.037073442670443324,1.8877959251403809,0.176279510807821,-0.3486565053462982,1.8877959251403809,0.23313405771337203,-0.3486565053462982,1.8947546482086184,0.28499907525342105,-0.3764843940734863,1.8947546482086184,0.3437599460665741,-0.3764843940734863,-16.73841196660059,0.0
1052,26.3,1.7576005653435197e+18,7.273318158521251,0.221891105203795,1.9668978974584892,-0.22206907237622533,7.9775202924889665,-2.1351789164791715,-1.5166523504777951,-0.21678258152129978,-0.2422000765800476,1.9746888875961304,-0.007790990137641174,1.9746888875961304,0.037073442670443324,-0.2422000765800476,1.8877959251403809,0.176279510807821,-0.3486565053462982,1.8877959251403809,0.23313405771337203,-0.3486565053462982,1.8947546482086184,0.28499907525342105,-0.3764843940734863,-16.428445280690216,0.0
1053,26.325000000000003,1.7576005653685197e+18,7.29617603144147,0.3189655080015592,1.9323808803693878,-0.2720745385139326,7.905531894428117,-2.154979956831505,-1.046576756120996,-0.15401341198141666,-0.1192133873701095,2.042276620864868,-0.10989574049548034,1.9746888875961304,-0.007790990137641174,-0.2422000765800476,1.9746888875961304,0.037073442670443324,-0.2422000765800476,1.8877959251403809,0.176279510807821,-0.3486565053462982,1.8877959251403809,0.23313405771337203,-0.3486565053462982,-16.16468842089737,0.0
1054,26.35,1.7576005653935196e+18,7.294883606355055,0.3602583506338044,1.9105854325529337,-0.285549096154735,7.841180481814637,-2.1558533530301602,-0.533190483950907,-0.08944956631758078,-0.1192133873701095,2.042276620864868,-0.1316911883119345,2.042276620864868,-0.10989574049548034,-0.1192133873701095,1.9746888875961304,-0.007790990137641174,-0.2422000765800476,1.9746888875961304,0.037073442670443324,-0.2422000765800476,1.8877959251403809,0.176279510807821,-0.3486565053462982,-15.980726811622521,0.0
1055,26.375,1.7576005654185198e+18,7.303520103765138,0.374410157447957,1.902699830844469,-0.2575435250975819,7.8053596102884155,-2.1253514422737507,-0.035585571632445426,-0.028004691446752026,-0.0025526438839733,2.031525135040283,-0.12882530419581428,2.042276620864868,-0.1316911883119345,-0.1192133873701095,2.042276620864868,-0.10989574049548034,-0.1192133873701095,1.9746888875961304,-0.007790990137641174,-0.2422000765800476,1.9746888875961304,0.037073442670443324,-0.2422000765800476,-15.757065528809019,0.0
1056,26.400000000000002,1.7576005654435197e+18,7.301001720465043,0.413627073410441,1.9080941674357546,-0.19071907040190642,7.757163706697558,-2.049395581317026,0.3816288707349015,0.026181562406882266,-0.0025526438839733,2.031525135040283,-0.12343096760452865,2.031525135040283,-0.12882530419581428,-0.0025526438839733,2.042276620864868,-0.1316911883119345,-0.1192133873701095,2.042276620864868,-0.10989574049548034,-0.1192133873701095,1.9746888875961304,-0.007790990137641174,-0.2422000765800476,-15.589470516868657,0.0
1057,26.425,1.7576005654685197e+18,7.30580230981898,0.5130014383279426,1.9240017380761343,-0.09637871442320622,7.68084347825631,-1.9166261454864728,0.6614580674254336,0.07035513263338222,0.0954135954380035,1.953804612159729,-0.02980287408359472,2.031525135040283,-0.12343096760452865,-0.0025526438839733,2.031525135040283,-0.12882530419581428,-0.0025526438839733,2.042276620864868,-0.1316911883119345,-0.1192133873701095,2.042276620864868,-0.10989574049548034,-0.1192133873701095,-15.284116612373692,0.0
1058,26.450000000000003,1.75760056549352e+18,7.305949401967393,0.5601958729740057,1.945764062125576,0.007821421609603097,7.630341237646828,-1.7214850765585659,0.7670854667860755,0.10353675258822687,0.0954135954380035,1.953804612159729,-0.008040550034152938,1.953804612159729,-0.02980287408359472,0.0954135954380035,2.031525135040283,-0.12343096760452865,-0.0025526438839733,2.031525135040283,-0.12882530419581428,-0.0025526438839733,2.042276620864868,-0.1316911883119345,-0.1192133873701095,-15.006340322393628,0.0
1059,26.475,1.7576005655185198e+18,7.312027021734921,0.5684336188241172,1.9676908151008625,0.10288555202048988,7.605600700691463,-1.465516673125402,0.6902147882994429,0.12661183870029813,0.1420717388391494,1.856785774230957,0.11090504086990549,1.953804612159729,-0.008040550034152938,0.0954135954380035,1.953804612159729,-0.02980287408359472,0.0954135954380035,2.031525135040283,-0.12343096760452865,-0.0025526438839733,2.031525135040283,-0.12882530419581428,-0.0025526438839733,-14.553576235712013,0.0
1060,26.5,1.7576005655435197e+18,7.330003709388765,0.6353069188707408,1.9843023557983244,0.17403084350494988,7.566343423606432,-1.1573056912996942,0.4526185346390561,0.14206064350626418,0.1420717388391494,1.856785774230957,0.12751658156736734,1.856785774230957,0.11090504086990549,0.1420717388391494,1.953804612159729,-0.008040550034152938,0.0954135954380035,1.953804612159729,-0.02980287408359472,0.0954135954380035,2.031525135040283,-0.12343096760452865,-0.0025526438839733,-14.12466882990796,0.0
1061,26.525000000000002,1.7576005655685197e+18,7.336949445037673,0.6735629958081488,1.9915102781687026,0.2143622515075934,7.533508723945917,-0.8118175911941687,0.10035125748272589,0.1533459090239921,0.1460073888301849,1.771743893623352,0.21976638454535058,1.856785774230957,0.12751658156736734,0.1420717388391494,1.856785774230957,0.11090504086990549,0.1420717388391494,1.953804612159729,-0.008040550034152938,0.0954135954380035,1.953804612159729,-0.02980287408359472,0.0954135954380035,-13.542355932394155,0.0
1062,26.55,1.7576005655935196e+18,7.339423323196176,0.7046597154636056,1.9873067235334416,0.22537816492471222,7.525050604340898,-0.44942805398866326,-0.3076216973985076,0.1640986366101708,0.1460073888301849,1.771743893623352,0.21556282991008957,1.771743893623352,0.21976638454535058,0.1460073888301849,1.856785774230957,0.12751658156736734,0.1420717388391494,1.856785774230957,0.11090504086990549,0.1420717388391494,1.953804612159729,-0.008040550034152938,0.0954135954380035,-13.00212760546963,0.0
1063,26.575000000000003,1.7576005656185198e+18,7.34955153325058,0.7421276703720978,1.9717862540282327,0.21455185640093213,7.502037506223045,-0.0941504192113176,-0.7128978948647092,0.17733972797112404,0.1843729466199875,1.6892476081848145,0.28253864584341826,1.771743893623352,0.21556282991008957,0.1460073888301849,1.771743893623352,0.21976638454535058,0.1460073888301849,1.856785774230957,0.12751658156736734,0.1420717388391494,1.856785774230957,0.11090504086990549,0.1420717388391494,-12.338442720518572,0.0
1064,26.6,1.7576005656435197e+18,7.376459616378648,0.8179016625350828,1.9466312875449505,0.19131310706103918,7.51554826394976,0.22964952006685474,-1.0691889109079618,0.19496767119385094,0.1843729466199875,1.6892476081848145,0.25738367936013606,1.6892476081848145,0.28253864584341826,0.1843729466199875,1.771743893623352,0.21556282991008957,0.1460073888301849,1.771743893623352,0.21976638454535058,0.1460073888301849,1.856785774230957,0.12751658156736734,0.1420717388391494,-11.73572086102355,0.0
1065,26.625,1.7576005656685197e+18,7.389112998728087,0.8527469282987701,1.9143494865681254,0.16312466559093636,7.510124935605724,0.5020067878413118,-1.348748274529762,0.21761797465081048,0.2366981953382492,1.6229779720306396,0.2913715145374858,1.6892476081848145,0.25738367936013606,0.1843729466199875,1.6892476081848145,0.28253864584341826,0.1843729466199875,1.771743893623352,0.21556282991008957,0.1460073888301849,1.771743893623352,0.21976638454535058,0.1460073888301849,-11.103451388070454,0.0
1066,26.650000000000002,1.75760056569352e+18,7.394457366322308,0.9000057923434395,1.8775329850527676,0.13309220091833113,7.533282058064179,0.712271472274213,-1.542341989999485,0.2448361039701022,0.2366981953382492,1.6229779720306396,0.2545550130221279,1.6229779720306396,0.2913715145374858,0.2366981953382492,1.6892476081848145,0.25738367936013606,0.1843729466199875,1.6892476081848145,0.28253864584341826,0.1843729466199875,1.771743893623352,0.21556282991008957,0.1460073888301849,-10.53870918805504,0.0
1067,26.675,1.7576005657185198e+18,7.407063096635289,0.934278311099118,1.8383293917270571,0.09982532760213085,7.537681504397277,0.8621256079295966,-1.6536516045255087,0.27540377622022816,0.2899844348430633,1.5603203773498535,0.2780090143772036,1.6229779720306396,0.2545550130221279,0.2366981953382492,1.6229779720306396,0.2913715145374858,0.2366981953382492,1.6892476081848145,0.25738367936013606,0.1843729466199875,1.6892476081848145,0.28253864584341826,0.1843729466199875,-9.909244479142373,0.0
1068,26.700000000000003,1.7576005657435197e+18,7.419886402016024,0.9835641760972372,1.7982430441106054,0.05934643157238439,7.5878075216716905,0.9651081542715798,-1.6908067393016213,0.30766176690336283,0.2899844348430633,1.5603203773498535,0.2379226667607519,1.5603203773498535,0.2780090143772036,0.2899844348430633,1.6229779720306396,0.2545550130221279,0.2366981953382492,1.6229779720306396,0.2913715145374858,0.2366981953382492,1.6892476081848145,0.25738367936013606,0.1843729466199875,-9.342854794414581,0.0
1069,26.725,1.7576005657685197e+18,7.433787543360267,1.0291960013181156,1.7582922089357542,0.008059850255048927,7.611451810494881,1.0424982892676191,-1.6585391698694147,0.3397484847023433,0.3540529608726501,1.563523769378662,0.1947684395570921,1.5603203773498535,0.2379226667607519,0.2899844348430633,1.5603203773498535,0.2780090143772036,0.2899844348430633,1.6229779720306396,0.2545550130221279,0.2366981953382492,1.6229779720306396,0.2913715145374858,0.2366981953382492,-8.760279649006385,0.0
1070,26.75,1.7576005657935196e+18,7.444393502695915,1.061857199736823,1.7194167720457292,-0.054566523270529355,7.629244377799792,1.1169199430061394,-1.5540057006096524,0.3697556375051478,0.3540529608726501,1.563523769378662,0.15589300266706707,1.563523769378662,0.1947684395570921,0.3540529608726501,1.5603203773498535,0.2379226667607519,0.2899844348430633,1.5603203773498535,0.2780090143772036,0.2899844348430633,1.6229779720306396,0.2545550130221279,0.2366981953382492,-8.232594736374804,0.0
1071,26.775000000000002,1.7576005658185198e+18,7.455659083818385,1.0862474801878128,1.6829288703259895,-0.12475300686673219,7.6531645288264,1.2058383361059979,-1.3678338283207694,0.3958418939357846,0.4080453515052795,1.626534104347229,0.056394765978760475,1.563523769378662,0.15589300266706707,0.3540529608726501,1.563523769378662,0.1947684395570921,0.3540529608726501,1.5603203773498535,0.2379226667607519,0.2899844348430633,1.5603203773498535,0.2780090143772036,0.2899844348430633,-7.720926444938594,0.0
1072,26.8,1.7576005658435197e+18,7.465759414925872,1.1234171148928302,1.650797916479179,-0.19506858917130518,7.6915585817915275,1.3170379013133635,-1.0899339171458036,0.4163384879673089,0.4080453515052795,1.626534104347229,0.024263812131950058,1.626534104347229,0.056394765978760475,0.4080453515052795,1.563523769378662,0.15589300266706707,0.3540529608726501,1.563523769378662,0.1947684395570921,0.3540529608726501,1.5603203773498535,0.2379226667607519,0.2899844348430633,-7.256636063806598,0.0
1073,26.825000000000003,1.7576005658685197e+18,7.492738058367588,1.151082665987237,1.6256432139661978,-0.2566485596666657,7.72735759044161,1.4474133051573548,-0.7177855085685715,0.42985289392977893,0.4362819790840149,1.7082699537277222,-0.08262673976152435,1.626534104347229,0.024263812131950058,0.4080453515052795,1.626534104347229,0.056394765978760475,0.4080453515052795,1.563523769378662,0.15589300266706707,0.3540529608726501,1.563523769378662,0.1947684395570921,0.3540529608726501,-6.917469623630438,0.0
1074,26.85,1.75760056589352e+18,7.499858950544674,1.1839104183964824,1.6104007242954983,-0.3019907502104175,7.75418299943211,1.5852872964251277,-0.2638719962555384,0.4353542085268933,0.4362819790840149,1.7082699537277222,-0.09786922943222387,1.7082699537277222,-0.08262673976152435,0.4362819790840149,1.626534104347229,0.024263812131950058,0.4080453515052795,1.626534104347229,0.056394765978760475,0.4080453515052795,1.563523769378662,0.15589300266706707,0.3540529608726501,-6.517264765889205,0.0
1075,26.875,1.7576005659185198e+18,7.498460836538522,1.251776956177936,1.60771096039043,-0.3271873707535991,7.825523114148407,1.7153306872933205,0.24092698032887408,0.43221962562275623,0.42640021443367,1.807785153388977,-0.200074192998547,1.7082699537277222,-0.09786922943222387,0.4362819790840149,1.7082699537277222,-0.08262673976152435,0.4362819790840149,1.626534104347229,0.024263812131950058,0.4080453515052795,1.626534104347229,0.056394765978760475,0.4080453515052795,-6.148594736612851,0.0
1076,26.900000000000002,1.7576005659435197e+18,7.5035467814828865,1.2816315639052769,1.6191682126624967,-0.3328408139568015,7.855260165022072,1.8243323006913685,0.7498913400985446,0.42023450451500494,0.42640021443367,1.807785153388977,-0.1886169407264804,1.807785153388977,-0.200074192998547,0.42640021443367,1.7082699537277222,-0.09786922943222387,0.4362819790840149,1.7082699537277222,-0.08262673976152435,0.4362819790840149,1.626534104347229,0.024263812131950058,0.4080453515052795,-5.8041304758373204,0.0
1077,26.925,1.7576005659685197e+18,7.511219717050411,1.3338768866855175,1.644668699152967,-0.3236066935595771,7.914610285505571,1.9058087477974617,1.208847481474405,0.39955645667957124,0.389507919549942,1.9077513217926023,-0.2630826226396352,1.807785153388977,-0.1886169407264804,0.42640021443367,1.807785153388977,-0.200074192998547,0.42640021443367,1.7082699537277222,-0.09786922943222387,0.4362819790840149,1.7082699537277222,-0.08262673976152435,0.4362819790840149,-5.475877301042063,0.0
1078,26.950000000000003,1.7576005659935196e+18,7.512264754424089,1.3421638729969945,1.6821296192029567,-0.30678584303323436,7.923258974990576,1.9618893475101562,1.5681933851028493,0.37066131716549605,0.389507919549942,1.9077513217926023,-0.22562170258964565,1.9077513217926023,-0.2630826226396352,0.389507919549942,1.807785153388977,-0.1886169407264804,0.42640021443367,1.807785153388977,-0.200074192998547,0.42640021443367,1.7082699537277222,-0.09786922943222387,0.4362819790840149,-5.157071235789195,0.0
1079,26.975,1.7576005660185198e+18,7.504663471829067,1.393556899617221,1.7277704710876465,-0.2904433715492655,7.991877354366184,2.0019423729198715,1.7949762590877567,0.33428424974652954,0.311954528093338,2.007744550704956,-0.2799740796173096,1.9077513217926023,-0.22562170258964565,0.389507919549942,1.9077513217926023,-0.2630826226396352,0.389507919549942,1.807785153388977,-0.1886169407264804,0.42640021443367,1.807785153388977,-0.200074192998547,0.42640021443367,-4.843857156932809,0.0
1080,27.0,1.7576005660435197e+18,7.50642950362132,1.4576481858696462,1.7769586186787238,-0.2814948977576362,8.069178315818446,2.0385713185448084,1.881248013687589,0.29136696986603083,0.311954528093338,2.007744550704956,-0.2307859320262322,2.007744550704956,-0.2799740796173096,0.311954528093338,1.9077513217926023,-0.22562170258964565,0.389507919549942,1.9077513217926023,-0.2630826226396352,0.389507919549942,1.807785153388977,-0.1886169407264804,0.42640021443367,-4.536148001187709,0.0
1081,27.025000000000002,1.7576005660685197e+18,7.501298310835335,1.4776691822995227,1.8253739197436747,-0.28426607249618374,8.109694824334412,2.082383619728938,1.8460323732315662,0.2430296540004411,0.2164171189069748,2.107742547988892,-0.28236862824521736,2.007744550704956,-0.2307859320262322,0.311954528093338,2.007744550704956,-0.2799740796173096,0.311954528093338,1.9077513217926023,-0.22562170258964565,0.389507919549942,1.9077513217926023,-0.2630826226396352,0.389507919549942,-4.237321979850551,0.0
1082,27.05,1.75760056609352e+18,7.496893250439042,1.529898467841338,1.8700595545739294,-0.2998906369777107,8.17372921778354,2.137142975186586,1.7302538868762656,0.19058889559747302,0.2164171189069748,2.107742547988892,-0.23768299341496268,2.107742547988892,-0.28236862824521736,0.2164171189069748,2.007744550704956,-0.2307859320262322,0.311954528093338,2.007744550704956,-0.2799740796173096,0.311954528093338,1.9077513217926023,-0.22562170258964565,0.389507919549942,-3.9526804512515668,0.0
1083,27.075000000000003,1.7576005661185198e+18,7.484226065414061,1.549947596109098,1.9099548655409555,-0.3264172810758926,8.225177009387217,2.1967308530453176,1.586172816929655,0.13562368190916602,0.1107146963477134,2.207740545272827,-0.29778567973187164,2.107742547988892,-0.23768299341496268,0.2164171189069748,2.107742547988892,-0.28236862824521736,0.2164171189069748,2.007744550704956,-0.2307859320262322,0.311954528093338,2.007744550704956,-0.2799740796173096,0.311954528093338,-3.687411276470738,0.0
1084,27.1,1.7576005661435197e+18,7.44946203258989,1.6391743279325524,1.945775004767748,-0.3591501876669922,8.332954734063351,2.244916543480939,1.46446374647016,0.08005514493251557,0.1107146963477134,2.207740545272827,-0.26196554050507914,2.207740545272827,-0.29778567973187164,0.1107146963477134,2.107742547988892,-0.23768299341496268,0.2164171189069748,2.107742547988892,-0.28236862824521736,0.2164171189069748,2.007744550704956,-0.2307859320262322,0.311954528093338,-3.4447811211289983,0.0
1085,27.125,1.7576005661685197e+18,7.44946203258989,1.6391743279325524,1.9794163329020331,-0.39102252084870043,8.332954734063351,2.258247032893674,1.4025601525276703,0.026177954988268335,0.0019852281548082,2.3077354431152344,-0.32831911021320126,2.207740545272827,-0.26196554050507914,0.1107146963477134,2.207740545272827,-0.29778567973187164,0.1107146963477134,2.107742547988892,-0.23768299341496268,0.2164171189069748,2.107742547988892,-0.28236862824521736,0.2164171189069748,-3.225332395901535,0.0
1086,27.150000000000002,1.7576005661935196e+18,7.424433083629225,1.7138442700263865,2.013203006303266,-0.4133556351821286,8.388678921106997,2.211486865533747,1.4172035044494786,-0.02341507799082683,0.0019852281548082,2.3077354431152344,-0.29453243681196817,2.3077354431152344,-0.32831911021320126,0.0019852281548082,2.207740545272827,-0.26196554050507914,0.1107146963477134,2.207740545272827,-0.29778567973187164,0.1107146963477134,2.107742547988892,-0.23768299341496268,0.2164171189069748,-3.0268742820368484,0.0
1087,27.175,1.7576005662185198e+18,7.418603976619563,1.7290835756479537,2.0492198673782513,-0.41742721197068294,8.409714401599292,2.0842886295470535,1.5026494259661938,-0.06603396056622347,-0.089407205581665,2.4076998233795166,-0.35847995600126525,2.3077354431152344,-0.29453243681196817,0.0019852281548082,2.3077354431152344,-0.32831911021320126,0.0019852281548082,2.207740545272827,-0.26196554050507914,0.1107146963477134,2.207740545272827,-0.29778567973187164,0.1107146963477134,-2.8456236720056687,0.0
1088,27.200000000000003,1.7576005662435197e+18,7.394943955094693,1.7779057242889629,2.0888391762912453,-0.3966863577084535,8.460713932984456,1.8673844360871796,1.634284275847811,-0.09917948389194174,-0.089407205581665,2.4076998233795166,-0.31886064708827133,2.4076998233795166,-0.35847995600126525,-0.089407205581665,2.3077354431152344,-0.29453243681196817,0.0019852281548082,2.3077354431152344,-0.32831911021320126,0.0019852281548082,2.207740545272827,-0.26196554050507914,0.1107146963477134,-2.6761931780128814,0.0
1089,27.225,1.7576005662685197e+18,7.360171840939875,1.8136607397516684,2.132468408285905,-0.34884624028881844,8.525234065232024,1.5664873181747,1.7760493761216214,-0.12083698835574545,-0.1294965893030166,2.50710678100586,-0.3746383727199549,2.4076998233795166,-0.31886064708827133,-0.089407205581665,2.4076998233795166,-0.35847995600126525,-0.089407205581665,2.3077354431152344,-0.29453243681196817,0.0019852281548082,2.3077354431152344,-0.32831911021320126,0.0019852281548082,-2.515977241552371,0.0
1090,27.25,1.75760056629352e+18,7.315688111612859,1.8859622095591329,2.1795206826413356,-0.2770503970788062,8.579596536192895,1.202402418713705,1.8893910182279952,-0.1296942254077129,-0.1294965893030166,2.50710678100586,-0.32758609836452424,2.50710678100586,-0.3746383727199549,-0.1294965893030166,2.4076998233795166,-0.31886064708827133,-0.089407205581665,2.4076998233795166,-0.35847995600126525,-0.089407205581665,2.3077354431152344,-0.29453243681196817,0.0019852281548082,-2.3580864784814075,0.0
1091,27.275000000000002,1.7576005663185198e+18,7.299344193516449,1.9096705118734287,2.2285734505726937,-0.18972029076975958,8.606604929400294,0.806967674340638,1.9415027361455583,-0.12524548047615106,-0.1139621958136558,2.6049373149871826,-0.3763638644144889,2.50710678100586,-0.32758609836452424,-0.1294965893030166,2.50710678100586,-0.3746383727199549,-0.1294965893030166,2.4076998233795166,-0.31886064708827133,-0.089407205581665,2.4076998233795166,-0.35847995600126525,-0.089407205581665,-2.2066201315353826,0.0
1092,27.3,1.7576005663435197e+18,7.25025751115223,1.9369465443572425,2.2776407842649014,-0.09908469451228329,8.620603871399641,0.41612601483631234,1.9112236158115614,-0.10780273174158356,-0.1139621958136558,2.6049373149871826,-0.32729653072228126,2.6049373149871826,-0.3763638644144889,-0.1139621958136558,2.50710678100586,-0.32758609836452424,-0.1294965893030166,2.50710678100586,-0.3746383727199549,-0.1294965893030166,2.4076998233795166,-0.31886064708827133,-0.089407205581665,-2.0543064125340993,0.0
1093,27.325000000000003,1.7576005663685197e+18,7.220840082683052,1.9708425842814177,2.3244957365497343,-0.0186419619546209,8.64889168829984,0.06259580429005644,1.7918108835772808,-0.07846493126063667,-0.0658301934599876,2.7014169692993164,-0.3769212327495821,2.6049373149871826,-0.32729653072228126,-0.1139621958136558,2.6049373149871826,-0.3763638644144889,-0.1139621958136558,2.50710678100586,-0.32758609836452424,-0.1294965893030166,2.50710678100586,-0.3746383727199549,-0.1294965893030166,-1.9100121618455206,0.0
1094,27.35,1.7576005663935196e+18,7.180467299913332,2.0117891576890803,2.367012809346674,0.0399583222486136,8.631092620201734,-0.2294586861100078,1.5906298164732167,-0.03907479826682621,-0.0658301934599876,2.7014169692993164,-0.3344041599526424,2.7014169692993164,-0.3769212327495821,-0.0658301934599876,2.6049373149871826,-0.32729653072228126,-0.1139621958136558,2.6049373149871826,-0.3763638644144889,-0.1139621958136558,2.50710678100586,-0.32758609836452424,-0.1294965893030166,-1.7717236999511154,0.0
1095,27.375,1.7576005664185198e+18,7.131050565174563,2.054904178396745,2.4034806106453503,0.06990253111294716,8.604097049853594,-0.4463754212466711,1.3263986063216853,0.007861070739266465,0.0311846751719713,2.7673630714416504,-0.36388246079630004,2.7014169692993164,-0.3344041599526424,-0.0658301934599876,2.7014169692993164,-0.3769212327495821,-0.0658301934599876,2.6049373149871826,-0.32729653072228126,-0.1139621958136558,2.6049373149871826,-0.3763638644144889,-0.1139621958136558,-1.6188351302369273,0.0
1096,27.400000000000002,1.7576005664435197e+18,7.099533201886679,2.087267345392979,2.4327957668347593,0.07118984705469646,8.603189554700773,-0.5835505599037479,1.0249092413828844,0.05934571029066393,0.0311846751719713,2.7673630714416504,-0.3345673046068911,2.7673630714416504,-0.36388246079630004,0.0311846751719713,2.7014169692993164,-0.3344041599526424,-0.0658301934599876,2.7014169692993164,-0.3769212327495821,-0.0658301934599876,2.6049373149871826,-0.32729653072228126,-0.1139621958136558,-1.4831693370016903,0.0
1097,27.425,1.7576005664685197e+18,7.053873960429327,2.1514167197881022,2.4544885526438334,0.05071000770150684,8.57882337088623,-0.6418479980376495,0.7141497652523969,0.11219178270005695,0.140643760561943,2.6895134449005127,-0.23502489225667933,2.7673630714416504,-0.3345673046068911,0.0311846751719713,2.7673630714416504,-0.36388246079630004,0.0311846751719713,2.7014169692993164,-0.3344041599526424,-0.0658301934599876,2.7014169692993164,-0.3769212327495821,-0.0658301934599876,-1.1917352103187926,0.0
1098,27.450000000000003,1.75760056649352e+18,6.990901637256823,2.227492926652955,2.468630790725372,0.02000095315398603,8.558559137028242,-0.6238429522303218,0.4195896928260725,0.16341573060122822,0.140643760561943,2.6895134449005127,-0.22088265417514075,2.6895134449005127,-0.23502489225667933,0.140643760561943,2.7673630714416504,-0.3345673046068911,0.0311846751719713,2.7673630714416504,-0.36388246079630004,0.0311846751719713,2.7014169692993164,-0.3344041599526424,-0.0658301934599876,-0.9250239175404276,0.0
1099,27.475,1.7576005665185198e+18,6.96668934215163,2.253397461259307,2.475722602337521,-0.008709547195343347,8.547936556107855,-0.5317619910244391,0.16019628843847714,0.21063317235719192,0.2353745698928833,2.589660167694092,-0.11393756535657085,2.6895134449005127,-0.22088265417514075,0.140643760561943,2.6895134449005127,-0.23502489225667933,0.140643760561943,2.7673630714416504,-0.3345673046068911,0.0311846751719713,2.7673630714416504,-0.36388246079630004,0.0311846751719713,-0.5862875749896816,0.0
1100,27.5,1.7576005665435197e+18,6.92054874305245,2.3060787078195766,2.4766032569707908,-0.026649752650766904,8.531264476549097,-0.3679712666757687,-0.05437498671384537,0.2523399288251674,0.2353745698928833,2.589660167694092,-0.11305691072330104,2.589660167694092,-0.11393756535657085,0.2353745698928833,2.6895134449005127,-0.22088265417514075,0.140643760561943,2.6895134449005127,-0.23502489225667933,0.140643760561943,2.7673630714416504,-0.3345673046068911,0.0311846751719713,-0.17955113404346434,0.0
1101,27.525000000000002,1.7576005665685197e+18,6.875533438158542,2.36763850741604,2.472352311020253,-0.03123460021158729,8.522861928514406,-0.1374122403356624,-0.22501537342852715,0.28798458045224884,0.313063383102417,2.4896607398986816,-0.01730842887842865,2.589660167694092,-0.11305691072330104,0.2353745698928833,2.589660167694092,-0.11393756535657085,0.2353745698928833,2.6895134449005127,-0.22088265417514075,0.140643760561943,2.6895134449005127,-0.23502489225667933,0.140643760561943,0.3857296598872568,0.0
1102,27.55,1.7576005665935196e+18,6.831623813354849,2.4202429435506554,2.464119291624671,-0.026513523654024544,8.509948101350444,0.1496975377412398,-0.3624675408882477,0.3177977066227707,0.313063383102417,2.4896607398986816,-0.025541448274010836,2.4896607398986816,-0.01730842887842865,0.313063383102417,2.589660167694092,-0.11305691072330104,0.2353745698928833,2.589660167694092,-0.11393756535657085,0.2353745698928833,2.6895134449005127,-0.22088265417514075,0.140643760561943,0.9076616973115499,0.0
1103,27.575000000000003,1.7576005666185198e+18,6.7915623208011535,2.477949421195455,2.452862077138485,-0.02141747177827503,8.516656080316794,0.4766936395339465,-0.4845185661085097,0.34243442080050357,0.313063383102417,2.4896607398986816,-0.03679866276019661,2.4896607398986816,-0.025541448274010836,0.313063383102417,2.4896607398986816,-0.01730842887842865,0.313063383102417,2.589660167694092,-0.11305691072330104,0.2353745698928833,2.589660167694092,-0.11393756535657085,0.2353745698928833,1.2959935620676446,0.0
1104,27.6,1.7576005666435197e+18,6.745559513473767,2.535876287326702,2.4390570489435803,-0.026582804741742547,8.511109073418996,0.821789807019788,-0.61128119508968,0.36258589416352577,0.3634990453720093,2.3896644115448,0.049392637398780526,2.4896607398986816,-0.03679866276019661,0.313063383102417,2.4896607398986816,-0.025541448274010836,0.313063383102417,2.4896607398986816,-0.01730842887842865,0.313063383102417,2.589660167694092,-0.11305691072330104,0.2353745698928833,1.7328862877141114,0.0
1105,27.625,1.7576005666685197e+18,6.719102790117118,2.575337149810059,2.4225146113039315,-0.050791694324160454,8.543555021754777,1.1615714400845658,-0.7593064634254574,0.37874981048142353,0.3901745975017547,2.289722442626953,0.1327921686769784,2.3896644115448,0.049392637398780526,0.3634990453720093,2.4896607398986816,-0.03679866276019661,0.313063383102417,2.4896607398986816,-0.025541448274010836,0.313063383102417,2.4896607398986816,-0.01730842887842865,0.313063383102417,2.1183144184173335,0.0
1106,27.650000000000002,1.75760056669352e+18,6.6825018189498415,2.624860406088086,2.402436414362312,-0.09796013761135242,8.552700335143268,1.475210141883515,-0.935794977476551,0.3912558116773564,0.3901745975017547,2.289722442626953,0.11271397173535869,2.289722442626953,0.1327921686769784,0.3901745975017547,2.3896644115448,0.049392637398780526,0.3634990453720093,2.4896607398986816,-0.03679866276019661,0.313063383102417,2.4896607398986816,-0.025541448274010836,0.313063383102417,2.4548003558982896,0.0
1107,27.675,1.7576005667185198e+18,6.63982880033822,2.669752660997524,2.377764851238603,-0.16538898971994945,8.630480574440465,1.747647469928971,-1.1344393605898142,0.4004729950294079,0.4075372517108917,2.1921541690826416,0.18561068215596155,2.289722442626953,0.11271397173535869,0.3901745975017547,2.289722442626953,0.1327921686769784,0.3901745975017547,2.3896644115448,0.049392637398780526,0.3634990453720093,2.4896607398986816,-0.03679866276019661,0.313063383102417,2.7436490763450916,0.0
1108,27.700000000000003,1.7576005667435197e+18,6.594802853867507,2.7279136045494985,2.347735848451937,-0.2438524349938902,8.670348631186002,1.970733143866104,-1.3342576739760945,0.4070192911944453,0.4075372517108917,2.1921541690826416,0.15558167936929523,2.1921541690826416,0.18561068215596155,0.4075372517108917,2.289722442626953,0.11271397173535869,0.3901745975017547,2.289722442626953,0.1327921686769784,0.3901745975017547,2.3896644115448,0.049392637398780526,0.3634990453720093,2.9910439182316,0.0
1109,27.725,1.7576005667685197e+18,6.56180257563258,2.770320879960421,2.3124286539285377,-0.31987183309151784,8.71525734116076,2.14249808517839,-1.5021490854410309,0.4118125207470499,0.4154758751392364,2.1749136447906494,0.13751500913788828,2.1921541690826416,0.15558167936929523,0.4075372517108917,2.1921541690826416,0.18561068215596155,0.4075372517108917,2.289722442626953,0.11271397173535869,0.3901745975017547,2.289722442626953,0.1327921686769784,0.3901745975017547,3.1176055340483058,0.0
1110,27.75,1.7576005667935196e+18,6.500106789846944,2.846539766255731,2.273087132202659,-0.37989533508581663,8.820615654416962,2.2654883388985256,-1.59898097190519,0.4159009342979464,0.4154758751392364,2.1749136447906494,0.09817348741200949,2.1749136447906494,0.13751500913788828,0.4154758751392364,2.1921541690826416,0.15558167936929523,0.4075372517108917,2.1921541690826416,0.18561068215596155,0.4075372517108917,2.289722442626953,0.11271397173535869,0.3901745975017547,3.208890211796913,0.0
1111,27.775000000000002,1.7576005668185198e+18,6.462609352981067,2.884184380412731,2.232091469757673,-0.41509255984235044,8.869381857272343,2.345057259269193,-1.5880723707414754,0.4201174874309237,0.4170435070991516,2.261275053024292,-0.029183583266619184,2.1749136447906494,0.09817348741200949,0.4154758751392364,2.1749136447906494,0.13751500913788828,0.4154758751392364,2.1921541690826416,0.15558167936929523,0.4075372517108917,2.1921541690826416,0.18561068215596155,0.4075372517108917,3.0824272281731826,0.0
1112,27.8,1.7576005668435197e+18,6.412852339397024,2.89641548260608,2.192629631716241,-0.4246864058020623,8.91811000713856,2.388080412661471,-1.4442370593385019,0.4246834574455366,0.4170435070991516,2.261275053024292,-0.06864542130805118,2.261275053024292,-0.029183583266619184,0.4170435070991516,2.1749136447906494,0.09817348741200949,0.4154758751392364,2.1749136447906494,0.13751500913788828,0.4154758751392364,2.1921541690826416,0.15558167936929523,0.4075372517108917,2.9303971601623733,0.0
1113,27.825000000000003,1.7576005668685197e+18,6.368585037440876,2.9238043964729887,2.15823439704852,-0.41600182695386695,8.96571394309105,2.4021849080164577,-1.1612592841704181,0.4289257108103605,0.4254526495933532,2.3611414432525635,-0.20290704620404343,2.261275053024292,-0.06864542130805118,0.4170435070991516,2.261275053024292,-0.029183583266619184,0.4170435070991516,2.1749136447906494,0.09817348741200949,0.4154758751392364,2.1749136447906494,0.13751500913788828,0.4154758751392364,2.5621832578816526,0.0
1114,27.85,1.75760056689352e+18,6.304721970075343,2.9521901000008683,2.1323305243117647,-0.40092407547337483,9.039687371644447,2.3954201561440502,-0.75584985749553,0.43125027608658334,0.4254526495933532,2.3611414432525635,-0.22881091894079875,2.3611414432525635,-0.20290704620404343,0.4254526495933532,2.261275053024292,-0.06864542130805118,0.4170435070991516,2.261275053024292,-0.029183583266619184,0.4170435070991516,2.1749136447906494,0.09817348741200949,0.4154758751392364,2.189886881930106,0.0
1115,27.875,1.7576005669185198e+18,6.265435727893232,2.973570275246638,2.1178215273912406,-0.3904004980132828,9.089814371872288,2.376222387184703,-0.2667456618529936,0.429428923300614,0.4341716766357422,2.461134910583496,-0.34331338319225546,2.3611414432525635,-0.22881091894079875,0.4254526495933532,2.3611414432525635,-0.20290704620404343,0.4254526495933532,2.261275053024292,-0.06864542130805118,0.4170435070991516,2.261275053024292,-0.029183583266619184,0.4170435070991516,1.6347087111731962,0.0
1116,27.900000000000002,1.7576005669435197e+18,6.182769398654413,3.0275556984707426,2.1166636061588795,-0.38970844290327533,9.184091530702837,2.353415587949284,0.2513950375086908,0.4211318645319529,0.4341716766357422,2.461134910583496,-0.3444713044246166,2.461134910583496,-0.34331338319225546,0.4341716766357422,2.3611414432525635,-0.22881091894079875,0.4254526495933532,2.3611414432525635,-0.20290704620404343,0.4254526495933532,2.261275053024292,-0.06864542130805118,0.4170435070991516,1.1090139778990782,0.0
1117,27.925,1.7576005669685197e+18,6.161985055303033,3.0377060788820938,2.129413360320933,-0.3967522936566994,9.209041705796004,2.3358853736069594,0.738408526780996,0.4045338869718815,0.3971354067325592,2.561134099960327,-0.43172073963939406,2.461134910583496,-0.3444713044246166,0.4341716766357422,2.461134910583496,-0.34331338319225546,0.4341716766357422,2.3611414432525635,-0.22881091894079875,0.4254526495933532,2.3611414432525635,-0.20290704620404343,0.4254526495933532,0.4321620022959669,0.0
1118,27.950000000000003,1.7576005669935196e+18,6.108193292375803,3.0480129639665874,2.1548809457930482,-0.40401092970464697,9.273861577874062,2.331607073870842,1.1411994256559856,0.3787902487199822,0.3971354067325592,2.561134099960327,-0.4062531541672789,2.561134099960327,-0.43172073963939406,0.3971354067325592,2.461134910583496,-0.3444713044246166,0.4341716766357422,2.461134910583496,-0.34331338319225546,0.4341716766357422,2.3611414432525635,-0.22881091894079875,0.4254526495933532,-0.18096478740930744,0.0
1119,27.975,1.7576005670185198e+18,6.065377077275229,3.064400379990585,2.190147546516718,-0.40294345214249905,9.323493948011123,2.346004767296497,1.425397916134309,0.34424004342347003,0.3225911259651184,2.661133050918579,-0.47098550440186093,2.561134099960327,-0.4062531541672789,0.3971354067325592,2.561134099960327,-0.43172073963939406,0.3971354067325592,2.461134910583496,-0.3444713044246166,0.4341716766357422,2.461134910583496,-0.34331338319225546,0.4341716766357422,-0.9146909812289725,0.0
1120,28.0,1.7576005670435197e+18,6.008621190132748,3.067779510009662,2.2311502845523057,-0.3885824439270016,9.39276400402575,2.3800668954020803,1.5828475044766745,0.30230990401422775,0.3225911259651184,2.661133050918579,-0.4299827663662734,2.661133050918579,-0.47098550440186093,0.3225911259651184,2.561134099960327,-0.4062531541672789,0.3971354067325592,2.561134099960327,-0.43172073963939406,0.3971354067325592,2.461134910583496,-0.3444713044246166,0.4341716766357422,-1.5666328855771745,0.0
1121,28.025000000000002,1.7576005670685197e+18,5.966026421231958,3.078031563884422,2.2737574567234233,-0.362125091403316,9.443740669776489,2.4289343937401173,1.6324933346352084,0.2551967334970921,0.2283331751823425,2.761131525039673,-0.4873740683162495,2.661133050918579,-0.4299827663662734,0.3225911259651184,2.661133050918579,-0.47098550440186093,0.3225911259651184,2.561134099960327,-0.4062531541672789,0.3971354067325592,2.561134099960327,-0.43172073963939406,0.3971354067325592,-2.306119188783256,0.0
1122,28.05,1.75760056709352e+18,5.888414573977007,3.072272131563631,2.3149296144012004,-0.3304916065662178,9.511649107543864,2.48159142882524,1.6139863682557425,0.2054616423408227,0.2283331751823425,2.761131525039673,-0.4462019106384725,2.761131525039673,-0.4873740683162495,0.2283331751823425,2.661133050918579,-0.4299827663662734,0.3225911259651184,2.661133050918579,-0.47098550440186093,0.3225911259651184,2.561134099960327,-0.4062531541672789,0.3971354067325592,-2.966861750662715,0.0
1123,28.075000000000003,1.7576005671185198e+18,5.841526848147248,3.0773491568596487,2.3534518530984205,-0.3034150821511889,9.563108432307919,2.5219690015580336,1.5755065558231933,0.1556615718432919,0.1294260770082473,2.861124277114868,-0.5076724240164476,2.761131525039673,-0.4462019106384725,0.2283331751823425,2.761131525039673,-0.4873740683162495,0.2283331751823425,2.661133050918579,-0.4299827663662734,0.3225911259651184,2.661133050918579,-0.47098550440186093,0.3225911259651184,-3.6505418525693227,0.0
1124,28.1,1.7576005671435197e+18,5.765289840748324,3.0634308182322814,2.3899389877539465,-0.2896866223811357,9.634357733670644,2.531423631743847,1.5592016988478654,0.10809816936590504,0.1294260770082473,2.861124277114868,-0.47118528936092163,2.861124277114868,-0.5076724240164476,0.1294260770082473,2.761131525039673,-0.4462019106384725,0.2283331751823425,2.761131525039673,-0.4873740683162495,0.2283331751823425,2.661133050918579,-0.4299827663662734,0.3225911259651184,-4.265537505206201,0.0
1125,28.125,1.7576005671685197e+18,5.718827801240797,3.062078166575417,2.4262013145990275,-0.29417356800830713,9.683260917431795,2.492148737950469,1.5885411611901128,0.0647002797160009,0.0506044887006282,2.961029529571533,-0.5348282149725057,2.861124277114868,-0.47118528936092163,0.1294260770082473,2.861124277114868,-0.5076724240164476,0.1294260770082473,2.761131525039673,-0.4462019106384725,0.2283331751823425,2.761131525039673,-0.4873740683162495,0.2283331751823425,-4.925703309500134,0.0
1126,28.150000000000002,1.7576005671935196e+18,5.6532354215273415,3.053679800096049,2.464325901202561,-0.3164764988613542,9.753247966309083,2.3906835406186624,1.6614326877371628,0.027000330402573207,0.0506044887006282,2.961029529571533,-0.4967036283689721,2.961029529571533,-0.5348282149725057,0.0506044887006282,2.861124277114868,-0.47118528936092163,0.1294260770082473,2.861124277114868,-0.5076724240164476,0.1294260770082473,2.761131525039673,-0.4462019106384725,0.2283331751823425,-5.519299547868421,0.0
1127,28.175,1.7576005672185198e+18,5.589921773014339,3.030107782581007,2.5058222280716342,-0.35126428655683706,9.822631014409165,2.2206427667270696,1.7512605669366226,-0.0038597150464561997,-0.0231726504862308,3.060004472732544,-0.5541822446609097,2.961029529571533,-0.4967036283689721,0.0506044887006282,2.961029529571533,-0.5348282149725057,0.0506044887006282,2.861124277114868,-0.47118528936092163,0.1294260770082473,2.861124277114868,-0.5076724240164476,0.1294260770082473,-6.216005248800307,0.0
1128,28.200000000000003,1.7576005672435197e+18,5.548969496843591,3.021328743338118,2.551008636136453,-0.389842323056162,9.865678945575114,1.9841700200310137,1.8156036212128737,-0.027133490358314867,-0.0231726504862308,3.060004472732544,-0.5089958365960912,3.060004472732544,-0.5541822446609097,-0.0231726504862308,2.961029529571533,-0.4967036283689721,0.0506044887006282,2.961029529571533,-0.5348282149725057,0.0506044887006282,2.861124277114868,-0.47118528936092163,0.1294260770082473,-6.840316989468187,0.0
1129,28.225,1.7576005672685197e+18,5.452778415452413,2.979773349186818,2.5986920502375614,-0.42238990496287593,9.960799386797246,1.6920290293222267,1.8100252256862992,-0.04247300794693304,-0.0489575564861297,3.1263012886047363,-0.5276092383671749,3.060004472732544,-0.5089958365960912,-0.0231726504862308,3.060004472732544,-0.5541822446609097,-0.0231726504862308,2.961029529571533,-0.4967036283689721,0.0506044887006282,2.961029529571533,-0.5348282149725057,0.0506044887006282,-7.494432428480833,0.0
1130,28.25,1.75760056729352e+18,5.401031421384202,2.9630515847463794,2.6461978627546343,-0.4403077063648311,10.015025435211388,1.362420541960336,1.7027173479456221,-0.04988440437996717,-0.0489575564861297,3.1263012886047363,-0.480103425850102,3.1263012886047363,-0.5276092383671749,-0.0489575564861297,3.060004472732544,-0.5089958365960912,-0.0231726504862308,3.060004472732544,-0.5541822446609097,-0.0231726504862308,2.961029529571533,-0.4967036283689721,0.0506044887006282,-8.075665736469276,0.0
1131,28.275000000000002,1.7576005673185198e+18,5.3669898652722825,2.9266828024558302,2.6898369150873416,-0.43807605084722606,10.028006912577652,1.018631249594281,1.485433422305066,-0.04961969373634273,-0.0401152148842811,3.0769214630126958,-0.3870845479253542,3.1263012886047363,-0.480103425850102,-0.0489575564861297,3.1263012886047363,-0.5276092383671749,-0.0489575564861297,3.060004472732544,-0.5089958365960912,-0.0231726504862308,3.060004472732544,-0.5541822446609097,-0.0231726504862308,-8.498740132750088,0.0
1132,28.3,1.7576005673435197e+18,5.298066899543453,2.8941340424602355,2.7258121962253696,-0.4141121557770993,10.09007167672076,0.6856660300888584,1.1772156764232238,-0.042048939885470475,-0.0401152148842811,3.0769214630126958,-0.3511092667873261,3.0769214630126958,-0.3870845479253542,-0.0401152148842811,3.1263012886047363,-0.480103425850102,-0.0489575564861297,3.1263012886047363,-0.5276092383671749,-0.0489575564861297,3.060004472732544,-0.5089958365960912,-0.0231726504862308,-8.867227812514479,0.0
1133,28.325000000000003,1.7576005673685197e+18,5.221317443175358,2.8329047027181424,2.7513465646716706,-0.3705211486511179,10.078105412142728,0.38629685629729865,0.8196436066964499,-0.027589683399165996,-0.0239684469997882,3.005019187927246,-0.2536726232555755,3.0769214630126958,-0.3511092667873261,-0.0401152148842811,3.0769214630126958,-0.3870845479253542,-0.0401152148842811,3.1263012886047363,-0.480103425850102,-0.0489575564861297,3.1263012886047363,-0.5276092383671749,-0.0489575564861297,-9.171222129794852,0.0
1134,28.35,1.7576005673935196e+18,5.198414750106282,2.818711962120493,2.765597187812733,-0.3121110993324389,10.091074102709564,0.13748514772406978,0.4650390738098296,-0.0067356906364239195,-0.0239684469997882,3.005019187927246,-0.2394220001145131,3.005019187927246,-0.2536726232555755,-0.0239684469997882,3.0769214630126958,-0.3511092667873261,-0.0401152148842811,3.0769214630126958,-0.3870845479253542,-0.0401152148842811,3.1263012886047363,-0.480103425850102,-0.0489575564861297,-9.452573483495595,0.0
1135,28.375,1.7576005674185198e+18,5.132006986581262,2.7735178468784474,2.7699173419521164,-0.24518515154050274,10.047487101264442,-0.05161012252758556,0.16137057324267073,0.01985148062820538,0.0325147993862628,2.9161806106567383,-0.14626326870462192,3.005019187927246,-0.2394220001145131,-0.0239684469997882,3.005019187927246,-0.2536726232555755,-0.0239684469997882,3.0769214630126958,-0.3511092667873261,-0.0401152148842811,3.0769214630126958,-0.3870845479253542,-0.0401152148842811,-9.713993421744313,0.0
1136,28.400000000000002,1.7576005674435197e+18,5.086678746682559,2.7409691695546448,2.7673019608825307,-0.1764569460224565,10.050796906509234,-0.1793218593907276,-0.06131297984300315,0.051280314621982424,0.0325147993862628,2.9161806106567383,-0.14887864977420762,2.9161806106567383,-0.14626326870462192,0.0325147993862628,3.005019187927246,-0.2394220001145131,-0.0239684469997882,3.005019187927246,-0.2536726232555755,-0.0239684469997882,3.0769214630126958,-0.3511092667873261,-0.0401152148842811,-9.975479822276931,0.0
1137,28.425,1.7576005674685197e+18,4.996509650070349,2.6776446759567447,2.7612513506467926,-0.11225512671741636,10.040475172128238,-0.24912835795274374,-0.19863785505402448,0.08647469517927195,0.1048024520277977,2.8206429481506348,-0.05939159750384215,2.9161806106567383,-0.14887864977420762,0.0325147993862628,2.9161806106567383,-0.14626326870462192,0.0325147993862628,3.005019187927246,-0.2394220001145131,-0.0239684469997882,3.005019187927246,-0.2536726232555755,-0.0239684469997882,-10.24141534796408,0.0
1138,28.450000000000003,1.75760056749352e+18,4.950612201026794,2.64481407714828,2.754547844539894,-0.058050993847718516,10.038598226555978,-0.2663254176371944,-0.2715739367885093,0.1243351485325097,0.1048024520277977,2.8206429481506348,-0.06609510361074067,2.8206429481506348,-0.05939159750384215,0.1048024520277977,2.9161806106567383,-0.14887864977420762,0.0325147993862628,2.9161806106567383,-0.14626326870462192,0.0325147993862628,3.005019187927246,-0.2394220001145131,-0.0239684469997882,-10.507118736364408,0.0
1139,28.475,1.7576005675185198e+18,4.877589757347684,2.588449947594253,2.7484201686486087,-0.018171721797816436,10.027086852888822,-0.23500324814722717,-0.3184662687553579,0.1639476418789548,0.1927821934223175,2.721410036087036,0.027010132561572586,2.8206429481506348,-0.06609510361074067,0.1048024520277977,2.8206429481506348,-0.05939159750384215,0.1048024520277977,2.9161806106567383,-0.14887864977420762,0.0325147993862628,2.9161806106567383,-0.14626326870462192,0.0325147993862628,-10.766375017612315,0.0
1140,28.5,1.7576005675435197e+18,4.796713036200644,2.537974941791979,2.7423346851232746,0.004516813471594934,10.020897576229324,-0.15637058148674873,-0.3823365598181563,0.20472715031421862,0.1927821934223175,2.721410036087036,0.020924649036238474,2.721410036087036,0.027010132561572586,0.1927821934223175,2.8206429481506348,-0.06609510361074067,0.1048024520277977,2.8206429481506348,-0.05939159750384215,0.1048024520277977,2.9161806106567383,-0.14887864977420762,0.0325147993862628,-11.011585626105424,0.0
1141,28.525000000000002,1.7576005675685197e+18,4.74911373632346,2.5049962791052103,2.734377053983293,0.008981774814945779,10.016788016663105,-0.028974758650876134,-0.49769596069460426,0.24639380845878747,0.2613700330257416,2.623720169067383,0.11065688491590997,2.721410036087036,0.020924649036238474,0.1927821934223175,2.721410036087036,0.027010132561572586,0.1927821934223175,2.8206429481506348,-0.06609510361074067,0.1048024520277977,2.8206429481506348,-0.05939159750384215,0.1048024520277977,-11.238832505622812,0.0
1142,28.55,1.7576005675935196e+18,4.698669895949377,2.4707762255696397,2.722005556367084,-0.0038130109996295444,10.017423840604433,0.14922508186723074,-0.6809347075171129,0.2887528064337299,0.2613700330257416,2.623720169067383,0.09828538729970138,2.623720169067383,0.11065688491590997,0.2613700330257416,2.721410036087036,0.020924649036238474,0.1927821934223175,2.721410036087036,0.027010132561572586,0.1927821934223175,2.8206429481506348,-0.06609510361074067,0.1048024520277977,-11.442828119362936,0.0
1143,28.575000000000003,1.7576005676185198e+18,4.640082198553643,2.431305843722715,2.7028956660283487,-0.031252710627846146,10.01533343526414,0.37759789053885995,-0.926854706158838,0.3313549318460204,0.3509113490581512,2.524256944656372,0.17863872137197667,2.623720169067383,0.09828538729970138,0.2613700330257416,2.623720169067383,0.11065688491590997,0.2613700330257416,2.721410036087036,0.020924649036238474,0.1927821934223175,2.721410036087036,0.027010132561572586,0.1927821934223175,-11.623578021398313,0.0
1144,28.6,1.7576005676435197e+18,4.561805509807467,2.391190732753029,2.675622322306912,-0.06994626144185725,10.034412094830408,0.6496056143282557,-1.211724763551417,0.37318492814900994,0.3509113490581512,2.524256944656372,0.15136537765053992,2.524256944656372,0.17863872137197667,0.3509113490581512,2.623720169067383,0.09828538729970138,0.2613700330257416,2.623720169067383,0.11065688491590997,0.2613700330257416,2.721410036087036,0.020924649036238474,0.1927821934223175,-11.784123079080597,0.0
1145,28.625000000000004,1.7576005676685197e+18,4.515698136874077,2.3607629311651808,2.640009870847654,-0.11677706055725252,10.039036933248877,0.9510478567026871,-1.5011742390114258,0.41251282538063044,0.4309906363487243,2.424848318099976,0.215161552747678,2.524256944656372,0.15136537765053992,0.3509113490581512,2.524256944656372,0.17863872137197667,0.3509113490581512,2.623720169067383,0.09828538729970138,0.2613700330257416,2.623720169067383,0.11065688491590997,0.2613700330257416,-11.928621838551443,0.0
1146,28.650000000000002,1.75760056769352e+18,4.435259351060406,2.306552868244478,2.597092676893779,-0.16960509759411466,10.077248519221015,1.2609251917742335,-1.7599750484465313,0.4469691007433061,0.4309906363487243,2.424848318099976,0.17224435879380318,2.424848318099976,0.215161552747678,0.4309906363487243,2.524256944656372,0.15136537765053992,0.3509113490581512,2.524256944656372,0.17863872137197667,0.3509113490581512,2.623720169067383,0.09828538729970138,0.2613700330257416,-12.061217670248764,0.0
1147,28.675,1.7576005677185198e+18,4.372005447936139,2.264256555375182,2.5487453379050584,-0.227280199369302,10.097264846427006,1.5550948467519103,-1.9606161781118139,0.47382301532482857,0.4873108267784118,2.325195789337158,0.2235495485679002,2.424848318099976,0.17224435879380318,0.4309906363487243,2.424848318099976,0.215161552747678,0.4309906363487243,2.524256944656372,0.15136537765053992,0.3509113490581512,2.524256944656372,0.17863872137197667,0.3509113490581512,-12.181428067747438,0.0
1148,28.700000000000003,1.7576005677435197e+18,4.326728576982173,2.233565115734904,2.497140652734598,-0.2890404474786532,10.147518405373049,1.811584427113736,-2.0884473014326037,0.49038997457784683,0.4873108267784118,2.325195789337158,0.17194486339743964,2.325195789337158,0.2235495485679002,0.4873108267784118,2.424848318099976,0.17224435879380318,0.4309906363487243,2.424848318099976,0.215161552747678,0.4309906363487243,2.524256944656372,0.15136537765053992,0.3509113490581512,-12.29448227960342,0.0
1149,28.725,1.7576005677685197e+18,4.2756735684230565,2.1966576827090387,2.4442425046949214,-0.3537117961771879,10.19042403436529,2.015512275799284,-2.142618118212884,0.4944742657902206,0.4896943867206573,2.2261791229248047,0.21806338177011675,2.325195789337158,0.17194486339743964,0.4873108267784118,2.325195789337158,0.2235495485679002,0.4873108267784118,2.424848318099976,0.17224435879380318,0.4309906363487243,2.424848318099976,0.215161552747678,0.4309906363487243,-12.309552955546677,0.0
1150,28.750000000000004,1.7576005677935196e+18,4.198111220025961,2.1510799119553647,2.3914975225859685,-0.41918642352721924,10.269207769570796,2.1617238569827832,-2.133483174599905,0.4847606648844362,0.4896943867206573,2.2261791229248047,0.1653183996611638,2.2261791229248047,0.21806338177011675,0.4896943867206573,2.325195789337158,0.17194486339743964,0.4873108267784118,2.325195789337158,0.2235495485679002,0.4873108267784118,2.424848318099976,0.17224435879380318,0.4309906363487243,-12.320514066693333,0.0
1151,28.775000000000002,1.7576005678185198e+18,4.1581037210612735,2.117415443891935,2.3397725849910356,-0.4824253473209205,10.312773356064906,2.2544442511712854,-2.078076889355723,0.4610852101045252,0.4550657570362091,2.1276631355285645,0.21210944946247112,2.2261791229248047,0.1653183996611638,0.4896943867206573,2.2261791229248047,0.21806338177011675,0.4896943867206573,2.325195789337158,0.17194486339743964,0.4873108267784118,2.325195789337158,0.2235495485679002,0.4873108267784118,-12.145478059901304,0.0
1152,28.8,1.7576005678435197e+18,4.121926284131159,2.079295201580755,2.289479468528635,-0.5398732910643572,10.380196722799761,2.304619826621484,-1.995446933869522,0.42452423351119,0.4550657570362091,2.1276631355285645,0.1618163330000706,2.1276631355285645,0.21210944946247112,0.4550657570362091,2.2261791229248047,0.1653183996611638,0.4896943867206573,2.2261791229248047,0.21806338177011675,0.4896943867206573,2.325195789337158,0.17194486339743964,0.4873108267784118,-11.975870736763593,0.0
1153,28.825000000000003,1.7576005678685197e+18,4.087298863883859,2.044155277187138,2.2407828868663993,-0.5879911914511136,10.428048644382898,2.3262969208563544,-1.9031416646192107,0.377251000747116,0.3464785814285278,2.028562545776367,0.21222034109003207,2.1276631355285645,0.1618163330000706,0.4550657570362091,2.1276631355285645,0.21210944946247112,0.4550657570362091,2.2261791229248047,0.1653183996611638,0.4896943867206573,2.2261791229248047,0.21806338177011675,0.4896943867206573,-11.65375465517808,0.0
1154,28.85,1.75760056789352e+18,3.997389321109412,1.9261003540474055,2.1937834971891594,-0.6237188708334042,10.546519087152129,2.3331843610869973,-1.8153063050162828,0.32215646666461845,0.3464785814285278,2.028562545776367,0.16522095141279225,2.028562545776367,0.21222034109003207,0.3464785814285278,2.1276631355285645,0.1618163330000706,0.4550657570362091,2.1276631355285645,0.21210944946247112,0.4550657570362091,2.2261791229248047,0.1653183996611638,0.4896943867206573,-11.356842515453355,0.0
1155,28.875000000000004,1.7576005679185198e+18,3.997389321109412,1.9261003540474055,2.148586638949468,-0.6448002647935781,10.546519087152129,2.3359328679129874,-1.7420714542201408,0.2623198763969489,0.22733074426651,1.9286532402038572,0.2199333987456107,2.028562545776367,0.16522095141279225,0.3464785814285278,2.028562545776367,0.21222034109003207,0.3464785814285278,2.1276631355285645,0.1618163330000706,0.4550657570362091,2.1276631355285645,0.21210944946247112,0.4550657570362091,-11.008083812511929,0.0
1156,28.900000000000002,1.7576005679435197e+18,3.95339669262491,1.8533067541574664,2.10522500179818,-0.6498491005978092,10.637795402917945,2.340163393932271,-1.6895412646050632,0.2004897663946849,0.22733074426651,1.9286532402038572,0.17657176159432297,1.9286532402038572,0.2199333987456107,0.22733074426651,2.028562545776367,0.16522095141279225,0.3464785814285278,2.028562545776367,0.21222034109003207,0.3464785814285278,2.1276631355285645,0.1618163330000706,0.4550657570362091,-10.708081083313077,0.0
1157,28.925,1.7576005679685197e+18,3.9416259928675306,1.834447551443692,2.0634962028052555,-0.6380923647018413,10.659881313157971,2.3451353753385904,-1.6598057110798374,0.13873465082489486,0.1090465784072876,1.8286638259887693,0.23483237681648617,1.9286532402038572,0.17657176159432297,0.22733074426651,1.9286532402038572,0.2199333987456107,0.22733074426651,2.028562545776367,0.16522095141279225,0.3464785814285278,2.028562545776367,0.21222034109003207,0.3464785814285278,-10.443445832412996,0.0
1158,28.950000000000003,1.7576005679935196e+18,3.908855035221315,1.7349630084048042,2.0228569361566353,-0.6090745361172282,10.759237164608857,2.343171236390348,-1.6508566732689554,0.07834523525745174,0.1090465784072876,1.8286638259887693,0.194193110167866,1.8286638259887693,0.23483237681648617,0.1090465784072876,1.9286532402038572,0.17657176159432297,0.22733074426651,1.9286532402038572,0.2199333987456107,0.22733074426651,2.028562545776367,0.16522095141279225,0.3464785814285278,-10.241212172210977,0.0
1159,28.975,1.7576005680185198e+18,3.908855035221315,1.7349630084048042,1.9825084193891616,-0.5627785097644408,10.759237164608857,2.3203234272583404,-1.656763941381397,0.01996821873397472,-0.0062832017429172,1.72866952419281,0.2538388951963515,1.8286638259887693,0.194193110167866,0.1090465784072876,1.8286638259887693,0.23483237681648617,0.1090465784072876,1.9286532402038572,0.17657176159432297,0.22733074426651,1.9286532402038572,0.2199333987456107,0.22733074426651,-10.098278317884532,0.0
1160,29.000000000000004,1.7576005680435197e+18,3.886896559680277,1.6749243669111185,1.9416787156773314,-0.5002122617298951,10.848230091302533,2.258827322528927,-1.6686547589390464,-0.03612256695609735,-0.0062832017429172,1.72866952419281,0.21300919148452135,1.72866952419281,0.2538388951963515,-0.0062832017429172,1.8286638259887693,0.194193110167866,0.1090465784072876,1.8286638259887693,0.23483237681648617,0.1090465784072876,1.9286532402038572,0.17657176159432297,0.22733074426651,-10.012785707967376,0.0
1161,29.025000000000002,1.7576005680685197e+18,3.885719381236649,1.592840211799577,1.8999475253281959,-0.4239503010324077,10.92877552936812,2.141287474718648,-1.6768005063991085,-0.08973592911213223,-0.1148999333381652,1.6286698579788208,0.2712776673493751,1.72866952419281,0.21300919148452135,-0.0062832017429172,1.72866952419281,0.2538388951963515,-0.0062832017429172,1.8286638259887693,0.194193110167866,0.1090465784072876,1.8286638259887693,0.23483237681648617,0.1090465784072876,-9.961274425163351,0.0
1162,29.05,1.75760056809352e+18,3.878964207193351,1.5659442328030304,1.8574222008792485,-0.3381497717598573,10.962687619216375,1.9555453558103082,-1.6735528762080678,-0.14055084394786982,-0.1148999333381652,1.6286698579788208,0.22875234290042767,1.6286698579788208,0.2712776673493751,-0.1148999333381652,1.72866952419281,0.21300919148452135,-0.0062832017429172,1.72866952419281,0.2538388951963515,-0.0062832017429172,1.8286638259887693,0.194193110167866,0.1090465784072876,-9.948084912173016,0.0
1163,29.075000000000003,1.7576005681185198e+18,3.8713506502016446,1.5263324980924755,1.81468075647225,-0.24815250527093854,11.009292077425632,1.6985131701068068,-1.6562838197842402,-0.18803162001481083,-0.2116846293210983,1.5286699533462524,0.2860108031259976,1.6286698579788208,0.22875234290042767,-0.1148999333381652,1.6286698579788208,0.2712776673493751,-0.1148999333381652,1.72866952419281,0.21300919148452135,-0.0062832017429172,1.72866952419281,0.2538388951963515,-0.0062832017429172,-9.944612754890434,0.0
1164,29.1,1.7576005681435197e+18,3.872613548968357,1.486362557855913,1.7725139397222212,-0.16012248984244448,11.039385649506208,1.377516697468946,-1.6291962227687018,-0.2314699799640575,-0.2116846293210983,1.5286699533462524,0.2438439863759687,1.5286699533462524,0.2860108031259976,-0.2116846293210983,1.6286698579788208,0.22875234290042767,-0.1148999333381652,1.6286698579788208,0.2712776673493751,-0.1148999333381652,1.72866952419281,0.21300919148452135,-0.0062832017429172,-9.958152447874603,0.0
1165,29.125000000000004,1.7576005681685197e+18,3.8661101974829495,1.4366891134271496,1.7315457222743136,-0.08080012704094695,11.097132157829712,1.0087978152139632,-1.603076798329331,-0.27011552375915054,-0.2885109484195709,1.428670048713684,0.3028756735606295,1.5286699533462524,0.2438439863759687,-0.2116846293210983,1.5286699533462524,0.2860108031259976,-0.2116846293210983,1.6286698579788208,0.22875234290042767,-0.1148999333381652,1.6286698579788208,0.2712776673493751,-0.1148999333381652,-9.94664828885146,0.0
1166,29.150000000000002,1.7576005681935196e+18,3.8939942621061983,1.37515921071218,1.6918519733897124,-0.016930376429650146,11.095564130235847,0.6140795221683667,-1.5927153882145892,-0.3033386875459877,-0.2885109484195709,1.428670048713684,0.2631819246760283,1.428670048713684,0.3028756735606295,-0.2885109484195709,1.5286699533462524,0.2438439863759687,-0.2116846293210983,1.5286699533462524,0.2860108031259976,-0.2116846293210983,1.6286698579788208,0.22875234290042767,-0.1148999333381652,-9.938021377197558,0.0
1167,29.175,1.7576005682185198e+18,3.893305667291093,1.32889961366729,1.6527556307059668,0.025995395857152073,11.13311581995124,0.21667765550739748,-1.612555001300975,-0.3307720113752092,-0.3445901274681091,1.3286703824996948,0.32408524820627194,1.428670048713684,0.2631819246760283,-0.2885109484195709,1.428670048713684,0.3028756735606295,-0.2885109484195709,1.5286699533462524,0.2438439863759687,-0.2116846293210983,1.5286699533462524,0.2860108031259976,-0.2116846293210983,-9.89194514336849,0.0
1168,29.200000000000003,1.7576005682435197e+18,3.897384657359548,1.2964023048208246,1.6129486159776516,0.04539720670686856,11.109452712137976,-0.1616971704134522,-1.6718095101685755,-0.35238926252437214,-0.3445901274681091,1.3286703824996948,0.2842782334779568,1.3286703824996948,0.32408524820627194,-0.3445901274681091,1.428670048713684,0.2631819246760283,-0.2885109484195709,1.428670048713684,0.3028756735606295,-0.2885109484195709,1.5286699533462524,0.2438439863759687,-0.2116846293210983,-9.845589576651285,0.0
1169,29.225,1.7576005682685197e+18,3.90638308430372,1.2227362600707417,1.5709200483047152,0.04285576482484694,11.091417902015326,-0.5030694415373421,-1.7705105291609533,-0.3685020882787848,-0.3744219243526459,1.2286717891693115,0.3422482591354037,1.3286703824996948,0.2842782334779568,-0.3445901274681091,1.3286703824996948,0.32408524820627194,-0.3445901274681091,1.428670048713684,0.2631819246760283,-0.2885109484195709,1.428670048713684,0.3028756735606295,-0.2885109484195709,-9.698109757072974,0.0
1170,29.250000000000004,1.75760056829352e+18,3.907142606307364,1.186922429593428,1.5254859820854927,0.0242014222147506,11.071388474524706,-0.7944029259146795,-1.8976472434779215,-0.37967863327331686,-0.3744219243526459,1.2286717891693115,0.29681419291618116,1.2286717891693115,0.3422482591354037,-0.3744219243526459,1.3286703824996948,0.2842782334779568,-0.3445901274681091,1.3286703824996948,0.32408524820627194,-0.3445901274681091,1.428670048713684,0.2631819246760283,-0.2885109484195709,-9.55718856682386,0.0
1171,29.275000000000002,1.7576005683185198e+18,3.9103727372246246,1.1536756500004035,1.4761819043756652,-0.0017806125897135464,11.064170011065249,-1.0281230849904701,-2.031899495617091,-0.386614111996997,-0.3880268931388855,1.1287126541137695,0.3474692502618957,1.2286717891693115,0.29681419291618116,-0.3744219243526459,1.2286717891693115,0.3422482591354037,-0.3744219243526459,1.3286703824996948,0.2842782334779568,-0.3445901274681091,1.3286703824996948,0.32408524820627194,-0.3445901274681091,-9.266114082540724,0.0
1172,29.3,1.7576005683435197e+18,3.907052898340006,1.1178696567163766,1.4234015804766602,-0.025604898076760113,11.033874671329961,-1.2021523022296547,-2.144728101866276,-0.3899999394673397,-0.3880268931388855,1.1287126541137695,0.2946889263628907,1.1287126541137695,0.3474692502618957,-0.3880268931388855,1.2286717891693115,0.29681419291618116,-0.3744219243526459,1.2286717891693115,0.3422482591354037,-0.3744219243526459,1.3286703824996948,0.2842782334779568,-0.3445901274681091,-8.995688968309784,0.0
1173,29.325000000000003,1.7576005683685197e+18,3.9099675417172,1.0853788549183108,1.3683249891847722,-0.039475906573133365,11.019310071882535,-1.3196056922583095,-2.2050491286759093,-0.39043694300585824,-0.3880268931388855,1.1287126541137695,0.23961233507100266,1.1287126541137695,0.2946889263628907,-0.3880268931388855,1.1287126541137695,0.3474692502618957,-0.3880268931388855,1.2286717891693115,0.29681419291618116,-0.3744219243526459,1.2286717891693115,0.3422482591354037,-0.3744219243526459,-8.673449893477258,0.0
1174,29.35,1.7576005683935196e+18,3.9077481807203664,1.053619089058608,1.3127623208343182,-0.039046010093699034,10.972542065252329,-1.3881552902922247,-2.184506625503577,-0.38841906343914906,-0.3890753090381622,1.0298560857772827,0.2829062350570355,1.1287126541137695,0.23961233507100266,-0.3880268931388855,1.1287126541137695,0.2946889263628907,-0.3880268931388855,1.1287126541137695,0.3474692502618957,-0.3880268931388855,1.2286717891693115,0.29681419291618116,-0.3744219243526459,-8.292674428987999,0.0
1175,29.375000000000004,1.7576005684185198e+18,3.903542926331816,1.0161480692454616,1.2590042357978635,-0.024138516454453314,10.912095556760203,-1.4188795785321497,-2.062425355153464,-0.3843831522193194,-0.3874534070491791,1.0731528997421265,0.185851336055737,1.0298560857772827,0.2829062350570355,-0.3890753090381622,1.1287126541137695,0.23961233507100266,-0.3880268931388855,1.1287126541137695,0.2946889263628907,-0.3880268931388855,1.1287126541137695,0.3474692502618957,-0.3880268931388855,-7.906748899933714,0.0
1176,29.400000000000002,1.7576005684435197e+18,3.904006353949112,0.9999957204069024,1.2096574890876495,0.001633172960803666,10.895406461337373,-1.4244552999417257,-1.8297259964189987,-0.3787894162876227,-0.3874534070491791,1.0731528997421265,0.136504589345523,1.0731528997421265,0.185851336055737,-0.3874534070491791,1.0298560857772827,0.2829062350570355,-0.3890753090381622,1.1287126541137695,0.23961233507100266,-0.3880268931388855,1.1287126541137695,0.2946889263628907,-0.3880268931388855,-7.58162736986171,0.0
1177,29.425,1.7576005684685197e+18,3.905015768794149,0.9648134824664768,1.1673916427640585,0.0322197312315211,10.85905510884714,-1.4169510727726549,-1.4912832973877197,-0.3721851204741158,-0.3597939312458038,1.1670209169387815,0.00037072582527697406,1.0731528997421265,0.136504589345523,-0.3874534070491791,1.0731528997421265,0.185851336055737,-0.3874534070491791,1.0298560857772827,0.2829062350570355,-0.3890753090381622,1.1287126541137695,0.23961233507100266,-0.3880268931388855,-7.318174021396798,0.0
1178,29.450000000000003,1.75760056849352e+18,3.9061733174509903,0.9224842426302916,1.1346035420828724,0.06109878342155248,10.77827016038172,-1.4059463368667342,-1.0663492291436634,-0.36522549154124373,-0.3597939312458038,1.1670209169387815,-0.03241737485590912,1.1670209169387815,0.00037072582527697406,-0.3597939312458038,1.0731528997421265,0.136504589345523,-0.3874534070491791,1.0731528997421265,0.185851336055737,-0.3874534070491791,1.0298560857772827,0.2829062350570355,-0.3890753090381622,-7.124969693663061,0.0
1179,29.475,1.7576005685185198e+18,3.88726253838918,0.8899664187741743,1.113112308972279,0.08318202076909818,10.755270200252633,-1.397713910399451,-0.5867880449493903,-0.35865969054407626,-0.3671413958072662,1.266555905342102,-0.15344359636982308,1.1670209169387815,-0.03241737485590912,-0.3597939312458038,1.1670209169387815,0.00037072582527697406,-0.3597939312458038,1.0731528997421265,0.136504589345523,-0.3874534070491791,1.0731528997421265,0.185851336055737,-0.3874534070491791,-6.998439210415575,0.0
1180,29.500000000000004,1.7576005685435197e+18,3.8859242508877294,0.877360774523825,1.103968760755289,0.09594407447620693,10.740445681012433,-1.3956240047996924,-0.09306929268926753,-0.3532911175462676,-0.3671413958072662,1.266555905342102,-0.162587144586813,1.266555905342102,-0.15344359636982308,-0.3671413958072662,1.1670209169387815,-0.03241737485590912,-0.3597939312458038,1.1670209169387815,0.00037072582527697406,-0.3597939312458038,1.0731528997421265,0.136504589345523,-0.3874534070491791,-6.930240422976156,0.0
1181,29.525000000000002,1.7576005685685197e+18,3.8854762366827735,0.8611050547439478,1.1073348016352644,0.0994595412085689,10.706973359509213,-1.401230916696672,0.37168392891051794,-0.34988931506660026,-0.341580718755722,1.3662440776824951,-0.2589092760472307,1.266555905342102,-0.162587144586813,-0.3671413958072662,1.266555905342102,-0.15344359636982308,-0.3671413958072662,1.1670209169387815,-0.03241737485590912,-0.3597939312458038,1.1670209169387815,0.00037072582527697406,-0.3597939312458038,-6.906781070778169,0.0
1182,29.55,1.7576005685935196e+18,3.887752378999144,0.8410266703616576,1.1223540681505084,0.09561187562988652,10.665741110397757,-1.4152822265741956,0.7687908925767513,-0.34902857025879536,-0.341580718755722,1.3662440776824951,-0.2438900095319867,1.3662440776824951,-0.2589092760472307,-0.341580718755722,1.266555905342102,-0.162587144586813,-0.3671413958072662,1.266555905342102,-0.15344359636982308,-0.3671413958072662,1.1670209169387815,-0.03241737485590912,-0.3597939312458038,-6.912988086895193,0.0
1183,29.575000000000003,1.7576005686185198e+18,3.882681447712721,0.8181501611584716,1.1470677484057201,0.08700389995460686,10.635900014450378,-1.4382179335936158,1.0709192230904148,-0.35089020973009893,-0.3507583737373352,1.4661628007888794,-0.31909505238315927,1.3662440776824951,-0.2438900095319867,-0.341580718755722,1.3662440776824951,-0.2589092760472307,-0.341580718755722,1.266555905342102,-0.162587144586813,-0.3671413958072662,1.266555905342102,-0.15344359636982308,-0.3671413958072662,-6.934297459546481,0.0
1184,29.6,1.7576005686435197e+18,3.8631821954691374,0.7817969577454784,1.1785685077642156,0.07602190761701773,10.592815502930206,-1.4702115614879918,1.2671371913312144,-0.35513051292159764,-0.3507583737373352,1.4661628007888794,-0.28759429302466377,1.4661628007888794,-0.31909505238315927,-0.3507583737373352,1.3662440776824951,-0.2438900095319867,-0.341580718755722,1.3662440776824951,-0.2589092760472307,-0.341580718755722,1.266555905342102,-0.162587144586813,-0.3671413958072662,-6.9599262120660645,0.0
1185,29.625000000000004,1.7576005686685197e+18,3.838470048064676,0.745823033707405,1.2135278565508485,0.06437337023059024,10.536727029150676,-1.5110507182129815,1.3645798404218283,-0.36090671387190226,-0.3648761212825775,1.5659761428833008,-0.3524482863324523,1.4661628007888794,-0.28759429302466377,-0.3507583737373352,1.4661628007888794,-0.31909505238315927,-0.3507583737373352,1.3662440776824951,-0.2438900095319867,-0.341580718755722,1.3662440776824951,-0.2589092760472307,-0.341580718755722,-6.9840553881853165,0.0
1186,29.650000000000002,1.75760056869352e+18,3.838470048064676,0.745823033707405,1.2489806513409383,0.053277252430913656,10.536727029150676,-1.5600596822886184,1.3859184577445398,-0.36707447384771,-0.3648761212825775,1.5659761428833008,-0.3169954915423625,1.5659761428833008,-0.3524482863324523,-0.3648761212825775,1.4661628007888794,-0.28759429302466377,-0.3507583737373352,1.4661628007888794,-0.31909505238315927,-0.3507583737373352,1.3662440776824951,-0.2438900095319867,-0.341580718755722,-7.006518442915711,0.0
1187,29.675,1.7576005687185198e+18,3.831547012118146,0.7074718084091867,1.283030782112126,0.04415251181743716,10.477507453185424,-1.6160463181743314,1.3630103959597848,-0.3724853404962479,-0.3802621364593506,1.665884494781494,-0.38285371266936785,1.5659761428833008,-0.3169954915423625,-0.3648761212825775,1.5659761428833008,-0.3524482863324523,-0.3648761212825775,1.4661628007888794,-0.28759429302466377,-0.3507583737373352,1.4661628007888794,-0.31909505238315927,-0.3507583737373352,-7.030892199583814,0.0
1188,29.700000000000003,1.7576005687435197e+18,3.821998079379412,0.6841239798565564,1.3151574441008593,0.03920461996591547,10.444912085782232,-1.677204311373929,1.328370847432692,-0.3762695223024479,-0.3802621364593506,1.665884494781494,-0.3507270506806346,1.665884494781494,-0.38285371266936785,-0.3802621364593506,1.5659761428833008,-0.3169954915423625,-0.3648761212825775,1.5659761428833008,-0.3524482863324523,-0.3648761212825775,1.4661628007888794,-0.28759429302466377,-0.3507583737373352,-7.062758603176176,0.0
1189,29.725,1.7576005687685197e+18,3.790138625230853,0.656118176948639,1.3460213843230533,0.041193938732426966,10.389866928739737,-1.7410675124731094,1.3069449036584992,-0.377999949846259,-0.3756535947322845,1.7656745910644531,-0.41965320674139983,1.665884494781494,-0.3507270506806346,-0.3802621364593506,1.665884494781494,-0.38285371266936785,-0.3802621364593506,1.5659761428833008,-0.3169954915423625,-0.3648761212825775,1.5659761428833008,-0.3524482863324523,-0.3648761212825775,-7.107773437197621,0.0
1190,29.750000000000004,1.7576005687935196e+18,3.77716441846612,0.6337116671484107,1.3769116073427716,0.05218861981739988,10.356055737077927,-1.8047582552072368,1.3106795072302937,-0.37769123131407784,-0.3756535947322845,1.7656745910644531,-0.3887629837216815,1.7656745910644531,-0.41965320674139983,-0.3756535947322845,1.665884494781494,-0.3507270506806346,-0.3802621364593506,1.665884494781494,-0.38285371266936785,-0.3802621364593506,1.5659761428833008,-0.3169954915423625,-0.3648761212825775,-7.168950322554778,0.0
1191,29.775000000000002,1.7576005688185198e+18,3.7383760023809,0.583395167691414,1.409095677841593,0.0719497005983518,10.283972503629402,-1.865664255249785,1.3375236634492427,-0.37566582198601406,-0.3704036772251129,1.8651275634765625,-0.45603188563496944,1.7656745910644531,-0.3887629837216815,-0.3756535947322845,1.7656745910644531,-0.41965320674139983,-0.3756535947322845,1.665884494781494,-0.3507270506806346,-0.3802621364593506,1.665884494781494,-0.38285371266936785,-0.3802621364593506,-7.248618343775259,0.0
1192,29.8,1.7576005688435197e+18,3.7316917984563513,0.5730367337637099,1.443311324638954,0.09705854814337192,10.267921783172152,-1.9223503605454189,1.3750036774954857,-0.3723754166789301,-0.3704036772251129,1.8651275634765625,-0.42181623883760855,1.8651275634765625,-0.45603188563496944,-0.3704036772251129,1.7656745910644531,-0.3887629837216815,-0.3756535947322845,1.7656745910644531,-0.41965320674139983,-0.3756535947322845,1.665884494781494,-0.3507270506806346,-0.3802621364593506,-7.343138051890587,0.0
1193,29.825000000000003,1.7576005688685197e+18,3.723834225373593,0.5423729410862896,1.479522534369972,0.12159630263999006,10.236978372398742,-1.9752380441547497,1.4069567517497377,-0.3682642130889466,-0.3710551857948303,1.963685393333435,-0.484162858963463,1.8651275634765625,-0.42181623883760855,-0.3704036772251129,1.8651275634765625,-0.45603188563496944,-0.3704036772251129,1.7656745910644531,-0.3887629837216815,-0.3756535947322845,1.7656745910644531,-0.41965320674139983,-0.3756535947322845,-7.4503796781044676,0.0
1194,29.85,1.75760056889352e+18,3.687548756136918,0.5042780909249023,1.5169595374371172,0.13935843860504307,10.171192498143478,-2.026629500875336,1.4209268962924395,-0.3637082170366277,-0.3710551857948303,1.963685393333435,-0.44672585589631786,1.963685393333435,-0.484162858963463,-0.3710551857948303,1.8651275634765625,-0.42181623883760855,-0.3704036772251129,1.8651275634765625,-0.45603188563496944,-0.3704036772251129,1.7656745910644531,-0.3887629837216815,-0.3756535947322845,-7.562701374048142,0.0
1195,29.875000000000004,1.7576005689185198e+18,3.6351623756571456,0.4731328569263608,1.5544096991007814,0.14671530826859586,10.088958745414784,-2.079974548025351,1.413525796056334,-0.3590044061156336,-0.3550877869129181,2.0611894130706787,-0.5067797139698973,1.963685393333435,-0.44672585589631786,-0.3710551857948303,1.963685393333435,-0.484162858963463,-0.3710551857948303,1.8651275634765625,-0.42181623883760855,-0.3704036772251129,1.8651275634765625,-0.45603188563496944,-0.3704036772251129,-7.70559862722174,0.0
1196,29.900000000000002,1.7576005689435197e+18,3.620367651515432,0.4547549437324627,1.590677117854387,0.14474935873646266,10.056798561267296,-2.138593348017083,1.3918250015385127,-0.3543620610132996,-0.3550877869129181,2.0611894130706787,-0.4705122952162917,2.0611894130706787,-0.5067797139698973,-0.3550877869129181,1.963685393333435,-0.44672585589631786,-0.3710551857948303,1.963685393333435,-0.484162858963463,-0.3710551857948303,1.8651275634765625,-0.42181623883760855,-0.3704036772251129,-7.841543617831141,0.0
1197,29.925,1.7576005689685197e+18,3.5975303860148924,0.446957520160864,1.6250610612720942,0.13952969959039951,10.022267136073582,-2.2042360941083112,1.3703253676464207,-0.3498762164385553,-0.3458636403083801,2.159024477005005,-0.5339634157329107,2.0611894130706787,-0.4705122952162917,-0.3550877869129181,2.0611894130706787,-0.5067797139698973,-0.3550877869129181,1.963685393333435,-0.44672585589631786,-0.3710551857948303,1.963685393333435,-0.484162858963463,-0.3710551857948303,-8.140482141307372,0.0
1198,29.950000000000003,1.7576005689935196e+18,3.573173203472926,0.4175815065726649,1.65767830270934,0.14027580124538602,9.969445615479927,-2.2759666388839688,1.3647352418156395,-0.3455054803963093,-0.3458636403083801,2.159024477005005,-0.5013461742956649,2.159024477005005,-0.5339634157329107,-0.3458636403083801,2.0611894130706787,-0.4705122952162917,-0.3550877869129181,2.0611894130706787,-0.5067797139698973,-0.3550877869129181,1.963685393333435,-0.44672585589631786,-0.3710551857948303,-8.420945661427897,0.0
1199,29.975,1.7576005690185198e+18,3.5264524917063884,0.3851119042976376,1.689507270441692,0.1562009341109987,9.912880348591072,-2.3498758467187955,1.3850687357095606,-0.34109181125362587,-0.3390514254570007,2.257948160171509,-0.5684408897298168,2.159024477005005,-0.5013461742956649,-0.3458636403083801,2.159024477005005,-0.5339634157329107,-0.3458636403083801,2.0611894130706787,-0.4705122952162917,-0.3550877869129181,2.0611894130706787,-0.5067797139698973,-0.3550877869129181,-8.875448985801142,0.0
1200,30.000000000000004,1.7576005690435197e+18,3.500693096927765,0.363552305401869,1.7221164282796382,0.19338424260192308,9.867403778441744,-2.419895055399952,1.4309399062073553,-0.3364386188867143,-0.3390514254570007,2.257948160171509,-0.5358317318918706,2.257948160171509,-0.5684408897298168,-0.3390514254570007,2.159024477005005,-0.5013461742956649,-0.3458636403083801,2.159024477005005,-0.5339634157329107,-0.3458636403083801,2.0611894130706787,-0.4705122952162917,-0.3550877869129181,-9.298223806969713,0.0
1201,30.025000000000002,1.7576005690685197e+18,3.4041897964352668,0.3158166983070944,1.757120533833695,0.2527915666363987,9.730552831222463,-2.479526148678109,1.4911653245257852,-0.3314256533785904,-0.3308205902576446,2.3542046546936035,-0.5970841208599085,2.257948160171509,-0.5358317318918706,-0.3390514254570007,2.257948160171509,-0.5684408897298168,-0.3390514254570007,2.159024477005005,-0.5013461742956649,-0.3458636403083801,2.159024477005005,-0.5339634157329107,-0.3458636403083801,-9.87799949895119,0.0
1202,30.05,1.75760056909352e+18,3.375461074109471,0.3102590579383091,1.7955065771828327,0.32980161434938937,9.674438911750235,-2.523885768672948,1.5481007468352561,-0.32610876799305794,-0.3308205902576446,2.3542046546936035,-0.5586980775107708,2.3542046546936035,-0.5970841208599085,-0.3308205902576446,2.257948160171509,-0.5358317318918706,-0.3390514254570007,2.257948160171509,-0.5684408897298168,-0.3390514254570007,2.159024477005005,-0.5013461742956649,-0.3458636403083801,-10.411156128187951,0.0
1203,30.075000000000003,1.7576005691185198e+18,3.3363343943508745,0.2974315039459898,1.83708497036368,0.4149878610687683,9.632163081616483,-2.551247494710261,1.585132237651101,-0.3207445147889938,-0.3214748501777649,2.4428060054779053,-0.6057210351142253,2.3542046546936035,-0.5586980775107708,-0.3308205902576446,2.3542046546936035,-0.5970841208599085,-0.3308205902576446,2.257948160171509,-0.5358317318918706,-0.3390514254570007,2.257948160171509,-0.5684408897298168,-0.3390514254570007,-10.98007850054198,0.0
1204,30.1,1.7576005691435197e+18,3.3096890493329143,0.2865899696906746,1.880376715980482,0.4959418360205328,9.591119268713037,-2.563352837411268,1.5942396778798507,-0.3156990288732778,-0.3214748501777649,2.4428060054779053,-0.5624292894974232,2.4428060054779053,-0.6057210351142253,-0.3214748501777649,2.3542046546936035,-0.5586980775107708,-0.3308205902576446,2.3542046546936035,-0.5970841208599085,-0.3308205902576446,2.257948160171509,-0.5358317318918706,-0.3390514254570007,-11.591900427438183,0.0
1205,30.125000000000004,1.7576005691685197e+18,3.2592734886350563,0.2463540390744532,1.9231368554473376,0.5602261764629058,9.521428875159453,-2.5642840793023933,1.580268625374675,-0.3112462946264957,-0.3024206459522247,2.5358376502990723,-0.6127007948517347,2.4428060054779053,-0.5624292894974232,-0.3214748501777649,2.4428060054779053,-0.6057210351142253,-0.3214748501777649,2.3542046546936035,-0.5586980775107708,-0.3308205902576446,2.3542046546936035,-0.5970841208599085,-0.3308205902576446,-12.337393390966897,0.0
1206,30.150000000000002,1.7576005691935196e+18,3.211077372241319,0.2319911411751247,1.9634018248362493,0.5992473649561336,9.450326784063568,-2.5585086449263112,1.5597507466645466,-0.3073205467388207,-0.3024206459522247,2.5358376502990723,-0.572435825462823,2.5358376502990723,-0.6127007948517347,-0.3024206459522247,2.4428060054779053,-0.5624292894974232,-0.3214748501777649,2.4428060054779053,-0.6057210351142253,-0.3214748501777649,2.3542046546936035,-0.5586980775107708,-0.3308205902576446,-13.022543188165077,0.0
1207,30.175,1.7576005692185198e+18,3.1487909640104164,0.2220632089319103,2.000576671041027,0.6117814040816157,9.385234537727804,-2.5492127185215985,1.5544113742619547,-0.30333127549451255,-0.3012120723724365,2.6340491771698,-0.6334725061287729,2.5358376502990723,-0.572435825462823,-0.3024206459522247,2.5358376502990723,-0.6127007948517347,-0.3024206459522247,2.4428060054779053,-0.5624292894974232,-0.3214748501777649,2.4428060054779053,-0.6057210351142253,-0.3214748501777649,-13.841626376449813,0.0
1208,30.200000000000003,1.7576005692435197e+18,3.077649674832018,0.2221207675454581,2.035933154686038,0.60508084909369,9.30605731971568,-2.537768935230549,1.5819296479026188,-0.2981405595644815,-0.3012120723724365,2.6340491771698,-0.5981160224837616,2.6340491771698,-0.6334725061287729,-0.3012120723724365,2.5358376502990723,-0.572435825462823,-0.3024206459522247,2.5358376502990723,-0.6127007948517347,-0.3024206459522247,2.4428060054779053,-0.5624292894974232,-0.3214748501777649,-14.59532407830287,0.0
1209,30.225,1.7576005692685197e+18,3.034888430821391,0.2166096153062273,2.0721536489063146,0.5921032966511056,9.250236421527408,-2.524365678545665,1.6479328062951604,-0.29023438588019157,-0.2882975339889526,2.7327990531921387,-0.6606454042858241,2.6340491771698,-0.5981160224837616,-0.3012120723724365,2.6340491771698,-0.6334725061287729,-0.3012120723724365,2.5358376502990723,-0.572435825462823,-0.3024206459522247,2.5358376502990723,-0.6127007948517347,-0.3024206459522247,-15.393484491726582,0.0
1210,30.250000000000004,1.75760056929352e+18,2.953894401081131,0.2359450793374149,2.112097272301516,0.585482955067507,9.174964270009617,-2.5090890927350213,1.7428544459092856,-0.2780323042044886,-0.2882975339889526,2.7327990531921387,-0.6207017808906228,2.7327990531921387,-0.6606454042858241,-0.2882975339889526,2.6340491771698,-0.5981160224837616,-0.3012120723724365,2.6340491771698,-0.6334725061287729,-0.3012120723724365,2.5358376502990723,-0.572435825462823,-0.3024206459522247,-16.112359760029214,0.0
1211,30.275000000000002,1.7576005693185198e+18,2.890724479711628,0.2410178241589575,2.157423755669169,0.5911284304281613,9.09586621057127,-2.492515264324688,1.8452184389964608,-0.26022599490400655,-0.2504140436649322,2.8318347930908203,-0.6744110374216512,2.7327990531921387,-0.6207017808906228,-0.2882975339889526,2.7327990531921387,-0.6606454042858241,-0.2882975339889526,2.6340491771698,-0.5981160224837616,-0.3012120723724365,2.6340491771698,-0.6334725061287729,-0.3012120723724365,-16.757587214184248,0.0
1212,30.3,1.7576005693435197e+18,2.813439141011432,0.2279384485035804,2.2077894205869497,0.6050324806148338,9.062798579872764,-2.4752291972843565,1.9300262279793488,-0.2360384646659394,-0.2504140436649322,2.8318347930908203,-0.6240453725038706,2.8318347930908203,-0.6744110374216512,-0.2504140436649322,2.7327990531921387,-0.6207017808906228,-0.2882975339889526,2.7327990531921387,-0.6606454042858241,-0.2882975339889526,2.6340491771698,-0.5981160224837616,-0.3012120723724365,-17.312987165380065,0.0
1213,30.325000000000003,1.7576005693685197e+18,2.745348761126424,0.2401795471965302,2.26100657764488,0.6152382521236437,8.98220592045691,-2.4564204016392597,1.9785703097411167,-0.20533656515292845,-0.1910389959812164,2.925578355789185,-0.664571778144305,2.8318347930908203,-0.6240453725038706,-0.2504140436649322,2.8318347930908203,-0.6744110374216512,-0.2504140436649322,2.7327990531921387,-0.6207017808906228,-0.2882975339889526,2.7327990531921387,-0.6606454042858241,-0.2882975339889526,-17.77465189732033,0.0
1214,30.35,1.7576005693935196e+18,2.683032438540384,0.2881982368774678,2.3140560517268534,0.6079172533775368,8.924427020662069,-2.4323254347025007,1.985302522143565,-0.16858361371186031,-0.1910389959812164,2.925578355789185,-0.6115223040623317,2.925578355789185,-0.664571778144305,-0.1910389959812164,2.8318347930908203,-0.6240453725038706,-0.2504140436649322,2.8318347930908203,-0.6744110374216512,-0.2504140436649322,2.7327990531921387,-0.6207017808906228,-0.2882975339889526,-18.15736328244186,0.0
1215,30.375000000000004,1.7576005694185198e+18,2.608582563334525,0.3063557623045114,2.364434636553904,0.5742100191050395,8.847409567979241,-2.39539630736917,1.9587024905000117,-0.12666981930627874,-0.0960236266255378,3.0150067806243896,-0.6505721440704857,2.925578355789185,-0.6115223040623317,-0.1910389959812164,2.925578355789185,-0.664571778144305,-0.1910389959812164,2.8318347930908203,-0.6240453725038706,-0.2504140436649322,2.8318347930908203,-0.6744110374216512,-0.2504140436649322,-18.46462204332009,0.0
1216,30.400000000000002,1.7576005694435197e+18,2.5664466349013084,0.3381466530287287,2.411177330916332,0.5142155369256127,8.799472815007684,-2.3347051366246783,1.9158092998192537,-0.08069921923608858,-0.0960236266255378,3.0150067806243896,-0.6038294497080576,3.0150067806243896,-0.6505721440704857,-0.0960236266255378,2.925578355789185,-0.6115223040623317,-0.1910389959812164,2.925578355789185,-0.664571778144305,-0.1910389959812164,2.8318347930908203,-0.6240453725038706,-0.2504140436649322,-18.72398018860353,0.0
1217,30.425,1.7576005694685197e+18,2.5201675679397537,0.3806908451737592,2.4550647312602685,0.4361827722096436,8.737719100822323,-2.237594277318797,1.8729298143150228,-0.03182590898019634,-0.0134866256266832,3.10672926902771,-0.6516645377674415,3.0150067806243896,-0.6038294497080576,-0.0960236266255378,3.0150067806243896,-0.6505721440704857,-0.0960236266255378,2.925578355789185,-0.6115223040623317,-0.1910389959812164,2.925578355789185,-0.664571778144305,-0.1910389959812164,-18.943923986731576,0.0
1218,30.450000000000003,1.75760056949352e+18,2.479910574966992,0.4121620565165389,2.497933733253359,0.35157869307451256,8.712575236844899,-2.0922171468354973,1.8367155354657403,0.018804426506737894,-0.0134866256266832,3.10672926902771,-0.6087955357743509,3.10672926902771,-0.6516645377674415,-0.0134866256266832,3.0150067806243896,-0.6038294497080576,-0.0960236266255378,3.0150067806243896,-0.6505721440704857,-0.0960236266255378,2.925578355789185,-0.6115223040623317,-0.1910389959812164,-19.14646636833865,0.0
1219,30.475,1.7576005695185198e+18,2.438528907708831,0.4408833331806199,2.541465232592085,0.2689699311012297,8.667418958858665,-1.890380434530053,1.7995874539549055,0.07002682173223797,0.0951026082038879,3.165367841720581,-0.6239026091284963,3.10672926902771,-0.6087955357743509,-0.0134866256266832,3.10672926902771,-0.6516645377674415,-0.0134866256266832,3.0150067806243896,-0.6038294497080576,-0.0960236266255378,3.0150067806243896,-0.6505721440704857,-0.0960236266255378,-19.299383473065287,0.0
1220,30.500000000000004,1.7576005695435197e+18,2.3612196984245246,0.5102548587837052,2.586088260392934,0.19021353137511882,8.586651426807958,-1.6298964397126388,1.7415626856070987,0.12061358640266386,0.0951026082038879,3.165367841720581,-0.579279581327647,3.165367841720581,-0.6239026091284963,0.0951026082038879,3.10672926902771,-0.6087955357743509,-0.0134866256266832,3.10672926902771,-0.6516645377674415,-0.0134866256266832,3.0150067806243896,-0.6038294497080576,-0.0960236266255378,-19.448680288026658,0.0
1221,30.525000000000002,1.7576005695685197e+18,2.3215088003916438,0.5416577619086991,2.6305547236637015,0.11089722302354658,8.544740877132309,-1.315606385881323,1.637832430933941,0.16926533994067314,0.1987953186035156,3.094965696334839,-0.4644109726711374,3.165367841720581,-0.579279581327647,0.0951026082038879,3.165367841720581,-0.6239026091284963,0.0951026082038879,3.10672926902771,-0.6087955357743509,-0.0134866256266832,3.10672926902771,-0.6516645377674415,-0.0134866256266832,-19.425717192381548,0.0
1222,30.55,1.7576005695935196e+18,2.2717890238156744,0.6168927764693848,2.6723428132012828,0.024426547751919683,8.524389208951305,-0.9585941850212332,1.4691562075811968,0.21462099312241076,0.1987953186035156,3.094965696334839,-0.4226228831335561,3.094965696334839,-0.4644109726711374,0.1987953186035156,3.165367841720581,-0.579279581327647,0.0951026082038879,3.165367841720581,-0.6239026091284963,0.0951026082038879,3.10672926902771,-0.6087955357743509,-0.0134866256266832,-19.402138164876632,0.0
1223,30.575000000000003,1.7576005696185198e+18,2.21958724848347,0.7053325207628434,2.70859613677652,-0.07273088541494221,8.510934168056346,-0.5738810294736041,1.231162195426403,0.2552293232403878,0.2783897817134857,3.020949125289917,-0.3123529885133971,3.094965696334839,-0.4226228831335561,0.1987953186035156,3.094965696334839,-0.4644109726711374,0.1987953186035156,3.165367841720581,-0.579279581327647,0.0951026082038879,3.165367841720581,-0.6239026091284963,0.0951026082038879,-19.20681872937358,0.0
1224,30.6,1.7576005696435197e+18,2.180873381737459,0.7480012029384491,2.737090136302726,-0.1774810189096835,8.48755023048006,-0.17765434621819937,0.939204003296489,0.28945342250693873,0.2783897817134857,3.020949125289917,-0.2838589889871912,3.020949125289917,-0.3123529885133971,0.2783897817134857,3.094965696334839,-0.4226228831335561,0.1987953186035156,3.094965696334839,-0.4644109726711374,0.1987953186035156,3.165367841720581,-0.579279581327647,0.0951026082038879,-19.01949242899985,0.0
1225,30.625000000000004,1.7576005696685197e+18,2.1696806176625314,0.8145945996221224,2.7568294539768554,-0.2799423391504963,8.516162228102637,0.21478986996938046,0.6270949082969453,0.31537090047473754,0.2783897817134857,3.020949125289917,-0.2641196713130616,3.020949125289917,-0.2838589889871912,0.2783897817134857,3.020949125289917,-0.3123529885133971,0.2783897817134857,3.094965696334839,-0.4226228831335561,0.1987953186035156,3.094965696334839,-0.4644109726711374,0.1987953186035156,-18.748783885340405,0.0
1226,30.650000000000002,1.75760056969352e+18,2.098600863234892,0.9044070897117392,2.7681741960378643,-0.36657592272642736,8.50045219318348,0.5899462011894175,0.3400588948251615,0.3308197629566241,0.3402545154094696,3.031449317932129,-0.2632751218942646,3.020949125289917,-0.2641196713130616,0.2783897817134857,3.020949125289917,-0.2838589889871912,0.2783897817134857,3.020949125289917,-0.3123529885133971,0.2783897817134857,3.094965696334839,-0.4226228831335561,0.1987953186035156,-18.5153553788657,0.0
1227,30.675,1.7576005697185198e+18,2.086415866323798,0.9198033853676796,2.772642656045743,-0.42499057157787584,8.497759067292648,0.9363663649405937,0.12389941772385014,0.33371710419149336,0.3470292091369629,3.0834708213806152,-0.31082816533487234,3.031449317932129,-0.2632751218942646,0.3402545154094696,3.020949125289917,-0.2641196713130616,0.2783897817134857,3.020949125289917,-0.2838589889871912,0.2783897817134857,3.020949125289917,-0.3123529885133971,0.2783897817134857,-18.27200129953966,0.0
1228,30.700000000000003,1.7576005697435197e+18,2.025212259130733,1.0311007757212327,2.7726034794564365,-0.4483719657320909,8.541875785218044,1.2451205192554264,0.013301187987194497,0.3226056096583575,0.3470292091369629,3.0834708213806152,-0.31086734192417875,3.0834708213806152,-0.31082816533487234,0.3470292091369629,3.031449317932129,-0.2632751218942646,0.3402545154094696,3.020949125289917,-0.2641196713130616,0.2783897817134857,3.020949125289917,-0.2838589889871912,0.2783897817134857,-18.073872804867747,0.0
1229,30.725,1.7576005697685197e+18,1.9815350701946208,1.0879339679402409,2.770966553638615,-0.43798368985069275,8.589776798960227,1.5106852630267702,0.022292073029172393,0.29718691786644713,0.2801629900932312,3.145682573318481,-0.374716019679866,3.0834708213806152,-0.31086734192417875,0.3470292091369629,3.0834708213806152,-0.31082816533487234,0.3470292091369629,3.031449317932129,-0.2632751218942646,0.3402545154094696,3.020949125289917,-0.2641196713130616,0.2783897817134857,-17.92097958618044,0.0
1230,30.750000000000004,1.7576005697935196e+18,1.930197722124272,1.1534405461408337,2.7708324222490504,-0.4029712111023225,8.621929475667894,1.73159796034996,0.1393377887040826,0.2585715605628476,0.2801629900932312,3.145682573318481,-0.37485015106943065,3.145682573318481,-0.374716019679866,0.2801629900932312,3.0834708213806152,-0.31086734192417875,0.3470292091369629,3.0834708213806152,-0.31082816533487234,0.3470292091369629,3.031449317932129,-0.2632751218942646,0.3402545154094696,-17.815726311399768,0.0
1231,30.775000000000002,1.7576005698185198e+18,1.8576549673888896,1.2201194859065077,2.7749957449089164,-0.3574901050914642,8.694044814761282,1.909853337504055,0.32849408006540654,0.20914743182467166,0.1724372953176498,3.211090087890625,-0.43609434298170857,3.145682573318481,-0.37485015106943065,0.2801629900932312,3.145682573318481,-0.374716019679866,0.2801629900932312,3.0834708213806152,-0.31086734192417875,0.3470292091369629,3.0834708213806152,-0.31082816533487234,0.3470292091369629,-17.86473610645612,0.0
1232,30.8,1.7576005698435197e+18,1.8171286589511253,1.262747504552385,2.7852830748042443,-0.3160975192965948,8.73170108519204,2.0485740413306446,0.5366583653755462,0.15219112069387614,0.1724372953176498,3.211090087890625,-0.4258070130863807,3.211090087890625,-0.43609434298170857,0.1724372953176498,3.145682573318481,-0.37485015106943065,0.2801629900932312,3.145682573318481,-0.374716019679866,0.2801629900932312,3.0834708213806152,-0.31086734192417875,0.3470292091369629,-17.939433852755176,0.0
1233,30.825000000000003,1.7576005698685197e+18,1.7808456603157483,1.3009121536896833,2.801898191486634,-0.28915593405458867,8.765414553339546,2.1485870196201953,0.7054497355294902,0.09145774261046595,0.0569308176636695,3.220374822616577,-0.41847663112994304,3.211090087890625,-0.4258070130863807,0.1724372953176498,3.211090087890625,-0.43609434298170857,0.1724372953176498,3.145682573318481,-0.37485015106943065,0.2801629900932312,3.145682573318481,-0.374716019679866,0.2801629900932312,-18.104237860629546,0.0
1234,30.85,1.75760056989352e+18,1.7135732315607548,1.3626482813694991,2.823103298478793,-0.28007937355724677,8.839166505300296,2.205372821769976,0.7849245756605221,0.0309375448911943,0.0569308176636695,3.220374822616577,-0.3972715241377842,3.220374822616577,-0.41847663112994304,0.0569308176636695,3.211090087890625,-0.4258070130863807,0.1724372953176498,3.211090087890625,-0.43609434298170857,0.1724372953176498,3.145682573318481,-0.37485015106943065,0.2801629900932312,-18.262087384652816,0.0
1235,30.875000000000004,1.7576005699185198e+18,1.6452052127729373,1.407699285795077,2.845517175281267,-0.2853808929225189,8.908995143883594,2.2079310871713176,0.745616736520036,-0.025189624779835804,-0.0369464643299579,3.1243836879730225,-0.27886651269175555,3.220374822616577,-0.3972715241377842,0.0569308176636695,3.220374822616577,-0.41847663112994304,0.0569308176636695,3.211090087890625,-0.4258070130863807,0.1724372953176498,3.211090087890625,-0.43609434298170857,0.1724372953176498,-18.39469062863995,0.0
1236,30.900000000000002,1.7576005699435197e+18,1.611854304874227,1.4349317244800617,2.8650313315819096,-0.29716483821039014,8.944983526894763,2.1405328946024236,0.5856200879665926,-0.0725460417472577,-0.0369464643299579,3.1243836879730225,-0.25935235639111287,3.1243836879730225,-0.27886651269175555,-0.0369464643299579,3.220374822616577,-0.3972715241377842,0.0569308176636695,3.220374822616577,-0.41847663112994304,0.0569308176636695,3.211090087890625,-0.4258070130863807,0.1724372953176498,-18.505164335256854,0.0
1237,30.925,1.7576005699685197e+18,1.5414253942701368,1.4655536600479926,2.8780053700791353,-0.30672260316060473,8.997979291436646,1.9873970264778589,0.3306783000439138,-0.10673103490581529,-0.1110076606273651,3.0249600410461426,-0.14695467096700732,3.1243836879730225,-0.25935235639111287,-0.0369464643299579,3.1243836879730225,-0.27886651269175555,-0.0369464643299579,3.220374822616577,-0.3972715241377842,0.0569308176636695,3.220374822616577,-0.41847663112994304,0.0569308176636695,-18.59272740872002,0.0
1238,30.950000000000003,1.7576005699935196e+18,1.4836026157967497,1.5044855595061382,2.882255415287196,-0.30768207837593553,9.052904470929594,1.739158955370214,0.027198708625217085,-0.12385429261607063,-0.1110076606273651,3.0249600410461426,-0.1427046257589466,3.0249600410461426,-0.14695467096700732,-0.1110076606273651,3.1243836879730225,-0.25935235639111287,-0.0369464643299579,3.1243836879730225,-0.27886651269175555,-0.0369464643299579,3.220374822616577,-0.3972715241377842,0.0569308176636695,-18.669336930868226,0.0
1239,30.975,1.7576005700185198e+18,1.3779059748995612,1.5470703058976762,2.8774938832424484,-0.2976333405415709,9.10191398952659,1.398908061982025,-0.2698544420726076,-0.12138657619059778,-0.1492615491151809,2.924997091293335,-0.04750320805088659,3.0249600410461426,-0.1427046257589466,-0.1110076606273651,3.0249600410461426,-0.14695467096700732,-0.1110076606273651,3.1243836879730225,-0.25935235639111287,-0.0369464643299579,3.1243836879730225,-0.27886651269175555,-0.0369464643299579,-18.743850271480685,0.0
1240,31.000000000000004,1.7576005700435197e+18,1.3138278628726203,1.5817321033409004,2.865172162549067,-0.2779016497149735,9.152236247643685,0.9853150933904438,-0.510788328703101,-0.09901949133913267,-0.1492615491151809,2.924997091293335,-0.059824928744268036,2.924997091293335,-0.04750320805088659,-0.1492615491151809,3.0249600410461426,-0.1427046257589466,-0.1110076606273651,3.0249600410461426,-0.14695467096700732,-0.1110076606273651,3.1243836879730225,-0.25935235639111287,-0.0369464643299579,-18.824599849261194,0.0
1241,31.025000000000002,1.7576005700685197e+18,1.2558974267933816,1.5890910981364628,2.847901637093638,-0.2518550249565349,9.135916340608672,0.5314957897226142,-0.6629485964517405,-0.059087832894823354,-0.0225272458046674,2.9840192794799805,-0.13611764238634239,2.924997091293335,-0.059824928744268036,-0.1492615491151809,2.924997091293335,-0.04750320805088659,-0.1492615491151809,3.0249600410461426,-0.1427046257589466,-0.1110076606273651,3.0249600410461426,-0.14695467096700732,-0.1110076606273651,-19.071374376563444,0.0
1242,31.05,1.75760057009352e+18,1.173878255945927,1.6152777642104663,2.8286948972353727,-0.22271435006183093,9.158006170863786,0.08018178418086212,-0.7173975214671797,-0.0062450472517355925,-0.0225272458046674,2.9840192794799805,-0.15532438224460776,2.9840192794799805,-0.13611764238634239,-0.0225272458046674,2.924997091293335,-0.059824928744268036,-0.1492615491151809,2.924997091293335,-0.04750320805088659,-0.1492615491151809,3.0249600410461426,-0.1427046257589466,-0.1110076606273651,-19.324984146107756,0.0
1243,31.075000000000003,1.7576005701185198e+18,1.1253490592806208,1.6406339875087208,2.8102328140383848,-0.19210020290464855,9.159286770817427,-0.3228918519803765,-0.6890683262220887,0.053550443584219565,0.0962820425629615,2.915964365005493,-0.1057315509671084,2.9840192794799805,-0.15532438224460776,-0.0225272458046674,2.9840192794799805,-0.13611764238634239,-0.0225272458046674,2.924997091293335,-0.059824928744268036,-0.1492615491151809,2.924997091293335,-0.04750320805088659,-0.1492615491151809,-19.609354418446838,0.0
1244,31.1,1.7576005701435197e+18,1.004020663721954,1.68257012368533,2.794302105820599,-0.16017644820196364,9.140177758907043,-0.635533109048119,-0.6108563451073753,0.1143322896437852,0.0962820425629615,2.915964365005493,-0.12166225918489415,2.915964365005493,-0.1057315509671084,0.0962820425629615,2.9840192794799805,-0.15532438224460776,-0.0225272458046674,2.9840192794799805,-0.13611764238634239,-0.0225272458046674,2.924997091293335,-0.059824928744268036,-0.1492615491151809,-19.882382055282275,0.0
1245,31.125000000000004,1.7576005701685197e+18,0.9825037265046506,1.6884697742224315,2.781489933147222,-0.1272173259732232,9.13852791901032,-0.8246155862559826,-0.523738706505595,0.17120563892685592,0.2006751447916031,2.8209450244903564,-0.03945509134313463,2.915964365005493,-0.12166225918489415,0.0962820425629615,2.915964365005493,-0.1057315509671084,0.0962820425629615,2.9840192794799805,-0.15532438224460776,-0.0225272458046674,2.9840192794799805,-0.13611764238634239,-0.0225272458046674,-20.136998699373088,0.0
1246,31.150000000000002,1.7576005701935196e+18,0.8954915686884637,1.7123273204154716,2.771163561312827,-0.09533821783067901,9.131856145606175,-0.8702478757074437,-0.4659453280777906,0.22088109533067007,0.2006751447916031,2.8209450244903564,-0.04978146317752952,2.8209450244903564,-0.03945509134313463,0.2006751447916031,2.915964365005493,-0.12166225918489415,0.0962820425629615,2.915964365005493,-0.1057315509671084,0.0962820425629615,2.9840192794799805,-0.15532438224460776,-0.0225272458046674,-20.35902452134442,0.0
1247,31.175,1.7576005702185198e+18,0.8220975306998137,1.7292484978803313,2.7617078964506714,-0.06884849633673237,9.079548815238695,-0.7683028363987473,-0.46422506696506133,0.26162487448726623,0.2661970853805542,2.721845865249634,0.039862031201037595,2.8209450244903564,-0.04978146317752952,0.2006751447916031,2.8209450244903564,-0.03945509134313463,0.2006751447916031,2.915964365005493,-0.12166225918489415,0.0962820425629615,2.915964365005493,-0.1057315509671084,0.0962820425629615,-20.542712038711283,0.0
1248,31.200000000000003,1.7576005702435197e+18,0.7517209793391797,1.762645945229638,2.750954423813742,-0.05258697677551522,9.057788637233601,-0.5309413737500955,-0.5293987935354505,0.2928365472317148,0.2661970853805542,2.721845865249634,0.02910855856410821,2.721845865249634,0.039862031201037595,0.2661970853805542,2.8209450244903564,-0.04978146317752952,0.2006751447916031,2.8209450244903564,-0.03945509134313463,0.2006751447916031,2.915964365005493,-0.12166225918489415,0.0962820425629615,-20.68554834354461,0.0
1249,31.225,1.7576005702685197e+18,0.7029829918802375,1.778361421948615,2.736712305032368,-0.04912485601915235,9.043713628176762,-0.1849291545419386,-0.6569251753906856,0.31458302623931367,0.3203514218330383,2.623723030090332,0.11298927494203603,2.721845865249634,0.02910855856410821,0.2661970853805542,2.721845865249634,0.039862031201037595,0.2661970853805542,2.8209450244903564,-0.04978146317752952,0.2006751447916031,2.8209450244903564,-0.03945509134313463,0.2006751447916031,-20.790622450372695,0.0
1250,31.250000000000004,1.75760057029352e+18,0.6273645339751734,1.820161666928312,2.7172934224516023,-0.05668968476968389,9.049260856026013,0.232147112030463,-0.8315514946860086,0.32736842089823875,0.3203514218330383,2.623723030090332,0.0935703923612703,2.623723030090332,0.11298927494203603,0.3203514218330383,2.721845865249634,0.02910855856410821,0.2661970853805542,2.721845865249634,0.039862031201037595,0.2661970853805542,2.8209450244903564,-0.04978146317752952,0.2006751447916031,-20.862370457672586,0.0
1251,31.275000000000002,1.7576005703185198e+18,0.5772466480801626,1.8397180343833657,2.691904901451366,-0.0693028536995461,9.04518703967046,0.6773703387595147,-1.0337903620329796,0.3322372021935603,0.3401093184947967,2.523742198944092,0.16816270250727428,2.623723030090332,0.0935703923612703,0.3203514218330383,2.623723030090332,0.11298927494203603,0.3203514218330383,2.721845865249634,0.02910855856410821,0.2661970853805542,2.721845865249634,0.039862031201037595,0.2661970853805542,-20.906317204627783,0.0
1252,31.3,1.7576005703435197e+18,0.4792728828920185,1.881072497006809,2.6607831875293595,-0.07924414014267238,9.073294715259477,1.1089550879048822,-1.2454248733525144,0.3310897037800048,0.3401093184947967,2.523742198944092,0.1370409885852677,2.523742198944092,0.16816270250727428,0.3401093184947967,2.623723030090332,0.0935703923612703,0.3203514218330383,2.623723030090332,0.11298927494203603,0.3203514218330383,2.721845865249634,0.02910855856410821,0.2661970853805542,-20.931092549042585,0.0
1253,31.325000000000003,1.7576005703685197e+18,0.4272976366791798,1.903043569928332,2.6249942884315796,-0.0805890721832565,9.085117150791607,1.4924870816752258,-1.4517775592636522,0.32694133424164157,0.3309149444103241,2.423758745193481,0.20123554323809856,2.523742198944092,0.1370409885852677,0.3401093184947967,2.523742198944092,0.16816270250727428,0.3401093184947967,2.623723030090332,0.0935703923612703,0.3203514218330383,2.623723030090332,0.11298927494203603,0.3203514218330383,-20.94207734689452,0.0
1254,31.35,1.7576005703935196e+18,0.3367986854931426,1.925002686874827,2.585947530547909,-0.07206402472071487,9.1539212747684,1.8054879767342185,-1.640016121560078,0.32383632406516905,0.3309149444103241,2.423758745193481,0.16218878535442816,2.423758745193481,0.20123554323809856,0.3309149444103241,2.523742198944092,0.1370409885852677,0.3401093184947967,2.523742198944092,0.16816270250727428,0.3401093184947967,2.623723030090332,0.0935703923612703,0.3203514218330383,-20.945109512952886,0.0
1255,31.375000000000004,1.7576005704185198e+18,0.2861585006270131,1.9455052661159096,2.5448337651767545,-0.05794927425709068,9.180925525198589,2.0392111606898475,-1.7948267029965022,0.32622611967802234,0.3414371907711029,2.3251309394836426,0.21970282569311195,2.423758745193481,0.16218878535442816,0.3309149444103241,2.423758745193481,0.20123554323809856,0.3309149444103241,2.523742198944092,0.1370409885852677,0.3401093184947967,2.523742198944092,0.16816270250727428,0.3401093184947967,-20.945340086005384,0.0
1256,31.400000000000002,1.7576005704435197e+18,0.2160867116367586,1.9648179040010385,2.5022978536164655,-0.04671459340354387,9.240004776046511,2.1974634061951654,-1.894542670321553,0.33780158098832197,0.3414371907711029,2.3251309394836426,0.17716691413282293,2.3251309394836426,0.21970282569311195,0.3414371907711029,2.423758745193481,0.16218878535442816,0.3309149444103241,2.423758745193481,0.20123554323809856,0.3309149444103241,2.523742198944092,0.1370409885852677,0.3401093184947967,-20.944744933466882,0.0
1257,31.425,1.7576005704685197e+18,0.1377093518223526,1.96197229923868,2.4585801201994033,-0.04792134082483629,9.299551032670253,2.2931334570381545,-1.9113881364217724,0.3599918001037946,0.3557470142841339,2.2267942428588867,0.2317858773405166,2.3251309394836426,0.17716691413282293,0.3414371907711029,2.3251309394836426,0.21970282569311195,0.3414371907711029,2.423758745193481,0.16218878535442816,0.3309149444103241,2.423758745193481,0.20123554323809856,0.3309149444103241,-20.947791432942854,0.0
1258,31.450000000000003,1.75760057049352e+18,0.0636155965689546,1.9746653714760651,2.4141066612123137,-0.06849229441023603,9.372495241794066,2.3436050499286414,-1.8183246132177613,0.390579797311437,0.3557470142841339,2.2267942428588867,0.18731241835342693,2.2267942428588867,0.2317858773405166,0.3557470142841339,2.3251309394836426,0.17716691413282293,0.3414371907711029,2.3251309394836426,0.21970282569311195,0.3414371907711029,2.423758745193481,0.16218878535442816,0.3309149444103241,-20.95467212475729,0.0
1259,31.475,1.7576005705185198e+18,0.0118439451283025,1.986197620735292,2.3702015973305057,-0.10976040492253022,9.416892299095661,2.366319379681168,-1.6022029286769246,0.42306339651103597,0.3977750539779663,2.1813952922821045,0.18880630504840124,2.2267942428588867,0.18731241835342693,0.3557470142841339,2.2267942428588867,0.2317858773405166,0.3557470142841339,2.3251309394836426,0.17716691413282293,0.3414371907711029,2.3251309394836426,0.21970282569311195,0.3414371907711029,-21.01970471490524,0.0
1260,31.500000000000004,1.7576005705435197e+18,-0.040356673420717,1.9844247893047364,2.329421201370044,-0.16656430022964278,9.476733455278168,2.375513668905407,-1.2794450261162567,0.4473747237909836,0.3977750539779663,2.1813952922821045,0.14802590908793967,2.1813952922821045,0.18880630504840124,0.3977750539779663,2.2267942428588867,0.18731241835342693,0.3557470142841339,2.2267942428588867,0.2317858773405166,0.3557470142841339,2.3251309394836426,0.17716691413282293,0.3414371907711029,-21.084687997301824,0.0
1261,31.525000000000002,1.7576005705685197e+18,-0.1189108465480934,1.9966902187453912,2.295091016857068,-0.22885080709502295,9.549371470246797,2.380638647249964,-0.9077849686676316,0.4522404778530985,0.4478766918182373,2.2352488040924072,0.05984221276466073,2.1813952922821045,0.14802590908793967,0.3977750539779663,2.1813952922821045,0.18880630504840124,0.3977750539779663,2.2267942428588867,0.18731241835342693,0.3557470142841339,2.2267942428588867,0.2317858773405166,0.3557470142841339,-21.296123451886537,0.0
1262,31.55,1.7576005705935196e+18,-0.1943594229558654,1.9818724384703412,2.269949339764076,-0.28507179262401533,9.640399495750055,2.3863011733479875,-0.5871353308990238,0.42881092573780283,0.4478766918182373,2.2352488040924072,0.03470053567166875,2.2352488040924072,0.05984221276466073,0.4478766918182373,2.1813952922821045,0.14802590908793967,0.3977750539779663,2.1813952922821045,0.18880630504840124,0.3977750539779663,2.2267942428588867,0.18731241835342693,0.3557470142841339,-21.490175259115297,0.0
1263,31.575000000000003,1.7576005706185198e+18,-0.2287520923873032,1.9824392652517315,2.2542475487077804,-0.3258358063041571,9.675188244728416,2.3930894335598314,-0.44515768891574425,0.3743889078754697,0.5038811564445496,2.332695245742798,-0.07844769703501742,2.2352488040924072,0.03470053567166875,0.4478766918182373,2.2352488040924072,0.05984221276466073,0.4478766918182373,2.1813952922821045,0.14802590908793967,0.3977750539779663,2.1813952922821045,0.18880630504840124,0.3977750539779663,-21.85463375927631,0.0
1264,31.6,1.7576005706435197e+18,-0.2890406276107065,1.97298877672308,2.2440521005135197,-0.3463026390662843,9.745620969754555,2.398532685434608,-0.6081592677832895,0.2945486375117736,0.5038811564445496,2.332695245742798,-0.08864314522927819,2.332695245742798,-0.07844769703501742,0.5038811564445496,2.2352488040924072,0.03470053567166875,0.4478766918182373,2.2352488040924072,0.05984221276466073,0.4478766918182373,2.1813952922821045,0.14802590908793967,0.3977750539779663,-22.18712089088156,0.0
1265,31.625000000000004,1.7576005706685197e+18,-0.3357204476160307,1.9687277967856345,2.230626179507165,-0.3465912658395766,9.796906155090946,2.39771304591516,-1.1638637479470135,0.20219394602308782,0.0,0.0,2.230626179507165,2.332695245742798,-0.08864314522927819,0.5038811564445496,2.332695245742798,-0.07844769703501742,0.5038811564445496,2.2352488040924072,0.03470053567166875,0.4478766918182373,2.2352488040924072,0.05984221276466073,0.4478766918182373,-20.25937038493502,0.0
1266,31.650000000000002,1.75760057069352e+18,-0.3781191647385729,1.937799680038374,2.2015126522600763,-0.3304600930752315,9.854277589694455,2.3834838320957243,-2.1270964591289387,0.11345298934381888,0.0,0.0,2.2015126522600763,0.0,2.230626179507165,0.0,2.332695245742798,-0.08864314522927819,0.5038811564445496,2.332695245742798,-0.07844769703501742,0.5038811564445496,2.2352488040924072,0.03470053567166875,0.4478766918182373,-18.321039657350976,0.0
1267,31.675,1.7576005707185198e+18,-0.4238276923947861,1.927939764754092,2.143350291207988,-0.3032132831879697,9.907989977501593,2.346584166059521,-3.420417441322843,0.042132448686754385,0.0,0.0,2.143350291207988,0.0,2.2015126522600763,0.0,0.0,2.230626179507165,0.0,2.332695245742798,-0.08864314522927819,0.5038811564445496,2.332695245742798,-0.07844769703501742,0.5038811564445496,-16.50177461434926,0.0
1268,31.700000000000003,1.7576005707435197e+18,-0.4933402800529478,1.8987070481330992,2.0457318457509257,-0.2699513324643943,9.979310782989632,2.276064906468796,-4.87834709067727,-0.004611299856382965,0.0,0.0,2.0457318457509257,0.0,2.143350291207988,0.0,0.0,2.2015126522600763,0.0,0.0,2.230626179507165,0.0,2.332695245742798,-0.08864314522927819,0.5038811564445496,-14.740321002076291,0.0
1269,31.725,1.7576005707685197e+18,-0.5353787929149272,1.8832832844488576,1.9048254870095036,-0.23485282346139705,10.030005482022851,2.160492503978956,-6.276873332201467,-0.027487537088106966,-0.0,-0.0,1.9048254870095036,0.0,2.0457318457509257,0.0,0.0,2.143350291207988,0.0,0.0,2.2015126522600763,0.0,0.0,2.230626179507165,0.0,-13.17774377420219,0.0
1270,31.750000000000004,1.7576005707935196e+18,-0.5495765552660101,1.8655229443621923,1.7253455249613021,-0.20137789681357585,10.056262590123833,1.9903925010518517,-7.381735652764258,-0.0330561589370641,-0.0,-0.0,1.7253455249613021,-0.0,1.9048254870095036,-0.0,0.0,2.0457318457509257,0.0,0.0,2.143350291207988,0.0,0.0,2.2015126522600763,0.0,-11.74921244215707,0.0
1271,31.775000000000002,1.7576005708185198e+18,-0.5911627234677397,1.8389087546415577,1.5199825412907564,-0.17267526625776106,10.11718790887845,1.7619863754321197,-8.002526291905008,-0.029835868109866433,-0.0,-0.0,1.5199825412907564,-0.0,1.7253455249613021,-0.0,-0.0,1.9048254870095036,-0.0,0.0,2.0457318457509257,0.0,0.0,2.143350291207988,0.0,-10.576699151128208,0.0
1272,31.8,1.7576005708435197e+18,-0.6264178985357338,1.8017454375301885,1.306423900330951,-0.15145819477353809,10.184471794210491,1.4812439403059914,-8.037352760435903,-0.024372907125495606,-0.0,-0.0,1.306423900330951,-0.0,1.5199825412907564,-0.0,-0.0,1.7253455249613021,-0.0,-0.0,1.9048254870095036,-0.0,0.0,2.0457318457509257,0.0,-9.56496417716015,0.0
1273,31.825000000000003,1.7576005708685197e+18,-0.6527016045141876,1.7820316030987922,1.1030721326488613,-0.13914942719693452,10.23077533445161,1.1661867012494653,-7.495530432585321,-0.018760665038629134,-0.0,-0.0,1.1030721326488613,-0.0,1.306423900330951,-0.0,-0.0,1.5199825412907564,-0.0,-0.0,1.7253455249613021,-0.0,-0.0,1.9048254870095036,-0.0,-8.701504379582289,0.0
1274,31.85,1.75760057089352e+18,-0.6856732388503657,1.76072684596175,0.9249681081690297,-0.13484672549053595,10.258500644677095,0.8453173215036762,-6.492486648076648,-0.010349486413101716,-0.0,-0.0,0.9249681081690297,-0.0,1.1030721326488613,-0.0,-0.0,1.306423900330951,-0.0,-0.0,1.5199825412907564,-0.0,-0.0,1.7253455249613021,-0.0,-8.059442506470294,0.0
1275,31.875000000000004,1.7576005709185198e+18,-0.7212142291567227,1.734757672085876,0.7811141594098976,-0.13508588340772704,10.28672555937605,0.5515679390882596,-5.219309383695443,0.006442642764409688,-0.0,-0.0,0.7811141594098976,-0.0,0.9249681081690297,-0.0,-0.0,1.1030721326488613,-0.0,-0.0,1.306423900330951,-0.0,-0.0,1.5199825412907564,-0.0,-7.464179683116134,0.0
1276,31.900000000000002,1.7576005709435197e+18,-0.7285321353521876,1.7270982622009288,0.6736708907496666,-0.13496602422527132,10.298956846129073,0.31362715529616614,-3.8963380042473186,0.037025729327462634,-0.0,-0.0,0.6736708907496666,-0.0,0.7811141594098976,-0.0,-0.0,0.9249681081690297,-0.0,-0.0,1.1030721326488613,-0.0,-0.0,1.306423900330951,-0.0,-6.9270133817119905,0.0
1277,31.925,1.7576005709685197e+18,-0.748345384634816,1.6860594466099443,0.5988206635299899,-0.13013915349245553,10.293912830407558,0.14832758311150637,-2.723764710040648,0.08352207432618315,-0.0,-0.0,0.5988206635299899,-0.0,0.6736708907496666,-0.0,-0.0,0.7811141594098976,-0.0,-0.0,0.9249681081690297,-0.0,-0.0,1.1030721326488613,-0.0,-6.328563444007278,0.0
1278,31.950000000000003,1.7576005709935196e+18,-0.748345384634816,1.6860594466099443,0.5487161920963236,-0.11841359634014414,10.293912830407558,0.05745146164519503,-1.8416827306287271,0.1429961475271541,0.0796291530132293,-0.0,0.5487161920963236,-0.0,0.5988206635299899,-0.0,-0.0,0.6736708907496666,-0.0,-0.0,0.7811141594098976,-0.0,-0.0,0.9249681081690297,-0.0,-5.747429877055045,0.0
1279,31.975,1.7576005710185198e+18,-0.7556561076526638,1.6858472358132983,0.5138573518945788,-0.10000605185330465,10.276046939076632,0.029877347000715097,-1.3081047780432458,0.20789585117800663,0.2949520647525787,-0.0,0.5138573518945788,-0.0,0.5487161920963236,0.0796291530132293,-0.0,0.5988206635299899,-0.0,-0.0,0.6736708907496666,-0.0,-0.0,0.7811141594098976,-0.0,-5.080128928790644,0.0
1280,32.0,1.7576005710435197e+18,-0.7703204677800262,1.6697195306190902,0.48533874654566045,-0.07651537619948572,10.279817169559575,0.04722621511360637,-1.0978440775819875,0.2685558286831478,0.3400000035762787,-0.0,0.48533874654566045,-0.0,0.5138573518945788,0.2949520647525787,-0.0,0.5487161920963236,0.0796291530132293,-0.0,0.5988206635299899,-0.0,-0.0,0.6736708907496666,-0.0,-4.43220303765817,0.0
1281,32.025,1.7576005710685197e+18,-0.7892153995733571,1.6575663068470292,0.456574311779914,-0.04959917384267988,10.282283914936906,0.08994411402761694,-1.1196735964169648,0.31655572406755444,0.3400000035762787,-0.0,0.456574311779914,-0.0,0.48533874654566045,0.3400000035762787,-0.0,0.5138573518945788,0.2949520647525787,-0.0,0.5487161920963236,0.0796291530132293,-0.0,0.5988206635299899,-0.0,-3.7167194498310256,0.0
1282,32.050000000000004,1.75760057109352e+18,-0.8010236751061361,1.6454161449531952,0.42426607683993967,-0.02044014070287314,10.284941975265497,0.14148821858860025,-1.2453074173404157,0.3473368489323665,0.3400000035762787,-0.0,0.42426607683993967,-0.0,0.456574311779914,0.3400000035762787,-0.0,0.48533874654566045,0.3400000035762787,-0.0,0.5138573518945788,0.2949520647525787,-0.0,0.5487161920963236,0.0796291530132293,-3.048563363459099,0.0
1283,32.075,1.7576005711185198e+18,-0.8010142518558725,1.6330023551125723,0.38853767801357214,0.009654971123347084,10.28955615859256,0.1900079671301153,-1.3421637733061416,0.361037451659885,0.3400000035762787,0.1121162846684455,0.2764213933451266,-0.0,0.42426607683993967,0.3400000035762787,-0.0,0.456574311779914,0.3400000035762787,-0.0,0.48533874654566045,0.3400000035762787,-0.0,0.5138573518945788,0.2949520647525787,-2.453046917730813,0.0
1284,32.1,1.7576005711435197e+18,-0.8104528711557615,1.6229157319025451,0.35232788269148724,0.038165551710661695,10.291785639307186,0.22836279017848998,-1.302466414892987,0.3615396346802612,0.3400000035762787,0.2298305332660675,0.12249734942541973,0.1121162846684455,0.2764213933451266,0.3400000035762787,-0.0,0.42426607683993967,0.3400000035762787,-0.0,0.456574311779914,0.3400000035762787,-0.0,0.48533874654566045,0.3400000035762787,-2.0429552752807294,0.0
1285,32.125,1.7576005711685197e+18,-0.807939910460127,1.625407888282005,0.32030734773607666,0.06082891989859663,10.294748904936341,0.2537327302856729,-1.063352630190244,0.354503874592112,0.3400000035762787,0.5833220481872559,-0.2630147004511792,0.2298305332660675,0.12249734942541973,0.3400000035762787,0.1121162846684455,0.2764213933451266,0.3400000035762787,-0.0,0.42426607683993967,0.3400000035762787,-0.0,0.456574311779914,0.3400000035762787,-1.9535216893994565,0.0
1286,32.15,1.7576005711935196e+18,-0.8052557107669873,1.6225773663934202,0.29765510445331606,0.07230509488996399,10.30348058407058,0.26749445084188617,-0.6153957933695008,0.3453571918457578,0.3400000035762787,0.7012107372283936,-0.4035556327750775,0.5833220481872559,-0.2630147004511792,0.3400000035762787,0.2298305332660675,0.12249734942541973,0.3400000035762787,0.1121162846684455,0.2764213933451266,0.3400000035762787,-0.0,0.42426607683993967,0.3400000035762787,-2.0400818306321713,0.0
1287,32.175000000000004,1.7576005712185198e+18,-0.8096361018076399,1.617441499410949,0.2889664224848398,0.06788574581016557,10.308918811757865,0.2751066648855124,0.0004612176299857518,0.33792504564537207,0.3400000035762787,0.9368135929107666,-0.6478471704259268,0.7012107372283936,-0.4035556327750775,0.3400000035762787,0.5833220481872559,-0.2630147004511792,0.3400000035762787,0.2298305332660675,0.12249734942541973,0.3400000035762787,0.1121162846684455,0.2764213933451266,0.3400000035762787,-2.30507528838873,0.0
1288,32.2,1.7576005712435197e+18,-0.8149763761675306,1.607853573755961,0.2974188347854374,0.04554969871158603,10.321735353903135,0.2852445358340191,0.7055900642057684,0.33395331411455914,0.3400000035762787,1.0547022819519043,-0.7572834471664669,0.9368135929107666,-0.6478471704259268,0.3400000035762787,0.7012107372283936,-0.4035556327750775,0.3400000035762787,0.5833220481872559,-0.2630147004511792,0.3400000035762787,0.2298305332660675,0.12249734942541973,0.3400000035762787,-2.7116316848745625,0.0
1289,32.225,1.7576005712685197e+18,-0.8186908084263305,1.603487234195374,0.3242071503482648,0.0075295300535614135,10.326720084587189,0.3077075544761091,1.402752817040421,0.3333899820336622,0.3400000035762787,1.2313607931137085,-0.9071536427654436,1.0547022819519043,-0.7572834471664669,0.3400000035762787,0.9368135929107666,-0.6478471704259268,0.3400000035762787,0.7012107372283936,-0.4035556327750775,0.3400000035762787,0.5833220481872559,-0.2630147004511792,0.3400000035762787,-3.1991321208986063,0.0
1290,32.25,1.75760057129352e+18,-0.8249840651153351,1.593930958787909,0.3682479963808291,-0.03932439609569706,10.335483767079669,0.35046625751695065,1.9976890696264193,0.33509458191497776,0.3400000035762787,1.3492494821548462,-0.981001485774017,1.2313607931137085,-0.9071536427654436,0.3400000035762787,1.0547022819519043,-0.7572834471664669,0.3400000035762787,0.9368135929107666,-0.6478471704259268,0.3400000035762787,0.7012107372283936,-0.4035556327750775,0.3400000035762787,-3.7913706229509416,0.0
1291,32.275,1.7576005713185198e+18,-0.8369242732695192,1.5992903486033434,0.4262283804925849,-0.08481061973365586,10.336142642723589,0.41698486718961886,2.419125562334872,0.3376199681480837,0.3400000035762787,1.408193826675415,-0.9819654461828302,1.3492494821548462,-0.981001485774017,0.3400000035762787,1.2313607931137085,-0.9071536427654436,0.3400000035762787,1.0547022819519043,-0.7572834471664669,0.3400000035762787,0.9368135929107666,-0.6478471704259268,0.3400000035762787,-4.317304183498803,0.0
1292,32.300000000000004,1.7576005713435197e+18,-0.8405468403270953,1.6032922231874047,0.49310634836867334,-0.11816807366953568,10.345743748011502,0.5050752558980388,2.633334638646682,0.33980773029720085,0.3400000035762787,1.408193826675415,-0.9150874783067418,1.408193826675415,-0.9819654461828302,0.3400000035762787,1.3492494821548462,-0.981001485774017,0.3400000035762787,1.2313607931137085,-0.9071536427654436,0.3400000035762787,1.0547022819519043,-0.7572834471664669,0.3400000035762787,-4.810575422967936,0.0
1293,32.325,1.7576005713685197e+18,-0.8458104743496051,1.5968457381372252,0.5630590403279739,-0.13154885625434354,10.3522935449623,0.6078644923119398,2.650133557866948,0.3410806468800864,0.3400000035762787,1.408193826675415,-0.8451347863474411,1.408193826675415,-0.9150874783067418,0.3400000035762787,1.408193826675415,-0.9819654461828302,0.3400000035762787,1.3492494821548462,-0.981001485774017,0.3400000035762787,1.2313607931137085,-0.9071536427654436,0.3400000035762787,-5.171547350351913,0.0
1294,32.35,1.7576005713935196e+18,-0.8510832864231839,1.5911770588288427,0.6306768608544937,-0.12279249537165596,10.375885553297843,0.7164200542792561,2.5186857328274295,0.3414426217328044,0.3400000035762787,1.408193826675415,-0.7775169658209213,1.408193826675415,-0.8451347863474411,0.3400000035762787,1.408193826675415,-0.9150874783067418,0.3400000035762787,1.408193826675415,-0.9819654461828302,0.3400000035762787,1.3492494821548462,-0.981001485774017,0.3400000035762787,-5.502338460276517,0.0
1295,32.375,1.7576005714185198e+18,-0.8557129446356342,1.5851279142266377,0.6920930750066815,-0.0962455459547198,10.386257944845262,0.8228459173989962,2.313618465497842,0.34127661129134557,0.3400000035762787,1.466963768005371,-0.7748706929986896,1.408193826675415,-0.7775169658209213,0.3400000035762787,1.408193826675415,-0.8451347863474411,0.3400000035762787,1.408193826675415,-0.9150874783067418,0.3400000035762787,1.408193826675415,-0.9819654461828302,0.3400000035762787,-5.77042943930531,0.0
1296,32.4,1.7576005714435197e+18,-0.8586167087329031,1.5807113705033098,0.7457719245448079,-0.06119615949411993,10.407981789798358,0.9226174301251605,2.114470995217119,0.3410597269086205,0.3400000035762787,1.466963768005371,-0.7211918434605632,1.466963768005371,-0.7748706929986896,0.3400000035762787,1.408193826675415,-0.7775169658209213,0.3400000035762787,1.408193826675415,-0.8451347863474411,0.3400000035762787,1.408193826675415,-0.9150874783067418,0.3400000035762787,-6.021108987549582,0.0
1297,32.425000000000004,1.7576005714685197e+18,-0.8635395314593737,1.5738657260726892,0.7927567105529978,-0.028573855286810952,10.422195579670902,1.0154050765464473,1.9836697505151957,0.3411049449640153,0.3400000035762787,1.466963768005371,-0.6742070574523733,1.466963768005371,-0.7211918434605632,0.3400000035762787,1.466963768005371,-0.7748706929986896,0.3400000035762787,1.408193826675415,-0.7775169658209213,0.3400000035762787,1.408193826675415,-0.8451347863474411,0.3400000035762787,-6.161352629269044,0.0
1298,32.45,1.75760057149352e+18,-0.8814718308506571,1.5361821482673357,0.836240437249252,-0.007297110306572645,10.47085515407712,1.1042547689488968,1.9492823843412876,0.34140859880219393,0.3400000035762787,1.466963768005371,-0.6307233307561191,1.466963768005371,-0.6742070574523733,0.3400000035762787,1.466963768005371,-0.7211918434605632,0.3400000035762787,1.466963768005371,-0.7748706929986896,0.3400000035762787,1.408193826675415,-0.7775169658209213,0.3400000035762787,-6.290729785729498,0.0
1299,32.475,1.7576005715185198e+18,-0.890057493157121,1.522518447209316,0.8804340803239693,-0.0016956607591993053,10.49739538138028,1.193533687326792,1.99807349735735,0.3416455980831913,0.3400000035762787,1.466963768005371,-0.5865296876814018,1.466963768005371,-0.6307233307561191,0.3400000035762787,1.466963768005371,-0.6742070574523733,0.3400000035762787,1.466963768005371,-0.7211918434605632,0.3400000035762787,1.466963768005371,-0.7748706929986896,0.3400000035762787,-6.308818583681083,0.0
1300,32.5,1.7576005715435197e+18,-0.8981400819721639,1.5168882163635762,0.9289470917738055,-0.010882895774455807,10.528702940809566,1.2864660039700755,2.0817128904996873,0.34131577233718524,0.3400000035762787,1.466963768005371,-0.5380166762315656,1.466963768005371,-0.5865296876814018,0.3400000035762787,1.466963768005371,-0.6307233307561191,0.3400000035762787,1.466963768005371,-0.6742070574523733,0.3400000035762787,1.466963768005371,-0.7211918434605632,0.3400000035762787,-6.311003528020778,0.0
1301,32.525,1.7576005715685197e+18,-0.903874010066338,1.5069146878172717,0.9832028762281552,-0.03013769283538022,10.550334204091634,1.3832434644373213,2.1349271104100334,0.3400049157482629,0.3400000035762787,1.466963768005371,-0.48376089177721593,1.466963768005371,-0.5380166762315656,0.3400000035762787,1.466963768005371,-0.5865296876814018,0.3400000035762787,1.466963768005371,-0.6307233307561191,0.3400000035762787,1.466963768005371,-0.6742070574523733,0.3400000035762787,-6.197680298938085,0.0
1302,32.550000000000004,1.7576005715935196e+18,-0.9243895158099696,1.472429593291824,1.041582984504644,-0.05358498369953571,10.592077408177273,1.4804615376528758,2.100167446854831,0.3376832994217811,0.3400000035762787,1.466963768005371,-0.42538078350072706,1.466963768005371,-0.48376089177721593,0.3400000035762787,1.466963768005371,-0.5380166762315656,0.3400000035762787,1.466963768005371,-0.5865296876814018,0.3400000035762787,1.466963768005371,-0.6307233307561191,0.3400000035762787,-6.064363004928041,0.0
1303,32.575,1.7576005716185198e+18,-0.9499999493451412,1.4080151639173373,1.0998061979637173,-0.07697597220238883,10.659122146305991,1.5720684572219508,1.9505361429213672,0.3349290155985944,0.3400000035762787,1.466963768005371,-0.36715757004165384,1.466963768005371,-0.42538078350072706,0.3400000035762787,1.466963768005371,-0.48376089177721593,0.3400000035762787,1.466963768005371,-0.5380166762315656,0.3400000035762787,1.466963768005371,-0.5865296876814018,0.3400000035762787,-5.8257995398554705,0.0
1304,32.6,1.7576005716435197e+18,-0.9544226720604634,1.3993653670059127,1.1524937023980677,-0.0993474955492119,10.673918980809537,1.6513833505706663,1.702533344157422,0.33294843926149525,0.3400000035762787,1.466963768005371,-0.3144700656073034,1.466963768005371,-0.36715757004165384,0.3400000035762787,1.466963768005371,-0.42538078350072706,0.3400000035762787,1.466963768005371,-0.48376089177721593,0.3400000035762787,1.466963768005371,-0.5380166762315656,0.3400000035762787,-5.57784031596535,0.0
1305,32.625,1.7576005716685197e+18,-0.967501489732986,1.3611963705429884,1.1952689128128102,-0.12284414142497088,10.717378212303712,1.7133565625809644,1.413069591709434,0.3332912315956445,0.3400000035762787,1.466963768005371,-0.27169485519256087,1.466963768005371,-0.3144700656073034,0.3400000035762787,1.466963768005371,-0.36715757004165384,0.3400000035762787,1.466963768005371,-0.42538078350072706,0.3400000035762787,1.466963768005371,-0.48376089177721593,0.3400000035762787,-5.236834376306176,0.0
1306,32.65,1.75760057169352e+18,-0.9753131669051838,1.339042809928249,1.226499655455041,-0.1508274567836686,10.752376149555657,1.7562840820239258,1.1604003340568183,0.33723784852801597,0.3400000035762787,1.466963768005371,-0.24046411255033018,1.466963768005371,-0.27169485519256087,0.3400000035762787,1.466963768005371,-0.3144700656073034,0.3400000035762787,1.466963768005371,-0.36715757004165384,0.3400000035762787,1.466963768005371,-0.42538078350072706,0.3400000035762787,-4.904862663393684,0.0
1307,32.675000000000004,1.7576005717185198e+18,-0.9928363529302792,1.3034934316914004,1.24801169730951,-0.18516742277131967,10.820832405897375,1.7824954151437786,1.0144803559393047,0.3449707182404759,0.3400000035762787,1.466963768005371,-0.2189520706958612,1.466963768005371,-0.24046411255033018,0.3400000035762787,1.466963768005371,-0.27169485519256087,0.3400000035762787,1.466963768005371,-0.3144700656073034,0.3400000035762787,1.466963768005371,-0.36715757004165384,0.3400000035762787,-4.490342227960772,0.0
1308,32.7,1.7576005717435197e+18,-1.0032193577923092,1.2706814683797578,1.264537938042287,-0.22395360399126757,10.872625590952179,1.7978208003787093,1.006622871892459,0.35479423677549243,0.3400000035762787,1.466963768005371,-0.20242582996308411,1.466963768005371,-0.2189520706958612,0.3400000035762787,1.466963768005371,-0.24046411255033018,0.3400000035762787,1.466963768005371,-0.27169485519256087,0.3400000035762787,1.466963768005371,-0.3144700656073034,0.3400000035762787,-4.094652035440094,0.0
1309,32.725,1.7576005717685197e+18,-1.004388961050834,1.2442350491938174,1.2820619606514916,-0.2607140852776713,10.895738344945684,1.8098747709202063,1.1095689386337309,0.3627804566985075,0.3400000035762787,1.5259079933166504,-0.2438460326651588,1.466963768005371,-0.20242582996308411,0.3400000035762787,1.466963768005371,-0.2189520706958612,0.3400000035762787,1.466963768005371,-0.24046411255033018,0.3400000035762787,1.466963768005371,-0.27169485519256087,0.3400000035762787,-3.6778526638194293,0.0
1310,32.75,1.7576005717935196e+18,-1.012567480993555,1.208557082378537,1.3055088305730913,-0.2857447795603659,10.950896588114352,1.8255042072867738,1.2364309410270207,0.3632063277732842,0.3400000035762787,1.5259079933166504,-0.22039916274355908,1.5259079933166504,-0.2438460326651588,0.3400000035762787,1.466963768005371,-0.20242582996308411,0.3400000035762787,1.466963768005371,-0.2189520706958612,0.3400000035762787,1.466963768005371,-0.24046411255033018,0.3400000035762787,-3.2775500456723656,0.0
1311,32.775,1.7576005718185198e+18,-1.032735823472228,1.1875468865659944,1.336447633820105,-0.2894333679774106,10.987474621781331,1.848082370594557,1.2610905836669553,0.3499488597977673,0.3400000035762787,1.5848523378372192,-0.24840470401711423,1.5259079933166504,-0.22039916274355908,0.3400000035762787,1.5259079933166504,-0.2438460326651588,0.3400000035762787,1.466963768005371,-0.20242582996308411,0.3400000035762787,1.466963768005371,-0.2189520706958612,0.3400000035762787,-2.8515437122678287,0.0
1312,32.800000000000004,1.7576005718435197e+18,-1.0378301016560894,1.1554661476187007,1.371561545103509,-0.2665565947551073,11.035242964115609,1.8754934680904758,1.0553175066313838,0.3186120795969979,0.3400000035762787,1.5848523378372192,-0.2132907927337102,1.5848523378372192,-0.24840470401711423,0.3400000035762787,1.5259079933166504,-0.22039916274355908,0.3400000035762787,1.5259079933166504,-0.2438460326651588,0.3400000035762787,1.466963768005371,-0.20242582996308411,0.3400000035762787,-2.4407891324976685,0.0
1313,32.825,1.7576005718685197e+18,-1.020372835963537,1.1028579926614188,1.4025422108743708,-0.21974665930607615,11.082687405464434,1.8995736026532468,0.5315949324956504,0.26867900599154537,0.3400000035762787,1.643796682357788,-0.24125447148341728,1.5848523378372192,-0.2132907927337102,0.3400000035762787,1.5848523378372192,-0.24840470401711423,0.3400000035762787,1.5259079933166504,-0.22039916274355908,0.3400000035762787,1.5259079933166504,-0.2438460326651588,0.3400000035762787,-2.0174718258367808,0.0
1314,32.85,1.75760057189352e+18,-1.0215507579034373,1.0632358321677988,1.417736015299074,-0.16025642788900724,11.135961493221162,1.9074397568288695,-0.3222899817526068,0.2046584156553541,0.3400000035762787,1.5848523378372192,-0.16711632253814535,1.643796682357788,-0.24125447148341728,0.3400000035762787,1.5848523378372192,-0.2132907927337102,0.3400000035762787,1.5848523378372192,-0.24840470401711423,0.3400000035762787,1.5259079933166504,-0.22039916274355908,0.3400000035762787,-1.5730658443125942,0.0
1315,32.875,1.7576005719185198e+18,-1.009069986038285,1.0384560682948978,1.405326028606621,-0.10510016778793214,11.173438973387142,1.8845190568401262,-1.4290906213923802,0.1353682147847286,-0.0,-0.0,1.405326028606621,1.5848523378372192,-0.16711632253814535,0.3400000035762787,1.643796682357788,-0.24125447148341728,0.3400000035762787,1.5848523378372192,-0.2132907927337102,0.3400000035762787,1.5848523378372192,-0.24840470401711423,0.3400000035762787,0.4828323283645122,0.0
1316,32.9,1.7576005719435197e+18,-1.00738897370569,0.995555324183914,1.3571830202104578,-0.0712160307856101,11.236154957986452,1.8183654537168528,-2.634436972707852,0.07133232850782777,-0.0,-0.0,1.3571830202104578,-0.0,1.405326028606621,-0.0,1.5848523378372192,-0.16711632253814535,0.3400000035762787,1.643796682357788,-0.24125447148341728,0.3400000035762787,1.5848523378372192,-0.2132907927337102,0.3400000035762787,2.4438447982830276,0.0
1317,32.925000000000004,1.7576005719685197e+18,-1.008945572641082,0.9908688102247528,1.2720179003374135,-0.06875475439144056,11.268977209223587,1.7019905491091658,-3.743110489877371,0.021373618355996157,-0.0,-0.0,1.2720179003374135,-0.0,1.3571830202104578,-0.0,-0.0,1.405326028606621,-0.0,1.5848523378372192,-0.16711632253814535,0.3400000035762787,1.643796682357788,-0.24125447148341728,0.3400000035762787,4.3675272363878825,0.0
1318,32.95,1.7576005719935196e+18,-0.9929125234297168,0.953558309362529,1.156477738812474,-0.09629378556908344,11.314619159316514,1.5357779893690475,-4.568636382809405,-0.009989808701340296,-0.0,-0.0,1.156477738812474,-0.0,1.2720179003374135,-0.0,-0.0,1.3571830202104578,-0.0,-0.0,1.405326028606621,-0.0,1.5848523378372192,-0.16711632253814535,0.3400000035762787,6.1328005109747075,0.0
1319,32.975,1.7576005720185198e+18,-0.9796956942810072,0.8911791390250974,1.0235595251217418,-0.14027503193245278,11.353028476517029,1.3278082196445324,-4.981018510831973,-0.023262807567534714,-0.0,-0.0,1.0235595251217418,-0.0,1.156477738812474,-0.0,-0.0,1.2720179003374135,-0.0,-0.0,1.3571830202104578,-0.0,-0.0,1.405326028606621,-0.0,7.780262645224946,0.0
1320,33.0,1.7576005720435197e+18,-0.972200202446527,0.8649535969896678,0.8889078442135239,-0.1793071124568298,11.393865740743475,1.092882800067397,-4.938135577342126,-0.022829506649217155,-0.0,-0.0,0.8889078442135239,-0.0,1.0235595251217418,-0.0,-0.0,1.156477738812474,-0.0,-0.0,1.2720179003374135,-0.0,-0.0,1.3571830202104578,-0.0,9.248450070766117,0.0
1321,33.025,1.7576005720685197e+18,-0.9746776127008115,0.8026194281117127,0.7665134903284373,-0.19187286623368924,11.412547589187222,0.8504373513152922,-4.49198515149547,-0.014805952139537741,-0.0,-0.0,0.7665134903284373,-0.0,0.8889078442135239,-0.0,-0.0,1.0235595251217418,-0.0,-0.0,1.156477738812474,-0.0,-0.0,1.2720179003374135,-0.0,10.479374533765691,0.0
1322,33.050000000000004,1.75760057209352e+18,-0.9464881801427628,0.7817844669891629,0.665451320921939,-0.16446666235878438,11.444924493540201,0.6213807517391731,-3.7694098096295727,-0.004918400144836292,-0.0,-0.0,0.665451320921939,-0.0,0.7665134903284373,-0.0,-0.0,0.8889078442135239,-0.0,-0.0,1.0235595251217418,-0.0,-0.0,1.156477738812474,-0.0,11.567448737821186,0.0
1323,33.075,1.7576005721185198e+18,-0.9429916061677326,0.7721808022755487,0.5886198280441263,-0.09694609158729058,11.454750337698178,0.42421393200814533,-2.934978000145333,0.0028880046874008324,-0.0,-0.0,0.5886198280441263,-0.0,0.665451320921939,-0.0,-0.0,0.7665134903284373,-0.0,-0.0,0.8889078442135239,-0.0,-0.0,1.0235595251217418,-0.0,12.468421554378711,0.0
1324,33.1,1.7576005721435197e+18,-0.9327585309376576,0.7672133559032601,0.5334974511812484,-0.0029569615673461745,11.452963701224817,0.2713651597825552,-2.1484774079981865,0.0068868006755257415,-0.0,-0.0,0.5334974511812484,-0.0,0.5886198280441263,-0.0,-0.0,0.665451320921939,-0.0,-0.0,0.7665134903284373,-0.0,-0.0,0.8889078442135239,-0.0,13.28577799454715,0.0
1325,33.125,1.7576005721685197e+18,-0.9266867332971188,0.7527345743616616,0.4942161671121612,0.09479579496921374,11.463347944827776,0.16693332197947097,-1.529633660159432,0.007222847749345787,-0.0,-0.0,0.4942161671121612,-0.0,0.5334974511812484,-0.0,-0.0,0.5886198280441263,-0.0,-0.0,0.665451320921939,-0.0,-0.0,0.7665134903284373,-0.0,14.044113832972373,0.0
1326,33.15,1.7576005721935196e+18,-0.9090833261911152,0.749353675229357,0.4639779926584839,0.17258934231586073,11.466732880969525,0.10666018572391853,-1.1386900985877868,0.00514652317548044,-0.0,-0.0,0.4639779926584839,-0.0,0.4942161671121612,-0.0,-0.0,0.5334974511812484,-0.0,-0.0,0.5886198280441263,-0.0,-0.0,0.665451320921939,-0.0,14.77136694752512,0.0
1327,33.175000000000004,1.7576005722185198e+18,-0.8949528230910144,0.7311148035419206,0.43697596294751906,0.2137645141349507,11.473873740124304,0.08012652236092534,-0.9753324483896266,0.0022037232749432217,-0.0,-0.0,0.43697596294751906,-0.0,0.4639779926584839,-0.0,-0.0,0.4942161671121612,-0.0,-0.0,0.5334974511812484,-0.0,-0.0,0.5886198280441263,-0.0,15.519171075807511,0.0
1328,33.2,1.7576005722435197e+18,-0.8925449539631392,0.7265325070918467,0.4093803171494523,0.21358513070757956,11.468490492079164,0.07429930762264894,-0.9925742633006547,-0.00035969152918100645,-0.0,-0.0,0.4093803171494523,-0.0,0.43697596294751906,-0.0,-0.0,0.4639779926584839,-0.0,-0.0,0.4942161671121612,-0.0,-0.0,0.5334974511812484,-0.0,16.23941873488114,0.0
1329,33.225,1.7576005722685197e+18,-0.8872637009915683,0.7151821376537517,0.37940581901190235,0.17923745202032446,11.470979138967243,0.07709577106192005,-1.1185769344429484,-0.001877282558286675,-0.0,-0.0,0.37940581901190235,-0.0,0.4093803171494523,-0.0,-0.0,0.43697596294751906,-0.0,-0.0,0.4639779926584839,-0.0,-0.0,0.4942161671121612,-0.0,16.99354057357291,0.0
1330,33.25,1.75760057229352e+18,-0.8878955493541167,0.7171849425187575,0.3467954820312792,0.12563840749076077,11.472621134348671,0.07981599893620168,-1.278740725850652,-0.002256669768862034,-0.0,-0.0,0.3467954820312792,-0.0,0.37940581901190235,-0.0,-0.0,0.4093803171494523,-0.0,-0.0,0.43697596294751906,-0.0,-0.0,0.4639779926584839,-0.0,17.71518620667362,0.0
1331,33.275,1.7576005723185198e+18,-0.8836140153590297,0.70843993294936,0.31214698066849655,0.06935363533629674,11.474724491523943,0.07796401178724936,-1.4123134726487943,-0.0017966332941559465,-0.0,-0.0,0.31214698066849655,-0.0,0.3467954820312792,-0.0,-0.0,0.37940581901190235,-0.0,-0.0,0.4093803171494523,-0.0,-0.0,0.43697596294751906,-0.0,18.463427530323827,0.0
1332,33.300000000000004,1.7576005723435197e+18,-0.8816942763935836,0.7081817983368668,0.276398932767175,0.023227304827747777,11.47522500814048,0.0706857470838102,-1.4809531286195061,-0.0009492182943626689,-0.0,-0.0,0.276398932767175,-0.0,0.31214698066849655,-0.0,-0.0,0.3467954820312792,-0.0,-0.0,0.37940581901190235,-0.0,-0.0,0.4093803171494523,-0.0,19.16563347617738,0.0
1333,33.325,1.7576005723685197e+18,-0.8781614064424557,0.7012869618376019,0.24059100195850794,-0.006491006314317363,11.476693579840179,0.0594473506895943,-1.4697273986526507,-0.0001213259082326175,0.0,0.0,0.24059100195850794,-0.0,0.276398932767175,-0.0,-0.0,0.31214698066849655,-0.0,-0.0,0.3467954820312792,-0.0,-0.0,0.37940581901190235,-0.0,19.824701109265835,0.0
1334,33.35,1.7576005723935196e+18,-0.8795367912578684,0.7031285353263172,0.20583144209981438,-0.020081540256907532,11.477144087978486,0.04660031420211911,-1.3829400788742878,0.00043669794364360585,0.0,0.0,0.20583144209981438,0.0,0.24059100195850794,0.0,-0.0,0.276398932767175,-0.0,-0.0,0.31214698066849655,-0.0,-0.0,0.3467954820312792,-0.0,20.42780407550343,0.0
1335,33.375,1.7576005724185198e+18,-0.8765231691176116,0.6974841254347697,0.17331721618187265,-0.022135478952735637,11.478588825584739,0.034280531450236705,-1.2376454093313793,0.0006524096648990067,0.0,0.0,0.17331721618187265,0.0,0.20583144209981438,0.0,0.0,0.24059100195850794,0.0,-0.0,0.276398932767175,-0.0,-0.0,0.31214698066849655,-0.0,20.87998780437706,0.0
1336,33.4,1.7576005724435197e+18,-0.8739138531723181,0.6918381407499246,0.14426302977629324,-0.018574660951991315,11.479689052275743,0.023830478062081058,-1.0570902998831417,0.0005886006035106765,0.0,0.0,0.14426302977629324,0.0,0.17331721618187265,0.0,0.0,0.20583144209981438,0.0,0.0,0.24059100195850794,0.0,-0.0,0.276398932767175,-0.0,21.283603190544465,0.0
1337,33.425000000000004,1.7576005724685197e+18,-0.8722752829164144,0.6887444704956083,0.11968476808841445,-0.014189377488315452,11.480241663203996,0.015710894215824004,-0.8652725169568866,0.0003731097288147988,0.0,0.0,0.11968476808841445,0.0,0.14426302977629324,0.0,0.0,0.17331721618187265,0.0,0.0,0.20583144209981438,0.0,0.0,0.24059100195850794,0.0,21.55024262959989,0.0
1338,33.45,1.75760057249352e+18,-0.8749163830446274,0.6899547483769382,0.10010859140321837,-0.01140535334478208,11.480863968706243,0.009730441897388985,-0.6829301746836276,0.00013305180284197627,0.0,0.0,0.10010859140321837,0.0,0.11968476808841445,0.0,0.0,0.14426302977629324,0.0,0.0,0.17331721618187265,0.0,0.0,0.20583144209981438,0.0,21.79305584676205,0.0
1339,33.475,1.7576005725185198e+18,-0.8743757544573865,0.6891998525407408,0.08536628005868095,-0.010340996844066624,11.4804514390857,0.005388726030617928,-0.5248812809454885,-4.7244897162753e-05,0.0,0.0,0.08536628005868095,0.0,0.10010859140321837,0.0,0.0,0.11968476808841445,0.0,0.0,0.14426302977629324,0.0,0.0,0.17331721618187265,0.0,21.92592533487162,0.0
1340,33.5,1.7576005725435197e+18,-0.873659985268112,0.6879006360259166,0.07462304922438948,-0.009746617114731864,11.480535783237407,0.0021727294881418928,-0.398646962771308,-0.00013922870027052768,0.0,0.0,0.07462304922438948,0.0,0.08536628005868095,0.0,0.0,0.10010859140321837,0.0,0.0,0.11968476808841445,0.0,0.0,0.14426302977629324,0.0,22.060373312840277,0.0
1341,33.525,1.7576005725685197e+18,-0.8757790879688723,0.6896002372250509,0.06666643031647783,-0.008223726780340276,11.480121393553238,-0.00027762031768204225,-0.3044331796029586,-0.00015931030918820468,0.0,0.0,0.06666643031647783,0.0,0.07462304922438948,0.0,0.0,0.08536628005868095,0.0,0.0,0.10010859140321837,0.0,0.0,0.11968476808841445,0.0,22.2631573855431,0.0
1342,33.550000000000004,1.7576005725935196e+18,-0.8762595931924566,0.6905441178056895,0.0603360624453643,-0.005173991333405197,11.479297059080452,-0.0021409561288467894,-0.23653283350364218,-0.0001450252282320762,0.0,0.0,0.0603360624453643,0.0,0.06666643031647783,0.0,0.0,0.07462304922438948,0.0,0.0,0.08536628005868095,0.0,0.0,0.10010859140321837,0.0,22.47881783023307,0.0
1343,33.575,1.7576005726185198e+18,-0.8759142063981513,0.6899104378857366,0.054889305922210765,-0.0011406516916574558,11.47894132943077,-0.0034721215689144168,-0.18594361176505458,-0.0001297494767159302,0.0,0.0,0.054889305922210765,0.0,0.0603360624453643,0.0,0.0,0.06666643031647783,0.0,0.0,0.07462304922438948,0.0,0.0,0.08536628005868095,0.0,22.63943868712239,0.0
1344,33.6,1.7576005726435197e+18,-0.8730465180976359,0.6925595206690189,0.05013352384072859,0.002503762039476491,11.478878181322447,-0.004282095641002733,-0.1435966520027683,-0.00012515537216756137,0.0,0.0,0.05013352384072859,0.0,0.054889305922210765,0.0,0.0,0.0603360624453643,0.0,0.0,0.06666643031647783,0.0,0.0,0.07462304922438948,0.0,22.811234470148012,0.0
1345,33.625,1.7576005726685197e+18,-0.8780868941695705,0.6966303924459372,0.046289158196056016,0.00428818739745661,11.479705638357533,-0.004600107771277898,-0.10329745323418871,-0.00011665547658135023,0.0,0.0,0.046289158196056016,0.0,0.05013352384072859,0.0,0.0,0.054889305922210765,0.0,0.0,0.0603360624453643,0.0,0.0,0.06666643031647783,0.0,22.8969787196872,0.0
1346,33.65,1.75760057269352e+18,-0.8786351490670099,0.6976936987614761,0.04368896367630062,0.003389997742238822,11.47962492447001,-0.004504865637214354,-0.06349319018296312,-7.27358308978906e-05,0.0,0.0,0.04368896367630062,0.0,0.046289158196056016,0.0,0.0,0.05013352384072859,0.0,0.0,0.054889305922210765,0.0,0.0,0.0603360624453643,0.0,22.99044914654103,0.0
1347,33.675000000000004,1.7576005727185198e+18,-0.8791834341260087,0.6987570635734872,0.04248158272717703,2.473145117088851e-05,11.479544206142114,-0.004123859493140172,-0.027338593715847348,3.5100248578818045e-05,0.0,0.0,0.04248158272717703,0.0,0.04368896367630062,0.0,0.0,0.046289158196056016,0.0,0.0,0.05013352384072859,0.0,0.0,0.054889305922210765,0.0,22.99306869806717,0.0
1348,33.7,1.7576005727435197e+18,-0.8752203554261206,0.6906167001085601,0.04247113232761228,-0.004682546133310391,11.479969934282979,-0.0036046983365272396,-0.0010978061474576797,0.00020873123704101378,0.0,0.0,0.04247113232761228,0.0,0.04248158272717703,0.0,0.0,0.04368896367630062,0.0,0.0,0.046289158196056016,0.0,0.0,0.05013352384072859,0.0,23.006431271830674,0.0
1349,33.725,1.7576005727685197e+18,-0.8750962538093963,0.6903848232458099,0.04313454857069104,-0.009224715069901693,11.479918784519564,-0.0030707333062407775,0.008539099700184424,0.00040573910387786043,0.0,0.0,0.04313454857069104,0.0,0.04247113232761228,0.0,0.0,0.04248158272717703,0.0,0.0,0.04368896367630062,0.0,0.0,0.046289158196056016,0.0,22.93657654545933,0.0
1350,33.75,1.7576005727935196e+18,-0.8757820427194374,0.6915311987583517,0.043775604961892534,-0.01232589018633462,11.47932205403887,-0.002582262080389646,-0.0026693062261431205,0.0005378194872522572,0.0,0.0,0.043775604961892534,0.0,0.04313454857069104,0.0,0.0,0.04247113232761228,0.0,0.0,0.04248158272717703,0.0,0.0,0.04368896367630062,0.0,22.886781758059954,0.0
1351,33.775,1.7576005728185198e+18,-0.8772089445258939,0.6919242950920224,0.04373057909017826,-0.01333070129137774,11.479852588138446,-0.0021247055577345206,-0.03435079484221494,0.0004927341753603645,0.0,0.0,0.04373057909017826,0.0,0.043775604961892534,0.0,0.0,0.04313454857069104,0.0,0.0,0.04247113232761228,0.0,0.0,0.04248158272717703,0.0,22.762349634642856,0.0
1352,33.800000000000004,1.7576005728435197e+18,-0.8770961788015783,0.6917116115199444,0.04253907718454077,-0.012241451643565058,11.479906007019874,-0.0016318131314443387,-0.08071058838169776,0.0001803796148056854,0.0,0.0,0.04253907718454077,0.0,0.04373057909017826,0.0,0.0,0.043775604961892534,0.0,0.0,0.04313454857069104,0.0,0.0,0.04247113232761228,0.0,22.667847723242133,0.0
1353,33.825,1.7576005728685197e+18,-0.875291807998114,0.6922551833773716,0.04002604963657426,-0.009492508388285985,11.479773123091967,-0.0010322489723735987,-0.13133712564725572,-0.00040705436206275164,0.0,0.0,0.04002604963657426,0.0,0.04253907718454077,0.0,0.0,0.04373057909017826,0.0,0.0,0.043775604961892534,0.0,0.0,0.04313454857069104,0.0,22.506638229640608,0.0
1354,33.85,1.75760057289352e+18,-0.8772838415019453,0.6936825998516889,0.03629157781791053,-0.0056641838127022065,11.479603432037617,-0.000295900679773146,-0.17348438074065697,-0.0011426212616865018,0.0,0.0,0.03629157781791053,0.0,0.04002604963657426,0.0,0.0,0.04253907718454077,0.0,0.0,0.04373057909017826,0.0,0.0,0.043775604961892534,0.0,22.380741022104086,0.0
1355,33.875,1.7576005729185198e+18,-0.8781117108436312,0.6938641670646446,0.031648515650558755,-0.0013105677838086908,11.479817985122333,0.0005402906159675406,-0.1953577480628803,-0.0017497710008241042,0.0,0.0,0.031648515650558755,0.0,0.03629157781791053,0.0,0.0,0.04002604963657426,0.0,0.0,0.04253907718454077,0.0,0.0,0.04373057909017826,0.0,22.192686712061537,0.0
1356,33.9,1.7576005729435197e+18,-0.8782887089573426,0.6942047130040467,0.02655744410768393,0.003046440862697357,11.47996998819847,0.0013739376259826936,-0.18967178732999226,-0.0018535610888830308,0.0,0.0,0.02655744410768393,0.0,0.031648515650558755,0.0,0.0,0.03629157781791053,0.0,0.0,0.04002604963657426,0.0,0.0,0.04253907718454077,0.0,22.042077242036395,0.0
1357,33.925000000000004,1.7576005729685197e+18,-0.8763405102840225,0.6932938332121614,0.021576591164384807,0.006839594146766599,11.479251120714872,0.0020614640633038962,-0.15656800628046552,-0.0011103666697931253,0.0,0.0,0.021576591164384807,0.0,0.02655744410768393,0.0,0.0,0.031648515650558755,0.0,0.0,0.03629157781791053,0.0,0.0,0.04002604963657426,0.0,21.83186795586026,0.0
1358,33.95,1.7576005729935196e+18,-0.8761110901046973,0.6928587264004229,0.01729947601510775,0.009438558088138867,11.479223849086596,0.0024564433793595325,-0.10492027339684924,0.0006027018468990229,0.0,0.0,0.01729947601510775,0.0,0.021576591164384807,0.0,0.0,0.02655744410768393,0.0,0.0,0.031648515650558755,0.0,0.0,0.03629157781791053,0.0,21.661855013521944,0.0
1359,33.975,1.7576005730185198e+18,-0.8765535665832602,0.6953640264781249,0.014238134128243271,0.010281558402326148,11.47880190644749,0.0024560369328819496,-0.05120641284316683,0.0029975898186710465,0.0,0.0,0.014238134128243271,0.0,0.01729947601510775,0.0,0.0,0.021576591164384807,0.0,0.0,0.02655744410768393,0.0,0.0,0.031648515650558755,0.0,21.487286842601787,0.0
1360,34.0,1.7576005730435197e+18,-0.876461290414349,0.6951894959874749,0.012644475062083578,0.00911790998899099,11.478704241122959,0.002050174634377415,-0.015583258100263975,0.005277854679722357,0.0,0.0,0.012644475062083578,0.0,0.014238134128243271,0.0,0.0,0.01729947601510775,0.0,0.0,0.021576591164384807,0.0,0.0,0.02655744410768393,0.0,21.35190540857593,0.0
1361,34.025,1.7576005730685197e+18,-0.8767419457183254,0.6951131636835342,0.012326096157707519,0.006213756044934667,11.478435737725762,0.0013599195555395118,-0.01558151208923669,0.0062367272504017645,0.0,0.0,0.012326096157707519,0.0,0.012644475062083578,0.0,0.0,0.014238134128243271,0.0,0.0,0.01729947601510775,0.0,0.0,0.021576591164384807,0.0,21.304389291968977,0.0
1362,34.050000000000004,1.75760057309352e+18,-0.8766851590874096,0.6950051776285158,0.01256167061521745,0.002367148719431115,11.478119823763205,0.0006402092259677675,-0.05878845404065786,0.004618246607273127,0.0,0.0,0.01256167061521745,0.0,0.012326096157707519,0.0,0.0,0.012644475062083578,0.0,0.0,0.014238134128243271,0.0,0.0,0.01729947601510775,0.0,21.282250426912526,0.0
1363,34.075,1.7576005731185198e+18,-0.8769252112411441,0.6934682337506206,0.01222007972421029,-0.0013150456325961325,11.479177475481539,0.0002230582306646406,-0.13669493598238244,-0.0002782643881229931,0.0,0.0,0.01222007972421029,0.0,0.01256167061521745,0.0,0.0,0.012326096157707519,0.0,0.0,0.012644475062083578,0.0,0.0,0.014238134128243271,0.0,21.372918203671755,0.0
1364,34.1,1.7576005731435197e+18,-0.8768434979118926,0.6933123979585105,0.01013144593842838,-0.003785471373891301,11.479103279779121,0.0003981279243945802,-0.22215417478007857,-0.007895818843681174,0.0,0.0,0.01013144593842838,0.0,0.01222007972421029,0.0,0.0,0.01256167061521745,0.0,0.0,0.012326096157707519,0.0,0.0,0.012644475062083578,0.0,21.471692794839463,0.0
1365,34.125,1.7576005731685197e+18,-0.8776498552827507,0.6977066218432284,0.005664447335062648,-0.004402419619310869,11.478336099508278,0.0012616095051090504,-0.27232906931281087,-0.01588809195412842,0.0,0.0,0.005664447335062648,0.0,0.01013144593842838,0.0,0.0,0.01222007972421029,0.0,0.0,0.01256167061521745,0.0,0.0,0.012326096157707519,0.0,19.246731062667358,0.0
1366,34.15,1.7576005731935196e+18,-0.8786020594613739,0.6972930856180806,-0.000641536898551667,-0.003119121959133086,11.478519114925163,0.002598012991236777,-0.2375557994845304,-0.020084337478012457,-0.0,-0.0,-0.000641536898551667,0.0,0.005664447335062648,0.0,0.0,0.01013144593842838,0.0,0.0,0.01222007972421029,0.0,0.0,0.01256167061521745,0.0,17.04457687350873,0.0
1367,34.175000000000004,1.7576005732185198e+18,-0.8785913860707333,0.6972727335384337,-0.006625760406850992,-0.00048107029134289425,11.478586514541112,0.003878139910476481,-0.07455781746618674,-0.015201757127593587,-0.0,-0.0,-0.006625760406850992,-0.0,-0.000641536898551667,-0.0,0.0,0.005664447335062648,0.0,0.0,0.01013144593842838,0.0,0.0,0.01222007972421029,0.0,14.894600821893892,0.0
1368,34.2,1.7576005732435197e+18,-0.8759457168030829,0.6943454595313596,-0.0084938511669216,0.0025169146632905096,11.479622676010766,0.004446645659185818,0.23943642581879995,0.00368652867675059,-0.0,1.5259079933166504,-1.534401844483572,-0.0,-0.006625760406850992,-0.0,-0.0,-0.000641536898551667,-0.0,0.0,0.005664447335062648,0.0,0.0,0.01013144593842838,0.0,11.314467131659395,0.0
1369,34.225,1.7576005732685197e+18,-0.8759249310290129,0.6943058372678343,-0.0014148926601070557,0.00464062444656673,11.479660672711956,0.003928339725518656,0.6961149029963146,0.03929250027365903,-0.0,2.409723997116089,-2.411138889776196,1.5259079933166504,-1.534401844483572,-0.0,-0.0,-0.006625760406850992,-0.0,-0.0,-0.000641536898551667,-0.0,0.0,0.005664447335062648,0.0,6.998502754873694,0.0
1370,34.25,1.75760057329352e+18,-0.8778696705632085,0.6932411298267402,0.019306929627446828,0.004662574591898211,11.479678491357522,0.0028111378146327623,1.2530261736730153,0.09058280996260443,-0.0,2.9398741722106934,-2.9205672425832465,2.409723997116089,-2.411138889776196,-0.0,1.5259079933166504,-1.534401844483572,-0.0,-0.0,-0.006625760406850992,-0.0,-0.0,-0.000641536898551667,-0.0,2.352589987329145,0.0
1371,34.275000000000006,1.7576005733185198e+18,-0.8778391275974262,0.6931830222355428,0.0567945862145189,0.0016739027672970537,11.479745700342189,0.0030787244645930517,1.8400384343101452,0.15238383016713924,0.1897957473993301,3.3523099422454834,-3.2955153560309647,2.9398741722106934,-2.9205672425832465,-0.0,2.409723997116089,-2.411138889776196,-0.0,1.5259079933166504,-1.534401844483572,-0.0,-0.0,-0.006625760406850992,-0.0,-2.462907909992576,0.0
1372,34.300000000000004,1.7576005733435197e+18,-0.8753720840384092,0.6950275936975043,0.11141291371980648,-0.004508052039194293,11.478892557394957,0.008677985545838079,2.374325538596918,0.21654109106367722,0.2398687601089477,3.4110798835754395,-3.299666969855633,3.3523099422454834,-3.2955153560309647,0.1897957473993301,2.9398741722106934,-2.9205672425832465,-0.0,2.409723997116089,-2.411138889776196,-0.0,1.5259079933166504,-1.534401844483572,-0.0,-7.068998780179159,0.0
1373,34.325,1.7576005733685197e+18,-0.8750359236230874,0.6943877765218043,0.18034683038339688,-0.012923456926392369,11.478948883501781,0.02553636806264565,2.779949760447821,0.27428897169341804,0.3249988555908203,3.4110798835754395,-3.2307330531920426,3.4110798835754395,-3.299666969855633,0.2398687601089477,3.3523099422454834,-3.2955153560309647,0.1897957473993301,2.9398741722106934,-2.9205672425832465,-0.0,2.409723997116089,-2.411138889776196,-0.0,-11.402803966020064,0.0
1374,34.35,1.7576005733935196e+18,-0.8714156275543314,0.6812503241650629,0.25818288565953973,-0.021307387375698927,11.480471407207833,0.06085203353182576,3.006335053373234,0.3188246879514002,0.3400000035762787,3.4110798835754395,-3.1528969979159,3.4110798835754395,-3.2307330531920426,0.3249988555908203,3.4110798835754395,-3.299666969855633,0.2398687601089477,3.3523099422454834,-3.2955153560309647,0.1897957473993301,2.9398741722106934,-2.9205672425832465,-0.0,-15.480669072104993,0.0
1375,34.375,1.7576005734185198e+18,-0.8689620021616205,0.6765538143339491,0.3383292292473658,-0.026503307610569304,11.481210120495033,0.12155148481176911,3.040070026641006,0.3469961913269341,0.3400000035762787,3.4110798835754395,-3.0727506543280736,3.4110798835754395,-3.1528969979159,0.3400000035762787,3.4110798835754395,-3.2307330531920426,0.3249988555908203,3.4110798835754395,-3.299666969855633,0.2398687601089477,3.3523099422454834,-3.2955153560309647,0.1897957473993301,-19.334533885842966,0.0
1376,34.400000000000006,1.7576005734435197e+18,-0.8747254503866855,0.681313024384109,0.41477642825313726,-0.025575802525801137,11.487369156413779,0.21217201371826067,2.906576045408095,0.35953916412894943,0.3400000035762787,3.4110798835754395,-2.9963034553223022,3.4110798835754395,-3.0727506543280736,0.3400000035762787,3.4110798835754395,-3.1528969979159,0.3400000035762787,3.4110798835754395,-3.2307330531920426,0.3249988555908203,3.4110798835754395,-3.299666969855633,0.2398687601089477,-23.004508231914933,0.0
1377,34.425000000000004,1.7576005734685197e+18,-0.8720411735710507,0.6762181422323794,0.48357424582288727,-0.017323558263838586,11.490196855365776,0.3328430636482348,2.661475407761589,0.3600378311863895,0.3400000035762787,3.4110798835754395,-2.927505637752552,3.4110798835754395,-2.9963034553223022,0.3400000035762787,3.4110798835754395,-3.0727506543280736,0.3400000035762787,3.4110798835754395,-3.1528969979159,0.3400000035762787,3.4110798835754395,-3.2307330531920426,0.3249988555908203,-26.530834533197474,0.0
1378,34.45,1.75760057349352e+18,-0.8695654563497892,0.6714521271731624,0.5435153181885259,-0.003485960878202397,11.496989961561047,0.4782326314837652,2.3747671552169285,0.35329008148128555,0.3400000035762787,3.293365716934204,-2.749850398745678,3.4110798835754395,-2.927505637752552,0.3400000035762787,3.4110798835754395,-2.9963034553223022,0.3400000035762787,3.4110798835754395,-3.0727506543280736,0.3400000035762787,3.4110798835754395,-3.1528969979159,0.3400000035762787,-29.829401124039475,0.0
1379,34.475,1.7576005735185198e+18,-0.866262783039621,0.6652362731569521,0.5958534991621135,0.01114666950221278,11.501571480936686,0.6380772982272379,2.112963828226425,0.3438287718724511,0.3400000035762787,3.1754770278930664,-2.579623528730953,3.293365716934204,-2.749850398745678,0.3400000035762787,3.4110798835754395,-2.927505637752552,0.3400000035762787,3.4110798835754395,-2.9963034553223022,0.3400000035762787,3.4110798835754395,-3.0727506543280736,0.3400000035762787,-32.922882004665006,0.0
1380,34.5,1.7576005735435197e+18,-0.8677395429807029,0.6808803921947322,0.6433130192979882,0.02010821806420928,11.51940818143436,0.7992959285194455,1.9244897019295004,0.3350706409360518,0.3400000035762787,3.1754770278930664,-2.5321640085950783,3.1754770278930664,-2.579623528730953,0.3400000035762787,3.293365716934204,-2.749850398745678,0.3400000035762787,3.4110798835754395,-2.927505637752552,0.3400000035762787,3.4110798835754395,-2.9963034553223022,0.3400000035762787,-35.94038475980575,0.0
1381,34.525000000000006,1.7576005735685197e+18,-0.865342063154745,0.676527733246804,0.6889158507715499,0.017762723930875638,11.527825530646057,0.9490327494917011,1.8319984171421235,0.3291575745031085,0.3400000035762787,3.116532802581787,-2.4276169518102373,3.1754770278930664,-2.5321640085950783,0.3400000035762787,3.1754770278930664,-2.579623528730953,0.3400000035762787,3.293365716934204,-2.749850398745678,0.3400000035762787,3.4110798835754395,-2.927505637752552,0.3400000035762787,-38.8245760233959,0.0
1382,34.550000000000004,1.7576005735935196e+18,-0.8483949765559786,0.6493114271938569,0.7351001384537342,0.0018925803395625617,11.568671878324679,1.077631030164832,1.8326225737201118,0.32723058935723554,0.3400000035762787,3.0575883388519287,-2.3224882003981944,3.116532802581787,-2.4276169518102373,0.3400000035762787,3.1754770278930664,-2.5321640085950783,0.3400000035762787,3.1754770278930664,-2.579623528730953,0.3400000035762787,3.293365716934204,-2.749850398745678,0.3400000035762787,-41.57133030063403,0.0
1383,34.575,1.7576005736185198e+18,-0.829438869255251,0.6089700113613252,0.7833249801559476,-0.02489628830617746,11.61460035579694,1.1806320323361077,1.9045975357039595,0.32974713803264183,0.3400000035762787,2.880929946899414,-2.097604966743466,3.0575883388519287,-2.3224882003981944,0.3400000035762787,3.116532802581787,-2.4276169518102373,0.3400000035762787,3.1754770278930664,-2.5321640085950783,0.3400000035762787,3.1754770278930664,-2.579623528730953,0.3400000035762787,-43.945356660722624,0.0
1384,34.6,1.7576005736435197e+18,-0.826274130387175,0.6036130016835071,0.8341020912033369,-0.05576309877355507,11.625172302444472,1.2593173325990825,2.0171040596217944,0.33653046169658224,0.3400000035762787,2.821985483169556,-1.987883391966219,2.880929946899414,-2.097604966743466,0.3400000035762787,3.0575883388519287,-2.3224882003981944,0.3400000035762787,3.116532802581787,-2.4276169518102373,0.3400000035762787,3.1754770278930664,-2.5321640085950783,0.3400000035762787,-46.05573740211427,0.0
1385,34.625,1.7576005736685197e+18,-0.8117331023248981,0.5845801548804348,0.8872878998301689,-0.08211044988351313,11.666373839047456,1.3198321707404461,2.1399348986108877,0.3464664168997079,0.3400000035762787,2.821985483169556,-1.9346975833393874,2.821985483169556,-1.987883391966219,0.3400000035762787,2.880929946899414,-2.097604966743466,0.3400000035762787,3.0575883388519287,-2.3224882003981944,0.3400000035762787,3.116532802581787,-2.4276169518102373,0.3400000035762787,-47.727420285002474,0.0
1386,34.650000000000006,1.75760057369352e+18,-0.8003460644613503,0.561221802423524,0.9424667714448403,-0.09697050344955312,11.693700277230517,1.3713201619463473,2.250514276987732,0.35703620797546554,0.3400000035762787,2.821985483169556,-1.8795187117247159,2.821985483169556,-1.9346975833393874,0.3400000035762787,2.821985483169556,-1.987883391966219,0.3400000035762787,2.880929946899414,-2.097604966743466,0.3400000035762787,3.0575883388519287,-2.3224882003981944,0.3400000035762787,-49.203383363952106,0.0
1387,34.675000000000004,1.7576005737185198e+18,-0.7906554798182501,0.5476910670469615,0.9992799774113431,-0.09791621596955938,11.719082986227203,1.4236681293458577,2.33728991391084,0.3640753037565904,0.3400000035762787,2.821985483169556,-1.822705505758213,2.821985483169556,-1.8795187117247159,0.3400000035762787,2.821985483169556,-1.9346975833393874,0.3400000035762787,2.821985483169556,-1.987883391966219,0.3400000035762787,2.880929946899414,-2.097604966743466,0.3400000035762787,-50.378241699284395,0.0
1388,34.7,1.7576005737435197e+18,-0.7723706490276978,0.533432249702033,1.0575934614112308,-0.0883297919428096,11.765135315300187,1.4854131664121395,2.3998858944461783,0.36217519397017683,0.3400000035762787,2.821985483169556,-1.7643920217583253,2.821985483169556,-1.822705505758213,0.3400000035762787,2.821985483169556,-1.8795187117247159,0.3400000035762787,2.821985483169556,-1.9346975833393874,0.3400000035762787,2.821985483169556,-1.987883391966219,0.3400000035762787,-51.385350273876256,0.0
1389,34.725,1.7576005737685197e+18,-0.7440281616547955,0.5028381794982908,1.1174823635333662,-0.07655808411998753,11.801805028751566,1.562115668104756,2.4471602566825488,0.3459372161633638,0.3400000035762787,2.821985483169556,-1.70450311963619,2.821985483169556,-1.7643920217583253,0.3400000035762787,2.821985483169556,-1.822705505758213,0.3400000035762787,2.821985483169556,-1.8795187117247159,0.3400000035762787,2.821985483169556,-1.9346975833393874,0.3400000035762787,-52.182699750747005,0.0
1390,34.75,1.7576005737935196e+18,-0.7232168661842362,0.4785696837471442,1.179126124670156,-0.07334385487310198,11.844703940148332,1.6551313354544397,2.494325298283095,0.31187138121859825,0.3400000035762787,2.821985483169556,-1.6428593584994,2.821985483169556,-1.70450311963619,0.3400000035762787,2.821985483169556,-1.7643920217583253,0.3400000035762787,2.821985483169556,-1.822705505758213,0.3400000035762787,2.821985483169556,-1.8795187117247159,0.3400000035762787,-52.84455762347239,0.0
1391,34.775000000000006,1.7576005738185198e+18,-0.691691905016472,0.448438710726029,1.242760649756037,-0.08853302430026477,11.908138606773763,1.760504790785654,2.559786947086656,0.2602504347876653,0.3400000035762787,2.821985483169556,-1.579224833413519,2.821985483169556,-1.6428593584994,0.3400000035762787,2.821985483169556,-1.70450311963619,0.3400000035762787,2.821985483169556,-1.7643920217583253,0.3400000035762787,2.821985483169556,-1.822705505758213,0.3400000035762787,-53.441817010703076,0.0
1392,34.800000000000004,1.7576005738435197e+18,-0.6837876582554303,0.4399905871802914,1.3087542966566288,-0.12816385034288788,11.924692665063965,1.867968769257541,2.661765424325314,0.1959512959918279,0.2899417877197265,2.821985483169556,-1.5132311865129273,2.821985483169556,-1.579224833413519,0.3400000035762787,2.821985483169556,-1.6428593584994,0.3400000035762787,2.821985483169556,-1.70450311963619,0.3400000035762787,2.821985483169556,-1.7643920217583253,0.3400000035762787,-54.03996071890926,0.0
1393,34.825,1.7576005738685197e+18,-0.6622758850691568,0.4125532798167295,1.3777332399763698,-0.19271628709030572,11.980374561235086,1.9606836352591606,2.8144709860039305,0.12755928111074938,-0.0,2.821985483169556,-1.4442522431931863,2.821985483169556,-1.5132311865129273,0.2899417877197265,2.821985483169556,-1.579224833413519,0.3400000035762787,2.821985483169556,-1.6428593584994,0.3400000035762787,2.821985483169556,-1.70450311963619,0.3400000035762787,-54.639078175755,0.0
1394,34.85,1.75760057389352e+18,-0.6342911299979441,0.3933287668247494,1.4506268820506207,-0.27679801675865445,12.02040258499349,2.016800671210432,3.023811976407118,0.06485752859511153,-0.0,2.821985483169556,-1.3713586011189354,2.821985483169556,-1.4442522431931863,-0.0,2.821985483169556,-1.5132311865129273,0.2899417877197265,2.821985483169556,-1.579224833413519,0.3400000035762787,2.821985483169556,-1.6428593584994,0.3400000035762787,-55.232919811053016,0.0
1395,34.875,1.7576005739185198e+18,-0.6055109494356312,0.347813791213666,1.5285712451713502,-0.3700845579034456,12.083598994360704,2.013547117876159,3.283208159080945,0.015811267416057765,-0.0,2.821985483169556,-1.2934142379982059,2.821985483169556,-1.3713586011189354,-0.0,2.821985483169556,-1.4442522431931863,-0.0,2.821985483169556,-1.5132311865129273,0.2899417877197265,2.821985483169556,-1.579224833413519,0.3400000035762787,-55.75146335605253,0.0
1396,34.900000000000006,1.7576005739435197e+18,-0.5730819390122797,0.3227637481299144,1.612684677821319,-0.45904291408987374,12.141498862401777,1.9332928275338794,3.5707414100820896,-0.015508900912464476,-0.0,2.821985483169556,-1.209300805348237,2.821985483169556,-1.2934142379982059,-0.0,2.821985483169556,-1.3713586011189354,-0.0,2.821985483169556,-1.4442522431931863,-0.0,2.821985483169556,-1.5132311865129273,0.2899417877197265,-56.23957231794021,0.0
1397,34.925000000000004,1.7576005739685197e+18,-0.5187612779745843,0.3018554790269583,1.7037304303385277,-0.5289491704246254,12.186879105767948,1.7697053890461387,3.8491898828573934,-0.029258431883128395,-0.0,2.821985483169556,-1.1182550528310284,2.821985483169556,-1.209300805348237,-0.0,2.821985483169556,-1.2934142379982059,-0.0,2.821985483169556,-1.3713586011189354,-0.0,2.821985483169556,-1.4442522431931863,-0.0,-56.68362031331886,0.0
1398,34.95,1.7576005739935196e+18,-0.4834470755998996,0.2798939796844188,1.8016670078956147,-0.5659837497581389,12.244071065288153,1.5315465792924894,4.070153561300219,-0.02866380013648066,-0.0,2.821985483169556,-1.0203184752739414,2.821985483169556,-1.1182550528310284,-0.0,2.821985483169556,-1.209300805348237,-0.0,2.821985483169556,-1.2934142379982059,-0.0,2.821985483169556,-1.3713586011189354,-0.0,-57.07321545783668,0.0
1399,34.975,1.7576005740185198e+18,-0.4258913685874494,0.2452571452179988,1.9051631789142496,-0.5595162546493421,12.286149132623287,1.2423042045173038,4.182433984949783,-0.018328445867969768,-0.0,2.821985483169556,-0.9168223042553065,2.821985483169556,-1.0203184752739414,-0.0,2.821985483169556,-1.1182550528310284,-0.0,2.821985483169556,-1.209300805348237,-0.0,2.821985483169556,-1.2934142379982059,-0.0,-57.403508074410595,0.0
1400,35.0,1.7576005740435197e+18,-0.3416130610620485,0.2242209731404352,2.0112902180931878,-0.5046288730196007,12.325777464951441,0.9354188245719988,4.143343987270012,-0.0029411540309592296,-0.0,2.821985483169556,-0.8106952650763684,2.821985483169556,-0.9168223042553065,-0.0,2.821985483169556,-1.0203184752739414,-0.0,2.821985483169556,-1.1182550528310284,-0.0,2.821985483169556,-1.209300805348237,-0.0,-57.67618666325539,0.0
1401,35.025000000000006,1.7576005740685197e+18,-0.3225748320504049,0.2184863774657939,2.115642976758315,-0.4043794348173291,12.336315944001147,0.6466537497754333,3.9302231053096404,0.013163141932153144,-0.0,2.821985483169556,-0.7063425064112412,2.821985483169556,-0.8106952650763684,-0.0,2.821985483169556,-0.9168223042553065,-0.0,2.821985483169556,-1.0203184752739414,-0.0,2.821985483169556,-1.1182550528310284,-0.0,-57.898768277889424,0.0
1402,35.050000000000004,1.75760057409352e+18,-0.2660163423349289,0.2018020986531969,2.2129941730377696,-0.27082228757121607,12.367386769262366,0.4062696380715693,3.5487285384567366,0.02574456025584049,-0.0,2.821985483169556,-0.6089913101317865,2.821985483169556,-0.7063425064112412,-0.0,2.821985483169556,-0.8106952650763684,-0.0,2.821985483169556,-0.9168223042553065,-0.0,2.821985483169556,-1.0203184752739414,-0.0,-58.08237880452048,0.0
1403,35.075,1.7576005741185198e+18,-0.2203755945084515,0.2036108878395772,2.2983462211934524,-0.12392821234219692,12.355464096242354,0.23345013014762592,3.034890908173312,0.03027523222711928,-0.0,2.821985483169556,-0.5236392619761037,2.821985483169556,-0.6089913101317865,-0.0,2.821985483169556,-0.7063425064112412,-0.0,2.821985483169556,-0.8106952650763684,-0.0,2.821985483169556,-0.9168223042553065,-0.0,-58.238860496454926,0.0
1404,35.1,1.7576005741435197e+18,-0.16986023267035,0.1902208286017881,2.3680733224977346,0.011814466541385214,12.374680622991992,0.13408970982511786,2.449503229224863,0.02207561821060004,-0.0,2.821985483169556,-0.4539121606718215,2.821985483169556,-0.5236392619761037,-0.0,2.821985483169556,-0.6089913101317865,-0.0,2.821985483169556,-0.7063425064112412,-0.0,2.821985483169556,-0.8106952650763684,-0.0,-58.37830259151945,0.0
1405,35.125,1.7576005741685197e+18,-0.0711030412018813,0.1801205202618696,2.4208088125405505,0.11256768448027044,12.35667915977838,0.10155318108570159,1.8657161523325487,-0.002690363649172519,-0.0,2.821985483169556,-0.40117667062900564,2.821985483169556,-0.4539121606718215,-0.0,2.821985483169556,-0.5236392619761037,-0.0,2.821985483169556,-0.6089913101317865,-0.0,2.821985483169556,-0.7063425064112412,-0.0,-58.50778440695589,0.0
1406,35.150000000000006,1.7576005741935196e+18,-0.0177733011426144,0.1679631087348252,2.457794239792139,0.1608779947342675,12.364025919259799,0.1191703065262901,1.352963760808281,-0.04538445703990588,-0.0,2.821985483169556,-0.36419124337741726,2.821985483169556,-0.40117667062900564,-0.0,2.821985483169556,-0.4539121606718215,-0.0,2.821985483169556,-0.5236392619761037,-0.0,2.821985483169556,-0.6089913101317865,-0.0,-58.63151153778298,0.0
1407,35.175000000000004,1.7576005742185198e+18,0.0536686172431162,0.1584781773869252,2.482534706339566,0.1504170293791434,12.355798120405108,0.1632453227543421,0.9617027102836117,-0.10342026403659045,-0.0045047933235764,2.821985483169556,-0.3394507768299899,2.821985483169556,-0.36419124337741726,-0.0,2.821985483169556,-0.40117667062900564,-0.0,2.821985483169556,-0.4539121606718215,-0.0,2.821985483169556,-0.5236392619761037,-0.0,-58.752010243917105,0.0
1408,35.2,1.7576005742435197e+18,0.1127118242302072,0.145153654193417,2.499807443421836,0.08827057282332795,12.360431589757285,0.20600420023671295,0.7133487877342324,-0.16996617190221655,-0.1447181701660156,2.821985483169556,-0.3221780397477203,2.821985483169556,-0.3394507768299899,-0.0045047933235764,2.821985483169556,-0.36419124337741726,-0.0,2.821985483169556,-0.40117667062900564,-0.0,2.821985483169556,-0.4539121606718215,-0.0,-58.87176245370174,0.0
1409,35.225,1.7576005742685197e+18,0.201047363206666,0.1115186477221745,2.5143203297719032,-0.006109832817067844,12.365733763310873,0.21867576748021442,0.598198687354121,-0.2354354859527316,-0.3400000035762787,2.821985483169556,-0.3076651533976529,2.821985483169556,-0.3221780397477203,-0.1447181701660156,2.821985483169556,-0.3394507768299899,-0.0045047933235764,2.821985483169556,-0.36419124337741726,-0.0,2.821985483169556,-0.40117667062900564,-0.0,-58.93558157443424,0.0
1410,35.25,1.75760057429352e+18,0.285256018339775,0.0915322340120927,2.5294885125040016,-0.10526557071919619,12.370676325871031,0.1752251369665429,0.5815662839532506,-0.2904050911085421,-0.3400000035762787,2.821985483169556,-0.29249697066555447,2.821985483169556,-0.3076651533976529,-0.3400000035762787,2.821985483169556,-0.3221780397477203,-0.1447181701660156,2.821985483169556,-0.3394507768299899,-0.0045047933235764,2.821985483169556,-0.36419124337741726,-0.0,-59.00767938235624,0.0
1411,35.275000000000006,1.7576005743185198e+18,0.3333183455812167,0.0814069418723755,2.5467582547032577,-0.18034665467470057,12.373635102550956,0.056843423061955736,0.615766911976938,-0.3286832020791622,-0.3400000035762787,2.9398741722106934,-0.3931159175074357,2.821985483169556,-0.29249697066555447,-0.3400000035762787,2.821985483169556,-0.3076651533976529,-0.3400000035762787,2.821985483169556,-0.3221780397477203,-0.1447181701660156,2.821985483169556,-0.3394507768299899,-0.0045047933235764,-59.152390595846555,0.0
1412,35.300000000000004,1.7576005743435197e+18,0.4252138773717426,0.0548323156786403,2.5656681040667606,-0.20817610918471396,12.3794844762649,-0.14360654473683568,0.6539020370849333,-0.3490913413789983,-0.3400000035762787,2.9398741722106934,-0.37420606814393276,2.9398741722106934,-0.3931159175074357,-0.3400000035762787,2.821985483169556,-0.29249697066555447,-0.3400000035762787,2.821985483169556,-0.3076651533976529,-0.3400000035762787,2.821985483169556,-0.3221780397477203,-0.1447181701660156,-59.31330587125677,0.0
1413,35.325,1.7576005743685197e+18,0.4762920894135729,0.0442711394229284,2.584537237347545,-0.1768264491812104,12.382732417446189,-0.41875198997069846,0.6612181191427204,-0.3552432615435982,-0.3400000035762787,2.9398741722106934,-0.35533693486314855,2.9398741722106934,-0.37420606814393276,-0.3400000035762787,2.9398741722106934,-0.3931159175074357,-0.3400000035762787,2.821985483169556,-0.29249697066555447,-0.3400000035762787,2.821985483169556,-0.3076651533976529,-0.3400000035762787,-59.42738833463651,0.0
1414,35.35,1.7576005743935196e+18,0.5240435961051424,0.0382131665086844,2.601443464895081,-0.08829860530251801,12.373351945337882,-0.7470476693550121,0.621116887250487,-0.35360071035853446,-0.3400000035762787,2.9398741722106934,-0.33843070731561253,2.9398741722106934,-0.35533693486314855,-0.3400000035762787,2.9398741722106934,-0.37420606814393276,-0.3400000035762787,2.9398741722106934,-0.3931159175074357,-0.3400000035762787,2.821985483169556,-0.29249697066555447,-0.3400000035762787,-59.59870271941397,0.0
1415,35.375,1.7576005744185198e+18,0.6041964167483829,0.0236835682337912,2.6150735110239642,0.042236023752120266,12.369980457252975,-1.0969078862443313,0.5350693254353859,-0.35072457038942567,-0.3400000035762787,2.9398741722106934,-0.3248006611867291,2.9398741722106934,-0.33843070731561253,-0.3400000035762787,2.9398741722106934,-0.35533693486314855,-0.3400000035762787,2.9398741722106934,-0.37420606814393276,-0.3400000035762787,2.9398741722106934,-0.3931159175074357,-0.3400000035762787,-61.32882940920732,0.0
1416,35.400000000000006,1.7576005744435197e+18,0.6585700739946048,0.0411031414417224,2.6251211563331207,0.19031342877266916,12.30011178020075,-1.4337508975000872,0.41781033285161095,-0.35074751838679696,-0.3400000035762787,2.9398741722106934,-0.31475301587757265,2.9398741722106934,-0.3248006611867291,-0.3400000035762787,2.9398741722106934,-0.33843070731561253,-0.3400000035762787,2.9398741722106934,-0.35533693486314855,-0.3400000035762787,2.9398741722106934,-0.37420606814393276,-0.3400000035762787,-63.00076544529536,0.0
1417,35.425000000000004,1.7576005744685197e+18,0.7384707682793015,0.0252208258127955,2.632140443778337,0.32814821676006195,12.262117202727229,-1.7278358839204557,0.2904429590019526,-0.353855874279787,-0.3400000035762787,2.9398741722106934,-0.30773372843235647,2.9398741722106934,-0.31475301587757265,-0.3400000035762787,2.9398741722106934,-0.3248006611867291,-0.3400000035762787,2.9398741722106934,-0.33843070731561253,-0.3400000035762787,2.9398741722106934,-0.35533693486314855,-0.3400000035762787,-64.58051707406513,0.0
1418,35.45,1.75760057449352e+18,0.7864055469509297,0.009670314898539,2.6370372056372324,0.4311405896870475,12.234090734382791,-1.9604865122715383,0.17409115957571736,-0.35620201337009816,-0.3400000035762787,2.9398741722106934,-0.30283696657346093,2.9398741722106934,-0.30773372843235647,-0.3400000035762787,2.9398741722106934,-0.31475301587757265,-0.3400000035762787,2.9398741722106934,-0.3248006611867291,-0.3400000035762787,2.9398741722106934,-0.33843070731561253,-0.3400000035762787,-66.03983177945106,0.0
1419,35.475,1.7576005745185198e+18,0.8519805305039987,-0.0053632951961535,2.6405628713533975,0.48323711216520937,12.194206186237837,-2.1269921063331374,0.08572167422383947,-0.3512797295493626,-0.3400000035762787,2.9398741722106934,-0.29931130085729585,2.9398741722106934,-0.30283696657346093,-0.3400000035762787,2.9398741722106934,-0.30773372843235647,-0.3400000035762787,2.9398741722106934,-0.31475301587757265,-0.3400000035762787,2.9398741722106934,-0.3248006611867291,-0.3400000035762787,-67.3627026054301,0.0
1420,35.5,1.7576005745435197e+18,0.9816333629725756,-0.0403087082087285,2.64312534344164,0.47995314958065965,12.109359735163407,-2.2356181894234375,0.036353172191746864,-0.3324002773970662,-0.3400000035762787,2.9398741722106934,-0.2967488287690534,2.9398741722106934,-0.29931130085729585,-0.3400000035762787,2.9398741722106934,-0.30283696657346093,-0.3400000035762787,2.9398741722106934,-0.30773372843235647,-0.3400000035762787,2.9398741722106934,-0.31475301587757265,-0.3400000035762787,-68.54835927841268,0.0
1421,35.525000000000006,1.7576005745685197e+18,1.0409845686616888,-0.0831658400228083,2.644965140771686,0.4286991146811922,12.032320534848399,-2.303201708848116,0.0308100199376821,-0.29551998801664026,-0.3400000035762787,2.9398741722106934,-0.2949090314390075,2.9398741722106934,-0.2967488287690534,-0.3400000035762787,2.9398741722106934,-0.29931130085729585,-0.3400000035762787,2.9398741722106934,-0.30283696657346093,-0.3400000035762787,2.9398741722106934,-0.30773372843235647,-0.3400000035762787,-69.60978180018013,0.0
1422,35.550000000000004,1.7576005745935196e+18,1.1293093719791591,-0.1193974077967574,2.6464775762815993,0.34669606090134797,11.968836160828186,-2.3485287254342517,0.06790459299422615,-0.24138776477174403,-0.3400000035762787,2.9398741722106934,-0.29339659592909406,2.9398741722106934,-0.2949090314390075,-0.3400000035762787,2.9398741722106934,-0.2967488287690534,-0.3400000035762787,2.9398741722106934,-0.29931130085729585,-0.3400000035762787,2.9398741722106934,-0.30283696657346093,-0.3400000035762787,-70.56862971703116,0.0
1423,35.575,1.7576005746185198e+18,1.1760204911942864,-0.1817733530654763,2.6484038882881853,0.2570072434316657,11.916800876198534,-2.3851263447288678,0.14042343229937895,-0.17601705418595848,-0.1897809207439422,2.9398741722106934,-0.29147028392250807,2.9398741722106934,-0.29339659592909406,-0.3400000035762787,2.9398741722106934,-0.2949090314390075,-0.3400000035762787,2.9398741722106934,-0.2967488287690534,-0.3400000035762787,2.9398741722106934,-0.29931130085729585,-0.3400000035762787,-71.4487198289978,0.0
1424,35.6,1.7576005746435197e+18,1.2272156552619404,-0.2167407097673743,2.6517523570019295,0.1832703691908327,11.850455650771131,-2.4153595847144715,0.23512558669019532,-0.10905560633284103,-0.0,2.9398741722106934,-0.2881218152087639,2.9398741722106934,-0.29147028392250807,-0.1897809207439422,2.9398741722106934,-0.29339659592909406,-0.3400000035762787,2.9398741722106934,-0.2949090314390075,-0.3400000035762787,2.9398741722106934,-0.2967488287690534,-0.3400000035762787,-72.2703390953878,0.0
1425,35.625,1.7576005746685197e+18,1.288313141090807,-0.2665338925165827,2.657486006265365,0.1439172838275252,11.797960468484321,-2.427780357207993,0.33357512763598235,-0.050628147726287195,-0.0,2.9398741722106934,-0.28238816594532823,2.9398741722106934,-0.2881218152087639,-0.0,2.9398741722106934,-0.29147028392250807,-0.1897809207439422,2.9398741722106934,-0.29339659592909406,-0.3400000035762787,2.9398741722106934,-0.2949090314390075,-0.3400000035762787,-73.04694342844529,0.0
1426,35.650000000000006,1.75760057469352e+18,1.3318247706810429,-0.2990847929109859,2.6661220240958023,0.14710311566602474,11.75016094547248,-2.3992637629183275,0.41462748804821914,-0.00807234161622391,-0.0,2.9398741722106934,-0.273752148114891,2.9398741722106934,-0.28238816594532823,-0.0,2.9398741722106934,-0.2881218152087639,-0.0,2.9398741722106934,-0.29147028392250807,-0.1897809207439422,2.9398741722106934,-0.29339659592909406,-0.3400000035762787,-73.78467356921867,0.0
1427,35.675000000000004,1.7576005747185198e+18,1.384005322489874,-0.3599826941670903,2.677418341726626,0.18793002928303165,11.701864898154426,-2.3022694026428288,0.45872797655820075,0.01598582275308955,-0.0,2.9398741722106934,-0.2624558304840674,2.9398741722106934,-0.273752148114891,-0.0,2.9398741722106934,-0.28238816594532823,-0.0,2.9398741722106934,-0.2881218152087639,-0.0,2.9398741722106934,-0.29147028392250807,-0.1897809207439422,-74.48410536265024,0.0
1428,35.7,1.7576005747435197e+18,1.4455580485201014,-0.4138914931290176,2.690290338047345,0.2493462329235399,11.63195377043411,-2.11558650232725,0.4531731706717837,0.023596948105029155,-0.0,2.9398741722106934,-0.2495838341633485,2.9398741722106934,-0.2624558304840674,-0.0,2.9398741722106934,-0.273752148114891,-0.0,2.9398741722106934,-0.28238816594532823,-0.0,2.9398741722106934,-0.2881218152087639,-0.0,-75.14306951396304,0.0
1429,35.725,1.7576005747685197e+18,1.4875512677475458,-0.4650157961220107,2.7030215881474438,0.3070708492700132,11.576355240706544,-1.8348416921633237,0.39663814397001,0.019895323992539064,-0.0,2.9398741722106934,-0.2368525840632496,2.9398741722106934,-0.2495838341633485,-0.0,2.9398741722106934,-0.2624558304840674,-0.0,2.9398741722106934,-0.273752148114891,-0.0,2.9398741722106934,-0.28238816594532823,-0.0,-75.7593279170382,0.0
1430,35.75,1.7576005747935196e+18,1.5519447234601291,-0.5305831092551779,2.7137310799663883,0.3373094738146992,11.4973801664358,-1.4781796473511468,0.3010467614806481,0.0109114499682726,-0.0,2.9398741722106934,-0.22614309224430507,2.9398741722106934,-0.2368525840632496,-0.0,2.9398741722106934,-0.2495838341633485,-0.0,2.9398741722106934,-0.2624558304840674,-0.0,2.9398741722106934,-0.273752148114891,-0.0,-76.33226649131379,0.0
1431,35.775000000000006,1.7576005748185198e+18,1.5737336393556656,-0.6023380337323054,2.7209615501417495,0.3246474177557549,11.471600371032906,-1.0839786959527993,0.18946779619816517,0.0017087429053766424,-0.0,2.9398741722106934,-0.2189126220689439,2.9398741722106934,-0.22614309224430507,-0.0,2.9398741722106934,-0.2368525840632496,-0.0,2.9398741722106934,-0.2495838341633485,-0.0,2.9398741722106934,-0.2624558304840674,-0.0,-76.86332609405122,0.0
1432,35.800000000000004,1.7576005748435197e+18,1.6082135900364682,-0.6480625078420365,2.724184475901532,0.26716369558819697,11.430000639200047,-0.7009262253248106,0.09001386050692664,-0.004638754474523286,-0.0,2.9398741722106934,-0.21568969630916124,2.9398741722106934,-0.2189126220689439,-0.0,2.9398741722106934,-0.22614309224430507,-0.0,2.9398741722106934,-0.2368525840632496,-0.0,2.9398741722106934,-0.2495838341633485,-0.0,-77.35541472312757,0.0
1433,35.825,1.7576005748685197e+18,1.6282899045535235,-0.7272675338704622,2.7240124356109985,0.17678775951117426,11.453933161679972,-0.37431108591766565,0.027253857569873675,-0.007165647251474321,-0.0,2.9398741722106934,-0.21586173659969488,2.9398741722106934,-0.21568969630916124,-0.0,2.9398741722106934,-0.2189126220689439,-0.0,2.9398741722106934,-0.22614309224430507,-0.0,2.9398741722106934,-0.2368525840632496,-0.0,-77.81186746168576,0.0
1434,35.85,1.75760057489352e+18,1.6539963178313029,-0.7731248881261596,2.722003790765406,0.07479236594811126,11.436133349086912,-0.13391844767761146,0.013834976879052484,-0.006487500182094501,-0.0,2.9398741722106934,-0.21787038144528736,2.9398741722106934,-0.21586173659969488,-0.0,2.9398741722106934,-0.21568969630916124,-0.0,2.9398741722106934,-0.2189126220689439,-0.0,2.9398741722106934,-0.22614309224430507,-0.0,-78.23556928523088,0.0
1435,35.875,1.7576005749185198e+18,1.7002972497980258,-0.887046953518821,2.7201186655143914,-0.015737080289178144,11.459669943392026,0.012139492148432277,0.045345234804717596,-0.00400350859270752,-0.0,2.880929946899414,-0.16081128138502265,2.9398741722106934,-0.21787038144528736,-0.0,2.9398741722106934,-0.21586173659969488,-0.0,2.9398741722106934,-0.21568969630916124,-0.0,2.9398741722106934,-0.2189126220689439,-0.0,-78.56969778279777,0.0
1436,35.900000000000006,1.7576005749435197e+18,1.725151907604523,-0.9349864151160036,2.7200424502360696,-0.07742317809815581,11.45513826945112,0.07608154020685295,0.10070938752052207,-0.0011625182330999198,-0.0,2.880929946899414,-0.16088749666334445,2.880929946899414,-0.16081128138502265,-0.0,2.9398741722106934,-0.21787038144528736,-0.0,2.9398741722106934,-0.21586173659969488,-0.0,2.9398741722106934,-0.21568969630916124,-0.0,-78.8748483092374,0.0
1437,35.925000000000004,1.7576005749685197e+18,1.7487976331808686,-0.98567166061891,2.7226321509712044,-0.10320046434620424,11.465014058922701,0.08312112658058217,0.14874576997726402,0.0010100237579078438,-0.0,2.880929946899414,-0.1582977959282097,2.880929946899414,-0.16088749666334445,-0.0,2.880929946899414,-0.16081128138502265,-0.0,2.9398741722106934,-0.21787038144528736,-0.0,2.9398741722106934,-0.21586173659969488,-0.0,-79.15283087325402,0.0
1438,35.95,1.7576005749935196e+18,1.7923496005697046,-1.0562829133461653,2.727655019237952,-0.09654757491298294,11.46369692792205,0.061737327363813196,0.159394742273607,0.002076580630859117,-0.0,2.880929946899414,-0.153274927661462,2.880929946899414,-0.1582977959282097,-0.0,2.880929946899414,-0.16088749666334445,-0.0,2.880929946899414,-0.16081128138502265,-0.0,2.9398741722106934,-0.21787038144528736,-0.0,-79.4062143923187,0.0
1439,35.975,1.7576005750185198e+18,1.8108617825972249,-1.0993495064228174,2.7338664615216737,-0.06797327985562114,11.464537220767513,0.03538748142466672,0.1162240640538701,0.0021074091848390574,-0.0,2.880929946899414,-0.1470634853777404,2.880929946899414,-0.153274927661462,-0.0,2.880929946899414,-0.1582977959282097,-0.0,2.880929946899414,-0.16088749666334445,-0.0,2.880929946899414,-0.16081128138502265,-0.0,-79.63864415775514,0.0
1440,36.0,1.7576005750435197e+18,1.844283506831712,-1.1640338100610312,2.7393968461454294,-0.029977703214836306,11.464130033222036,0.01806471712653641,0.025783865245691057,0.00147141914649052,-0.0,2.880929946899414,-0.14153310075398462,2.880929946899414,-0.1470634853777404,-0.0,2.880929946899414,-0.153274927661462,-0.0,2.880929946899414,-0.1582977959282097,-0.0,2.880929946899414,-0.16088749666334445,-0.0,-79.8548003077335,0.0
1441,36.025000000000006,1.7576005750685197e+18,1.880165467487811,-1.2443096286803856,2.742380315268306,0.007036788535613905,11.464552219925165,0.014058037990618026,-0.08030454910317802,0.0006108663833228108,-0.0,2.880929946899414,-0.13854963163110812,2.880929946899414,-0.14153310075398462,-0.0,2.880929946899414,-0.1470634853777404,-0.0,2.880929946899414,-0.153274927661462,-0.0,2.880929946899414,-0.1582977959282097,-0.0,-80.06001636968108,0.0
1442,36.050000000000004,1.75760057509352e+18,1.9221488522910664,-1.32354276208129,2.7417061086509675,0.036518385555704413,11.465728725925167,0.02069507101153623,-0.15285981200970586,-0.00012388807798659806,-0.0,2.880929946899414,-0.13922383824844653,2.880929946899414,-0.13854963163110812,-0.0,2.880929946899414,-0.14153310075398462,-0.0,2.880929946899414,-0.1470634853777404,-0.0,2.880929946899414,-0.153274927661462,-0.0,-80.25957627037491,0.0
1443,36.075,1.7576005751185198e+18,1.9482718009436877,-1.3746784097582538,2.73768217752651,0.0553911550118963,11.466506860194821,0.03222399943271881,-0.14165012976915908,-0.0005501225379054143,-0.0,2.880929946899414,-0.14324776937290418,2.880929946899414,-0.13922383824844653,-0.0,2.880929946899414,-0.13854963163110812,-0.0,2.880929946899414,-0.14153310075398462,-0.0,2.880929946899414,-0.1470634853777404,-0.0,-80.45771334567002,0.0
1444,36.1,1.7576005751435197e+18,1.9922002791580664,-1.4368074242846265,2.732320642440371,0.06281663484859985,11.471941662700624,0.0431964547239829,-0.016974620684635063,-0.0006483010625911305,-0.0,2.880929946899414,-0.14860930445904286,2.880929946899414,-0.14324776937290418,-0.0,2.880929946899414,-0.13922383824844653,-0.0,2.880929946899414,-0.13854963163110812,-0.0,2.880929946899414,-0.14153310075398462,-0.0,-80.65645617396979,0.0
1445,36.125,1.7576005751685197e+18,2.017909178255656,-1.4867090088043518,2.728969983605113,0.059307788953740156,11.47287196017705,0.05038501657731256,0.21025774073259582,-0.000508304924022499,-0.0,2.880929946899414,-0.15195996329430095,2.880929946899414,-0.14860930445904286,-0.0,2.880929946899414,-0.14324776937290418,-0.0,2.880929946899414,-0.13922383824844653,-0.0,2.880929946899414,-0.13854963163110812,-0.0,-80.85470529546015,0.0
1446,36.150000000000006,1.7576005751935196e+18,2.0609849621296417,-1.5780548713271794,2.7311874635731472,0.0465413637799997,11.474027182584264,0.053086198736382796,0.47741809599303425,-0.00026125510575597093,-0.0,2.880929946899414,-0.14974248332626683,2.880929946899414,-0.15195996329430095,-0.0,2.880929946899414,-0.14860930445904286,-0.0,2.880929946899414,-0.14324776937290418,-0.0,2.880929946899414,-0.13922383824844653,-0.0,-81.04813674246272,0.0
1447,36.175000000000004,1.7576005752185198e+18,2.087120165327363,-1.6284307692983506,2.7410380639805227,0.02737870719809267,11.474749480182119,0.05234530257481832,0.673932967048416,-2.3494687519052305e-05,-0.0,2.880929946899414,-0.13989188291889132,2.880929946899414,-0.14974248332626683,-0.0,2.880929946899414,-0.15195996329430095,-0.0,2.880929946899414,-0.14860930445904286,-0.0,2.880929946899414,-0.14324776937290418,-0.0,-81.23051020810878,0.0
1448,36.2,1.7576005752435197e+18,2.1202129166873838,-1.6967228506870495,2.757304463898612,0.005479281316894405,11.473816556214873,0.04992268409226937,0.6619299744421966,0.0001342570252560579,-0.0,2.880929946899414,-0.12362548300080212,2.880929946899414,-0.13989188291889132,-0.0,2.880929946899414,-0.14974248332626683,-0.0,2.880929946899414,-0.15195996329430095,-0.0,2.880929946899414,-0.14860930445904286,-0.0,-81.3966068234372,0.0
1449,36.225,1.7576005752685197e+18,2.1460142192616267,-1.7466706176791396,2.774263746175891,-0.015575025223701562,11.474437943483183,0.04758429702774808,0.31038880417560305,0.00019219939885082042,-0.0,2.880929946899414,-0.10666620072352284,2.880929946899414,-0.12362548300080212,-0.0,2.880929946899414,-0.13989188291889132,-0.0,2.880929946899414,-0.14974248332626683,-0.0,2.880929946899414,-0.15195996329430095,-0.0,-81.5464075727314,0.0
1450,36.25,1.75760057529352e+18,2.194280033944469,-1.8340936487180264,2.7816550742568,-0.03314546633390312,11.475508588100816,0.04677924561320808,-0.46565852968414945,0.00016892458950000806,-0.0,2.880929946899414,-0.09927487264261403,2.880929946899414,-0.10666620072352284,-0.0,2.880929946899414,-0.12362548300080212,-0.0,2.880929946899414,-0.13989188291889132,-0.0,2.880929946899414,-0.14974248332626683,-0.0,-81.68945805033592,0.0
1451,36.275000000000006,1.7576005753185198e+18,2.220253623888636,-1.88410779567202,2.7662015061637315,-0.04582921253030703,11.47653811318457,0.04843099474246913,-1.6722907311372799,0.00010152049250905862,-0.0,2.291835308074951,0.47436619808878033,2.880929946899414,-0.09927487264261403,-0.0,2.880929946899414,-0.10666620072352284,-0.0,2.880929946899414,-0.12362548300080212,-0.0,2.880929946899414,-0.13989188291889132,-0.0,-81.25882243133731,0.0
1452,36.300000000000004,1.7576005753435197e+18,2.24839573121264,-1.9500181032795625,2.7145612898668334,-0.0531009970677387,11.475124705484852,0.05265572959563491,-3.22109508562425,2.7213628242038414e-05,-0.0,1.5259079933166504,1.188653296550183,2.291835308074951,0.47436619808878033,-0.0,2.880929946899414,-0.09927487264261403,-0.0,2.880929946899414,-0.10666620072352284,-0.0,2.880929946899414,-0.12362548300080212,-0.0,-80.11270821197166,0.0
1453,36.325,1.7576005753685197e+18,2.2744529193453698,-2.0002018080628643,2.6169735391821005,-0.0547670570826896,11.475596268941867,0.0585137498621005,-4.9373998413342095,-2.8289502441869922e-05,-0.0,0.5243777632713318,2.0925957759107687,1.5259079933166504,1.188653296550183,-0.0,2.291835308074951,0.47436619808878033,-0.0,2.880929946899414,-0.09927487264261403,-0.0,2.880929946899414,-0.10666620072352284,-0.0,-78.06013848569746,0.0
1454,36.35,1.7576005753935196e+18,2.31069027503844,-2.0734300234556367,2.4704061742244874,-0.050789657706792016,11.4786903338135,0.0640466793606362,-6.592078972915792,-5.458721686097365e-05,-0.0,-0.0,2.4704061742244874,0.5243777632713318,2.0925957759107687,-0.0,1.5259079933166504,1.188653296550183,-0.0,2.291835308074951,0.47436619808878033,-0.0,2.880929946899414,-0.09927487264261403,-0.0,-75.6260238892909,0.0
1455,36.375,1.7576005754185198e+18,2.334114825257211,-2.118729890577708,2.2800301479545695,-0.041645101290533434,11.479955248117887,0.06675315984036956,-7.949425814276395,-5.420512555386458e-05,-0.0,-0.0,2.2800301479545695,-0.0,2.4704061742244874,-0.0,0.5243777632713318,2.0925957759107687,-0.0,1.5259079933166504,1.188653296550183,-0.0,2.291835308074951,0.47436619808878033,-0.0,-73.37764225698689,0.0
1456,36.400000000000006,1.7576005754435197e+18,2.3682344984734165,-2.1854401825397,2.0584225629170154,-0.028872530303438348,11.482984728117657,0.06441690270234424,-8.818463809022887,-3.706079808476449e-05,0.0,0.0,2.0584225629170154,-0.0,2.2800301479545695,-0.0,-0.0,2.4704061742244874,-0.0,0.5243777632713318,2.0925957759107687,-0.0,1.5259079933166504,1.188653296550183,-0.0,-71.34577713817755,0.0
1457,36.425000000000004,1.7576005754685197e+18,2.387855897409513,-2.223028905557703,1.8227777772350895,-0.015262091643058417,11.484014298646995,0.055957844732913035,-9.093857833517802,-1.4656387204349851e-05,0.0,0.0,1.8227777772350895,0.0,2.0584225629170154,0.0,-0.0,2.2800301479545695,-0.0,-0.0,2.4704061742244874,-0.0,0.5243777632713318,2.0925957759107687,-0.0,-69.54457595210685,0.0
1458,36.45,1.75760057549352e+18,2.414841766605112,-2.2658034703912677,1.5911224519728007,-0.004342704293017192,11.488017003164858,0.04189532779281743,-8.775718030593852,4.090011520383871e-06,0.0,0.0,1.5911224519728007,0.0,1.8227777772350895,0.0,0.0,2.0584225629170154,0.0,-0.0,2.2800301479545695,-0.0,-0.0,2.4704061742244874,-0.0,-67.97075297614916,0.0
1459,36.475,1.7576005755185198e+18,2.433089901428655,-2.3003485782965445,1.378745493027834,0.0007209150430169324,11.490005036765195,0.024216812884676295,-7.9639143460603,1.467623294091777e-05,0.0,0.0,1.378745493027834,0.0,1.5911224519728007,0.0,0.0,1.8227777772350895,0.0,0.0,2.0584225629170154,0.0,-0.0,2.2800301479545695,-0.0,-66.60624561724957,0.0
1460,36.5,1.7576005755435197e+18,2.4524697217353,-2.3385401489256887,1.1957609535001346,-0.0016739099672793336,11.48623755485239,0.005795451650295492,-6.829846683483267,1.679813454923628e-05,0.0,0.0,1.1957609535001346,0.0,1.378745493027834,0.0,0.0,1.5911224519728007,0.0,0.0,1.8227777772350895,0.0,0.0,2.0584225629170154,0.0,-65.4231291388115,0.0
1461,36.525000000000006,1.7576005755685197e+18,2.466928939127801,-2.365594995998089,1.0461958625527088,-0.010875479381323407,11.486966013785338,-0.010326738732638984,-5.574555263585787,1.290266537275322e-05,0.0,0.0,1.0461958625527088,0.0,1.1957609535001346,0.0,0.0,1.378745493027834,0.0,0.0,1.5911224519728007,0.0,0.0,1.8227777772350895,0.0,-64.38925937241652,0.0
1462,36.550000000000004,1.7576005755935196e+18,2.494925168245872,-2.4278736381996557,0.9285214833968141,-0.024164270338243497,11.487357620706923,-0.021580140160371394,-4.384894572458172,6.414475586256042e-06,0.0,0.0,0.9285214833968141,0.0,1.0461958625527088,0.0,0.0,1.1957609535001346,0.0,0.0,1.378745493027834,0.0,0.0,1.5911224519728007,0.0,-63.47329955963492,0.0
1463,36.575,1.7576005756185198e+18,2.508256137981166,-2.452748671636444,0.8372338403115397,-0.03775172227598975,11.487462773082978,-0.02639148208090386,-3.3987054280751128,3.0895146227607893e-07,0.0,0.0,0.8372338403115397,0.0,0.9285214833968141,0.0,0.0,1.0461958625527088,0.0,0.0,1.1957609535001346,0.0,0.0,1.378745493027834,0.0,-62.64828579904759,0.0
1464,36.6,1.7576005756435197e+18,2.5261131612154024,-2.487548511083461,0.7649219137674008,-0.0481155504018466,11.487052748993731,-0.024561780542268253,-2.686183307583165,-3.6505887949971624e-06,0.0,0.0,0.7649219137674008,0.0,0.8372338403115397,0.0,0.0,0.9285214833968141,0.0,0.0,1.0461958625527088,0.0,0.0,1.1957609535001346,0.0,-61.89349533121862,0.0
1465,36.625,1.7576005756685197e+18,2.5386594182738174,-2.51101043808964,0.7042402817165643,-0.053066720053153285,11.486855157581306,-0.017368042742656593,-2.2494474789538472,-5.017597128008632e-06,0.0,0.0,0.7042402817165643,0.0,0.7649219137674008,0.0,0.0,0.8372338403115397,0.0,0.0,0.9285214833968141,0.0,0.0,1.0461958625527088,0.0,-61.194919496837116,0.0
1466,36.650000000000006,1.75760057569352e+18,2.54134497208278,-2.5236225481037367,0.649345092296471,-0.05215956609391789,11.484079109508418,-0.007238743537789437,-2.0373664047217774,-4.3179422419984215e-06,0.0,0.0,0.649345092296471,0.0,0.7042402817165643,0.0,0.0,0.7649219137674008,0.0,0.0,0.8372338403115397,0.0,0.0,0.9285214833968141,0.0,-60.54493286764209,0.0
1467,36.675000000000004,1.7576005757185198e+18,2.552586220776472,-2.5445793642736607,0.5965981494211611,-0.0464354657975294,11.483116837190982,0.0029805732840769367,-1.9693417281657806,-2.528799565596794e-06,0.0,0.0,0.5965981494211611,0.0,0.649345092296471,0.0,0.0,0.7042402817165643,0.0,0.0,0.7649219137674008,0.0,0.0,0.8372338403115397,0.0,-59.94170895781408,0.0
1468,36.7,1.7576005757435197e+18,2.5600704087048087,-2.5560706805206426,0.5445731379228067,-0.03777605000776803,11.484484859081467,0.010908215322352444,-1.9606483421390435,-6.081957774314184e-07,0.0,0.0,0.5445731379228067,0.0,0.5965981494211611,0.0,0.0,0.649345092296471,0.0,0.0,0.7042402817165643,0.0,0.0,0.7649219137674008,0.0,-57.8627339754077,0.0
1469,36.725,1.7576005757685197e+18,2.5578228140005588,-2.5563310059880777,0.49354567096780744,-0.028213731019935365,11.485097962832596,0.015276897471949791,-1.942959650449549,7.966955871707974e-07,0.0,0.0,0.49354567096780744,0.0,0.5445731379228067,0.0,0.0,0.5965981494211611,0.0,0.0,0.649345092296471,0.0,0.0,0.7042402817165643,0.0,-54.9580494146637,0.0
1470,36.75,1.7576005757935196e+18,2.56652740010934,-2.572659940562086,0.44472427986147817,-0.019445548595697623,11.485211403452842,0.016101816726318382,-1.8761609498883196,1.4371949443838155e-06,0.0,0.0,0.44472427986147817,0.0,0.49354567096780744,0.0,0.0,0.5445731379228067,0.0,0.0,0.5965981494211611,0.0,0.0,0.649345092296471,0.0,-51.59275789221898,0.0
1471,36.775000000000006,1.7576005758185198e+18,2.5723271667027348,-2.5835397237091007,0.39948732587815533,-0.012629750034286987,11.485286987646212,0.014372924301726861,-1.7505150489928734,1.3943098884883098e-06,0.0,0.0,0.39948732587815533,0.0,0.44472427986147817,0.0,0.0,0.49354567096780744,0.0,0.0,0.5445731379228067,0.0,0.0,0.5965981494211611,0.0,-47.89775521030985,0.0
1472,36.800000000000004,1.7576005758435197e+18,2.5717327151046003,-2.584659999188278,0.3588203956390785,-0.008404954677429374,11.484850314943406,0.011482360361511762,-1.5808091392064205,9.323936570950876e-07,0.0,0.0,0.3588203956390785,0.0,0.39948732587815533,0.0,0.0,0.44472427986147817,0.0,0.0,0.49354567096780744,0.0,0.0,0.5445731379228067,0.0,-44.23926784481514,0.0
1473,36.825,1.7576005758685197e+18,2.578272153921093,-2.5962834341565744,0.3230307761392538,-0.006995588342608857,11.484846259464472,0.00865388719007748,-1.3957051639476603,3.4937734488253715e-07,0.0,0.0,0.3230307761392538,0.0,0.3588203956390785,0.0,0.0,0.39948732587815533,0.0,0.0,0.44472427986147817,0.0,0.0,0.49354567096780744,0.0,-40.68550401548384,0.0
1474,36.85,1.75760057589352e+18,2.5848161800255456,-2.608564975207096,0.2917153733749954,-0.008263992395958509,11.484841855447623,0.006580204415088446,-1.225960028076894,-1.2846441172872657e-07,0.0,0.0,0.2917153733749954,0.0,0.3230307761392538,0.0,0.0,0.3588203956390785,0.0,0.0,0.39948732587815533,0.0,0.0,0.44472427986147817,0.0,-37.24089164419295,0.0
1475,36.875,1.7576005759185198e+18,2.583013125222815,-2.6064355907647414,0.2639138928927462,-0.011651224958629757,11.48546330410584,0.005357629867335549,-1.094645304267719,-3.907549671788661e-07,0.0,0.0,0.2639138928927462,0.0,0.2917153733749954,0.0,0.0,0.3230307761392538,0.0,0.0,0.3588203956390785,0.0,0.0,0.39948732587815533,0.0,-33.90422709697213,0.0
1476,36.900000000000006,1.7576005759435197e+18,2.585351030863567,-2.610828165071407,0.2383785377154541,-0.01608398345815047,11.485371795525893,0.004674429019001458,-1.0113508812039569,-4.348690678547644e-07,0.0,0.0,0.2383785377154541,0.0,0.2639138928927462,0.0,0.0,0.2917153733749954,0.0,0.0,0.3230307761392538,0.0,0.0,0.3588203956390785,0.0,-30.66954510393437,0.0
1477,36.925000000000004,1.7576005759685197e+18,2.5837411167394864,-2.610741459105502,0.2138988829074584,-0.02001521699403739,11.48767382017973,0.004107624711476243,-0.971019234437517,-3.2717856624150173e-07,0.0,0.0,0.2138988829074584,0.0,0.2383785377154541,0.0,0.0,0.2639138928927462,0.0,0.0,0.2917153733749954,0.0,0.0,0.3230307761392538,0.0,-27.528140583274364,0.0
1478,36.95,1.7576005759935196e+18,2.586278491544506,-2.615476019528357,0.18961313584212988,-0.02172675829848169,11.487511497685867,0.0033676064893430964,-0.9568671334203198,-1.5701603337830905e-07,0.0,0.0,0.18961313584212988,0.0,0.2138988829074584,0.0,0.0,0.2383785377154541,0.0,0.0,0.2639138928927462,0.0,0.0,0.2917153733749954,0.0,-24.588677048686556,0.0
1479,36.975,1.7576005760185198e+18,2.588308272504852,-2.6229263166938,0.16522748287525685,-0.019867694213251047,11.486056277000795,0.0023985531038796665,-0.9460211666759719,-3.8601626075546836e-10,0.0,0.0,0.16522748287525685,0.0,0.18961313584212988,0.0,0.0,0.2138988829074584,0.0,0.0,0.2383785377154541,0.0,0.0,0.2639138928927462,0.0,-21.843826037080348,0.0
1480,37.0,1.7576005760435197e+18,2.5901558764215364,-2.6263721968703764,0.14108189681880776,-0.014028095193379962,11.485834124955861,0.0013351614905773243,-0.9161071091263383,9.88402413854907e-08,0.0,0.0,0.14108189681880776,0.0,0.16522748287525685,0.0,0.0,0.18961313584212988,0.0,0.0,0.2138988829074584,0.0,0.0,0.2383785377154541,0.0,-19.170580131666462,0.0
1481,37.025000000000006,1.7576005760685197e+18,2.58807981960858,-2.6223305555405574,0.1180464674189563,-0.005063047984771747,11.487153941032554,0.00038030520973996,-0.851077713482893,1.3080364983480296e-07,0.0,0.0,0.1180464674189563,0.0,0.14108189681880776,0.0,0.0,0.16522748287525685,0.0,0.0,0.18961313584212988,0.0,0.0,0.2138988829074584,0.0,-16.624916712437265,0.0
1482,37.050000000000004,1.75760057609352e+18,2.592790048816019,-2.6245881206308184,0.0972820927299633,0.005046943647397442,11.487201333496136,-0.000310608542026203,-0.7449595304869822,1.1024024285812386e-07,0.0,0.0,0.0972820927299633,0.0,0.1180464674189563,0.0,0.0,0.14108189681880776,0.0,0.0,0.16522748287525685,0.0,0.0,0.18961313584212988,0.0,-14.205146419309107,0.0
1483,37.075,1.7576005761185198e+18,2.593479281915944,-2.6258758663548862,0.07993294238744598,0.013800531498379348,11.486957480406284,-0.000676962641891093,-0.6028250278794284,6.285327391513585e-08,0.0,0.0,0.07993294238744598,0.0,0.0972820927299633,0.0,0.0,0.1180464674189563,0.0,0.0,0.14108189681880776,0.0,0.0,0.16522748287525685,0.0,-12.027608510178194,0.0
1484,37.1,1.7576005761435197e+18,2.594040682161057,-2.628383220660009,0.06683183117204386,0.019003870971108262,11.487694135244341,-0.0007287389148359957,-0.4390061076894781,1.3270455496856688e-08,0.0,0.0,0.06683183117204386,0.0,0.07993294238744598,0.0,0.0,0.0972820927299633,0.0,0.0,0.1180464674189563,0.0,0.0,0.14108189681880776,0.0,-9.972893287039932,0.0
1485,37.125,1.7576005761685197e+18,2.594423898993124,-2.629101188830776,0.05829232507431605,0.019463695330128435,11.487528010549589,-0.0004974772637567547,-0.2732094021081039,-2.224058176453606e-08,0.0,0.0,0.05829232507431605,0.0,0.06683183117204386,0.0,0.0,0.07993294238744598,0.0,0.0,0.0972820927299633,0.0,0.0,0.1180464674189563,0.0,-7.979903378626229,0.0
1486,37.150000000000006,1.7576005761935196e+18,2.5908909411859677,-2.62369230428759,0.05403148228630576,0.015269952348852232,11.487158595745624,-1.1443342385594457e-05,-0.12564114571932097,-3.777461515290888e-08,0.0,0.0,0.05403148228630576,0.0,0.05829232507431605,0.0,0.0,0.06683183117204386,0.0,0.0,0.07993294238744598,0.0,0.0,0.0972820927299633,0.0,-6.046353184615207,0.0
1487,37.175000000000004,1.7576005762185198e+18,2.59112385198654,-2.624129665470295,0.05322658646955514,0.007613484427131851,11.487236805704981,0.0006904379640622319,-0.012410406226001834,-3.5824517640218564e-08,0.0,0.0,0.05322658646955514,0.0,0.05403148228630576,0.0,0.0,0.05829232507431605,0.0,0.0,0.06683183117204386,0.0,0.0,0.07993294238744598,0.0,-4.170421092387439,0.0
1488,37.2,1.7576005762435197e+18,2.592396458494721,-2.6258336176651453,0.05468150946737167,-0.0017002081055727148,11.488948854467756,0.0015258946238727179,0.05767493726486115,-2.341962210983603e-08,0.0,0.0,0.05468150946737167,0.0,0.05322658646955514,0.0,0.0,0.05403148228630576,0.0,0.0,0.05829232507431605,0.0,0.0,0.06683183117204386,0.0,-2.3513475611617425,0.0
1489,37.225,1.7576005762685197e+18,2.5923708214590704,-2.625788235436461,0.05706962365822805,-0.010785541100505398,11.489095883466355,0.0023523202988001905,0.08423342609926576,-8.267731342178886e-09,0.0,0.0,0.05706962365822805,0.0,0.05468150946737167,0.0,0.0,0.05322658646955514,0.0,0.0,0.05403148228630576,0.0,0.0,0.05829232507431605,0.0,-0.5897748178673242,0.0
1490,37.25,1.75760057629352e+18,2.59043140543138,-2.625955202545235,0.05920916669740556,-0.01806498992389802,11.488287462860537,0.0029906815650490373,0.074263470987762,3.897546051309676e-09,0.0,0.0,0.05920916669740556,0.0,0.05706962365822805,0.0,0.0,0.05468150946737167,0.0,0.0,0.05322658646955514,0.0,0.0,0.05403148228630576,0.0,1.1122937073294812,0.0
1491,37.275000000000006,1.7576005763185198e+18,2.590091374016916,-2.625323855091386,0.06030139385600376,-0.022466335075457516,11.488477068812218,0.0032871027910999938,0.03943050650849453,1.0379635275740613e-08,0.0,0.0,0.06030139385600376,0.0,0.05920916669740556,0.0,0.0,0.05706962365822805,0.0,0.0,0.05468150946737167,0.0,0.0,0.05322658646955514,0.0,2.7518199345990038,0.0
1492,37.300000000000004,1.7576005763435197e+18,2.588757683451954,-2.6248099786814487,0.060046526259953895,-0.02349914232893544,11.488966771581499,0.0031797233636225697,-0.007375993044121053,1.1244471058991692e-08,0.0,0.0,0.060046526259953895,0.0,0.06030139385600376,0.0,0.0,0.05920916669740556,0.0,0.0,0.05706962365822805,0.0,0.0,0.05468150946737167,0.0,4.3250976473718845,0.0
1493,37.325,1.7576005763685197e+18,2.588916106571737,-2.625104400412538,0.05858332212486726,-0.021283025018282477,11.48931615586443,0.0027306557824368855,-0.05515156504006298,8.285374949305578e-09,0.0,0.0,0.05858332212486726,0.0,0.060046526259953895,0.0,0.0,0.06030139385600376,0.0,0.0,0.05920916669740556,0.0,0.0,0.05706962365822805,0.0,5.827933212689939,0.0
1494,37.35,1.7576005763935196e+18,2.585141381278537,-2.620295327098608,0.05627864120984071,-0.016525742832155455,11.488959560043075,0.0021019431345806034,-0.0967049709151889,3.8294500054027825e-09,0.0,0.0,0.05627864120984071,0.0,0.05858332212486726,0.0,0.0,0.060046526259953895,0.0,0.0,0.06030139385600376,0.0,0.0,0.05920916669740556,0.0,7.255570455018715,0.0
1495,37.375,1.7576005764185198e+18,2.583613966669451,-2.6174408717802744,0.053477467369301486,-0.010391246752613752,11.489274582855046,0.0014867380554407063,-0.12904078880433137,-1.841061992433511e-10,0.0,0.0,0.053477467369301486,0.0,0.05627864120984071,0.0,0.0,0.05858332212486726,0.0,0.0,0.060046526259953895,0.0,0.0,0.06030139385600376,0.0,8.602462160386223,0.0
1496,37.400000000000006,1.7576005764435197e+18,2.586998694686228,-2.620361795342029,0.05034338366011234,-0.004218192974034797,11.48808082341752,0.0010318436393986676,-0.15239553642711093,-2.6662299251139646e-09,0.0,0.0,0.05034338366011234,0.0,0.053477467369301486,0.0,0.0,0.05627864120984071,0.0,0.0,0.05858332212486726,0.0,0.0,0.060046526259953895,0.0,9.86210634939457,0.0
1497,37.425000000000004,1.7576005764685197e+18,2.5864784892747053,-2.6193877004016386,0.046852072398414234,0.0008596326363281332,11.488326836073133,0.0007901956183557795,-0.16855707446661963,-3.4053677834654205e-09,0.0,0.0,0.046852072398414234,0.0,0.05034338366011234,0.0,0.0,0.053477467369301486,0.0,0.0,0.05627864120984071,0.0,0.0,0.05858332212486726,0.0,11.027213474624014,0.0
1498,37.45,1.75760057649352e+18,2.5876144183074565,-2.620255343317196,0.042902207919872884,0.004241457873371083,11.488488001239002,0.0007221752736351314,-0.17924018194588723,-2.81116893768881e-09,0.0,0.0,0.042902207919872884,0.0,0.046852072398414234,0.0,0.0,0.05034338366011234,0.0,0.0,0.053477467369301486,0.0,0.0,0.05627864120984071,0.0,12.09043415781783,0.0
1499,37.475,1.7576005765185198e+18,2.586251368573969,-2.6208637168597053,0.03845432141335068,0.005962490678468088,11.488461799807162,0.0007374001233556085,-0.18512075108945503,-1.5586025054555253e-09,0.0,0.0,0.03845432141335068,0.0,0.042902207919872884,0.0,0.0,0.046852072398414234,0.0,0.0,0.05034338366011234,0.0,0.0,0.053477467369301486,0.0,13.045710783486484,0.0
1500,37.5,1.7576005765435197e+18,2.585954161733228,-2.6203059035148923,0.033618941882404156,0.006495241818883802,11.488640052623763,0.000750141261891935,-0.18575373856909688,-2.800433425353141e-10,0.0,0.0,0.033618941882404156,0.0,0.03845432141335068,0.0,0.0,0.042902207919872884,0.0,0.0,0.046852072398414234,0.0,0.0,0.05034338366011234,0.0,13.890024990445259,0.0
1501,37.525000000000006,1.7576005765685197e+18,2.585558164347578,-2.6194256216120904,0.028659500147020362,0.006356688705870246,11.489155847460182,0.0007197307301721876,-0.18019718063844875,6.162752555234192e-10,0.0,0.0,0.028659500147020362,0.0,0.033618941882404156,0.0,0.0,0.03845432141335068,0.0,0.0,0.042902207919872884,0.0,0.0,0.046852072398414234,0.0,14.62502699700352,0.0
1502,37.550000000000004,1.7576005765935196e+18,2.585457290106304,-2.6192354026144224,0.023919789295967206,0.005778089977579912,11.489170925427045,0.0006602603755421011,-0.1679045240437839,9.912405486139252e-10,0.0,0.0,0.023919789295967206,0.0,0.028659500147020362,0.0,0.0,0.033618941882404156,0.0,0.0,0.03845432141335068,0.0,0.0,0.042902207919872884,0.0,15.257938096431273,0.0
1503,37.575,1.7576005766185198e+18,2.5869344936958334,-2.615036662760077,0.019716179763820584,0.004676353309014003,11.487420733381423,0.0006218410630552704,-0.14941397528360842,9.194016925720163e-10,0.0,0.0,0.019716179763820584,0.0,0.023919789295967206,0.0,0.0,0.028659500147020362,0.0,0.0,0.033618941882404156,0.0,0.0,0.03845432141335068,0.0,15.801293538171198,0.0
1504,37.6,1.7576005766435197e+18,2.5868950808529227,-2.61496255246896,0.01624577460335173,0.0029536080776727167,11.487272074527661,0.0006575720494080835,-0.12653190017963956,5.872536958475912e-10,0.0,0.0,0.01624577460335173,0.0,0.019716179763820584,0.0,0.0,0.023919789295967206,0.0,0.0,0.028659500147020362,0.0,0.0,0.033618941882404156,0.0,16.27145147344637,0.0
1505,37.625,1.7576005766685197e+18,2.5873803729163694,-2.6203136572151404,0.013548428174040828,0.0008807998863110686,11.488129262355864,0.0007926681702492759,-0.1019722653143812,1.9397017700874278e-10,0.0,0.0,0.013548428174040828,0.0,0.01624577460335173,0.0,0.0,0.019716179763820584,0.0,0.0,0.023919789295967206,0.0,0.0,0.028659500147020362,0.0,16.686176572249416,0.0
1506,37.650000000000006,1.75760057669352e+18,2.587459843058653,-2.620461439659831,0.011529053033960226,-0.0007882167309824475,11.488007902832448,0.0010090029456198985,-0.07864840435030679,-1.1536038263874585e-10,0.0,0.0,0.011529053033960226,0.0,0.013548428174040828,0.0,0.0,0.01624577460335173,0.0,0.0,0.019716179763820584,0.0,0.0,0.023919789295967206,0.0,17.061896868660796,0.0
1507,37.675000000000004,1.7576005767185198e+18,2.586290650932966,-2.62203327103794,0.010017910533902217,-0.0011499166719822424,11.487639986628144,0.0012517107788630791,-0.05892582063631455,-2.751135344682393e-10,0.0,0.0,0.010017910533902217,0.0,0.011529053033960226,0.0,0.0,0.013548428174040828,0.0,0.0,0.01624577460335173,0.0,0.0,0.019716179763820584,0.0,17.411365556024688,0.0
1508,37.7,1.7576005767435197e+18,2.586305290094069,-2.622060549369728,0.00883726346160112,0.00024583689782071885,11.48762528905052,0.0014535878214278653,-0.044112244860334694,-2.9040817342167515e-10,0.0,0.0,0.00883726346160112,0.0,0.010017910533902217,0.0,0.0,0.011529053033960226,0.0,0.0,0.013548428174040828,0.0,0.0,0.01624577460335173,0.0,17.74238085923401,0.0
1509,37.725,1.7576005767685197e+18,2.5898877811472705,-2.620772122277409,0.007850016138327916,0.0029554973459659573,11.489758969524694,0.0015629720697630277,-0.034325381914482825,-2.0952905098659153e-10,0.0,0.0,0.007850016138327916,0.0,0.00883726346160112,0.0,0.0,0.010017910533902217,0.0,0.0,0.011529053033960226,0.0,0.0,0.013548428174040828,0.0,18.05789602876999,0.0
1510,37.75,1.7576005767935196e+18,2.589908757237219,-2.620811227429189,0.006978680525433954,0.005721383049599909,11.489889267046435,0.001560559002974756,-0.02871544135995955,-9.301722050018813e-11,0.0,0.0,0.006978680525433954,0.0,0.007850016138327916,0.0,0.0,0.00883726346160112,0.0,0.0,0.010017910533902217,0.0,0.0,0.011529053033960226,0.0,18.35737167996098,0.0
1511,37.775000000000006,1.7576005768185198e+18,2.5904732847886844,-2.624711872774291,0.006196090832432409,0.007062380061426627,11.488734015529502,0.0014603341097002833,-0.02589959150425708,9.709462939462929e-12,0.0,0.0,0.006196090832432409,0.0,0.006978680525433954,0.0,0.0,0.007850016138327916,0.0,0.0,0.00883726346160112,0.0,0.0,0.010017910533902217,0.0,18.756683688300846,0.0
1512,37.800000000000004,1.7576005768435197e+18,2.5904519639657293,-2.6246721584788286,0.005500639638073083,0.006011012769470354,11.488829474238727,0.0012995895018286093,-0.024426381870234798,7.168096381961262e-11,0.0,0.0,0.005500639638073083,0.0,0.006196090832432409,0.0,0.0,0.006978680525433954,0.0,0.0,0.007850016138327916,0.0,0.0,0.00883726346160112,0.0,19.136390396082852,0.0
1513,37.825,1.7576005768685197e+18,2.586997660876414,-2.619823736964599,0.0048932272685523965,0.002564427699827417,11.48901169565422,0.0011254088362817548,-0.023125690835504187,8.854079398352748e-11,0.0,0.0,0.0048932272685523965,0.0,0.005500639638073083,0.0,0.0,0.006196090832432409,0.0,0.0,0.006978680525433954,0.0,0.0,0.007850016138327916,0.0,19.496620558214556,0.0
1514,37.85,1.75760057689352e+18,2.5890424146638296,-2.6211940615713027,0.004367191189578711,-0.0023554545723730143,11.488503452856879,0.0009820778507480341,-0.02127929977475943,7.159939742818234e-11,0.0,0.0,0.004367191189578711,0.0,0.0048932272685523965,0.0,0.0,0.005500639638073083,0.0,0.0,0.006196090832432409,0.0,0.0,0.006978680525433954,0.0,19.83941845671974,0.0
1515,37.875,1.7576005769185198e+18,2.589043838284726,-2.621196643630648,0.003911165650533888,-0.007335513417830975,11.488514942562363,0.000901136997978134,-0.018625829081280906,3.855341059522271e-11,0.0,0.0,0.003911165650533888,0.0,0.004367191189578711,0.0,0.0,0.0048932272685523965,0.0,0.0,0.005500639638073083,0.0,0.0,0.006196090832432409,0.0,20.16813028355701,0.0
1516,37.900000000000006,1.7576005769435197e+18,2.587258840835512,-2.622457650773216,0.0035172716785414363,-0.011041107579519023,11.48866883435434,0.0008948458824270426,-0.015260745169436138,5.622001559104306e-12,0.0,0.0,0.0035172716785414363,0.0,0.003911165650533888,0.0,0.0,0.004367191189578711,0.0,0.0,0.0048932272685523965,0.0,0.0,0.005500639638073083,0.0,20.48640057111312,0.0
1517,37.925000000000004,1.7576005769685197e+18,2.5865505533503423,-2.622498633065164,0.0031869249875176183,-0.012683279666439324,11.487943602509926,0.0009532821210991666,-0.011499148427631282,-1.6968061114123074e-11,0.0,0.0,0.0031869249875176183,0.0,0.0035172716785414363,0.0,0.0,0.003911165650533888,0.0,0.0,0.004367191189578711,0.0,0.0,0.0048932272685523965,0.0,20.797321224532993,0.0
1518,37.95,1.7576005769935196e+18,2.588339116001097,-2.6263547397736327,0.0029303365802554318,-0.012236328317372362,11.487953138078055,0.001045002706905695,-0.007747800976608935,-2.5970598300716837e-11,0.0,0.0,0.0029303365802554318,0.0,0.0031869249875176183,0.0,0.0,0.0035172716785414363,0.0,0.0,0.003911165650533888,0.0,0.0,0.004367191189578711,0.0,21.10308852768671,0.0
1519,37.975,1.7576005770185198e+18,2.5883708658141487,-2.6264139005709355,0.0027595457149381243,-0.010338894655415437,11.487852431490234,0.0011220613325297758,-0.004404102744029147,-2.3568561594879218e-11,0.0,0.0,0.0027595457149381243,0.0,0.0029303365802554318,0.0,0.0,0.0031869249875176183,0.0,0.0,0.0035172716785414363,0.0,0.0,0.003911165650533888,0.0,21.405159374258943,0.0
1520,38.0,1.7576005770435197e+18,2.588352081912572,-2.620761793526861,0.002678094365828783,-0.007903232752277833,11.487458313715024,0.0011312187828768972,-0.0017807855511516601,-1.4699424536466883e-11,0.0,0.0,0.002678094365828783,0.0,0.0027595457149381243,0.0,0.0,0.0029303365802554318,0.0,0.0,0.0031869249875176183,0.0,0.0,0.0035172716785414363,0.0,21.704586297393828,0.0
1521,38.025000000000006,1.7576005770685197e+18,2.58834738858373,-2.620753028709111,0.002673021643786342,-0.0055963446161192065,11.487386666471378,0.0010312735625812607,-5.208012301324752e-05,-4.503924081949546e-12,0.0,0.0,0.002673021643786342,0.0,0.002678094365828783,0.0,0.0,0.0027595457149381243,0.0,0.0,0.0029303365802554318,0.0,0.0,0.0031869249875176183,0.0,22.002168350476623,0.0
1522,38.050000000000004,1.75760057709352e+18,2.586109718202647,-2.6234223296375583,0.002714593001936525,-0.003478651408374863,11.486640595523065,0.0008107101236343239,0.0007754147619834844,3.3516023260740812e-12,0.0,0.0,0.002714593001936525,0.0,0.002673021643786342,0.0,0.0,0.002678094365828783,0.0,0.0,0.0027595457149381243,0.0,0.0,0.0029303365802554318,0.0,22.298279539407652,0.0
1523,38.075,1.7576005771185198e+18,2.586102911896247,-2.6234096303297627,0.0027650552156085677,-0.001050406759146033,11.486598706457752,0.0004955164543141866,0.0008571516962469114,7.276984014136583e-12,0.0,0.0,0.0027650552156085677,0.0,0.002714593001936525,0.0,0.0,0.002673021643786342,0.0,0.0,0.002678094365828783,0.0,0.0,0.0027595457149381243,0.0,22.592514878545767,0.0
1524,38.1,1.7576005771435197e+18,2.586338561239393,-2.621513986353837,0.002792292337870495,0.002287183753257764,11.487690583706808,0.0001406536933520053,0.0004632110146064759,7.491577110099685e-12,0.0,0.0,0.002792292337870495,0.0,0.0027650552156085677,0.0,0.0,0.002714593001936525,0.0,0.0,0.002673021643786342,0.0,0.0,0.002678094365828783,0.0,22.8834289860924,0.0
1525,38.125,1.7576005771685197e+18,2.5863438773726117,-2.6215239250738342,0.002781356583921664,0.0066474495906414,11.487710589216569,-0.00019070481595254146,-0.00010442420694226014,5.291294741799826e-12,0.0,0.0,0.002781356583921664,0.0,0.002792292337870495,0.0,0.0,0.0027650552156085677,0.0,0.0,0.002714593001936525,0.0,0.0,0.002673021643786342,0.0,23.168598508621653,0.0
1526,38.150000000000006,1.7576005771935196e+18,2.588282499239936,-2.621716045204492,0.0027380025779360803,0.011354909404063541,11.488188174033287,-0.0004476582812175334,-0.0006059856343143743,2.2491308334161566e-12,0.0,0.0,0.0027380025779360803,0.0,0.002781356583921664,0.0,0.0,0.002792292337870495,0.0,0.0,0.0027650552156085677,0.0,0.0,0.002714593001936525,0.0,23.44508865931448,0.0
1527,38.175000000000004,1.7576005772185198e+18,2.588291167415468,-2.621732200405882,0.002682473623895022,0.015152437649030863,11.48818414163311,-0.0006011883229274523,-0.0009352265206912717,-3.771003221971442e-13,0.0,0.0,0.002682473623895022,0.0,0.0027380025779360803,0.0,0.0,0.002781356583921664,0.0,0.0,0.002792292337870495,0.0,0.0,0.0027650552156085677,0.0,23.710226963422443,0.0
1528,38.2,1.7576005772435197e+18,2.588315933634872,-2.6191894596635032,0.002636731466597384,0.01680913620972777,11.48688578981505,-0.0006424044424615891,-0.0011382872443640379,-1.9212292089333384e-12,0.0,0.0,0.002636731466597384,0.0,0.002682473623895022,0.0,0.0,0.0027380025779360803,0.0,0.0,0.002781356583921664,0.0,0.0,0.002792292337870495,0.0,23.96244752905239,0.0
1529,38.225,1.7576005772685197e+18,2.587026561117927,-2.616875053298136,0.0026117350567192465,0.015762309578471363,11.488132789367576,-0.0005768968809800935,-0.0013699242071310324,-2.2991714630989606e-12,0.0,0.0,0.0026117350567192465,0.0,0.002636731466597384,0.0,0.0,0.002682473623895022,0.0,0.0,0.0027380025779360803,0.0,0.0,0.002781356583921664,0.0,24.201911848172358,0.0
1530,38.25,1.75760057729352e+18,2.5870150727799586,-2.616853564552557,0.002601279173544105,0.01241962828017138,11.488103050701593,-0.00042131059380221453,-0.001803044778090946,-1.8213702148477535e-12,0.0,0.0,0.002601279173544105,0.0,0.0026117350567192465,0.0,0.0,0.002636731466597384,0.0,0.0,0.002682473623895022,0.0,0.0,0.0027380025779360803,0.0,24.430656219590205,0.0
1531,38.275000000000006,1.7576005773185198e+18,2.5883873577778447,-2.62091921277594,0.0025851634355105392,0.007963441870339457,11.487417892025622,-0.00020167989908201022,-0.002528176875635762,-9.510974030893497e-13,0.0,0.0,0.0025851634355105392,0.0,0.002601279173544105,0.0,0.0,0.0026117350567192465,0.0,0.0,0.002636731466597384,0.0,0.0,0.002682473623895022,0.0,24.652154005094662,0.0
1532,38.300000000000004,1.7576005773435197e+18,2.5852928117435,-2.6191293371340496,0.00253947558270702,0.0037839399658102877,11.487922510918892,4.9538465144737464e-05,-0.003484855187275276,-1.038657426182346e-13,0.0,0.0,0.00253947558270702,0.0,0.0025851634355105392,0.0,0.0,0.002601279173544105,0.0,0.0,0.0026117350567192465,0.0,0.0,0.002636731466597384,0.0,24.87038317698653,0.0
1533,38.325,1.7576005773685197e+18,2.588125046657571,-2.618684366074333,0.002448629418113196,0.0008631684825754886,11.488522827244985,0.00029800543199408607,-0.004454277248792838,4.645985683206176e-13,0.0,0.0,0.002448629418113196,0.0,0.00253947558270702,0.0,0.0,0.0025851634355105392,0.0,0.0,0.002601279173544105,0.0,0.0,0.0026117350567192465,0.0,25.088693543004336,0.0
1534,38.35,1.7576005773935196e+18,2.5881387288235675,-2.6187098779962774,0.00231375751499157,-0.0005613552154787414,11.48852176929645,0.0005119199832693933,-0.005117686613833989,6.794143734405759e-13,0.0,0.0,0.00231375751499157,0.0,0.002448629418113196,0.0,0.0,0.00253947558270702,0.0,0.0,0.0025851634355105392,0.0,0.0,0.002601279173544105,0.0,25.308877681964614,0.0
1535,38.375,1.7576005774185198e+18,2.588152422968048,-2.6187354122534368,0.002154216369870673,-0.0009076494922961981,11.4885207104217,0.0006657553435512769,-0.005158832263402425,6.034780336740069e-13,0.0,0.0,0.002154216369870673,0.0,0.00231375751499157,0.0,0.0,0.002448629418113196,0.0,0.0,0.00253947558270702,0.0,0.0,0.0025851634355105392,0.0,25.471843179719507,0.0
1536,38.400000000000006,1.7576005774435197e+18,2.5869367941403807,-2.620992557037532,0.002001866785932735,-0.0008445127061772705,11.487401218819313,0.0007436292580216542,-0.004372543526627577,3.6725040936479707e-13,0.0,0.0,0.002001866785932735,0.0,0.002154216369870673,0.0,0.0,0.00231375751499157,0.0,0.0,0.002448629418113196,0.0,0.0,0.00253947558270702,0.0,25.634732543168788,0.0
1537,38.425000000000004,1.7576005774685197e+18,2.588409674152344,-2.6210492308199607,0.0018905938000095066,-0.0008455479218975498,11.487335272908627,0.0007421338350895667,-0.0027409514949845947,1.032620356442211e-13,0.0,0.0,0.0018905938000095066,0.0,0.002001866785932735,0.0,0.0,0.002154216369870673,0.0,0.0,0.00231375751499157,0.0,0.0,0.002448629418113196,0.0,25.794920932897007,0.0
1538,38.45,1.75760057749352e+18,2.588398952108286,-2.6210292102566024,0.0018455190881627058,-0.000963241530142883,11.487437925741608,0.0006720520850281153,-0.00045294002758699235,-9.597337093189981e-14,0.0,0.0,0.0018455190881627058,0.0,0.0018905938000095066,0.0,0.0,0.002001866785932735,0.0,0.0,0.002154216369870673,0.0,0.0,0.00231375751499157,0.0,25.950041379646628,0.0
1539,38.475,1.7576005775185198e+18,2.5863067517725185,-2.6201548536159622,0.0018764256853831636,-0.000920309863109133,11.48747822892215,0.0005581248338415399,0.0021361766313790563,-1.9211041044936237e-13,0.0,0.0,0.0018764256853831636,0.0,0.0018455190881627058,0.0,0.0,0.0018905938000095066,0.0,0.0,0.002001866785932735,0.0,0.0,0.002154216369870673,0.0,26.098981290709755,0.0
1540,38.5,1.7576005775435197e+18,2.586308510217454,-2.6201581367792297,0.0019775101033231326,-0.00040758907121482167,11.487463666627722,0.0004356234297602899,0.00458824498314058,-1.9303514649021446e-13,0.0,0.0,0.0019775101033231326,0.0,0.0018764256853831636,0.0,0.0,0.0018455190881627058,0.0,0.0,0.0018905938000095066,0.0,0.0,0.002001866785932735,0.0,26.242491901567064,0.0
1541,38.525000000000006,1.7576005775685197e+18,2.58880656227748,-2.6207247370986884,0.002131994688618046,0.0006376888881923905,11.487478453118381,0.0003428294627335894,0.006481976305399695,-1.3342700841069528e-13,0.0,0.0,0.002131994688618046,0.0,0.0019775101033231326,0.0,0.0,0.0018764256853831636,0.0,0.0,0.0018455190881627058,0.0,0.0,0.0018905938000095066,0.0,26.38317352788679,0.0
1542,38.550000000000004,1.7576005775935196e+18,2.5888217177737323,-2.620753017577032,0.002317926294292736,0.0019455652933593392,11.487566445339862,0.0003102014836965711,0.007501759245694028,-5.4104701869093175e-14,0.0,0.0,0.002317926294292736,0.0,0.002131994688618046,0.0,0.0,0.0019775101033231326,0.0,0.0,0.0018764256853831636,0.0,0.0,0.0018455190881627058,0.0,26.524715292429526,0.0
1543,38.575,1.7576005776185198e+18,2.585632908640175,-2.6175287012482915,0.002512211541122889,0.0030310841895369246,11.488154189752455,0.0003495977841941031,0.007496640658480441,1.2956816870710888e-14,0.0,0.0,0.002512211541122889,0.0,0.002317926294292736,0.0,0.0,0.002131994688618046,0.0,0.0,0.0019775101033231326,0.0,0.0,0.0018764256853831636,0.0,26.670475273343556,0.0
1544,38.6,1.7576005776435197e+18,2.586516996372392,-2.6180645388972126,0.0026925442820614283,0.0034034033478477976,11.48802352441538,0.0004490616013453932,0.006501307853221318,5.134897717525754e-14,0.0,0.0,0.0026925442820614283,0.0,0.002512211541122889,0.0,0.0,0.002317926294292736,0.0,0.0,0.002131994688618046,0.0,0.0,0.0019775101033231326,0.0,26.821777122084658,0.0
1545,38.625,1.7576005776685197e+18,2.586523109210602,-2.618075922519332,0.0028387060452229047,0.0027421003152505253,11.48801988198695,0.0005778120511846892,0.00471999662258842,5.962927294322866e-14,0.0,0.0,0.0028387060452229047,0.0,0.0026925442820614283,0.0,0.0,0.002512211541122889,0.0,0.0,0.002317926294292736,0.0,0.0,0.002131994688618046,0.0,26.97657579142418,0.0
1546,38.650000000000006,1.75760057769352e+18,2.587156381298974,-2.6203184081557485,0.002934433441421936,0.000988030339994191,11.487322724131106,0.0007006245860275101,0.002479957319969622,4.62746176669421e-14,0.0,0.0,0.002934433441421936,0.0,0.0028387060452229047,0.0,0.0,0.0026925442820614283,0.0,0.0,0.002512211541122889,0.0,0.0,0.002317926294292736,0.0,27.12925270819187,0.0
1547,38.675000000000004,1.7576005777185198e+18,2.589814278731953,-2.621645948204259,0.002969847489611515,-0.001630000548784814,11.488623419133727,0.0007939045624611124,0.00016425857284372837,2.3395009799572553e-14,0.0,0.0,0.002969847489611515,0.0,0.002934433441421936,0.0,0.0,0.0028387060452229047,0.0,0.0,0.0026925442820614283,0.0,0.0,0.002512211541122889,0.0,27.272114438600376,0.0
1548,38.7,1.7576005777435197e+18,2.588940221924956,-2.624220774528148,0.0029437919120691523,-0.004600515174039689,11.488160719901266,0.0008541623381200071,-0.0018640162222079235,1.6230369345988416e-15,0.0,0.0,0.0029437919120691523,0.0,0.002969847489611515,0.0,0.0,0.002934433441421936,0.0,0.0,0.0028387060452229047,0.0,0.0,0.0026925442820614283,0.0,27.398683713513243,0.0
1549,38.725,1.7576005777685197e+18,2.588954381119837,-2.6242471147657045,0.002865207554370436,-0.007182099309267366,11.488120724816376,0.0008955499624990445,-0.0033319890689827796,-1.2659038974493157e-14,0.0,0.0,0.002865207554370436,0.0,0.0029437919120691523,0.0,0.0,0.002969847489611515,0.0,0.0,0.002934433441421936,0.0,0.0,0.0028387060452229047,0.0,27.50821512179114,0.0
1550,38.75,1.7576005777935196e+18,2.5887595150230984,-2.6223295362752204,0.002752444906983061,-0.0085539087592017,11.487761568344174,0.0009405696017737136,-0.004106467386454752,-1.774845303348088e-14,0.0,0.0,0.002752444906983061,0.0,0.002865207554370436,0.0,0.0,0.0029437919120691523,0.0,0.0,0.002969847489611515,0.0,0.0,0.002934433441421936,0.0,27.610242439340734,0.0
1551,38.775000000000006,1.7576005778185198e+18,2.588773311061705,-2.6223552392177787,0.002629643238712244,-0.008082075500820405,11.487742880631627,0.0010102455946633226,-0.00420986409008815,-1.543430494838421e-14,0.0,0.0,0.002629643238712244,0.0,0.002752444906983061,0.0,0.0,0.002865207554370436,0.0,0.0,0.0029437919120691523,0.0,0.0,0.002969847489611515,0.0,27.138505884490666,0.0
1552,38.800000000000004,1.7576005778435197e+18,2.587573132338382,-2.622567883762064,0.0025204036242164676,-0.005636724883911467,11.488319416834363,0.0011172256643300776,-0.0037969237613549667,-9.157245953697717e-15,0.0,0.0,0.0025204036242164676,0.0,0.002629643238712244,0.0,0.0,0.002752444906983061,0.0,0.0,0.002865207554370436,0.0,0.0,0.0029437919120691523,0.0,25.9523729915647,0.0
1553,38.825,1.7576005778685197e+18,2.5875698758623398,-2.62256180849342,0.0024405586698212182,-0.0018125195409199862,11.488317947886031,0.0012619640624249493,-0.003097903059320363,-2.330045687492284e-15,0.0,0.0,0.0024405586698212182,0.0,0.0025204036242164676,0.0,0.0,0.002629643238712244,0.0,0.0,0.002752444906983061,0.0,0.0,0.002865207554370436,0.0,23.862217774323753,0.0
1554,38.85,1.75760057789352e+18,2.5883410533470945,-2.6215530402883,0.0023930467343342456,0.0021130826629872828,11.488110920912906,0.0014312640820704013,-0.002345598317502008,2.716356107864835e-15,0.0,0.0,0.0023930467343342456,0.0,0.0024405586698212182,0.0,0.0,0.0025204036242164676,0.0,0.0,0.002629643238712244,0.0,0.0,0.002752444906983061,0.0,21.3942046468336,0.0
1555,38.875,1.7576005779185198e+18,2.588323128695473,-2.621519662254977,0.002367824275303285,0.004560049966287846,11.488131017831007,0.0015996496131139913,-0.0017105072243784457,5.062381561438455e-15,0.0,0.0,0.002367824275303285,0.0,0.0023930467343342456,0.0,0.0,0.0024405586698212182,0.0,0.0,0.0025204036242164676,0.0,0.0,0.002629643238712244,0.0,19.116542323154334,0.0
1556,38.900000000000006,1.7576005779435197e+18,2.590326161690341,-2.6227870224977554,0.002347802338785886,0.0042673722314899324,11.488945967209094,0.0017343789701506393,-0.0012661355339650647,4.96822391169973e-15,0.0,0.0,0.002347802338785886,0.0,0.002367824275303285,0.0,0.0,0.0023930467343342456,0.0,0.0,0.0024405586698212182,0.0,0.0,0.0025204036242164676,0.0,17.060467562576104,0.0
1557,38.925000000000004,1.7576005779685197e+18,2.5903147655063004,-2.6227657686643218,0.0023184593447134467,0.0008977150367010605,11.488992452704288,0.001802974064397458,-0.0009945038984808746,3.3594284939731493e-15,0.0,0.0,0.0023184593447134467,0.0,0.002347802338785886,0.0,0.0,0.002367824275303285,0.0,0.0,0.0023930467343342456,0.0,0.0,0.0024405586698212182,0.0,15.240008244685729,0.0
1558,38.95,1.7576005779935196e+18,2.588010156035363,-2.623651880583203,0.002276003345330722,-0.0046803995718751375,11.488493380684611,0.001781023292466293,-0.0008247658514336754,1.2939262168939544e-15,0.0,0.0,0.002276003345330722,0.0,0.0023184593447134467,0.0,0.0,0.002347802338785886,0.0,0.0,0.002367824275303285,0.0,0.0,0.0023930467343342456,0.0,13.65116179605826,0.0
1559,38.975,1.7576005780185198e+18,2.588011677858248,-2.6236547022840178,0.002229095763390738,-0.010619415567822513,11.488474404786539,0.0016595620772475947,-0.0006834414019717388,-4.164762116763814e-16,0.0,0.0,0.002229095763390738,0.0,0.002276003345330722,0.0,0.0,0.0023184593447134467,0.0,0.0,0.002347802338785886,0.0,0.0,0.002367824275303285,0.0,12.274645398793815,0.0
1560,39.0,1.7576005780435197e+18,2.5873653203089857,-2.622112273166123,0.002192911011433157,-0.014770840540872503,11.48835085803976,0.00145161991846305,-0.0005305425185827022,-1.3688463341802219e-15,0.0,0.0,0.002192911011433157,0.0,0.002229095763390738,0.0,0.0,0.002276003345330722,0.0,0.0,0.0023184593447134467,0.0,0.0,0.002347802338785886,0.0,11.081077356305114,0.0
1561,39.025000000000006,1.7576005780685197e+18,2.5845563264825286,-2.619381064609893,0.002179393073613163,-0.015524614096880957,11.487837482634603,0.0011943907065169552,-0.0003645313720324635,-1.5446068521050464e-15,0.0,0.0,0.002179393073613163,0.0,0.002192911011433157,0.0,0.0,0.002229095763390738,0.0,0.0,0.002276003345330722,0.0,0.0,0.0023184593447134467,0.0,10.03706088682602,0.0
1562,39.050000000000004,1.75760057809352e+18,2.584598308678182,-2.61945930115864,0.002190060984232316,-0.012437228710485278,11.487845704232186,0.0009418664376505942,-0.00019661019790842408,-1.1741697591466416e-15,0.0,0.0,0.002190060984232316,0.0,0.002179393073613163,0.0,0.0,0.002192911011433157,0.0,0.0,0.002229095763390738,0.0,0.0,0.002276003345330722,0.0,9.110729464413437,0.0
1563,39.075,1.7576005781185198e+18,2.5846103704485426,-2.619481791889082,0.0022157157813244327,-0.0063782063646049495,11.487859027151918,0.0007473041541596968,-1.2308562013059687e-05,-5.736439298355357e-16,0.0,0.0,0.0022157157813244327,0.0,0.002190060984232316,0.0,0.0,0.002179393073613163,0.0,0.0,0.002192911011433157,0.0,0.0,0.002229095763390738,0.0,8.275711339883223,0.0
1564,39.1,1.7576005781435197e+18,2.5872839788362487,-2.6219219571021237,0.0022428248390633566,0.0008553898139431599,11.487637651045818,0.0006427154499998995,0.0002535731268431688,-1.4791215382953447e-17,0.0,0.0,0.0022428248390633566,0.0,0.0022157157813244327,0.0,0.0,0.002190060984232316,0.0,0.0,0.002179393073613163,0.0,0.0,0.002192911011433157,0.0,7.513032250954884,0.0
1565,39.125,1.7576005781685197e+18,2.588377499878792,-2.6203007717521807,0.002262538875079266,0.007273890151412658,11.489599765273997,0.0006266299182104691,0.000708450747612533,3.434288526526173e-16,0.0,0.0,0.002262538875079266,0.0,0.0022428248390633566,0.0,0.0,0.0022157157813244327,0.0,0.0,0.002190060984232316,0.0,0.0,0.002179393073613163,0.0,6.811054508113399,0.0
1566,39.150000000000006,1.7576005781935196e+18,2.5883887933559246,-2.62032183527106,0.0022770947917310986,0.011445746843656976,11.489621573594631,0.0006679039407182501,0.0014568143607903465,4.629987597664644e-16,0.0,0.0,0.0022770947917310986,0.0,0.002262538875079266,0.0,0.0,0.0022428248390633566,0.0,0.0,0.0022157157813244327,0.0,0.0,0.002190060984232316,0.0,6.163986510608659,0.0
1567,39.175000000000004,1.7576005782185198e+18,2.5867896004779114,-2.621634293967218,0.002300015690221318,0.012926345475164545,11.487844692656317,0.0007241883336871966,0.0025354233762041327,3.9428052255886744e-16,0.0,0.0,0.002300015690221318,0.0,0.0022770947917310986,0.0,0.0,0.002262538875079266,0.0,0.0,0.0022428248390633566,0.0,0.0,0.0022157157813244327,0.0,5.5696883768777194,0.0
1568,39.2,1.7576005782435197e+18,2.586778275759181,-2.621613237371512,0.0023501575419950797,0.01219218767803874,11.487874115711445,0.0007642439817446442,0.003858817117956867,2.2785316139649706e-16,0.0,0.0,0.0023501575419950797,0.0,0.002300015690221318,0.0,0.0,0.0022770947917310986,0.0,0.0,0.002262538875079266,0.0,0.0,0.0022428248390633566,0.0,5.027465396496908,0.0
1569,39.225,1.7576005782685197e+18,2.586753681858228,-2.6202979307664056,0.0024430039734752063,0.010176586212893936,11.488485308629192,0.0007806480542769072,0.005204621424672958,5.1497719241225426e-17,0.0,0.0,0.0024430039734752063,0.0,0.0023501575419950797,0.0,0.0,0.002300015690221318,0.0,0.0,0.0022770947917310986,0.0,0.0,0.002262538875079266,0.0,4.536362729502576,0.0
1570,39.25,1.75760057829352e+18,2.5867283405018746,-2.620250651340836,0.0025833579265172914,0.007716890458234897,11.488513178561215,0.0007871750722048814,0.006253902633689587,-7.614750529481108e-17,0.0,0.0,0.0025833579265172914,0.0,0.0024430039734752063,0.0,0.0,0.0023501575419950797,0.0,0.0,0.002300015690221318,0.0,0.0,0.0022770947917310986,0.0,4.094221807567615,0.0
1571,39.275000000000006,1.7576005783185198e+18,2.5868240518391734,-2.618309551002894,0.002761840501877867,0.0052388629000353695,11.487808529796032,0.0008066854198476431,0.006679677232329777,-1.3316886717634724e-16,0.0,0.0,0.002761840501877867,0.0,0.0025833579265172914,0.0,0.0,0.0024430039734752063,0.0,0.0,0.0023501575419950797,0.0,0.0,0.002300015690221318,0.0,3.6974963221913373,0.0
1572,39.300000000000004,1.7576005783435197e+18,2.5868338768069656,-2.6183278363072366,0.002955621454255651,0.002815162432158475,11.487798438235782,0.0008593000105260079,0.0062556995341721865,-1.2772306463878135e-16,0.0,0.0,0.002955621454255651,0.0,0.002761840501877867,0.0,0.0,0.0025833579265172914,0.0,0.0,0.0024430039734752063,0.0,0.0,0.0023501575419950797,0.0,3.3416315480065144,0.0
1573,39.325,1.7576005783685197e+18,2.5872692139212763,-2.6185388309686366,0.003133011108722609,0.0004733156162447221,11.487235785523954,0.0009551959498041608,0.004946379535376891,-8.445000323972234e-17,0.0,0.0,0.003133011108722609,0.0,0.002955621454255651,0.0,0.0,0.002761840501877867,0.0,0.0,0.0025833579265172914,0.0,0.0,0.0024430039734752063,0.0,3.0217337829759834,0.0
1574,39.35,1.7576005783935196e+18,2.5872688420331773,-2.6185381288784644,0.0032612852891107298,-0.0015318756431584731,11.487258786506448,0.0010906630567437056,0.0029419968973488212,-3.073580576894256e-17,0.0,0.0,0.0032612852891107298,0.0,0.003133011108722609,0.0,0.0,0.002955621454255651,0.0,0.0,0.002761840501877867,0.0,0.0,0.0025833579265172914,0.0,2.733279694890099,0.0
1575,39.375,1.7576005784185198e+18,2.586131900216176,-2.621490000761839,0.0033162052159482255,-0.0027192847040654828,11.489111704461015,0.0012463125170827146,0.0006207765623480356,1.283545446180624e-17,0.0,0.0,0.0033162052159482255,0.0,0.0032612852891107298,0.0,0.0,0.003133011108722609,0.0,0.0,0.002955621454255651,0.0,0.0,0.002761840501877867,0.0,2.4726820072133004,0.0
1576,39.400000000000006,1.7576005784435197e+18,2.5861392335501527,-2.621503689355495,0.003290267573474322,-0.0026735945346847956,11.489174854830473,0.0013886795651073028,-0.0015548800535157914,3.640226082986809e-17,0.0,0.0,0.003290267573474322,0.0,0.0033162052159482255,0.0,0.0,0.0032612852891107298,0.0,0.0,0.003133011108722609,0.0,0.0,0.002955621454255651,0.0,2.237593737071321,0.0
1577,39.425000000000004,1.7576005784685197e+18,2.5875516071294333,-2.61960191129856,0.00319614205773497,-0.0014146042574864214,11.4873297169114,0.001475728592013344,-0.0031758584754040613,3.996274528006753e-17,0.0,0.0,0.00319614205773497,0.0,0.003290267573474322,0.0,0.0,0.0033162052159482255,0.0,0.0,0.0032612852891107298,0.0,0.0,0.003133011108722609,0.0,2.026890996221597,0.0
1578,39.45,1.75760057849352e+18,2.5875979418384176,-2.61968845935114,0.003063057144285708,0.0004414819512592057,11.487096673481123,0.0014648114019061565,-0.004010867562353303,2.975420439707118e-17,0.0,0.0,0.003063057144285708,0.0,0.00319614205773497,0.0,0.0,0.003290267573474322,0.0,0.0,0.0033162052159482255,0.0,0.0,0.0032612852891107298,0.0,1.8403409175237533,0.0
1579,39.475,1.7576005785185198e+18,2.586797160043929,-2.6203059670504203,0.0029268045536780343,0.0018769077512978199,11.489220889396394,0.00132235265225026,-0.00407356841271986,1.4016749002546116e-17,0.0,0.0,0.0029268045536780343,0.0,0.003063057144285708,0.0,0.0,0.00319614205773497,0.0,0.0,0.003290267573474322,0.0,0.0,0.0033162052159482255,0.0,1.6780402392021745,0.0
1580,39.5,1.7576005785435197e+18,2.586776766267669,-2.6202678594231523,0.0028171422315103403,0.0019386388912798994,11.489217135446747,0.0010359419518052608,-0.003606786684079722,-3.11727359576585e-19,0.0,0.0,0.0028171422315103403,0.0,0.0029268045536780343,0.0,0.0,0.003063057144285708,0.0,0.0,0.00319614205773497,0.0,0.0,0.003290267573474322,0.0,1.539775484614877,0.0
1581,39.525000000000006,1.7576005785685197e+18,2.589135479841167,-2.621503453523773,0.002747795212084769,0.0002266882056315702,11.489126242579076,0.0006269280149872364,-0.0029877376551738907,-9.280705700065518e-18,0.0,0.0,0.002747795212084769,0.0,0.0028171422315103403,0.0,0.0,0.0029268045536780343,0.0,0.0,0.003063057144285708,0.0,0.0,0.00319614205773497,0.0,1.4244768124080056,0.0
1582,39.550000000000004,1.7576005785935196e+18,2.589113724466125,-2.621463013617263,0.0027129384233312475,-0.0028547722706161794,11.48913725489728,0.00015649712256103916,-0.002587277411471105,-1.2061766813491241e-17,0.0,0.0,0.0027129384233312475,0.0,0.002747795212084769,0.0,0.0,0.0028171422315103403,0.0,0.0,0.0029268045536780343,0.0,0.0,0.003063057144285708,0.0,1.3299076581013733,0.0
1583,39.575,1.7576005786185198e+18,2.5870606157572804,-2.6240833647375497,0.0026910152509583064,-0.0062161916590566125,11.488913869055596,-0.0002825492411683579,-0.0026337644172027773,-1.0060287261569866e-17,0.0,0.0,0.0026910152509583064,0.0,0.0027129384233312475,0.0,0.0,0.002747795212084769,0.0,0.0,0.0028171422315103403,0.0,0.0,0.0029268045536780343,0.0,1.2526657309648856,0.0
1584,39.6,1.7576005786435197e+18,2.587079858929771,-2.6241191442235205,0.002654087188794059,-0.008519009218480103,11.488953719270109,-0.0005899460431756856,-0.0031311162261081164,-5.656820788077386e-18,0.0,0.0,0.002654087188794059,0.0,0.0026910152509583064,0.0,0.0,0.0027129384233312475,0.0,0.0,0.002747795212084769,0.0,0.0,0.0028171422315103403,0.0,1.1884879869816358,0.0
1585,39.625,1.7576005786685197e+18,2.585498767356982,-2.617848314648268,0.0025794998534857333,-0.008726131472689993,11.48806255371285,-0.0006911441904233346,-0.0038610202542513667,-1.106636536745399e-18,0.0,0.0,0.0025794998534857333,0.0,0.002654087188794059,0.0,0.0,0.0026910152509583064,0.0,0.0,0.0027129384233312475,0.0,0.0,0.002747795212084769,0.0,1.1327751617608055,0.0
1586,39.650000000000006,1.75760057869352e+18,2.585505686042147,-2.617861193933697,0.00245999574005242,-0.006516909965839366,11.487979482033342,-0.000566629568729277,-0.004468137496108563,2.1175188925937968e-18,0.0,0.0,0.00245999574005242,0.0,0.0025794998534857333,0.0,0.0,0.002654087188794059,0.0,0.0,0.0026910152509583064,0.0,0.0,0.0027129384233312475,0.0,1.0812036752145522,0.0
1587,39.675000000000004,1.7576005787185198e+18,2.5850518798006608,-2.618806605381992,0.0023084302401568187,-0.0023942150909475306,11.487886318301026,-0.00026357170894133466,-0.004596247999171726,3.4972710116642285e-18,0.0,0.0,0.0023084302401568187,0.0,0.00245999574005242,0.0,0.0,0.0025794998534857333,0.0,0.0,0.002654087188794059,0.0,0.0,0.0026910152509583064,0.0,1.0302855189851539,0.0
1588,39.7,1.7576005787435197e+18,2.5850523204047207,-2.6188074116833304,0.0021546684024841612,0.0025347392837909623,11.487857747386705,0.00011802349213971305,-0.004024509461542651,3.2797559025117396e-18,0.0,0.0,0.0021546684024841612,0.0,0.0023084302401568187,0.0,0.0,0.00245999574005242,0.0,0.0,0.0025794998534857333,0.0,0.0,0.002654087188794059,0.0,0.9777586779202664,0.0
1589,39.725,1.7576005787685197e+18,2.587229456610258,-2.6191476900397443,0.002035152150814324,0.006977359969409833,11.488897540530322,0.000460965402065268,-0.002753704130524261,2.119414583124893e-18,0.0,0.0,0.002035152150814324,0.0,0.0021546684024841612,0.0,0.0,0.0023084302401568187,0.0,0.0,0.00245999574005242,0.0,0.0,0.0025794998534857333,0.0,0.9227242064128526,0.0
1590,39.75,1.7576005787935196e+18,2.587230573188348,-2.619149762418992,0.001978930900713339,0.009886746549825715,11.488909434506226,0.0006737217196113711,-0.0010122685966060991,7.243343976116308e-19,0.0,0.0,0.001978930900713339,0.0,0.002035152150814324,0.0,0.0,0.0021546684024841612,0.0,0.0,0.0023084302401568187,0.0,0.0,0.00245999574005242,0.0,0.8654939706161605,0.0
1591,39.775000000000006,1.7576005788185198e+18,2.5883237204840768,-2.622348473737665,0.001996023802696274,0.010753980672605875,11.487074378108344,0.0007218612122197818,0.0008170278425027256,-3.8425279073950383e-19,0.0,0.0,0.001996023802696274,0.0,0.001978930900713339,0.0,0.0,0.002035152150814324,0.0,0.0,0.0021546684024841612,0.0,0.0,0.0023084302401568187,0.0,0.807188600562853,0.0
1592,39.800000000000004,1.7576005788435197e+18,2.5883171732487,-2.62233628682174,0.002073454134047192,0.009696879567847875,11.487049312665976,0.0006347927740395788,0.002319371271171355,-9.658791445079299e-19,0.0,0.0,0.002073454134047192,0.0,0.001996023802696274,0.0,0.0,0.001978930900713339,0.0,0.0,0.002035152150814324,0.0,0.0,0.0021546684024841612,0.0,0.7492155284369463,0.0
1593,39.825,1.7576005788685197e+18,2.586878956233932,-2.618045476358149,0.00218091883246875,0.007357235940561962,11.488027389575333,0.0004862337372819447,0.003172755847470757,-1.0327110875551115e-18,0.0,0.0,0.00218091883246875,0.0,0.002073454134047192,0.0,0.0,0.001996023802696274,0.0,0.0,0.001978930900713339,0.0,0.0,0.002035152150814324,0.0,0.6928131251445477,0.0
1594,39.85,1.75760057889352e+18,2.588217628645002,-2.6207140014649597,0.0022833420809148046,0.004663594228334971,11.486201697431799,0.00035855916091819147,0.0032323803990815646,-7.529727417415252e-19,0.0,0.0,0.0022833420809148046,0.0,0.00218091883246875,0.0,0.0,0.002073454134047192,0.0,0.0,0.001996023802696274,0.0,0.0,0.001978930900713339,0.0,0.6388178260156219,0.0
1595,39.875,1.7576005789185198e+18,2.587816794175191,-2.6176796322163525,0.002354101705556898,0.0025333912199278744,11.487774412303029,0.0003073654694440022,0.0025515482459556177,-3.4117544067199715e-19,0.0,0.0,0.002354101705556898,0.0,0.0022833420809148046,0.0,0.0,0.00218091883246875,0.0,0.0,0.002073454134047192,0.0,0.0,0.001996023802696274,0.0,0.5876944603518773,0.0
1596,39.900000000000006,1.7576005789435197e+18,2.5880185293677824,-2.6231335429004776,0.002382609601115326,0.0015850108896088503,11.488178365544961,0.00034141783771191237,0.001342601432913226,2.5771841832766792e-20,0.0,0.0,0.002382609601115326,0.0,0.002354101705556898,0.0,0.0,0.0022833420809148046,0.0,0.0,0.00218091883246875,0.0,0.0,0.002073454134047192,0.0,0.5397336862928802,0.0
1597,39.925000000000004,1.7576005789685197e+18,2.588010875200528,-2.623119272086874,0.002373398106373769,0.0019259092956186127,11.4881992300814,0.00042538318211850603,-9.761697312119335e-05,2.4991730850630484e-19,0.0,0.0,0.002373398106373769,0.0,0.002382609601115326,0.0,0.0,0.002354101705556898,0.0,0.0,0.0022833420809148046,0.0,0.0,0.00218091883246875,0.0,0.49525501200083977,0.0
1598,39.95,1.7576005789935196e+18,2.5900078775577606,-2.621778778290386,0.0023387798976496903,0.0030904948113335802,11.488171288499682,0.000501744668837054,-0.0014663117782728501,3.1381228531217273e-19,0.0,0.0,0.0023387798976496903,0.0,0.002373398106373769,0.0,0.0,0.002382609601115326,0.0,0.0,0.002354101705556898,0.0,0.0,0.0022833420809148046,0.0,0.4546915839786166,0.0
1599,39.975,1.7576005790185198e+18,2.589993534259135,-2.6217520442476294,0.0022903168422728215,0.004190316662551047,11.488176095980748,0.0005199047060076733,-0.0025135878370600925,2.563864863279009e-19,0.0,0.0,0.0022903168422728215,0.0,0.0023387798976496903,0.0,0.0,0.002373398106373769,0.0,0.0,0.002382609601115326,0.0,0.0,0.002354101705556898,0.0,0.4185275794075387,0.0
1600,40.0,1.7576005790435197e+18,2.588649453432645,-2.6187194902928264,0.0022340238936067254,0.004267752089732023,11.48807375940005,0.00045866989286479136,-0.003073757421610597,1.4010314668175813e-19,0.0,0.0,0.0022340238936067254,0.0,0.0022903168422728215,0.0,0.0,0.0023387798976496903,0.0,0.0,0.002373398106373769,0.0,0.0,0.002382609601115326,0.0,0.3871426614187413,0.0
1601,40.025000000000006,1.7576005790685197e+18,2.588659182038323,-2.618737608666464,0.002171293619372805,0.002733581962915497,11.488107882187503,0.00033277156037885816,-0.003075451044517724,2.283845229189134e-20,0.0,0.0,0.002171293619372805,0.0,0.0022340238936067254,0.0,0.0,0.0022903168422728215,0.0,0.0,0.0023387798976496903,0.0,0.0,0.002373398106373769,0.0,0.36065445489109377,0.0
1602,40.050000000000004,1.75760057909352e+18,2.588675830663674,-2.6195643581800665,0.002104004321507046,-0.0003077534712564683,11.486786808329526,0.00018269180432768498,-0.002542075266706697,-5.848107753454575e-20,0.0,0.0,0.002104004321507046,0.0,0.002171293619372805,0.0,0.0,0.0022340238936067254,0.0,0.0,0.0022903168422728215,0.0,0.0,0.0023387798976496903,0.0,0.3388386699166336,0.0
1603,40.075,1.7576005791185198e+18,2.588684510282761,-2.619580532778099,0.002039760696211223,-0.0040231458117447405,11.486813258153738,5.580151241049284e-05,-0.0015893029902286405,-9.169921550622274e-20,0.0,0.0,0.002039760696211223,0.0,0.002104004321507046,0.0,0.0,0.002171293619372805,0.0,0.0,0.0022340238936067254,0.0,0.0,0.0022903168422728215,0.0,0.3211622508490242,0.0
1604,40.1,1.7576005791435197e+18,2.58632791841257,-2.61795675323694,0.0019927953664222345,-0.007159592968409732,11.488151246158814,-1.0408962315462767e-05,-0.00041664888637552434,-8.412347897521632e-20,0.0,0.0,0.0019927953664222345,0.0,0.002039760696211223,0.0,0.0,0.002104004321507046,0.0,0.0,0.002171293619372805,0.0,0.0,0.0022340238936067254,0.0,0.30690927161209475,0.0
1605,40.125,1.7576005791685197e+18,2.5863507912291643,-2.6179994933935884,0.001978541147941874,-0.008574747049492046,11.488220263817725,2.9327210483049704e-06,0.0007162487700484876,-5.309818233441651e-20,0.0,0.0,0.001978541147941874,0.0,0.0019927953664222345,0.0,0.0,0.002039760696211223,0.0,0.0,0.002104004321507046,0.0,0.0,0.002171293619372805,0.0,0.2953393845859958,0.0
1606,40.150000000000006,1.7576005791935196e+18,2.588692053497568,-2.6223309640795387,0.00200445993867761,-0.007743743560411743,11.487161309549583,9.479196628955821e-05,0.0015356693884833038,-1.690991369743002e-20,0.0,0.0,0.00200445993867761,0.0,0.001978541147941874,0.0,0.0,0.0019927953664222345,0.0,0.0,0.002039760696211223,0.0,0.0,0.002104004321507046,0.0,0.28581479149071315,0.0
1607,40.175000000000004,1.7576005792185198e+18,2.588677682255252,-2.6223041790633657,0.0020630980195019567,-0.005001493507617193,11.487134366957978,0.00024740801173193385,0.001818407957627962,1.1260747652528217e-20,0.0,0.0,0.0020630980195019567,0.0,0.00200445993867761,0.0,0.0,0.001978541147941874,0.0,0.0,0.0019927953664222345,0.0,0.0,0.002039760696211223,0.0,0.27785997897631287,0.0
1608,40.2,1.7576005792435197e+18,2.5896244768835013,-2.62238276147146,0.0021324211412285334,-0.0014065757060696728,11.488328775792324,0.0004320621783855054,0.001458008754486094,2.5574031206390567e-20,0.0,0.0,0.0021324211412285334,0.0,0.0020630980195019567,0.0,0.0,0.00200445993867761,0.0,0.0,0.001978541147941874,0.0,0.0,0.0019927953664222345,0.0,0.27115513665594027,0.0
1609,40.225,1.7576005792685197e+18,2.589613642029083,-2.622362518249769,0.002183829629759546,0.0017066123470690245,11.48832909587161,0.0006165189391073744,0.0005083556743685678,2.6655969485622378e-20,0.0,0.0,0.002183829629759546,0.0,0.0021324211412285334,0.0,0.0,0.0020630980195019567,0.0,0.0,0.00200445993867761,0.0,0.0,0.001978541147941874,0.0,0.2654889501473719,0.0
1610,40.25,1.75760057929352e+18,2.587525343527788,-2.617359605279966,0.002193544435324721,0.0032735380682831446,11.487861801323962,0.0007725694478691162,-0.0008159075792761128,1.9028546582403618e-20,0.0,0.0,0.002193544435324721,0.0,0.002183829629759546,0.0,0.0,0.0021324211412285334,0.0,0.0,0.0020630980195019567,0.0,0.0,0.00200445993867761,0.0,0.2607038140572627,0.0
1611,40.275000000000006,1.7576005793185198e+18,2.587532101660238,-2.617372201442814,0.002151532441052854,0.002886883584901917,11.487864440781879,0.0008810716105747732,-0.00218843390493253,8.268796930838805e-21,0.0,0.0,0.002151532441052854,0.0,0.002193544435324721,0.0,0.0,0.002183829629759546,0.0,0.0,0.0021324211412285334,0.0,0.0,0.0020630980195019567,0.0,0.25665925566588316,0.0
1612,40.300000000000004,1.7576005793435197e+18,2.58759655778298,-2.6205071503923723,0.002064267421342097,0.000858911599191672,11.488727127111968,0.0009326703933004616,-0.0032575082155439144,-1.1177345640213086e-21,0.0,0.0,0.002064267421342097,0.0,0.002151532441052854,0.0,0.0,0.002193544435324721,0.0,0.0,0.002183829629759546,0.0,0.0,0.0021324211412285334,0.0,0.2532228834491521,0.0
1613,40.325,1.7576005793685197e+18,2.584216004596704,-2.618763460159115,0.001951300486902969,-0.002026995438272788,11.488101889905657,0.0009255010355304202,-0.0037429665209266663,-6.7084191764303755e-21,0.0,0.0,0.001951300486902969,0.0,0.002064267421342097,0.0,0.0,0.002151532441052854,0.0,0.0,0.002193544435324721,0.0,0.0,0.002183829629759546,0.0,0.2502809566675027,0.0
1614,40.35,1.7576005793935196e+18,2.5886932252172947,-2.6170876931852103,0.0018381905476554646,-0.0048942140857623495,11.486657934316904,0.0008637611565021905,-0.0035126763352156245,-8.154007121267105e-21,0.0,0.0,0.0018381905476554646,0.0,0.001951300486902969,0.0,0.0,0.002064267421342097,0.0,0.0,0.002151532441052854,0.0,0.0,0.002193544435324721,0.0,0.24775195602557948,0.0
1615,40.375,1.7576005794185198e+18,2.5874163207216645,-2.619900628626514,0.0017488271954356294,-0.0070613166433453976,11.487783381906084,0.0007595394045802239,-0.002614759117992785,-6.526060799166656e-21,0.0,0.0,0.0017488271954356294,0.0,0.0018381905476554646,0.0,0.0,0.001951300486902969,0.0,0.0,0.002064267421342097,0.0,0.0,0.002151532441052854,0.0,0.24558961757048123,0.0
1616,40.400000000000006,1.7576005794435197e+18,2.5874155040876663,-2.6198991040850244,0.0016994622581074613,-0.008140226152540205,11.487850767584979,0.0006354327559077404,-0.001256992683558005,-3.4610051872173405e-21,0.0,0.0,0.0016994622581074613,0.0,0.0017488271954356294,0.0,0.0,0.0018381905476554646,0.0,0.0,0.001951300486902969,0.0,0.0,0.002064267421342097,0.0,0.24377180815004723,0.0
1617,40.425000000000004,1.7576005794685197e+18,2.5876221300329982,-2.6218423591284656,0.0016958613347149408,-0.008007445809172167,11.488537233771318,0.000522644132099866,0.0002580369514571993,-4.423968228784804e-22,0.0,0.0,0.0016958613347149408,0.0,0.0016994622581074613,0.0,0.0,0.0017488271954356294,0.0,0.0,0.0018381905476554646,0.0,0.0,0.001951300486902969,0.0,0.24228074449724457,0.0
1618,40.45,1.75760057949352e+18,2.587621210008269,-2.621840639239787,0.0017338798682747481,-0.006778193471196448,11.488559811950482,0.00045216553148214457,0.0016204755647115426,1.605544175620414e-21,0.0,0.0,0.0017338798682747481,0.0,0.0016958613347149408,0.0,0.0,0.0016994622581074613,0.0,0.0,0.0017488271954356294,0.0,0.0,0.0018381905476554646,0.0,0.2410842877852639,0.0
1619,40.475,1.7576005795185198e+18,2.5872131773259768,-2.622382084555899,0.0018024399295799814,-0.004836839940788724,11.48840434634609,0.0004423615923301858,0.002596688343018691,2.4007068181536502e-21,0.0,0.0,0.0018024399295799814,0.0,0.0017338798682747481,0.0,0.0,0.0016958613347149408,0.0,0.0,0.0016994622581074613,0.0,0.0,0.0017488271954356294,0.0,0.24012718199990574,0.0
1620,40.5,1.7576005795435197e+18,2.587224538513148,-2.6224032419347125,0.0018872369549169934,-0.002842670810121065,11.48841039210351,0.000489249162210224,0.0030851065044465837,2.1552367249082107e-21,0.0,0.0,0.0018872369549169934,0.0,0.0018024399295799814,0.0,0.0,0.0017338798682747481,0.0,0.0,0.0016958613347149408,0.0,0.0,0.0016994622581074613,0.0,0.23933632458899395,0.0
1621,40.525000000000006,1.7576005795685197e+18,2.588676153350637,-2.621420136248667,0.001974103867687933,-0.0015822355712482646,11.487268656901133,0.0005646894907314695,0.003130333409342395,1.3278622341263102e-21,0.0,0.0,0.001974103867687933,0.0,0.0018872369549169934,0.0,0.0,0.0018024399295799814,0.0,0.0,0.0017338798682747481,0.0,0.0,0.0016958613347149408,0.0,0.23863740681289555,0.0
1622,40.550000000000004,1.7576005795935196e+18,2.5886827937119867,-2.621432502012558,0.002051882212079285,-0.0016492353798481997,11.487209099655823,0.0006245967633007087,0.0028939460531770783,3.902906964975452e-22,0.0,0.0,0.002051882212079285,0.0,0.001974103867687933,0.0,0.0,0.0018872369549169934,0.0,0.0,0.0018024399295799814,0.0,0.0,0.0017338798682747481,0.0,0.2379746960230383,0.0
1623,40.575,1.7576005796185198e+18,2.5862573056320386,-2.619748094430551,0.0021148127886122087,-0.003109051279825963,11.487958437028928,0.000625535459907657,0.0025926124688625566,-3.2464881210702927e-22,0.0,0.0,0.0021148127886122087,0.0,0.002051882212079285,0.0,0.0,0.001974103867687933,0.0,0.0,0.0018872369549169934,0.0,0.0,0.0018024399295799814,0.0,0.23732445359604196,0.0
1624,40.6,1.7576005796435197e+18,2.5862511870983944,-2.619736663741879,0.0021640275275223242,-0.00537872264818527,11.487995213233441,0.0005443213685185743,0.002423110869519952,-6.757855399319614e-22,0.0,0.0,0.0021640275275223242,0.0,0.0021148127886122087,0.0,0.0,0.002051882212079285,0.0,0.0,0.001974103867687933,0.0,0.0,0.0018872369549169934,0.0,0.23669618878569376,0.0
1625,40.625,1.7576005796685197e+18,2.586376832694308,-2.622558283694684,0.0022074072813085322,-0.007446188933454109,11.48778684459356,0.000392410407854132,0.002497452047293532,-6.872387830263285e-22,0.0,0.0,0.0022074072813085322,0.0,0.0021640275275223242,0.0,0.0,0.0021148127886122087,0.0,0.0,0.002051882212079285,0.0,0.0,0.001974103867687933,0.0,0.23612223948308067,0.0
1626,40.650000000000006,1.75760057969352e+18,2.5863719298483137,-2.622549129378616,0.0022571531274875305,-0.008337552694395114,11.48783934682223,0.00021700825950577468,0.002808378654836878,-4.8019160914657185e-22,0.0,0.0,0.0022571531274875305,0.0,0.0022074072813085322,0.0,0.0,0.0021640275275223242,0.0,0.0,0.0021148127886122087,0.0,0.0,0.002051882212079285,0.0,0.23564139003263207,0.0
1627,40.675000000000004,1.7576005797185198e+18,2.584398334059078,-2.618673401626836,0.0023250334926653354,-0.007571633590055694,11.487923712511469,8.601302374797175e-05,0.003236247798974201,-1.9945416138853697e-22,0.0,0.0,0.0023250334926653354,0.0,0.0022571531274875305,0.0,0.0,0.0022074072813085322,0.0,0.0,0.0021640275275223242,0.0,0.0,0.0021148127886122087,0.0,0.23528394990140242,0.0
1628,40.7,1.7576005797435197e+18,2.5875129784604214,-2.6217172113520157,0.0024165602697179675,-0.005342803039539411,11.486739495904297,6.22545530920262e-05,0.003594835007427758,4.0370160430291214e-23,0.0,0.0,0.0024165602697179675,0.0,0.0023250334926653354,0.0,0.0,0.0022571531274875305,0.0,0.0,0.0022074072813085322,0.0,0.0,0.0021640275275223242,0.0,0.235063778704523,0.0
1629,40.725,1.7576005797685197e+18,2.587502327978069,-2.62169733597973,0.0025267676608630146,-0.0023507653928526904,11.486727964534198,0.00017827457353987404,0.0037000223047298285,1.795277865494315e-22,0.0,0.0,0.0025267676608630146,0.0,0.0024165602697179675,0.0,0.0,0.0023250334926653354,0.0,0.0,0.0022571531274875305,0.0,0.0,0.0022074072813085322,0.0,0.23497881130866677,0.0
1630,40.75,1.7576005797935196e+18,2.586181901632898,-2.622093280506226,0.0026404219576453363,0.0005837072653533806,11.487349608827865,0.00042237469838598754,0.0034366720996810824,2.1160306851287753e-22,0.0,0.0,0.0026404219576453363,0.0,0.0025267676608630146,0.0,0.0,0.0024165602697179675,0.0,0.0,0.0023250334926653354,0.0,0.0,0.0022571531274875305,0.0,0.235017954092768,0.0
1631,40.775000000000006,1.7576005798185198e+18,2.5862043221205173,-2.6221351739715115,0.0027374932916063625,0.002878587562386391,11.48737708812204,0.0007408648384366613,0.0027991682357453597,1.6592815807812389e-22,0.0,0.0,0.0027374932916063625,0.0,0.0026404219576453363,0.0,0.0,0.0025267676608630146,0.0,0.0,0.0024165602697179675,0.0,0.0,0.0023250334926653354,0.0,0.23517028394886383,0.0
1632,40.800000000000004,1.7576005798435197e+18,2.5897488129759045,-2.625062375868625,0.0028015302854526953,0.004357132402259124,11.489178453362097,0.0010540479795459528,0.0018908269119811082,8.530468837198345e-23,0.0,0.0,0.0028015302854526953,0.0,0.0027374932916063625,0.0,0.0,0.0026404219576453363,0.0,0.0,0.0025267676608630146,0.0,0.0,0.0024165602697179675,0.0,0.2354323386516095,0.0
1633,40.825,1.7576005798685197e+18,2.5897701766096235,-2.6251022553989403,0.002826432546292368,0.005199691444227447,11.489218087639358,0.0012789107724681691,0.0008832008687409691,7.706737518365756e-24,0.0,0.0,0.002826432546292368,0.0,0.0028015302854526953,0.0,0.0,0.0027374932916063625,0.0,0.0,0.0026404219576453363,0.0,0.0,0.0025267676608630146,0.0,0.23581014177978865,0.0
1634,40.85,1.75760057989352e+18,2.5855659490002987,-2.6200720367207597,0.002817741140856549,0.005765664119769896,11.487561745651051,0.001351826228011061,-4.819597792496663e-05,-4.3790168742455486e-23,0.0,0.0,0.002817741140856549,0.0,0.002826432546292368,0.0,0.0,0.0028015302854526953,0.0,0.0,0.0027374932916063625,0.0,0.0,0.0026404219576453363,0.0,0.23631412540565366,0.0
1635,40.875,1.7576005799185198e+18,2.5855876444125427,-2.620112350355111,0.0027879078000200763,0.006394843510557742,11.487541193158103,0.0012468312795692023,-0.0007865070665963548,-6.273287944250826e-23,0.0,0.0,0.0027879078000200763,0.0,0.002817741140856549,0.0,0.0,0.002826432546292368,0.0,0.0,0.0028015302854526953,0.0,0.0,0.0027374932916063625,0.0,0.23694781683580304,0.0
1636,40.900000000000006,1.7576005799435197e+18,2.587745819722427,-2.6195405465347275,0.0027489722778139512,0.007269359676528996,11.487457243679994,0.0009853435917315707,-0.0013107802200221404,-5.519375521792582e-23,0.0,0.0,0.0027489722778139512,0.0,0.0027879078000200763,0.0,0.0,0.002817741140856549,0.0,0.0,0.002826432546292368,0.0,0.0,0.0028015302854526953,0.0,0.23769492232768424,0.0
1637,40.925000000000004,1.7576005799685197e+18,2.5877442882483246,-2.619537671553955,0.002707700454911658,0.00837357496565287,11.48747283536634,0.0006327475017261329,-0.0016947869269871543,-3.3267976201368046e-23,0.0,0.0,0.002707700454911658,0.0,0.0027489722778139512,0.0,0.0,0.0027879078000200763,0.0,0.0,0.002817741140856549,0.0,0.0,0.002826432546292368,0.0,0.23851202898258642,0.0
