,Time,original_time,x,y,vx,vy,theta,omega,ax,steering_angle,cmd_steering_angle,cmd_velocity,velocity_error,cmd_velocity_k-1,velocity_error_k-1,cmd_steering_k-1,cmd_velocity_k-2,velocity_error_k-2,cmd_steering_k-2,cmd_velocity_k-3,velocity_error_k-3,cmd_steering_k-3,cmd_velocity_k-4,velocity_error_k-4,cmd_steering_k-4,velocity_error_sum,new_bag
99,2.475,1.757600939222363e+18,2.576435748253177,-2.249506674719681,0.0015730307665693113,-0.0060431016679859334,-0.965458230456011,0.0009900489154604844,0.0029883493659583235,2.5217174151260076e-08,0.0,0.0,0.0015730307665693113,0.0,0.0015121438154304845,0.0,0.0,0.0014797583163399805,0.0,0.0,0.0014759758797023657,0.0,0.0,0.0014951861002716511,0.0,0.18287949165485198,0.0
100,2.5,1.7576009392473628e+18,2.576610884934361,-2.2472123142109943,0.0016553312389348104,-0.0031286871198464485,-0.9663820876271358,0.0008362447067495031,0.0036411476795917357,2.9758089747955513e-08,0.0,0.0,0.0016553312389348104,0.0,0.0015730307665693113,0.0,0.0,0.0015121438154304845,0.0,0.0,0.0014797583163399805,0.0,0.0,0.0014759758797023657,0.0,0.1824156539942321,0.0
101,2.5250000000000004,1.7576009392723628e+18,2.5775205026570527,-2.2507337740207976,0.001746621842388211,-0.0008126239806935859,-0.9653406287441947,0.0005733983425420254,0.003797897458815805,2.226935732463969e-08,0.0,0.0,0.001746621842388211,0.0,0.0016553312389348104,0.0,0.0,0.0015730307665693113,0.0,0.0,0.0015121438154304845,0.0,0.0,0.0014797583163399805,0.0,0.18209501082053628,0.0
102,2.5500000000000003,1.757600939297363e+18,2.577521641048754,-2.2507354133862862,0.0018329111459315915,0.0003535451129429339,-0.9653251705019205,0.00027310910239079756,0.003340713328609056,-5.408180546841356e-10,0.0,0.0,0.0018329111459315915,0.0,0.001746621842388211,0.0,0.0,0.0016553312389348104,0.0,0.0,0.0015730307665693113,0.0,0.0,0.0015121438154304845,0.0,0.18189748572231812,0.0
103,2.575,1.757600939322363e+18,2.573815567967737,-2.2469720258177697,0.0019024617396414907,0.0004932682477689662,-0.9670048701659857,1.9238386299552494e-05,0.0022746653227558936,-3.632420110344087e-08,0.0,0.0,0.0019024617396414907,0.0,0.0018329111459315915,0.0,0.0,0.001746621842388211,0.0,0.0,0.0016553312389348104,0.0,0.0,0.0015730307665693113,0.0,0.1817806018414116,0.0
104,2.6,1.7576009393473628e+18,2.5767179749513733,-2.247277570099285,0.001947997866816216,0.00033191496820097804,-0.9665545663053441,-0.00012200569151345457,0.0007743903223038748,-7.497613167379734e-08,0.0,0.0,0.001947997866816216,0.0,0.0019024617396414907,0.0,0.0,0.0018329111459315915,0.0,0.0,0.001746621842388211,0.0,0.0,0.0016553312389348104,0.0,0.1816933582282244,0.0
105,2.625,1.7576009393723628e+18,2.575106515260913,-2.2451564167976463,0.001967321311651191,0.0009122535404105499,-0.9664306046161831,-0.00012544147218029587,-0.0008016971161055438,-9.911321848346316e-08,0.0,0.0,0.001967321311651191,0.0,0.001947997866816216,0.0,0.0,0.0019024617396414907,0.0,0.0,0.0018329111459315915,0.0,0.0,0.001746621842388211,0.0,0.18159176989828915,0.0
106,2.6500000000000004,1.7576009393973627e+18,2.5751019003263265,-2.245149719173852,0.0019635141569298684,0.003170621128383026,-0.9664532006247306,-1.3526473716575409e-05,-0.0019513044679948194,-8.84153942084985e-08,0.0,0.0,0.0019635141569298684,0.0,0.001967321311651191,0.0,0.0,0.001947997866816216,0.0,0.0,0.0019024617396414907,0.0,0.0,0.0018329111459315915,0.0,0.1814518188952,0.0
107,2.6750000000000003,1.757600939422363e+18,2.5733441631551823,-2.2461824621247857,0.0019453026505071777,0.007461696520465788,-0.9670516591773711,0.0001570166873771833,-0.002137163677927605,-2.7935482118532222e-08,0.0,0.0,0.0019453026505071777,0.0,0.0019635141569298684,0.0,0.0,0.001967321311651191,0.0,0.0,0.001947997866816216,0.0,0.0,0.0019024617396414907,0.0,0.18127685008002836,0.0
108,2.7,1.7576009394473628e+18,2.573344657971853,-2.246183166605448,0.001926720095484804,0.01317207400655864,-0.9670723811086378,0.00032076931228807457,-0.0009616861074080514,8.141596696773676e-08,0.0,0.0,0.001926720095484804,0.0,0.0019453026505071777,0.0,0.0,0.0019635141569298684,0.0,0.0,0.001967321311651191,0.0,0.0,0.001947997866816216,0.0,0.1810978404082037,0.0
109,2.725,1.7576009394723628e+18,2.5776819230737087,-2.2457026683636583,0.001924857695013005,0.018634864622978593,-0.9669589184095386,0.00042785320623240264,0.0016248323840300923,2.1411509437166313e-07,0.0,0.0,0.001924857695013005,0.0,0.001926720095484804,0.0,0.0,0.0019453026505071777,0.0,0.0,0.0019635141569298684,0.0,0.0,0.001967321311651191,0.0,0.18096649785161192,0.0
110,2.75,1.757600939497363e+18,2.5776755532151667,-2.2456934267443867,0.0019556369429882003,0.021530712937554545,-0.9669878229311115,0.00045680661507586755,0.005147600305817498,3.18317035718854e-07,0.0,0.0,0.0019556369429882003,0.0,0.001924857695013005,0.0,0.0,0.001926720095484804,0.0,0.0,0.0019453026505071777,0.0,0.0,0.0019635141569298684,0.0,0.18094282092616717,0.0
111,2.7750000000000004,1.757600939522363e+18,2.5770131096386626,-2.2429708029907847,0.002028774021243334,0.019750717752814808,-0.9667164320072142,0.0004140490053878982,0.008551103612949739,3.261285000586315e-07,0.0,0.0,0.002028774021243334,0.0,0.0019556369429882003,0.0,0.0,0.001924857695013005,0.0,0.0,0.001926720095484804,0.0,0.0,0.0019453026505071777,0.0,0.1810799760584271,0.0
112,2.8000000000000003,1.7576009395473628e+18,2.5773018947341697,-2.2444112093259303,0.0021432853607790204,0.012396290941321964,-0.9667136254240954,0.00032408863818648114,0.010349658698416734,1.7775183333699052e-07,0.0,0.0,0.0021432853607790204,0.0,0.002028774021243334,0.0,0.0,0.0019556369429882003,0.0,0.0,0.001924857695013005,0.0,0.0,0.001926720095484804,0.0,0.1814094360638377,0.0
113,2.825,1.7576009395723628e+18,2.5751488760845245,-2.244260764309374,0.002284284039934161,0.00042479876999704073,-0.9671121514235916,0.0002171642507088478,0.009028721886749285,-1.4434663463357282e-07,0.0,0.0,0.002284284039934161,0.0,0.0021432853607790204,0.0,0.0,0.002028774021243334,0.0,0.0,0.0019556369429882003,0.0,0.0,0.001924857695013005,0.0,0.18192832171712955,0.0
114,2.85,1.7576009395973627e+18,2.575139793354751,-2.244247591755914,0.0024214905815298873,-0.013426736809805377,-0.967072584773162,0.00012028706051107627,0.003655527390743549,-5.822643472039012e-07,0.0,0.0,0.0024214905815298873,0.0,0.002284284039934161,0.0,0.0,0.0021432853607790204,0.0,0.0,0.002028774021243334,0.0,0.0,0.0019556369429882003,0.0,0.18258980879380204,0.0
115,2.875,1.757600939622363e+18,2.574770038541902,-2.246443822535464,0.002510582577411427,-0.025459341155909098,-0.9665376998151364,5.414304991844731e-05,-0.00545512813793587,-9.874124454507568e-07,0.0,0.0,0.002510582577411427,0.0,0.0024214905815298873,0.0,0.0,0.002284284039934161,0.0,0.0,0.0021432853607790204,0.0,0.0,0.002028774021243334,0.0,0.18329776703999062,0.0
116,2.9000000000000004,1.7576009396473628e+18,2.574786448113602,-2.2464676155364884,0.002499879864588671,-0.03224711278843422,-0.9665311788973324,3.468438229167408e-05,-0.016277206617225363,-1.1411059606121414e-06,0.0,0.0,0.002499879864588671,0.0,0.002510582577411427,0.0,0.0,0.0024214905815298873,0.0,0.0,0.002284284039934161,0.0,0.0,0.0021432853607790204,0.0,0.18390912150490618,0.0
117,2.9250000000000003,1.7576009396723628e+18,2.5746411143641943,-2.2481860854301914,0.0023453008704775397,-0.03181329301724832,-0.9665525805954299,7.706747802233245e-05,-0.02511021630513374,-8.216498498046055e-07,0.0,0.0,0.0023453008704775397,0.0,0.002499879864588671,0.0,0.0,0.002510582577411427,0.0,0.0,0.0024214905815298873,0.0,0.0,0.002284284039934161,0.0,0.1842503001845251,0.0
118,2.95,1.757600939697363e+18,2.572699997969877,-2.248321816814314,0.0020342544086986987,-0.024325133586357666,-0.9665204892610144,0.00019892921852057022,-0.027343481074724615,8.815273320098844e-08,0.0,0.0,0.0020342544086986987,0.0,0.0023453008704775397,0.0,0.0,0.002499879864588671,0.0,0.0,0.002510582577411427,0.0,0.0,0.0024214905815298873,0.0,0.18415455623001806,0.0
119,2.975,1.757600939722363e+18,2.576618315037649,-2.2481605927464936,0.0016136937962311054,-0.012062325404695677,-0.9663735870360262,0.00041808065198609476,-0.01896750642245331,1.4825896739894972e-06,0.0,0.0,0.0016136937962311054,0.0,0.0020342544086986987,0.0,0.0,0.0023453008704775397,0.0,0.0,0.002499879864588671,0.0,0.0,0.002510582577411427,0.0,0.18352249354257494,0.0
120,3.0,1.7576009397473628e+18,2.576598422479932,-2.2481317630532645,0.0012103642212852991,0.0013462913197242543,-0.9662911976863399,0.0007407181211350568,0.0014634722337650012,2.955753503729331e-06,0.0,0.0,0.0012103642212852991,0.0,0.0016136937962311054,0.0,0.0,0.0020342544086986987,0.0,0.0,0.0023453008704775397,0.0,0.0,0.002499879864588671,0.0,0.18239783989256192,0.0
121,3.0250000000000004,1.7576009397723628e+18,2.578423054073516,-2.2476468489020176,0.001025535951953439,0.012158796295557677,-0.9665966337028054,0.0011436811943334214,0.031046423387995313,3.827337391208253e-06,0.0,0.0,0.001025535951953439,0.0,0.0012103642212852991,0.0,0.0,0.0016136937962311054,0.0,0.0,0.0020342544086986987,0.0,0.0,0.0023453008704775397,0.0,0.1810350818533302,0.0
122,3.0500000000000003,1.7576009397973627e+18,2.578403461059472,-2.247618461676275,0.0012871728056094332,0.017766601517976044,-0.9666065389369142,0.0015625074369796294,0.06176035785944141,3.318632980620337e-06,0.0,0.0,0.0012871728056094332,0.0,0.001025535951953439,0.0,0.0,0.0012103642212852991,0.0,0.0,0.0016136937962311054,0.0,0.0,0.0020342544086986987,0.0,0.17991946129417125,0.0
123,3.075,1.757600939822363e+18,2.5735694723072378,-2.245508768306532,0.002154401528416488,0.017467511899973236,-0.9672305589407588,0.0018968218012186517,0.08149229215621663,8.791768789120565e-07,0.0,0.0,0.002154401528416488,0.0,0.0012871728056094332,0.0,0.0,0.001025535951953439,0.0,0.0,0.0012103642212852991,0.0,0.0,0.0016136937962311054,0.0,0.17969349773318083,0.0
124,3.1,1.7576009398473628e+18,2.5757591874653905,-2.244562243251682,0.0035930386108863678,0.012495442032955986,-0.9672205480040151,0.0020351347328792903,0.07722279827022703,-3.409490512168478e-06,0.0,0.0,0.0035930386108863678,0.0,0.002154401528416488,0.0,0.0,0.0012871728056094332,0.0,0.0,0.001025535951953439,0.0,0.0,0.0012103642212852991,0.0,0.18096090846133686,0.0
125,3.125,1.7576009398723628e+18,2.575692012151032,-2.244464777673782,0.005270155715065202,0.005378220428444225,-0.967232969538766,0.0018911528415005753,0.04000213483570539,-8.507175274618426e-06,0.0,0.0,0.005270155715065202,0.0,0.0035930386108863678,0.0,0.0,0.002154401528416488,0.0,0.0,0.0012871728056094332,0.0,0.0,0.001025535951953439,0.0,0.1839857664454136,0.0
126,3.1500000000000004,1.757600939897363e+18,2.5760244350755213,-2.244524270369173,0.006536726694187489,-0.001047932819076145,-0.9681371785535348,0.0014409025267945103,-0.029512320445580605,-1.2371224944597716e-05,0.0,0.0,0.006536726694187489,0.0,0.005270155715065202,0.0,0.0,0.0035930386108863678,0.0,0.0,0.002154401528416488,0.0,0.0,0.0012871728056094332,0.0,0.1883744612212957,0.0
127,3.1750000000000003,1.757600939922363e+18,2.575691433839585,-2.2478311925378502,0.006564462121739974,-0.004594398949313242,-0.9663378891874412,0.0007529107928596798,-0.11685543367317942,-1.2381327959504418e-05,0.0,0.0,0.006564462121739974,0.0,0.006536726694187489,0.0,0.0,0.005270155715065202,0.0,0.0,0.0035930386108863678,0.0,0.0,0.002154401528416488,0.0,0.19289551700840082,0.0
128,3.2,1.7576009399473628e+18,2.5758275520251077,-2.247015285950205,0.004665333218963942,-0.0043839731830816455,-0.9669055114992555,5.403710507740776e-06,-0.19291911924739427,-6.295561079298399e-06,0.0,0.0,0.004665333218963942,0.0,0.006564462121739974,0.0,0.0,0.006536726694187489,0.0,0.0,0.005270155715065202,0.0,0.0,0.0035930386108863678,0.0,0.1956211495131565,0.0
129,3.225,1.7576009399723628e+18,2.5758444688328543,-2.2470397718891717,0.0007519502175385235,-0.0010856235129164669,-0.9669205374447928,-0.0005191208099731825,-0.2178735674465993,6.425120544668215e-06,0.0,0.0,0.0007519502175385235,0.0,0.004665333218963942,0.0,0.0,0.006564462121739974,0.0,0.0,0.006536726694187489,0.0,0.0,0.005270155715065202,0.0,0.19453103934335647,0.0
130,3.25,1.7576009399973627e+18,2.576171608442697,-2.246042981926791,-0.004187896602893251,0.0033365565226517414,-0.9672752924393887,-0.0004778169982542484,-0.14985758316157194,2.3362829143376988e-05,0.0,0.0,-0.004187896602893251,0.0,0.0007519502175385235,0.0,0.0,0.004665333218963942,0.0,0.0,0.006564462121739974,0.0,0.0,0.006536726694187489,0.0,0.18859000488377545,0.0
131,3.2750000000000004,1.757600940022363e+18,2.576187820779225,-2.2460664802054016,-0.0077955825963283406,0.0063355185906925,-0.9672644902850772,0.00043463867193318953,0.04331516926044156,3.861803222181281e-05,-0.0,4.0,-4.007795582596328,0.0,-0.004187896602893251,0.0,0.0,0.0007519502175385235,0.0,0.0,0.004665333218963942,0.0,0.0,0.006564462121739974,0.0,-3.82088186772583,0.0
132,3.3000000000000003,1.7576009400473628e+18,2.577426692385196,-2.245446673745696,-0.00642578097783339,0.005787081981364368,-0.9671543149260884,0.0023372876605251736,0.3727227222602666,4.369610751325872e-05,-0.0,4.0,-4.006425780977834,4.0,-4.007795582596328,-0.0,0.0,-0.004187896602893251,0.0,0.0,0.0007519502175385235,0.0,0.0,0.004665333218963942,0.0,-7.828926165893074,0.0
133,3.325,1.7576009400723628e+18,2.577441551035648,-2.2454682288140275,0.004269177938325475,0.000952060384338908,-0.967107134894577,0.0050045194876901945,0.8210853439316362,3.0187405999537762e-05,-0.0,4.0,-3.9957308220616747,4.0,-4.006425780977834,-0.0,4.0,-4.007795582596328,-0.0,0.0,-0.004187896602893251,0.0,0.0,0.0007519502175385235,0.0,-11.826246739056009,0.0
134,3.35,1.757600940097363e+18,2.573955704920209,-2.244278117406087,0.028299781345284693,-0.007012861148852218,-0.9673427312223214,0.0077792013905284806,1.3428603471036566,-6.03893845341853e-06,-0.0,4.0,-3.9717002186547155,4.0,-3.9957308220616747,-0.0,4.0,-4.006425780977834,-0.0,4.0,-4.007795582596328,-0.0,0.0,-0.004187896602893251,0.0,-15.79954480080182,0.0
135,3.375,1.757600940122363e+18,2.5739631404390986,-2.244288891988461,0.0680957111655132,-0.015274600524888516,-0.9673259128385091,0.009647755354944677,1.8727402486584688,-6.0315588340710156e-05,-0.0,4.0,-3.931904288834487,4.0,-3.9717002186547155,-0.0,4.0,-3.9957308220616747,-0.0,4.0,-4.006425780977834,-0.0,4.0,-4.007795582596328,-0.0,-19.733091308232872,0.0
136,3.4000000000000004,1.7576009401473628e+18,2.577002865407192,-2.2512296301027064,0.12348565502620724,-0.020260097231742664,-0.9660087181536523,0.009519664577001903,2.3407696055454266,-0.0001163701903034394,-0.0,4.0,-3.876514344973793,4.0,-3.931904288834487,-0.0,4.0,-3.9717002186547155,-0.0,4.0,-3.9957308220616747,-0.0,4.0,-4.006425780977834,-0.0,-23.611316159454287,0.0
137,3.4250000000000003,1.7576009401723628e+18,2.577528334066804,-2.25199095859589,0.19138612240126876,-0.018986724274815462,-0.9658805184598728,0.006649444534796999,2.689750481731737,-0.0001476084187462723,-0.0,4.0,-3.8086138775987313,4.0,-3.876514344973793,-0.0,4.0,-3.931904288834487,-0.0,4.0,-3.9717002186547155,-0.0,4.0,-3.9957308220616747,-0.0,-27.421710838530053,0.0
138,3.45,1.7576009401973627e+18,2.5820162206404333,-2.257567078193003,0.266515443453617,-0.010288596567308574,-0.9654863831567029,0.0010228294956765242,2.8894398670840955,-0.0001242283938553602,-0.0,4.0,-3.733484556546383,4.0,-3.8086138775987313,-0.0,4.0,-3.876514344973793,-0.0,4.0,-3.931904288834487,-0.0,4.0,-3.9717002186547155,-0.0,-31.157024492327157,0.0
139,3.475,1.757600940222363e+18,2.583918145725601,-2.260320447173681,0.3430080263497939,0.004529478509802283,-0.965368759573872,-0.006514956692631165,2.9428812002053073,-2.6045058335056335e-05,-0.0,4.0,-3.6569919736502063,4.0,-3.733484556546383,-0.0,4.0,-3.8086138775987313,-0.0,4.0,-3.876514344973793,-0.0,4.0,-3.931904288834487,-0.0,-34.81585511518249,0.0
140,3.5,1.7576009402473628e+18,2.582023804374012,-2.254456362716682,0.4162761242184466,0.02187543775369935,-0.9652742843539565,-0.014510101486127386,2.882872800830457,0.00014198119485254134,-0.0,4.0,-3.5837238757815535,4.0,-3.6569919736502063,-0.0,4.0,-3.733484556546383,-0.0,4.0,-3.8086138775987313,-0.0,4.0,-3.876514344973793,-0.0,-38.401385946625616,0.0
141,3.5250000000000004,1.7576009402723628e+18,2.584568889600699,-2.258132585402252,0.48424831124956863,0.03687701061690522,-0.9650557680874549,-0.021440188449849615,2.7600597325579765,0.0003375942616855405,-0.0,4.0,-3.515751688750431,4.0,-3.5837238757815535,-0.0,4.0,-3.6569919736502063,-0.0,4.0,-3.733484556546383,-0.0,4.0,-3.8086138775987313,-0.0,-41.918884777704896,0.0
142,3.5500000000000003,1.757600940297363e+18,2.5865929847350566,-2.25305291251928,0.5474532353632039,0.04493355550196747,-0.9683409054460661,-0.026289959101927055,2.6270327918105636,0.0004804177729860554,-0.0,4.0,-3.452546764636796,4.0,-3.515751688750431,-0.0,4.0,-3.5837238757815535,-0.0,4.0,-3.6569919736502063,-0.0,4.0,-3.733484556546383,-0.0,-45.37311472325725,0.0
143,3.575,1.757600940322363e+18,2.597927164267324,-2.268186864974279,0.6080828577712022,0.04332592069719129,-0.9708296727051794,-0.028917552763497615,2.523949897646282,0.000469433129664767,-0.0,4.0,-3.391917142228798,4.0,-3.452546764636796,-0.0,4.0,-3.515751688750431,-0.0,4.0,-3.5837238757815535,-0.0,4.0,-3.6569919736502063,-0.0,-48.7666729883443,0.0
144,3.6,1.7576009403473628e+18,2.601207297808304,-2.2729525720643005,0.6686497638530644,0.03229216739110833,-0.9720734583056564,-0.03009033330479131,2.470163185974617,0.0002207633306082873,-0.0,4.0,-3.3313502361469354,4.0,-3.391917142228798,-0.0,4.0,-3.452546764636796,-0.0,4.0,-3.515751688750431,-0.0,4.0,-3.5837238757815535,-0.0,-52.09966337518303,0.0
145,3.6250000000000004,1.7576009403723628e+18,2.6033210995822382,-2.27602371535011,0.7308785887834184,0.015064832682493215,-0.9728749854922283,-0.031188640463116216,2.4636898087964654,-0.0002810845240114562,-0.0,4.0,-3.269121411216582,4.0,-3.3313502361469354,-0.0,4.0,-3.391917142228798,-0.0,4.0,-3.452546764636796,-0.0,4.0,-3.515751688750431,-0.0,-55.37047178675056,0.0
146,3.6500000000000004,1.7576009403973627e+18,2.625147921895718,-2.320466096836551,0.7951860304409935,-0.003281366811557387,-0.9734377532607819,-0.03367100094500211,2.487310226853314,-0.0009359817180888152,-0.0,4.0,-3.2048139695590065,4.0,-3.269121411216582,-0.0,4.0,-3.3313502361469354,-0.0,4.0,-3.391917142228798,-0.0,4.0,-3.452546764636796,-0.0,-58.577061046055384,0.0
147,3.6750000000000003,1.757600940422363e+18,2.6416231204016727,-2.3426224313457027,0.8607800426124327,-0.017777731325953408,-0.9746824460354112,-0.03849201695453278,2.5178929080730015,-0.0015105855463220827,-0.0,4.0,-3.139219957387567,4.0,-3.2048139695590065,-0.0,4.0,-3.269121411216582,-0.0,4.0,-3.3313502361469354,-0.0,4.0,-3.391917142228798,-0.0,-61.718169832464994,0.0
148,3.7,1.7576009404473628e+18,2.65740904508891,-2.36708803569155,0.9261948736962665,-0.025448232159703748,-0.9757253408179368,-0.04571006231369353,2.535018040714974,-0.0016763212930329444,-0.0,4.0,-3.0738051263037334,4.0,-3.139219957387567,-0.0,4.0,-3.2048139695590065,-0.0,4.0,-3.269121411216582,-0.0,4.0,-3.3313502361469354,-0.0,-64.79398159489502,0.0
149,3.725,1.7576009404723628e+18,2.6760553237141087,-2.3896211801553373,0.9899894615062867,-0.026229626826168667,-0.9774513344313246,-0.05443625782390849,2.5261143616003756,-0.0011165413704909725,-0.0,4.0,-3.010010538493713,4.0,-3.0738051263037334,-0.0,4.0,-3.139219957387567,-0.0,4.0,-3.2048139695590065,-0.0,4.0,-3.269121411216582,-0.0,-67.80609964100145,0.0
150,3.7500000000000004,1.757600940497363e+18,2.6856246863474404,-2.4037306333156563,1.0513293609177745,-0.022507326826446666,-0.9785440746813872,-0.06308903561827653,2.487433708613953,0.0003097463340930558,-0.0,4.0,-2.9486706390822253,4.0,-3.010010538493713,-0.0,4.0,-3.0738051263037334,-0.0,4.0,-3.139219957387567,-0.0,4.0,-3.2048139695590065,-0.0,-70.75694338730837,0.0
151,3.7750000000000004,1.757600940522363e+18,2.707436686265127,-2.438179036243134,1.1102264195827185,-0.017611453041365892,-0.9794739312990033,-0.06977820760995339,2.4222199197757632,0.0023954754668676394,-0.0,4.0,-2.8897735804172813,4.0,-2.9486706390822253,-0.0,4.0,-3.010010538493713,-0.0,4.0,-3.0738051263037334,-0.0,4.0,-3.139219957387567,-0.0,-73.6489070132462,0.0
152,3.8000000000000003,1.7576009405473628e+18,2.723141159301367,-2.46137797564589,1.1673571162768237,-0.014171070988010874,-0.9813885454318397,-0.07267250300534814,2.338457349325178,0.004484683243689882,-0.0,4.0,-2.8326428837231763,4.0,-2.8897735804172813,-0.0,4.0,-2.9486706390822253,-0.0,4.0,-3.010010538493713,-0.0,4.0,-3.0738051263037334,-0.0,-76.48370220268384,0.0
153,3.825,1.7576009405723628e+18,2.742992330034334,-2.5007070550273607,1.2236039607318103,-0.01321200077699697,-0.9836943324425577,-0.07034973531495047,2.2481970654342436,0.005535435714102419,-0.0,4.0,-2.7763960392681897,4.0,-2.8326428837231763,-0.0,4.0,-2.8897735804172813,-0.0,4.0,-2.9486706390822253,-0.0,4.0,-3.010010538493713,-0.0,-79.26216272319448,0.0
154,3.85,1.7576009405973627e+18,2.7580834676226207,-2.523172688632685,1.279628568116904,-0.014333977536557541,-0.9853012629640706,-0.06219697086076187,2.1689157649863238,0.004412923839689117,-0.0,4.0,-2.720371431883096,4.0,-2.7763960392681897,-0.0,4.0,-2.8326428837231763,-0.0,4.0,-2.8897735804172813,-0.0,4.0,-2.9486706390822253,-0.0,-81.9844781934913,0.0
155,3.8750000000000004,1.757600940622363e+18,2.7885125603224887,-2.5636917268367974,1.3357561628090113,-0.016611389764396425,-0.9873927721060775,-0.048832687321450824,2.1254697553235298,0.0004070019216246643,-0.0,4.0,-2.6642438371909885,4.0,-2.720371431883096,-0.0,4.0,-2.7763960392681897,-0.0,4.0,-2.8326428837231763,-0.0,4.0,-2.8897735804172813,-0.0,-84.65054153314266,0.0
156,3.9000000000000004,1.7576009406473628e+18,2.810952174737896,-2.597362331827709,1.392249386992842,-0.019493947479877118,-0.989621488072521,-0.03238657735216487,2.149958770475461,-0.006140480455139673,-0.0,4.0,-2.607750613007158,4.0,-2.6642438371909885,-0.0,4.0,-2.720371431883096,-0.0,4.0,-2.7763960392681897,-0.0,4.0,-2.8326428837231763,-0.0,-87.26001517874074,0.0
157,3.9250000000000003,1.7576009406723628e+18,2.830316810120711,-2.6301579761629714,1.449817289624691,-0.02313112547184473,-0.990284792087711,-0.016431603754070795,2.276955911448209,-0.013325392696351822,-0.0,4.0,-2.550182710375309,4.0,-2.607750613007158,-0.0,4.0,-2.6642438371909885,-0.0,4.0,-2.720371431883096,-0.0,4.0,-2.7763960392681897,-0.0,-89.81187741218581,0.0
158,3.95,1.757600940697363e+18,2.849056790114229,-2.658452696482187,1.5100754744398455,-0.028021178543971792,-0.9916000160586799,-0.00540529034627071,2.5332442018837797,-0.017575869777835994,-0.0,4.0,-2.4899245255601548,4.0,-2.550182710375309,-0.0,4.0,-2.607750613007158,-0.0,4.0,-2.6642438371909885,-0.0,4.0,-2.720371431883096,-0.0,-92.30349905460149,0.0
159,3.975,1.757600940722363e+18,2.8702701941201614,-2.691096489097073,1.575689310590038,-0.034335697578271866,-0.9900467746391859,-0.003421962260642652,2.9238858230450404,-0.014189427630698307,-0.0,4.0,-2.424310689409962,4.0,-2.4899245255601548,-0.0,4.0,-2.550182710375309,-0.0,4.0,-2.607750613007158,-0.0,4.0,-2.6642438371909885,-0.0,-94.72957335838588,0.0
160,4.0,1.7576009407473628e+18,2.9113705295958416,-2.761204949287442,1.6500418651263447,-0.04143617670413665,-0.9927545698428236,-0.01248801057227432,3.41907018159441,0.0014465282181073819,-0.0,4.0,-2.3499581348736553,4.0,-2.424310689409962,-0.0,4.0,-2.4899245255601548,-0.0,4.0,-2.550182710375309,-0.0,4.0,-2.607750613007158,-0.0,-97.08138180763999,0.0
161,4.025,1.7576009407723628e+18,2.924573228422294,-2.7812597553962317,1.7363820598146502,-0.047927156428473706,-0.9931361188558255,-0.03036412625531885,3.947532657421995,0.032228260327759245,-0.0,4.0,-2.26361794018535,4.0,-2.3499581348736553,-0.0,4.0,-2.424310689409962,-0.0,4.0,-2.4899245255601548,-0.0,4.0,-2.550182710375309,-0.0,-99.34692139631383,0.0
162,4.05,1.7576009407973627e+18,2.962287818942505,-2.8421173020265167,1.836515750701887,-0.05222803434422545,-0.9940434080432177,-0.04868644726835126,4.4015291058012735,0.07789987997474633,0.0095298839733004,4.0,-2.1634842492981132,4.0,-2.26361794018535,-0.0,4.0,-2.3499581348736553,-0.0,4.0,-2.424310689409962,-0.0,4.0,-2.4899245255601548,-0.0,-101.51235280648632,0.0
163,4.075,1.757600940822363e+18,2.987505922734791,-2.880942517441804,1.949295763088669,-0.053347650544191313,-0.9942380405913722,-0.052327947019889465,4.655253126158285,0.13451392564282685,0.1447329819202423,3.941404342651367,-1.9921085795626983,4.0,-2.1634842492981132,0.0095298839733004,4.0,-2.26361794018535,-0.0,4.0,-2.3499581348736553,-0.0,4.0,-2.424310689409962,-0.0,-103.50637329977737,0.0
164,4.1000000000000005,1.7576009408473628e+18,3.016687198133482,-2.9298654295687285,2.069460588103247,-0.05147440400503112,-0.9920165409982036,-0.021041335600544248,4.593982168340182,0.19520845674211942,0.2348585128784179,3.705627202987671,-1.636166614884424,3.941404342651367,-1.9921085795626983,0.1447329819202423,4.0,-2.1634842492981132,0.0095298839733004,4.0,-2.26361794018535,-0.0,4.0,-2.3499581348736553,-0.0,-105.14436162637554,0.0
165,4.125,1.7576009408723628e+18,3.03933375653567,-2.9647345259394795,2.187538663436493,-0.04811557868593761,-0.9916821498813778,0.06616288905444775,4.146697653757708,0.25210110829765153,0.2749258279800415,3.293365716934204,-1.1058270534977113,3.705627202987671,-1.636166614884424,0.2348585128784179,3.941404342651367,-1.9921085795626983,0.1447329819202423,4.0,-2.1634842492981132,0.0095298839733004,4.0,-2.26361794018535,-0.0,-106.25188952851403,0.0
166,4.15,1.757600940897363e+18,3.0741327622069354,-3.020570342170804,2.2912854639760574,-0.04572409093184968,-0.9905403261041906,0.2246836443516204,3.312267872414157,0.2985261902067143,0.3099828660488128,2.9988183975219727,-0.7075329335459153,3.293365716934204,-1.1058270534977113,0.2749258279800415,3.705627202987671,-1.636166614884424,0.2348585128784179,3.941404342651367,-1.9921085795626983,0.1447329819202423,4.0,-2.1634842492981132,0.0095298839733004,-106.96100526467366,0.0
167,4.175,1.757600940922363e+18,3.108735723509133,-3.0735338134302075,2.368467681318735,-0.046968790811279755,-0.9896619206508871,0.4581291338702347,2.169866513036863,0.33071014056339954,0.3400000035762787,2.880929946899414,-0.512462265580679,2.9988183975219727,-0.7075329335459153,0.3099828660488128,3.293365716934204,-1.1058270534977113,0.2749258279800415,3.705627202987671,-1.636166614884424,0.2348585128784179,3.941404342651367,-1.9921085795626983,0.1447329819202423,-107.47496506353687,0.0
168,4.2,1.7576009409473628e+18,3.147010254699773,-3.135919824184975,2.4101304325957678,-0.05396790994633123,-0.9864620277828376,0.7548710597529699,0.8683609018268655,0.34833332860705407,0.3400000035762787,2.468493938446045,-0.058363505850277164,2.880929946899414,-0.512462265580679,0.3400000035762787,2.9988183975219727,-0.7075329335459153,0.3099828660488128,3.293365716934204,-1.1058270534977113,0.2749258279800415,3.705627202987671,-1.636166614884424,0.2348585128784179,-107.5347894112166,0.0
169,4.2250000000000005,1.7576009409723628e+18,3.171903299092449,-3.1742447451785702,2.4131923031127993,-0.06783258325854434,-0.9852174063965334,1.0892273458123078,-0.4041880825329964,0.3539661007521137,0.3400000035762787,2.291835308074951,0.12135699503784814,2.468493938446045,-0.058363505850277164,0.3400000035762787,2.880929946899414,-0.512462265580679,0.3400000035762787,2.9988183975219727,-0.7075329335459153,0.3099828660488128,3.293365716934204,-1.1058270534977113,0.2749258279800415,-107.41490283726647,0.0
170,4.25,1.7576009409973627e+18,3.2140984863450326,-3.2454420794683827,2.3814509793863925,-0.08872756158147771,-0.9564506787843943,1.4272989668661475,-1.4631879935698844,0.35178524307275766,0.3400000035762787,2.291835308074951,0.08961567131144133,2.291835308074951,0.12135699503784814,0.3400000035762787,2.468493938446045,-0.058363505850277164,0.3400000035762787,2.880929946899414,-0.512462265580679,0.3400000035762787,2.9988183975219727,-0.7075329335459153,0.3099828660488128,-107.32679714684959,0.0
171,4.275,1.757600941022363e+18,3.2393706865020047,-3.2863723579451163,2.3246810953192343,-0.11639368626148988,-0.9465712047251815,1.735393801623788,-2.170257098150144,0.3461385554872068,0.3400000035762787,2.232891082763672,0.0917900125555624,2.291835308074951,0.08961567131144133,0.3400000035762787,2.291835308074951,0.12135699503784814,0.3400000035762787,2.468493938446045,-0.058363505850277164,0.3400000035762787,2.880929946899414,-0.512462265580679,0.3400000035762787,-107.23656585016529,0.0
172,4.300000000000001,1.7576009410473628e+18,3.299679569522342,-3.371502010236634,2.2561461057126015,-0.15079367344383618,-0.8366546282238417,1.9878478186258213,-2.4635337281495078,0.3404405484928075,0.3400000035762787,2.232891082763672,0.02325502294892967,2.232891082763672,0.0917900125555624,0.3400000035762787,2.291835308074951,0.08961567131144133,0.3400000035762787,2.291835308074951,0.12135699503784814,0.3400000035762787,2.468493938446045,-0.058363505850277164,0.3400000035762787,-107.21491155365348,0.0
173,4.325,1.7576009410723628e+18,3.3220850223118226,-3.4023050183200256,2.189286777330831,-0.19239327622907446,-0.8056699049202308,2.171640333309491,-2.3668252432682797,0.33664603227093504,0.3400000035762787,2.232891082763672,-0.043604305432840995,2.232891082763672,0.02325502294892967,0.3400000035762787,2.232891082763672,0.0917900125555624,0.3400000035762787,2.291835308074951,0.08961567131144133,0.3400000035762787,2.291835308074951,0.12135699503784814,0.3400000035762787,-107.2601454203136,0.0
174,4.3500000000000005,1.757600941097363e+18,3.3769823266660763,-3.461257999537649,2.1345415062190756,-0.24172610591328297,-0.7387723719397681,2.2869670633954384,-1.9756171950008665,0.33529008248334935,0.3400000035762787,2.232891082763672,-0.0983495765445963,2.232891082763672,-0.043604305432840995,0.3400000035762787,2.232891082763672,0.02325502294892967,0.3400000035762787,2.232891082763672,0.0917900125555624,0.3400000035762787,2.291835308074951,0.08961567131144133,0.3400000035762787,-107.36014155767535,0.0
175,4.375,1.757600941122363e+18,3.414146499113964,-3.5070320437582616,2.0972320628237933,-0.298325398321497,-0.6870019815565525,2.344561642395926,-1.4253157805436552,0.3359055877273571,0.3400000035762787,2.232891082763672,-0.1356590199398786,2.232891082763672,-0.0983495765445963,0.3400000035762787,2.232891082763672,-0.043604305432840995,0.3400000035762787,2.232891082763672,0.02325502294892967,0.3400000035762787,2.232891082763672,0.0917900125555624,0.3400000035762787,-107.49745634788061,0.0
176,4.4,1.7576009411473628e+18,3.4590927849172104,-3.5536399947880133,2.0771748406329724,-0.35960698149204057,-0.6256284187162994,2.36125809122741,-0.8524622626869913,0.33757122757939106,0.3400000035762787,2.232891082763672,-0.15571624213069946,2.232891082763672,-0.1356590199398786,0.3400000035762787,2.232891082763672,-0.0983495765445963,0.3400000035762787,2.232891082763672,-0.043604305432840995,0.3400000035762787,2.232891082763672,0.02325502294892967,0.3400000035762787,-107.65483242265698,0.0
177,4.425000000000001,1.7576009411723628e+18,3.4899619568662503,-3.589621006868509,2.0700944470818077,-0.4204718248908086,-0.5790466001212835,2.355233790602814,-0.3611817631203998,0.33938352880068634,0.3400000035762787,2.232891082763672,-0.1627966356818642,2.232891082763672,-0.15571624213069946,0.3400000035762787,2.232891082763672,-0.1356590199398786,0.3400000035762787,2.232891082763672,-0.0983495765445963,0.3400000035762787,2.232891082763672,-0.043604305432840995,0.3400000035762787,-107.81928845014073,0.0
178,4.45,1.7576009411973627e+18,3.56858124665593,-3.663605435308657,2.0701782378345612,-0.47403794747835337,-0.4884555474938155,2.342033087669457,-0.0043971215930757555,0.34073929084102483,0.3400000035762787,2.232891082763672,-0.16271284492911064,2.232891082763672,-0.1627966356818642,0.3400000035762787,2.232891082763672,-0.15571624213069946,0.3400000035762787,2.232891082763672,-0.1356590199398786,0.3400000035762787,2.232891082763672,-0.0983495765445963,0.3400000035762787,-107.98365648235848,0.0
179,4.4750000000000005,1.757600941222363e+18,3.631359387623528,-3.682618363480553,2.072632912164356,-0.513211155763104,-0.4157439436210703,2.3320919835398946,0.2164675426464524,0.34141163666132285,0.3400000035762787,2.232891082763672,-0.1602581705993158,2.232891082763672,-0.16271284492911064,0.3400000035762787,2.232891082763672,-0.1627966356818642,0.3400000035762787,2.232891082763672,-0.15571624213069946,0.3400000035762787,2.232891082763672,-0.1356590199398786,0.3400000035762787,-108.14556486566607,0.0
180,4.5,1.7576009412473628e+18,3.66518021068908,-3.7053449064507538,2.0752163519015037,-0.5323189232115512,-0.36489621900350555,2.330068029593001,0.33615700202866383,0.3414723403186872,0.3400000035762787,2.232891082763672,-0.1576747308621682,2.232891082763672,-0.1602581705993158,0.3400000035762787,2.232891082763672,-0.16271284492911064,0.3400000035762787,2.232891082763672,-0.1627966356818642,0.3400000035762787,2.232891082763672,-0.15571624213069946,0.3400000035762787,-108.30488954264636,0.0
181,4.525,1.7576009412723628e+18,3.702845224114911,-3.7278102907446007,2.078320359146844,-0.5281769551073083,-0.3135874601183651,2.3357762103189645,0.4023949913896418,0.34114302020781484,0.3400000035762787,2.232891082763672,-0.1545707236168279,2.232891082763672,-0.1576747308621682,0.3400000035762787,2.232891082763672,-0.1602581705993158,0.3400000035762787,2.232891082763672,-0.16271284492911064,0.3400000035762787,2.232891082763672,-0.1627966356818642,0.3400000035762787,-108.46112070242394,0.0
182,4.550000000000001,1.757600941297363e+18,3.7525487306379497,-3.760731100239179,2.0838682079858253,-0.5005299514842536,-0.2510167965115777,2.3460725305039345,0.45416484438905774,0.3406525905109622,0.3400000035762787,2.232891082763672,-0.1490228747778466,2.232891082763672,-0.1545707236168279,0.3400000035762787,2.232891082763672,-0.1576747308621682,0.3400000035762787,2.232891082763672,-0.1602581705993158,0.3400000035762787,2.232891082763672,-0.16271284492911064,0.3400000035762787,-108.61182893396276,0.0
183,4.575,1.757600941322363e+18,3.790149635590695,-3.778195968639309,2.093727906859936,-0.45221030044549754,-0.20046139933772583,2.35687506469515,0.5087885883218164,0.34015112642218476,0.3400000035762787,2.232891082763672,-0.13916317590373595,2.232891082763672,-0.1490228747778466,0.3400000035762787,2.232891082763672,-0.1545707236168279,0.3400000035762787,2.232891082763672,-0.1576747308621682,0.3400000035762787,2.232891082763672,-0.1602581705993158,0.3400000035762787,-108.75271564214371,0.0
184,4.6000000000000005,1.7576009413473628e+18,3.859361717669596,-3.7965720532595264,2.108417987470163,-0.38927081465506863,-0.11276419510251554,2.364726544486378,0.5607347062082934,0.33969568464810007,0.3400000035762787,2.232891082763672,-0.1244730952935087,2.232891082763672,-0.13916317590373595,0.3400000035762787,2.232891082763672,-0.1490228747778466,0.3400000035762787,2.232891082763672,-0.1545707236168279,0.3400000035762787,2.232891082763672,-0.1576747308621682,0.3400000035762787,-108.87895694290619,0.0
185,4.625,1.7576009413723628e+18,3.932434282282434,-3.8093670386782743,2.1266372356024386,-0.32090109364790376,-0.05903246129511277,2.367677223868176,0.5902615163519281,0.3392931954846614,0.3400000035762787,2.232891082763672,-0.10625384716123332,2.232891082763672,-0.1244730952935087,0.3400000035762787,2.232891082763672,-0.13916317590373595,0.3400000035762787,2.232891082763672,-0.1490228747778466,0.3400000035762787,2.232891082763672,-0.1545707236168279,0.3400000035762787,-108.98701945244906,0.0
186,4.65,1.7576009413973627e+18,3.9526443653712096,-3.814865774085869,2.145709934876743,-0.2584905284656949,-0.0352384408825843,2.3655605674925275,0.576643687694946,0.3389661386795164,0.3400000035762787,2.232891082763672,-0.08718114788692866,2.232891082763672,-0.10625384716123332,0.3400000035762787,2.232891082763672,-0.1244730952935087,0.3400000035762787,2.232891082763672,-0.13916317590373595,0.3400000035762787,2.232891082763672,-0.1490228747778466,0.3400000035762787,-109.07603437665124,0.0
187,4.675000000000001,1.757600941422363e+18,3.986746895349431,-3.7926590930677184,2.1626136672183742,-0.21327575343905453,0.012873408107060901,2.359804082421658,0.5098963910863101,0.33880099897973825,0.3400000035762787,2.232891082763672,-0.07027741554529765,2.232891082763672,-0.08718114788692866,0.3400000035762787,2.232891082763672,-0.10625384716123332,0.3400000035762787,2.232891082763672,-0.1244730952935087,0.3400000035762787,2.232891082763672,-0.13916317590373595,0.3400000035762787,-109.14814783335997,0.0
188,4.7,1.7576009414473628e+18,4.04818553115284,-3.801185061016042,2.1750544346607454,-0.19292434525147756,0.08345666615031527,2.352830945974849,0.3965268257180288,0.33894733891964046,0.3400000035762787,2.232891082763672,-0.057836648102926436,2.232891082763672,-0.07027741554529765,0.3400000035762787,2.232891082763672,-0.08718114788692866,0.3400000035762787,2.232891082763672,-0.10625384716123332,0.3400000035762787,2.232891082763672,-0.1244730952935087,0.3400000035762787,-109.20779877158812,0.0
189,4.7250000000000005,1.7576009414723628e+18,4.1330506254174,-3.812024245326018,2.18213617258573,-0.19858503868216862,0.18151005174860763,2.3471418927585965,0.25788518693692847,0.3395547375745515,0.3400000035762787,2.232891082763672,-0.05075491017794187,2.232891082763672,-0.057836648102926436,0.3400000035762787,2.232891082763672,-0.07027741554529765,0.3400000035762787,2.232891082763672,-0.08718114788692866,0.3400000035762787,2.232891082763672,-0.10625384716123332,0.3400000035762787,-109.26032738067727,0.0
190,4.75,1.757600941497363e+18,4.174548411748869,-3.813255494530641,2.184432681561064,-0.22419050507306426,0.2297741800549095,2.3444054292201955,0.1227479129641129,0.34066194118881155,0.3400000035762787,2.232891082763672,-0.04845840120260769,2.232891082763672,-0.05075491017794187,0.3400000035762787,2.232891082763672,-0.057836648102926436,0.3400000035762787,2.232891082763672,-0.07027741554529765,0.3400000035762787,2.232891082763672,-0.08718114788692866,0.3400000035762787,-109.3105086868886,0.0
191,4.775,1.757600941522363e+18,4.209751615018308,-3.791920326835093,2.183546719723766,-0.25867338322859723,0.25118902749622163,2.3450149737258625,0.017674832532106912,0.342080887523343,0.3400000035762787,2.232891082763672,-0.04934436303990575,2.232891082763672,-0.04845840120260769,0.3400000035762787,2.232891082763672,-0.05075491017794187,0.3400000035762787,2.232891082763672,-0.057836648102926436,0.3400000035762787,2.232891082763672,-0.07027741554529765,0.3400000035762787,-109.36152290643913,0.0
192,4.800000000000001,1.7576009415473628e+18,4.273154609657931,-3.784375960159097,2.181417750526378,-0.29010643868207486,0.320904564405263,2.3483495140695134,-0.041071700425266075,0.3433384091860149,0.3400000035762787,2.232891082763672,-0.05147333223729378,2.232891082763672,-0.04934436303990575,0.3400000035762787,2.232891082763672,-0.04845840120260769,0.3400000035762787,2.232891082763672,-0.05075491017794187,0.3400000035762787,2.232891082763672,-0.057836648102926436,0.3400000035762787,-109.41461529099826,0.0
193,4.825,1.7576009415723628e+18,4.325669825788383,-3.7690270128196577,2.179675757653612,-0.30983554012724224,0.38021876019719514,2.3535427712848427,-0.051446203444893195,0.3437392768587428,0.3400000035762787,2.232891082763672,-0.05321532511006,2.232891082763672,-0.05147333223729378,0.3400000035762787,2.232891082763672,-0.04934436303990575,0.3400000035762787,2.232891082763672,-0.04845840120260769,0.3400000035762787,2.232891082763672,-0.05075491017794187,0.3400000035762787,-109.46940249864292,0.0
194,4.8500000000000005,1.7576009415973627e+18,4.40602168049719,-3.755455917569385,2.1792538776083896,-0.31491690019020024,0.4738128200577225,2.360210824119744,-0.024672702337959648,0.3425864411159859,0.3400000035762787,2.232891082763672,-0.05363720515528225,2.232891082763672,-0.05321532511006,0.3400000035762787,2.232891082763672,-0.05147333223729378,0.3400000035762787,2.232891082763672,-0.04934436303990575,0.3400000035762787,2.232891082763672,-0.04845840120260769,0.3400000035762787,-109.52456911150547,0.0
195,4.875,1.757600941622363e+18,4.460625842801863,-3.727765737768027,2.1803243956497402,-0.3081810473945456,0.5528882838967863,2.3685638045278434,0.019516483498012993,0.3395356328130667,0.3400000035762787,2.232891082763672,-0.05256668711393164,2.232891082763672,-0.05363720515528225,0.3400000035762787,2.232891082763672,-0.05321532511006,0.3400000035762787,2.232891082763672,-0.05147333223729378,0.3400000035762787,2.232891082763672,-0.04934436303990575,0.3400000035762787,-109.57863098471968,0.0
196,4.9,1.7576009416473628e+18,4.480825683446757,-3.7049521959584863,2.182479830463714,-0.2963137014936844,0.5771368242941037,2.378766537235692,0.05938168260848242,0.33498232296579816,0.3400000035762787,2.232891082763672,-0.0504112522999578,2.232891082763672,-0.05256668711393164,0.3400000035762787,2.232891082763672,-0.05363720515528225,0.3400000035762787,2.232891082763672,-0.05321532511006,0.3400000035762787,2.232891082763672,-0.05147333223729378,0.3400000035762787,-109.63051821289933,0.0
197,4.925000000000001,1.7576009416723628e+18,4.54087156520671,-3.669052618213086,2.1850064875386814,-0.28699180931992857,0.6330674393623574,2.390048590938241,0.0772410944258436,0.3303052762720605,0.3400000035762787,2.232891082763672,-0.047884595224990445,2.232891082763672,-0.0504112522999578,0.3400000035762787,2.232891082763672,-0.05256668711393164,0.3400000035762787,2.232891082763672,-0.05363720515528225,0.3400000035762787,2.232891082763672,-0.05321532511006,0.3400000035762787,-109.67988256644067,0.0
198,4.95,1.757600941697363e+18,4.58455436893037,-3.6402818595847615,2.187121848501489,-0.2861940758602138,0.7007874883932003,2.4003296382603576,0.06354097561918053,0.32776050515596233,0.3400000035762787,2.232891082763672,-0.045769234262182934,2.232891082763672,-0.047884595224990445,0.3400000035762787,2.232891082763672,-0.0504112522999578,0.3400000035762787,2.232891082763672,-0.05256668711393164,0.3400000035762787,2.232891082763672,-0.05363720515528225,0.3400000035762787,-109.72716394451828,0.0
199,4.9750000000000005,1.757600941722363e+18,4.642554377598618,-3.604025808186514,2.1881324833325992,-0.29643033144862896,0.7770116692973281,2.4067747287434065,0.018297623879957724,0.32987094291666036,0.3400000035762787,2.232891082763672,-0.04475859943107263,2.232891082763672,-0.045769234262182934,0.3400000035762787,2.232891082763672,-0.047884595224990445,0.3400000035762787,2.232891082763672,-0.0504112522999578,0.3400000035762787,2.232891082763672,-0.05256668711393164,0.3400000035762787,-109.77349557471594,0.0
200,5.0,1.7576009417473628e+18,4.650267107103729,-3.599204548262958,2.187535490577492,-0.3161533262046922,0.7871478141455972,2.407035515664282,-0.049882835679153865,0.33831118108736086,0.3400000035762787,2.232891082763672,-0.045355592186179905,2.232891082763672,-0.04475859943107263,0.3400000035762787,2.232891082763672,-0.045769234262182934,0.3400000035762787,2.232891082763672,-0.047884595224990445,0.3400000035762787,2.232891082763672,-0.0504112522999578,0.3400000035762787,-109.82050649814103,0.0
201,5.025,1.7576009417723628e+18,4.702231284064895,-3.546754666321217,2.1850914040603935,-0.3403652687322001,0.8824060350922295,2.4004673699411554,-0.12648560891344338,0.35252490460977287,0.3400000035762787,2.232891082763672,-0.04779967870327839,2.232891082763672,-0.045355592186179905,0.3400000035762787,2.232891082763672,-0.04475859943107263,0.3400000035762787,2.232891082763672,-0.045769234262182934,0.3400000035762787,2.232891082763672,-0.047884595224990445,0.3400000035762787,-109.87005279868671,0.0
202,5.050000000000001,1.7576009417973627e+18,4.762182309747695,-3.48039548841553,2.180869367797388,-0.3623360456473638,0.964932243674928,2.3886620387733326,-0.1945947248991767,0.3685644675608473,0.3400000035762787,2.232891082763672,-0.05202171496628383,2.232891082763672,-0.04779967870327839,0.3400000035762787,2.232891082763672,-0.045355592186179905,0.3400000035762787,2.232891082763672,-0.04475859943107263,0.3400000035762787,2.232891082763672,-0.045769234262182934,0.3400000035762787,-109.92390742479893,0.0
203,5.075,1.757600941822363e+18,4.777338039159433,-3.46518588208503,2.175254420924182,-0.37607595227263857,0.990365536239096,2.375102517750913,-0.23845470591437487,0.3787890196035471,0.3400000035762787,2.232891082763672,-0.0576366618394899,2.232891082763672,-0.05202171496628383,0.3400000035762787,2.232891082763672,-0.04779967870327839,0.3400000035762787,2.232891082763672,-0.045355592186179905,0.3400000035762787,2.232891082763672,-0.04475859943107263,0.3400000035762787,-109.98344654837805,0.0
204,5.1000000000000005,1.7576009418473628e+18,4.822949377675289,-3.4019886944695443,2.168919579802059,-0.37875322844758397,1.0769228350517823,2.3641462441558736,-0.2465188638210347,0.3729664431882704,0.3400000035762787,2.232891082763672,-0.0639715029616128,2.232891082763672,-0.0576366618394899,0.3400000035762787,2.232891082763672,-0.05202171496628383,0.3400000035762787,2.232891082763672,-0.04779967870327839,0.3400000035762787,2.232891082763672,-0.045355592186179905,0.3400000035762787,-110.04936604920648,0.0
205,5.125,1.7576009418723628e+18,4.836645890828711,-3.385300925423828,2.162770125494076,-0.3720455793325577,1.1022472795211704,2.3595874501025924,-0.2136070945587202,0.34090929071638615,0.3400000035762787,2.1739468574523926,-0.011176731958316477,2.232891082763672,-0.0639715029616128,0.3400000035762787,2.232891082763672,-0.0576366618394899,0.3400000035762787,2.232891082763672,-0.05202171496628383,0.3400000035762787,2.232891082763672,-0.04779967870327839,0.3400000035762787,-110.06251010247645,0.0
206,5.15,1.757600941897363e+18,4.885081312507626,-3.3071078395323124,2.157845430258782,-0.36175054245645855,1.2019603757309916,2.3629768011913614,-0.14193430545706426,0.2760793828267069,0.3400000035762787,2.232891082763672,-0.07504565250488993,2.1739468574523926,-0.011176731958316477,0.3400000035762787,2.232891082763672,-0.0639715029616128,0.3400000035762787,2.232891082763672,-0.0576366618394899,0.3400000035762787,2.232891082763672,-0.05202171496628383,0.3400000035762787,-110.13951926913826,0.0
207,5.175000000000001,1.757600941922363e+18,4.895755973350999,-3.290538395598208,2.1551479315354656,-0.35566159096999145,1.2262186509221047,2.3719378349957974,-0.04088698676280349,0.17887013382890152,0.3400000035762787,2.232891082763672,-0.0777431512282063,2.232891082763672,-0.07504565250488993,0.3400000035762787,2.1739468574523926,-0.011176731958316477,0.3400000035762787,2.232891082763672,-0.0639715029616128,0.3400000035762787,2.232891082763672,-0.0576366618394899,0.3400000035762787,-110.21920772301698,0.0
208,5.2,1.7576009419473628e+18,4.915542626979748,-3.205141671165837,2.1554055647177717,-0.3604068651217286,1.3291082175007938,2.378837600692592,0.0744283766310896,0.057976508255186396,-0.0,2.232891082763672,-0.0774855180459002,2.232891082763672,-0.0777431512282063,0.3400000035762787,2.232891082763672,-0.07504565250488993,0.3400000035762787,2.1739468574523926,-0.011176731958316477,0.3400000035762787,2.232891082763672,-0.0639715029616128,0.3400000035762787,-110.29861996115837,0.0
209,5.2250000000000005,1.7576009419723628e+18,4.933297472563469,-3.161128081908764,2.1588448591171185,-0.37845159991550825,1.3893307562194648,2.37026817736057,0.18564583789431918,-0.07118753048886423,-0.0345515720546245,2.232891082763672,-0.07404622364655333,2.232891082763672,-0.0774855180459002,-0.0,2.232891082763672,-0.0777431512282063,0.3400000035762787,2.232891082763672,-0.07504565250488993,0.3400000035762787,2.1739468574523926,-0.011176731958316477,0.3400000035762787,-110.37459104249993,0.0
210,5.25,1.7576009419973627e+18,4.960852401087902,-3.0963131099747927,2.1650799138713603,-0.4065557114064744,1.4402459028220997,2.327877619994557,0.2741848456042498,-0.19073434979586718,-0.3400000035762787,2.232891082763672,-0.06781116889231154,2.232891082763672,-0.07404622364655333,-0.0345515720546245,2.232891082763672,-0.0774855180459002,-0.0,2.232891082763672,-0.0777431512282063,0.3400000035762787,2.232891082763672,-0.07504565250488993,0.3400000035762787,-110.44435784833523,0.0
211,5.275,1.757600942022363e+18,4.9673139514493805,-3.0764911411871543,2.1731713639622785,-0.4363893903271487,1.4646703566489296,2.230922163457948,0.3243197559155353,-0.2855469497694991,-0.3400000035762787,2.1739468574523926,-0.0007754934901140764,2.232891082763672,-0.06781116889231154,-0.3400000035762787,2.232891082763672,-0.07404622364655333,-0.0345515720546245,2.232891082763672,-0.0774855180459002,-0.0,2.232891082763672,-0.0777431512282063,0.3400000035762787,-110.4471621158466,0.0
212,5.300000000000001,1.7576009420473628e+18,4.973375195431912,-3.0151840612349594,2.1818276694009677,-0.456952862237688,1.5273933806022562,2.060289172066084,0.32571884728558165,-0.3473418615246106,-0.3400000035762787,2.232891082763672,-0.051063413362704146,2.1739468574523926,-0.0007754934901140764,-0.3400000035762787,2.232891082763672,-0.06781116889231154,-0.3400000035762787,2.232891082763672,-0.07404622364655333,-0.0345515720546245,2.232891082763672,-0.0774855180459002,-0.0,-110.50036881457008,0.0
213,5.325,1.7576009420723628e+18,4.985400834460132,-2.960072068908854,2.1896683083231094,-0.45768989268581567,1.5918371104245554,1.8030161189166831,0.2750502899383931,-0.37604714900224084,-0.3400000035762787,2.1739468574523926,0.015721450870716858,2.232891082763672,-0.051063413362704146,-0.3400000035762787,2.1739468574523926,-0.0007754934901140764,-0.3400000035762787,2.232891082763672,-0.06781116889231154,-0.3400000035762787,2.232891082763672,-0.07404622364655333,-0.0345515720546245,-110.48693164773928,0.0
214,5.3500000000000005,1.757600942097363e+18,4.982909476434246,-2.9089840382008325,2.195458246853832,-0.4312166128604687,1.6316709340019346,1.4560968253479172,0.1764891893274325,-0.37838140192977016,-0.3400000035762787,2.232891082763672,-0.03743283590983992,2.1739468574523926,0.015721450870716858,-0.3400000035762787,2.232891082763672,-0.051063413362704146,-0.3400000035762787,2.1739468574523926,-0.0007754934901140764,-0.3400000035762787,2.232891082763672,-0.06781116889231154,-0.3400000035762787,-110.52678597423066,0.0
215,5.375,1.757600942122363e+18,4.986811612025976,-2.866468899775968,2.19825057258771,-0.3750701445436812,1.6766477986102526,1.028677186725445,0.04117984714452908,-0.3647239951281441,-0.3400000035762787,2.232891082763672,-0.034640510175961925,2.232891082763672,-0.03743283590983992,-0.3400000035762787,2.1739468574523926,0.015721450870716858,-0.3400000035762787,2.232891082763672,-0.051063413362704146,-0.3400000035762787,2.1739468574523926,-0.0007754934901140764,-0.3400000035762787,-110.56393706698402,0.0
216,5.4,1.7576009421473628e+18,4.977016554023381,-2.7927779137415323,2.1974352453372554,-0.2922386324255944,1.7122651604800412,0.5421415721973099,-0.11416617891901792,-0.3457622838142706,-0.3400000035762787,2.232891082763672,-0.03545583742641645,2.232891082763672,-0.034640510175961925,-0.3400000035762787,2.232891082763672,-0.03743283590983992,-0.3400000035762787,2.1739468574523926,0.015721450870716858,-0.3400000035762787,2.232891082763672,-0.051063413362704146,-0.3400000035762787,-110.60189278427504,0.0
217,5.425000000000001,1.7576009421723628e+18,4.976276395241776,-2.750056143420509,2.192754370215806,-0.19037647150862866,1.750918255430198,0.027805041145771148,-0.2693314836351188,-0.33001257963684044,-0.3400000035762787,2.232891082763672,-0.040136712547865994,2.232891082763672,-0.03545583742641645,-0.3400000035762787,2.232891082763672,-0.034640510175961925,-0.3400000035762787,2.232891082763672,-0.03743283590983992,-0.3400000035762787,2.1739468574523926,0.015721450870716858,-0.3400000035762787,-110.64437479769339,0.0
218,5.45,1.7576009421973627e+18,4.958155913100434,-2.6955458850935585,2.1843514182159756,-0.07981013138991402,1.7365501385278885,-0.47780296859519317,-0.403129666102491,-0.3225944033584698,-0.3400000035762787,2.232891082763672,-0.048539664547696315,2.232891082763672,-0.040136712547865994,-0.3400000035762787,2.232891082763672,-0.03545583742641645,-0.3400000035762787,2.232891082763672,-0.034640510175961925,-0.3400000035762787,2.232891082763672,-0.03743283590983992,-0.3400000035762787,-110.69494871664978,0.0
219,5.4750000000000005,1.757600942222363e+18,4.928502489321954,-2.637113017691887,2.1728562909626064,0.029156767468178257,1.7059353915119375,-0.9393992318592301,-0.49622352727934216,-0.32504340771818824,-0.3400000035762787,2.232891082763672,-0.060034791801065523,2.232891082763672,-0.048539664547696315,-0.3400000035762787,2.232891082763672,-0.040136712547865994,-0.3400000035762787,2.232891082763672,-0.03545583742641645,-0.3400000035762787,2.232891082763672,-0.034640510175961925,-0.3400000035762787,-110.75659720224708,0.0
220,5.5,1.7576009422473628e+18,4.922548891827791,-2.59473529078918,2.1594293863462912,0.1286802995619803,1.7121900884385974,-1.3295851460944383,-0.5339559625163944,-0.3357014426896038,-0.3400000035762787,2.232891082763672,-0.07346169641738065,2.232891082763672,-0.060034791801065523,-0.3400000035762787,2.232891082763672,-0.048539664547696315,-0.3400000035762787,2.232891082763672,-0.040136712547865994,-0.3400000035762787,2.232891082763672,-0.03545583742641645,-0.3400000035762787,-110.83126926288574,0.0
221,5.525,1.7576009422723628e+18,4.921409911523895,-2.4914828913124483,2.1456736124865787,0.2144862524084688,1.652996625308278,-1.633712442050448,-0.5088225370415758,-0.3503164762835249,-0.3400000035762787,2.232891082763672,-0.08721747027709315,2.232891082763672,-0.07346169641738065,-0.3400000035762787,2.232891082763672,-0.060034791801065523,-0.3400000035762787,2.232891082763672,-0.048539664547696315,-0.3400000035762787,2.232891082763672,-0.040136712547865994,-0.3400000035762787,-110.91951226911479,0.0
222,5.550000000000001,1.757600942297363e+18,4.921409911523895,-2.4914828913124483,2.133385752346622,0.28518357231853575,1.652996625308278,-1.8516080360938183,-0.42216605128569656,-0.3627624538518313,-0.3400000035762787,2.232891082763672,-0.0995053304170499,2.232891082763672,-0.08721747027709315,-0.3400000035762787,2.232891082763672,-0.07346169641738065,-0.3400000035762787,2.232891082763672,-0.060034791801065523,-0.3400000035762787,2.232891082763672,-0.048539664547696315,-0.3400000035762787,-111.02030477233745,0.0
223,5.575,1.757600942322363e+18,4.904776511005853,-2.3703249995431985,2.124200906802192,0.340413615818862,1.5319470000497508,-1.9958849883118708,-0.28474250468669854,-0.36603442656974794,-0.3400000035762787,2.1739468574523926,-0.04974595065020049,2.232891082763672,-0.0995053304170499,-0.3400000035762787,2.232891082763672,-0.08721747027709315,-0.3400000035762787,2.232891082763672,-0.07346169641738065,-0.3400000035762787,2.232891082763672,-0.060034791801065523,-0.3400000035762787,-111.07220512451607,0.0
224,5.6000000000000005,1.7576009423473628e+18,4.903466171271988,-2.359670253518903,2.119231648474824,0.37919245149675324,1.5245367234593095,-2.087397818221196,-0.11598802011282994,-0.35370693961018906,-0.3400000035762787,2.232891082763672,-0.11365943428884773,2.1739468574523926,-0.04974595065020049,-0.3400000035762787,2.232891082763672,-0.0995053304170499,-0.3400000035762787,2.232891082763672,-0.08721747027709315,-0.3400000035762787,2.232891082763672,-0.07346169641738065,-0.3400000035762787,-111.18945759741581,0.0
225,5.625,1.7576009423723628e+18,4.897378762674037,-2.299476896085496,2.1188100733440156,0.39951831888974665,1.431152915160513,-2.14878431961487,0.05797374361038116,-0.3217941615986605,-0.3400000035762787,2.232891082763672,-0.11408100941965627,2.232891082763672,-0.11365943428884773,-0.3400000035762787,2.1739468574523926,-0.04974595065020049,-0.3400000035762787,2.232891082763672,-0.0995053304170499,-0.3400000035762787,2.232891082763672,-0.08721747027709315,-0.3400000035762787,-111.30880876255053,0.0
226,5.65,1.7576009423973627e+18,4.897477397773338,-2.2567884235386653,2.12241631039929,0.3993779560655679,1.3858726823632084,-2.1973764836430183,0.20740641849086805,-0.270510448655195,-0.3400000035762787,2.232891082763672,-0.11047477236438175,2.232891082763672,-0.11408100941965627,-0.3400000035762787,2.232891082763672,-0.11365943428884773,-0.3400000035762787,2.1739468574523926,-0.04974595065020049,-0.3400000035762787,2.232891082763672,-0.0995053304170499,-0.3400000035762787,-111.42582026160909,0.0
227,5.675000000000001,1.757600942422363e+18,4.912680352235505,-2.1786482887752894,2.128815351707757,0.3784901625242832,1.3189553276782304,-2.239273789042455,0.30291906264055496,-0.20506933710999606,-0.3400000035762787,2.232891082763672,-0.10407573105591483,2.232891082763672,-0.11047477236438175,-0.3400000035762787,2.232891082763672,-0.11408100941965627,-0.3400000035762787,2.232891082763672,-0.11365943428884773,-0.3400000035762787,2.1739468574523926,-0.04974595065020049,-0.3400000035762787,-111.53646045478675,0.0
228,5.7,1.7576009424473628e+18,4.915463431341633,-2.1465725283363213,2.1363333409706673,0.3398043064815899,1.2837169024811808,-2.2666371024151526,0.3201385443734568,-0.13475547289278997,-0.0,2.232891082763672,-0.09655774179300458,2.232891082763672,-0.10407573105591483,-0.3400000035762787,2.232891082763672,-0.11047477236438175,-0.3400000035762787,2.232891082763672,-0.11408100941965627,-0.3400000035762787,2.232891082763672,-0.11365943428884773,-0.3400000035762787,-111.63768352979872,0.0
229,5.7250000000000005,1.7576009424723628e+18,4.926307876599415,-2.0912650466153644,2.143142602009092,0.2898061941655986,1.2339187626569077,-2.259698153834672,0.2448582826552061,-0.0702625777542759,-0.0,2.232891082763672,-0.08974848075457986,2.232891082763672,-0.09655774179300458,-0.0,2.232891082763672,-0.10407573105591483,-0.3400000035762787,2.232891082763672,-0.11047477236438175,-0.3400000035762787,2.232891082763672,-0.11408100941965627,-0.3400000035762787,-111.72818396077083,0.0
230,5.75,1.757600942497363e+18,4.964083742818134,-2.0257910678773863,2.1474560603494313,0.23709251486989116,1.1559157525251347,-2.1935289379653833,0.07812230381205253,-0.02034267253094662,-0.0,2.232891082763672,-0.08543502241424061,2.232891082763672,-0.08974848075457986,-0.0,2.232891082763672,-0.09655774179300458,-0.0,2.232891082763672,-0.10407573105591483,-0.3400000035762787,2.232891082763672,-0.11047477236438175,-0.3400000035762787,-111.80943108658217,0.0
231,5.775,1.757600942522363e+18,4.97683265681877,-1.9770658298345365,2.147643888261758,0.1895911226198702,1.099500526395767,-2.0477938019725235,-0.15982525838964598,0.01068574281885734,-0.0,2.1739468574523926,-0.026302969190634684,2.232891082763672,-0.08543502241424061,-0.0,2.232891082763672,-0.08974848075457986,-0.0,2.232891082763672,-0.09655774179300458,-0.0,2.232891082763672,-0.10407573105591483,-0.3400000035762787,-107.82793847317649,0.0
232,5.800000000000001,1.7576009425473628e+18,5.0015352402933,-1.9243081708473893,2.142385749633038,0.15179298624875562,1.0476758428556077,-1.8162105672575035,-0.42832148774530737,0.02354389966613782,-0.0,2.1739468574523926,-0.03156110781935473,2.1739468574523926,-0.026302969190634684,-0.0,2.232891082763672,-0.08543502241424061,-0.0,2.232891082763672,-0.08974848075457986,-0.0,2.232891082763672,-0.09655774179300458,-0.0,-103.85307380001801,0.0
233,5.825,1.7576009425723628e+18,5.02056370396881,-1.8771808940867196,2.130976015968384,0.12351079773010856,0.9943838502030241,-1.5119612593393077,-0.6695211334098377,0.0227726039830984,-0.0,2.115002393722534,0.01597362224584975,2.1739468574523926,-0.03156110781935473,-0.0,2.1739468574523926,-0.026302969190634684,-0.0,2.232891082763672,-0.08543502241424061,-0.0,2.232891082763672,-0.08974848075457986,-0.0,-99.84136935571048,0.0
234,5.8500000000000005,1.7576009425973627e+18,5.066985660386811,-1.827062212991287,2.113796291462842,0.10076395570383258,0.9455342615969512,-1.1663962536576171,-0.8171664681738737,0.014555961622605511,-0.0,2.056232452392578,0.05756383907026397,2.115002393722534,0.01597362224584975,-0.0,2.1739468574523926,-0.03156110781935473,-0.0,2.1739468574523926,-0.026302969190634684,-0.0,2.232891082763672,-0.08543502241424061,-0.0,-95.81210529798551,0.0
235,5.875,1.757600942622363e+18,5.100510376860909,-1.7621180331219306,2.0928147611184675,0.07822622655978467,0.8735233863311567,-0.8210409515976274,-0.8104417839045218,0.004611348386492569,-0.0,2.056232452392578,0.03658230872588941,2.056232452392578,0.05756383907026397,-0.0,2.115002393722534,0.01597362224584975,-0.0,2.1739468574523926,-0.03156110781935473,-0.0,2.1739468574523926,-0.026302969190634684,-0.0,-91.84361870042513,0.0
236,5.9,1.7576009426473628e+18,5.11350526488321,-1.766025826128514,2.071845258948725,0.05204293916579824,0.9076944458583935,-0.5159895737843915,-0.6103924618648056,-0.0031669944724463796,-0.0,2.056232452392578,0.015612806556146719,2.056232452392578,0.03658230872588941,-0.0,2.056232452392578,0.05756383907026397,-0.0,2.115002393722534,0.01597362224584975,-0.0,2.1739468574523926,-0.03156110781935473,-0.0,-87.95149154889518,0.0
237,5.925000000000001,1.7576009426723628e+18,5.144199814089216,-1.7196890225085166,2.056273994513826,0.021804112035929715,0.8674050113988615,-0.2794234030476372,-0.21453210830122618,-0.007106661031884837,-0.0,2.056232452392578,4.1542121247850616e-05,2.056232452392578,0.015612806556146719,-0.0,2.056232452392578,0.03658230872588941,-0.0,2.056232452392578,0.05756383907026397,-0.0,2.115002393722534,0.01597362224584975,-0.0,-84.14283612917521,0.0
238,5.95,1.757600942697363e+18,5.208541462502156,-1.6589610931043928,2.0520861690175995,-0.009135766914908451,0.8683316984747421,-0.1221301646384524,0.3354585915684813,-0.007382062840938852,-0.0,2.056232452392578,-0.004146283374978577,2.056232452392578,4.1542121247850616e-05,-0.0,2.056232452392578,0.015612806556146719,-0.0,2.056232452392578,0.03658230872588941,-0.0,2.056232452392578,0.05756383907026397,-0.0,-80.41349785600381,0.0
239,5.9750000000000005,1.757600942722363e+18,5.2325605355760185,-1.627518258658692,2.0642945835930764,-0.035081177122466826,0.8498350252805461,-0.038194518152652554,0.9569541515793035,-0.005240233763725388,-0.0,2.232891082763672,-0.1685964991705955,2.056232452392578,-0.004146283374978577,-0.0,2.056232452392578,4.1542121247850616e-05,-0.0,2.056232452392578,0.015612806556146719,-0.0,2.056232452392578,0.03658230872588941,-0.0,-76.9251023815242,0.0
240,6.0,1.7576009427473628e+18,5.274359706465409,-1.5761992472535868,2.0952019523666134,-0.05046274909052625,0.8845583498830911,-0.010293616727184159,1.541635913206542,-0.002202128407390868,-0.0,2.409723997116089,-0.3145220447494754,2.232891082763672,-0.1685964991705955,-0.0,2.056232452392578,-0.004146283374978577,-0.0,2.056232452392578,4.1542121247850616e-05,-0.0,2.056232452392578,0.015612806556146719,-0.0,-73.65590055049212,0.0
241,6.025,1.7576009427723628e+18,5.316866764865993,-1.5297864794752245,2.1431553540925528,-0.052206750518547444,0.8863773577128234,-0.016683297070009023,1.979947819169713,0.0005081162722158333,-0.0,2.5274384021759038,-0.384283048083351,2.409723997116089,-0.3145220447494754,-0.0,2.232891082763672,-0.1685964991705955,-0.0,2.056232452392578,-0.004146283374978577,-0.0,2.056232452392578,4.1542121247850616e-05,-0.0,-70.52443190982504,0.0
242,6.050000000000001,1.7576009427973627e+18,5.341147480501725,-1.4995153127452827,2.202409779426227,-0.04102536887328475,0.8839654476334771,-0.03722709355982203,2.188369547504693,0.002215075630000371,-0.0,2.5274384021759038,-0.3250286227496768,2.5274384021759038,-0.384283048083351,-0.0,2.409723997116089,-0.3145220447494754,-0.0,2.232891082763672,-0.1685964991705955,-0.0,2.056232452392578,-0.004146283374978577,-0.0,-67.3969137679379,0.0
243,6.075,1.757600942822363e+18,5.400685092776566,-1.422950398300625,2.264354546537835,-0.021256697627268943,0.8846374617185551,-0.057063109073910954,2.131407676609492,0.002769429487579418,-0.0,2.5274384021759038,-0.2630838556380688,2.5274384021759038,-0.3250286227496768,-0.0,2.5274384021759038,-0.384283048083351,-0.0,2.409723997116089,-0.3145220447494754,-0.0,2.232891082763672,-0.1685964991705955,-0.0,-64.26808048134718,0.0
244,6.1000000000000005,1.7576009428473628e+18,5.414254943963967,-1.4061905081695325,2.319800369935383,0.0004753039307167756,0.8839733701965761,-0.06782286988434096,1.831244126018944,0.0023696432275284477,-0.0,2.5274384021759038,-0.2076380322405207,2.5274384021759038,-0.2630838556380688,-0.0,2.5274384021759038,-0.3250286227496768,-0.0,2.5274384021759038,-0.384283048083351,-0.0,2.409723997116089,-0.3145220447494754,-0.0,-61.144368277440776,0.0
245,6.125,1.7576009428723628e+18,5.436926872182887,-1.3779014686770796,2.3615388313553654,0.017177905708953056,0.8824051073192928,-0.06706451564063828,1.361630379944919,0.001356510584854402,-0.0,2.5274384021759038,-0.1658995708205384,2.5274384021759038,-0.2076380322405207,-0.0,2.5274384021759038,-0.2630838556380688,-0.0,2.5274384021759038,-0.3250286227496768,-0.0,2.5274384021759038,-0.384283048083351,-0.0,-58.04114643704472,0.0
246,6.15,1.757600942897363e+18,5.489542938208606,-1.312041632706528,2.386225300453399,0.023391750101813415,0.880172707087126,-0.056697617518974786,0.8276588363752044,7.125379923101265e-05,-0.0,2.5274384021759038,-0.14121310172250467,2.5274384021759038,-0.1658995708205384,-0.0,2.5274384021759038,-0.2076380322405207,-0.0,2.5274384021759038,-0.2630838556380688,-0.0,2.5274384021759038,-0.3250286227496768,-0.0,-54.977545569208225,0.0
247,6.175000000000001,1.757600942922363e+18,5.519342342892509,-1.2756413795444537,2.394908486407095,0.01663662187731884,0.8785012069526312,-0.04101570965827664,0.33763864113060765,-0.001191668499912335,-0.0,2.5274384021759038,-0.13252991576880868,2.5274384021759038,-0.14121310172250467,-0.0,2.5274384021759038,-0.1658995708205384,-0.0,2.5274384021759038,-0.2076380322405207,-0.0,2.5274384021759038,-0.2630838556380688,-0.0,-51.970855527589464,0.0
248,6.2,1.7576009429473628e+18,5.55709329702548,-1.2355509993215574,2.3921138526152648,-0.0019204827906738149,0.8766548138949275,-0.024803810838465543,-0.024256883083613477,-0.002161934652927881,-0.0,2.5274384021759038,-0.135324549560639,2.5274384021759038,-0.13252991576880868,-0.0,2.5274384021759038,-0.14121310172250467,-0.0,2.5274384021759038,-0.1658995708205384,-0.0,2.5274384021759038,-0.2076380322405207,-0.0,-49.032374950846375,0.0
249,6.2250000000000005,1.7576009429723628e+18,5.587731251558767,-1.196379342859948,2.3839742699924424,-0.027774233237288812,0.8779114759696343,-0.011876681911149338,-0.21648828865154937,-0.002559865577082948,-0.0,2.5274384021759038,-0.14346413218346132,2.5274384021759038,-0.135324549560639,-0.0,2.5274384021759038,-0.13252991576880868,-0.0,2.5274384021759038,-0.14121310172250467,-0.0,2.5274384021759038,-0.1658995708205384,-0.0,-46.16582854453612,0.0
250,6.25,1.7576009429973627e+18,5.633455156121182,-1.149298056118293,2.3761893456385432,-0.05434394907655311,0.8750880369752024,-0.004255470846084138,-0.2450045161115512,-0.0021137232934263753,-0.0,2.5274384021759038,-0.15124905653736054,2.5274384021759038,-0.14346413218346132,-0.0,2.5274384021759038,-0.135324549560639,-0.0,2.5274384021759038,-0.13252991576880868,-0.0,2.5274384021759038,-0.14121310172250467,-0.0,-43.368406961991255,0.0
251,6.275,1.757600943022363e+18,5.681764017033451,-1.0966268100025682,2.3725073518739905,-0.0748739514555457,0.8775520687212571,-0.0019895222607778083,-0.15434605249341463,-0.0006608872468279472,-0.0,2.5274384021759038,-0.15493105030191323,2.5274384021759038,-0.15124905653736054,-0.0,2.5274384021759038,-0.14346413218346132,-0.0,2.5274384021759038,-0.135324549560639,-0.0,2.5274384021759038,-0.13252991576880868,-0.0,-40.63356443187589,0.0
252,6.300000000000001,1.7576009430473628e+18,5.724261051015703,-1.0455557855260118,2.37410682967993,-0.08441788073468626,0.8774633606183596,-0.0034511976518671714,-0.009209141047250836,0.0016848135373136053,-0.0,2.5274384021759038,-0.15333157249597384,2.5274384021759038,-0.15493105030191323,-0.0,2.5274384021759038,-0.15124905653736054,-0.0,2.5274384021759038,-0.14346413218346132,-0.0,2.5274384021759038,-0.135324549560639,-0.0,-37.95425312064868,0.0
253,6.325,1.7576009430723628e+18,5.771400572293238,-0.9954286664150211,2.3798966009150027,-0.08128450488753279,0.8780979787938499,-0.00588261920467991,0.1268232890996721,0.004373325095586276,-0.0,2.5274384021759038,-0.1475418012609011,2.5274384021759038,-0.15333157249597384,-0.0,2.5274384021759038,-0.15493105030191323,-0.0,2.5274384021759038,-0.15124905653736054,-0.0,2.5274384021759038,-0.14346413218346132,-0.0,-35.325398882641394,0.0
254,6.3500000000000005,1.757600943097363e+18,5.8068774628962085,-0.9527116398144396,2.387463488719748,-0.06746164422267178,0.8776280985085192,-0.006074862113193249,0.20866944735991633,0.006378344879507551,-0.0,2.5274384021759038,-0.13997491345615565,2.5274384021759038,-0.1475418012609011,-0.0,2.5274384021759038,-0.15333157249597384,-0.0,2.5274384021759038,-0.15493105030191323,-0.0,2.5274384021759038,-0.15124905653736054,-0.0,-32.74500236421446,0.0
255,6.375,1.757600943122363e+18,5.845472744600515,-0.9022939242512508,2.3942335922445355,-0.047854619401190554,0.8770770523928851,-0.001190841727273864,0.2187121653753494,0.006386832003943703,-0.0,2.468493938446045,-0.07426034620150945,2.5274384021759038,-0.13997491345615565,-0.0,2.5274384021759038,-0.1475418012609011,-0.0,2.5274384021759038,-0.15333157249597384,-0.0,2.5274384021759038,-0.15493105030191323,-0.0,-30.15501887322498,0.0
256,6.4,1.7576009431473628e+18,5.892032195543679,-0.8462523267375087,2.3984128349895215,-0.02859160089016826,0.8778115082422102,0.01026624284212095,0.16611324802118368,0.00326858266285649,-0.0,2.468493938446045,-0.07008110345652341,2.468493938446045,-0.07426034620150945,-0.0,2.5274384021759038,-0.13997491345615565,-0.0,2.5274384021759038,-0.1475418012609011,-0.0,2.5274384021759038,-0.15333157249597384,-0.0,-27.617349363674343,0.0
257,6.425000000000001,1.7576009431723628e+18,5.930925178402064,-0.7982194720107207,2.3994291532427674,-0.015009567270471397,0.8786281207369651,0.027534260047481166,0.0784321027829582,-0.003238063346754357,-0.0,2.468493938446045,-0.06906478520327752,2.468493938446045,-0.07008110345652341,-0.0,2.468493938446045,-0.07426034620150945,-0.0,2.5274384021759038,-0.13997491345615565,-0.0,2.5274384021759038,-0.1475418012609011,-0.0,-25.13623143850231,0.0
258,6.45,1.7576009431973627e+18,5.986426965688329,-0.7315595160442787,2.3978393439055883,-0.010060960183822415,0.8798064890437205,0.0471426214398043,-0.010496767996875522,-0.011830259854975165,-0.0,2.468493938446045,-0.07065459454045664,2.468493938446045,-0.06906478520327752,-0.0,2.468493938446045,-0.07008110345652341,-0.0,2.468493938446045,-0.07426034620150945,-0.0,2.5274384021759038,-0.13997491345615565,-0.0,-22.716961507482615,0.0
259,6.4750000000000005,1.757600943222363e+18,6.025215984756708,-0.69056916915317,2.394875740465018,-0.013697089022484708,0.8807689405460937,0.06335315987847044,-0.07210056491351705,-0.019254350358922652,-0.0,2.468493938446045,-0.07361819798102687,2.468493938446045,-0.07065459454045664,-0.0,2.468493938446045,-0.06906478520327752,-0.0,2.468493938446045,-0.07008110345652341,-0.0,2.468493938446045,-0.07426034620150945,-0.0,-20.36626901605368,0.0
260,6.5,1.7576009432473628e+18,6.067538746485336,-0.6458402644506814,2.3919005261663173,-0.023376370661534248,0.881088022476311,0.06962179146827638,-0.09075383586664401,-0.020563368059951116,-0.0,2.468493938446045,-0.0765934122797276,2.468493938446045,-0.07361819798102687,-0.0,2.468493938446045,-0.07065459454045664,-0.0,2.468493938446045,-0.06906478520327752,-0.0,2.468493938446045,-0.07008110345652341,-0.0,-18.092904293459746,0.0
261,6.525,1.7576009432723628e+18,6.093069545411401,-0.606639866847786,2.389988575340537,-0.03538269940671393,0.8825729852545707,0.060846345523106575,-0.06619300445153221,-0.010205189140646966,-0.0,2.468493938446045,-0.07850536310550771,2.468493938446045,-0.0765934122797276,-0.0,2.468493938446045,-0.07361819798102687,-0.0,2.468493938446045,-0.07065459454045664,-0.0,2.468493938446045,-0.06906478520327752,-0.0,-15.907791716379908,0.0
262,6.550000000000001,1.757600943297363e+18,6.17666759302716,-0.5116091826122702,2.3897281309799028,-0.04632228069483192,0.8826311204786566,0.03596447290438638,-0.011094255799961388,0.016192301965526415,-0.0,2.468493938446045,-0.07876580746614215,2.468493938446045,-0.07850536310550771,-0.0,2.468493938446045,-0.0765934122797276,-0.0,2.468493938446045,-0.07361819798102687,-0.0,2.468493938446045,-0.07065459454045664,-0.0,-13.823073274547937,0.0
263,6.575,1.757600943322363e+18,6.17666759302716,-0.5116091826122702,2.3912050180781286,-0.05416180466701629,0.8826311204786566,0.00035346409465813306,0.054479637050702814,0.05988464329087045,-0.0,2.468493938446045,-0.07728892036791635,2.468493938446045,-0.07876580746614215,-0.0,2.468493938446045,-0.07850536310550771,-0.0,2.468493938446045,-0.0765934122797276,-0.0,2.468493938446045,-0.07361819798102687,-0.0,-11.908253615353154,0.0
264,6.6000000000000005,1.7576009433473628e+18,6.231586610516703,-0.4442368871822439,2.394088730513959,-0.05847117755239592,0.8857474940441118,-0.0327565719037919,0.10961179919015607,0.11777183693058946,0.0495823733508586,2.468493938446045,-0.07440520793208583,2.468493938446045,-0.07728892036791635,-0.0,2.468493938446045,-0.07876580746614215,-0.0,2.468493938446045,-0.07850536310550771,-0.0,2.468493938446045,-0.0765934122797276,-0.0,-10.346492208400816,0.0
265,6.625,1.7576009433723628e+18,6.277877561155483,-0.3880838887983522,2.397761053737207,-0.05996166089470283,0.8863295639489688,-0.04290043459718078,0.13816967925726306,0.182633478880141,0.2248527854681015,2.468493938446045,-0.07073288470883776,2.468493938446045,-0.07440520793208583,0.0495823733508586,2.468493938446045,-0.07728892036791635,-0.0,2.468493938446045,-0.07876580746614215,-0.0,2.468493938446045,-0.07850536310550771,-0.0,-9.311398039611941,0.0
266,6.65,1.7576009433973627e+18,6.307632138073642,-0.3524027276568025,2.401460572952585,-0.059753081563018826,0.888026260588592,-0.005867386645462302,0.13237343839143154,0.24503053449590087,0.2899417877197265,2.468493938446045,-0.06703336549345984,2.468493938446045,-0.07073288470883776,0.2248527854681015,2.468493938446045,-0.07440520793208583,0.0495823733508586,2.468493938446045,-0.07728892036791635,-0.0,2.468493938446045,-0.07876580746614215,-0.0,-8.670898471559486,0.0
267,6.675000000000001,1.757600943422363e+18,6.353878297610734,-0.2959282862392678,2.404426409136689,-0.05890101244546693,0.8893502822079528,0.10008521176154915,0.09389823287923166,0.2962131956265426,0.3350193798542022,2.468493938446045,-0.064067529309356,2.468493938446045,-0.06703336549345984,0.2899417877197265,2.468493938446045,-0.07073288470883776,0.2248527854681015,2.468493938446045,-0.07440520793208583,0.0495823733508586,2.468493938446045,-0.07728892036791635,-0.0,-8.222503735288164,0.0
268,6.7,1.7576009434473628e+18,6.38765785303481,-0.2692446534065849,2.406030656058994,-0.058502950901710024,0.8872884724428557,0.2869366654948994,0.03273884606160912,0.33081070381403743,0.3400000035762787,2.468493938446045,-0.06246328238705079,2.468493938446045,-0.064067529309356,0.3350193798542022,2.468493938446045,-0.06703336549345984,0.2899417877197265,2.468493938446045,-0.07073288470883776,0.2248527854681015,2.468493938446045,-0.07440520793208583,0.0495823733508586,-8.226603511824937,0.0
269,6.7250000000000005,1.7576009434723628e+18,6.427228515031872,-0.2205856041235971,2.4059031056168343,-0.060269087753061515,0.8878244732575572,0.5512897250141517,-0.03555866476920448,0.3482041868865817,0.3400000035762787,2.468493938446045,-0.06259083282921063,2.468493938446045,-0.06246328238705079,0.3400000035762787,2.468493938446045,-0.064067529309356,0.3350193798542022,2.468493938446045,-0.06703336549345984,0.2899417877197265,2.468493938446045,-0.07073288470883776,0.2248527854681015,-8.410551339691997,0.0
270,6.75,1.757600943497363e+18,6.463468047680329,-0.1753315374277133,2.404046897215967,-0.06702890003089458,0.8940103688230717,0.873026833754963,-0.09354270705731137,0.3521613449604339,0.3400000035762787,2.468493938446045,-0.06444704123007794,2.468493938446045,-0.06259083282921063,0.3400000035762787,2.468493938446045,-0.06246328238705079,0.3400000035762787,2.468493938446045,-0.064067529309356,0.3350193798542022,2.468493938446045,-0.06703336549345984,0.2899417877197265,-8.564614052233516,0.0
271,6.775,1.757600943522363e+18,6.501846201957156,-0.1285956154264342,2.400907588422439,-0.08255179546329067,0.9031276007839352,1.219220708926039,-0.12562523256111827,0.349055523538866,0.3400000035762787,2.468493938446045,-0.06758635002360602,2.468493938446045,-0.06444704123007794,0.3400000035762787,2.468493938446045,-0.06259083282921063,0.3400000035762787,2.468493938446045,-0.06246328238705079,0.3400000035762787,2.468493938446045,-0.064067529309356,0.3350193798542022,-8.723990414812684,0.0
272,6.800000000000001,1.7576009435473628e+18,6.544671395826507,-0.0781777695107819,2.397333302055647,-0.11043614849539585,0.9473003771603328,1.5521547766120611,-0.12131070451574995,0.34542223221542634,0.3400000035762787,2.468493938446045,-0.07116063639039805,2.468493938446045,-0.06758635002360602,0.3400000035762787,2.468493938446045,-0.06444704123007794,0.3400000035762787,2.468493938446045,-0.06259083282921063,0.3400000035762787,2.468493938446045,-0.06246328238705079,0.3400000035762787,-8.818406074152012,0.0
273,6.825,1.7576009435723628e+18,6.591052933330476,-0.0226077763470669,2.394397119537695,-0.1524613717704367,0.9706301416861427,1.838776594741225,-0.07737024031688974,0.3456614179005693,0.3400000035762787,2.468493938446045,-0.07409681890834996,2.468493938446045,-0.07116063639039805,0.3400000035762787,2.468493938446045,-0.06758635002360602,0.3400000035762787,2.468493938446045,-0.06444704123007794,0.3400000035762787,2.468493938446045,-0.06259083282921063,0.3400000035762787,-8.84889858762752,0.0
274,6.8500000000000005,1.7576009435973627e+18,6.612085405737071,-0.0080790676059812,2.3931311396338693,-0.20723859267039657,1.041985923501733,2.0584959366404076,0.001358061538804663,0.3505182956776986,0.3400000035762787,2.468493938446045,-0.07536279881217567,2.468493938446045,-0.07409681890834996,0.3400000035762787,2.468493938446045,-0.07116063639039805,0.3400000035762787,2.468493938446045,-0.06758635002360602,0.3400000035762787,2.468493938446045,-0.06444704123007794,0.3400000035762787,-8.8259118098951,0.0
275,6.875,1.757600943622363e+18,6.667153452674281,0.0633528737118291,2.3942779752774834,-0.2698901232210574,1.1030634262863253,2.2069077874449863,0.10263518228965905,0.35672766763492314,0.3400000035762787,2.468493938446045,-0.0742159631685615,2.468493938446045,-0.07536279881217567,0.3400000035762787,2.468493938446045,-0.07409681890834996,0.3400000035762787,2.468493938446045,-0.07116063639039805,0.3400000035762787,2.468493938446045,-0.06758635002360602,0.3400000035762787,-8.764468753123783,0.0
276,6.9,1.7576009436473628e+18,6.67472857180663,0.0982170794998544,2.3981475542703046,-0.33294217819661664,1.1487098346470863,2.294488160051939,0.20881999101399304,0.3579523778252301,0.3400000035762787,2.468493938446045,-0.07034638417574035,2.468493938446045,-0.0742159631685615,0.3400000035762787,2.468493938446045,-0.07536279881217567,0.3400000035762787,2.468493938446045,-0.07409681890834996,0.3400000035762787,2.468493938446045,-0.07116063639039805,0.3400000035762787,-8.679098895168824,0.0
277,6.925000000000001,1.7576009436723628e+18,6.700839350808048,0.1373561301485846,2.4045913856852774,-0.3881103983935476,1.1889334451819293,2.341073678352521,0.299873480760155,0.34686494926745975,0.3400000035762787,2.468493938446045,-0.0639025527607675,2.468493938446045,-0.07034638417574035,0.3400000035762787,2.468493938446045,-0.0742159631685615,0.3400000035762787,2.468493938446045,-0.07536279881217567,0.3400000035762787,2.468493938446045,-0.07409681890834996,0.3400000035762787,-8.580204812247727,0.0
278,6.95,1.757600943697363e+18,6.743402442388561,0.2155061443399049,2.4130413306157625,-0.4285065504214016,1.2854775416513406,2.3682768379861288,0.356895214179838,0.31787834483039873,0.3400000035762787,2.468493938446045,-0.055452607830282385,2.468493938446045,-0.0639025527607675,0.3400000035762787,2.468493938446045,-0.07034638417574035,0.3400000035762787,2.468493938446045,-0.0742159631685615,0.3400000035762787,2.468493938446045,-0.07536279881217567,0.3400000035762787,-8.472944575148897,0.0
279,6.9750000000000005,1.757600943722363e+18,6.755248973626124,0.2366069466983495,2.42255615069387,-0.45078924353350475,1.308276002967553,2.392327803453007,0.3656185925696975,0.2696689132158309,0.3400000035762787,2.468493938446045,-0.04593778775217494,2.468493938446045,-0.055452607830282385,0.3400000035762787,2.468493938446045,-0.0639025527607675,0.3400000035762787,2.468493938446045,-0.07034638417574035,0.3400000035762787,2.468493938446045,-0.0742159631685615,0.3400000035762787,-8.358624192301757,0.0
280,7.0,1.7576009437473628e+18,6.782802448244034,0.3133820255178534,2.4318700723814053,-0.4566147373206706,1.397569507040454,2.419198348536712,0.31924034446428495,0.2064348951330297,0.3400000035762787,2.468493938446045,-0.03662386606463963,2.468493938446045,-0.04593778775217494,0.3400000035762787,2.468493938446045,-0.055452607830282385,0.3400000035762787,2.468493938446045,-0.0639025527607675,0.3400000035762787,2.468493938446045,-0.07034638417574035,0.3400000035762787,-8.23757332750423,0.0
281,7.025,1.7576009437723628e+18,6.801913340813102,0.3572772287105101,2.4394968639552634,-0.4525788016804009,1.44742271709418,2.4428621584978063,0.21998888768287633,0.1370941714435365,-0.0,2.468493938446045,-0.028997074490781483,2.468493938446045,-0.03662386606463963,0.3400000035762787,2.468493938446045,-0.04593778775217494,0.3400000035762787,2.468493938446045,-0.055452607830282385,0.3400000035762787,2.468493938446045,-0.0639025527607675,0.3400000035762787,-8.111999678378183,0.0
282,7.050000000000001,1.7576009437973627e+18,6.800320462210247,0.4232329581437011,2.4439546074575866,-0.44812145020199406,1.520660326854176,2.4467642892988626,0.0789990662148189,0.07249776161408776,-0.0,2.468493938446045,-0.024539330988458286,2.468493938446045,-0.028997074490781483,-0.0,2.468493938446045,-0.03662386606463963,0.3400000035762787,2.468493938446045,-0.04593778775217494,0.3400000035762787,2.468493938446045,-0.055452607830282385,0.3400000035762787,-7.987516134588795,0.0
283,7.075,1.757600943822363e+18,6.8126606466592445,0.4708636925313594,2.4441068712978025,-0.45171248607969283,1.5750403914921265,2.408146142692811,-0.08561270276035277,0.021834798430764957,-0.0,2.409723997116089,0.034382874181713596,2.468493938446045,-0.024539330988458286,-0.0,2.468493938446045,-0.028997074490781483,-0.0,2.468493938446045,-0.03662386606463963,0.3400000035762787,2.468493938446045,-0.04593778775217494,0.3400000035762787,-7.813970084503346,0.0
284,7.1000000000000005,1.7576009438473628e+18,6.82099846588847,0.5327015040923924,2.439498757001784,-0.4666472903844005,1.6137249910793456,2.304559131737848,-0.2521354283408568,-0.010103011212282496,-0.0,2.3507797718048096,0.0887189851969743,2.409723997116089,0.034382874181713596,-0.0,2.468493938446045,-0.024539330988458286,-0.0,2.468493938446045,-0.028997074490781483,-0.0,2.468493938446045,-0.03662386606463963,0.3400000035762787,-7.600778004012862,0.0
285,7.125,1.7576009438723628e+18,6.830095568699109,0.6096912120205806,2.4305057099703,-0.4883371061372792,1.6963294311776866,2.121369169838955,-0.3993535648971476,-0.023693944154904785,-0.0,2.3507797718048096,0.07972593816549045,2.3507797718048096,0.0887189851969743,-0.0,2.409723997116089,0.034382874181713596,-0.0,2.468493938446045,-0.024539330988458286,-0.0,2.468493938446045,-0.028997074490781483,-0.0,-7.414798218686139,0.0
286,7.15,1.757600943897363e+18,6.818261205618232,0.6701076019946341,2.4181930037419828,-0.5046687793841725,1.766611520949775,1.8582966773376275,-0.5103585966087213,-0.023329558928784955,-0.0,2.3507797718048096,0.06741323193717319,2.3507797718048096,0.07972593816549045,-0.0,2.3507797718048096,0.0887189851969743,-0.0,2.409723997116089,0.034382874181713596,-0.0,2.468493938446045,-0.024539330988458286,-0.0,-7.2602038388620365,0.0
287,7.175000000000001,1.757600943922363e+18,6.811173689287696,0.7687412194826762,2.403958267664011,-0.49987872786446946,1.840292517212337,1.532609389572713,-0.5751956782574418,-0.015214270435555477,-0.0,2.3507797718048096,0.05317849585920165,2.3507797718048096,0.06741323193717319,-0.0,2.3507797718048096,0.07972593816549045,-0.0,2.3507797718048096,0.0887189851969743,-0.0,2.409723997116089,0.034382874181713596,-0.0,-7.136747927457537,0.0
288,7.2,1.7576009439473628e+18,6.8091639376821735,0.7924526429365637,2.3891485091480944,-0.4608205077702805,1.864830912855839,1.1771757794924291,-0.5918485537626211,-0.005180861364257694,-0.0,2.3507797718048096,0.03836873734328483,2.3507797718048096,0.05317849585920165,-0.0,2.3507797718048096,0.06741323193717319,-0.0,2.3507797718048096,0.07972593816549045,-0.0,2.3507797718048096,0.0887189851969743,-0.0,-7.040542542011325,0.0
289,7.2250000000000005,1.7576009439723628e+18,6.791185696870551,0.8247850907423795,2.37481537025072,-0.3831330178217867,1.8804622930585007,0.8332645690884757,-0.5655855717625055,0.0027497229075610476,-0.0,2.3507797718048096,0.024035598445910633,2.3507797718048096,0.03836873734328483,-0.0,2.3507797718048096,0.05317849585920165,-0.0,2.3507797718048096,0.06741323193717319,-0.0,2.3507797718048096,0.07972593816549045,-0.0,-6.965752033387473,0.0
290,7.250000000000001,1.7576009439973627e+18,6.777393320603715,0.8947298158660513,2.361653072838232,-0.27447154716106925,1.9395807155458078,0.5400561807483251,-0.5071171192365221,0.0068283608012383425,-0.0,2.3507797718048096,0.010873301033422322,2.3507797718048096,0.024035598445910633,-0.0,2.3507797718048096,0.03836873734328483,-0.0,2.3507797718048096,0.05317849585920165,-0.0,2.3507797718048096,0.06741323193717319,-0.0,-6.906420331151443,0.0
291,7.275,1.757600944022363e+18,6.733146918168923,0.9696508747869224,2.350060616118782,-0.15312095347311097,1.927805813065462,0.3243960310292563,-0.4301915903506301,0.007224716433995053,-0.0,2.3507797718048096,-0.0007191556860277615,2.3507797718048096,0.010873301033422322,-0.0,2.3507797718048096,0.024035598445910633,-0.0,2.3507797718048096,0.03836873734328483,-0.0,2.3507797718048096,0.05317849585920165,-0.0,-6.857795123797565,0.0
292,7.300000000000001,1.7576009440473628e+18,6.70478279689528,1.0276235779251144,2.340232501501218,-0.042403834175036396,1.9006393827638237,0.19457960932403523,-0.34916746994810033,0.005234500988979167,-0.0,2.3507797718048096,-0.010547270303591372,2.3507797718048096,-0.0007191556860277615,-0.0,2.3507797718048096,0.010873301033422322,-0.0,2.3507797718048096,0.024035598445910633,-0.0,2.3507797718048096,0.03836873734328483,-0.0,-6.816869061863864,0.0
293,7.325,1.7576009440723628e+18,6.687030631455711,1.0932756801186214,2.332204777428726,0.03687475955925469,1.9040713786710621,0.14046152562458214,-0.27686327580338677,0.0024333997286982217,-0.0,2.3507797718048096,-0.018574994376083787,2.3507797718048096,-0.010547270303591372,-0.0,2.3507797718048096,-0.0007191556860277615,-0.0,2.3507797718048096,0.010873301033422322,-0.0,2.3507797718048096,0.024035598445910633,-0.0,-6.782228731129887,0.0
294,7.3500000000000005,1.757600944097363e+18,6.672173509432629,1.1362802928010234,2.325841341353132,0.07296381444836368,1.9079615419466238,0.13939093518825388,-0.22277726603448414,5.0671975309329504e-05,-0.0,2.3507797718048096,-0.02493843045167754,2.3507797718048096,-0.018574994376083787,-0.0,2.3507797718048096,-0.010547270303591372,-0.0,2.3507797718048096,-0.0007191556860277615,-0.0,2.3507797718048096,0.010873301033422322,-0.0,-6.7535299564262825,0.0
295,7.375000000000001,1.757600944122363e+18,6.662850615072752,1.175609018335294,2.320801375445942,0.06621766178798459,1.9135104388205215,0.16496679677988368,-0.1917048998397022,-0.0013221850301041033,-0.0,2.3507797718048096,-0.029978396358867787,2.3507797718048096,-0.02493843045167754,-0.0,2.3507797718048096,-0.018574994376083787,-0.0,2.3507797718048096,-0.010547270303591372,-0.0,2.3507797718048096,-0.0007191556860277615,-0.0,-6.730941665671218,0.0
296,7.4,1.7576009441473628e+18,6.644132769343725,1.2302227288876602,2.3165498034289165,0.027727223144175316,1.9194573314803736,0.19489221261536688,-0.1828670922326685,-0.0017095128899061879,-0.0,2.3507797718048096,-0.034229968375893094,2.3507797718048096,-0.029978396358867787,-0.0,2.3507797718048096,-0.02493843045167754,-0.0,2.3507797718048096,-0.018574994376083787,-0.0,2.3507797718048096,-0.010547270303591372,-0.0,-6.714760381747153,0.0
297,7.425000000000001,1.7576009441723628e+18,6.627077611298342,1.2803090324016708,2.3124569247973357,-0.025494054694477932,1.9251719580268731,0.21541498572448523,-0.1897909957938777,-0.0015218112935176317,-0.0,2.3507797718048096,-0.038322847007473904,2.3507797718048096,-0.034229968375893094,-0.0,2.3507797718048096,-0.029978396358867787,-0.0,2.3507797718048096,-0.02493843045167754,-0.0,2.3507797718048096,-0.018574994376083787,-0.0,-6.705198633529637,0.0
298,7.45,1.7576009441973627e+18,6.599493185617296,1.3628870436252831,2.3079941309698917,-0.07644925690723757,1.9311670120202122,0.22185348561226492,-0.20121523699202506,-0.0012505938771715938,-0.0,2.3507797718048096,-0.04278564083491787,2.3507797718048096,-0.038322847007473904,-0.0,2.3507797718048096,-0.034229968375893094,-0.0,2.3507797718048096,-0.029978396358867787,-0.0,2.3507797718048096,-0.02493843045167754,-0.0,-6.702215040102372,0.0
299,7.4750000000000005,1.757600944222363e+18,6.57838294924573,1.4208601315435216,2.3029764162922266,-0.11282544197033038,1.9368659125538952,0.21629899367735436,-0.20313563233873402,-0.0012049153706073059,-0.0,2.3507797718048096,-0.04780335551258297,2.3507797718048096,-0.04278564083491787,-0.0,2.3507797718048096,-0.038322847007473904,-0.0,2.3507797718048096,-0.034229968375893094,-0.0,2.3507797718048096,-0.029978396358867787,-0.0,-6.705259796183882,0.0
300,7.500000000000001,1.7576009442473628e+18,6.572869649541239,1.449325131096201,2.297747484544315,-0.1290882705896555,1.9383809763777835,0.2041895797518351,-0.18179110341265703,-0.0013695820185040215,-0.0,2.3507797718048096,-0.05303228726049447,2.3507797718048096,-0.04780335551258297,-0.0,2.3507797718048096,-0.04278564083491787,-0.0,2.3507797718048096,-0.038322847007473904,-0.0,2.3507797718048096,-0.034229968375893094,-0.0,-6.712936491258197,0.0
301,7.525,1.7576009442723628e+18,6.550774494751442,1.5093349023394529,2.2931912300592856,-0.12611230784473704,1.9444399550261813,0.19119391005046543,-0.12704366399108066,-0.0014212567528074358,-0.0,2.3507797718048096,-0.05758854174552397,2.3507797718048096,-0.05303228726049447,-0.0,2.3507797718048096,-0.04780335551258297,-0.0,2.3507797718048096,-0.04278564083491787,-0.0,2.3507797718048096,-0.038322847007473904,-0.0,-6.722725354300442,0.0
302,7.550000000000001,1.757600944297363e+18,6.517965993478509,1.5950878159133377,2.2905144410775464,-0.10929851743156958,1.9527707272729102,0.18120644560821936,-0.03539454958906915,-0.0008952856929162981,-0.0,2.3507797718048096,-0.060265330727263144,2.3507797718048096,-0.05758854174552397,-0.0,2.3507797718048096,-0.05303228726049447,-0.0,2.3507797718048096,-0.04780335551258297,-0.0,2.3507797718048096,-0.04278564083491787,-0.0,-6.730968970061422,0.0
303,7.575,1.757600944322363e+18,6.509820074784644,1.6164515494027492,2.290859050647925,-0.08619050800749455,1.9548427772434582,0.1756543685249595,0.08809882850827119,0.0005455545402966095,-0.0,2.3507797718048096,-0.059920721156884404,2.3507797718048096,-0.060265330727263144,-0.0,2.3507797718048096,-0.05758854174552397,-0.0,2.3507797718048096,-0.05303228726049447,-0.0,2.3507797718048096,-0.04780335551258297,-0.0,-6.733253029378815,0.0
304,7.6000000000000005,1.7576009443473628e+18,6.481655658896999,1.685194855570305,2.294900114308719,-0.0642480992294229,1.9592567395794926,0.17390258473430434,0.22950644839062315,0.002827663235374433,-0.0,2.409723997116089,-0.11482388280736977,2.3507797718048096,-0.059920721156884404,-0.0,2.3507797718048096,-0.060265330727263144,-0.0,2.3507797718048096,-0.05758854174552397,-0.0,2.3507797718048096,-0.05303228726049447,-0.0,-6.784105409224573,0.0
305,7.625000000000001,1.7576009443723628e+18,6.464796129084741,1.727834178869632,2.3026012100724547,-0.04909288216985596,1.9632146681215596,0.17428731419050061,0.3674942988295157,0.0052842236689800825,-0.0,2.409723997116089,-0.1071227870436342,2.409723997116089,-0.11482388280736977,-0.0,2.3507797718048096,-0.059920721156884404,-0.0,2.3507797718048096,-0.060265330727263144,-0.0,2.3507797718048096,-0.05758854174552397,-0.0,-6.88005146430989,0.0
306,7.65,1.7576009443973627e+18,6.440110900907468,1.7876227197553365,2.3132193586899876,-0.04338765574177048,1.9690679116556602,0.1751890035489741,0.4765060202502385,0.006693536069373964,-0.0,2.409723997116089,-0.09650463842610124,2.409723997116089,-0.1071227870436342,-0.0,2.409723997116089,-0.11482388280736977,-0.0,2.3507797718048096,-0.059920721156884404,-0.0,2.3507797718048096,-0.060265330727263144,-0.0,-6.901510450231102,0.0
307,7.675000000000001,1.757600944422363e+18,6.422760701734484,1.8305302776738257,2.325524172689693,-0.04650753479461304,1.9730835030156364,0.17564312075081132,0.5314397125315047,0.005620335949270078,-0.0,2.409723997116089,-0.08419982442639595,2.409723997116089,-0.09650463842610124,-0.0,2.409723997116089,-0.1071227870436342,-0.0,2.409723997116089,-0.11482388280736977,-0.0,2.3507797718048096,-0.059920721156884404,-0.0,-6.907967123429291,0.0
308,7.7,1.7576009444473628e+18,6.396966433538989,1.9062772614904733,2.3380949267745628,-0.05512723430801709,1.9775597803697722,0.17531130820469482,0.5134791130977466,0.0010529125876455566,-0.0,2.468493938446045,-0.13039901167148216,2.409723997116089,-0.08419982442639595,-0.0,2.409723997116089,-0.09650463842610124,-0.0,2.409723997116089,-0.1071227870436342,-0.0,2.409723997116089,-0.11482388280736977,-0.0,-6.960880617054874,0.0
309,7.7250000000000005,1.7576009444723628e+18,6.379856757307296,1.947546997332929,2.3495485297641494,-0.06462976055197817,1.9811462541875238,0.17402175737820852,0.41647410008590613,-0.006803924503225157,-0.0,2.468493938446045,-0.11894540868189551,2.468493938446045,-0.13039901167148216,-0.0,2.409723997116089,-0.08419982442639595,-0.0,2.409723997116089,-0.09650463842610124,-0.0,2.409723997116089,-0.1071227870436342,-0.0,-7.005779802090217,0.0
310,7.750000000000001,1.757600944497363e+18,6.350339098909104,2.01988689459055,2.3586470447312005,-0.07088560956177696,1.9842505685258685,0.17128991479665892,0.2527668719524665,-0.015859243948798635,-0.0,2.468493938446045,-0.10984689371484446,2.468493938446045,-0.11894540868189551,-0.0,2.468493938446045,-0.13039901167148216,-0.0,2.409723997116089,-0.08419982442639595,-0.0,2.409723997116089,-0.09650463842610124,-0.0,-7.047815526912748,0.0
311,7.775,1.757600944522363e+18,6.333451486523446,2.059851706724994,2.3643769733414977,-0.0717100171944137,1.9888723490487017,0.1661749519060263,0.05674774651029365,-0.02195083456305931,-0.0,2.468493938446045,-0.10411696510454727,2.468493938446045,-0.10984689371484446,-0.0,2.468493938446045,-0.11894540868189551,-0.0,2.468493938446045,-0.13039901167148216,-0.0,2.409723997116089,-0.08419982442639595,-0.0,-7.151156998527182,0.0
312,7.800000000000001,1.7576009445473628e+18,6.306397117477051,2.1226051942947666,2.3661715219423423,-0.06740538165481572,1.9949204750084,0.15762910973763938,-0.11593947484456285,-0.019455982100349697,-0.0,2.409723997116089,-0.04355247517374661,2.468493938446045,-0.10411696510454727,-0.0,2.468493938446045,-0.10984689371484446,-0.0,2.468493938446045,-0.11894540868189551,-0.0,2.468493938446045,-0.13039901167148216,-0.0,-7.143646060338225,0.0
313,7.825,1.7576009445723628e+18,6.276103468244659,2.190376817538174,2.3643755694847215,-0.06022774719585782,1.998715793445941,0.1452969443498361,-0.19527844137477607,-0.0027783307519340834,-0.0,2.468493938446045,-0.10411836896132343,2.409723997116089,-0.04355247517374661,-0.0,2.468493938446045,-0.10411696510454727,-0.0,2.468493938446045,-0.10984689371484446,-0.0,2.468493938446045,-0.11894540868189551,-0.0,-7.263485880170265,0.0
314,7.8500000000000005,1.7576009445973627e+18,6.257093369285295,2.233367079796389,2.360856780635569,-0.0531315555451901,2.002290220681709,0.1305723992010475,-0.11024572511034558,0.031603392889403004,-0.0,2.468493938446045,-0.10763715781047578,2.468493938446045,-0.10411836896132343,-0.0,2.409723997116089,-0.04355247517374661,-0.0,2.468493938446045,-0.10411696510454727,-0.0,2.468493938446045,-0.10984689371484446,-0.0,-7.333690202070901,0.0
315,7.875000000000001,1.757600944622363e+18,6.237556468107044,2.281439615205989,2.359469734048652,-0.04843824218150295,2.0040433359483325,0.11759413495940399,0.19312160716733404,0.08326540215146615,-0.0,2.468493938446045,-0.10902420439739302,2.468493938446045,-0.10763715781047578,-0.0,2.468493938446045,-0.10411836896132343,-0.0,2.409723997116089,-0.04355247517374661,-0.0,2.468493938446045,-0.10411696510454727,-0.0,-7.408073896292333,0.0
316,7.9,1.7576009446473628e+18,6.208117288435623,2.34644884506354,2.366002215897517,-0.04700226950267279,2.0086373840963287,0.11372902516685701,0.7330913857978856,0.14709204812309254,0.0946599617600441,2.645326852798462,-0.2793246369009448,2.468493938446045,-0.10902420439739302,-0.0,2.468493938446045,-0.10763715781047578,-0.0,2.468493938446045,-0.10411836896132343,-0.0,2.409723997116089,-0.04355247517374661,-0.0,-7.65194269576686,0.0
317,7.925000000000001,1.7576009446723628e+18,6.180149748142741,2.407153780689393,2.3873300161328603,-0.04812948775472027,2.012925496342468,0.129046845730402,1.478689370032038,0.214298148016139,0.2999623417854309,3.4110798835754395,-1.0237498674425791,2.645326852798462,-0.2793246369009448,0.0946599617600441,2.468493938446045,-0.10902420439739302,-0.0,2.468493938446045,-0.10763715781047578,-0.0,2.468493938446045,-0.10411836896132343,-0.0,-8.635555850661573,0.0
318,7.95,1.757600944697363e+18,6.1606182537291385,2.449630130640961,2.4297835656946476,-0.05017117981370291,2.016133322321221,0.1745100672656222,2.3466609515616903,0.2750339563772595,0.3400000035762787,3.5879130363464355,-1.158129470651788,3.4110798835754395,-1.0237498674425791,0.2999623417854309,2.645326852798462,-0.2793246369009448,0.0946599617600441,2.468493938446045,-0.10902420439739302,-0.0,2.468493938446045,-0.10763715781047578,-0.0,-9.745145656765665,0.0
319,7.9750000000000005,1.757600944722363e+18,6.123993112385769,2.5300461324254404,2.497114825473862,-0.051517729175406424,2.01982374160388,0.2591635922634857,3.2120148812963407,0.32147419306300573,0.3400000035762787,3.646857261657715,-1.1497424361838529,3.5879130363464355,-1.158129470651788,0.3400000035762787,3.4110798835754395,-1.0237498674425791,0.2999623417854309,2.645326852798462,-0.2793246369009448,0.0946599617600441,2.468493938446045,-0.10902420439739302,-0.0,-10.834853301148453,0.0
320,8.0,1.7576009447473628e+18,6.103267093247432,2.5743363402474446,2.5887606100565472,-0.05165119912091518,2.0225769489142476,0.38727538773176545,3.931253885906701,0.3499916865720965,0.3400000035762787,3.646857261657715,-1.0580966516011676,3.646857261657715,-1.1497424361838529,0.3400000035762787,3.5879130363464355,-1.158129470651788,0.3400000035762787,3.4110798835754395,-1.0237498674425791,0.2999623417854309,2.645326852798462,-0.2793246369009448,0.0946599617600441,-11.819488256332239,0.0
321,8.025,1.7576009447723628e+18,6.076319565482683,2.634610606785801,2.699119225417643,-0.05193652836495125,2.0286337409385506,0.5566875795985355,4.373088914371704,0.3615794421139197,0.3400000035762787,3.646857261657715,-0.947738036240072,3.646857261657715,-1.0580966516011676,0.3400000035762787,3.646857261657715,-1.1497424361838529,0.3400000035762787,3.5879130363464355,-1.158129470651788,0.3400000035762787,3.4110798835754395,-1.0237498674425791,0.2999623417854309,-12.680008822295218,0.0
322,8.05,1.7576009447973627e+18,6.055095899977944,2.679644241129519,2.8182379064599337,-0.05590355590512569,2.0320044084524636,0.7592391510989759,4.448406691097054,0.36064686474961544,0.3400000035762787,3.646857261657715,-0.8286193551977812,3.646857261657715,-0.947738036240072,0.3400000035762787,3.646857261657715,-1.0580966516011676,0.3400000035762787,3.646857261657715,-1.1497424361838529,0.3400000035762787,3.5879130363464355,-1.158129470651788,0.3400000035762787,-13.409122847075949,0.0
323,8.075000000000001,1.757600944822363e+18,6.032628297170406,2.7277945286467964,2.9338048801978043,-0.06887819052885782,2.064430397346587,0.9830970560682746,4.130811741255323,0.35299771918668943,0.3400000035762787,3.705627202987671,-0.7718223227898666,3.646857261657715,-0.8286193551977812,0.3400000035762787,3.646857261657715,-0.947738036240072,0.3400000035762787,3.646857261657715,-1.0580966516011676,0.3400000035762787,3.646857261657715,-1.1497424361838529,0.3400000035762787,-14.131199219215615,0.0
324,8.1,1.7576009448473628e+18,6.002789351941972,2.789629962435149,3.0338692797633677,-0.0969478870083528,2.0834351664282313,1.2157316368897166,3.4615818465368604,0.3439086520263844,0.3400000035762787,3.646857261657715,-0.6129879818943471,3.705627202987671,-0.7718223227898666,0.3400000035762787,3.646857261657715,-0.8286193551977812,0.3400000035762787,3.646857261657715,-0.947738036240072,0.3400000035762787,3.646857261657715,-1.0580966516011676,0.3400000035762787,-14.630527766821116,0.0
325,8.125,1.7576009448723628e+18,5.96454914636117,2.8694848614239405,3.1094284963037833,-0.14538454094402745,2.126722795072548,1.4458948778195437,2.537604822236269,0.3369172450668865,0.3400000035762787,3.5879130363464355,-0.4784845400426523,3.646857261657715,-0.6129879818943471,0.3400000035762787,3.705627202987671,-0.7718223227898666,0.3400000035762787,3.646857261657715,-0.8286193551977812,0.3400000035762787,3.646857261657715,-0.947738036240072,0.3400000035762787,-14.994931297444111,0.0
326,8.15,1.757600944897363e+18,5.9374030204262125,2.9228695968036624,3.1560380035327977,-0.2167904476173197,2.1509894675262027,1.6638380502610386,1.4861548592000964,0.3334904937191074,0.3400000035762787,3.5879130363464355,-0.4318750328136378,3.5879130363464355,-0.4784845400426523,0.3400000035762787,3.646857261657715,-0.6129879818943471,0.3400000035762787,3.705627202987671,-0.7718223227898666,0.3400000035762787,3.646857261657715,-0.8286193551977812,0.3400000035762787,-15.316331557893367,0.0
327,8.175,1.757600944922363e+18,5.882950782026564,3.0060673697004723,3.1739620908594626,-0.3093977204841206,2.201582071880543,1.8606395799562638,0.43431639852348103,0.3333960815626505,0.3400000035762787,3.528968572616577,-0.3550064817571146,3.5879130363464355,-0.4318750328136378,0.3400000035762787,3.5879130363464355,-0.4784845400426523,0.3400000035762787,3.646857261657715,-0.6129879818943471,0.3400000035762787,3.705627202987671,-0.7718223227898666,0.3400000035762787,-15.567262308594568,0.0
328,8.200000000000001,1.7576009449473628e+18,5.838403445668176,3.0819630326124225,3.166962153342356,-0.4161471631361549,2.2372177065310654,2.0284016501436257,-0.5179164538942871,0.33543112905261896,0.3400000035762787,3.1754770278930664,-0.008514874550710427,3.528968572616577,-0.3550064817571146,0.3400000035762787,3.5879130363464355,-0.4318750328136378,0.3400000035762787,3.5879130363464355,-0.4784845400426523,0.3400000035762787,3.646857261657715,-0.6129879818943471,0.3400000035762787,-15.479219441352273,0.0
329,8.225,1.7576009449723628e+18,5.784969641848751,3.169483434819429,3.140327634865757,-0.5252621805478427,2.2902798434991554,2.1621879534977295,-1.3136694394814687,0.33816732355443174,0.3400000035762787,3.116532802581787,0.023794832283969836,3.1754770278930664,-0.008514874550710427,0.3400000035762787,3.528968572616577,-0.3550064817571146,0.3400000035762787,3.5879130363464355,-0.4318750328136378,0.3400000035762787,3.5879130363464355,-0.4784845400426523,0.3400000035762787,-15.365676128313723,0.0
330,8.25,1.7576009449973627e+18,5.716241780437382,3.2811101102651907,3.098968743882363,-0.6227137962198608,2.393300228830754,2.2626488349719582,-1.9411965582469237,0.34048390481821955,0.3400000035762787,2.9988183975219727,0.10015034636039033,3.116532802581787,0.023794832283969836,0.3400000035762787,3.1754770278930664,-0.008514874550710427,0.3400000035762787,3.528968572616577,-0.3550064817571146,0.3400000035762787,3.5879130363464355,-0.4318750328136378,0.3400000035762787,-15.180090759539091,0.0
331,8.275,1.757600945022363e+18,5.716241780437382,3.2811101102651907,3.046259234131977,-0.6961051293069079,2.393300228830754,2.337108061839791,-2.423371419367934,0.3418053668561296,0.3400000035762787,2.880929946899414,0.1653292872325629,2.9988183975219727,0.10015034636039033,0.3400000035762787,3.116532802581787,0.023794832283969836,0.3400000035762787,3.1754770278930664,-0.008514874550710427,0.3400000035762787,3.528968572616577,-0.3550064817571146,0.3400000035762787,-14.988458503115893,0.0
332,8.3,1.7576009450473628e+18,5.660695028978649,3.35673336864953,2.9839109837722453,-0.7385056774134483,2.46257520496764,2.3975579536442755,-2.7997561565006235,0.34208064118053305,0.3400000035762787,2.5274384021759038,0.4564725815963415,2.880929946899414,0.1653292872325629,0.3400000035762787,2.9988183975219727,0.10015034636039033,0.3400000035762787,3.116532802581787,0.023794832283969836,0.3400000035762787,3.1754770278930664,-0.008514874550710427,0.3400000035762787,-14.500424813700198,0.0
333,8.325000000000001,1.7576009450723628e+18,5.606964692777481,3.3841545948794263,2.912646511440378,-0.7504353002747273,2.4969615951147377,2.456054429227916,-3.1077982909126898,0.34160615597970095,0.3400000035762787,2.409723997116089,0.5029225143242892,2.5274384021759038,0.4564725815963415,0.3400000035762787,2.880929946899414,0.1653292872325629,0.3400000035762787,2.9988183975219727,0.10015034636039033,0.3400000035762787,3.116532802581787,0.023794832283969836,0.3400000035762787,-14.013475921621758,0.0
334,8.35,1.757600945097363e+18,5.5122363812862805,3.4712356370357806,2.833091490979628,-0.7389790230524116,2.6024531241614,2.5198651732696793,-3.3688942683546927,0.34080547814008405,0.3400000035762787,2.1739468574523926,0.6591446335272355,2.409723997116089,0.5029225143242892,0.3400000035762787,2.5274384021759038,0.4564725815963415,0.3400000035762787,2.880929946899414,0.1653292872325629,0.3400000035762787,2.9988183975219727,0.10015034636039033,0.3400000035762787,-13.411895127164787,0.0
335,8.375,1.757600945122363e+18,5.468450243030852,3.5101420575294444,2.7463653360960234,-0.7145375503857914,2.6489997830525094,2.5889537856257587,-3.582672169141358,0.3400500477642802,0.3400000035762787,2.115002393722534,0.6313629423734892,2.1739468574523926,0.6591446335272355,0.3400000035762787,2.409723997116089,0.5029225143242892,0.3400000035762787,2.5274384021759038,0.4564725815963415,0.3400000035762787,2.880929946899414,0.1653292872325629,0.3400000035762787,-12.817114493517188,0.0
336,8.4,1.7576009451473628e+18,5.415379662084998,3.555967052292501,2.6542221860450135,-0.6870579514232279,2.7088475674818584,2.6568226087529663,-3.7299548488645664,0.33956159842676026,0.3400000035762787,2.056232452392578,0.5979897336524354,2.115002393722534,0.6313629423734892,0.3400000035762787,2.1739468574523926,0.6591446335272355,0.3400000035762787,2.409723997116089,0.5029225143242892,0.3400000035762787,2.5274384021759038,0.4564725815963415,0.3400000035762787,-12.234737566420899,0.0
337,8.425,1.7576009451723628e+18,5.361474367527007,3.5969231475718138,2.5589409871967637,-0.6638259181989825,2.768315070341249,2.713709711598592,-3.782407784950799,0.33939661598902765,0.3400000035762787,1.9972882270812988,0.5616527601154648,2.056232452392578,0.5979897336524354,0.3400000035762787,2.115002393722534,0.6313629423734892,0.3400000035762787,2.1739468574523926,0.6591446335272355,0.3400000035762787,2.409723997116089,0.5029225143242892,0.3400000035762787,-11.673126348426681,0.0
338,8.450000000000001,1.7576009451973627e+18,5.285597700544491,3.6310628163236975,2.4632233445738514,-0.6497098377274418,2.8537297450591708,2.7501831957108633,-3.7153638570152543,0.3394877599543003,0.3400000035762787,1.9972882270812988,0.46593511749255256,1.9972882270812988,0.5616527601154648,0.3400000035762787,2.056232452392578,0.5979897336524354,0.3400000035762787,2.115002393722534,0.6313629423734892,0.3400000035762787,2.1739468574523926,0.6591446335272355,0.3400000035762787,-11.20304494755915,0.0
339,8.475,1.757600945222363e+18,5.239219390383725,3.657396832570691,2.370165967119293,-0.6488692188634057,2.910069875015761,2.7596408808010904,-3.519839985950969,0.3397089479265014,0.3400000035762787,1.9972882270812988,0.37287774003799434,1.9972882270812988,0.46593511749255256,0.3400000035762787,1.9972882270812988,0.5616527601154648,0.3400000035762787,2.056232452392578,0.5979897336524354,0.3400000035762787,2.115002393722534,0.6313629423734892,0.3400000035762787,-10.66157070835056,0.0
340,8.5,1.7576009452473628e+18,5.17674488107486,3.6783820099652553,2.2831425173847184,-0.6658540995250267,2.989391507598983,2.739306347244862,-3.2101902141555385,0.33993588798966873,0.3400000035762787,1.93834388256073,0.3447986348239884,1.9972882270812988,0.37287774003799434,0.3400000035762787,1.9972882270812988,0.46593511749255256,0.3400000035762787,1.9972882270812988,0.5616527601154648,0.3400000035762787,2.056232452392578,0.5979897336524354,0.3400000035762787,-10.002250028777096,0.0
341,8.525,1.7576009452723628e+18,5.118655767938734,3.696125408393194,2.2053600344482125,-0.704631528957977,3.0637495194066307,2.690166415398041,-2.825017947014231,0.34008559538657657,0.3400000035762787,1.879399538040161,0.3259604964080516,1.93834388256073,0.3447986348239884,0.3400000035762787,1.9972882270812988,0.37287774003799434,0.3400000035762787,1.9972882270812988,0.46593511749255256,0.3400000035762787,1.9972882270812988,0.5616527601154648,0.3400000035762787,-9.292006484285695,0.0
342,8.55,1.757600945297363e+18,5.041267686033992,3.730506180001324,2.1390390364018814,-0.7658053852046292,3.1669123432635513,2.61655212801325,-2.420732191990932,0.34013060332111356,0.3400000035762787,1.879399538040161,0.2596394983617205,1.879399538040161,0.3259604964080516,0.3400000035762787,1.93834388256073,0.3447986348239884,0.3400000035762787,1.9972882270812988,0.37287774003799434,0.3400000035762787,1.9972882270812988,0.46593511749255256,0.3400000035762787,-8.707338363174298,0.0
343,8.575000000000001,1.757600945322363e+18,5.020269810119319,3.734996058512268,2.084511572668776,-0.8437107127440212,3.1922552516840916,2.5257061709912234,-2.059193830612787,0.34009220741804597,0.3400000035762787,1.93834388256073,0.14616769010804598,1.879399538040161,0.2596394983617205,0.3400000035762787,1.879399538040161,0.3259604964080516,0.3400000035762787,1.93834388256073,0.3447986348239884,0.3400000035762787,1.9972882270812988,0.37287774003799434,0.3400000035762787,-8.298086817428182,0.0
344,8.600000000000001,1.7576009453473628e+18,4.946754767623038,3.7415445502840887,2.039767051956351,-0.9252520602056188,3.2845793762643156,2.4270871277799575,-1.7927585118136073,0.34002095757460776,0.3400000035762787,1.879399538040161,0.1603675139161902,1.93834388256073,0.14616769010804598,0.3400000035762787,1.879399538040161,0.2596394983617205,0.3400000035762787,1.879399538040161,0.3259604964080516,0.3400000035762787,1.93834388256073,0.3447986348239884,0.3400000035762787,-7.930081271271471,0.0
345,8.625,1.7576009453723628e+18,4.925602239677762,3.743072502739567,2.000852388874028,-0.9915647414283529,3.311720487346821,2.3309959331927708,-1.6510493766358192,0.3399726624117484,0.3400000035762787,1.879399538040161,0.12145285083386725,1.879399538040161,0.1603675139161902,0.3400000035762787,1.93834388256073,0.14616769010804598,0.3400000035762787,1.879399538040161,0.2596394983617205,0.3400000035762787,1.879399538040161,0.3259604964080516,0.3400000035762787,-7.6427288496170664,0.0
346,8.65,1.7576009453973627e+18,4.861639083262917,3.760574817847094,1.963082125296658,-1.0225099329312899,3.399739881975726,2.246584429495107,-1.6334906114141734,0.33998633090351776,0.3400000035762787,1.7616853713989258,0.20139675389773215,1.879399538040161,0.12145285083386725,0.3400000035762787,1.879399538040161,0.1603675139161902,0.3400000035762787,1.93834388256073,0.14616769010804598,0.3400000035762787,1.879399538040161,0.2596394983617205,0.3400000035762787,-7.300118993996829,0.0
347,8.675,1.757600945422363e+18,4.801953494927146,3.7489922035229455,1.9225522648073827,-1.0029069984438674,3.458219996263017,2.179882166718405,-1.7099529291482005,0.3400685220233116,0.3400000035762787,1.702741026878357,0.2198112379290258,1.7616853713989258,0.20139675389773215,0.3400000035762787,1.879399538040161,0.12145285083386725,0.3400000035762787,1.879399538040161,0.1603675139161902,0.3400000035762787,1.93834388256073,0.14616769010804598,0.3400000035762787,-6.947777840298994,0.0
348,8.700000000000001,1.7576009454473628e+18,4.762946120657739,3.742225566840009,1.8772974654674162,-0.9283121976432542,3.5079237207359673,2.1326019948773927,-1.8293266236793972,0.3401873646408316,0.3400000035762787,1.702741026878357,0.17455643858905923,1.702741026878357,0.2198112379290258,0.3400000035762787,1.7616853713989258,0.20139675389773215,0.3400000035762787,1.879399538040161,0.12145285083386725,0.3400000035762787,1.879399538040161,0.1603675139161902,0.3400000035762787,-6.6378968521492965,0.0
349,8.725000000000001,1.7576009454723628e+18,4.703002532479437,3.729435349030672,1.827652557844906,-0.8076957931244743,3.580720257291223,2.1021846712827625,-1.933363090300014,0.34027877671042733,0.3400000035762787,1.5848523378372192,0.24280022000768686,1.702741026878357,0.17455643858905923,0.3400000035762787,1.702741026878357,0.2198112379290258,0.3400000035762787,1.7616853713989258,0.20139675389773215,0.3400000035762787,1.879399538040161,0.12145285083386725,0.3400000035762787,-6.251632499958148,0.0
350,8.75,1.757600945497363e+18,4.6842725858554335,3.7243447619283527,1.7757977035084622,-0.6613308511079565,3.605125835662807,2.0830779369140133,-1.9716181744164167,0.34026610269473423,0.3400000035762787,1.5259079933166504,0.24988971019181183,1.5848523378372192,0.24280022000768686,0.3400000035762787,1.702741026878357,0.17455643858905923,0.3400000035762787,1.702741026878357,0.2198112379290258,0.3400000035762787,1.7616853713989258,0.20139675389773215,0.3400000035762787,-5.850493733228975,0.0
351,8.775,1.757600945522363e+18,4.662354882623189,3.711588523387992,1.72482216687679,-0.5144023256154036,3.6331281483071525,2.0687552853082734,-1.9132791461907754,0.34009140143523353,0.3400000035762787,1.5848523378372192,0.13996982903957078,1.5259079933166504,0.24988971019181183,0.3400000035762787,1.5848523378372192,0.24280022000768686,0.3400000035762787,1.702741026878357,0.17455643858905923,0.3400000035762787,1.702741026878357,0.2198112379290258,0.3400000035762787,-5.555592853887491,0.0
352,8.8,1.7576009455473628e+18,4.613829103283718,3.692897153627251,1.6777531945024655,-0.38900222630907766,3.7012623123790296,2.0536874422044935,-1.7529438566337547,0.339751658048993,0.3400000035762787,1.5848523378372192,0.09290085666524628,1.5848523378372192,0.13996982903957078,0.3400000035762787,1.5259079933166504,0.24988971019181183,0.3400000035762787,1.5848523378372192,0.24280022000768686,0.3400000035762787,1.702741026878357,0.17455643858905923,0.3400000035762787,-5.309360424726271,0.0
353,8.825000000000001,1.7576009455723628e+18,4.552846830546377,3.6566340075922072,1.6368665812149568,-0.29794782902062383,3.760881810834902,2.0346279981841526,-1.5094371620898344,0.33932740586425253,0.3400000035762787,1.5259079933166504,0.11095858789830637,1.5848523378372192,0.09290085666524628,0.3400000035762787,1.5848523378372192,0.13996982903957078,0.3400000035762787,1.5259079933166504,0.24988971019181183,0.3400000035762787,1.5848523378372192,0.24280022000768686,0.3400000035762787,-5.050860035567064,0.0
354,8.850000000000001,1.7576009455973627e+18,4.487414363759499,3.625342835042128,1.6033839892388095,-0.24277927795118892,3.8527897910260682,2.011009065572358,-1.2187239749596952,0.3389872953093223,0.3400000035762787,1.5259079933166504,0.07747599592215915,1.5259079933166504,0.11095858789830637,0.3400000035762787,1.5848523378372192,0.09290085666524628,0.3400000035762787,1.5848523378372192,0.13996982903957078,0.3400000035762787,1.5259079933166504,0.24988971019181183,0.3400000035762787,-4.833409126188749,0.0
355,8.875,1.757600945622363e+18,4.487414363759499,3.625342835042128,1.5775086762182382,-0.2160494535960575,3.8527897910260682,1.9845706878880336,-0.9233198452586109,0.33895353994477695,0.3400000035762787,1.5259079933166504,0.05160068290158781,1.5259079933166504,0.07747599592215915,0.3400000035762787,1.5259079933166504,0.11095858789830637,0.3400000035762787,1.5848523378372192,0.09290085666524628,0.3400000035762787,1.5848523378372192,0.13996982903957078,0.3400000035762787,-4.707548097085652,0.0
356,8.9,1.7576009456473628e+18,4.458358926718248,3.5767876452330336,1.5586686577713045,-0.2060366271824311,3.900398063416381,1.9584530489241716,-0.6610896119743819,0.33942278083100585,0.3400000035762787,1.5259079933166504,0.03276066445465409,1.5259079933166504,0.05160068290158781,0.3400000035762787,1.5259079933166504,0.07747599592215915,0.3400000035762787,1.5259079933166504,0.11095858789830637,0.3400000035762787,1.5848523378372192,0.09290085666524628,0.3400000035762787,-4.6047063291744745,0.0
357,8.925,1.7576009456723628e+18,4.4261292284161415,3.554577504379206,1.545802325521905,-0.2014497296144995,3.945650736689793,1.936008236857939,-0.4560863428341734,0.34045507182089935,0.3400000035762787,1.5848523378372192,-0.03905001231531413,1.5259079933166504,0.03276066445465409,0.3400000035762787,1.5259079933166504,0.05160068290158781,0.3400000035762787,1.5259079933166504,0.07747599592215915,0.3400000035762787,1.5259079933166504,0.11095858789830637,0.3400000035762787,-4.574691556286512,0.0
358,8.950000000000001,1.757600945697363e+18,4.396452655410768,3.5262544444726407,1.537566579010862,-0.1945452646073966,4.013231532980547,1.9196311397015238,-0.31339892083880455,0.3418665169831804,0.3400000035762787,1.5259079933166504,0.01165858569421152,1.5848523378372192,-0.03905001231531413,0.3400000035762787,1.5259079933166504,0.03276066445465409,0.3400000035762787,1.5259079933166504,0.05160068290158781,0.3400000035762787,1.5259079933166504,0.07747599592215915,0.3400000035762787,-4.4923783760518425,0.0
359,8.975000000000001,1.757600945722363e+18,4.367031805601491,3.5068082664980063,1.5324807001964664,-0.18231003537097826,4.05429647200795,1.9099541700738851,-0.21908114590269478,0.3431799937410844,0.3400000035762787,1.5848523378372192,-0.05237163764075281,1.5259079933166504,0.01165858569421152,0.3400000035762787,1.5848523378372192,-0.03905001231531413,0.3400000035762787,1.5259079933166504,0.03276066445465409,0.3400000035762787,1.5259079933166504,0.05160068290158781,0.3400000035762787,-4.471131815711569,0.0
360,9.0,1.7576009457473628e+18,4.340185514593392,3.471381036169149,1.529141972691555,-0.1660840280775337,4.108811080148271,1.9057261033102795,-0.14521402395460548,0.34369163941194386,0.3400000035762787,1.5848523378372192,-0.0557103651456643,1.5848523378372192,-0.05237163764075281,0.3400000035762787,1.5259079933166504,0.01165858569421152,0.3400000035762787,1.5848523378372192,-0.03905001231531413,0.3400000035762787,1.5259079933166504,0.03276066445465409,0.3400000035762787,-4.450248768577506,0.0
361,9.025,1.7576009457723628e+18,4.320198499476417,3.420215288523343,1.5266223280121851,-0.15015773094845689,4.17119232202073,1.9044911692137125,-0.05900678447650588,0.3426875189647543,0.3400000035762787,1.5259079933166504,0.0007143346955347241,1.5848523378372192,-0.0557103651456643,0.3400000035762787,1.5848523378372192,-0.05237163764075281,0.3400000035762787,1.5259079933166504,0.01165858569421152,0.3400000035762787,1.5848523378372192,-0.03905001231531413,0.3400000035762787,-4.371029070776462,0.0
362,9.05,1.7576009457973627e+18,4.3094020080924125,3.4073556372491627,1.5249563778253838,-0.13985339656321888,4.1918647943819405,1.903817942561496,0.06634331439764672,0.33979106153713495,0.3400000035762787,1.5848523378372192,-0.05989596001183539,1.5259079933166504,0.0007143346955347241,0.3400000035762787,1.5848523378372192,-0.0557103651456643,0.3400000035762787,1.5848523378372192,-0.05237163764075281,0.3400000035762787,1.5259079933166504,0.01165858569421152,0.3400000035762787,-4.352159223322156,0.0
363,9.075000000000001,1.757600945822363e+18,4.28607093441234,3.3689043446258404,1.5254198997448452,-0.13954897986422135,4.265020740279862,1.9025459466233003,0.24223029111341304,0.33534609372501145,0.3400000035762787,1.5848523378372192,-0.059432438092374085,1.5848523378372192,-0.05989596001183539,0.3400000035762787,1.5259079933166504,0.0007143346955347241,0.3400000035762787,1.5848523378372192,-0.0557103651456643,0.3400000035762787,1.5848523378372192,-0.05237163764075281,0.3400000035762787,-4.3343027410466135,0.0
364,9.100000000000001,1.7576009458473628e+18,4.268336365294124,3.343306180819561,1.5302896081830277,-0.15103677550411324,4.306277510103037,1.901535860535899,0.4600152260269656,0.3306670167186084,0.3400000035762787,1.5848523378372192,-0.05456272965419151,1.5848523378372192,-0.059432438092374085,0.3400000035762787,1.5848523378372192,-0.05989596001183539,0.3400000035762787,1.5259079933166504,0.0007143346955347241,0.3400000035762787,1.5848523378372192,-0.0557103651456643,0.3400000035762787,-4.314460262768719,0.0
365,9.125,1.7576009458723628e+18,4.233153398654999,3.2925229146902435,1.5420253919064038,-0.17259254511075536,4.388125315180853,1.9036461379880516,0.6935286120039039,0.3279540635348956,0.3400000035762787,1.702741026878357,-0.16071563497195318,1.5848523378372192,-0.05456272965419151,0.3400000035762787,1.5848523378372192,-0.059432438092374085,0.3400000035762787,1.5848523378372192,-0.05989596001183539,0.3400000035762787,1.5259079933166504,0.0007143346955347241,0.3400000035762787,-4.404443013031835,0.0
366,9.15,1.757600945897363e+18,4.230446885287796,3.2604863689462267,1.5621633874796075,-0.1991163759179314,4.423781591527751,1.9129281713207211,0.9087888384893666,0.32971654773881837,0.3400000035762787,1.879399538040161,-0.31723615056055343,1.702741026878357,-0.16071563497195318,0.3400000035762787,1.5848523378372192,-0.05456272965419151,0.3400000035762787,1.5848523378372192,-0.059432438092374085,0.3400000035762787,1.5848523378372192,-0.05989596001183539,0.3400000035762787,-4.654645798098929,0.0
367,9.175,1.757600945922363e+18,4.224724190320041,3.245265829682528,1.5904348689489345,-0.2235076980237511,4.448309853759684,1.9333056456065214,1.0781624377866545,0.33769285736085025,0.3400000035762787,1.93834388256073,-0.3479090136117955,1.879399538040161,-0.31723615056055343,0.3400000035762787,1.702741026878357,-0.16071563497195318,0.3400000035762787,1.5848523378372192,-0.05456272965419151,0.3400000035762787,1.5848523378372192,-0.059432438092374085,0.3400000035762787,-4.938487282401368,0.0
368,9.200000000000001,1.7576009459473628e+18,4.211232281795383,3.2150765923728306,1.6246122514766201,-0.23901275729045318,4.494189282929946,1.9672662672666545,1.193815162263187,0.35148751091054353,0.3400000035762787,1.9972882270812988,-0.3726759756046787,1.93834388256073,-0.3479090136117955,0.3400000035762787,1.879399538040161,-0.31723615056055343,0.3400000035762787,1.702741026878357,-0.16071563497195318,0.3400000035762787,1.5848523378372192,-0.05456272965419151,0.3400000035762787,-5.248699975618996,0.0
369,9.225000000000001,1.7576009459723628e+18,4.195295330687511,3.1591545732085797,1.6613121010028942,-0.2418115894889134,4.554455559951691,2.0151472487436504,1.2746138526046065,0.3673960710821163,0.3400000035762787,1.9972882270812988,-0.33597612607840466,1.9972882270812988,-0.3726759756046787,0.3400000035762787,1.93834388256073,-0.3479090136117955,0.3400000035762787,1.879399538040161,-0.31723615056055343,0.3400000035762787,1.702741026878357,-0.16071563497195318,0.3400000035762787,-5.5220852688681905,0.0
370,9.25,1.7576009459973627e+18,4.183165591057632,3.126076669618284,1.6975294995585655,-0.23284684793546304,4.602509164459189,2.0752652004040826,1.3623308798804081,0.37804318735758585,0.3400000035762787,2.115002393722534,-0.4174728941639687,1.9972882270812988,-0.33597612607840466,0.3400000035762787,1.9972882270812988,-0.3726759756046787,0.3400000035762787,1.93834388256073,-0.3479090136117955,0.3400000035762787,1.879399538040161,-0.31723615056055343,0.3400000035762787,-5.875111121802081,0.0
371,9.275,1.757600946022363e+18,4.18259631553013,3.083165496227372,1.7322448371660601,-0.2180595042657851,4.639950002334917,2.144582355383106,1.5068002147423059,0.37338523140345004,0.3400000035762787,2.115002393722534,-0.38275755655647403,2.115002393722534,-0.4174728941639687,0.3400000035762787,1.9972882270812988,-0.33597612607840466,0.3400000035762787,1.9972882270812988,-0.3726759756046787,0.3400000035762787,1.93834388256073,-0.3479090136117955,0.3400000035762787,-6.190282328334948,0.0
372,9.3,1.7576009460473628e+18,4.176710933021942,3.049640599270668,1.7673012977116904,-0.2068068116857352,4.6769560577327915,2.2192292621583927,1.7442754326965118,0.34323755726273364,0.3400000035762787,2.1739468574523926,-0.40664555974070216,2.115002393722534,-0.38275755655647403,0.3400000035762787,2.115002393722534,-0.4174728941639687,0.3400000035762787,1.9972882270812988,-0.33597612607840466,0.3400000035762787,1.9972882270812988,-0.3726759756046787,0.3400000035762787,-6.525767251685253,0.0
373,9.325000000000001,1.7576009460723628e+18,4.171974359283863,2.991421414724555,1.8070121106605415,-0.20897770094814783,4.76646027159255,2.2943093888317896,2.076760919880601,0.2808113773081916,0.3400000035762787,2.1739468574523926,-0.3669347467918511,2.1739468574523926,-0.40664555974070216,0.3400000035762787,2.115002393722534,-0.38275755655647403,0.3400000035762787,2.115002393722534,-0.4174728941639687,0.3400000035762787,1.9972882270812988,-0.33597612607840466,0.3400000035762787,-6.818605179568754,0.0
374,9.350000000000001,1.757600946097363e+18,4.167969152056532,2.956469725184097,1.856485604832345,-0.23175895972699057,4.8096670119847875,2.3629137066888957,2.460852034906096,0.18602190261986173,0.3400000035762787,2.409723997116089,-0.5532383922837438,2.1739468574523926,-0.3669347467918511,0.3400000035762787,2.1739468574523926,-0.40664555974070216,0.3400000035762787,2.115002393722534,-0.38275755655647403,0.3400000035762787,2.115002393722534,-0.4174728941639687,0.3400000035762787,-7.296480773040322,0.0
375,9.375,1.757600946122363e+18,4.169274760022517,2.9285174257439577,1.9192133888053486,-0.27701613286809096,4.848165432030552,2.4148755116318004,2.811953901926297,0.0669978750627778,0.0145401516929268,2.645326852798462,-0.7261134639931133,2.409723997116089,-0.5532383922837438,0.3400000035762787,2.1739468574523926,-0.3669347467918511,0.3400000035762787,2.1739468574523926,-0.40664555974070216,0.3400000035762787,2.115002393722534,-0.38275755655647403,0.3400000035762787,-7.948378273864874,0.0
376,9.4,1.7576009461473628e+18,4.168377825528208,2.876477318464163,1.9948474943181704,-0.3400326793048742,4.913549434539469,2.4362169092343566,3.024397181600314,-0.061295946289608036,-0.0,2.880929946899414,-0.8860824525812436,2.645326852798462,-0.7261134639931133,0.0145401516929268,2.409723997116089,-0.5532383922837438,0.3400000035762787,2.1739468574523926,-0.3669347467918511,0.3400000035762787,2.1739468574523926,-0.40664555974070216,0.3400000035762787,-8.764114342270377,0.0
377,9.425,1.7576009461723628e+18,4.171208043862739,2.8270489611110303,2.078139664062578,-0.41003832625518644,4.973286163011485,2.410191085958432,3.0019062280242994,-0.18114706830687735,-0.3400000035762787,2.880929946899414,-0.8027902828368361,2.880929946899414,-0.8860824525812436,-0.0,2.645326852798462,-0.7261134639931133,0.0145401516929268,2.409723997116089,-0.5532383922837438,0.3400000035762787,2.1739468574523926,-0.3669347467918511,0.3400000035762787,-9.503002072346446,0.0
378,9.450000000000001,1.7576009461973627e+18,4.178414019033287,2.748457972408609,2.1596583815745474,-0.47250759472832926,5.057871458100449,2.320110142909771,2.688537654341615,-0.2773338757935205,-0.3400000035762787,2.821985483169556,-0.6623271015950087,2.880929946899414,-0.8027902828368361,-0.3400000035762787,2.880929946899414,-0.8860824525812436,-0.0,2.645326852798462,-0.7261134639931133,0.0145401516929268,2.409723997116089,-0.5532383922837438,0.3400000035762787,-10.109876566111174,0.0
379,9.475000000000001,1.757600946222363e+18,4.2033735203896345,2.674851035728482,2.2282201172606224,-0.5126666571940397,5.157020011424706,2.1531014230429086,2.0894615856463745,-0.3413288560492107,-0.3400000035762787,2.3507797718048096,-0.12255965454418716,2.821985483169556,-0.6623271015950087,-0.3400000035762787,2.880929946899414,-0.8027902828368361,-0.3400000035762787,2.880929946899414,-0.8860824525812436,-0.0,2.645326852798462,-0.7261134639931133,0.0145401516929268,-10.186498432903186,0.0
380,9.5,1.7576009462473628e+18,4.207225200330304,2.654230391827994,2.274213763513763,-0.5192605327726726,5.183649216329069,1.903377564794867,1.274248903485492,-0.3728362787288269,-0.3400000035762787,2.232891082763672,0.041322680750091045,2.3507797718048096,-0.12255965454418716,-0.3400000035762787,2.821985483169556,-0.6623271015950087,-0.3400000035762787,2.880929946899414,-0.8027902828368361,-0.3400000035762787,2.880929946899414,-0.8860824525812436,-0.0,-10.108551886088453,0.0
381,9.525,1.7576009462723628e+18,4.221044272517936,2.618849762518928,2.292516436197542,-0.4875773360059961,5.215724857595899,1.5739504944408742,0.36142167827218674,-0.3784051105926605,-0.3400000035762787,2.1739468574523926,0.1185695787451495,2.232891082763672,0.041322680750091045,-0.3400000035762787,2.3507797718048096,-0.12255965454418716,-0.3400000035762787,2.821985483169556,-0.6623271015950087,-0.3400000035762787,2.880929946899414,-0.8027902828368361,-0.3400000035762787,-9.960985232852522,0.0
382,9.55,1.757600946297363e+18,4.241960411192426,2.552766202282089,2.283814581495474,-0.42089648689850145,5.296981606542525,1.1764966358907532,-0.5104990529786338,-0.3681626226114917,-0.3400000035762787,2.1739468574523926,0.10986772404308143,2.1739468574523926,0.1185695787451495,-0.3400000035762787,2.232891082763672,0.041322680750091045,-0.3400000035762787,2.3507797718048096,-0.12255965454418716,-0.3400000035762787,2.821985483169556,-0.6623271015950087,-0.3400000035762787,-9.826578177820984,0.0
383,9.575000000000001,1.757600946322363e+18,4.299390115276792,2.497908207141534,2.2538738288347226,-0.3298014354530436,5.297999525746253,0.7296576530332988,-1.2159092741095252,-0.35224515018895636,-0.3400000035762787,2.1739468574523926,0.07992697138233007,2.1739468574523926,0.10986772404308143,-0.3400000035762787,2.1739468574523926,0.1185695787451495,-0.3400000035762787,2.232891082763672,0.041322680750091045,-0.3400000035762787,2.3507797718048096,-0.12255965454418716,-0.3400000035762787,-9.781034080620366,0.0
384,9.600000000000001,1.7576009463473628e+18,4.358479169535436,2.4152826232361697,2.2112560385889366,-0.2292940365087353,5.313523001812871,0.25636025504796134,-1.668897201876778,-0.33819884008419115,-0.3400000035762787,2.232891082763672,-0.021635044174735274,2.1739468574523926,0.07992697138233007,-0.3400000035762787,2.1739468574523926,0.10986772404308143,-0.3400000035762787,2.1739468574523926,0.1185695787451495,-0.3400000035762787,2.232891082763672,0.041322680750091045,-0.3400000035762787,-9.891388109992077,0.0
385,9.625,1.7576009463723628e+18,4.3727431958742375,2.390236039850881,2.1646240953121594,-0.1343994919580063,5.308681631646899,-0.21907881940035462,-1.8368713549901174,-0.3299027536473268,-0.3400000035762787,2.232891082763672,-0.0682669874515125,2.232891082763672,-0.021635044174735274,-0.3400000035762787,2.1739468574523926,0.07992697138233007,-0.3400000035762787,2.1739468574523926,0.10986772404308143,-0.3400000035762787,2.1739468574523926,0.1185695787451495,-0.3400000035762787,-10.039381035609079,0.0
386,9.65,1.7576009463973627e+18,4.404359940345358,2.3417926548221555,2.1207768115427315,-0.055584328912319576,5.323883901307754,-0.6733470903982476,-1.7392126743471703,-0.3278795034079088,-0.3400000035762787,2.232891082763672,-0.11211427122094042,2.232891082763672,-0.0682669874515125,-0.3400000035762787,2.232891082763672,-0.021635044174735274,-0.3400000035762787,2.1739468574523926,0.07992697138233007,-0.3400000035762787,2.1739468574523926,0.10986772404308143,-0.3400000035762787,-10.218908538767193,0.0
387,9.675,1.757600946422363e+18,4.461070472668065,2.271367093090525,2.0839793571481713,0.004520180870694186,5.309355920455608,-1.085767859004646,-1.434114340327573,-0.3304507045042445,-0.3400000035762787,2.232891082763672,-0.1489117256155006,2.232891082763672,-0.11211427122094042,-0.3400000035762787,2.232891082763672,-0.0682669874515125,-0.3400000035762787,2.232891082763672,-0.021635044174735274,-0.3400000035762787,2.1739468574523926,0.07992697138233007,-0.3400000035762787,-10.420998760241895,0.0
388,9.700000000000001,1.7576009464473628e+18,4.472733549169745,2.2385889936485297,2.056391254078834,0.05183659302435183,5.276962760196097,-1.4395190801408893,-0.9997116448737781,-0.3351072954974419,-0.3400000035762787,2.232891082763672,-0.17649982868483782,2.232891082763672,-0.1489117256155006,-0.3400000035762787,2.232891082763672,-0.11211427122094042,-0.3400000035762787,2.232891082763672,-0.0682669874515125,-0.3400000035762787,2.232891082763672,-0.021635044174735274,-0.3400000035762787,-10.635867326270018,0.0
389,9.725000000000001,1.7576009464723628e+18,4.52946041563777,2.157015163959172,2.0389103881777455,0.09838468221770139,5.240574853892411,-1.722998293253589,-0.515786103921218,-0.3396122081792159,-0.3400000035762787,2.232891082763672,-0.19398069458592637,2.232891082763672,-0.17649982868483782,-0.3400000035762787,2.232891082763672,-0.1489117256155006,-0.3400000035762787,2.232891082763672,-0.11211427122094042,-0.3400000035762787,2.232891082763672,-0.0682669874515125,-0.3400000035762787,-10.853883619301856,0.0
390,9.75,1.757600946497363e+18,4.539798105234299,2.1487422831069933,2.031776210324633,0.15721885154661272,5.181660355687469,-1.9313905745682292,-0.05033038916666177,-0.3426026132510982,-0.3400000035762787,2.232891082763672,-0.2011148724390388,2.232891082763672,-0.19398069458592637,-0.3400000035762787,2.232891082763672,-0.17649982868483782,-0.3400000035762787,2.232891082763672,-0.1489117256155006,-0.3400000035762787,2.232891082763672,-0.11211427122094042,-0.3400000035762787,-11.065871792774317,0.0
391,9.775,1.757600946522363e+18,4.5639075196170085,2.113266201110389,2.0346775380010724,0.23668457647978555,5.151962602990244,-2.0677102235682483,0.3475666382656268,-0.34369405438638634,-0.3400000035762787,2.291835308074951,-0.25715777007387874,2.232891082763672,-0.2011148724390388,-0.3400000035762787,2.232891082763672,-0.19398069458592637,-0.3400000035762787,2.232891082763672,-0.17649982868483782,-0.3400000035762787,2.232891082763672,-0.1489117256155006,-0.3400000035762787,-11.322310407162167,0.0
392,9.8,1.7576009465473628e+18,4.606012113431203,2.064378176522218,2.0465505687149403,0.3364687496160713,5.093426501190564,-2.1424086948166985,0.6493691085620653,-0.3432397479715887,-0.3400000035762787,2.3507797718048096,-0.3042292030898692,2.291835308074951,-0.25715777007387874,-0.3400000035762787,2.232891082763672,-0.2011148724390388,-0.3400000035762787,2.232891082763672,-0.19398069458592637,-0.3400000035762787,2.232891082763672,-0.17649982868483782,-0.3400000035762787,-11.615992339948445,0.0
393,9.825000000000001,1.7576009465723628e+18,4.655691933785016,1.9845470750075445,2.065444169628041,0.44710096345853745,4.976103998361366,-2.1713607147334653,0.8452042709301597,-0.34194783358184516,-0.3400000035762787,2.3507797718048096,-0.2853356021767688,2.3507797718048096,-0.3042292030898692,-0.3400000035762787,2.291835308074951,-0.25715777007387874,-0.3400000035762787,2.232891082763672,-0.2011148724390388,-0.3400000035762787,2.232891082763672,-0.19398069458592637,-0.3400000035762787,-11.882752947749129,0.0
394,9.850000000000001,1.7576009465973627e+18,4.655736667118694,1.9491758102152184,2.0887099185277873,0.5528652793156896,4.981089191392944,-2.172883831600858,0.9402483049777172,-0.3405284722185513,-0.3400000035762787,2.409723997116089,-0.32101407858830155,2.3507797718048096,-0.2853356021767688,-0.3400000035762787,2.3507797718048096,-0.3042292030898692,-0.3400000035762787,2.291835308074951,-0.25715777007387874,-0.3400000035762787,2.232891082763672,-0.2011148724390388,-0.3400000035762787,-12.178828595885754,0.0
395,9.875,1.757600946622363e+18,4.672931778180022,1.908313784113825,2.113501340945125,0.6366545376190088,4.941458337619538,-2.1646311077743277,0.9504882685086216,-0.3394700869946283,-0.3400000035762787,2.409723997116089,-0.296222656170964,2.409723997116089,-0.32101407858830155,-0.3400000035762787,2.3507797718048096,-0.2853356021767688,-0.3400000035762787,2.3507797718048096,-0.3042292030898692,-0.3400000035762787,2.291835308074951,-0.25715777007387874,-0.3400000035762787,-12.44507285569785,0.0
396,9.9,1.7576009466473628e+18,4.704369426873446,1.8336061525727732,2.1373663650062795,0.6849739726435553,4.869001646068945,-2.160880352053646,0.8983003656838641,-0.3389673780275508,-0.3400000035762787,2.468493938446045,-0.3311275734397654,2.409723997116089,-0.296222656170964,-0.3400000035762787,2.409723997116089,-0.32101407858830155,-0.3400000035762787,2.3507797718048096,-0.2853356021767688,-0.3400000035762787,2.3507797718048096,-0.3042292030898692,-0.3400000035762787,-12.74197046076172,0.0
397,9.925,1.7576009466723628e+18,4.724050299591237,1.7321496726718413,2.158696404209214,0.6918061900826187,4.717328140468187,-2.170523241705408,0.8080455491844354,-0.3389682018869435,-0.3400000035762787,2.468493938446045,-0.3097975342368309,2.468493938446045,-0.3311275734397654,-0.3400000035762787,2.409723997116089,-0.296222656170964,-0.3400000035762787,2.409723997116089,-0.32101407858830155,-0.3400000035762787,2.3507797718048096,-0.2853356021767688,-0.3400000035762787,-13.01344514799108,0.0
398,9.950000000000001,1.757600946697363e+18,4.724050299591237,1.7321496726718413,2.1768901323387584,0.6604745405573375,4.717328140468187,-2.1961186993064348,0.7020322757329627,-0.3392813898919261,-0.3400000035762787,2.468493938446045,-0.29160380610728653,2.468493938446045,-0.3097975342368309,-0.3400000035762787,2.468493938446045,-0.3311275734397654,-0.3400000035762787,2.409723997116089,-0.296222656170964,-0.3400000035762787,2.409723997116089,-0.32101407858830155,-0.3400000035762787,-13.262263313263448,0.0
399,9.975000000000001,1.757600946722363e+18,4.701750945986231,1.6860340846321529,2.192199342990069,0.6027822613238435,4.688228830358509,-2.2344125762084066,0.5974336748138287,-0.3396895827377971,-0.3400000035762787,2.468493938446045,-0.2762945954559761,2.468493938446045,-0.29160380610728653,-0.3400000035762787,2.468493938446045,-0.3097975342368309,-0.3400000035762787,2.468493938446045,-0.3311275734397654,-0.3400000035762787,2.409723997116089,-0.296222656170964,-0.3400000035762787,-13.490754553206841,0.0
400,10.0,1.7576009467473628e+18,4.708664682555034,1.6223808914620206,2.2053299483427278,0.5352769577381737,4.631297081067778,-2.2783834678348622,0.5047559918653813,-0.3400296305915425,-0.3400000035762787,2.468493938446045,-0.26316399010331715,2.468493938446045,-0.2762945954559761,-0.3400000035762787,2.468493938446045,-0.29160380610728653,-0.3400000035762787,2.468493938446045,-0.3097975342368309,-0.3400000035762787,2.468493938446045,-0.3311275734397654,-0.3400000035762787,-13.700886256049664,0.0
401,10.025,1.7576009467723628e+18,4.711411779658931,1.58619534833864,2.216974655791079,0.4737996423507957,4.594581991118486,-2.320200092065834,0.4281112661811124,-0.34022636094047753,-0.3400000035762787,2.468493938446045,-0.2515192826549657,2.468493938446045,-0.26316399010331715,-0.3400000035762787,2.468493938446045,-0.2762945954559761,-0.3400000035762787,2.468493938446045,-0.29160380610728653,-0.3400000035762787,2.468493938446045,-0.3097975342368309,-0.3400000035762787,-13.894816996959106,0.0
402,10.05,1.7576009467973627e+18,4.714801944959412,1.5415391283230144,2.227493750393277,0.42860578105202884,4.549272262615068,-2.35397627788321,0.36697905651698454,-0.34028479201766226,-0.3400000035762787,2.5274384021759038,-0.29994465178262697,2.468493938446045,-0.2515192826549657,-0.3400000035762787,2.468493938446045,-0.26316399010331715,-0.3400000035762787,2.468493938446045,-0.2762945954559761,-0.3400000035762787,2.468493938446045,-0.29160380610728653,-0.3400000035762787,-14.134496318014468,0.0
403,10.075000000000001,1.757600946822363e+18,4.693557403780434,1.4821617828715896,2.2368764012797198,0.4021461279067899,4.4829179802365875,-2.377326680675615,0.31864087985975037,-0.34025694064502293,-0.3400000035762787,2.5274384021759038,-0.290562000896184,2.5274384021759038,-0.29994465178262697,-0.3400000035762787,2.468493938446045,-0.2515192826549657,-0.3400000035762787,2.468493938446045,-0.26316399010331715,-0.3400000035762787,2.468493938446045,-0.2762945954559761,-0.3400000035762787,-14.365137597753769,0.0
404,10.100000000000001,1.7576009468473628e+18,4.677494169614146,1.4039914005650311,2.2449445209185312,0.39012262054902563,4.402653318202018,-2.3913670342210622,0.2803089193133755,-0.3402020827070409,-0.3400000035762787,2.5274384021759038,-0.2824938812573725,2.5274384021759038,-0.290562000896184,-0.3400000035762787,2.5274384021759038,-0.29994465178262697,-0.3400000035762787,2.468493938446045,-0.2515192826549657,-0.3400000035762787,2.468493938446045,-0.26316399010331715,-0.3400000035762787,-14.532807596203773,0.0
405,10.125,1.7576009468723628e+18,4.6480957670766365,1.3007233566379066,2.251623632291265,0.3848525813581363,4.310276610045531,-2.399505258311346,0.2502398678412661,-0.34015597702802636,-0.3400000035762787,2.5274384021759038,-0.2758147698846387,2.5274384021759038,-0.2824938812573725,-0.3400000035762787,2.5274384021759038,-0.290562000896184,-0.3400000035762787,2.5274384021759038,-0.29994465178262697,-0.3400000035762787,2.468493938446045,-0.2515192826549657,-0.3400000035762787,-14.701499579044777,0.0
406,10.15,1.757600946897363e+18,4.653883710173562,1.2988632983110475,2.257100800903391,0.3792195487635183,4.319161612824612,-2.4057407611191275,0.22768787429112128,-0.34011814704089033,-0.3400000035762787,2.5274384021759038,-0.2703376012725127,2.5274384021759038,-0.2758147698846387,-0.3400000035762787,2.5274384021759038,-0.2824938812573725,-0.3400000035762787,2.5274384021759038,-0.290562000896184,-0.3400000035762787,2.5274384021759038,-0.29994465178262697,-0.3400000035762787,-14.875332541891186,0.0
407,10.175,1.757600946922363e+18,4.637518187660941,1.2443239919072475,2.2618068962393765,0.369599784156707,4.262959553388541,-2.4131446431066013,0.21212037773281203,-0.34005924793002285,-0.3400000035762787,2.5274384021759038,-0.2656315059365273,2.5274384021759038,-0.2703376012725127,-0.3400000035762787,2.5274384021759038,-0.2758147698846387,-0.3400000035762787,2.5274384021759038,-0.2824938812573725,-0.3400000035762787,2.5274384021759038,-0.290562000896184,-0.3400000035762787,-15.056764223401318,0.0
408,10.200000000000001,1.7576009469473628e+18,4.593990828429433,1.1696291695962724,2.2662798800797486,0.35677935752007417,4.176449130825883,-2.4229375854797217,0.20241739255352525,-0.3399442351564674,-0.3400000035762787,2.5274384021759038,-0.2611585220961552,2.5274384021759038,-0.2656315059365273,-0.3400000035762787,2.5274384021759038,-0.2703376012725127,-0.3400000035762787,2.5274384021759038,-0.2758147698846387,-0.3400000035762787,2.5274384021759038,-0.2824938812573725,-0.3400000035762787,-15.18752373382599,0.0
409,10.225000000000001,1.7576009469723628e+18,4.541598670057436,1.0794486511558474,2.270990965572185,0.3447577509203879,4.063144618238056,-2.4343396073250294,0.1966683249004846,-0.3397621403701855,-0.3400000035762787,2.5274384021759038,-0.2564474366037186,2.5274384021759038,-0.2611585220961552,-0.3400000035762787,2.5274384021759038,-0.2656315059365273,-0.3400000035762787,2.5274384021759038,-0.2703376012725127,-0.3400000035762787,2.5274384021759038,-0.2758147698846387,-0.3400000035762787,-15.325025761747815,0.0
410,10.25,1.7576009469973627e+18,4.531701915446553,1.058212320179014,2.2761817976415615,0.3382079160074545,4.037897919101311,-2.445149099056092,0.1927474393051426,-0.33955022881613117,-0.3400000035762787,2.5274384021759038,-0.2512566045343423,2.5274384021759038,-0.2564474366037186,-0.3400000035762787,2.5274384021759038,-0.2611585220961552,-0.3400000035762787,2.5274384021759038,-0.2656315059365273,-0.3400000035762787,2.5274384021759038,-0.2703376012725127,-0.3400000035762787,-15.466435472567314,0.0
411,10.275,1.757600947022363e+18,4.479720494479045,0.9892716135232688,2.281760381093269,0.33988330400189387,3.9642554792373383,-2.4527680670243615,0.18932850053560543,-0.33939993687145714,-0.3400000035762787,2.5274384021759038,-0.2456780210826346,2.5274384021759038,-0.2512566045343423,-0.3400000035762787,2.5274384021759038,-0.2564474366037186,-0.3400000035762787,2.5274384021759038,-0.2611585220961552,-0.3400000035762787,2.5274384021759038,-0.2656315059365273,-0.3400000035762787,-15.607996528545401,0.0
412,10.3,1.7576009470473628e+18,4.4534905843559445,0.9480592182559152,2.287333690645462,0.3491890380411709,3.9144822692210113,-2.455237003121324,0.1866739375739731,-0.33943535576702055,-0.3400000035762787,2.5274384021759038,-0.24010471153044177,2.5274384021759038,-0.2456780210826346,-0.3400000035762787,2.5274384021759038,-0.2512566045343423,-0.3400000035762787,2.5274384021759038,-0.2564474366037186,-0.3400000035762787,2.5274384021759038,-0.2611585220961552,-0.3400000035762787,-15.804548764902096,0.0
413,10.325000000000001,1.7576009470723628e+18,4.406704777315037,0.8995941340151716,2.2924242978829596,0.3625047676992406,3.854587702285264,-2.4519094118032814,0.18659294819340377,-0.3397629477451627,-0.3400000035762787,2.5274384021759038,-0.23501410429294411,2.5274384021759038,-0.24010471153044177,-0.3400000035762787,2.5274384021759038,-0.2456780210826346,-0.3400000035762787,2.5274384021759038,-0.2512566045343423,-0.3400000035762787,2.5274384021759038,-0.2564474366037186,-0.3400000035762787,-15.935444500233716,0.0
414,10.350000000000001,1.757600947097363e+18,4.372428027431299,0.8555813766697697,2.2967949049240346,0.37496219796347935,3.7965154748674754,-2.443623410080415,0.19139925555430837,-0.3404031910990221,-0.3400000035762787,2.5274384021759038,-0.23064349725186917,2.5274384021759038,-0.23501410429294411,-0.3400000035762787,2.5274384021759038,-0.24010471153044177,-0.3400000035762787,2.5274384021759038,-0.2456780210826346,-0.3400000035762787,2.5274384021759038,-0.2512566045343423,-0.3400000035762787,-16.05845083967511,0.0
415,10.375,1.757600947122363e+18,4.319556030975473,0.8310554223811157,2.3006835110405355,0.3826757052164418,3.742656852713505,-2.4324406269709735,0.20229529374991306,-0.3412282721836773,-0.3400000035762787,2.5274384021759038,-0.22675489113536829,2.5274384021759038,-0.23064349725186917,-0.3400000035762787,2.5274384021759038,-0.23501410429294411,-0.3400000035762787,2.5274384021759038,-0.24010471153044177,-0.3400000035762787,2.5274384021759038,-0.2456780210826346,-0.3400000035762787,-16.176181526413085,0.0
416,10.4,1.7576009471473628e+18,4.269046982825286,0.7783119972594081,2.304759641070451,0.3842755172037685,3.664566986428004,-2.421123353859205,0.21803312736491068,-0.3419396197952093,-0.3400000035762787,2.5274384021759038,-0.2226787611054526,2.5274384021759038,-0.22675489113536829,-0.3400000035762787,2.5274384021759038,-0.23064349725186917,-0.3400000035762787,2.5274384021759038,-0.23501410429294411,-0.3400000035762787,2.5274384021759038,-0.24010471153044177,-0.3400000035762787,-16.119535650617593,0.0
417,10.425,1.7576009471723628e+18,4.240030105897051,0.7720061490124184,2.309777039732484,0.3810727243169622,3.6296555913571606,-2.41253500244538,0.23468147282774948,-0.3421183626240809,-0.3400000035762787,2.5274384021759038,-0.21766136244341983,2.5274384021759038,-0.2226787611054526,-0.3400000035762787,2.5274384021759038,-0.22675489113536829,-0.3400000035762787,2.5274384021759038,-0.23064349725186917,-0.3400000035762787,2.5274384021759038,-0.23501410429294411,-0.3400000035762787,-15.313447145618433,0.0
418,10.450000000000001,1.7576009471973627e+18,4.184822940195601,0.7274997554680736,2.316114389840655,0.37597938770815387,3.5495033302758077,-2.4091078949001705,0.24681834926351504,-0.34136498390454073,-0.3400000035762787,2.5274384021759038,-0.21132401233524867,2.5274384021759038,-0.21766136244341983,-0.3400000035762787,2.5274384021759038,-0.2226787611054526,-0.3400000035762787,2.5274384021759038,-0.22675489113536829,-0.3400000035762787,2.5274384021759038,-0.23064349725186917,-0.3400000035762787,-14.366641687301895,0.0
419,10.475000000000001,1.757600947222363e+18,4.084175437008485,0.6818296913686994,2.3234958628636737,0.3719461632471302,3.4446094927733375,-2.412396280988626,0.249707962192975,-0.3395102650449965,-0.3400000035762787,2.5274384021759038,-0.20394253931223005,2.5274384021759038,-0.21132401233524867,-0.3400000035762787,2.5274384021759038,-0.21766136244341983,-0.3400000035762787,2.5274384021759038,-0.2226787611054526,-0.3400000035762787,2.5274384021759038,-0.22675489113536829,-0.3400000035762787,-13.420841790430272,0.0
420,10.5,1.7576009472473628e+18,4.074108340517972,0.675710988842112,2.3310765643503264,0.37083086518990194,3.4317411467135854,-2.422587821914395,0.24141952783811607,-0.3368344979773362,-0.3400000035762787,2.5274384021759038,-0.19636183782557737,2.5274384021759038,-0.20394253931223005,-0.3400000035762787,2.5274384021759038,-0.21132401233524867,-0.3400000035762787,2.5274384021759038,-0.21766136244341983,-0.3400000035762787,2.5274384021759038,-0.2226787611054526,-0.3400000035762787,-12.55910697665468,0.0
421,10.525,1.7576009472723628e+18,4.003454959320177,0.6592585911378068,2.3378440919127663,0.3732207378882147,3.3832745085836224,-2.437918836809897,0.22376427665809653,-0.3341914639277649,-0.3400000035762787,2.5274384021759038,-0.18959431026313744,2.5274384021759038,-0.19636183782557737,-0.3400000035762787,2.5274384021759038,-0.20394253931223005,-0.3400000035762787,2.5274384021759038,-0.21132401233524867,-0.3400000035762787,2.5274384021759038,-0.21766136244341983,-0.3400000035762787,-11.800963250677746,0.0
422,10.55,1.757600947297363e+18,3.9364056271714776,0.6329181690776566,2.343106409276115,0.37907660877828675,3.3086314944336865,-2.454308586393552,0.20145895823771123,-0.33292012244095714,-0.3400000035762787,2.5274384021759038,-0.18433199289978885,2.5274384021759038,-0.18959431026313744,-0.3400000035762787,2.5274384021759038,-0.19636183782557737,-0.3400000035762787,2.5274384021759038,-0.20394253931223005,-0.3400000035762787,2.5274384021759038,-0.21132401233524867,-0.3400000035762787,-11.156675888379755,0.0
423,10.575000000000001,1.757600947322363e+18,3.8671856740598094,0.62316325273327,2.3468103296428127,0.38859307938135285,3.2398325498902896,-2.4658526439592516,0.17982598028204064,-0.33446221791087277,-0.3400000035762787,2.5274384021759038,-0.1806280725330911,2.5274384021759038,-0.18433199289978885,-0.3400000035762787,2.5274384021759038,-0.18959431026313744,-0.3400000035762787,2.5274384021759038,-0.19636183782557737,-0.3400000035762787,2.5274384021759038,-0.20394253931223005,-0.3400000035762787,-10.565481638122979,0.0
424,10.600000000000001,1.7576009473473628e+18,3.820793452069188,0.6081086528885955,2.349533929633425,0.40262996117858924,3.1882798935357104,-2.4666067978757162,0.16214707190392913,-0.33969842464780137,-0.3400000035762787,2.5274384021759038,-0.17790447254247876,2.5274384021759038,-0.1806280725330911,-0.3400000035762787,2.5274384021759038,-0.18433199289978885,-0.3400000035762787,2.5274384021759038,-0.18959431026313744,-0.3400000035762787,2.5274384021759038,-0.19636183782557737,-0.3400000035762787,-10.13039812877111,0.0
425,10.625,1.7576009473723628e+18,3.735439202347628,0.6007492046165936,2.3521553948385567,0.42238609400725424,3.0941002282397765,-2.453282911092546,0.14805818050628158,-0.3481560663408776,-0.3400000035762787,2.5274384021759038,-0.17528300733734703,2.5274384021759038,-0.17790447254247876,-0.3400000035762787,2.5274384021759038,-0.1806280725330911,-0.3400000035762787,2.5274384021759038,-0.18433199289978885,-0.3400000035762787,2.5274384021759038,-0.18959431026313744,-0.3400000035762787,-9.827196596065805,0.0
426,10.65,1.7576009473973627e+18,3.699842878019033,0.5950850836315318,2.3553663760490244,0.44841799114874714,3.052911352997294,-2.427628330641818,0.13393001744542912,-0.35738405393822026,-0.3400000035762787,2.5274384021759038,-0.17207202612687933,2.5274384021759038,-0.17528300733734703,-0.3400000035762787,2.5274384021759038,-0.17790447254247876,-0.3400000035762787,2.5274384021759038,-0.1806280725330911,-0.3400000035762787,2.5274384021759038,-0.18433199289978885,-0.3400000035762787,-9.567393589379048,0.0
427,10.675,1.757600947422363e+18,3.6543514062680895,0.6018845437342668,2.3592902961058715,0.4794605199697246,3.0241982090257244,-2.3970707079063533,0.11520959741626904,-0.3628651155519537,-0.3400000035762787,2.5274384021759038,-0.16814810607003228,2.5274384021759038,-0.17207202612687933,-0.3400000035762787,2.5274384021759038,-0.17528300733734703,-0.3400000035762787,2.5274384021759038,-0.17790447254247876,-0.3400000035762787,2.5274384021759038,-0.1806280725330911,-0.3400000035762787,-9.380535213691964,0.0
428,10.700000000000001,1.7576009474473628e+18,3.597345873485452,0.599572853764266,2.3634135522234416,0.5117066419821701,2.963869835066158,-2.3728312206644135,0.08967153127661728,-0.3587650705878267,-0.3400000035762787,2.5274384021759038,-0.16402484995246214,2.5274384021759038,-0.16814810607003228,-0.3400000035762787,2.5274384021759038,-0.17207202612687933,-0.3400000035762787,2.5274384021759038,-0.17528300733734703,-0.3400000035762787,2.5274384021759038,-0.17790447254247876,-0.3400000035762787,-9.536045189093715,0.0
429,10.725000000000001,1.7576009474723628e+18,3.532255772474696,0.6123019110389858,2.366863806621968,0.5391993901594867,2.893383230217611,-2.3657357336931457,0.05995976483609406,-0.33955803580675475,-0.3400000035762787,2.5274384021759038,-0.16057459555393594,2.5274384021759038,-0.16402484995246214,-0.3400000035762787,2.5274384021759038,-0.16814810607003228,-0.3400000035762787,2.5274384021759038,-0.17207202612687933,-0.3400000035762787,2.5274384021759038,-0.17528300733734703,-0.3400000035762787,-9.720414616931622,0.0
430,10.75,1.757600947497363e+18,3.3599370072024373,0.6328462366578933,2.3688876964483763,0.5556463500978653,2.7264697470268193,-2.380926384313209,0.03399646789150883,-0.30214678538171924,-0.3400000035762787,2.5274384021759038,-0.1585507057275275,2.5274384021759038,-0.16057459555393594,-0.3400000035762787,2.5274384021759038,-0.16402484995246214,-0.3400000035762787,2.5274384021759038,-0.16814810607003228,-0.3400000035762787,2.5274384021759038,-0.17207202612687933,-0.3400000035762787,-9.979115669019539,0.0
431,10.775,1.757600947522363e+18,3.3599370072024373,0.6328462366578933,2.369294102725826,0.5572041791403365,2.7264697470268193,-2.4132965651352234,0.02273623585511778,-0.2476704273253407,-0.3400000035762787,2.5274384021759038,-0.15814429945007769,2.5274384021759038,-0.1585507057275275,-0.3400000035762787,2.5274384021759038,-0.16057459555393594,-0.3400000035762787,2.5274384021759038,-0.16402484995246214,-0.3400000035762787,2.5274384021759038,-0.16814810607003228,-0.3400000035762787,-10.30258925570218,0.0
432,10.8,1.7576009475473628e+18,3.308120273908948,0.6690686937836972,2.368661304702957,0.5449504725363521,2.6819332470516684,-2.445552746882978,0.03595280526579728,-0.18203259824773016,-0.2248379737138748,2.5274384021759038,-0.15877709747294677,2.5274384021759038,-0.15814429945007769,-0.3400000035762787,2.5274384021759038,-0.1585507057275275,-0.3400000035762787,2.5274384021759038,-0.16057459555393594,-0.3400000035762787,2.5274384021759038,-0.16402484995246214,-0.3400000035762787,-10.917838934771467,0.0
433,10.825000000000001,1.7576009475723628e+18,3.284795034969608,0.6752227457186841,2.3682132902427195,0.5255765730859123,2.656939514138494,-2.450283377268821,0.07771168815112393,-0.1145722053016895,-0.0045047933235764,2.5274384021759038,-0.15922511193318423,2.5274384021759038,-0.15877709747294677,-0.2248379737138748,2.5274384021759038,-0.15814429945007769,-0.3400000035762787,2.5274384021759038,-0.1585507057275275,-0.3400000035762787,2.5274384021759038,-0.16057459555393594,-0.3400000035762787,-11.57998656102894,0.0
434,10.850000000000001,1.7576009475973627e+18,3.1914132487894413,0.7249690432839049,2.369399510780289,0.5095826318343222,2.531333501628687,-2.396319592107879,0.1434576041944589,-0.05521577169535003,-0.0,2.5274384021759038,-0.15803889139561456,2.5274384021759038,-0.15922511193318423,-0.0045047933235764,2.5274384021759038,-0.15877709747294677,-0.2248379737138748,2.5274384021759038,-0.15814429945007769,-0.3400000035762787,2.5274384021759038,-0.1585507057275275,-0.3400000035762787,-12.39717008595179,0.0
435,10.875,1.757600947622363e+18,3.1691498177871416,0.7336384022898768,2.3733305359498074,0.5073878374519519,2.505370184222971,-2.258115537571058,0.2200889397319714,-0.0113553418092495,-0.0,2.5274384021759038,-0.1541078662260964,2.5274384021759038,-0.15803889139561456,-0.0,2.5274384021759038,-0.15922511193318423,-0.0045047933235764,2.5274384021759038,-0.15877709747294677,-0.2248379737138748,2.5274384021759038,-0.15814429945007769,-0.3400000035762787,-13.182640894551378,0.0
436,10.9,1.7576009476473628e+18,3.0747782674680613,0.7867632804854334,2.380298785776502,0.5246350136126757,2.414241768024999,-2.0252380559629333,0.2892304098293484,0.014127082548172978,-0.0,2.5274384021759038,-0.14713961639940187,2.5274384021759038,-0.1541078662260964,-0.0,2.5274384021759038,-0.15803889139561456,-0.0,2.5274384021759038,-0.15922511193318423,-0.0045047933235764,2.5274384021759038,-0.15877709747294677,-0.2248379737138748,-13.927770244603215,0.0
437,10.925,1.7576009476723628e+18,3.042542479286431,0.8030835252859074,2.3896038228618233,0.5584455307319014,2.3766136982004036,-1.7081732773083063,0.3326428409416624,0.02297483528272112,-0.0,2.5274384021759038,-0.1378345793140805,2.5274384021759038,-0.14713961639940187,-0.0,2.5274384021759038,-0.1541078662260964,-0.0,2.5274384021759038,-0.15803889139561456,-0.0,2.5274384021759038,-0.15922511193318423,-0.0045047933235764,-14.62725758403276,0.0
438,10.950000000000001,1.757600947697363e+18,2.955756551694148,0.8918546801088565,2.3997775362276426,0.5964049991446018,2.268312123270936,-1.3375066225584777,0.33786254146396505,0.020102882263370737,-0.0,2.5274384021759038,-0.1276608659482612,2.5274384021759038,-0.1378345793140805,-0.0,2.5274384021759038,-0.14713961639940187,-0.0,2.5274384021759038,-0.1541078662260964,-0.0,2.5274384021759038,-0.15803889139561456,-0.0,-15.220853567473574,0.0
439,10.975000000000001,1.757600947722363e+18,2.955756551694148,0.8918546801088565,2.409110770649977,0.6192935033684072,2.268312123270936,-0.9562322718823831,0.30208429938141423,0.01147849451849842,-0.0,2.5274384021759038,-0.11832763152592696,2.5274384021759038,-0.1276608659482612,-0.0,2.5274384021759038,-0.1378345793140805,-0.0,2.5274384021759038,-0.14713961639940187,-0.0,2.5274384021759038,-0.1541078662260964,-0.0,-15.712058939037496,0.0
440,11.0,1.7576009477473628e+18,2.905215810438189,0.9466449404713704,2.416235215552696,0.6070558427405124,2.220960417320374,-0.6080858953072221,0.23299395909924045,0.0022505082184969796,-0.0,2.5274384021759038,-0.11120318662320772,2.5274384021759038,-0.11832763152592696,-0.0,2.5274384021759038,-0.1276608659482612,-0.0,2.5274384021759038,-0.1378345793140805,-0.0,2.5274384021759038,-0.14713961639940187,-0.0,-16.168060760484693,0.0
441,11.025,1.7576009477723628e+18,2.8645378734554776,0.9838454852820976,2.420509175350419,0.5460049473106964,2.170253454026122,-0.3264020587728467,0.14639684959437282,-0.004330106168508345,-0.0,2.5274384021759038,-0.10692922682548467,2.5274384021759038,-0.11120318662320772,-0.0,2.5274384021759038,-0.11832763152592696,-0.0,2.5274384021759038,-0.1276608659482612,-0.0,2.5274384021759038,-0.1378345793140805,-0.0,-16.60095048371823,0.0
442,11.05,1.7576009477973627e+18,2.841040683737681,1.054408226737123,2.4220846023198974,0.4345632635677302,2.2205310215807135,-0.12731773773574856,0.061594718925281594,-0.007103766445517025,-0.0,2.5274384021759038,-0.10535379985600635,2.5274384021759038,-0.10692922682548467,-0.0,2.5274384021759038,-0.11120318662320772,-0.0,2.5274384021759038,-0.11832763152592696,-0.0,2.5274384021759038,-0.1276608659482612,-0.0,-16.965943781935955,0.0
443,11.075000000000001,1.757600947822363e+18,2.8093731046790986,1.091569150930206,2.421699614290166,0.2852222566842799,2.197305918257573,-0.008956166184388365,-0.003881979164549825,-0.006540219727840728,-0.0,2.5274384021759038,-0.10573878788573765,2.5274384021759038,-0.10535379985600635,-0.0,2.5274384021759038,-0.10692922682548467,-0.0,2.5274384021759038,-0.11120318662320772,-0.0,2.5274384021759038,-0.11832763152592696,-0.0,-17.217850259929737,0.0
444,11.100000000000001,1.7576009478473628e+18,2.769872573175892,1.1578038331882212,2.4203488186778355,0.12167219561008488,2.2288593022161605,0.04420237195055014,-0.038560682636246776,-0.003983334480161929,-0.0,2.5274384021759038,-0.1070895834980683,2.5274384021759038,-0.10573878788573765,-0.0,2.5274384021759038,-0.10535379985600635,-0.0,2.5274384021759038,-0.10692922682548467,-0.0,2.5274384021759038,-0.11120318662320772,-0.0,-17.485307357344,0.0
445,11.125,1.7576009478723628e+18,2.725774590663097,1.2266343155190025,2.4189902970719426,-0.028154929551712546,2.243343903499849,0.05422297623043052,-0.0392296356318495,-0.0009296953983513927,-0.0,2.5274384021759038,-0.10844810510396119,2.5274384021759038,-0.1070895834980683,-0.0,2.5274384021759038,-0.10573878788573765,-0.0,2.5274384021759038,-0.10535379985600635,-0.0,2.5274384021759038,-0.10692922682548467,-0.0,-17.715208313281824,0.0
446,11.15,1.757600947897363e+18,2.69547773303327,1.26485959510894,2.4183707869375937,-0.1406532039853832,2.2411315908241147,0.04273587870244954,-0.010739731413342174,0.0014623048498401826,-0.0,2.5274384021759038,-0.1090676152383101,2.5274384021759038,-0.10844810510396119,-0.0,2.5274384021759038,-0.1070895834980683,-0.0,2.5274384021759038,-0.10573878788573765,-0.0,2.5274384021759038,-0.10535379985600635,-0.0,-18.025672682417866,0.0
447,11.175,1.757600947922363e+18,2.674933327988901,1.2961344234636325,2.4189557542019435,-0.20335829475519204,2.2459778440062927,0.026137638859213046,0.03617914665854061,0.0025830419971632976,-0.0,2.5274384021759038,-0.10848264797396023,2.5274384021759038,-0.1090676152383101,-0.0,2.5274384021759038,-0.10844810510396119,-0.0,2.5274384021759038,-0.1070895834980683,-0.0,2.5274384021759038,-0.10573878788573765,-0.0,-18.353966568320853,0.0
448,11.200000000000001,1.7576009479473628e+18,2.6341212118065456,1.3440491201681095,2.420910817663587,-0.2173435887240081,2.2470186935238146,0.013735619736021734,0.08820908547137106,0.0023594590093345084,-0.0,2.5274384021759038,-0.10652758451231659,2.5274384021759038,-0.10848264797396023,-0.0,2.5274384021759038,-0.1090676152383101,-0.0,2.5274384021759038,-0.10844810510396119,-0.0,2.5274384021759038,-0.1070895834980683,-0.0,-18.63505059142223,0.0
449,11.225000000000001,1.7576009479723628e+18,2.535065427747288,1.474638673059545,2.424108204257725,-0.19469944094808522,2.245381172056444,0.008444826272094093,0.13284121888808265,0.0011221415000970858,-0.0,2.5274384021759038,-0.10333019791817888,2.5274384021759038,-0.10652758451231659,-0.0,2.5274384021759038,-0.10848264797396023,-0.0,2.5274384021759038,-0.1090676152383101,-0.0,2.5274384021759038,-0.10844810510396119,-0.0,-18.981181009348095,0.0
450,11.25,1.7576009479973627e+18,2.535065427747288,1.474638673059545,2.428171655009769,-0.15289423019698883,2.245381172056444,0.008973861083998246,0.16103978837697167,-0.0005585089789651938,-0.0,2.5274384021759038,-0.09926674716613482,2.5274384021759038,-0.10333019791817888,-0.0,2.5274384021759038,-0.10652758451231659,-0.0,2.5274384021759038,-0.10848264797396023,-0.0,2.5274384021759038,-0.1090676152383101,-0.0,-19.33033746670604,0.0
451,11.275,1.757600948022363e+18,2.4837943743249093,1.542066632363918,2.4325739196899216,-0.10875149939069197,2.2452210390467613,0.01229109030671606,0.16866550575714986,-0.0020213225244235192,-0.0,2.5274384021759038,-0.09486448248598212,2.5274384021759038,-0.09926674716613482,-0.0,2.5274384021759038,-0.10333019791817888,-0.0,2.5274384021759038,-0.10652758451231659,-0.0,2.5274384021759038,-0.10848264797396023,-0.0,-19.565171778231594,0.0
452,11.3,1.7576009480473628e+18,2.468254669774497,1.561408573121975,2.4367685984479306,-0.07414910193961774,2.2451472132424746,0.015483166979857878,0.15653188480334165,-0.0026486278612917807,-0.0,2.5274384021759038,-0.09066980372797318,2.5274384021759038,-0.09486448248598212,-0.0,2.5274384021759038,-0.09926674716613482,-0.0,2.5274384021759038,-0.10333019791817888,-0.0,2.5274384021759038,-0.10652758451231659,-0.0,-19.748742438624813,0.0
453,11.325000000000001,1.7576009480723628e+18,2.438225264789246,1.5981508976521557,2.4403121097044385,-0.054287442857896176,2.2461740804586103,0.016706343753035584,0.1293063145243798,-0.0020084334225709296,-0.0,2.5274384021759038,-0.0871262924714653,2.5274384021759038,-0.09066980372797318,-0.0,2.5274384021759038,-0.09486448248598212,-0.0,2.5274384021759038,-0.09926674716613482,-0.0,2.5274384021759038,-0.10333019791817888,-0.0,-19.946827318994586,0.0
454,11.350000000000001,1.757600948097363e+18,2.391786838858849,1.65607292467802,2.4429369972666595,-0.048332565616760866,2.2464875603191556,0.015426646006883617,0.09370273783412146,-1.5850269895727735e-05,-0.0,2.5274384021759038,-0.0845014049092443,2.5274384021759038,-0.0871262924714653,-0.0,2.5274384021759038,-0.09066980372797318,-0.0,2.5274384021759038,-0.09486448248598212,-0.0,2.5274384021759038,-0.09926674716613482,-0.0,-20.10880471982599,0.0
455,11.375,1.757600948122363e+18,2.3668245940550547,1.69653703441777,2.444566447955266,-0.051625926992129825,2.2477686606208023,0.012286410545070098,0.05651573000012468,0.002914873754461973,-0.0,2.5274384021759038,-0.08287195422063798,2.5274384021759038,-0.0845014049092443,-0.0,2.5274384021759038,-0.0871262924714653,-0.0,2.5274384021759038,-0.09066980372797318,-0.0,2.5274384021759038,-0.09486448248598212,-0.0,-20.243277356948216,0.0
456,11.4,1.7576009481473628e+18,2.329144403414117,1.743610075130596,2.4452844705049666,-0.05838934691609808,2.2482427050983946,0.008791552963269887,0.02301422155497149,0.0058043760384272215,-0.0,2.5274384021759038,-0.08215393167093721,2.5274384021759038,-0.08287195422063798,-0.0,2.5274384021759038,-0.0845014049092443,-0.0,2.5274384021759038,-0.0871262924714653,-0.0,2.5274384021759038,-0.09066980372797318,-0.0,-20.358191953073803,0.0
457,11.425,1.7576009481723628e+18,2.2842411599491923,1.8003853763424036,2.4452810859430714,-0.06392765739729891,2.248174275513886,0.006846551278733364,-0.003932309125215611,0.0072315661474668036,-0.0,2.5274384021759038,-0.0821573162328324,2.5274384021759038,-0.08215393167093721,-0.0,2.5274384021759038,-0.08287195422063798,-0.0,2.5274384021759038,-0.0845014049092443,-0.0,2.5274384021759038,-0.0871262924714653,-0.0,-20.401299256991326,0.0
458,11.450000000000001,1.7576009481973627e+18,2.22584592354017,1.874262577492363,2.44478668611414,-0.0657366191126122,2.249471152388331,0.008135239223796093,-0.023843517257997975,0.005726722005890224,-0.0,2.5274384021759038,-0.08265171606176391,2.5274384021759038,-0.0821573162328324,-0.0,2.5274384021759038,-0.08215393167093721,-0.0,2.5274384021759038,-0.08287195422063798,-0.0,2.5274384021759038,-0.0845014049092443,-0.0,-20.4956095587473,0.0
459,11.475000000000001,1.757600948222363e+18,2.1997637291732435,1.9067026825860471,2.4440097308855746,-0.06348776698307117,2.249824674829411,0.01343372691699031,-0.037829917693743435,0.00042799557533583016,-0.0,2.5274384021759038,-0.08342867129032916,2.5274384021759038,-0.08265171606176391,-0.0,2.5274384021759038,-0.0821573162328324,-0.0,2.5274384021759038,-0.08215393167093721,-0.0,2.5274384021759038,-0.08287195422063798,-0.0,-20.526666592396875,0.0
460,11.5,1.7576009482473628e+18,2.163091325871105,1.9597491630421704,2.443095971786691,-0.058302189318899474,2.24962588568467,0.02203699154261739,-0.04732353293710019,-0.008142982509792836,-0.0,2.5274384021759038,-0.08434243038921263,2.5274384021759038,-0.08342867129032916,-0.0,2.5274384021759038,-0.08265171606176391,-0.0,2.5274384021759038,-0.0821573162328324,-0.0,2.5274384021759038,-0.08215393167093721,-0.0,-20.555298657640424,0.0
461,11.525,1.7576009482723628e+18,2.129901314021841,2.000922982831137,2.4421229120318033,-0.051859163814474016,2.2499374127983587,0.03150808228600133,-0.052795814371994626,-0.017474909722772027,-0.0,2.5274384021759038,-0.08531549014410045,2.5274384021759038,-0.08434243038921263,-0.0,2.5274384021759038,-0.08342867129032916,-0.0,2.5274384021759038,-0.08265171606176391,-0.0,2.5274384021759038,-0.0821573162328324,-0.0,-20.64132848248006,0.0
462,11.55,1.757600948297363e+18,2.0292557202620136,2.1237083419082863,2.441128794152068,-0.045729558740715284,2.250065617059194,0.03793319420832701,-0.05294141210996306,-0.022996159933489004,-0.0,2.5274384021759038,-0.0863096080238357,2.5274384021759038,-0.08531549014410045,-0.0,2.5274384021759038,-0.08434243038921263,-0.0,2.5274384021759038,-0.08342867129032916,-0.0,2.5274384021759038,-0.08265171606176391,-0.0,-20.667742130492062,0.0
463,11.575000000000001,1.757600948322363e+18,2.0292557202620136,2.1237083419082863,2.4401643451124615,-0.04104528639001553,2.250065617059194,0.036831629458539884,-0.04468496242769417,-0.01883802352188827,-0.0,2.5274384021759038,-0.08727405706344227,2.5274384021759038,-0.0863096080238357,-0.0,2.5274384021759038,-0.08531549014410045,-0.0,2.5274384021759038,-0.08434243038921263,-0.0,2.5274384021759038,-0.08342867129032916,-0.0,-20.69558374946313,0.0
464,11.600000000000001,1.7576009483473628e+18,2.0048798927732734,2.1550937808575643,2.4393538942223927,-0.03840949919406389,2.249947231576163,0.024807129553097457,-0.024118750499008648,0.0005300237459541879,-0.0,2.5274384021759038,-0.08808450795351108,2.5274384021759038,-0.08727405706344227,-0.0,2.5274384021759038,-0.0863096080238357,-0.0,2.5274384021759038,-0.08531549014410045,-0.0,2.5274384021759038,-0.08434243038921263,-0.0,-20.72910552776245,0.0
465,11.625,1.7576009483723628e+18,1.9740270188212192,2.1932786723279776,2.438949630011988,-0.037902353623595425,2.250398438447695,0.0018308264838994232,0.011842308298068042,0.03817564240599463,-0.0,2.5274384021759038,-0.08848877216391582,2.5274384021759038,-0.08808450795351108,-0.0,2.5274384021759038,-0.08727405706344227,-0.0,2.5274384021759038,-0.0863096080238357,-0.0,2.5274384021759038,-0.08531549014410045,-0.0,-20.65687866495441,0.0
466,11.65,1.7576009483973627e+18,1.9230629720898773,2.260848433040774,2.439352099197246,-0.03910172708691035,2.2512319624802117,-0.02637041655529345,0.06360123578502003,0.09290060747597462,-0.0,2.5274384021759038,-0.08808630297865783,2.5274384021759038,-0.08848877216391582,-0.0,2.5274384021759038,-0.08808450795351108,-0.0,2.5274384021759038,-0.08727405706344227,-0.0,2.5274384021759038,-0.0863096080238357,-0.0,-20.427728817372515,0.0
467,11.675,1.757600948422363e+18,1.8700762233855364,2.327133953016453,2.4410639075970333,-0.041139617149256694,2.251186461499246,-0.04685976273919437,0.12749384544395828,0.15872884761491649,0.1146862059831619,2.5274384021759038,-0.08637449457887048,2.5274384021759038,-0.08808630297865783,-0.0,2.5274384021759038,-0.08848877216391582,-0.0,2.5274384021759038,-0.08808450795351108,-0.0,2.5274384021759038,-0.08727405706344227,-0.0,-20.16619429833959,0.0
468,11.700000000000001,1.7576009484473628e+18,1.8343135446614849,2.373450090550982,2.4445571695864823,-0.042881992434399815,2.2516029327272924,-0.040230053208681935,0.19549953373816162,0.2262614064360497,0.3400000035762787,2.5274384021759038,-0.08288123258942148,2.5274384021759038,-0.08637449457887048,0.1146862059831619,2.5274384021759038,-0.08808630297865783,-0.0,2.5274384021759038,-0.08848877216391582,-0.0,2.5274384021759038,-0.08808450795351108,-0.0,-19.876399555324333,0.0
469,11.725000000000001,1.7576009484723628e+18,1.7963898548334056,2.4213681919411654,2.4500714500016123,-0.043293049095741415,2.252106502287529,0.015680558226471658,0.2563676438228664,0.28554941598291733,0.3400000035762787,2.5274384021759038,-0.07736695217429146,2.5274384021759038,-0.08288123258942148,0.3400000035762787,2.5274384021759038,-0.08637449457887048,0.1146862059831619,2.5274384021759038,-0.08808630297865783,-0.0,2.5274384021759038,-0.08848877216391582,-0.0,-19.617790381420217,0.0
470,11.75,1.757600948497363e+18,1.7730172202618917,2.450267461140693,2.4574116655569744,-0.04193018922334994,2.2521623921101694,0.13952989857765327,0.29800808375905935,0.32922717622026254,0.3400000035762787,2.5863826274871826,-0.12897096193020818,2.5274384021759038,-0.07736695217429146,0.3400000035762787,2.5274384021759038,-0.08288123258942148,0.3400000035762787,2.5274384021759038,-0.08637449457887048,0.1146862059831619,2.5274384021759038,-0.08808630297865783,-0.0,-19.329288449186457,0.0
471,11.775,1.757600948522363e+18,1.7232001194030295,2.51701963280458,2.465859368617377,-0.03940089788324347,2.2528986915028035,0.33955757315834634,0.3105195778984466,0.3544767426438374,0.3400000035762787,2.5863826274871826,-0.12052325886980553,2.5863826274871826,-0.12897096193020818,0.3400000035762787,2.5274384021759038,-0.07736695217429146,0.3400000035762787,2.5274384021759038,-0.08288123258942148,0.3400000035762787,2.5274384021759038,-0.08637449457887048,0.1146862059831619,-19.06705415149979,0.0
472,11.8,1.7576009485473628e+18,1.6763352867036767,2.574881573728031,2.4742926836908468,-0.03757455548643512,2.2536435315926604,0.608771574212999,0.2889434307058883,0.36311594086591803,0.3400000035762787,2.5863826274871826,-0.11208994379633586,2.5863826274871826,-0.12052325886980553,0.3400000035762787,2.5863826274871826,-0.12897096193020818,0.3400000035762787,2.5274384021759038,-0.07736695217429146,0.3400000035762787,2.5274384021759038,-0.08288123258942148,0.3400000035762787,-18.772498535555425,0.0
473,11.825000000000001,1.7576009485723628e+18,1.651225609105487,2.605883384640575,2.481502293698804,-0.03938687851714291,2.2540426089699017,0.9246286251977308,0.23486897678100138,0.3601153038826913,0.3400000035762787,2.5863826274871826,-0.1048803337883788,2.5863826274871826,-0.11208994379633586,0.3400000035762787,2.5863826274871826,-0.12052325886980553,0.3400000035762787,2.5863826274871826,-0.12897096193020818,0.3400000035762787,2.5274384021759038,-0.07736695217429146,0.3400000035762787,-18.51044412255195,0.0
474,11.850000000000001,1.7576009485973627e+18,1.596350694237514,2.674924457684847,2.4865595353093366,-0.048185293792351834,2.2754699894655093,1.253989383008144,0.15637843807257662,0.3514596751176995,0.3400000035762787,2.5863826274871826,-0.09982309217784602,2.5863826274871826,-0.1048803337883788,0.3400000035762787,2.5863826274871826,-0.11208994379633586,0.3400000035762787,2.5863826274871826,-0.12052325886980553,0.3400000035762787,2.5863826274871826,-0.12897096193020818,0.3400000035762787,-18.057028822446053,0.0
475,11.875,1.757600948622363e+18,1.5705543181037456,2.699859989902888,2.4890545915979914,-0.06673542163675797,2.3224335589893648,1.561915254666027,0.06635799045055243,0.3422737877155314,0.3400000035762787,2.5863826274871826,-0.09732803588919126,2.5863826274871826,-0.09982309217784602,0.3400000035762787,2.5863826274871826,-0.1048803337883788,0.3400000035762787,2.5863826274871826,-0.11208994379633586,0.3400000035762787,2.5863826274871826,-0.12052325886980553,0.3400000035762787,-17.42824339434213,0.0
476,11.9,1.7576009486473628e+18,1.522880926415854,2.7578628242942527,2.4891153847359377,-0.09620595669722874,2.362083642857461,1.8210719696366888,-0.0203039380809408,0.33575359871714955,0.3400000035762787,2.5863826274871826,-0.09726724275124488,2.5863826274871826,-0.09732803588919126,0.3400000035762787,2.5863826274871826,-0.09982309217784602,0.3400000035762787,2.5863826274871826,-0.1048803337883788,0.3400000035762787,2.5863826274871826,-0.11208994379633586,0.3400000035762787,-16.639428184512134,0.0
477,11.925,1.7576009486723628e+18,1.4476367281141913,2.826855548827256,2.4872555656258206,-0.13557110181888313,2.446042868043339,2.018089816114956,-0.08984753414201516,0.33299400838145155,0.3400000035762787,2.5863826274871826,-0.099127061861362,2.5863826274871826,-0.09726724275124488,0.3400000035762787,2.5863826274871826,-0.09732803588919126,0.3400000035762787,2.5863826274871826,-0.09982309217784602,0.3400000035762787,2.5863826274871826,-0.1048803337883788,0.3400000035762787,-15.93576496353666,0.0
478,11.950000000000001,1.757600948697363e+18,1.4107099593483858,2.86912530851682,2.484172141459737,-0.18179052092896003,2.4878250241259923,2.1545797137516915,-0.1323488938271679,0.3334772833172596,0.3400000035762787,2.5863826274871826,-0.10221048602744576,2.5863826274871826,-0.099127061861362,0.3400000035762787,2.5863826274871826,-0.09726724275124488,0.3400000035762787,2.5863826274871826,-0.09732803588919126,0.3400000035762787,2.5863826274871826,-0.09982309217784602,0.3400000035762787,-15.375648347969095,0.0
479,11.975000000000001,1.757600948722363e+18,1.391848312447686,2.8823651536447112,2.480587620281309,-0.2308051266616203,2.5288432020699307,2.243001762054112,-0.14349811598486367,0.33585317856586916,0.3400000035762787,2.5863826274871826,-0.10579500720587376,2.5863826274871826,-0.10221048602744576,0.3400000035762787,2.5863826274871826,-0.099127061861362,0.3400000035762787,2.5863826274871826,-0.09726724275124488,0.3400000035762787,2.5863826274871826,-0.09732803588919126,0.3400000035762787,-15.358883700630782,0.0
480,12.0,1.7576009487473628e+18,1.338790681314891,2.934324601323378,2.477158342398731,-0.27895957164528856,2.596148189446483,2.299856015528156,-0.12525289010480642,0.33867585074122375,0.3400000035762787,2.5863826274871826,-0.10922428508845172,2.5863826274871826,-0.10579500720587376,0.3400000035762787,2.5863826274871826,-0.10221048602744576,0.3400000035762787,2.5863826274871826,-0.099127061861362,0.3400000035762787,2.5863826274871826,-0.09726724275124488,0.3400000035762787,-15.509430666469326,0.0
481,12.025,1.7576009487723628e+18,1.2846139225051625,2.960205940640841,2.4744190583947843,-0.3241844066469966,2.6439028454330087,2.3394336486280958,-0.08541109248646556,0.3408923256528406,0.3400000035762787,2.5863826274871826,-0.11196356909239835,2.5863826274871826,-0.10922428508845172,0.3400000035762787,2.5863826274871826,-0.10579500720587376,0.3400000035762787,2.5863826274871826,-0.10221048602744576,0.3400000035762787,2.5863826274871826,-0.099127061861362,0.3400000035762787,-15.739963814306872,0.0
482,12.05,1.7576009487973627e+18,1.2410486241069525,2.994243558324465,2.472731139556508,-0.36633745899279807,2.6946005629568566,2.370374835929811,-0.03626285938667784,0.3420261435709388,0.3400000035762787,2.5863826274871826,-0.11365148793067448,2.5863826274871826,-0.11196356909239835,0.3400000035762787,2.5863826274871826,-0.10922428508845172,0.3400000035762787,2.5863826274871826,-0.10579500720587376,0.3400000035762787,2.5863826274871826,-0.10221048602744576,0.3400000035762787,-15.963483026280628,0.0
483,12.075000000000001,1.757600948822363e+18,1.1851383390268917,3.018882019081839,2.4722226795314404,-0.40650911885597935,2.7471834035413405,2.39546096262117,0.007483175340643091,0.34211337911539325,0.3400000035762787,2.5863826274871826,-0.11415994795574225,2.5863826274871826,-0.11365148793067448,0.3400000035762787,2.5863826274871826,-0.11196356909239835,0.3400000035762787,2.5863826274871826,-0.10922428508845172,0.3400000035762787,2.5863826274871826,-0.10579500720587376,0.3400000035762787,-16.1575699456187,0.0
484,12.100000000000001,1.7576009488473628e+18,1.1212236482286215,3.0541718610734963,2.472723280120747,-0.44561119192798865,2.8270133991395396,2.413635108030735,0.03127291033393395,0.34150323095075497,0.3400000035762787,2.5863826274871826,-0.11365934736643579,2.5863826274871826,-0.11415994795574225,0.3400000035762787,2.5863826274871826,-0.11365148793067448,0.3400000035762787,2.5863826274871826,-0.11196356909239835,0.3400000035762787,2.5863826274871826,-0.10922428508845172,0.3400000035762787,-16.2495942488104,0.0
485,12.125,1.7576009488723628e+18,1.0339180284852594,3.0813085022790654,2.4737107119693915,-0.48289864692179135,2.9317114836042024,2.422748466858585,0.023467074479507806,0.3406355862994828,0.3400000035762787,2.5274384021759038,-0.053727690206512246,2.5863826274871826,-0.11365934736643579,0.3400000035762787,2.5863826274871826,-0.11415994795574225,0.3400000035762787,2.5863826274871826,-0.11365148793067448,0.3400000035762787,2.5863826274871826,-0.11196356909239835,0.3400000035762787,-16.235054951565402,0.0
486,12.15,1.757600948897363e+18,1.0016172948835873,3.0959527408253877,2.4743137271722198,-0.5151130984428753,2.9704181738186883,2.421815165290528,-0.02215009754806518,0.3398731297419965,0.3400000035762787,2.5274384021759038,-0.05312467500368401,2.5274384021759038,-0.053727690206512246,0.3400000035762787,2.5863826274871826,-0.11365934736643579,0.3400000035762787,2.5863826274871826,-0.11415994795574225,0.3400000035762787,2.5863826274871826,-0.11365148793067448,0.3400000035762787,-16.176065355348147,0.0
487,12.175,1.757600948922363e+18,0.9692365620883449,3.102492647801915,2.473430133001411,-0.536790997833615,2.9815598806947925,2.412175868165148,-0.10464392068096509,0.33941935085391606,0.3400000035762787,2.5274384021759038,-0.05400826917449297,2.5274384021759038,-0.05312467500368401,0.3400000035762787,2.5274384021759038,-0.053727690206512246,0.3400000035762787,2.5863826274871826,-0.11365934736643579,0.3400000035762787,2.5863826274871826,-0.11415994795574225,0.3400000035762787,-16.081161898907137,0.0
488,12.200000000000001,1.7576009489473628e+18,0.890946533507436,3.1212992165959834,2.469981481192631,-0.5419812038017883,3.0590699181213172,2.397501965148561,-0.21547510578571116,0.3393149438406823,0.3400000035762787,2.5274384021759038,-0.05745692098327293,2.5274384021759038,-0.05400826917449297,0.3400000035762787,2.5274384021759038,-0.05312467500368401,0.3400000035762787,2.5274384021759038,-0.053727690206512246,0.3400000035762787,2.5863826274871826,-0.11365934736643579,0.3400000035762787,-15.962118991205573,0.0
489,12.225000000000001,1.7576009489723628e+18,0.8555028631498001,3.1385613672111896,2.4632382279373077,-0.5270324815147968,3.1148565017299132,2.3828338855370186,-0.3395926213678252,0.3394832800611942,0.3400000035762787,2.5274384021759038,-0.06420017423859603,2.5274384021759038,-0.05745692098327293,0.3400000035762787,2.5274384021759038,-0.05400826917449297,0.3400000035762787,2.5274384021759038,-0.05312467500368401,0.3400000035762787,2.5274384021759038,-0.053727690206512246,0.3400000035762787,-15.832338470858241,0.0
490,12.25,1.7576009489973627e+18,0.7765357647420865,3.131786290035113,2.453072908604462,-0.49331346485691174,3.19919626998387,2.372971354913448,-0.4579934724794801,0.3397916970698755,0.3400000035762787,2.468493938446045,-0.01542102984158289,2.5274384021759038,-0.06420017423859603,0.3400000035762787,2.5274384021759038,-0.05745692098327293,0.3400000035762787,2.5274384021759038,-0.05400826917449297,0.3400000035762787,2.5274384021759038,-0.05312467500368401,0.3400000035762787,-15.646644628260786,0.0
491,12.275,1.757600949022363e+18,0.7236753205741446,3.129511048926852,2.4400090633285214,-0.4482988018039553,3.245618515417352,2.370769482036961,-0.5512929609347352,0.34010406951855454,0.3400000035762787,2.468493938446045,-0.02848487511752351,2.468493938446045,-0.01542102984158289,0.3400000035762787,2.5274384021759038,-0.06420017423859603,0.3400000035762787,2.5274384021759038,-0.05745692098327293,0.3400000035762787,2.5274384021759038,-0.05400826917449297,0.3400000035762787,-15.417971733304432,0.0
492,12.3,1.7576009490473628e+18,0.6335257573568507,3.118384289796982,2.425049365177206,-0.4040315719292189,3.323009645751929,2.3761695702254606,-0.6035801688495761,0.340313923412951,0.3400000035762787,2.468493938446045,-0.043444573268839104,2.468493938446045,-0.02848487511752351,0.3400000035762787,2.468493938446045,-0.01542102984158289,0.3400000035762787,2.5274384021759038,-0.06420017423859603,0.3400000035762787,2.5274384021759038,-0.05745692098327293,0.3400000035762787,-15.157187103483402,0.0
493,12.325000000000001,1.7576009490723628e+18,0.56647518259593,3.1153508745765324,2.4094057593926634,-0.3733773161868818,3.388141993757552,2.386612296709955,-0.6057473911196725,0.34035941151208043,0.3400000035762787,2.468493938446045,-0.059088179053381484,2.468493938446045,-0.043444573268839104,0.3400000035762787,2.468493938446045,-0.02848487511752351,0.3400000035762787,2.468493938446045,-0.01542102984158289,0.3400000035762787,2.5274384021759038,-0.06420017423859603,0.3400000035762787,-14.930939680360014,0.0
494,12.350000000000001,1.757600949097363e+18,0.4676769728225665,3.1031423398914493,2.394289385833509,-0.3656975019417217,3.487079208736444,2.3986332879275163,-0.5575737745225957,0.3402276480146931,0.3400000035762787,2.409723997116089,-0.015434611282580057,2.468493938446045,-0.059088179053381484,0.3400000035762787,2.468493938446045,-0.043444573268839104,0.3400000035762787,2.468493938446045,-0.02848487511752351,0.3400000035762787,2.468493938446045,-0.01542102984158289,0.3400000035762787,-14.625360213054291,0.0
495,12.375,1.757600949122363e+18,0.4676769728225665,3.1031423398914493,2.3808118211005875,-0.38374519928918416,3.487079208736444,2.409578117654227,-0.46805886713893385,0.33995534048661086,0.3400000035762787,2.409723997116089,-0.028912176015501334,2.409723997116089,-0.015434611282580057,0.3400000035762787,2.468493938446045,-0.059088179053381484,0.3400000035762787,2.468493938446045,-0.043444573268839104,0.3400000035762787,2.468493938446045,-0.02848487511752351,0.3400000035762787,-14.35804973289883,0.0
496,12.4,1.7576009491473628e+18,0.381661970190791,3.0801368941322256,2.3699156614414334,-0.42282280024223845,3.5775957375514427,2.4183499222546385,-0.35379649122084034,0.33962732506099697,0.3400000035762787,2.409723997116089,-0.03980833567465547,2.409723997116089,-0.028912176015501334,0.3400000035762787,2.409723997116089,-0.015434611282580057,0.3400000035762787,2.468493938446045,-0.059088179053381484,0.3400000035762787,2.468493938446045,-0.043444573268839104,0.3400000035762787,-14.06673049513372,0.0
497,12.425,1.7576009491723628e+18,0.3444415933238658,3.058628513067889,2.3622362329771733,-0.47224590432150504,3.6146771571141225,2.4249517854213645,-0.23554410435924655,0.33936823162006075,0.3400000035762787,2.409723997116089,-0.047487764138915534,2.409723997116089,-0.03980833567465547,0.3400000035762787,2.409723997116089,-0.028912176015501334,0.3400000035762787,2.409723997116089,-0.015434611282580057,0.3400000035762787,2.468493938446045,-0.059088179053381484,0.3400000035762787,-13.804420725035804,0.0
498,12.450000000000001,1.7576009491973627e+18,0.2647759149263331,3.011072108006716,2.3579064298127586,-0.5184785901176798,3.7144128081578693,2.429518348779323,-0.13357155827653955,0.33931917584617205,0.3400000035762787,2.409723997116089,-0.051817567303330314,2.409723997116089,-0.047487764138915534,0.3400000035762787,2.409723997116089,-0.03980833567465547,0.3400000035762787,2.409723997116089,-0.028912176015501334,0.3400000035762787,2.409723997116089,-0.015434611282580057,0.3400000035762787,-13.564634486231848,0.0
499,12.475000000000001,1.757600949222363e+18,0.2647759149263331,3.011072108006716,2.3564255426128367,-0.5490459490550169,3.7144128081578693,2.4317604952059493,-0.06280124933484148,0.33959412183897564,0.3400000035762787,2.409723997116089,-0.05329845450325221,2.409723997116089,-0.051817567303330314,0.3400000035762787,2.409723997116089,-0.047487764138915534,0.3400000035762787,2.409723997116089,-0.03980833567465547,0.3400000035762787,2.409723997116089,-0.028912176015501334,0.3400000035762787,-13.341638345279124,0.0
500,12.5,1.7576009492473628e+18,0.1830692852075977,2.9725726333492366,2.356715292072857,-0.5562835192312909,3.806304345461308,2.431190295736585,-0.02902811578500787,0.3402200615467972,0.3400000035762787,2.468493938446045,-0.11177864637318802,2.409723997116089,-0.05329845450325221,0.3400000035762787,2.409723997116089,-0.051817567303330314,0.3400000035762787,2.409723997116089,-0.047487764138915534,0.3400000035762787,2.409723997116089,-0.03980833567465547,0.3400000035762787,-13.190253001548994,0.0
501,12.525,1.7576009492723628e+18,0.1510196247843631,2.9552237070721263,2.3574002624954065,-0.539888244755083,3.845557525182616,2.427754043563107,-0.02744516882009352,0.34107892331823275,0.3400000035762787,2.468493938446045,-0.11109367595063846,2.468493938446045,-0.11177864637318802,0.3400000035762787,2.409723997116089,-0.05329845450325221,0.3400000035762787,2.409723997116089,-0.051817567303330314,0.3400000035762787,2.409723997116089,-0.047487764138915534,0.3400000035762787,-13.049827394844668,0.0
502,12.55,1.757600949297363e+18,0.1063270519320109,2.923841793826277,2.3572473774604825,-0.5071756557638282,3.9018868151269803,2.422210943344113,-0.044185436424086254,0.34188150171690496,0.3400000035762787,2.409723997116089,-0.05247661965560635,2.468493938446045,-0.11109367595063846,0.3400000035762787,2.468493938446045,-0.11177864637318802,0.3400000035762787,2.409723997116089,-0.05329845450325221,0.3400000035762787,2.409723997116089,-0.051817567303330314,0.3400000035762787,-12.802359362717647,0.0
503,12.575000000000001,1.757600949322363e+18,0.0530840664776883,2.8633986457452334,2.3556174155238123,-0.47046789019783797,3.9936040975831846,2.415886032979225,-0.060692808767869276,0.34220711216503996,0.3400000035762787,2.468493938446045,-0.1128765229222326,2.409723997116089,-0.05247661965560635,0.3400000035762787,2.468493938446045,-0.11109367595063846,0.3400000035762787,2.468493938446045,-0.11177864637318802,0.3400000035762787,2.409723997116089,-0.05329845450325221,0.3400000035762787,-12.624673884743697,0.0
504,12.600000000000001,1.7576009493473628e+18,0.0107798647754702,2.8456957657200235,2.352742452345056,-0.44235275866085677,4.031299560812661,2.4099765349800744,-0.05972954858823548,0.34163018030214387,0.3400000035762787,2.409723997116089,-0.05698154477103268,2.468493938446045,-0.1128765229222326,0.3400000035762787,2.409723997116089,-0.05247661965560635,0.3400000035762787,2.468493938446045,-0.11109367595063846,0.3400000035762787,2.468493938446045,-0.11177864637318802,0.3400000035762787,-12.399161548257355,0.0
505,12.625,1.7576009493723628e+18,-0.024793904366235,2.8144411023661355,2.349680646426464,-0.43083833536473165,4.084366450455837,2.404937053439086,-0.03111694090905759,0.33992385356464067,0.3400000035762787,2.468493938446045,-0.1188132920195808,2.409723997116089,-0.05698154477103268,0.3400000035762787,2.468493938446045,-0.1128765229222326,0.3400000035762787,2.409723997116089,-0.05247661965560635,0.3400000035762787,2.468493938446045,-0.11109367595063846,0.3400000035762787,-12.242160070392298,0.0
506,12.65,1.7576009493973627e+18,-0.0638310619317152,2.7589395784918747,2.347920138196788,-0.43660186116892497,4.142969294271032,2.4003622781463703,0.024763138871031782,0.33728596704084907,0.3400000035762787,2.468493938446045,-0.1205738002492569,2.468493938446045,-0.1188132920195808,0.3400000035762787,2.409723997116089,-0.05698154477103268,0.3400000035762787,2.468493938446045,-0.1128765229222326,0.3400000035762787,2.409723997116089,-0.05247661965560635,0.3400000035762787,-12.092396269369042,0.0
507,12.675,1.757600949422363e+18,-0.1092483530909511,2.711357169615072,2.3487604563170748,-0.4535078630341444,4.215279209006462,2.3953911226098845,0.09698639833635263,0.33448879957616795,0.3400000035762787,2.468493938446045,-0.11973348212897017,2.468493938446045,-0.1205738002492569,0.3400000035762787,2.468493938446045,-0.1188132920195808,0.3400000035762787,2.409723997116089,-0.05698154477103268,0.3400000035762787,2.468493938446045,-0.1128765229222326,0.3400000035762787,-11.946498245561486,0.0
508,12.700000000000001,1.7576009494473628e+18,-0.1470124074698939,2.664713177524685,2.3527235415825554,-0.47207780608964145,4.263502394362437,2.389307864639516,0.16766033228216884,0.33283321988048015,0.3400000035762787,2.468493938446045,-0.11577039686348956,2.468493938446045,-0.11973348212897017,0.3400000035762787,2.468493938446045,-0.1205738002492569,0.3400000035762787,2.468493938446045,-0.1188132920195808,0.3400000035762787,2.409723997116089,-0.05698154477103268,0.3400000035762787,-11.80111012032882,0.0
509,12.725000000000001,1.7576009494723628e+18,-0.176494063282548,2.6250317071949008,2.3592680169019538,-0.4842912161264281,4.316641468438826,2.3819147773348863,0.21777015325121568,0.33381340416269994,0.3400000035762787,2.468493938446045,-0.10922592154409116,2.468493938446045,-0.11577039686348956,0.3400000035762787,2.468493938446045,-0.11973348212897017,0.3400000035762787,2.468493938446045,-0.1205738002492569,0.3400000035762787,2.468493938446045,-0.1188132920195808,0.3400000035762787,-11.653888605269191,0.0
510,12.75,1.757600949497363e+18,-0.2107953385723218,2.5403873507394783,2.366956101206785,-0.4874396952516751,4.398605283102066,2.373478766701818,0.23316440100287553,0.33848394365149587,0.3400000035762787,2.409723997116089,-0.04276789590930408,2.468493938446045,-0.10922592154409116,0.3400000035762787,2.468493938446045,-0.11577039686348956,0.3400000035762787,2.468493938446045,-0.11973348212897017,0.3400000035762787,2.468493938446045,-0.1205738002492569,0.3400000035762787,-11.445399896644153,0.0
511,12.775,1.757600949522363e+18,-0.2261800943546097,2.481178917383838,2.373995194813702,-0.48513176929449847,4.46544507827638,2.3644975307684133,0.2085433181804294,0.34665839010307437,0.3400000035762787,2.468493938446045,-0.09449874363234301,2.409723997116089,-0.04276789590930408,0.3400000035762787,2.468493938446045,-0.10922592154409116,0.3400000035762787,2.468493938446045,-0.11577039686348956,0.3400000035762787,2.468493938446045,-0.11973348212897017,0.3400000035762787,-11.294220619193862,0.0
512,12.8,1.7576009495473628e+18,-0.2442747724229397,2.4348661972210754,2.378880687987565,-0.48495960228188595,4.520681068454675,2.3557592031388355,0.14816087676710554,0.3562179395913166,0.3400000035762787,2.468493938446045,-0.08961325045848012,2.468493938446045,-0.09449874363234301,0.3400000035762787,2.409723997116089,-0.04276789590930408,0.3400000035762787,2.468493938446045,-0.10922592154409116,0.3400000035762787,2.468493938446045,-0.11577039686348956,0.3400000035762787,-11.1437291581219,0.0
513,12.825000000000001,1.7576009495723628e+18,-0.2693460669908569,2.37069706168534,2.380830267717713,-0.4941112291092502,4.597213945982595,2.3488590703962093,0.0632885983652856,0.3629029088425785,0.3400000035762787,2.468493938446045,-0.08766367072833203,2.468493938446045,-0.08961325045848012,0.3400000035762787,2.468493938446045,-0.09449874363234301,0.3400000035762787,2.409723997116089,-0.04276789590930408,0.3400000035762787,2.468493938446045,-0.10922592154409116,0.3400000035762787,-10.996378724557289,0.0
514,12.850000000000001,1.7576009495973627e+18,-0.278809064642858,2.3299916636453157,2.379841599731155,-0.515293781493643,4.626639741669053,2.3467417843947542,-0.032252418728773685,0.360918531738533,0.3400000035762787,2.468493938446045,-0.08865233871489009,2.468493938446045,-0.08766367072833203,0.3400000035762787,2.468493938446045,-0.08961325045848012,0.3400000035762787,2.468493938446045,-0.09449874363234301,0.3400000035762787,2.409723997116089,-0.04276789590930408,0.3400000035762787,-10.854387566020309,0.0
515,12.875,1.757600949622363e+18,-0.3040609251020889,2.1849404953752227,2.376426662884703,-0.5450337348657649,4.793381914461141,2.3534930773144227,-0.12651684711608704,0.34445474967491957,0.3400000035762787,2.468493938446045,-0.09206727556134187,2.468493938446045,-0.08865233871489009,0.3400000035762787,2.468493938446045,-0.08766367072833203,0.3400000035762787,2.468493938446045,-0.08961325045848012,0.3400000035762787,2.468493938446045,-0.09449874363234301,0.3400000035762787,-10.719699950446284,0.0
516,12.9,1.7576009496473628e+18,-0.3040609251020889,2.1849404953752227,2.3712331655317014,-0.5749751452235786,4.793381914461141,2.372762010007303,-0.21199824183521737,0.30981187084408174,0.3400000035762787,2.409723997116089,-0.038490831584387486,2.468493938446045,-0.09206727556134187,0.3400000035762787,2.468493938446045,-0.08865233871489009,0.3400000035762787,2.468493938446045,-0.08766367072833203,0.3400000035762787,2.468493938446045,-0.08961325045848012,0.3400000035762787,-10.535512020925218,0.0
517,12.925,1.7576009496723628e+18,-0.2891964837067178,2.1419815269694027,2.364767121886563,-0.5952211654906564,4.8210966370474875,2.404787211126342,-0.2853670728229199,0.2573703587875005,0.3400000035762787,2.409723997116089,-0.04495687522952574,2.409723997116089,-0.038490831584387486,0.3400000035762787,2.468493938446045,-0.09206727556134187,0.3400000035762787,2.468493938446045,-0.08865233871489009,0.3400000035762787,2.468493938446045,-0.08766367072833203,0.3400000035762787,-10.362807533711324,0.0
518,12.950000000000001,1.757600949697363e+18,-0.2938326400689375,2.098602555336029,2.357312989841756,-0.5980287613680549,4.866755488358714,2.4428734345823453,-0.34459594645698094,0.19240594695071783,0.2799360752105713,2.468493938446045,-0.11118094860428895,2.409723997116089,-0.04495687522952574,0.3400000035762787,2.409723997116089,-0.038490831584387486,0.3400000035762787,2.468493938446045,-0.09206727556134187,0.3400000035762787,2.468493938446045,-0.08865233871489009,0.3400000035762787,-10.262664469980363,0.0
519,12.975000000000001,1.757600949722363e+18,-0.2779442861703831,2.011241859589976,2.349029713043644,-0.5804194533759051,4.940324167255282,2.4710065481233716,-0.38471888162950385,0.12403940472494827,-0.0,2.468493938446045,-0.11946422540240098,2.468493938446045,-0.11118094860428895,0.2799360752105713,2.409723997116089,-0.04495687522952574,0.3400000035762787,2.409723997116089,-0.038490831584387486,0.3400000035762787,2.468493938446045,-0.09206727556134187,0.3400000035762787,-10.178186156070534,0.0
520,13.0,1.7576009497473628e+18,-0.276440489571228,1.976277547366826,2.3401681653477344,-0.544942872644741,4.977572653566976,2.4645466172136095,-0.3940138548643035,0.062492505055450426,-0.0,2.468493938446045,-0.1283257730983105,2.468493938446045,-0.11946422540240098,-0.0,2.468493938446045,-0.11118094860428895,0.2799360752105713,2.409723997116089,-0.04495687522952574,0.3400000035762787,2.409723997116089,-0.038490831584387486,0.3400000035762787,-10.110150091343268,0.0
521,13.025,1.7576009497723628e+18,-0.2661842851978009,1.910959788045448,2.331369659607989,-0.49846589190583085,5.035390741150412,2.3951712820466065,-0.35230722868392816,0.015824541668504374,-0.0,2.468493938446045,-0.13712427883805578,2.468493938446045,-0.1283257730983105,-0.0,2.468493938446045,-0.11946422540240098,-0.0,2.468493938446045,-0.11118094860428895,0.2799360752105713,2.409723997116089,-0.04495687522952574,0.3400000035762787,-10.057680059918185,0.0
522,13.05,1.7576009497973627e+18,-0.2568998849957635,1.869713562764228,2.3239795815857542,-0.4494551195767094,5.080874901905175,2.239570173496791,-0.23245418992457345,-0.012336771522379636,-0.0,2.468493938446045,-0.14451435686029068,2.468493938446045,-0.13712427883805578,-0.0,2.468493938446045,-0.1283257730983105,-0.0,2.468493938446045,-0.11946422540240098,-0.0,2.468493938446045,-0.11118094860428895,0.2799360752105713,-10.017862423878688,0.0
523,13.075000000000001,1.757600949822363e+18,-0.2253137610047155,1.7960745223059884,2.32025202013947,-0.40479434888660526,5.187526570552174,1.9893488730612914,-0.005088315897821818,-0.023183668146899,-0.0,2.468493938446045,-0.14824191830657485,2.468493938446045,-0.14451435686029068,-0.0,2.468493938446045,-0.13712427883805578,-0.0,2.468493938446045,-0.1283257730983105,-0.0,2.468493938446045,-0.11946422540240098,-0.0,-9.985476269652171,0.0
524,13.100000000000001,1.7576009498473628e+18,-0.2154516267680239,1.7619036229217404,2.3233198550585294,-0.3674685480955108,5.225594016845195,1.6580102976103879,0.35424348398317396,-0.021407074871324542,-0.0,2.5274384021759038,-0.20411854711737432,2.468493938446045,-0.14824191830657485,-0.0,2.468493938446045,-0.14451435686029068,-0.0,2.468493938446045,-0.13712427883805578,-0.0,2.468493938446045,-0.1283257730983105,-0.0,-10.011690344227068,0.0
525,13.125,1.7576009498723628e+18,-0.1846358046145182,1.6856395200832386,2.336891545202794,-0.3361217509471179,5.285522659178745,1.2809570030019943,0.8571696415009562,-0.013054022176577718,-0.0,2.5863826274871826,-0.24949108228438854,2.5274384021759038,-0.20411854711737432,-0.0,2.468493938446045,-0.14824191830657485,-0.0,2.468493938446045,-0.14451435686029068,-0.0,2.468493938446045,-0.13712427883805578,-0.0,-10.085898419174109,0.0
526,13.15,1.757600949897363e+18,-0.1279976337501764,1.6045929238660508,2.364740918483268,-0.3065625388457251,5.354266626912767,0.9070691535968666,1.4957252983141864,-0.003535427934946918,-0.0,2.821985483169556,-0.45724456468628816,2.5863826274871826,-0.24949108228438854,-0.0,2.5274384021759038,-0.20411854711737432,-0.0,2.468493938446045,-0.14824191830657485,-0.0,2.468493938446045,-0.14451435686029068,-0.0,-10.371070957733517,0.0
527,13.175,1.757600949922363e+18,-0.1279976337501764,1.6045929238660508,2.410105088888207,-0.2742901867093154,5.354266626912767,0.5846250174628917,2.2385058503515243,0.0035962961731935547,-0.0,3.0575883388519287,-0.6474832499637215,2.821985483169556,-0.45724456468628816,-0.0,2.5863826274871826,-0.24949108228438854,-0.0,2.5274384021759038,-0.20411854711737432,-0.0,2.468493938446045,-0.14824191830657485,-0.0,-10.850406101627208,0.0
528,13.200000000000001,1.7576009499473628e+18,-0.0400522406880314,1.49149752222729,2.475097365343102,-0.2367514616422303,5.383255329091225,0.34742689455435133,3.0310036271197687,0.006945888160228154,-0.0,4.0,-1.5249026346568981,3.0575883388519287,-0.6474832499637215,-0.0,2.821985483169556,-0.45724456468628816,-0.0,2.5863826274871826,-0.24949108228438854,-0.0,2.5274384021759038,-0.20411854711737432,-0.0,-12.211283886331644,0.0
529,13.225000000000001,1.7576009499723628e+18,-0.0400522406880314,1.49149752222729,2.5602209517217815,-0.1944783699310818,5.383255329091225,0.20676159091275192,3.8006157008507357,0.0068539018476672054,-0.0,4.0,-1.4397790482782185,4.0,-1.5249026346568981,-0.0,3.0575883388519287,-0.6474832499637215,-0.0,2.821985483169556,-0.45724456468628816,-0.0,2.5863826274871826,-0.24949108228438854,-0.0,-13.490488339055926,0.0
530,13.25,1.7576009499973627e+18,0.0188507578475176,1.4104644946227003,2.6640566650619575,-0.1509761809999708,5.351153243267754,0.15161898287009887,4.465915693528391,0.00462319193380965,-0.0,4.0,-1.3359433349380425,4.0,-1.4397790482782185,-0.0,4.0,-1.5249026346568981,-0.0,3.0575883388519287,-0.6474832499637215,-0.0,2.821985483169556,-0.45724456468628816,-0.0,-14.667880968266441,0.0
531,13.275,1.757600950022363e+18,0.0337122248290304,1.3896541872454338,2.783177321134401,-0.11162942441782558,5.353358359258732,0.15577061443767315,4.948889627685941,0.0017469253518148365,-0.0,4.0,-1.216822678865599,4.0,-1.3359433349380425,-0.0,4.0,-1.4397790482782185,-0.0,4.0,-1.5249026346568981,-0.0,3.0575883388519287,-0.6474832499637215,-0.0,-15.726559347681961,0.0
532,13.3,1.7576009500473628e+18,0.0857845650314867,1.3218576462279394,2.9123082556947066,-0.08193960845635037,5.358376406193719,0.18798566502178132,5.188076223993697,-0.0006310799868520956,-0.0,4.0,-1.0876917443052934,4.0,-1.216822678865599,-0.0,4.0,-1.3359433349380425,-0.0,4.0,-1.4397790482782185,-0.0,4.0,-1.5249026346568981,-0.0,-16.65547399451431,0.0
533,13.325000000000001,1.7576009500723628e+18,0.1195680394850944,1.2748451162565015,3.044743604275089,-0.06552667835305692,5.362841507736596,0.2214226219162459,5.150082114039289,-0.001945550333133739,-0.0,4.0,-0.955256395724911,4.0,-1.0876917443052934,-0.0,4.0,-1.216822678865599,-0.0,4.0,-1.3359433349380425,-0.0,4.0,-1.4397790482782185,-0.0,-17.451505278306033,0.0
534,13.350000000000001,1.757600950097363e+18,0.1750024029219847,1.196493490825192,3.173046598556854,-0.0626446355742709,5.373225395666401,0.23948674807824172,4.8369350157900035,-0.0021732769778402415,-0.0,4.0,-0.8269534014431459,4.0,-0.955256395724911,-0.0,4.0,-1.0876917443052934,-0.0,4.0,-1.216822678865599,-0.0,4.0,-1.3359433349380425,-0.0,-18.120419788353566,0.0
535,13.375,1.757600950122363e+18,0.2098388615886453,1.1496317245842376,3.2900288890491187,-0.07001119384362177,5.377617479785167,0.2372376720517528,4.287324420143989,-0.0016407756307808738,-0.0,4.0,-0.7099711109508813,4.0,-0.8269534014431459,-0.0,4.0,-0.955256395724911,-0.0,4.0,-1.0876917443052934,-0.0,4.0,-1.216822678865599,-0.0,-18.67628303307835,0.0
536,13.4,1.7576009501473628e+18,0.3063540933082604,1.015371533288292,3.389866411048214,-0.08215645390075368,5.387657411707243,0.21901571321145252,3.570958402953167,-0.0007934942111218426,-0.0,4.0,-0.6101335889517858,4.0,-0.7099711109508813,-0.0,4.0,-0.8269534014431459,-0.0,4.0,-0.955256395724911,-0.0,4.0,-1.0876917443052934,-0.0,-19.139277005630735,0.0
537,13.425,1.7576009501723628e+18,0.3236893005235108,0.993037523274751,3.469059997720659,-0.09360428246336149,5.389533574612923,0.19394981997527777,2.7768295503770877,-1.2577237679269078e-05,-0.0,4.0,-0.5309400022793409,4.0,-0.6101335889517858,-0.0,4.0,-0.7099711109508813,-0.0,4.0,-0.8269534014431459,-0.0,4.0,-0.955256395724911,-0.0,-19.532382428595994,0.0
538,13.450000000000001,1.7576009501973627e+18,0.3776183602326162,0.9277733729159688,3.526930885571539,-0.10072857673926466,5.390340143433542,0.17129428727536217,1.9977276818216367,0.00048124922814997135,-0.0,4.0,-0.4730691144284611,4.0,-0.5309400022793409,-0.0,4.0,-0.6101335889517858,-0.0,4.0,-0.7099711109508813,-0.0,4.0,-0.8269534014431459,-0.0,-19.877790677076195,0.0
539,13.475000000000001,1.757600950222363e+18,0.437838880831412,0.8517476093274989,3.5654849733340144,-0.10242665782401582,5.394644891918138,0.15713892447810635,1.3143771464703395,0.0006386779878998778,-0.0,4.0,-0.4345150266659856,4.0,-0.4730691144284611,-0.0,4.0,-0.5309400022793409,-0.0,4.0,-0.6101335889517858,-0.0,4.0,-0.7099711109508813,-0.0,-20.193978072216254,0.0
540,13.5,1.7576009502473628e+18,0.5061577761584681,0.7605876081927792,3.5886965982263446,-0.09955593570646512,5.399173092268981,0.15318210150467976,0.7827362594506959,0.0005353101087052339,-0.0,4.0,-0.41130340177365543,4.0,-0.4345150266659856,-0.0,4.0,-0.4730691144284611,-0.0,4.0,-0.5309400022793409,-0.0,4.0,-0.6101335889517858,-0.0,-20.494078287366705,0.0
541,13.525,1.7576009502723628e+18,0.5479969743813888,0.7078802259710504,3.6014537768647603,-0.09378062553376455,5.402250667356586,0.15737307928655123,0.4271782840899804,0.0003028359655095846,-0.0,4.0,-0.3985462231352397,4.0,-0.41130340177365543,-0.0,4.0,-0.4345150266659856,-0.0,4.0,-0.4730691144284611,-0.0,4.0,-0.5309400022793409,-0.0,-20.785695283676457,0.0
542,13.55,1.757600950297363e+18,0.6079922614725897,0.6328819142977602,3.608509037142303,-0.08663341680136918,5.406354851837932,0.16566149657952775,0.24071454419221178,6.705955051162843e-05,-0.0,4.0,-0.3914909628576968,4.0,-0.3985462231352397,-0.0,4.0,-0.41130340177365543,-0.0,4.0,-0.4345150266659856,-0.0,4.0,-0.4730691144284611,-0.0,-21.071832446678147,0.0
543,13.575000000000001,1.757600950322363e+18,0.6540827971282566,0.5758696433469324,3.613735874853544,-0.0792430765334079,5.40974023636299,0.17393341821067587,0.19160400808438216,-9.078045647614667e-05,-0.0,4.0,-0.386264125146456,4.0,-0.3914909628576968,-0.0,4.0,-0.3985462231352397,-0.0,4.0,-0.41130340177365543,-0.0,4.0,-0.4345150266659856,-0.0,-21.352357783938864,0.0
544,13.600000000000001,1.7576009503473628e+18,0.7516364593698772,0.4555534527307898,3.6197936656899556,-0.07264719049966714,5.413373314367948,0.17940809563040364,0.23416022209104678,-0.0001458317790123274,-0.0,4.0,-0.38020633431004436,4.0,-0.386264125146456,-0.0,4.0,-0.3914909628576968,-0.0,4.0,-0.3985462231352397,-0.0,4.0,-0.41130340177365543,-0.0,-21.625474534750843,0.0
545,13.625,1.7576009503723628e+18,0.8091573586383105,0.3853317736095538,3.628088387467293,-0.06822606237487018,5.417871437348501,0.18116703469937212,0.32072149684400403,-0.00012007714556231849,-0.0,4.0,-0.3719116125327071,4.0,-0.38020633431004436,-0.0,4.0,-0.386264125146456,-0.0,4.0,-0.3914909628576968,-0.0,4.0,-0.3985462231352397,-0.0,-21.888938042179586,0.0
546,13.65,1.7576009503973627e+18,0.8661329014088346,0.3229967961490549,3.6388722409212915,-0.06776154053372613,5.423145881079176,0.1798745401801608,0.41175886997782374,-6.0876391650385345e-05,-0.0,4.0,-0.36112775907870853,4.0,-0.3719116125327071,-0.0,4.0,-0.38020633431004436,-0.0,4.0,-0.386264125146456,-0.0,4.0,-0.3914909628576968,-0.0,-22.140998186019985,0.0
547,13.675,1.757600950422363e+18,0.8899496529131685,0.2945135578107993,3.651459375884554,-0.07295142955579949,5.4252040573810865,0.17700390323798829,0.48188575082921425,-1.691508262809883e-05,-0.0,4.0,-0.34854062411544584,4.0,-0.36112775907870853,-0.0,4.0,-0.3719116125327071,-0.0,4.0,-0.38020633431004436,-0.0,4.0,-0.386264125146456,-0.0,-22.381056162161475,0.0
548,13.700000000000001,1.7576009504473628e+18,0.9743461289312956,0.1833902467090069,3.6646350859727774,-0.0846347329708447,5.431211206960366,0.17400214586172097,0.5208581626490499,-1.8507567019472e-05,-0.0,4.0,-0.33536491402722257,4.0,-0.34854062411544584,-0.0,4.0,-0.36112775907870853,-0.0,4.0,-0.3719116125327071,-0.0,4.0,-0.38020633431004436,-0.0,-22.609893491676377,0.0
549,13.725000000000001,1.7576009504723628e+18,1.0421897285473,0.106283522258703,3.6772382300267603,-0.10216030841060093,5.4338457463483305,0.17177701143943966,0.5301631477961862,-6.642324990243846e-05,-0.0,4.0,-0.3227617699732397,4.0,-0.33536491402722257,-0.0,4.0,-0.34854062411544584,-0.0,4.0,-0.36112775907870853,-0.0,4.0,-0.3719116125327071,-0.0,-22.82932506373144,0.0
550,13.75,1.757600950497363e+18,1.11800177696907,0.0179490439837586,3.6886957112650136,-0.12318899309449273,5.439072473913507,0.1706482612418708,0.5170741713250354,-0.00013118669654400063,-0.0,4.0,-0.3113042887349864,4.0,-0.3227617699732397,-0.0,4.0,-0.33536491402722257,-0.0,4.0,-0.34854062411544584,-0.0,4.0,-0.36112775907870853,-0.0,-23.041362605300293,0.0
551,13.775,1.757600950522363e+18,1.2004857621159148,-0.084376747228076,3.6992116603518994,-0.1439874284697375,5.446153945247225,0.17061105736053161,0.48870497980299415,-0.00016314729792414669,-0.0,4.0,-0.3007883396481006,4.0,-0.3113042887349864,-0.0,4.0,-0.3227617699732397,-0.0,4.0,-0.33536491402722257,-0.0,4.0,-0.34854062411544584,-0.0,-23.24728646246241,0.0
552,13.8,1.7576009505473628e+18,1.2568273694821746,-0.1472063248811546,3.7094687058405436,-0.16014714314821837,5.45129631070743,0.1716168963626979,0.4483529232607143,-0.00011189200669911582,-0.0,4.0,-0.29053129415945644,4.0,-0.3007883396481006,-0.0,4.0,-0.3113042887349864,-0.0,4.0,-0.3227617699732397,-0.0,4.0,-0.33536491402722257,-0.0,-23.44714795289389,0.0
553,13.825000000000001,1.7576009505723628e+18,1.326427749783298,-0.2366331442328946,3.7199919643227766,-0.1676190902692233,5.4548873737206645,0.17365211347683385,0.3953154261886795,4.885116330115643e-05,-0.0,4.0,-0.28000803567722343,4.0,-0.29053129415945644,-0.0,4.0,-0.3007883396481006,-0.0,4.0,-0.3113042887349864,-0.0,4.0,-0.3227617699732397,-0.0,-23.64002969609965,0.0
554,13.850000000000001,1.7576009505973627e+18,1.3893661885808624,-0.3068183473020882,3.730566917932793,-0.16388083582379076,5.4594157115690365,0.17660484497844567,0.3277819643499311,0.00029780137186639216,-0.0,4.0,-0.26943308206720706,4.0,-0.28000803567722343,-0.0,4.0,-0.29053129415945644,-0.0,4.0,-0.3007883396481006,-0.0,4.0,-0.3113042887349864,-0.0,-23.824961373257615,0.0
555,13.875,1.757600950622363e+18,1.498941391337194,-0.4249780438365296,3.740117804399552,-0.1489181682425734,5.464717717336474,0.18009890803039058,0.24700552123001884,0.0005540139419009072,-0.0,4.0,-0.259882195600448,4.0,-0.26943308206720706,-0.0,4.0,-0.28000803567722343,-0.0,4.0,-0.29053129415945644,-0.0,4.0,-0.3007883396481006,-0.0,-24.001971614637423,0.0
556,13.9,1.7576009506473628e+18,1.5117115458901615,-0.4389958809613946,3.7471905353098944,-0.12560765167939264,5.465550697293946,0.18347945669835136,0.16038082125523453,0.000686500135609779,-0.0,4.0,-0.25280946469010557,4.0,-0.259882195600448,-0.0,4.0,-0.26943308206720706,-0.0,4.0,-0.28000803567722343,-0.0,4.0,-0.29053129415945644,-0.0,-24.17262714765659,0.0
557,13.925,1.7576009506723628e+18,1.6109462159444403,-0.5444450657634655,3.7507868321737257,-0.09920448254222668,5.470842269326639,0.185975537926915,0.08159188157334742,0.0005523178784918148,-0.0,4.0,-0.24921316782627434,4.0,-0.25280946469010557,-0.0,4.0,-0.259882195600448,-0.0,4.0,-0.26943308206720706,-0.0,4.0,-0.28000803567722343,-0.0,-24.339682999250034,0.0
558,13.950000000000001,1.757600950697363e+18,1.6785126473210017,-0.6179342889023001,3.7510462234290807,-0.07600314008183447,5.475375267308285,0.18693022684717692,0.027397863946746738,6.071344664937575e-05,-0.0,4.0,-0.24895377657091933,4.0,-0.24921316782627434,-0.0,4.0,-0.25280946469010557,-0.0,4.0,-0.259882195600448,-0.0,4.0,-0.26943308206720706,-0.0,-24.50598505975919,0.0
559,13.975000000000001,1.757600950722363e+18,1.7239815950137367,-0.6679424714550328,3.749363054235094,-0.06163569214121185,5.479550487693568,0.18598636674492047,0.01222856057031423,-0.000752697218101572,-0.0,4.0,-0.250636945764906,4.0,-0.24895377657091933,-0.0,4.0,-0.24921316782627434,-0.0,4.0,-0.25280946469010557,-0.0,4.0,-0.259882195600448,-0.0,-24.673193334233765,0.0
560,14.0,1.7576009507473628e+18,1.7909041867287754,-0.7395494499099641,3.7478789106442694,-0.059633359946703164,5.484367818025688,0.18317123918264128,0.04279093645486494,-0.001671710791701626,-0.0,4.0,-0.25212108935573063,4.0,-0.250636945764906,-0.0,4.0,-0.24895377657091933,-0.0,4.0,-0.24921316782627434,-0.0,4.0,-0.25280946469010557,-0.0,-24.840971993200284,0.0
561,14.025,1.7576009507723628e+18,1.8875596304221165,-0.844209779788935,3.748643668146789,-0.07070001942013526,5.489998028217533,0.17887293176796837,0.11488253799040445,-0.0023029500615181723,-0.0,4.0,-0.25135633185321105,4.0,-0.25212108935573063,-0.0,4.0,-0.250636945764906,-0.0,4.0,-0.24895377657091933,-0.0,4.0,-0.24921316782627434,-0.0,-25.007012834909396,0.0
562,14.05,1.7576009507973627e+18,1.9408370379595583,-0.9001129172662563,3.7528798346378376,-0.09276549133223859,5.493760635763583,0.17375089315718595,0.21363308179672724,-0.002168312926689924,-0.0,4.0,-0.24712016536216241,4.0,-0.25135633185321105,-0.0,4.0,-0.25212108935573063,-0.0,4.0,-0.250636945764906,-0.0,4.0,-0.24895377657091933,-0.0,-25.167823392247723,0.0
563,14.075000000000001,1.757600950822363e+18,2.0015706410769254,-0.967889828509784,3.760672507044803,-0.12157262147132639,5.496480863093061,0.16863974254754535,0.3169806702604468,-0.0008925050128272917,-0.0,4.0,-0.23932749295519695,4.0,-0.24712016536216241,-0.0,4.0,-0.25135633185321105,-0.0,4.0,-0.25212108935573063,-0.0,4.0,-0.250636945764906,-0.0,-25.319876828139474,0.0
564,14.100000000000001,1.7576009508473628e+18,2.068794291055999,-1.0375139326124083,3.7711361263835665,-0.15150069452586598,5.501066337902497,0.164459190329084,0.4010173740968944,0.0015514805450118027,-0.0,4.0,-0.22886387361643346,4.0,-0.23932749295519695,-0.0,4.0,-0.24712016536216241,-0.0,4.0,-0.25135633185321105,-0.0,4.0,-0.25212108935573063,-0.0,-25.4606561938024,0.0
565,14.125,1.7576009508723628e+18,2.1498833494649707,-1.123105159665101,3.782855199263113,-0.17649625132957003,5.508142723891755,0.16209193627515336,0.44539249326050945,0.004626288899649155,-0.0,4.0,-0.2171448007368868,4.0,-0.22886387361643346,-0.0,4.0,-0.23932749295519695,-0.0,4.0,-0.24712016536216241,-0.0,4.0,-0.25135633185321105,-0.0,-25.58931222237537,0.0
566,14.15,1.757600950897363e+18,2.2396069381636106,-1.2259266173462482,3.7943221020060243,-0.19114697189221627,5.513740206397943,0.16219320288020853,0.43731195556268715,0.007167642847794602,-0.0,4.0,-0.20567789799397573,4.0,-0.2171448007368868,-0.0,4.0,-0.22886387361643346,-0.0,4.0,-0.23932749295519695,-0.0,4.0,-0.24712016536216241,-0.0,-25.70690381739069,0.0
567,14.175,1.757600950922363e+18,2.294870726964383,-1.2805836029657398,3.804215840213359,-0.19189872743731712,5.517326594554589,0.1649424662077412,0.3735071707200055,0.007597062415458563,-0.0,4.0,-0.195784159786641,4.0,-0.20567789799397573,-0.0,4.0,-0.2171448007368868,-0.0,4.0,-0.22886387361643346,-0.0,4.0,-0.23932749295519695,-0.0,-25.816313482598456,0.0
568,14.200000000000001,1.7576009509473628e+18,2.372795249778185,-1.3615305599028549,3.8115338820179727,-0.1781842552782804,5.521511202856342,0.16980402977064665,0.26038353833319094,0.004469167743604678,-0.0,4.0,-0.18846611798202728,4.0,-0.195784159786641,-0.0,4.0,-0.20567789799397573,-0.0,4.0,-0.2171448007368868,-0.0,4.0,-0.22886387361643346,-0.0,-25.921898367991062,0.0
569,14.225000000000001,1.7576009509723628e+18,2.4142685647662323,-1.4019781984228987,3.8156573214578144,-0.1530040326744015,5.524100461992926,0.17538192132208855,0.11300176783906865,-0.002712999903729078,-0.0,4.0,-0.18434267854218556,4.0,-0.18846611798202728,-0.0,4.0,-0.195784159786641,-0.0,4.0,-0.20567789799397573,-0.0,4.0,-0.2171448007368868,-0.0,-26.028874094358954,0.0
570,14.25,1.7576009509973627e+18,2.4829960710777885,-1.469006004916665,3.8163886228621897,-0.12249757387833347,5.5283912529196515,0.17943821100690036,-0.046543317573882505,-0.012644083321458317,-0.0,4.0,-0.18361137713781028,4.0,-0.18434267854218556,-0.0,4.0,-0.18846611798202728,-0.0,4.0,-0.195784159786641,-0.0,4.0,-0.20567789799397573,-0.0,-26.08351450956656,0.0
571,14.275,1.757600951022363e+18,2.5639263498589204,-1.548636265839798,3.813948535032811,-0.0943503340161174,5.532991383977569,0.17917099739252082,-0.19125183283186437,-0.02169322506800362,-0.0,4.0,-0.18605146496718916,4.0,-0.18361137713781028,-0.0,4.0,-0.18434267854218556,-0.0,4.0,-0.18846611798202728,-0.0,4.0,-0.195784159786641,-0.0,-26.149042715663942,0.0
572,14.3,1.7576009510473628e+18,2.723897375749356,-1.6976769108217464,3.8089301912229523,-0.07540716224191353,5.542183022843469,0.17192285449960484,-0.29226926888400007,-0.024114904439402337,-0.0,4.0,-0.1910698087770477,4.0,-0.18605146496718916,-0.0,4.0,-0.18361137713781028,-0.0,4.0,-0.18434267854218556,-0.0,4.0,-0.18846611798202728,-0.0,-26.228022580644655,0.0
573,14.325000000000001,1.7576009510723628e+18,2.723897375749356,-1.6976769108217464,3.8022571746459657,-0.06936163533734419,5.542183022843469,0.15646204341030082,-0.323442713482863,-0.01324970139545576,-0.0,4.0,-0.1977428253540343,4.0,-0.1910698087770477,-0.0,4.0,-0.18605146496718916,-0.0,4.0,-0.18361137713781028,-0.0,4.0,-0.18434267854218556,-0.0,-26.32088507221031,0.0
574,14.350000000000001,1.757600951097363e+18,2.7920619120260604,-1.7681654285748205,3.7951911586755873,-0.0755292357156565,5.544724322172395,0.13471190478134795,-0.26756490027570823,0.016379866617990662,-0.0,4.0,-0.20480884132441268,4.0,-0.1977428253540343,-0.0,4.0,-0.1910698087770477,-0.0,4.0,-0.18605146496718916,-0.0,4.0,-0.18361137713781028,-0.0,-26.425870821356877,0.0
575,14.375000000000002,1.757600951122363e+18,2.851008833804746,-1.822895777322613,3.789349096965936,-0.08928610987373548,5.548058991325274,0.11335057566229152,-0.1235473346699541,0.0666432254821958,-0.0,4.0,-0.2106509030340642,4.0,-0.20480884132441268,-0.0,4.0,-0.1977428253540343,-0.0,4.0,-0.1910698087770477,-0.0,4.0,-0.18605146496718916,-0.0,-26.53919368850175,0.0
576,14.4,1.7576009511473628e+18,2.925884480022005,-1.892415441904466,3.7865893503636308,-0.10395535975749913,5.552294759711619,0.10434244754235913,0.08737087162270812,0.13398281119288374,0.1096759364008903,4.0,-0.21341064963636924,4.0,-0.2106509030340642,-0.0,4.0,-0.20480884132441268,-0.0,4.0,-0.1977428253540343,-0.0,4.0,-0.1910698087770477,-0.0,-26.655337095386876,0.0
577,14.425,1.7576009511723628e+18,2.9923344001015613,-1.9559028724011416,3.7886191503900544,-0.11328334013390258,5.55592573527356,0.12357978269890055,0.319038156812936,0.20913818835745868,0.1847854852676391,4.0,-0.21138084960994563,4.0,-0.21341064963636924,0.1096759364008903,4.0,-0.2106509030340642,-0.0,4.0,-0.20480884132441268,-0.0,4.0,-0.1977428253540343,-0.0,-26.76759088313546,0.0
578,14.450000000000001,1.7576009511973627e+18,3.1036098163663524,-2.063489444963928,3.7963064096941035,-0.11355022115592203,5.563139997247149,0.1875516181599057,0.5039280922706324,0.2788410717981437,0.3400000035762787,4.0,-0.2036935903058965,4.0,-0.21138084960994563,0.1847854852676391,4.0,-0.21341064963636924,0.1096759364008903,4.0,-0.2106509030340642,-0.0,4.0,-0.20480884132441268,-0.0,-26.86907398741391,0.0
579,14.475000000000001,1.757600951222363e+18,3.16087244678712,-2.1151910696584566,3.8088769464117993,-0.10469489024857889,5.56663915704288,0.3089709371353422,0.5639299377706153,0.32909672461614203,0.3400000035762787,4.0,-0.1911230535882007,4.0,-0.2036935903058965,0.3400000035762787,4.0,-0.21138084960994563,0.1847854852676391,4.0,-0.21341064963636924,0.1096759364008903,4.0,-0.2106509030340642,-0.0,-26.954402033796235,0.0
580,14.500000000000002,1.7576009512473628e+18,3.223850206947107,-2.1609613006116604,3.8233057358525513,-0.09027977370816408,5.568838207575466,0.49296995727887083,0.42716203146918946,0.3490044537029421,0.3400000035762787,4.0,-0.1766942641474487,4.0,-0.1911230535882007,0.3400000035762787,4.0,-0.2036935903058965,0.3400000035762787,4.0,-0.21138084960994563,0.1847854852676391,4.0,-0.21341064963636924,0.1096759364008903,-27.021872012855233,0.0
581,14.525,1.7576009512723628e+18,3.2997689669220343,-2.228627985835156,3.8341909449229363,-0.07650198573543215,5.5730471501352765,0.735363583840927,0.046960592607383896,0.33389782076071667,0.3400000035762787,4.0,-0.16580905507706367,4.0,-0.1766942641474487,0.3400000035762787,4.0,-0.1911230535882007,0.3400000035762787,4.0,-0.2036935903058965,0.3400000035762787,4.0,-0.21138084960994563,0.1847854852676391,-27.075717498839897,0.0
582,14.55,1.757600951297363e+18,3.3617082409913976,-2.2972210393102594,3.834287276471489,-0.07069997050485521,5.5852437556566645,1.023514223994024,-0.582624785396984,0.28685198203701884,0.3400000035762787,4.0,-0.16571272352851096,4.0,-0.16580905507706367,0.3400000035762787,4.0,-0.1766942641474487,0.3400000035762787,4.0,-0.1911230535882007,0.3400000035762787,4.0,-0.2036935903058965,0.3400000035762787,-27.127778734437733,0.0
583,14.575000000000001,1.757600951322363e+18,3.4510711793868687,-2.363270317371347,3.815738958118177,-0.0798145350096294,5.616061053303503,1.3389495364584474,-1.4205495002177555,0.21803525320775863,0.3400000035762787,4.0,-0.18426104188182313,4.0,-0.16571272352851096,0.3400000035762787,4.0,-0.16580905507706367,0.3400000035762787,4.0,-0.1766942641474487,0.3400000035762787,4.0,-0.1911230535882007,0.3400000035762787,-27.197879828363813,0.0
584,14.600000000000001,1.7576009513473628e+18,3.5625042753,-2.4505929693025594,3.7718494694783384,-0.10906878268113986,5.6689700509888015,1.6599792564797762,-2.385264526299851,0.14189594894822583,0.0,0.0,3.7718494694783384,4.0,-0.18426104188182313,0.3400000035762787,4.0,-0.16571272352851096,0.3400000035762787,4.0,-0.16580905507706367,0.3400000035762787,4.0,-0.1766942641474487,0.3400000035762787,-23.31237101151904,0.0
585,14.625000000000002,1.7576009513723628e+18,3.5922450172913134,-2.4759101315874057,3.6989215499686754,-0.16094281191519433,5.682014175304865,1.962925254393879,-3.3735648456236857,0.07290553429952999,0.0,0.0,3.6989215499686754,0.0,3.7718494694783384,0.0,4.0,-0.18426104188182313,0.3400000035762787,4.0,-0.16571272352851096,0.3400000035762787,4.0,-0.16580905507706367,0.3400000035762787,-19.559721771343852,0.0
586,14.65,1.7576009513973627e+18,3.6618451984919056,-2.5386094266975703,3.597455711060292,-0.23449176242893569,5.726130078988142,2.2221808145042554,-4.286863193919692,0.021350646519921513,0.0,0.0,3.597455711060292,0.0,3.6989215499686754,0.0,0.0,3.7718494694783384,0.0,4.0,-0.18426104188182313,0.3400000035762787,4.0,-0.16571272352851096,0.3400000035762787,-15.909141385279879,0.0
587,14.675,1.757600951422363e+18,3.722693527703288,-2.58694308004216,3.47206434374972,-0.3251594794401256,5.756224766364001,2.4109667971264055,-5.05664321012706,-0.009150300873880288,0.0,0.0,3.47206434374972,0.0,3.597455711060292,0.0,0.0,3.6989215499686754,0.0,0.0,3.7718494694783384,0.0,4.0,-0.18426104188182313,0.3400000035762787,-12.383068772355665,0.0
588,14.700000000000001,1.7576009514473628e+18,3.812024183216443,-2.63327082076412,3.3299249677591796,-0.42533537740603944,5.839274645246483,2.5047094709331184,-5.660285986858071,-0.02149551486706716,0.0,0.0,3.3299249677591796,0.0,3.47206434374972,0.0,0.0,3.597455711060292,0.0,0.0,3.6989215499686754,0.0,0.0,3.7718494694783384,0.0,-8.995686883613212,0.0
589,14.725000000000001,1.7576009514723628e+18,3.9285482241154575,-2.717322434938817,3.1782632425136943,-0.5257956427044265,5.955556730987491,2.4869704909199593,-6.121269448912049,-0.022638602529595958,0.0,0.0,3.1782632425136943,0.0,3.3299249677591796,0.0,0.0,3.47206434374972,0.0,0.0,3.597455711060292,0.0,0.0,3.6989215499686754,0.0,-5.753223466860923,0.0
590,14.750000000000002,1.757600951497363e+18,3.9935916922279473,-2.7361609146882584,3.0218705155971843,-0.6177795202593586,6.008852945641694,2.3554142283101647,-6.493158999281561,-0.020038283995713144,0.0,0.0,3.0218705155971843,0.0,3.1782632425136943,0.0,0.0,3.3299249677591796,0.0,0.0,3.47206434374972,0.0,0.0,3.597455711060292,0.0,-2.715931921422155,0.0
591,14.775,1.757600951522363e+18,4.050350216518172,-2.761724723191152,2.861725421111496,-0.695038651698135,6.065556557475837,2.124518205895136,-6.8328732341528475,-0.01843751672125975,0.0,0.0,2.861725421111496,0.0,3.0218705155971843,0.0,0.0,3.1782632425136943,0.0,0.0,3.3299249677591796,0.0,0.0,3.47206434374972,0.0,0.17427837480686525,0.0
592,14.8,1.7576009515473628e+18,4.138566397185921,-2.8106715897356063,2.695355119889606,-0.755139134334182,6.125268665251645,1.8231364825484462,-7.172979851941526,-0.018056526185853204,0.0,0.0,2.695355119889606,0.0,2.861725421111496,0.0,0.0,3.0218705155971843,0.0,0.0,3.1782632425136943,0.0,0.0,3.3299249677591796,0.0,2.9130780679653103,0.0
593,14.825000000000001,1.7576009515723628e+18,4.21319801073547,-2.833656005821979,2.5188588044098976,-0.7995850866753191,6.19324309484928,1.4875379206285715,-7.5033895890196955,-0.014712989430576529,0.0,0.0,2.5188588044098976,0.0,2.695355119889606,0.0,0.0,2.861725421111496,0.0,0.0,3.0218705155971843,0.0,0.0,3.1782632425136943,0.0,5.49102505142859,0.0
594,14.850000000000001,1.7576009515973627e+18,4.249492140907459,-2.84739999849473,2.329813242006015,-0.8326892040373068,6.204704177866259,1.1527475221047283,-7.769361783961098,-0.001763764753984242,0.0,0.0,2.329813242006015,0.0,2.5188588044098976,0.0,0.0,2.695355119889606,0.0,0.0,2.861725421111496,0.0,0.0,3.0218705155971843,0.0,7.836272904717184,0.0
595,14.875000000000002,1.757600951622363e+18,4.330005393229055,-2.8768778723328765,2.1298140077394394,-0.8594707643680626,6.221016499652906,0.8457825705426003,-7.886534678208954,0.026813617467373433,0.0,0.0,2.1298140077394394,0.0,2.329813242006015,0.0,0.0,2.5188588044098976,0.0,0.0,2.695355119889606,0.0,0.0,2.861725421111496,0.0,9.994999088472124,0.0
596,14.9,1.7576009516473628e+18,4.380502950135338,-2.883920280214408,1.9254236175072446,-0.8832348946301752,6.248356845464289,0.5832445308124293,-7.767282000582864,0.07333436224497565,0.0,0.0,1.9254236175072446,0.0,2.1298140077394394,0.0,0.0,2.329813242006015,0.0,0.0,2.5188588044098976,0.0,0.0,2.695355119889606,0.0,11.960231041654026,0.0
597,14.925,1.7576009516723628e+18,4.488849386891211,-2.9204379887635064,1.726985191748807,-0.9036671546459072,6.279575370549453,0.3734152446666632,-7.348716176691493,0.13461918616140975,0.0,0.0,1.726985191748807,0.0,1.9254236175072446,0.0,0.0,2.1298140077394394,0.0,0.0,2.329813242006015,0.0,0.0,2.5188588044098976,0.0,13.734703997541747,0.0
598,14.950000000000001,1.757600951697363e+18,4.488849386891211,-2.9204379887635064,1.545875535253613,-0.9161092356424697,6.279575370549453,0.22089302160203814,-6.612659432749829,0.20245393297858563,0.3400000035762787,4.0,-2.454124464746387,0.0,1.726985191748807,0.0,0.0,1.9254236175072446,0.0,0.0,2.1298140077394394,0.0,0.0,2.329813242006015,0.0,11.332397100098692,0.0
599,14.975000000000001,1.757600951722363e+18,4.538023827822719,-2.9443776526269407,1.3915816906741791,-0.9123221076025834,6.278423184076801,0.13083190503912595,-5.591654359014682,0.2662614671296376,0.3400000035762787,4.0,-2.608418309325821,4.0,-2.454124464746387,0.3400000035762787,0.0,1.726985191748807,0.0,0.0,1.9254236175072446,0.0,0.0,2.1298140077394394,0.0,8.777277245276123,0.0
600,15.000000000000002,1.7576009517473628e+18,4.567379061163096,-2.9445728566224822,1.2698831784749487,-0.8826638561786543,6.2873954832127605,0.11023427869095406,-4.360733984787546,0.3167681583045599,0.3400000035762787,4.0,-2.7301168215250513,4.0,-2.608418309325821,0.3400000035762787,4.0,-2.454124464746387,0.3400000035762787,0.0,1.726985191748807,0.0,0.0,1.9254236175072446,0.0,6.158939070124259,0.0
601,15.025,1.7576009517723628e+18,4.6170753133815765,-2.980156396099943,1.1825868653546507,-0.8192123892902168,6.286129996649114,0.16535935762684495,-3.0196885430704437,0.3489121317757562,0.3400000035762787,4.0,-2.8174131346453493,4.0,-2.7301168215250513,0.3400000035762787,4.0,-2.608418309325821,0.3400000035762787,4.0,-2.454124464746387,0.3400000035762787,0.0,1.726985191748807,0.0,3.4526196114295478,0.0
602,15.05,1.7576009517973627e+18,4.647147038356129,-2.980783268519533,1.1284397301527065,-0.7189806295422708,6.290987336029536,0.296599192844954,-1.6729566517815257,0.3628006129933103,0.3400000035762787,4.0,-2.8715602698472935,4.0,-2.8174131346453493,0.3400000035762787,4.0,-2.7301168215250513,0.3400000035762787,4.0,-2.608418309325821,0.3400000035762787,4.0,-2.454124464746387,0.3400000035762787,0.633535961237861,0.0
603,15.075000000000001,1.757600951822363e+18,4.680174077973417,-2.992354626935053,1.1045081375450714,-0.5861753590838226,6.283058943637573,0.49394182770650297,-0.41343164529710374,0.36268244009482914,0.3400000035762787,4.0,-2.8954918624549286,4.0,-2.8715602698472935,0.3400000035762787,4.0,-2.8174131346453493,0.3400000035762787,4.0,-2.7301168215250513,0.3400000035762787,4.0,-2.608418309325821,0.3400000035762787,-2.149079378294835,0.0
604,15.100000000000001,1.7576009518473628e+18,4.723685346023532,-2.9932281448164457,1.1073580929737203,-0.43259944632669034,6.284869893933708,0.7361386454303532,0.6866833713298396,0.35478665221701766,0.3400000035762787,4.0,-2.8926419070262797,4.0,-2.8954918624549286,0.3400000035762787,4.0,-2.8715602698472935,0.3400000035762787,4.0,-2.8174131346453493,0.3400000035762787,4.0,-2.7301168215250513,0.3400000035762787,-4.984739740550082,0.0
605,15.125000000000002,1.7576009518723628e+18,4.772870960625271,-2.9945057207141947,1.133584538593203,-0.2758052846019292,6.313494550045789,0.9947148470036071,1.5785055534356327,0.3450857953543002,0.3400000035762787,4.0,-2.866415461406797,4.0,-2.8926419070262797,0.3400000035762787,4.0,-2.8954918624549286,0.3400000035762787,4.0,-2.8715602698472935,0.3400000035762787,4.0,-2.8174131346453493,0.3400000035762787,-7.732341909937299,0.0
606,15.15,1.757600951897363e+18,4.786427531734148,-2.9949247409268747,1.179596457451151,-0.1353692888199053,6.317784369299096,1.2411971230225232,2.235539251827496,0.33773949834501465,0.3400000035762787,4.0,-2.820403542548849,4.0,-2.866415461406797,0.3400000035762787,4.0,-2.8926419070262797,0.3400000035762787,4.0,-2.8954918624549286,0.3400000035762787,4.0,-2.8715602698472935,0.3400000035762787,-10.43217165223689,0.0
607,15.175,1.757600951922363e+18,4.803022088584596,-2.975149573156591,1.2410203418372021,-0.028415938266997978,6.346815313176209,1.4541937996877494,2.652404957341913,0.3345016405436385,0.3400000035762787,4.0,-2.758979658162798,4.0,-2.820403542548849,0.3400000035762787,4.0,-2.866415461406797,0.3400000035762787,4.0,-2.8926419070262797,0.3400000035762787,4.0,-2.8954918624549286,0.3400000035762787,-13.071417828270718,0.0
608,15.200000000000001,1.7576009519473628e+18,4.842826689393645,-2.9780710733033056,1.3123725950494673,0.03413680430342559,6.4079445951068035,1.6233483239107653,2.8448646895357657,0.334981352085302,0.3400000035762787,4.0,-2.6876274049505327,4.0,-2.758979658162798,0.3400000035762787,4.0,-2.820403542548849,0.3400000035762787,4.0,-2.866415461406797,0.3400000035762787,4.0,-2.8926419070262797,0.3400000035762787,-15.643274836357762,0.0
609,15.225000000000001,1.7576009519723628e+18,4.887656371301302,-2.977734027074301,1.3874993980796009,0.04945627072447087,6.463635901846669,1.749192415519152,2.8504952491809474,0.3374384918642491,0.3400000035762787,4.0,-2.612500601920399,4.0,-2.6876274049505327,0.3400000035762787,4.0,-2.758979658162798,0.3400000035762787,4.0,-2.820403542548849,0.3400000035762787,4.0,-2.866415461406797,0.3400000035762787,-18.14654951673407,0.0
610,15.250000000000002,1.7576009519973627e+18,4.93027860392505,-2.975372723521099,1.4607527506769815,0.022435943681236907,6.512054238331622,1.8399663606525065,2.7277592084740454,0.33976000049355054,0.3400000035762787,4.0,-2.5392472493230187,4.0,-2.612500601920399,0.3400000035762787,4.0,-2.6876274049505327,0.3400000035762787,4.0,-2.758979658162798,0.3400000035762787,4.0,-2.820403542548849,0.3400000035762787,-20.643028870147784,0.0
611,15.275,1.757600952022363e+18,4.932617517848177,-2.971332853668508,1.5283725462080893,-0.03643399355791896,6.526048285531634,1.9073295274847166,2.5511645505282012,0.3403358798596145,0.3400000035762787,4.0,-2.4716274537919105,4.0,-2.5392472493230187,0.3400000035762787,4.0,-2.612500601920399,0.3400000035762787,4.0,-2.6876274049505327,0.3400000035762787,4.0,-2.758979658162798,0.3400000035762787,-23.02015758030735,0.0
612,15.3,1.7576009520473628e+18,4.976059535864446,-2.9654674526851013,1.5894387409935262,-0.1140132861165813,6.581492181643158,1.9625293499166496,2.401657321880857,0.3386549006740459,0.3400000035762787,4.0,-2.4105612590064736,4.0,-2.4716274537919105,0.3400000035762787,4.0,-2.5392472493230187,0.3400000035762787,4.0,-2.612500601920399,0.3400000035762787,4.0,-2.6876274049505327,0.3400000035762787,-25.341105588855346,0.0
613,15.325000000000001,1.7576009520723628e+18,4.992680894767667,-2.965621151620231,1.646023077778791,-0.19731248557941844,6.616201435873411,2.013828593596382,2.3535500269231413,0.3355204605381296,0.3400000035762787,4.0,-2.353976922221209,4.0,-2.4105612590064736,0.3400000035762787,4.0,-2.4716274537919105,0.3400000035762787,4.0,-2.5392472493230187,0.3400000035762787,4.0,-2.612500601920399,0.3400000035762787,-27.607418840348224,0.0
614,15.350000000000001,1.757600952097363e+18,5.036536064145634,-2.95694299329094,1.702528386695095,-0.27551189436251705,6.676168596442219,2.0654606897592815,2.4610552475345373,0.3328378064410796,0.3400000035762787,4.0,-2.297471613304905,4.0,-2.353976922221209,0.3400000035762787,4.0,-2.4105612590064736,0.3400000035762787,4.0,-2.4716274537919105,0.3400000035762787,4.0,-2.5392472493230187,0.3400000035762787,-29.816238114938237,0.0
615,15.375000000000002,1.757600952122363e+18,5.068841024507095,-2.961128749582449,1.7644669895199057,-0.34100445506326993,6.728111889036024,2.1180667009252683,2.748049791291445,0.3329700943437727,0.3400000035762787,4.0,-2.2355330104800943,4.0,-2.297471613304905,0.3400000035762787,4.0,-2.353976922221209,0.3400000035762787,4.0,-2.4105612590064736,0.3400000035762787,4.0,-2.4716274537919105,0.3400000035762787,-31.95970384985699,0.0
616,15.4,1.7576009521473628e+18,5.107130260161056,-2.9494427919507755,1.8370804198481323,-0.3896345215440117,6.779895267055373,2.170193291582101,3.2038508225004083,0.33773746442033525,0.3400000035762787,4.0,-2.1629195801518675,4.0,-2.2355330104800943,0.3400000035762787,4.0,-2.297471613304905,0.3400000035762787,4.0,-2.353976922221209,0.3400000035762787,4.0,-2.4105612590064736,0.3400000035762787,-34.084132598424475,0.0
617,15.425,1.7576009521723628e+18,5.163435357575912,-2.922126691999863,1.9242293992771151,-0.4204327357156915,6.827455176172002,2.220102811607581,3.785986794579308,0.34725663283212393,0.3400000035762787,4.0,-2.075770600722885,4.0,-2.1629195801518675,0.3400000035762787,4.0,-2.2355330104800943,0.3400000035762787,4.0,-2.297471613304905,0.3400000035762787,4.0,-2.353976922221209,0.3400000035762787,-36.11494632391783,0.0
618,15.450000000000001,1.7576009521973627e+18,5.195937712835709,-2.902076759805182,2.027831703182542,-0.4350510883856568,6.890560537516585,2.2671658799346086,4.428978206288807,0.3589635251075571,0.3400000035762787,4.0,-1.972168296817458,4.0,-2.075770600722885,0.3400000035762787,4.0,-2.1629195801518675,0.3400000035762787,4.0,-2.2355330104800943,0.3400000035762787,4.0,-2.297471613304905,0.3400000035762787,-37.975933672131,0.0
619,15.475000000000001,1.757600952222363e+18,5.241161222676407,-2.883187331117503,2.147839275879976,-0.4370057678795901,6.956235870310775,2.312443201302201,5.056730235764793,0.367257573981355,0.3400000035762787,4.0,-1.852160724120024,4.0,-1.972168296817458,0.3400000035762787,4.0,-2.075770600722885,0.3400000035762787,4.0,-2.1629195801518675,0.3400000035762787,4.0,-2.2355330104800943,0.3400000035762787,-39.70863017084862,0.0
620,15.500000000000002,1.7576009522473628e+18,5.26696514247014,-2.8690041938506514,2.2825175193437586,-0.4308843042056677,6.992475480894699,2.3584288976708465,5.595642039849898,0.3641578826314598,0.3400000035762787,4.0,-1.7174824806562414,4.0,-1.852160724120024,0.3400000035762787,4.0,-1.972168296817458,0.3400000035762787,4.0,-2.075770600722885,0.3400000035762787,4.0,-2.1629195801518675,0.3400000035762787,-41.29778687840655,0.0
621,15.525,1.7576009522723628e+18,5.330680447140328,-2.8307594283195865,2.428780980378396,-0.42175524021479444,7.047232208795015,2.408158856896512,5.9858829558799584,0.34109534301134425,0.3400000035762787,4.0,-1.571219019621604,4.0,-1.7174824806562414,0.3400000035762787,4.0,-1.852160724120024,0.3400000035762787,4.0,-1.972168296817458,0.3400000035762787,4.0,-2.075770600722885,0.3400000035762787,-42.731881619190105,0.0
622,15.55,1.757600952297363e+18,5.3893778731644,-2.788128536693434,2.58250510317941,-0.41492491325064124,7.116821416442506,2.4639516068361593,6.189118999614849,0.29149645049596484,0.3400000035762787,4.0,-1.4174948968205898,4.0,-1.571219019621604,0.3400000035762787,4.0,-1.7174824806562414,0.3400000035762787,4.0,-1.852160724120024,0.3400000035762787,4.0,-1.972168296817458,0.3400000035762787,-44.0048621591504,0.0
623,15.575000000000001,1.757600952322363e+18,5.452486812596522,-2.716903366172444,2.7388814955313636,-0.41587198698824196,7.203569286283696,2.525941037989363,6.191905043982192,0.21331556486202102,0.3400000035762787,4.0,-1.2611185044686364,4.0,-1.4174948968205898,0.3400000035762787,4.0,-1.571219019621604,0.3400000035762787,4.0,-1.7174824806562414,0.3400000035762787,4.0,-1.852160724120024,0.3400000035762787,-45.117738745312465,0.0
624,15.600000000000001,1.7576009523473628e+18,5.492275415023634,-2.6846817813753505,2.8928843037121874,-0.4299021819986334,7.256991267658275,2.590387784951535,6.004753792842028,0.1104730512116353,-0.0,4.0,-1.1071156962878126,4.0,-1.2611185044686364,0.3400000035762787,4.0,-1.4174948968205898,0.3400000035762787,4.0,-1.571219019621604,0.3400000035762787,4.0,-1.7174824806562414,0.3400000035762787,-46.0207358944829,0.0
625,15.625000000000002,1.7576009523723628e+18,5.564653342150498,-2.5869777464883965,3.0398197121302055,-0.4611392207485578,7.364434304749092,2.6477610739428985,5.657508210539292,-0.0074661993947340135,-0.0,4.0,-0.9601802878697945,4.0,-1.1071156962878126,-0.0,4.0,-1.2611185044686364,0.3400000035762787,4.0,-1.4174948968205898,0.3400000035762787,4.0,-1.571219019621604,0.3400000035762787,-46.73142510006831,0.0
626,15.65,1.7576009523973627e+18,5.583147286519841,-2.5661588917016287,3.1758659363334747,-0.5109264766513079,7.391510723814896,2.6809901461864265,5.192133038987372,-0.12723453909607907,-0.1296873539686203,4.0,-0.8241340636665253,4.0,-0.9601802878697945,-0.0,4.0,-1.1071156962878126,-0.0,4.0,-1.2611185044686364,0.3400000035762787,4.0,-1.4174948968205898,0.3400000035762787,-47.09831459904854,0.0
627,15.675,1.757600952422363e+18,5.63797975894182,-2.4789705645160565,3.2984933938361123,-0.5762211644447262,7.4807290719682875,2.664971903871255,4.65442438833195,-0.23462396245531247,-0.2548847496509552,4.0,-0.7015066061638877,4.0,-0.8241340636665253,-0.1296873539686203,4.0,-0.9601802878697945,-0.0,4.0,-1.1071156962878126,-0.0,4.0,-1.2611185044686364,0.3400000035762787,-47.15233795524871,0.0
628,15.700000000000001,1.7576009524473628e+18,5.667669848612531,-2.4058600007359496,3.4066314428418067,-0.6487910948415908,7.535614358894939,2.5687270560684174,4.086333983651424,-0.3171637731812575,-0.3400000035762787,4.0,-0.5933685571581933,4.0,-0.7015066061638877,-0.2548847496509552,4.0,-0.8241340636665253,-0.1296873539686203,4.0,-0.9601802878697945,-0.0,4.0,-1.1071156962878126,-0.0,-46.22080387775001,0.0
629,15.725000000000001,1.7576009524723628e+18,5.694233058844418,-2.357410700931772,3.500469403276126,-0.7158840897249378,7.580334585431212,2.360912378286836,3.5204729969190467,-0.3661300196339186,-0.3400000035762787,4.0,-0.4995305967238739,4.0,-0.5933685571581933,-0.3400000035762787,4.0,-0.7015066061638877,-0.2548847496509552,4.0,-0.8241340636665253,-0.1296873539686203,4.0,-0.9601802878697945,-0.0,-45.28055542619566,0.0
630,15.750000000000002,1.757600952497363e+18,5.752946079498342,-2.281535802378044,3.580931424297621,-0.7625817231398939,7.649703715339487,2.0179921117412647,2.977808904815998,-0.3777146478462921,-0.3400000035762787,4.0,-0.4190685757023789,4.0,-0.4995305967238739,-0.3400000035762787,4.0,-0.5933685571581933,-0.3400000035762787,4.0,-0.7015066061638877,-0.2548847496509552,4.0,-0.8241340636665253,-0.1296873539686203,-44.36368066695999,0.0
631,15.775,1.757600952522363e+18,5.776064105204926,-2.1812404199675206,3.6490649693487947,-0.775359224937132,7.718064398316226,1.5331280545329533,2.4686738694731005,-0.35347246744021216,-0.3400000035762787,4.0,-0.35093503065120535,4.0,-0.4190685757023789,-0.3400000035762787,4.0,-0.4995305967238739,-0.3400000035762787,4.0,-0.5933685571581933,-0.3400000035762787,4.0,-0.7015066061638877,-0.2548847496509552,-43.497793018745604,0.0
632,15.8,1.7576009525473628e+18,5.790587543966123,-2.11443197114839,3.7056380570231338,-0.745701816639134,7.768565779032077,0.9232593742453545,1.9962333885437378,-0.30019698201418554,-0.3400000035762787,4.0,-0.29436194297686624,4.0,-0.35093503065120535,-0.3400000035762787,4.0,-0.4190685757023789,-0.3400000035762787,4.0,-0.4995305967238739,-0.3400000035762787,4.0,-0.5933685571581933,-0.3400000035762787,-42.70446321741717,0.0
633,15.825000000000001,1.7576009525723628e+18,5.8071202668772575,-2.0504581105603354,3.7510953571161396,-0.6724106538051946,7.770110502661019,0.23183654857845648,1.5608811013261352,-0.22912386450004676,-0.3400000035762787,4.0,-0.24890464288386038,4.0,-0.29436194297686624,-0.3400000035762787,4.0,-0.35093503065120535,-0.3400000035762787,4.0,-0.4190685757023789,-0.3400000035762787,4.0,-0.4995305967238739,-0.3400000035762787,-41.99811146457613,0.0
634,15.850000000000001,1.7576009525973627e+18,5.824664862671239,-1.9623769376242772,3.7858078418108683,-0.5617182545087424,7.815318863923452,-0.4746947456210306,1.1639070082433294,-0.1541047433079126,-0.1447181701660156,4.0,-0.21419215818913173,4.0,-0.24890464288386038,-0.3400000035762787,4.0,-0.29436194297686624,-0.3400000035762787,4.0,-0.35093503065120535,-0.3400000035762787,4.0,-0.4190685757023789,-0.3400000035762787,-41.385350221322106,0.0
635,15.875000000000002,1.757600952622363e+18,5.834028424319488,-1.898883849538357,3.81041323911589,-0.42529690668222836,7.763965710700839,-1.117020424709706,0.8092737369773813,-0.08859098998012785,-0.0,4.0,-0.1895867608841102,4.0,-0.21419215818913173,-0.1447181701660156,4.0,-0.24890464288386038,-0.3400000035762787,4.0,-0.29436194297686624,-0.3400000035762787,4.0,-0.35093503065120535,-0.3400000035762787,-40.864965871255336,0.0
636,15.9,1.7576009526473628e+18,5.84084976258521,-1.7891135143947516,3.826040991521098,-0.27715384017382794,7.770164795220747,-1.6179158943359528,0.5032040032425045,-0.04201068956572657,-0.0,4.0,-0.173959008478902,4.0,-0.1895867608841102,-0.0,4.0,-0.21419215818913173,-0.1447181701660156,4.0,-0.24890464288386038,-0.3400000035762787,4.0,-0.29436194297686624,-0.3400000035762787,-40.428791290782456,0.0
637,15.925,1.7576009526723628e+18,5.855088732643238,-1.7192227687830868,3.834311549563114,-0.130737003944043,7.711794191055713,-1.918543207655668,0.25215047356797776,-0.016858141444619338,-0.0,4.0,-0.16568845043688585,4.0,-0.173959008478902,-0.0,4.0,-0.1895867608841102,-0.0,4.0,-0.21419215818913173,-0.1447181701660156,4.0,-0.24890464288386038,-0.3400000035762787,-40.06353973894,0.0
638,15.950000000000001,1.757600952697363e+18,5.859933220014908,-1.620808522596091,3.837118532148437,0.002866348898245754,7.685263187553986,-1.9919936012217647,0.06023630942259881,-0.007845162703295628,-0.0,4.0,-0.16288146785156288,4.0,-0.16568845043688585,-0.0,4.0,-0.173959008478902,-0.0,4.0,-0.1895867608841102,-0.0,4.0,-0.21419215818913173,-0.1447181701660156,-39.7533520923631,0.0
639,15.975000000000001,1.757600952722363e+18,5.879009018049386,-1.532966688455781,3.836294854291221,0.11556753523534241,7.609015253329426,-1.8502841194010633,-0.07273695357107833,-0.003692202343556929,-0.0,4.0,-0.16370514570877903,4.0,-0.16288146785156288,-0.0,4.0,-0.16568845043688585,-0.0,4.0,-0.173959008478902,-0.0,4.0,-0.1895867608841102,-0.0,-39.48254221140589,0.0
640,16.0,1.7576009527473628e+18,5.891537981138338,-1.4218183439256118,3.833318502631109,0.20221378448025146,7.552375409302536,-1.5419638575608503,-0.15202962912384496,0.008908972099377004,-0.0,4.0,-0.16668149736889104,4.0,-0.16370514570877903,-0.0,4.0,-0.16288146785156288,-0.0,4.0,-0.16568845043688585,-0.0,4.0,-0.173959008478902,-0.0,-39.237920307001126,0.0
641,16.025000000000002,1.7576009527723628e+18,5.974943037641017,-1.243951647203312,3.829197853607934,0.26032473922461963,7.48184476403409,-1.1395415269188365,-0.18734064349496896,0.0404253419218991,-0.0,4.0,-0.17080214639206615,4.0,-0.16668149736889104,-0.0,4.0,-0.16370514570877903,-0.0,4.0,-0.16288146785156288,-0.0,4.0,-0.16568845043688585,-0.0,-39.01017623025796,0.0
642,16.05,1.7576009527973627e+18,6.005157869230154,-1.1431205259761812,3.824565044518065,0.28991176435900445,7.43098356058516,-0.7194847092448766,-0.19116544893682952,0.0943334167074604,-0.0,4.0,-0.175434955481935,4.0,-0.17080214639206615,-0.0,4.0,-0.16668149736889104,-0.0,4.0,-0.16370514570877903,-0.0,4.0,-0.16288146785156288,-0.0,-38.7941202228822,0.0
643,16.075,1.757600952822363e+18,6.016939460202884,-1.103803708203588,3.819865137683326,0.2933985073578808,7.411151383343034,-0.3412615663549014,-0.17666653852863548,0.1652129017374023,0.1046656668186187,4.0,-0.18013486231667386,4.0,-0.175434955481935,-0.0,4.0,-0.17080214639206615,-0.0,4.0,-0.16668149736889104,-0.0,4.0,-0.16370514570877903,-0.0,-38.58799096005241,0.0
644,16.1,1.7576009528473628e+18,6.074126982200836,-0.9857890669358824,3.8154781394468076,0.27537194118996833,7.4088159318604685,-0.033131980036001346,-0.1555330300015095,0.23994582002183484,0.3400000035762787,4.0,-0.18452186055319242,4.0,-0.18013486231667386,0.1046656668186187,4.0,-0.175434955481935,-0.0,4.0,-0.17080214639206615,-0.0,4.0,-0.16668149736889104,-0.0,-38.39230648629556,0.0
645,16.125,1.7576009528723628e+18,6.11275742883779,-0.8881555220905355,3.8116966334248388,0.24173715287624217,7.443224328489784,0.21024523594569772,-0.13615863816458035,0.3017302325730268,0.3400000035762787,4.0,-0.18830336657516122,4.0,-0.18452186055319242,0.3400000035762787,4.0,-0.18013486231667386,0.1046656668186187,4.0,-0.175434955481935,-0.0,4.0,-0.17080214639206615,-0.0,-38.208698240338016,0.0
646,16.150000000000002,1.757600952897363e+18,6.147581800032687,-0.8163969530130012,3.808626601100188,0.19811234548690418,7.440875138478047,0.41837624602091317,-0.12237544865419324,0.33545524810895416,0.3400000035762787,4.0,-0.19137339889981186,4.0,-0.18830336657516122,0.3400000035762787,4.0,-0.18452186055319242,0.3400000035762787,4.0,-0.18013486231667386,0.1046656668186187,4.0,-0.175434955481935,-0.0,-38.03894388015912,0.0
647,16.175,1.757600952922363e+18,6.171353588281318,-0.7509544059752223,3.806150531092011,0.14792125317433408,7.458902749536206,0.6283021818004341,-0.1129848745847513,0.332486864743925,0.3400000035762787,4.0,-0.19384946890798904,4.0,-0.19137339889981186,0.3400000035762787,4.0,-0.18830336657516122,0.3400000035762787,4.0,-0.18452186055319242,0.3400000035762787,4.0,-0.18013486231667386,0.1046656668186187,-37.88425272495166,0.0
648,16.2,1.7576009529473628e+18,6.217907660866677,-0.644771361944964,3.8040298488432,0.09109078008892417,7.464740419895676,0.8675887808725152,-0.10234412317604907,0.29328893230080755,0.3400000035762787,4.0,-0.19597015115679994,4.0,-0.19384946890798904,0.3400000035762787,4.0,-0.19137339889981186,0.3400000035762787,4.0,-0.18830336657516122,0.3400000035762787,4.0,-0.18452186055319242,0.3400000035762787,-37.74485796208124,0.0
649,16.225,1.7576009529723628e+18,6.24552658479609,-0.5738721143491707,3.8021015077213502,0.0241312664578557,7.477436215806176,1.1428364281300851,-0.08216478044510332,0.227141162343433,0.3400000035762787,4.0,-0.19789849227864975,4.0,-0.19597015115679994,0.3400000035762787,4.0,-0.19384946890798904,0.3400000035762787,4.0,-0.19137339889981186,0.3400000035762787,4.0,-0.18830336657516122,0.3400000035762787,-37.619994684386654,0.0
650,16.25,1.7576009529973627e+18,6.290525502985531,-0.4688717426608197,3.800456725007016,-0.058204002039328996,7.48887986061257,1.4365025783485474,-0.04438787967243638,0.14910636460010793,-0.0,4.0,-0.1995432749929842,4.0,-0.19789849227864975,0.3400000035762787,4.0,-0.19597015115679994,0.3400000035762787,4.0,-0.19384946890798904,0.3400000035762787,4.0,-0.19137339889981186,0.3400000035762787,-37.50823367064465,0.0
651,16.275000000000002,1.757600953022363e+18,6.321225521539487,-0.3955739308406052,3.7995089738383383,-0.1601388560896243,7.534157080249631,1.7114975968895723,0.015426613071331143,0.07528103502245412,-0.0,4.0,-0.2004910261616617,4.0,-0.1995432749929842,-0.0,4.0,-0.19789849227864975,0.3400000035762787,4.0,-0.19597015115679994,0.3400000035762787,4.0,-0.19384946890798904,0.3400000035762787,-37.407936357158206,0.0
652,16.3,1.7576009530473628e+18,6.37546945574034,-0.2672624910613004,3.799914560624119,-0.2819108957952767,7.566860600659908,1.9210577993812334,0.09514582243698448,0.01807756019889589,-0.0,4.0,-0.20008543937588108,4.0,-0.2004910261616617,-0.0,4.0,-0.1995432749929842,-0.0,4.0,-0.19789849227864975,0.3400000035762787,4.0,-0.19597015115679994,0.3400000035762787,-37.31749050237463,0.0
653,16.325,1.7576009530723628e+18,6.415012504132575,-0.2145576242261015,3.802361212353752,-0.4176946631747306,7.636698823140559,2.0209644934205224,0.184635810527314,-0.016686967003562606,-0.0,4.0,-0.1976387876462482,4.0,-0.20008543937588108,-0.0,4.0,-0.2004910261616617,-0.0,4.0,-0.1995432749929842,-0.0,4.0,-0.19789849227864975,0.3400000035762787,-37.23512125434366,0.0
654,16.35,1.757600953097363e+18,6.422012450794028,-0.1104216500473143,3.8072823108977016,-0.55519951926146,7.712157126662367,1.9814411849970877,0.2667006840163841,-0.030027561389885455,-0.0,4.0,-0.19271768910229836,4.0,-0.1976387876462482,-0.0,4.0,-0.20008543937588108,-0.0,4.0,-0.2004910261616617,-0.0,4.0,-0.1995432749929842,-0.0,-37.158405861378746,0.0
655,16.375,1.757600953122363e+18,6.455636739031948,-0.0002936025304856,3.814585355238946,-0.6772357196024804,7.774225972921114,1.7962721521262126,0.32059475909484986,-0.027772439098369885,-0.0,4.0,-0.18541464476105407,4.0,-0.19271768910229836,-0.0,4.0,-0.1976387876462482,-0.0,4.0,-0.20008543937588108,-0.0,4.0,-0.2004910261616617,-0.0,-37.08393831053936,0.0
656,16.400000000000002,1.7576009531473628e+18,6.466982846034959,0.0576310272735889,3.8234920357074285,-0.7650962869766619,7.790275014605364,1.4867484816144767,0.32745779231729993,-0.017538304250869517,-0.0,4.0,-0.17650796429257154,4.0,-0.18541464476105407,-0.0,4.0,-0.19271768910229836,-0.0,4.0,-0.1976387876462482,-0.0,4.0,-0.20008543937588108,-0.0,-37.00763681014182,0.0
657,16.425,1.7576009531723628e+18,6.484846341254354,0.1229424595983015,3.832565882638565,-0.8031628189880802,7.832506582843209,1.098587972392925,0.2762330909095859,-0.006002740620814511,-0.0,4.0,-0.16743411736143488,4.0,-0.17650796429257154,-0.0,4.0,-0.18541464476105407,-0.0,4.0,-0.19271768910229836,-0.0,4.0,-0.1976387876462482,-0.0,-36.92585775967699,0.0
658,16.45,1.7576009531973627e+18,6.48536325308735,0.2485786829907708,3.8399562724571,-0.7835824601581867,7.875767948065382,0.6917491810599079,0.16821289535431225,0.002704194222108169,-0.0,4.0,-0.16004372754290008,4.0,-0.16743411736143488,-0.0,4.0,-0.17650796429257154,-0.0,4.0,-0.18541464476105407,-0.0,4.0,-0.19271768910229836,-0.0,-36.836947710648964,0.0
659,16.475,1.757600953222363e+18,6.490360248558204,0.3259554450520063,3.843828732278264,-0.7094246004100117,7.907839425579784,0.32580383224602355,0.018531242299515034,0.007287484352299135,-0.0,4.0,-0.15617126772173595,4.0,-0.16004372754290008,-0.0,4.0,-0.16743411736143488,-0.0,4.0,-0.17650796429257154,-0.0,4.0,-0.18541464476105407,-0.0,-36.74248203260579,0.0
660,16.5,1.7576009532473628e+18,6.48887507431022,0.4288774607759849,3.8428880010708615,-0.5948772838926543,7.91384678506866,0.0456537575885569,-0.14628179383657336,0.008540634344223145,-0.0,4.0,-0.15711199892913852,4.0,-0.15617126772173595,-0.0,4.0,-0.16004372754290008,-0.0,4.0,-0.16743411736143488,-0.0,4.0,-0.17650796429257154,-0.0,-36.6474729421792,0.0
661,16.525000000000002,1.7576009532723628e+18,6.488509278890732,0.525472959372856,3.836832669311353,-0.4619576887354917,7.939104618260014,-0.12762133477383455,-0.2943611624868976,0.008101031390469669,-0.0,4.0,-0.1631673306886472,4.0,-0.15711199892913852,-0.0,4.0,-0.15617126772173595,-0.0,4.0,-0.16004372754290008,-0.0,4.0,-0.16743411736143488,-0.0,-36.55928394101464,0.0
662,16.55,1.757600953297363e+18,6.487754589001672,0.62365462048417,3.8265473992210595,-0.33457764550917296,7.891174263253892,-0.19813444385868506,-0.3966209460367816,0.0072643318515431335,-0.0,4.0,-0.17345260077894054,4.0,-0.1631673306886472,-0.0,4.0,-0.15711199892913852,-0.0,4.0,-0.15617126772173595,-0.0,4.0,-0.16004372754290008,-0.0,-36.485616376431416,0.0
663,16.575,1.757600953322363e+18,6.483946577701101,0.7007145220995303,3.813913695637765,-0.2319830970209728,7.893396622007787,-0.18923772196767769,-0.4345355329737297,0.006278999520402524,-0.0,4.0,-0.18608630436223494,4.0,-0.17345260077894054,-0.0,4.0,-0.1631673306886472,-0.0,4.0,-0.15711199892913852,-0.0,4.0,-0.15617126772173595,-0.0,-36.43237518783845,0.0
664,16.6,1.7576009533473628e+18,6.482459682214772,0.8761949131916076,3.80129443812481,-0.16392170879092577,7.877794140412097,-0.13337320467926975,-0.4051299663200216,0.004327497301709382,-0.0,4.0,-0.19870556187518984,4.0,-0.18608630436223494,-0.0,4.0,-0.17345260077894054,-0.0,4.0,-0.1631673306886472,-0.0,4.0,-0.15711199892913852,-0.0,-36.402216876097214,0.0
665,16.625,1.7576009533723628e+18,6.479667774927578,0.9529370159882332,3.7908914514556646,-0.12917870958563,7.875508039283106,-0.06192554394126563,-0.32148920659296265,0.000166789584664519,-0.0,4.0,-0.20910854854433536,4.0,-0.19870556187518984,-0.0,4.0,-0.18608630436223494,-0.0,4.0,-0.17345260077894054,-0.0,4.0,-0.1631673306886472,-0.0,-36.39418062390466,0.0
666,16.650000000000002,1.7576009533973627e+18,6.490953048557882,1.0951260971910162,3.78418937277216,-0.11777523439535512,7.880355763575347,0.0016146891878281123,-0.20849038482736243,-0.00681404873660857,-0.0,4.0,-0.21581062722784017,4.0,-0.20910854854433536,-0.0,4.0,-0.19870556187518984,-0.0,4.0,-0.18608630436223494,-0.0,4.0,-0.17345260077894054,-0.0,-36.40431335313852,0.0
667,16.675,1.757600953422363e+18,6.489129024521379,1.1722060065158373,3.7816230514405196,-0.1157811813836707,7.880090053112244,0.04395528427176167,-0.09503240430232195,-0.015526011117083863,-0.0,4.0,-0.21837694855948042,4.0,-0.21581062722784017,-0.0,4.0,-0.20910854854433536,-0.0,4.0,-0.19870556187518984,-0.0,4.0,-0.18608630436223494,-0.0,-36.42690614191136,0.0
668,16.7,1.7576009534473628e+18,6.486342212970385,1.293147801056412,3.782533285160633,-0.11080623457139663,7.880125438233716,0.060614630758924565,-0.005246447135828522,-0.02258393484801219,-0.0,4.0,-0.2174667148393672,4.0,-0.21837694855948042,-0.0,4.0,-0.21581062722784017,-0.0,4.0,-0.20910854854433536,-0.0,4.0,-0.19870556187518984,-0.0,-36.455906738768704,0.0
669,16.725,1.7576009534723628e+18,6.483359102597474,1.4107357497843984,3.785434504152015,-0.09608333004339549,7.879730565864657,0.052886851172174766,0.04842043777191212,-0.02259864498928185,-0.0,4.0,-0.2145654958479848,4.0,-0.2174667148393672,-0.0,4.0,-0.21837694855948042,-0.0,4.0,-0.21581062722784017,-0.0,4.0,-0.20910854854433536,-0.0,-36.4861295560745,0.0
670,16.75,1.757600953497363e+18,6.481909324092655,1.4937185721699726,3.788561664784711,-0.07175937340649156,7.878570937696059,0.02530441682137306,0.067934055403124,-0.00952813667765,-0.0,4.0,-0.2114383352152891,4.0,-0.2145654958479848,-0.0,4.0,-0.2174667148393672,-0.0,4.0,-0.21837694855948042,-0.0,4.0,-0.21581062722784017,-0.0,-36.51395651415198,0.0
671,16.775000000000002,1.757600953522363e+18,6.479310739270837,1.5684558477293202,3.790548888006733,-0.043288282576434266,7.875558638750091,-0.015096439895600864,0.06731277485528588,0.021160838313423684,-0.0,4.0,-0.20945111199326716,4.0,-0.2114383352152891,-0.0,4.0,-0.2145654958479848,-0.0,4.0,-0.2174667148393672,-0.0,4.0,-0.21837694855948042,-0.0,-36.53735616117805,0.0
672,16.8,1.7576009535473628e+18,6.476677262980143,1.679293409972054,3.790971710003284,-0.01805276729183694,7.87505170359977,-0.05775461463289951,0.06606320287656937,0.0702573986556879,-0.0,4.0,-0.20902828999671597,4.0,-0.20945111199326716,-0.0,4.0,-0.2114383352152891,-0.0,4.0,-0.2145654958479848,-0.0,4.0,-0.2174667148393672,-0.0,-36.555314642397725,0.0
673,16.825,1.7576009535723628e+18,6.472033909059364,1.7864615592974735,3.7904907671223356,-0.0019161435855393118,7.87647133065173,-0.08712726894616753,0.08082124187390885,0.13355463340802062,-0.0,4.0,-0.20950923287766443,4.0,-0.20902828999671597,-0.0,4.0,-0.20945111199326716,-0.0,4.0,-0.2114383352152891,-0.0,4.0,-0.2145654958479848,-0.0,-36.567081049921356,0.0
674,16.85,1.7576009535973627e+18,6.4704598428859486,1.8659503278257104,3.790513966148412,0.002857836769734786,7.876677837897643,-0.08269784308323692,0.11829053254021508,0.20246486206018147,0.3300091028213501,4.0,-0.20948603385158782,4.0,-0.20950923287766443,-0.0,4.0,-0.20902828999671597,-0.0,4.0,-0.20945111199326716,-0.0,4.0,-0.2114383352152891,-0.0,-36.57175824244853,0.0
675,16.875,1.757600953622363e+18,6.475074348455018,1.9405405407318963,3.7925244446595854,-0.0023125719256381415,7.8769666652576795,-0.021897396725744964,0.17212055321692654,0.26655357647983313,0.3400000035762787,4.0,-0.20747555534041462,4.0,-0.20948603385158782,0.3300091028213501,4.0,-0.20950923287766443,-0.0,4.0,-0.20902828999671597,-0.0,4.0,-0.20945111199326716,-0.0,-36.56858289475488,0.0
676,16.900000000000002,1.7576009536473628e+18,6.472402264599447,2.0566607451447143,3.7973609605347196,-0.013969337425999649,7.877297118932426,0.11398215366755744,0.22492200935749215,0.3169342531951643,0.3400000035762787,4.0,-0.2026390394652804,4.0,-0.20747555534041462,0.3400000035762787,4.0,-0.20948603385158782,0.3300091028213501,4.0,-0.20950923287766443,-0.0,4.0,-0.20902828999671597,-0.0,-36.55781128458379,0.0
677,16.925,1.7576009536723628e+18,6.468680619868042,2.1413826823399007,3.80475343197485,-0.02905455347517298,7.8758201723599,0.33259750963962015,0.25470893709864184,0.3489193453454457,0.3400000035762787,4.0,-0.19524656802515006,4.0,-0.2026390394652804,0.3400000035762787,4.0,-0.20747555534041462,0.3400000035762787,4.0,-0.20948603385158782,0.3300091028213501,4.0,-0.20950923287766443,-0.0,-36.541677002998995,0.0
678,16.95,1.757600953697363e+18,6.466838396979586,2.233216489966287,3.8133229003945703,-0.04701954312625917,7.876260913318319,0.625176851086105,0.24340556598919888,0.36281801559256727,0.3400000035762787,4.0,-0.18667709960542966,4.0,-0.19524656802515006,0.3400000035762787,4.0,-0.2026390394652804,0.3400000035762787,4.0,-0.20747555534041462,0.3400000035762787,4.0,-0.20948603385158782,0.3300091028213501,-36.524660512298524,0.0
679,16.975,1.757600953722363e+18,6.469687072851508,2.4950307686541358,3.8210586836451763,-0.07074636198472273,7.8872559241821625,0.9659573944247369,0.18428009818486699,0.36286404020415786,0.3400000035762787,4.0,-0.1789413163548237,4.0,-0.18667709960542966,0.3400000035762787,4.0,-0.19524656802515006,0.3400000035762787,4.0,-0.2026390394652804,0.3400000035762787,4.0,-0.20747555534041462,0.3400000035762787,-36.51247877506515,0.0
680,17.0,1.7576009537473628e+18,6.469687072851508,2.4950307686541358,3.826054133433924,-0.1059627483446044,7.8872559241821625,1.3174599501092727,0.08553702284630436,0.3551049925035062,0.3400000035762787,4.0,-0.17394586656607602,4.0,-0.1789413163548237,0.3400000035762787,4.0,-0.18667709960542966,0.3400000035762787,4.0,-0.19524656802515006,0.3400000035762787,4.0,-0.2026390394652804,0.3400000035762787,-36.509730377483784,0.0
681,17.025000000000002,1.7576009537723628e+18,6.463685193747956,2.648237471797961,3.827160925138535,-0.15935695151234885,7.9661711196719756,1.6397993256071914,-0.0313574046755836,0.3452784129421651,0.3400000035762787,4.0,-0.17283907486146521,4.0,-0.17394586656607602,0.3400000035762787,4.0,-0.1789413163548237,0.3400000035762787,4.0,-0.18667709960542966,0.3400000035762787,4.0,-0.19524656802515006,0.3400000035762787,-36.51676039726818,0.0
682,17.05,1.7576009537973627e+18,6.462999423281698,2.680921609334721,3.8243012526990294,-0.23596933957359387,7.976918454860409,1.9004055241006554,-0.1382420470707627,0.3373927529288288,0.3400000035762787,4.0,-0.17569874730097057,4.0,-0.17283907486146521,0.3400000035762787,4.0,-0.17394586656607602,0.3400000035762787,4.0,-0.1789413163548237,0.3400000035762787,4.0,-0.18667709960542966,0.3400000035762787,-36.52674642104064,0.0
683,17.075,1.757600953822363e+18,6.453123197978387,2.765089732629212,3.818383244475302,-0.3366615237391881,8.034326347603322,2.080690670629864,-0.20972218738913334,0.3332543368716035,0.3400000035762787,4.0,-0.18161675552469791,4.0,-0.17569874730097057,0.3400000035762787,4.0,-0.17283907486146521,0.3400000035762787,4.0,-0.17394586656607602,0.3400000035762787,4.0,-0.1789413163548237,0.3400000035762787,-36.52410213468352,0.0
684,17.1,1.7576009538473628e+18,6.448515536619869,2.8431631328868394,3.810929654965164,-0.45655909642103115,8.070879662932686,2.1779042783935885,-0.23258704601895563,0.3327857648209684,0.3400000035762787,4.0,-0.18907034503483588,4.0,-0.18161675552469791,0.3400000035762787,4.0,-0.17569874730097057,0.3400000035762787,4.0,-0.17283907486146521,0.3400000035762787,4.0,-0.17394586656607602,0.3400000035762787,-40.48502194919669,0.0
685,17.125,1.7576009538723628e+18,6.453707941653947,2.961799355576431,3.8035686298849494,-0.5852245588399617,8.142646178736172,2.202548953592731,-0.2122192368995364,0.3347763062877992,0.3400000035762787,4.0,-0.19643137011505063,4.0,-0.18907034503483588,0.3400000035762787,4.0,-0.18161675552469791,0.3400000035762787,4.0,-0.17569874730097057,0.3400000035762787,4.0,-0.17283907486146521,0.3400000035762787,-44.380374869280416,0.0
686,17.150000000000002,1.757600953897363e+18,6.430878344016511,3.0860129569611634,3.7975009361725416,-0.7087783668170187,8.22348625717236,2.1732315887768547,-0.173858552315249,0.33769018996004996,0.3400000035762787,4.0,-0.20249906382745841,4.0,-0.19643137011505063,0.3400000035762787,4.0,-0.18907034503483588,0.3400000035762787,4.0,-0.18161675552469791,0.3400000035762787,4.0,-0.17569874730097057,0.3400000035762787,-48.18032964416817,0.0
687,17.175,1.757600953922363e+18,6.4159396604286805,3.1628017698314186,3.7930304301948357,-0.8133406293619453,8.270074450187249,2.1111898993934815,-0.157988468598612,0.3402698967049551,0.3400000035762787,4.0,-0.20696956980516434,4.0,-0.20249906382745841,0.3400000035762787,4.0,-0.19643137011505063,0.3400000035762787,4.0,-0.18907034503483588,0.3400000035762787,4.0,-0.18161675552469791,0.3400000035762787,-51.85936355772305,0.0
688,17.200000000000003,1.7576009539473628e+18,6.382557419211644,3.28327787744224,3.789241344447816,-0.8884992510392292,8.322236562291556,2.036126158618924,-0.21072216445930156,0.3418270480280196,0.3400000035762787,4.0,-0.21075865555218387,4.0,-0.20696956980516434,0.3400000035762787,4.0,-0.20249906382745841,0.3400000035762787,4.0,-0.19643137011505063,0.3400000035762787,4.0,-0.18907034503483588,0.3400000035762787,-55.40004718103441,0.0
689,17.225,1.7576009539723628e+18,6.361579834530636,3.350943438482174,3.78390976018919,-0.9295135044727475,8.361660228125725,1.9639502405943223,-0.3714823881853665,0.3422475260765926,0.3400000035762787,4.0,-0.21609023981081021,4.0,-0.21075865555218387,0.3400000035762787,4.0,-0.20696956980516434,0.3400000035762787,4.0,-0.20249906382745841,0.3400000035762787,4.0,-0.19643137011505063,0.3400000035762787,-58.794400663358914,0.0
690,17.25,1.7576009539973627e+18,6.348329892467904,3.393682618280748,3.7737284833037408,-0.9376529822940436,8.386561154335602,1.9061662716657541,-0.6611468447054656,0.34181531525890335,0.3400000035762787,3.8235158920288086,-0.04978740872506782,4.0,-0.21609023981081021,0.3400000035762787,4.0,-0.21075865555218387,0.3400000035762787,4.0,-0.20696956980516434,0.3400000035762787,4.0,-0.20249906382745841,0.3400000035762787,-61.86605858768117,0.0
691,17.275000000000002,1.757600954022363e+18,6.284358672136367,3.526569250958227,3.7548759418160556,-0.918974809731174,8.459655506446069,1.8702748869956092,-1.0739172763714449,0.3409770011256471,0.3400000035762787,3.646857261657715,0.10801868015834071,3.8235158920288086,-0.04978740872506782,0.3400000035762787,4.0,-0.21609023981081021,0.3400000035762787,4.0,-0.21075865555218387,0.3400000035762787,4.0,-0.20696956980516434,0.3400000035762787,-64.61976532863433,0.0
692,17.3,1.7576009540473628e+18,6.225271251044788,3.6318729222872825,3.7238593854365023,-0.8823660134443495,8.528728838403696,1.8605718580296697,-1.575378947552309,0.34014228093919996,0.3400000035762787,3.4110798835754395,0.31277950186106285,3.646857261657715,0.10801868015834071,0.3400000035762787,3.8235158920288086,-0.04978740872506782,0.3400000035762787,4.0,-0.21609023981081021,0.3400000035762787,4.0,-0.21075865555218387,0.3400000035762787,-67.00234094666287,0.0
693,17.325000000000003,1.7576009540723628e+18,6.194143675035802,3.691095517448813,3.6784485153296327,-0.8375739867737966,8.565513497879351,1.8787471329741865,-2.107684195826662,0.3395694775550651,0.3400000035762787,3.3523099422454834,0.3261385730841493,3.4110798835754395,0.31277950186106285,0.3400000035762787,3.646857261657715,0.10801868015834071,0.3400000035762787,3.8235158920288086,-0.04978740872506782,0.3400000035762787,4.0,-0.21609023981081021,0.3400000035762787,-69.19506117798862,0.0
694,17.35,1.757600954097363e+18,6.147209186534706,3.757799208813996,3.618433841185459,-0.7935252157513719,8.594553277180806,1.9237629664175149,-2.6008929848697564,0.3393405097260219,0.3400000035762787,3.293365716934204,0.325068124251255,3.3523099422454834,0.3261385730841493,0.3400000035762787,3.4110798835754395,0.31277950186106285,0.3400000035762787,3.646857261657715,0.10801868015834071,0.3400000035762787,3.8235158920288086,-0.04978740872506782,0.3400000035762787,-71.19980629574337,0.0
695,17.375,1.757600954122363e+18,6.083940811484656,3.849565128735498,3.5459257956113803,-0.7570326309100301,8.654986926289997,1.9909857070856425,-2.9877742277212755,0.33940021870665094,0.3400000035762787,3.234421491622925,0.3115043039884555,3.293365716934204,0.325068124251255,0.3400000035762787,3.3523099422454834,0.3261385730841493,0.3400000035762787,3.4110798835754395,0.31277950186106285,0.3400000035762787,3.646857261657715,0.10801868015834071,0.3400000035762787,-73.01811599949436,0.0
696,17.400000000000002,1.7576009541473628e+18,6.044334708021664,3.906162365866855,3.4650151341862303,-0.7321425872036225,8.68540011068574,2.071394823812648,-3.2183562652761575,0.33962407419356305,0.3400000035762787,3.0575883388519287,0.4074267953343016,3.234421491622925,0.3115043039884555,0.3400000035762787,3.293365716934204,0.325068124251255,0.3400000035762787,3.3523099422454834,0.3261385730841493,0.3400000035762787,3.4110798835754395,0.31277950186106285,0.3400000035762787,-74.5361128216673,0.0
697,17.425,1.7576009541723628e+18,5.978661905021816,3.971584020301092,3.380867177541685,-0.7204439942600568,8.740558431710365,2.152143993106554,-3.27055715996501,0.3398826173113995,0.3400000035762787,2.9988183975219727,0.38204878001971254,3.0575883388519287,0.4074267953343016,0.3400000035762787,3.234421491622925,0.3115043039884555,0.3400000035762787,3.293365716934204,0.325068124251255,0.3400000035762787,3.3523099422454834,0.3261385730841493,0.3400000035762787,-75.88104923339641,0.0
698,17.450000000000003,1.7576009541973627e+18,5.916042683772094,4.048339840650539,3.298579311467401,-0.7222987253210079,8.792249233576515,2.219148378944803,-3.15432219111481,0.3400836231241913,0.3400000035762787,2.9398741722106934,0.35870513925670755,2.9988183975219727,0.38204878001971254,0.3400000035762787,3.0575883388519287,0.4074267953343016,0.3400000035762787,3.234421491622925,0.3115043039884555,0.3400000035762787,3.293365716934204,0.325068124251255,0.3400000035762787,-73.06821962939331,0.0
699,17.475,1.757600954222363e+18,5.864087662036093,4.097815773265677,3.2221883327611134,-0.7383585686930458,8.83537562643151,2.261006207805994,-2.908483711234054,0.3401869204534933,0.3400000035762787,2.880929946899414,0.3412583858616993,2.9398741722106934,0.35870513925670755,0.3400000035762787,2.9988183975219727,0.38204878001971254,0.3400000035762787,3.0575883388519287,0.4074267953343016,0.3400000035762787,3.234421491622925,0.3115043039884555,0.3400000035762787,-70.11854293420578,0.0
700,17.5,1.7576009542473628e+18,5.784478912651988,4.163579026996709,3.1540635672128867,-0.7703792341800961,8.91674267432667,2.2725043758664687,-2.591454997532893,0.3401972678113609,0.3400000035762787,2.821985483169556,0.3320780840433306,2.880929946899414,0.3412583858616993,0.3400000035762787,2.9398741722106934,0.35870513925670755,0.3400000035762787,2.9988183975219727,0.38204878001971254,0.3400000035762787,3.0575883388519287,0.4074267953343016,0.3400000035762787,-67.05634802863742,0.0
701,17.525000000000002,1.7576009542723628e+18,5.721726613670011,4.216211573608192,3.0947380298515497,-0.8205098734764144,8.975458060548057,2.256036006103938,-2.268303708496304,0.34014566932174234,0.3400000035762787,2.821985483169556,0.27275254668199356,2.821985483169556,0.3320780840433306,0.3400000035762787,2.880929946899414,0.3412583858616993,0.3400000035762787,2.9398741722106934,0.35870513925670755,0.3400000035762787,2.9988183975219727,0.38204878001971254,0.3400000035762787,-63.96618234731007,0.0
702,17.55,1.757600954297363e+18,5.671918155049489,4.254236144901695,3.043124421993691,-0.8889439511738447,9.025716923508655,2.2203301614126194,-1.9973683334704668,0.3400694497258655,0.3400000035762787,2.7630412578582764,0.28008316413541445,2.821985483169556,0.27275254668199356,0.3400000035762787,2.821985483169556,0.3320780840433306,0.3400000035762787,2.880929946899414,0.3412583858616993,0.3400000035762787,2.9398741722106934,0.35870513925670755,0.3400000035762787,-60.814538913327354,0.0
703,17.575000000000003,1.757600954322363e+18,5.601679208609943,4.292840542042906,2.9970048193144483,-0.9708391214009182,9.079547860344505,2.177180848369362,-1.819337925115429,0.33999810915606216,0.3400000035762787,2.7630412578582764,0.23396356145617192,2.7630412578582764,0.28008316413541445,0.3400000035762787,2.821985483169556,0.27275254668199356,0.3400000035762787,2.821985483169556,0.3320780840433306,0.3400000035762787,2.880929946899414,0.3412583858616993,0.3400000035762787,-57.68508348941626,0.0
704,17.6,1.7576009543473628e+18,5.539100590508727,4.325168496235508,2.9536374924454085,-1.054279150284478,9.133313059258235,2.137675321509776,-1.7508303521415343,0.33994758870856795,0.3400000035762787,2.7042713165283203,0.2493661759170882,2.7630412578582764,0.23396356145617192,0.3400000035762787,2.7630412578582764,0.28008316413541445,0.3400000035762787,2.821985483169556,0.27275254668199356,0.3400000035762787,2.821985483169556,0.3320780840433306,0.3400000035762787,-54.54307540647289,0.0
705,17.625,1.7576009543723628e+18,5.433160717403951,4.3892853456018734,2.9103268222172884,-1.1211401811696882,9.220520042876586,2.1094306597830523,-1.7833233523320575,0.33992180550316314,0.3400000035762787,2.645326852798462,0.26499996941882653,2.7042713165283203,0.2493661759170882,0.3400000035762787,2.7630412578582764,0.23396356145617192,0.3400000035762787,2.7630412578582764,0.28008316413541445,0.3400000035762787,2.821985483169556,0.27275254668199356,0.3400000035762787,-51.41165997564726,0.0
706,17.650000000000002,1.7576009543973627e+18,5.37304885074754,4.413442771569482,2.864876969711721,-1.1515985523127714,9.269931410154246,2.0956126775130257,-1.8871395474235053,0.3399180997876778,0.3400000035762787,2.645326852798462,0.21955011691325899,2.645326852798462,0.26499996941882653,0.3400000035762787,2.7042713165283203,0.2493661759170882,0.3400000035762787,2.7630412578582764,0.23396356145617192,0.3400000035762787,2.7630412578582764,0.28008316413541445,0.3400000035762787,-48.371706316185154,0.0
707,17.675,1.757600954422363e+18,5.345663808018709,4.424448121746391,2.815937676547574,-1.1310116148769587,9.292441647807037,2.095539459991157,-2.019269320430369,0.33993277045399206,0.3400000035762787,2.5863826274871826,0.22955504906039126,2.645326852798462,0.21955011691325899,0.3400000035762787,2.645326852798462,0.26499996941882653,0.3400000035762787,2.7042713165283203,0.2493661759170882,0.3400000035762787,2.7630412578582764,0.23396356145617192,0.3400000035762787,-45.38317160896196,0.0
708,17.700000000000003,1.7576009544473628e+18,5.2552241938345485,4.442754020798521,2.763263274337375,-1.056268879410662,9.350293179935468,2.1061076195697077,-2.1332186503279016,0.33996383366177174,0.3400000035762787,2.5274384021759038,0.23582487216147108,2.5863826274871826,0.22955504906039126,0.3400000035762787,2.645326852798462,0.21955011691325899,0.3400000035762787,2.645326852798462,0.26499996941882653,0.3400000035762787,2.7042713165283203,0.2493661759170882,0.3400000035762787,-42.45971933184995,0.0
709,17.725,1.7576009544723628e+18,5.216106588607831,4.455882979209078,2.7078340326766317,-0.9386330723426128,9.39270584283385,2.1233267623647696,-2.188810357723593,0.3400099417018624,0.3400000035762787,2.5274384021759038,0.18039563050072793,2.5274384021759038,0.23582487216147108,0.3400000035762787,2.5863826274871826,0.22955504906039126,0.3400000035762787,2.645326852798462,0.21955011691325899,0.3400000035762787,2.645326852798462,0.26499996941882653,0.3400000035762787,-39.66682309942883,0.0
710,17.75,1.757600954497363e+18,5.1344854396176505,4.469668212081589,2.651725358736879,-0.8015795307603013,9.458777286956611,2.1435845221810377,-2.159959509882505,0.34006640640434127,0.3400000035762787,2.468493938446045,0.18323142029083428,2.5274384021759038,0.18039563050072793,0.3400000035762787,2.5274384021759038,0.23582487216147108,0.3400000035762787,2.5863826274871826,0.22955504906039126,0.3400000035762787,2.645326852798462,0.21955011691325899,0.3400000035762787,-36.94434442981498,0.0
711,17.775000000000002,1.757600954522363e+18,5.095259356114756,4.468932518049149,2.5976578816152096,-0.6742366651706228,9.508220850262443,2.164518198524988,-2.0389057879635906,0.3401208861736152,0.3400000035762787,2.409723997116089,0.18793388449912074,2.468493938446045,0.18323142029083428,0.3400000035762787,2.5274384021759038,0.18039563050072793,0.3400000035762787,2.5274384021759038,0.23582487216147108,0.3400000035762787,2.5863826274871826,0.22955504906039126,0.3400000035762787,-34.28478309152395,0.0
712,17.8,1.7576009545473628e+18,4.995537956706633,4.475136213578615,2.5483205983388246,-0.5827592964632631,9.58505680690254,2.185433621142175,-1.8361917184999543,0.3401520079603207,0.3400000035762787,2.409723997116089,0.13859660122273576,2.409723997116089,0.18793388449912074,0.3400000035762787,2.468493938446045,0.18323142029083428,0.3400000035762787,2.5274384021759038,0.18039563050072793,0.3400000035762787,2.5274384021759038,0.23582487216147108,0.3400000035762787,-31.735625231294737,0.0
713,17.825000000000003,1.7576009545723628e+18,4.9644116505845854,4.475447179962549,2.5057101339626806,-0.5427206932480462,9.611429499553182,2.207184576662878,-1.5766902551697797,0.3401336355817185,0.3400000035762787,2.409723997116089,0.09598613684659174,2.409723997116089,0.13859660122273576,0.3400000035762787,2.409723997116089,0.18793388449912074,0.3400000035762787,2.468493938446045,0.18323142029083428,0.3400000035762787,2.5274384021759038,0.18039563050072793,0.3400000035762787,-29.285662172226935,0.0
714,17.85,1.7576009545973627e+18,4.889354207275337,4.4699149045165605,2.4707360714985405,-0.5550916209786907,9.688130997742565,2.231468540866595,-1.2929517218564839,0.3400455439385745,0.3400000035762787,2.409723997116089,0.0610120743824516,2.409723997116089,0.09598613684659174,0.3400000035762787,2.409723997116089,0.13859660122273576,0.3400000035762787,2.409723997116089,0.18793388449912074,0.3400000035762787,2.468493938446045,0.18323142029083428,0.3400000035762787,-26.92717848453958,0.0
715,17.875,1.757600954622363e+18,4.821209568973552,4.467042190228005,2.4431955066180495,-0.606846739514706,9.743183284804909,2.259689979137419,-1.0177576172647413,0.3398882016932553,0.3400000035762787,2.409723997116089,0.03347150950196065,2.409723997116089,0.0610120743824516,0.3400000035762787,2.409723997116089,0.09598613684659174,0.3400000035762787,2.409723997116089,0.13859660122273576,0.3400000035762787,2.409723997116089,0.18793388449912074,0.3400000035762787,-24.658173964557527,0.0
716,17.900000000000002,1.7576009546473628e+18,4.772692314179615,4.460920511328526,2.42204479633181,-0.675538611284547,9.789292285673465,2.291814657001702,-0.7778229861871021,0.33969602674564836,0.3400000035762787,2.409723997116089,0.012320799215721046,2.409723997116089,0.03347150950196065,0.3400000035762787,2.409723997116089,0.0610120743824516,0.3400000035762787,2.409723997116089,0.09598613684659174,0.3400000035762787,2.409723997116089,0.13859660122273576,0.3400000035762787,-22.482933585189937,0.0
717,17.925,1.7576009546723628e+18,4.677582594902695,4.426020760360007,2.4058047283625568,-0.7360664120512598,9.886845905469144,2.325793673828594,-0.5900605583615498,0.33954120285242867,0.3400000035762787,2.409723997116089,-0.003919268753532101,2.409723997116089,0.012320799215721046,0.3400000035762787,2.409723997116089,0.03347150950196065,0.3400000035762787,2.409723997116089,0.0610120743824516,0.3400000035762787,2.409723997116089,0.09598613684659174,0.3400000035762787,-20.41108225322058,0.0
718,17.950000000000003,1.757600954697363e+18,4.65263886566753,4.419605527619382,2.3929350537735443,-0.7675360450263403,9.912121748882301,2.3579622461924576,-0.4609029222046025,0.33952051360811125,0.3400000035762787,2.409723997116089,-0.01678894334254455,2.409723997116089,-0.003919268753532101,0.3400000035762787,2.409723997116089,0.012320799215721046,0.3400000035762787,2.409723997116089,0.03347150950196065,0.3400000035762787,2.409723997116089,0.0610120743824516,0.3400000035762787,-18.45570289974567,0.0
719,17.975,1.757600954722363e+18,4.585070508099427,4.38814275016918,2.38207137587916,-0.7583961419655848,9.99069621898265,2.3843288737429855,-0.38820072855295285,0.33972189606066816,0.3400000035762787,2.409723997116089,-0.027652621236928798,2.409723997116089,-0.01678894334254455,0.3400000035762787,2.409723997116089,-0.003919268753532101,0.3400000035762787,2.409723997116089,0.012320799215721046,0.3400000035762787,2.409723997116089,0.03347150950196065,0.3400000035762787,-16.631194796862577,0.0
720,18.0,1.7576009547473628e+18,4.540351537302505,4.370801530887787,2.37210571304153,-0.7087039446952492,10.040074762651832,2.4021853714735624,-0.36450101409341146,0.3401756412672439,0.3400000035762787,2.3507797718048096,0.021325941236720602,2.409723997116089,-0.027652621236928798,0.3400000035762787,2.409723997116089,-0.01678894334254455,0.3400000035762787,2.409723997116089,-0.003919268753532101,0.3400000035762787,2.409723997116089,0.012320799215721046,0.3400000035762787,-14.892386374969613,0.0
721,18.025000000000002,1.7576009547723628e+18,4.514311463443182,4.34874712931323,2.36217026809509,-0.6291825201035913,10.070919258600453,2.411242858116263,-0.38026577199380474,0.34080562869613784,0.3400000035762787,2.3507797718048096,0.011390496290280439,2.3507797718048096,0.021325941236720602,0.3400000035762787,2.409723997116089,-0.027652621236928798,0.3400000035762787,2.409723997116089,-0.01678894334254455,0.3400000035762787,2.409723997116089,-0.003919268753532101,0.3400000035762787,-13.30977685905773,0.0
722,18.05,1.7576009547973627e+18,4.459266970626979,4.320224745578054,2.351605414081238,-0.5375160264970312,10.134921345636856,2.4136135840612765,-0.4258484491427429,0.3414048539734338,0.3400000035762787,2.3507797718048096,0.00082564227642834,2.3507797718048096,0.011390496290280439,0.3400000035762787,2.3507797718048096,0.021325941236720602,0.3400000035762787,2.409723997116089,-0.027652621236928798,0.3400000035762787,2.409723997116089,-0.01678894334254455,0.3400000035762787,-11.89145631996071,0.0
723,18.075000000000003,1.757600954822363e+18,4.420105744393204,4.2854237957903845,2.3399552019144885,-0.4530504987769512,10.19883293578065,2.4125228462694674,-0.4916810772960735,0.3416615486772673,0.3400000035762787,2.3507797718048096,-0.0108245698903211,2.3507797718048096,0.00082564227642834,0.3400000035762787,2.3507797718048096,0.011390496290280439,0.3400000035762787,2.3507797718048096,0.021325941236720602,0.3400000035762787,2.409723997116089,-0.027652621236928798,0.3400000035762787,-10.641162385382396,0.0
724,18.1,1.7576009548473628e+18,4.365754901081489,4.250486512335611,2.326981030057308,-0.39156980977904404,10.274088506185295,2.4104722307543485,-0.5669192924403317,0.3412524620742414,0.3400000035762787,2.3507797718048096,-0.023798741747501406,2.3507797718048096,-0.0108245698903211,0.3400000035762787,2.3507797718048096,0.00082564227642834,0.3400000035762787,2.3507797718048096,0.011390496290280439,0.3400000035762787,2.3507797718048096,0.021325941236720602,0.3400000035762787,-9.557845430842084,0.0
725,18.125,1.7576009548723628e+18,4.32917404936306,4.200242147964689,2.312664556056758,-0.36174130815124544,10.340250217149775,2.408028721399136,-0.6375007288348574,0.3399963516532917,0.3400000035762787,2.3507797718048096,-0.03811521574805177,2.3507797718048096,-0.023798741747501406,0.3400000035762787,2.3507797718048096,-0.0108245698903211,0.3400000035762787,2.3507797718048096,0.00082564227642834,0.3400000035762787,2.3507797718048096,0.011390496290280439,0.3400000035762787,-8.635780358720341,0.0
726,18.150000000000002,1.757600954897363e+18,4.26607889565827,4.110868642102496,2.2972028527596624,-0.3640437376879629,10.439243788551542,2.4040376339528082,-0.6849701175312013,0.3380269673529138,0.3400000035762787,2.3507797718048096,-0.053576919045147164,2.3507797718048096,-0.03811521574805177,0.3400000035762787,2.3507797718048096,-0.023798741747501406,0.3400000035762787,2.3507797718048096,-0.0108245698903211,0.3400000035762787,2.3507797718048096,0.00082564227642834,0.3400000035762787,-7.865223214098963,0.0
727,18.175,1.757600954922363e+18,4.26607889565827,4.110868642102496,2.28105022172194,-0.3919567753768919,10.439243788551542,2.3970966529230573,-0.6873495154529969,0.3359114194189657,0.3400000035762787,2.3507797718048096,-0.06972955008286963,2.3507797718048096,-0.053576919045147164,0.3400000035762787,2.3507797718048096,-0.03811521574805177,0.3400000035762787,2.3507797718048096,-0.023798741747501406,0.3400000035762787,2.3507797718048096,-0.0108245698903211,0.3400000035762787,-7.233446158017946,0.0
728,18.200000000000003,1.7576009549473628e+18,4.232087825518659,4.07490295508422,2.2650557631937693,-0.43453963931331396,10.497503962107249,2.3872246790314886,-0.6227311366602488,0.33462328052141305,0.3400000035762787,2.3507797718048096,-0.08572400861104024,2.3507797718048096,-0.06972955008286963,0.3400000035762787,2.3507797718048096,-0.053576919045147164,0.3400000035762787,2.3507797718048096,-0.03811521574805177,0.3400000035762787,2.3507797718048096,-0.023798741747501406,0.3400000035762787,-6.725801609470793,0.0
729,18.225,1.7576009549723628e+18,4.188086643953779,3.997785444254352,2.2506438365502484,-0.4794474667145236,10.581729182923072,2.376461001207888,-0.4752516708483634,0.33529769053989816,0.3400000035762787,2.3507797718048096,-0.10013593525456121,2.3507797718048096,-0.08572400861104024,0.3400000035762787,2.3507797718048096,-0.06972955008286963,0.3400000035762787,2.3507797718048096,-0.053576919045147164,0.3400000035762787,2.3507797718048096,-0.03811521574805177,0.3400000035762787,-6.32640694800148,0.0
730,18.25,1.7576009549973627e+18,4.153393975358299,3.940661427601441,2.239863941653404,-0.5156776731118444,10.657641974744049,2.3678611392669158,-0.2419639664763486,0.3387587044336158,0.3400000035762787,2.3507797718048096,-0.11091583015140571,2.3507797718048096,-0.10013593525456121,0.3400000035762787,2.3507797718048096,-0.08572400861104024,0.3400000035762787,2.3507797718048096,-0.06972955008286963,0.3400000035762787,2.3507797718048096,-0.053576919045147164,0.3400000035762787,-6.018254202450507,0.0
731,18.275000000000002,1.757600955022363e+18,4.140172730038909,3.900042383312156,2.2351294920372027,-0.5356123582616966,10.705252413465978,2.3634984860463204,0.06172092490599559,0.3449113472386265,0.3400000035762787,2.409723997116089,-0.1745945050788862,2.3507797718048096,-0.11091583015140571,0.3400000035762787,2.3507797718048096,-0.10013593525456121,0.3400000035762787,2.3507797718048096,-0.08572400861104024,0.3400000035762787,2.3507797718048096,-0.06972955008286963,0.3400000035762787,-5.841913676878187,0.0
732,18.3,1.7576009550473628e+18,4.115816883574899,3.834982969228259,2.238609551337977,-0.5361271026672296,10.778150200623891,2.3628248818359157,0.4004798228164079,0.3522033810574476,0.3400000035762787,2.5274384021759038,-0.28882885083792686,2.409723997116089,-0.1745945050788862,0.3400000035762787,2.3507797718048096,-0.11091583015140571,0.3400000035762787,2.3507797718048096,-0.10013593525456121,0.3400000035762787,2.3507797718048096,-0.08572400861104024,0.3400000035762787,-5.836380584739247,0.0
733,18.325000000000003,1.7576009550723628e+18,4.0988595935071945,3.7952109698601135,2.2514444398669955,-0.5187158375932055,10.828460867702821,2.3626351580156904,0.7230800411878436,0.3574335239194913,0.3400000035762787,2.5863826274871826,-0.3349381876201871,2.5274384021759038,-0.28882885083792686,0.3400000035762787,2.409723997116089,-0.1745945050788862,0.3400000035762787,2.3507797718048096,-0.11091583015140571,0.3400000035762787,2.3507797718048096,-0.10013593525456121,0.3400000035762787,-5.922414129475575,0.0
734,18.35,1.757600955097363e+18,4.08257458507207,3.731721996218977,2.2730966640009713,-0.488729266544455,10.888047926865452,2.35893250033727,0.9720231547453096,0.3561534314139034,0.3400000035762787,2.5863826274871826,-0.3132859634862113,2.5863826274871826,-0.3349381876201871,0.3400000035762787,2.5274384021759038,-0.28882885083792686,0.3400000035762787,2.409723997116089,-0.1745945050788862,0.3400000035762787,2.3507797718048096,-0.11091583015140571,0.3400000035762787,-6.021507934772654,0.0
735,18.375,1.757600955122363e+18,4.069110943756472,3.689860099853159,2.3011356770311906,-0.4538473293108108,10.935983809244053,2.3496926742990736,1.0970036533070269,0.34373683651339465,0.3400000035762787,2.5863826274871826,-0.285246950455992,2.5863826274871826,-0.3132859634862113,0.3400000035762787,2.5863826274871826,-0.3349381876201871,0.3400000035762787,2.5274384021759038,-0.28882885083792686,0.3400000035762787,2.409723997116089,-0.1745945050788862,0.3400000035762787,-6.117168124344536,0.0
736,18.400000000000002,1.7576009551473628e+18,4.06564168198218,3.63071742889836,2.3315879078064623,-0.42188481664824046,10.977896368908988,2.336741310181977,1.068772212235832,0.31688031230680286,0.3400000035762787,2.5863826274871826,-0.2547947196807203,2.5863826274871826,-0.285246950455992,0.3400000035762787,2.5863826274871826,-0.3132859634862113,0.3400000035762787,2.5863826274871826,-0.3349381876201871,0.3400000035762787,2.5274384021759038,-0.28882885083792686,0.3400000035762787,-6.198003835546354,0.0
737,18.425,1.7576009551723628e+18,4.0582421535794575,3.5837930122079107,2.359762125375402,-0.39824550128338837,11.028246381093409,2.325258043288859,0.8893351082221801,0.2749540519049884,0.3400000035762787,2.5863826274871826,-0.22662050211178064,2.5863826274871826,-0.2547947196807203,0.3400000035762787,2.5863826274871826,-0.285246950455992,0.3400000035762787,2.5863826274871826,-0.3132859634862113,0.3400000035762787,2.5863826274871826,-0.3349381876201871,0.3400000035762787,-6.258935887221249,0.0
738,18.450000000000003,1.7576009551973627e+18,4.054508085154531,3.520466863848362,2.3813145556166884,-0.38381117957929034,11.11616424830158,2.3206047741197735,0.5950076092554983,0.22044605799277944,0.3400000035762787,2.5863826274871826,-0.20506807187049425,2.5863826274871826,-0.22662050211178064,0.3400000035762787,2.5863826274871826,-0.2547947196807203,0.3400000035762787,2.5863826274871826,-0.285246950455992,0.3400000035762787,2.5863826274871826,-0.3132859634862113,0.3400000035762787,-6.30112249124018,0.0
739,18.475,1.757600955222363e+18,4.051344405972785,3.4741814399989277,2.3932909273023237,-0.3743113440657702,11.164103416754765,2.3236048542070624,0.2505890536301019,0.158011157279444,-0.0,2.5863826274871826,-0.19309170018485888,2.5863826274871826,-0.20506807187049425,0.3400000035762787,2.5863826274871826,-0.22662050211178064,0.3400000035762787,2.5863826274871826,-0.2547947196807203,0.3400000035762787,2.5863826274871826,-0.285246950455992,0.3400000035762787,-6.33050904571626,0.0
740,18.5,1.7576009552473628e+18,4.066709859472432,3.369597751853578,2.3949100124784732,-0.3618185809768005,11.249695966028476,2.3263901804875564,-0.06461991396147922,0.0924361021479628,-0.0,2.5274384021759038,-0.13252838969743053,2.5863826274871826,-0.19309170018485888,-0.0,2.5863826274871826,-0.20506807187049425,0.3400000035762787,2.5863826274871826,-0.22662050211178064,0.3400000035762787,2.5863826274871826,-0.2547947196807203,0.3400000035762787,-6.296355938044799,0.0
741,18.525000000000002,1.7576009552723628e+18,4.083278994763639,3.320273318415501,2.3878796362512777,-0.3380632433746826,11.308612495284617,2.3109519613056255,-0.2757860512956286,0.026714158589144128,-0.0,2.5274384021759038,-0.13955876592462602,2.5274384021759038,-0.13252838969743053,-0.0,2.5863826274871826,-0.19309170018485888,-0.0,2.5863826274871826,-0.20506807187049425,0.3400000035762787,2.5863826274871826,-0.22662050211178064,0.3400000035762787,-6.26511255757736,0.0
742,18.55,1.757600955297363e+18,4.0884451487215046,3.2837483899022897,2.376099532750214,-0.298318987506539,11.348507970479945,2.251538471107683,-0.3316207644492982,-0.03845312650718004,-0.0,2.5274384021759038,-0.15133886942568964,2.5274384021759038,-0.13955876592462602,-0.0,2.5274384021759038,-0.13252838969743053,-0.0,2.5863826274871826,-0.19309170018485888,-0.0,2.5863826274871826,-0.20506807187049425,0.3400000035762787,-6.241016471521114,0.0
743,18.575000000000003,1.757600955322363e+18,4.158925185583104,3.1298677934689194,2.3647597210210725,-0.24420953738879875,11.449557784965974,2.1205571785080988,-0.2182972034726966,-0.10338776191350925,-0.0,2.5274384021759038,-0.1626786811548313,2.5274384021759038,-0.15133886942568964,-0.0,2.5274384021759038,-0.13955876592462602,-0.0,2.5274384021759038,-0.13252838969743053,-0.0,2.5863826274871826,-0.19309170018485888,-0.0,-6.223560290359272,0.0
744,18.6,1.7576009553473628e+18,4.158925185583104,3.1298677934689194,2.3590408740863555,-0.1841182686310219,11.449557784965974,1.8963163852849365,0.035925846597419354,-0.16741652002636892,-0.0545778200030326,2.5274384021759038,-0.16839752808954822,2.5274384021759038,-0.1626786811548313,-0.0,2.5274384021759038,-0.15133886942568964,-0.0,2.5274384021759038,-0.13955876592462602,-0.0,2.5274384021759038,-0.13252838969743053,-0.0,-6.207435957895628,0.0
745,18.625,1.7576009553723628e+18,4.184302384535311,3.085540363368702,2.3627548191057346,-0.1307744000744732,11.487228248230306,1.5702041823263173,0.3670790651719616,-0.22768879378364118,-0.3299942910671234,2.5274384021759038,-0.16468358307016917,2.5274384021759038,-0.16839752808954822,-0.0545778200030326,2.5274384021759038,-0.1626786811548313,-0.0,2.5274384021759038,-0.15133886942568964,-0.0,2.5274384021759038,-0.13955876592462602,-0.0,-6.1838161743906355,0.0
746,18.650000000000002,1.7576009553973627e+18,4.227503660515641,3.0115903734515217,2.3772851775264905,-0.09667429388424652,11.570775944504293,1.1508906666807506,0.6914935995294345,-0.2797309864973311,-0.3400000035762787,2.5863826274871826,-0.20909744996069213,2.5274384021759038,-0.16468358307016917,-0.3299942910671234,2.5274384021759038,-0.16839752808954822,-0.0545778200030326,2.5274384021759038,-0.1626786811548313,-0.0,2.5274384021759038,-0.15133886942568964,-0.0,-6.201540225451517,0.0
747,18.675,1.757600955422363e+18,4.263205435159152,2.9595212404967826,2.4011328114695525,-0.08891708307839195,11.590976765163049,0.6638886363168133,0.9272721380712119,-0.3193085365933138,-0.3400000035762787,2.645326852798462,-0.24419404132890943,2.5863826274871826,-0.20909744996069213,-0.3400000035762787,2.5274384021759038,-0.16468358307016917,-0.3299942910671234,2.5274384021759038,-0.16839752808954822,-0.0545778200030326,2.5274384021759038,-0.1626786811548313,-0.0,-6.251884797872435,0.0
748,18.700000000000003,1.7576009554473628e+18,4.291161053231872,2.9114651244207184,2.430251658465682,-0.10548974928898018,11.629771545228586,0.14627451285954343,1.0153668096182584,-0.3443118757691434,-0.3400000035762787,2.7042713165283203,-0.27401965806263817,2.645326852798462,-0.24419404132890943,-0.3400000035762787,2.5863826274871826,-0.20909744996069213,-0.3400000035762787,2.5274384021759038,-0.16468358307016917,-0.3299942910671234,2.5274384021759038,-0.16839752808954822,-0.0545778200030326,-6.3299343047782735,0.0
749,18.725,1.7576009554723628e+18,4.330647891560543,2.843586672180343,2.459149514362729,-0.13473811697613325,11.684568516787554,-0.36184006872308627,0.9344390512926813,-0.3555777765785202,-0.3400000035762787,2.7042713165283203,-0.24512180216559143,2.7042713165283203,-0.27401965806263817,-0.3400000035762787,2.645326852798462,-0.24419404132890943,-0.3400000035762787,2.5863826274871826,-0.20909744996069213,-0.3400000035762787,2.5274384021759038,-0.16468358307016917,-0.3299942910671234,-6.377157614665216,0.0
750,18.75,1.757600955497363e+18,4.344039648298248,2.8123189875037427,2.48244705158379,-0.15860135146628632,11.636021541757144,-0.8261586437871231,0.7054565381083566,-0.3564047415758964,-0.3400000035762787,2.7630412578582764,-0.28059420627448617,2.7042713165283203,-0.24512180216559143,-0.3400000035762787,2.7042713165283203,-0.27401965806263817,-0.3400000035762787,2.645326852798462,-0.24419404132890943,-0.3400000035762787,2.5863826274871826,-0.20909744996069213,-0.3400000035762787,-6.458208545946718,0.0
751,18.775000000000002,1.757600955522363e+18,4.390824574606751,2.7474892920988028,2.4963741487998345,-0.15856154346234022,11.557897908190075,-1.224301595151748,0.38498439352011815,-0.35124926641428195,-0.3400000035762787,2.7630412578582764,-0.2666671090584418,2.7630412578582764,-0.28059420627448617,-0.3400000035762787,2.7042713165283203,-0.24512180216559143,-0.3400000035762787,2.7042713165283203,-0.27401965806263817,-0.3400000035762787,2.645326852798462,-0.24419404132890943,-0.3400000035762787,-6.524384628843498,0.0
752,18.8,1.7576009555473628e+18,4.404873858052781,2.72760570035606,2.4996981626870847,-0.12201794181243697,11.551232971556102,-1.5473843720560936,0.04940527863115028,-0.3443163991025055,-0.3400000035762787,2.7630412578582764,-0.2633430951711917,2.7630412578582764,-0.2666671090584418,-0.3400000035762787,2.7630412578582764,-0.28059420627448617,-0.3400000035762787,2.7042713165283203,-0.24512180216559143,-0.3400000035762787,2.7042713165283203,-0.27401965806263817,-0.3400000035762787,-6.587642284638809,0.0
753,18.825000000000003,1.7576009555723628e+18,4.429281889212967,2.692097285816928,2.4938374338470695,-0.04663660894892613,11.519278012256288,-1.7974331906076502,-0.22518434414371505,-0.3385797741866097,-0.3400000035762787,2.7630412578582764,-0.2692038240112069,2.7630412578582764,-0.2633430951711917,-0.3400000035762787,2.7630412578582764,-0.2666671090584418,-0.3400000035762787,2.7630412578582764,-0.28059420627448617,-0.3400000035762787,2.7042713165283203,-0.24512180216559143,-0.3400000035762787,-6.659207321003768,0.0
754,18.85,1.7576009555973627e+18,4.472403541380859,2.628928498583474,2.4822453688183344,0.05886612716504345,11.487120312286468,-1.982718836704866,-0.38167138208040774,-0.33543704134344665,-0.3400000035762787,2.7630412578582764,-0.280795889039942,2.7630412578582764,-0.2692038240112069,-0.3400000035762787,2.7630412578582764,-0.2633430951711917,-0.3400000035762787,2.7630412578582764,-0.2666671090584418,-0.3400000035762787,2.7630412578582764,-0.28059420627448617,-0.3400000035762787,-6.747285520941411,0.0
755,18.875,1.757600955622363e+18,4.513978910431497,2.5745880810755963,2.4693642700191507,0.17761828776024258,11.418766538676898,-2.1134450661663777,-0.39426321797003183,-0.33491884587525583,-0.3400000035762787,2.7630412578582764,-0.29367698783912566,2.7630412578582764,-0.280795889039942,-0.3400000035762787,2.7630412578582764,-0.2692038240112069,-0.3400000035762787,2.7630412578582764,-0.2633430951711917,-0.3400000035762787,2.7630412578582764,-0.2666671090584418,-0.3400000035762787,-6.855547864019483,0.0
756,18.900000000000002,1.7576009556473628e+18,4.531922356414007,2.5459745039932886,2.4594845736896245,0.2899040315959872,11.397333185552805,-2.199303843113899,-0.27169469756331016,-0.33621192204365236,-0.3400000035762787,2.821985483169556,-0.36250090947993163,2.7630412578582764,-0.29367698783912566,-0.3400000035762787,2.7630412578582764,-0.280795889039942,-0.3400000035762787,2.7630412578582764,-0.2692038240112069,-0.3400000035762787,2.7630412578582764,-0.2633430951711917,-0.3400000035762787,-7.041540809206843,0.0
757,18.925,1.7576009556723628e+18,4.567047131045905,2.4644881724862864,2.4557768614436184,0.3788538680955862,11.324559928133453,-2.2490222772213735,-0.05135038072850163,-0.33823521657037864,-0.3400000035762787,2.821985483169556,-0.3662086217259377,2.821985483169556,-0.36250090947993163,-0.3400000035762787,2.7630412578582764,-0.29367698783912566,-0.3400000035762787,2.7630412578582764,-0.280795889039942,-0.3400000035762787,2.7630412578582764,-0.2692038240112069,-0.3400000035762787,-7.240315313571346,0.0
758,18.950000000000003,1.757600955697363e+18,4.59678443653804,2.4090777984932115,2.4596880534646397,0.4346569894170026,11.276323212764105,-2.271010879810076,0.21311212965599138,-0.34007955437810494,-0.3400000035762787,2.821985483169556,-0.3622974297049164,2.821985483169556,-0.3662086217259377,-0.3400000035762787,2.821985483169556,-0.36250090947993163,-0.3400000035762787,2.7630412578582764,-0.29367698783912566,-0.3400000035762787,2.7630412578582764,-0.280795889039942,-0.3400000035762787,-7.442569015733362,0.0
759,18.975,1.757600955722363e+18,4.639711044827951,2.31269499860222,2.470833262473962,0.45632178396273776,11.180173172597442,-2.273982995510023,0.46652751953964666,-0.341228797484719,-0.3400000035762787,2.880929946899414,-0.4100966844254521,2.821985483169556,-0.3622974297049164,-0.3400000035762787,2.821985483169556,-0.3662086217259377,-0.3400000035762787,2.821985483169556,-0.36250090947993163,-0.3400000035762787,2.7630412578582764,-0.29367698783912566,-0.3400000035762787,-7.696494432437078,0.0
760,19.0,1.7576009557473628e+18,4.638514959027126,2.263026421488965,2.487411413992963,0.4508878452373982,11.132821068475504,-2.266845543411493,0.6651177956664809,-0.3415760654280476,-0.3400000035762787,2.880929946899414,-0.3935185329064512,2.880929946899414,-0.4100966844254521,-0.3400000035762787,2.821985483169556,-0.3622974297049164,-0.3400000035762787,2.821985483169556,-0.3662086217259377,-0.3400000035762787,2.821985483169556,-0.36250090947993163,-0.3400000035762787,-7.93290096641439,0.0
761,19.025000000000002,1.7576009557723628e+18,4.655618049964685,2.2018947134718534,2.5069832178861726,0.43054569160919026,11.071192786457475,-2.257854736845952,0.7843823627229077,-0.34130611265227956,-0.3400000035762787,2.880929946899414,-0.37394672901324144,2.880929946899414,-0.3935185329064512,-0.3400000035762787,2.880929946899414,-0.4100966844254521,-0.3400000035762787,2.821985483169556,-0.3622974297049164,-0.3400000035762787,2.821985483169556,-0.3662086217259377,-0.3400000035762787,-8.143680364738985,0.0
762,19.05,1.7576009557973627e+18,4.674189985572278,2.0975376951889477,2.527270509526675,0.40852453055439303,10.974797087573307,-2.2535447171288743,0.8207476317858633,-0.34072991707090433,-0.3400000035762787,2.821985483169556,-0.2947149736428809,2.880929946899414,-0.37394672901324144,-0.3400000035762787,2.880929946899414,-0.3935185329064512,-0.3400000035762787,2.880929946899414,-0.4100966844254521,-0.3400000035762787,2.821985483169556,-0.3622974297049164,-0.3400000035762787,-8.264942737602926,0.0
763,19.075000000000003,1.757600955822363e+18,4.669180187202428,2.0593880641644757,2.546646694887935,0.394903400330915,10.977905684570333,-2.2579996110349683,0.7877165914575209,-0.34014057969916367,-0.3400000035762787,2.880929946899414,-0.3342832520114789,2.821985483169556,-0.2947149736428809,-0.3400000035762787,2.880929946899414,-0.37394672901324144,-0.3400000035762787,2.880929946899414,-0.3935185329064512,-0.3400000035762787,2.880929946899414,-0.4100966844254521,-0.3400000035762787,-8.413139685252169,0.0
764,19.1,1.7576009558473628e+18,4.665278254011589,1.969284624402388,2.5642184766835627,0.39354080220882975,10.899795933923233,-2.272704773006518,0.7086740428870224,-0.3397275989494952,-0.3400000035762787,2.880929946899414,-0.31671147021585133,2.880929946899414,-0.3342832520114789,-0.3400000035762787,2.821985483169556,-0.2947149736428809,-0.3400000035762787,2.880929946899414,-0.37394672901324144,-0.3400000035762787,2.880929946899414,-0.3935185329064512,-0.3400000035762787,-8.53114559359283,0.0
765,19.125,1.7576009558723628e+18,4.667772410199913,1.9242798376208592,2.579651203590191,0.4011273078856557,10.860096845115509,-2.2968144429173054,0.609004124494729,-0.3395548869918533,-0.3400000035762787,2.880929946899414,-0.301278743309223,2.880929946899414,-0.31671147021585133,-0.3400000035762787,2.880929946899414,-0.3342832520114789,-0.3400000035762787,2.821985483169556,-0.2947149736428809,-0.3400000035762787,2.880929946899414,-0.37394672901324144,-0.3400000035762787,-8.623315788357719,0.0
766,19.150000000000002,1.757600955897363e+18,4.679887109842146,1.8481426762309296,2.592962232283067,0.4089120072051863,10.790562712504673,-2.3275494476100818,0.5097825613383239,-0.3395862126515994,-0.3400000035762787,2.880929946899414,-0.28796771461634707,2.880929946899414,-0.301278743309223,-0.3400000035762787,2.880929946899414,-0.31671147021585133,-0.3400000035762787,2.880929946899414,-0.3342832520114789,-0.3400000035762787,2.821985483169556,-0.2947149736428809,-0.3400000035762787,-8.695472875746226,0.0
767,19.175,1.757600955922363e+18,4.679780254555901,1.794208626258833,2.6043934292297197,0.40672968594456865,10.74177767917799,-2.36065982589447,0.4243327321768214,-0.3397330808670878,-0.3400000035762787,2.821985483169556,-0.21759205393983638,2.880929946899414,-0.28796771461634707,-0.3400000035762787,2.880929946899414,-0.301278743309223,-0.3400000035762787,2.880929946899414,-0.31671147021585133,-0.3400000035762787,2.880929946899414,-0.3342832520114789,-0.3400000035762787,-8.694687981126581,0.0
768,19.200000000000003,1.7576009559473628e+18,4.64613925632792,1.7203283100771056,2.61432335839982,0.387820666937488,10.668408664662001,-2.3911510489725956,0.3578129395634505,-0.339902230101375,-0.3400000035762787,2.880929946899414,-0.26660658849959384,2.821985483169556,-0.21759205393983638,-0.3400000035762787,2.880929946899414,-0.28796771461634707,-0.3400000035762787,2.880929946899414,-0.301278743309223,-0.3400000035762787,2.880929946899414,-0.31671147021585133,-0.3400000035762787,-8.743827854786808,0.0
769,19.225,1.7576009559723628e+18,4.636550207875958,1.6449054408767547,2.623138938158091,0.3523978649939203,10.601746738252363,-2.4143774161545264,0.3090985586417705,-0.34002821879382966,-0.3400000035762787,2.880929946899414,-0.2577910087413229,2.880929946899414,-0.26660658849959384,-0.3400000035762787,2.821985483169556,-0.21759205393983638,-0.3400000035762787,2.880929946899414,-0.28796771461634707,-0.3400000035762787,2.880929946899414,-0.301278743309223,-0.3400000035762787,-8.787053367680144,0.0
770,19.25,1.7576009559973627e+18,4.603905711221379,1.5949232968912015,2.631078375353058,0.30838751796669917,10.573245948910209,-2.4271936597335726,0.2737432861615154,-0.3400861419886543,-0.3400000035762787,2.880929946899414,-0.24985157154635607,2.880929946899414,-0.2577910087413229,-0.3400000035762787,2.880929946899414,-0.26660658849959384,-0.3400000035762787,2.821985483169556,-0.21759205393983638,-0.3400000035762787,2.880929946899414,-0.28796771461634707,-0.3400000035762787,-8.825466604011213,0.0
771,19.275000000000002,1.757600956022363e+18,4.59137672496648,1.5437449375632233,2.63815803118911,0.26891132768411985,10.523043718593543,-2.428646775154496,0.24678983670961802,-0.340087006055797,-0.3400000035762787,2.880929946899414,-0.24277191571030388,2.880929946899414,-0.24985157154635607,-0.3400000035762787,2.880929946899414,-0.2577910087413229,-0.3400000035762787,2.880929946899414,-0.26660658849959384,-0.3400000035762787,2.821985483169556,-0.21759205393983638,-0.3400000035762787,-8.85878740772825,0.0
772,19.3,1.7576009560473628e+18,4.5402296553241,1.4624846775178,2.6442675325786844,0.2474112309353233,10.449829780208653,-2.4199828537722023,0.22456769538863297,-0.3400623218849955,-0.3400000035762787,2.880929946899414,-0.23666241432072965,2.880929946899414,-0.24277191571030388,-0.3400000035762787,2.880929946899414,-0.24985157154635607,-0.3400000035762787,2.880929946899414,-0.2577910087413229,-0.3400000035762787,2.880929946899414,-0.26660658849959384,-0.3400000035762787,-8.886421532052264,0.0
773,19.325000000000003,1.7576009560723628e+18,4.513201810925825,1.4029227569984943,2.6493740454438663,0.2524255503117655,10.391694483741828,-2.4041885225533304,0.20519359136714815,-0.34004533729335895,-0.3400000035762787,2.880929946899414,-0.23155590145554772,2.880929946899414,-0.23666241432072965,-0.3400000035762787,2.880929946899414,-0.24277191571030388,-0.3400000035762787,2.880929946899414,-0.24985157154635607,-0.3400000035762787,2.880929946899414,-0.2577910087413229,-0.3400000035762787,-8.908468200630146,0.0
774,19.35,1.757600956097363e+18,4.479875043346427,1.3397986643233324,2.653669970890582,0.28430269414668324,10.328924237532803,-2.3853887551572264,0.18806061182829784,-0.3400551669165856,-0.3400000035762787,2.880929946899414,-0.22725997600883208,2.880929946899414,-0.23155590145554772,-0.3400000035762787,2.880929946899414,-0.23666241432072965,-0.3400000035762787,2.880929946899414,-0.24277191571030388,-0.3400000035762787,2.880929946899414,-0.24985157154635607,-0.3400000035762787,-8.926242142787391,0.0
775,19.375,1.757600956122363e+18,4.447995439975332,1.2812578475307697,2.657540439236828,0.33521913908874623,10.270543415347593,-2.3681795185846877,0.17295447060943317,-0.3400880972869799,-0.3400000035762787,2.880929946899414,-0.22338950766258625,2.880929946899414,-0.22725997600883208,-0.3400000035762787,2.880929946899414,-0.23155590145554772,-0.3400000035762787,2.880929946899414,-0.23666241432072965,-0.3400000035762787,2.880929946899414,-0.24277191571030388,-0.3400000035762787,-8.942156095109562,0.0
776,19.400000000000002,1.7576009561473628e+18,4.396914583124504,1.217397255613501,2.661373854227246,0.3922642240137371,10.20199957486196,-2.3567819919873227,0.15944768347412694,-0.3401182726665733,-0.3400000035762787,2.821985483169556,-0.16061162894231007,2.880929946899414,-0.22338950766258625,-0.3400000035762787,2.880929946899414,-0.22725997600883208,-0.3400000035762787,2.880929946899414,-0.23155590145554772,-0.3400000035762787,2.880929946899414,-0.23666241432072965,-0.3400000035762787,-8.900128684586592,0.0
777,19.425,1.7576009561723628e+18,4.367030499329157,1.172811326340948,2.6653555873587305,0.4420837090877129,10.153832964970025,-2.3540289396763443,0.14692122470581567,-0.3401079266343871,-0.3400000035762787,2.880929946899414,-0.2155743595406836,2.821985483169556,-0.16061162894231007,-0.3400000035762787,2.880929946899414,-0.22338950766258625,-0.3400000035762787,2.880929946899414,-0.22725997600883208,-0.3400000035762787,2.880929946899414,-0.23155590145554772,-0.3400000035762787,-8.920456476102126,0.0
778,19.450000000000003,1.7576009561973627e+18,4.310886729757397,1.1150387254887528,2.669387802360612,0.4752067087486724,10.069789063496923,-2.3605014015197843,0.13512193033482864,-0.3400250808726958,-0.3400000035762787,2.880929946899414,-0.21154214453880194,2.880929946899414,-0.2155743595406836,-0.3400000035762787,2.821985483169556,-0.16061162894231007,-0.3400000035762787,2.880929946899414,-0.22338950766258625,-0.3400000035762787,2.880929946899414,-0.22725997600883208,-0.3400000035762787,-8.945321521035499,0.0
779,19.475,1.757600956222363e+18,4.265722738587948,1.0618668494260888,2.673188146523657,0.4885862055633882,10.002565577225123,-2.3742847208011746,0.12481810479735714,-0.3398640462149942,-0.3400000035762787,2.821985483169556,-0.14879733664589923,2.880929946899414,-0.21154214453880194,-0.3400000035762787,2.880929946899414,-0.2155743595406836,-0.3400000035762787,2.821985483169556,-0.16061162894231007,-0.3400000035762787,2.880929946899414,-0.22338950766258625,-0.3400000035762787,-8.915177541326575,0.0
780,19.5,1.7576009562473628e+18,4.185164260271047,1.0127554711073068,2.6765073362338776,0.4856840203411418,9.938413249706242,-2.3916061827695696,0.11803990320640458,-0.33966151424188235,-0.3400000035762787,2.821985483169556,-0.1454781469356785,2.821985483169556,-0.14879733664589923,-0.3400000035762787,2.880929946899414,-0.21154214453880194,-0.3400000035762787,2.880929946899414,-0.2155743595406836,-0.3400000035762787,2.821985483169556,-0.16061162894231007,-0.3400000035762787,-8.886709821696176,0.0
781,19.525000000000002,1.7576009562723628e+18,4.124330522060973,0.982684135413125,2.6793329332124856,0.47433400521679053,9.869755606058202,-2.4081671419495523,0.11760761417591889,-0.3394995966229531,-0.3400000035762787,2.821985483169556,-0.14265254995707055,2.821985483169556,-0.1454781469356785,-0.3400000035762787,2.821985483169556,-0.14879733664589923,-0.3400000035762787,2.880929946899414,-0.21154214453880194,-0.3400000035762787,2.880929946899414,-0.2155743595406836,-0.3400000035762787,-8.856523296791782,0.0
782,19.55,1.757600956297363e+18,4.080108415476582,0.9504502436490868,2.6819545174915502,0.4633962119965365,9.817549898358179,-2.4206029340535307,0.12602691915898306,-0.33948837881125554,-0.3400000035762787,2.821985483169556,-0.14003096567800588,2.821985483169556,-0.14265254995707055,-0.3400000035762787,2.821985483169556,-0.1454781469356785,-0.3400000035762787,2.821985483169556,-0.14879733664589923,-0.3400000035762787,2.880929946899414,-0.21154214453880194,-0.3400000035762787,-8.820855515168818,0.0
783,19.575000000000003,1.757600956322363e+18,4.002499957907768,0.9000677021989318,2.684853250612922,0.45959967655688383,9.75675230331142,-2.4274297279087675,0.14416021215193192,-0.33972569644802597,-0.3400000035762787,2.821985483169556,-0.1371322325566342,2.821985483169556,-0.14003096567800588,-0.3400000035762787,2.821985483169556,-0.14265254995707055,-0.3400000035762787,2.821985483169556,-0.1454781469356785,-0.3400000035762787,2.821985483169556,-0.14879733664589923,-0.3400000035762787,-8.776370992200754,0.0
784,19.6,1.7576009563473628e+18,3.9584569787626647,0.8729363332866455,2.688485893445614,0.4657221623104908,9.708987383551337,-2.4290786167704845,0.17020655559861128,-0.3402410262487887,-0.3400000035762787,2.821985483169556,-0.13349958972394216,2.821985483169556,-0.1371322325566342,-0.3400000035762787,2.821985483169556,-0.14003096567800588,-0.3400000035762787,2.821985483169556,-0.14265254995707055,-0.3400000035762787,2.821985483169556,-0.1454781469356785,-0.3400000035762787,-8.72080023688986,0.0
785,19.625,1.7576009563723628e+18,3.880673753659085,0.8543134228826998,2.6930842442426877,0.48047193748687744,9.626415547272355,-2.4270418538596856,0.1994044428814057,-0.34094168062755387,-0.3400000035762787,2.821985483169556,-0.12890123892686844,2.821985483169556,-0.13349958972394216,-0.3400000035762787,2.821985483169556,-0.1371322325566342,-0.3400000035762787,2.821985483169556,-0.14003096567800588,-0.3400000035762787,2.821985483169556,-0.14265254995707055,-0.3400000035762787,-8.653270105701676,0.0
786,19.650000000000002,1.7576009563973627e+18,3.838585535867637,0.835842241740536,2.6985628714720886,0.499642455475067,9.58253671545449,-2.422598696259283,0.2246016105765969,-0.3415886714647086,-0.3400000035762787,2.821985483169556,-0.12342261169746749,2.821985483169556,-0.12890123892686844,-0.3400000035762787,2.821985483169556,-0.13349958972394216,-0.3400000035762787,2.821985483169556,-0.1371322325566342,-0.3400000035762787,2.821985483169556,-0.14003096567800588,-0.3400000035762787,-8.574193653571687,0.0
787,19.675,1.757600956422363e+18,3.776380969196365,0.8335337988284981,2.7045560345058055,0.5177836024928058,9.541495191603783,-2.415850722311246,0.23756028345890726,-0.34183088834928443,-0.3400000035762787,2.821985483169556,-0.1174294486637506,2.821985483169556,-0.12342261169746749,-0.3400000035762787,2.821985483169556,-0.12890123892686844,-0.3400000035762787,2.821985483169556,-0.13349958972394216,-0.3400000035762787,2.821985483169556,-0.1371322325566342,-0.3400000035762787,-8.484653532430272,0.0
788,19.700000000000003,1.7576009564473628e+18,3.697193550792756,0.8158532749823877,2.710538747542091,0.5297767377950595,9.465502674668437,-2.4056798426591435,0.23069445341440148,-0.3413143084182824,-0.3400000035762787,2.821985483169556,-0.1114467356274651,2.821985483169556,-0.1174294486637506,-0.3400000035762787,2.821985483169556,-0.12342261169746749,-0.3400000035762787,2.821985483169556,-0.12890123892686844,-0.3400000035762787,2.821985483169556,-0.13349958972394216,-0.3400000035762787,-8.385341612505554,0.0
789,19.725,1.7576009564723628e+18,3.610509823222056,0.7936799680280182,2.715956676849945,0.5320159395722631,9.392986698486519,-2.3907053177108963,0.19888914371925825,-0.33985590606166655,-0.3400000035762787,2.821985483169556,-0.10602880631961131,2.821985483169556,-0.1114467356274651,-0.3400000035762787,2.821985483169556,-0.1174294486637506,-0.3400000035762787,2.821985483169556,-0.12342261169746749,-0.3400000035762787,2.821985483169556,-0.12890123892686844,-0.3400000035762787,-8.275280179014354,0.0
790,19.75,1.757600956497363e+18,3.560012462576396,0.7849364741543479,2.720300644131138,0.5231452074823522,9.344008233587234,-2.3706403750403604,0.14107458888103977,-0.3376341919242103,-0.3400000035762787,2.821985483169556,-0.10168483903841796,2.821985483169556,-0.10602880631961131,-0.3400000035762787,2.821985483169556,-0.1114467356274651,-0.3400000035762787,2.821985483169556,-0.1174294486637506,-0.3400000035762787,2.821985483169556,-0.12342261169746749,-0.3400000035762787,-8.327177609327704,0.0
791,19.775000000000002,1.757600956522363e+18,3.5073268529273376,0.7979030609093507,2.7231111784437116,0.5043827049912816,9.293955544616747,-2.3471292478438337,0.06125125054285838,-0.335312148776016,-0.3400000035762787,2.821985483169556,-0.09887430472584446,2.821985483169556,-0.10168483903841796,-0.3400000035762787,2.821985483169556,-0.10602880631961131,-0.3400000035762787,2.821985483169556,-0.1114467356274651,-0.3400000035762787,2.821985483169556,-0.1174294486637506,-0.3400000035762787,-8.53407059421189,0.0
792,19.8,1.7576009565473628e+18,3.4367553304490186,0.7962478125059196,2.7239667977151827,0.4793921933725055,9.22270818144933,-2.3234652065003396,-0.03133378929015747,-0.3339923111338219,-0.3400000035762787,2.821985483169556,-0.09801868545437342,2.821985483169556,-0.09887430472584446,-0.3400000035762787,2.821985483169556,-0.10168483903841796,-0.3400000035762787,2.821985483169556,-0.10602880631961131,-0.3400000035762787,2.821985483169556,-0.1114467356274651,-0.3400000035762787,-8.944868781527326,0.0
793,19.825000000000003,1.7576009565723628e+18,3.361123728026721,0.8064897024029904,2.7225401424769204,0.4535691606167899,9.184908854233207,-2.303338124080676,-0.12311890296063557,-0.3349271456472657,-0.3400000035762787,2.821985483169556,-0.09944534069263566,2.821985483169556,-0.09801868545437342,-0.3400000035762787,2.821985483169556,-0.09887430472584446,-0.3400000035762787,2.821985483169556,-0.10168483903841796,-0.3400000035762787,2.821985483169556,-0.10602880631961131,-0.3400000035762787,-9.370452695304113,0.0
794,19.85,1.7576009565973627e+18,3.281515042812453,0.8159841911354984,2.718753280554563,0.4326774166952478,9.114341787098173,-2.289399324742087,-0.19837013918548374,-0.3389815516601181,-0.3400000035762787,2.821985483169556,-0.103232202614993,2.821985483169556,-0.09944534069263566,-0.3400000035762787,2.821985483169556,-0.09801868545437342,-0.3400000035762787,2.821985483169556,-0.09887430472584446,-0.3400000035762787,2.821985483169556,-0.10168483903841796,-0.3400000035762787,-9.79875302217036,0.0
795,19.875,1.757600956622363e+18,3.23854283802753,0.8257318101129814,2.7129629535777413,0.4210913898277419,9.056498504978785,-2.2825169686760765,-0.24232199283918443,-0.34596020097273017,-0.3400000035762787,2.821985483169556,-0.1090225295918148,2.821985483169556,-0.103232202614993,-0.3400000035762787,2.821985483169556,-0.09944534069263566,-0.3400000035762787,2.821985483169556,-0.09801868545437342,-0.3400000035762787,2.821985483169556,-0.09887430472584446,-0.3400000035762787,-10.21927985575063,0.0
796,19.900000000000002,1.7576009566473628e+18,3.174999666504624,0.8384873732512315,2.706047477366335,0.42029285308666475,8.995749257952768,-2.282117008593897,-0.2447053332789139,-0.35403666286865915,-0.3400000035762787,2.821985483169556,-0.11593800580322089,2.821985483169556,-0.1090225295918148,-0.3400000035762787,2.821985483169556,-0.103232202614993,-0.3400000035762787,2.821985483169556,-0.09944534069263566,-0.3400000035762787,2.821985483169556,-0.09801868545437342,-0.3400000035762787,-10.742644656888151,0.0
797,19.925,1.7576009566723628e+18,3.0779609977572644,0.8719440498615931,2.699302327319698,0.4283313724979039,8.938231375806012,-2.2873595306850727,-0.20273136512815546,-0.35959581026274595,-0.3400000035762787,2.821985483169556,-0.12268315584985823,2.821985483169556,-0.11593800580322089,-0.3400000035762787,2.821985483169556,-0.1090225295918148,-0.3400000035762787,2.821985483169556,-0.103232202614993,-0.3400000035762787,2.821985483169556,-0.09944534069263566,-0.3400000035762787,-11.247376592757723,0.0
798,19.950000000000003,1.757600956697363e+18,2.9961472579836346,0.9166132902746544,2.6941538009056836,0.44051290131198195,8.8486450475437,-2.298468858808015,-0.1225480731456312,-0.35775903133255,-0.3400000035762787,2.821985483169556,-0.12783168226387254,2.821985483169556,-0.12268315584985823,-0.3400000035762787,2.821985483169556,-0.11593800580322089,-0.3400000035762787,2.821985483169556,-0.1090225295918148,-0.3400000035762787,2.821985483169556,-0.103232202614993,-0.3400000035762787,-11.733913414278303,0.0
799,19.975,1.757600956722363e+18,2.97193271376217,0.9260988274604762,2.691788994637789,0.4510040520203848,8.82559461455704,-2.317390989488856,-0.018502927809649683,-0.3436573148448494,-0.3400000035762787,2.821985483169556,-0.13019648853176724,2.821985483169556,-0.12783168226387254,-0.3400000035762787,2.821985483169556,-0.12268315584985823,-0.3400000035762787,2.821985483169556,-0.11593800580322089,-0.3400000035762787,2.821985483169556,-0.1090225295918148,-0.3400000035762787,-12.20536828867177,0.0
800,20.0,1.7576009567473628e+18,2.8483827192154494,1.0107399801995731,2.692821805933857,0.45479949184588986,8.70390965904445,-2.3470535636550967,0.08982243606614372,-0.31416456951472044,-0.3400000035762787,2.821985483169556,-0.12916367723569921,2.821985483169556,-0.13019648853176724,-0.3400000035762787,2.821985483169556,-0.12783168226387254,-0.3400000035762787,2.821985483169556,-0.12268315584985823,-0.3400000035762787,2.821985483169556,-0.11593800580322089,-0.3400000035762787,-12.6666100499508,0.0
801,20.025000000000002,1.7576009567723628e+18,2.8483827192154494,1.0107399801995731,2.6970939039372097,0.44957876529630997,8.70390965904445,-2.388943125432189,0.18210347696050133,-0.2694145817078141,-0.3400000035762787,2.821985483169556,-0.1248915792323464,2.821985483169556,-0.12916367723569921,-0.3400000035762787,2.821985483169556,-0.13019648853176724,-0.3400000035762787,2.821985483169556,-0.12783168226387254,-0.3400000035762787,2.821985483169556,-0.12268315584985823,-0.3400000035762787,-13.06425417586514,0.0
802,20.05,1.7576009567973627e+18,2.778851625314143,1.0508982659897037,2.70368745282956,0.437003586997194,8.642317955850185,-2.4395407896481975,0.24203225071177747,-0.21322996415524398,-0.3400000035762787,2.821985483169556,-0.11829803033999609,2.821985483169556,-0.1248915792323464,-0.3400000035762787,2.821985483169556,-0.12916367723569921,-0.3400000035762787,2.821985483169556,-0.13019648853176724,-0.3400000035762787,2.821985483169556,-0.12783168226387254,-0.3400000035762787,-13.46263537034055,0.0
803,20.075000000000003,1.757600956822363e+18,2.7357280612758315,1.0808902719896465,2.7111822004535058,0.4228259476140859,8.59062681902935,-2.4870696590797605,0.26095041049570306,-0.15188561235791767,-0.0,2.821985483169556,-0.11080328271605033,2.821985483169556,-0.11829803033999609,-0.3400000035762787,2.821985483169556,-0.1248915792323464,-0.3400000035762787,2.821985483169556,-0.12916367723569921,-0.3400000035762787,2.821985483169556,-0.13019648853176724,-0.3400000035762787,-13.807402214512773,0.0
804,20.1,1.7576009568473628e+18,2.7006962365479152,1.1444864222654818,2.718092782789214,0.41515649525701664,8.547211979995629,-2.510422776424205,0.23932154555157178,-0.09151507710830499,-0.0,2.821985483169556,-0.10389270038034226,2.821985483169556,-0.11080328271605033,-0.0,2.821985483169556,-0.11829803033999609,-0.3400000035762787,2.821985483169556,-0.1248915792323464,-0.3400000035762787,2.821985483169556,-0.12916367723569921,-0.3400000035762787,-14.160661090810201,0.0
805,20.125,1.7576009568723628e+18,2.6602415980622127,1.1832869624981872,2.723316224148262,0.4208956642720751,8.496346253573554,-2.4816226042796212,0.18573963496874418,-0.03548720409748316,-0.0,2.821985483169556,-0.09866925902129431,2.821985483169556,-0.10389270038034226,-0.0,2.821985483169556,-0.11080328271605033,-0.0,2.821985483169556,-0.11829803033999609,-0.3400000035762787,2.821985483169556,-0.1248915792323464,-0.3400000035762787,-14.524330319250325,0.0
806,20.150000000000002,1.757600956897363e+18,2.576323253323033,1.2677440915828613,2.7263921994725817,0.4415240047500373,8.365679244216203,-2.37179422863434,0.11398305951284936,0.016650314243525546,-0.0,2.821985483169556,-0.0955932836969744,2.821985483169556,-0.09866925902129431,-0.0,2.821985483169556,-0.10389270038034226,-0.0,2.821985483169556,-0.11080328271605033,-0.0,2.821985483169556,-0.11829803033999609,-0.3400000035762787,-14.839473719860557,0.0
807,20.175,1.757600956922363e+18,2.5587090590038195,1.2876634391531372,2.7274715469408637,0.47025158616433876,8.338494390323321,-2.1590128625964984,0.0391945573968646,0.06796703936868397,-0.0,2.821985483169556,-0.09451393622869242,2.821985483169556,-0.0955932836969744,-0.0,2.821985483169556,-0.09866925902129431,-0.0,2.821985483169556,-0.10389270038034226,-0.0,2.821985483169556,-0.11080328271605033,-0.0,-15.163542705149641,0.0
808,20.200000000000003,1.7576009569473628e+18,2.511346049556672,1.3680140867528885,2.7270540424043945,0.49222165711030136,8.26924023753602,-1.835312552008124,-0.025611011103422846,0.12144517263041013,0.0696234479546547,2.821985483169556,-0.09493144076516158,2.821985483169556,-0.09451393622869242,-0.0,2.821985483169556,-0.0955932836969744,-0.0,2.821985483169556,-0.09866925902129431,-0.0,2.821985483169556,-0.10389270038034226,-0.0,-15.494299018076273,0.0
809,20.225,1.7576009569723628e+18,2.4892369744605047,1.4000071130105334,2.7256814873968254,0.4882926026755422,8.233145172063477,-1.4102347523617171,-0.07183375635160624,0.17745549575600886,0.0696234479546547,2.821985483169556,-0.09630399577273074,2.821985483169556,-0.09493144076516158,0.0696234479546547,2.821985483169556,-0.09451393622869242,-0.0,2.821985483169556,-0.0955932836969744,-0.0,2.821985483169556,-0.09866925902129431,-0.0,-15.770998644349731,0.0
810,20.25,1.7576009569973627e+18,2.447294187631145,1.4845483177407277,2.7237631487050873,0.4414875372502513,8.164002901496495,-0.9096052482343175,-0.09606396385266798,0.23290380081433049,0.3400000035762787,2.821985483169556,-0.09822233446446882,2.821985483169556,-0.09630399577273074,0.0696234479546547,2.821985483169556,-0.09493144076516158,0.0696234479546547,2.821985483169556,-0.09451393622869242,-0.0,2.821985483169556,-0.0955932836969744,-0.0,-16.052452399105036,0.0
811,20.275000000000002,1.757600957022363e+18,2.443230200210253,1.5749360942378057,2.7215802579769304,0.34389200221812033,8.134901363327547,-0.37009563809881135,-0.09957570841440128,0.28244215042451776,0.3400000035762787,2.821985483169556,-0.10040522519262574,2.821985483169556,-0.09822233446446882,0.3400000035762787,2.821985483169556,-0.09630399577273074,0.0696234479546547,2.821985483169556,-0.09493144076516158,0.0696234479546547,2.821985483169556,-0.09451393622869242,-0.0,-16.34079150879678,0.0
812,20.3,1.7576009570473628e+18,2.423711367404355,1.624153094370731,2.7193778835302447,0.20114980363619323,8.101545498236472,0.168413516993912,-0.08706202288508096,0.32088652722137756,0.3400000035762787,2.821985483169556,-0.10260759963931143,2.821985483169556,-0.10040522519262574,0.3400000035762787,2.821985483169556,-0.09822233446446882,0.3400000035762787,2.821985483169556,-0.09630399577273074,0.0696234479546547,2.821985483169556,-0.09493144076516158,0.0696234479546547,-16.58199570965883,0.0
813,20.325000000000003,1.7576009570723628e+18,2.398354940686674,1.6880896662725862,2.7174165998846114,0.032403047534323444,8.05821372951867,0.6702256715165259,-0.06513452212044316,0.3453992537267325,0.3400000035762787,2.821985483169556,-0.10456888328494474,2.821985483169556,-0.10260759963931143,0.3400000035762787,2.821985483169556,-0.10040522519262574,0.3400000035762787,2.821985483169556,-0.09822233446446882,0.3400000035762787,2.821985483169556,-0.09630399577273074,0.0696234479546547,-16.782550729790366,0.0
814,20.35,1.757600957097363e+18,2.399079686480889,1.8180372833346257,2.7159310099641956,-0.13462075487529832,8.14384299067428,1.1091334964589876,-0.0409203761611994,0.3563853231212961,0.3400000035762787,2.821985483169556,-0.10605447320536054,2.821985483169556,-0.10456888328494474,0.3400000035762787,2.821985483169556,-0.10260759963931143,0.3400000035762787,2.821985483169556,-0.10040522519262574,0.3400000035762787,2.821985483169556,-0.09822233446446882,0.3400000035762787,-16.949617277378177,0.0
815,20.375,1.757600957122363e+18,2.399079686480889,1.8180372833346257,2.7150380459967725,-0.2716875118553961,8.14384299067428,1.470883627969597,-0.020875080458151375,0.3569580925039025,0.3400000035762787,2.821985483169556,-0.10694743717278365,2.821985483169556,-0.10605447320536054,0.3400000035762787,2.821985483169556,-0.10456888328494474,0.3400000035762787,2.821985483169556,-0.10260759963931143,0.3400000035762787,2.821985483169556,-0.10040522519262574,0.3400000035762787,-17.09003622405292,0.0
816,20.400000000000002,1.7576009571473628e+18,2.358782081151025,1.935390586583116,2.7146716481431583,-0.3584184558730108,8.235742113460264,1.7530113964882308,-0.009814170548683708,0.3515424734407843,0.3400000035762787,2.821985483169556,-0.1073138350263978,2.821985483169556,-0.10694743717278365,0.3400000035762787,2.821985483169556,-0.10605447320536054,0.3400000035762787,2.821985483169556,-0.10456888328494474,0.3400000035762787,2.821985483169556,-0.10260759963931143,0.3400000035762787,-17.20967085829504,0.0
817,20.425,1.7576009571723628e+18,2.324636983573406,1.9994430016245528,2.7145892996507563,-0.3879833575313951,8.279858810211483,1.9627598930939676,-0.010177475588884852,0.34437802262603834,0.3400000035762787,2.821985483169556,-0.10739618351879976,2.821985483169556,-0.1073138350263978,0.3400000035762787,2.821985483169556,-0.10694743717278365,0.3400000035762787,2.821985483169556,-0.10605447320536054,0.3400000035762787,2.821985483169556,-0.10456888328494474,0.3400000035762787,-17.313147773060308,0.0
818,20.450000000000003,1.7576009571973627e+18,2.308220444347788,2.0485921333586536,2.7144475827016823,-0.3682028924409791,8.301983205541607,2.113828587637538,-0.021617486758865413,0.33847899942007703,0.3400000035762787,2.821985483169556,-0.10753790046787381,2.821985483169556,-0.10739618351879976,0.3400000035762787,2.821985483169556,-0.1073138350263978,0.3400000035762787,2.821985483169556,-0.10694743717278365,0.3400000035762787,2.821985483169556,-0.10605447320536054,0.3400000035762787,-17.403896730185636,0.0
819,20.475,1.757600957222363e+18,2.2837393504537014,2.0880119886919264,2.7139129347422353,-0.31790070633255707,8.361751032372322,2.2225091893621403,-0.04106055326698081,0.33526094893369734,0.3400000035762787,2.821985483169556,-0.10807254842732084,2.821985483169556,-0.10753790046787381,0.3400000035762787,2.821985483169556,-0.10739618351879976,0.3400000035762787,2.821985483169556,-0.1073138350263978,0.3400000035762787,2.821985483169556,-0.10694743717278365,0.3400000035762787,-17.484316657376027,0.0
820,20.5,1.7576009572473628e+18,2.250924893980042,2.170825943402996,2.7127662353173316,-0.260122352850566,8.421570580151759,2.3037605857161387,-0.06336305343730846,0.33474524109680254,0.3400000035762787,2.821985483169556,-0.10921924785222448,2.821985483169556,-0.10807254842732084,0.3400000035762787,2.821985483169556,-0.10753790046787381,0.3400000035762787,2.821985483169556,-0.10739618351879976,0.3400000035762787,2.821985483169556,-0.1073138350263978,0.3400000035762787,-17.614861846464976,0.0
821,20.525000000000002,1.7576009572723628e+18,2.210981894447312,2.209969502353706,2.7109676182655473,-0.21488905242607031,8.49283549209071,2.3680359364347994,-0.08256477706011868,0.33609146272466606,0.3400000035762787,2.821985483169556,-0.11101786490400878,2.821985483169556,-0.10921924785222448,0.3400000035762787,2.821985483169556,-0.10807254842732084,0.3400000035762787,2.821985483169556,-0.10753790046787381,0.3400000035762787,2.821985483169556,-0.10739618351879976,0.3400000035762787,-17.737270207659265,0.0
822,20.55,1.757600957297363e+18,2.171365030593749,2.2810711531169323,2.7086605462792166,-0.19412030379258777,8.565701698313266,2.419800522065639,-0.09356675397369976,0.33818664810457455,0.3400000035762787,2.821985483169556,-0.11332493689033951,2.821985483169556,-0.11101786490400878,0.3400000035762787,2.821985483169556,-0.10921924785222448,0.3400000035762787,2.821985483169556,-0.10807254842732084,0.3400000035762787,2.821985483169556,-0.10753790046787381,0.3400000035762787,-17.85142078682603,0.0
823,20.575000000000003,1.757600957322363e+18,2.1375639319096944,2.323144043284469,2.7061102105791455,-0.2003202227717122,8.610123324695431,2.4582820758903385,-0.0938916392111706,0.3400952592063827,0.3400000035762787,2.821985483169556,-0.11587527259041064,2.821985483169556,-0.11332493689033951,0.3400000035762787,2.821985483169556,-0.11101786490400878,0.3400000035762787,2.821985483169556,-0.10921924785222448,0.3400000035762787,2.821985483169556,-0.10807254842732084,0.3400000035762787,-17.95647148952612,0.0
824,20.6,1.7576009573473628e+18,2.094048274608462,2.386755468984948,2.7035954407111342,-0.228964759718275,8.680356249288431,2.4801400416122603,-0.08507847139369425,0.34128523724657683,0.3400000035762787,2.821985483169556,-0.11839004245842188,2.821985483169556,-0.11587527259041064,0.3400000035762787,2.821985483169556,-0.11332493689033951,0.3400000035762787,2.821985483169556,-0.11101786490400878,0.3400000035762787,2.821985483169556,-0.10921924785222448,0.3400000035762787,-18.051062790237044,0.0
825,20.625,1.7576009573723628e+18,2.060363391075182,2.427131904470164,2.701295106080481,-0.2729327978841311,8.72207137452939,2.4828821922848054,-0.07325773926156809,0.3416442436599877,0.3400000035762787,2.821985483169556,-0.12069037708907526,2.821985483169556,-0.11839004245842188,0.3400000035762787,2.821985483169556,-0.11587527259041064,0.3400000035762787,2.821985483169556,-0.11332493689033951,0.3400000035762787,2.821985483169556,-0.11101786490400878,0.3400000035762787,-18.133637951578066,0.0
826,20.650000000000002,1.7576009573973627e+18,2.004644776731697,2.4871976145470622,2.699206733561726,-0.3265778107115497,8.798694800097037,2.467518862844933,-0.06856370877575128,0.3413594073376626,0.3400000035762787,2.7630412578582764,-0.06383452429655057,2.821985483169556,-0.12069037708907526,0.3400000035762787,2.821985483169556,-0.11839004245842188,0.3400000035762787,2.821985483169556,-0.11587527259041064,0.3400000035762787,2.821985483169556,-0.11332493689033951,0.3400000035762787,-18.14389555682947,0.0
827,20.675,1.757600957422363e+18,1.9582330914557484,2.5145966126897834,2.697106485231302,-0.38749972481728084,8.859323273110448,2.4393418276888483,-0.08326834645052492,0.34074898337007015,0.3400000035762787,2.7630412578582764,-0.06593477262697434,2.7630412578582764,-0.06383452429655057,0.3400000035762787,2.821985483169556,-0.12069037708907526,0.3400000035762787,2.821985483169556,-0.11839004245842188,0.3400000035762787,2.821985483169556,-0.11587527259041064,0.3400000035762787,-18.140100779373572,0.0
828,20.700000000000003,1.7576009574473628e+18,1.8951116868676647,2.564340146912224,2.6945338373269343,-0.4554403105137225,8.937651640224233,2.406628608221299,-0.1288454909094958,0.3401164087814468,0.3400000035762787,2.7630412578582764,-0.06850742053134207,2.7630412578582764,-0.06593477262697434,0.3400000035762787,2.7630412578582764,-0.06383452429655057,0.3400000035762787,2.821985483169556,-0.12069037708907526,0.3400000035762787,2.821985483169556,-0.11839004245842188,0.3400000035762787,-18.122884191293878,0.0
829,20.725,1.7576009574723628e+18,1.8302688916169116,2.6084650855043146,2.6907848114701967,-0.5292848229252916,9.003794702374856,2.3780331780703947,-0.21254382359274196,0.33966382243496107,0.3400000035762787,2.7042713165283203,-0.013486505058123655,2.7630412578582764,-0.06850742053134207,0.3400000035762787,2.7630412578582764,-0.06593477262697434,0.3400000035762787,2.7630412578582764,-0.06383452429655057,0.3400000035762787,2.821985483169556,-0.12069037708907526,0.3400000035762787,-18.036234761097436,0.0
830,20.75,1.757600957497363e+18,1.796275554905486,2.644632545734818,2.684926962944355,-0.6041625365680628,9.050571568471996,2.359942130459637,-0.3343649586249556,0.3394693019341499,0.3400000035762787,2.7042713165283203,-0.019344353583965468,2.7042713165283203,-0.013486505058123655,0.3400000035762787,2.7630412578582764,-0.06850742053134207,0.3400000035762787,2.7630412578582764,-0.06593477262697434,0.3400000035762787,2.7630412578582764,-0.06383452429655057,0.3400000035762787,-17.944663284529994,0.0
831,20.775000000000002,1.757600957522363e+18,1.7414049451189662,2.684004925081285,2.6758899383675083,-0.6705934395419635,9.115259111573767,2.3548956078639027,-0.4854708793073766,0.3395100401849662,0.3400000035762787,2.7042713165283203,-0.028381378160811987,2.7042713165283203,-0.019344353583965468,0.3400000035762787,2.7042713165283203,-0.013486505058123655,0.3400000035762787,2.7630412578582764,-0.06850742053134207,0.3400000035762787,2.7630412578582764,-0.06593477262697434,0.3400000035762787,-17.79845015761192,0.0
832,20.8,1.7576009575473628e+18,1.6950198760659947,2.7079238765220106,2.6626924959377134,-0.7165404482205235,9.164336238249582,2.361485142038348,-0.6488509018131445,0.3397056477034564,0.3400000035762787,2.645326852798462,0.017365643139251485,2.7042713165283203,-0.028381378160811987,0.3400000035762787,2.7042713165283203,-0.019344353583965468,0.3400000035762787,2.7042713165283203,-0.013486505058123655,0.3400000035762787,2.7630412578582764,-0.06850742053134207,0.3400000035762787,-17.492255663634744,0.0
833,20.825000000000003,1.7576009575723628e+18,1.6385804672609474,2.735645999846165,2.6447943570434105,-0.73165898212979,9.212341322493657,2.375462003342161,-0.8025144971106097,0.33995941359520604,0.3400000035762787,2.645326852798462,-0.000532495755051432,2.645326852798462,0.017365643139251485,0.3400000035762787,2.7042713165283203,-0.028381378160811987,0.3400000035762787,2.7042713165283203,-0.019344353583965468,0.3400000035762787,2.7042713165283203,-0.013486505058123655,0.3400000035762787,-17.157849971769608,0.0
834,20.85,1.7576009575973627e+18,1.563904255096526,2.767872537040035,2.6224340660442165,-0.7117632859683952,9.289608919654892,2.3914737961798354,-0.9246506059472795,0.3401854431822098,0.3400000035762787,2.5863826274871826,0.036051438557033855,2.645326852798462,-0.000532495755051432,0.3400000035762787,2.645326852798462,0.017365643139251485,0.3400000035762787,2.7042713165283203,-0.028381378160811987,0.3400000035762787,2.7042713165283203,-0.019344353583965468,0.3400000035762787,-16.808512569726364,0.0
835,20.875,1.757600957622363e+18,1.4863512959802985,2.7570957661259072,2.5967451498614764,-0.6612044730716936,9.371858826957075,2.4047995484513653,-0.9993788920022053,0.3403204681275266,0.3400000035762787,2.5863826274871826,0.010362522374293803,2.5863826274871826,0.036051438557033855,0.3400000035762787,2.645326852798462,-0.000532495755051432,0.3400000035762787,2.645326852798462,0.017365643139251485,0.3400000035762787,2.7042713165283203,-0.028381378160811987,0.3400000035762787,-16.51290309689608,0.0
836,20.900000000000002,1.7576009576473628e+18,1.3437071330093873,2.771609527997896,2.5695264311389323,-0.5917952387875959,9.493334373959618,2.412499318760816,-1.021263571607393,0.3403265369089052,0.3400000035762787,2.5274384021759038,0.042088028963028545,2.5863826274871826,0.010362522374293803,0.3400000035762787,2.5863826274871826,0.036051438557033855,0.3400000035762787,2.645326852798462,-0.000532495755051432,0.3400000035762787,2.645326852798462,0.017365643139251485,0.3400000035762787,-16.21602034825233,0.0
837,20.925,1.7576009576723628e+18,1.3437071330093873,2.771609527997896,2.542734458995591,-0.5187219542773668,9.493334373959618,2.41365125111143,-0.9969356666747897,0.3401927144295879,0.3400000035762787,2.468493938446045,0.07424052054954622,2.5274384021759038,0.042088028963028545,0.3400000035762787,2.5863826274871826,0.010362522374293803,0.3400000035762787,2.5863826274871826,0.036051438557033855,0.3400000035762787,2.645326852798462,-0.000532495755051432,0.3400000035762787,-15.915159325591002,0.0
838,20.950000000000003,1.757600957697363e+18,1.298986237462017,2.7682471068277685,2.5179142568136514,-0.45539909519010513,9.53671860653573,2.4088669822403044,-0.943013670042985,0.3399406168383581,0.3400000035762787,2.468493938446045,0.04942031836760652,2.468493938446045,0.07424052054954622,0.3400000035762787,2.5274384021759038,0.042088028963028545,0.3400000035762787,2.5863826274871826,0.010362522374293803,0.3400000035762787,2.5863826274871826,0.036051438557033855,0.3400000035762787,-15.6606709353529,0.0
839,20.975,1.757600957722363e+18,1.2534669838595724,2.761564825186149,2.49578768209999,-0.40949321714841624,9.585964419793662,2.399658520905957,-0.88077711485831,0.3396321883555583,0.3400000035762787,2.409723997116089,0.08606368498390093,2.468493938446045,0.04942031836760652,0.3400000035762787,2.468493938446045,0.07424052054954622,0.3400000035762787,2.5274384021759038,0.042088028963028545,0.3400000035762787,2.5863826274871826,0.010362522374293803,0.3400000035762787,-15.381515550184142,0.0
840,21.0,1.7576009577473628e+18,1.145130851251452,2.7515492117243427,2.476121657449129,-0.38150467255797194,9.682195256631255,2.388079190203061,-0.8292725897412714,0.33937179953212,0.3400000035762787,2.409723997116089,0.06639766033304006,2.409723997116089,0.08606368498390093,0.3400000035762787,2.468493938446045,0.04942031836760652,0.3400000035762787,2.468493938446045,0.07424052054954622,0.3400000035762787,2.5274384021759038,0.042088028963028545,0.3400000035762787,-15.182589500153671,0.0
841,21.025000000000002,1.7576009577723628e+18,1.119820276989223,2.749281495190238,2.457902734345132,-0.36607787444454365,9.70904660033697,2.3765623035564016,-0.7992249926436584,0.339291909900155,0.3400000035762787,2.409723997116089,0.0481787372290432,2.409723997116089,0.06639766033304006,0.3400000035762787,2.409723997116089,0.08606368498390093,0.3400000035762787,2.468493938446045,0.04942031836760652,0.3400000035762787,2.468493938446045,0.07424052054954622,0.3400000035762787,-14.994851997000001,0.0
842,21.05,1.7576009577973627e+18,1.0585046266155462,2.737128155712916,2.4397736130233523,-0.3551643111949631,9.78319632694057,2.36758332406487,-0.789966176285823,0.3395147442839423,0.3400000035762787,2.3507797718048096,0.0889938412185427,2.409723997116089,0.0481787372290432,0.3400000035762787,2.409723997116089,0.06639766033304006,0.3400000035762787,2.409723997116089,0.08606368498390093,0.3400000035762787,2.468493938446045,0.04942031836760652,0.3400000035762787,-14.75451928635577,0.0
843,21.075000000000003,1.757600957822363e+18,1.0091860676850408,2.728056564065774,2.420607297344136,-0.34162313415624146,9.838218700394926,2.3629401255435534,-0.79057032482728,0.3400923128686231,0.3400000035762787,2.3507797718048096,0.06982752553932636,2.3507797718048096,0.0889938412185427,0.3400000035762787,2.409723997116089,0.0481787372290432,0.3400000035762787,2.409723997116089,0.06639766033304006,0.3400000035762787,2.409723997116089,0.08606368498390093,0.3400000035762787,-14.522013079661612,0.0
844,21.1,1.7576009578473628e+18,0.9415104097760518,2.704822345961693,2.4000175764354914,-0.3219361773285003,9.900520991066422,2.3628863866656014,-0.7848341724573443,0.34094150614146024,0.3400000035762787,2.3507797718048096,0.049237804630681836,2.3507797718048096,0.06982752553932636,0.3400000035762787,2.3507797718048096,0.0889938412185427,0.3400000035762787,2.409723997116089,0.0481787372290432,0.3400000035762787,2.409723997116089,0.06639766033304006,0.3400000035762787,-14.304377746941382,0.0
845,21.125,1.7576009578723628e+18,0.8694886672448128,2.658238205686991,2.3785926630318026,-0.29722132510502397,9.981774637072292,2.3657089299122687,-0.7582332729169325,0.3418047326366846,0.3400000035762787,2.3507797718048096,0.02781289122699304,2.3507797718048096,0.049237804630681836,0.3400000035762787,2.3507797718048096,0.06982752553932636,0.3400000035762787,2.3507797718048096,0.0889938412185427,0.3400000035762787,2.409723997116089,0.0481787372290432,0.3400000035762787,-14.111881272644219,0.0
846,21.150000000000002,1.757600957897363e+18,0.8255962706151037,2.639812010707195,2.357729559148305,-0.27238852429642363,10.033139838401507,2.36829305921583,-0.7041277586797027,0.34227227821770373,0.3400000035762787,2.291835308074951,0.06589425107335378,2.3507797718048096,0.02781289122699304,0.3400000035762787,2.3507797718048096,0.049237804630681836,0.3400000035762787,2.3507797718048096,0.06982752553932636,0.3400000035762787,2.3507797718048096,0.0889938412185427,0.3400000035762787,-13.836889571610174,0.0
847,21.175,1.757600957922363e+18,0.7802789485577781,2.620787626615458,2.3391118073167245,-0.2539477260450122,10.086172562743558,2.3676601197723355,-0.6266771161831548,0.34189295128159825,0.3400000035762787,2.291835308074951,0.04727649924177335,2.291835308074951,0.06589425107335378,0.3400000035762787,2.3507797718048096,0.02781289122699304,0.3400000035762787,2.3507797718048096,0.049237804630681836,0.3400000035762787,2.3507797718048096,0.06982752553932636,0.3400000035762787,-13.54541903103949,0.0
848,21.200000000000003,1.7576009579473628e+18,0.7252341930001398,2.5829436329041133,2.3240337711114054,-0.24738704194467517,10.120721619454002,2.3627356415958767,-0.5391549154498055,0.34037083299797444,0.3400000035762787,2.3507797718048096,-0.02674600069340416,2.291835308074951,0.04727649924177335,0.3400000035762787,2.291835308074951,0.06589425107335378,0.3400000035762787,2.3507797718048096,0.02781289122699304,0.3400000035762787,2.3507797718048096,0.049237804630681836,0.3400000035762787,-13.298145373670256,0.0
849,21.225,1.7576009579723628e+18,0.6332603728032664,2.496808516541201,2.312853095363829,-0.25501027756313277,10.253644669334866,2.3552981122459107,-0.45820036854558,0.33780147080705647,0.3400000035762787,2.291835308074951,0.02101778728887771,2.3507797718048096,-0.02674600069340416,0.3400000035762787,2.291835308074951,0.04727649924177335,0.3400000035762787,2.291835308074951,0.06589425107335378,0.3400000035762787,2.3507797718048096,0.02781289122699304,0.3400000035762787,-13.032005784215787,0.0
850,21.25,1.7576009579973627e+18,0.6332603728032664,2.496808516541201,2.304816646629985,-0.2748696598073851,10.253644669334866,2.3494290817961025,-0.3962811841041032,0.3348535991613132,0.3400000035762787,2.3507797718048096,-0.045963125174824704,2.291835308074951,0.02101778728887771,0.3400000035762787,2.3507797718048096,-0.02674600069340416,0.3400000035762787,2.291835308074951,0.04727649924177335,0.3400000035762787,2.291835308074951,0.06589425107335378,0.3400000035762787,-12.797374703116125,0.0
851,21.275000000000002,1.757600958022363e+18,0.6006683726837436,2.4688063717045683,2.298364552060317,-0.3011858448889011,10.303983067764992,2.349622008553161,-0.35553591538774904,0.3327740586975661,0.3400000035762787,2.291835308074951,0.006529243985365696,2.3507797718048096,-0.045963125174824704,0.3400000035762787,2.291835308074951,0.02101778728887771,0.3400000035762787,2.3507797718048096,-0.02674600069340416,0.3400000035762787,2.291835308074951,0.04727649924177335,0.3400000035762787,-12.524178350072319,0.0
852,21.3,1.7576009580473628e+18,0.5649313052592086,2.448001126246151,2.29182012577612,-0.3262802329809367,10.359064881498142,2.358501542842641,-0.3257777130503581,0.33310861001060127,0.3400000035762787,2.291835308074951,-1.518229883101796e-05,2.291835308074951,0.006529243985365696,0.3400000035762787,2.3507797718048096,-0.045963125174824704,0.3400000035762787,2.291835308074951,0.02101778728887771,0.3400000035762787,2.3507797718048096,-0.02674600069340416,0.3400000035762787,-12.260850437199958,0.0
853,21.325000000000003,1.7576009580723628e+18,0.522310586228393,2.4080580640918594,2.284200389511709,-0.3434406360538515,10.424978406301285,2.37534436954246,-0.2878503421921921,0.33710695317543626,0.3400000035762787,2.3507797718048096,-0.06657938229310068,2.291835308074951,-1.518229883101796e-05,0.3400000035762787,2.291835308074951,0.006529243985365696,0.3400000035762787,2.3507797718048096,-0.045963125174824704,0.3400000035762787,2.291835308074951,0.02101778728887771,0.3400000035762787,-12.058225995481852,0.0
854,21.35,1.757600958097363e+18,0.479559687982138,2.334396064522495,2.2758030460357137,-0.34960149822698644,10.51281068942595,2.3961755605140818,-0.22132774392162113,0.3449133598644777,0.3400000035762787,2.291835308074951,-0.016032262039237466,2.3507797718048096,-0.06657938229310068,0.3400000035762787,2.291835308074951,-1.518229883101796e-05,0.3400000035762787,2.291835308074951,0.006529243985365696,0.3400000035762787,2.3507797718048096,-0.045963125174824704,0.3400000035762787,-11.793462368481148,0.0
855,21.375,1.757600958122363e+18,0.4517128721105492,2.3005044643815733,2.268273825798415,-0.34664257779156815,10.570425144253182,2.4154716747397718,-0.11364029276569168,0.35480128659864324,0.3400000035762787,2.3507797718048096,-0.08250594600639438,2.291835308074951,-0.016032262039237466,0.3400000035762787,2.3507797718048096,-0.06657938229310068,0.3400000035762787,2.291835308074951,-1.518229883101796e-05,0.3400000035762787,2.291835308074951,0.006529243985365696,0.3400000035762787,-11.582291326648416,0.0
856,21.400000000000002,1.7576009581473628e+18,0.4336062402243743,2.242773769917087,2.2640406636996753,-0.3405894784841419,10.633791174230717,2.42877751835618,0.03307280153856489,0.3628260614887031,0.3400000035762787,2.3507797718048096,-0.0867391081051343,2.3507797718048096,-0.08250594600639438,0.3400000035762787,2.291835308074951,-0.016032262039237466,0.3400000035762787,2.3507797718048096,-0.06657938229310068,0.3400000035762787,2.291835308074951,-1.518229883101796e-05,0.3400000035762787,-11.306529525273618,0.0
857,21.425,1.7576009581723628e+18,0.3935895821187958,2.1513594677586183,2.2652855528743614,-0.33888749197068974,10.732734546241792,2.4350692149908393,0.20035180343665987,0.36326211853066354,0.3400000035762787,2.468493938446045,-0.20320838557168353,2.3507797718048096,-0.0867391081051343,0.3400000035762787,2.3507797718048096,-0.08250594600639438,0.3400000035762787,2.291835308074951,-0.016032262039237466,0.3400000035762787,2.3507797718048096,-0.06657938229310068,0.3400000035762787,-11.143529289119364,0.0
858,21.450000000000003,1.7576009581973627e+18,0.3873937010125097,2.1372552105013227,2.272894156964798,-0.34689868121840334,10.750936413598279,2.4376750596021624,0.3580118185274953,0.3499937232605168,0.3400000035762787,2.5274384021759038,-0.25454424521110575,2.468493938446045,-0.20320838557168353,0.3400000035762787,2.3507797718048096,-0.0867391081051343,0.3400000035762787,2.3507797718048096,-0.08250594600639438,0.3400000035762787,2.291835308074951,-0.016032262039237466,0.3400000035762787,-11.035776104625555,0.0
859,21.475,1.757600958222363e+18,0.3653998137759537,2.071472685020892,2.2859038006145447,-0.3653007204772716,10.820085094359111,2.4430045239766747,0.47345908434868633,0.31863607270569483,0.3400000035762787,2.5274384021759038,-0.24153460156135909,2.5274384021759038,-0.25454424521110575,0.3400000035762787,2.468493938446045,-0.20320838557168353,0.3400000035762787,2.3507797718048096,-0.0867391081051343,0.3400000035762787,2.3507797718048096,-0.08250594600639438,0.3400000035762787,-10.86721402176146,0.0
860,21.5,1.7576009582473628e+18,0.34944216019746,2.0298686083706667,2.301759272698302,-0.3897014396107136,10.87212957354621,2.457063471871684,0.5223669900803698,0.2686823426410879,0.3400000035762787,2.5274384021759038,-0.22567912947760194,2.5274384021759038,-0.24153460156135909,0.3400000035762787,2.5274384021759038,-0.25454424521110575,0.3400000035762787,2.468493938446045,-0.20320838557168353,0.3400000035762787,2.3507797718048096,-0.0867391081051343,0.3400000035762787,-10.699374618332612,0.0
861,21.525000000000002,1.7576009582723628e+18,0.3293024596721308,1.9416721033960933,2.3172662888938,-0.412659296469834,10.967674148999372,2.4806582203763434,0.49683009769174225,0.20464765306846677,0.3400000035762787,2.5274384021759038,-0.21017211328210372,2.5274384021759038,-0.22567912947760194,0.3400000035762787,2.5274384021759038,-0.24153460156135909,0.3400000035762787,2.5274384021759038,-0.25454424521110575,0.3400000035762787,2.468493938446045,-0.20320838557168353,0.3400000035762787,-10.535600002601473,0.0
862,21.55,1.757600958297363e+18,0.3244893457839408,1.9220477944994927,2.3297562025515557,-0.42709396943667477,10.990084917404225,2.505132128965146,0.4081197419339558,0.13535186231530613,-0.0,2.5274384021759038,-0.19768219962434808,2.5274384021759038,-0.21017211328210372,0.3400000035762787,2.5274384021759038,-0.22567912947760194,0.3400000035762787,2.5274384021759038,-0.24153460156135909,0.3400000035762787,2.5274384021759038,-0.25454424521110575,0.3400000035762787,-10.43856722858294,0.0
863,21.575000000000003,1.757600958322363e+18,0.3201762828486552,1.8592082279566984,2.3378933889042974,-0.4294824544986764,11.06313163536608,2.5109181857278213,0.28320585379098506,0.07131746848862924,-0.0,2.5274384021759038,-0.18954501327160633,2.5274384021759038,-0.19768219962434808,-0.0,2.5274384021759038,-0.21017211328210372,0.3400000035762787,2.5274384021759038,-0.22567912947760194,0.3400000035762787,2.5274384021759038,-0.24153460156135909,0.3400000035762787,-10.29382898984307,0.0
864,21.6,1.7576009583473628e+18,0.3145203902975275,1.813894816517552,2.341815846530228,-0.42147336890339493,11.1138921390959,2.4706186342456005,0.15640362450194095,0.02136423001201268,-0.0,2.5274384021759038,-0.18562255564567565,2.5274384021759038,-0.18954501327160633,-0.0,2.5274384021759038,-0.19768219962434808,-0.0,2.5274384021759038,-0.21017211328210372,0.3400000035762787,2.5274384021759038,-0.22567912947760194,0.3400000035762787,-10.162740075272893,0.0
865,21.625,1.7576009583723628e+18,0.3229516398077789,1.759493754615194,2.3426987532295778,-0.4092739678293975,11.145905244223727,2.3566911487360707,0.05901241431639995,-0.009992919278261944,-0.0,2.5274384021759038,-0.184739648946326,2.5274384021759038,-0.18562255564567565,-0.0,2.5274384021759038,-0.18954501327160633,-0.0,2.5274384021759038,-0.19768219962434808,-0.0,2.5274384021759038,-0.21017211328210372,0.3400000035762787,-10.046200980909996,0.0
866,21.650000000000002,1.7576009583973627e+18,0.3315032927703636,1.6997425254028675,2.342092573611406,-0.4009606124713045,11.230981722226332,2.1516491469774124,0.01020685866992685,-0.02326104146627848,-0.0,2.5274384021759038,-0.18534582856449777,2.5274384021759038,-0.184739648946326,-0.0,2.5274384021759038,-0.18562255564567565,-0.0,2.5274384021759038,-0.18954501327160633,-0.0,2.5274384021759038,-0.19768219962434808,-0.0,-9.943579094858146,0.0
867,21.675,1.757600958422363e+18,0.3476793704149905,1.609670582307823,2.3413781670580436,-0.40261818108726055,11.314459525773133,1.8569464757591638,0.011797358921030779,-0.022825165420633543,-0.0,2.5274384021759038,-0.18606023511786018,2.5274384021759038,-0.18534582856449777,-0.0,2.5274384021759038,-0.184739648946326,-0.0,2.5274384021759038,-0.18562255564567565,-0.0,2.5274384021759038,-0.18954501327160633,-0.0,-9.91204727603617,0.0
868,21.700000000000003,1.7576009584473628e+18,0.3526239498552868,1.5733475142850697,2.341483921297508,-0.4148365519269167,11.355240579660238,1.4964554695202252,0.04822604677044536,-0.01480114789221507,-0.0,2.5274384021759038,-0.18595448087839594,2.5274384021759038,-0.18606023511786018,-0.0,2.5274384021759038,-0.18534582856449777,-0.0,2.5274384021759038,-0.184739648946326,-0.0,2.5274384021759038,-0.18562255564567565,-0.0,-9.831395168414971,0.0
869,21.725,1.7576009584723628e+18,0.3804461916217665,1.4616434323203988,2.3428144042454706,-0.4312229997003487,11.453023599759486,1.1121838963726418,0.09178643959843462,-0.004914473418936774,-0.0,2.5274384021759038,-0.18462399793043316,2.5274384021759038,-0.18595448087839594,-0.0,2.5274384021759038,-0.18606023511786018,-0.0,2.5274384021759038,-0.18534582856449777,-0.0,2.5274384021759038,-0.184739648946326,-0.0,-9.758228157604083,0.0
870,21.75,1.757600958497363e+18,0.3804461916217665,1.4616434323203988,2.3452724132312737,-0.43991009117383,11.453023599759486,0.7531589842810335,0.11186287383364896,0.002890539530198777,-0.0,2.5274384021759038,-0.1821659889446301,2.5274384021759038,-0.18462399793043316,-0.0,2.5274384021759038,-0.18595448087839594,-0.0,2.5274384021759038,-0.18606023511786018,-0.0,2.5274384021759038,-0.18534582856449777,-0.0,-9.690542575002357,0.0
871,21.775000000000002,1.757600958522363e+18,0.4104903152013088,1.3996464841011107,2.348307431657,-0.42774556349520976,11.466455059695468,0.461654591493775,0.08608167394762471,0.006887956250657942,-0.0,2.5274384021759038,-0.1791309705189037,2.5274384021759038,-0.1821659889446301,-0.0,2.5274384021759038,-0.18462399793043316,-0.0,2.5274384021759038,-0.18595448087839594,-0.0,2.5274384021759038,-0.18606023511786018,-0.0,-9.626901629810957,0.0
872,21.8,1.7576009585473628e+18,0.4261432872152086,1.3546977030770366,2.3510123489636894,-0.38559664271338967,11.500306894955674,0.2621760366888788,0.0106605435409143,0.007222766650006225,-0.0,2.5274384021759038,-0.17642605321221438,2.5274384021759038,-0.1791309705189037,-0.0,2.5274384021759038,-0.1821659889446301,-0.0,2.5274384021759038,-0.18462399793043316,-0.0,2.5274384021759038,-0.18595448087839594,-0.0,-9.56666526870244,0.0
873,21.825000000000003,1.7576009585723628e+18,0.4762395808376514,1.2954922325013614,2.3523472784257056,-0.31261253579841375,11.4740202550157,0.1570911013372033,-0.09299011106446244,0.005145216051410768,-0.0,2.5274384021759038,-0.1750911237501982,2.5274384021759038,-0.17642605321221438,-0.0,2.5274384021759038,-0.1791309705189037,-0.0,2.5274384021759038,-0.1821659889446301,-0.0,2.5274384021759038,-0.18462399793043316,-0.0,-9.510200490997091,0.0
874,21.85,1.7576009585973627e+18,0.4857947994471399,1.2694137776962682,2.3515611298260235,-0.2176155705114751,11.445384787737451,0.12962650474054319,-0.17802489033406463,0.002201074996189906,-0.0,2.5274384021759038,-0.17587727234988026,2.5274384021759038,-0.1750911237501982,-0.0,2.5274384021759038,-0.17642605321221438,-0.0,2.5274384021759038,-0.1791309705189037,-0.0,2.5274384021759038,-0.1821659889446301,-0.0,-9.45881778733814,0.0
875,21.875,1.757600958622363e+18,0.5108472476866122,1.2162533269966358,2.348803216870771,-0.11687850329050366,11.451472196903259,0.15199262529527838,-0.17976938902284484,-0.0003636529058223153,-0.0,2.5274384021759038,-0.1786351853051329,2.5274384021759038,-0.17587727234988026,-0.0,2.5274384021759038,-0.1750911237501982,-0.0,2.5274384021759038,-0.17642605321221438,-0.0,2.5274384021759038,-0.1791309705189037,-0.0,-9.414063464980687,0.0
876,21.900000000000002,1.7576009586473628e+18,0.5431848665277332,1.157106095556262,2.3457886657724347,-0.028977729803957773,11.45565413249395,0.19492561570224498,-0.030722036195001093,-0.001881995414393827,-0.0,2.5274384021759038,-0.18164973640346904,2.5274384021759038,-0.1786351853051329,-0.0,2.5274384021759038,-0.17587727234988026,-0.0,2.5274384021759038,-0.1750911237501982,-0.0,2.5274384021759038,-0.17642605321221438,-0.0,-9.435101572441845,0.0
877,21.925,1.7576009586723628e+18,0.5717395034280823,1.105967585319729,2.3462485703686293,0.03131114402744326,11.460372917387383,0.2352421299482167,0.3199225393889834,-0.002260762349224092,-0.0,2.5274384021759038,-0.18118983180727444,2.5274384021759038,-0.18164973640346904,-0.0,2.5274384021759038,-0.1786351853051329,-0.0,2.5274384021759038,-0.17587727234988026,-0.0,2.5274384021759038,-0.1750911237501982,-0.0,-9.400717044708436,0.0
878,21.950000000000003,1.757600958697363e+18,0.6026964840869136,1.0413480007269091,2.355824733130134,0.05754432834561955,11.467742166470586,0.25956588199738145,0.8872647353594936,-0.0017980108240287765,-0.0,2.645326852798462,-0.28950211966832784,2.5274384021759038,-0.18118983180727444,-0.0,2.5274384021759038,-0.18164973640346904,-0.0,2.5274384021759038,-0.1786351853051329,-0.0,2.5274384021759038,-0.17587727234988026,-0.0,-9.478677019837962,0.0
879,21.975,1.757600958722363e+18,0.6255042246722189,0.9868626255210946,2.381142696310082,0.05268875569766313,11.471317790504097,0.26422808144255555,1.6382129582022018,-0.0009456730635374433,-0.0,3.0575883388519287,-0.6764456425418466,2.645326852798462,-0.28950211966832784,-0.0,2.5274384021759038,-0.18118983180727444,-0.0,2.5274384021759038,-0.18164973640346904,-0.0,2.5274384021759038,-0.1786351853051329,-0.0,-10.00632532573391,0.0
880,22.0,1.7576009587473628e+18,0.6582787491157402,0.9197954859412494,2.428086462661779,0.02661333958605444,11.478138974991,0.25257467356221625,2.490586089789149,-0.0001116313836894503,-0.0,3.1754770278930664,-0.7473905652312873,3.0575883388519287,-0.6764456425418466,-0.0,2.645326852798462,-0.28950211966832784,-0.0,2.5274384021759038,-0.18118983180727444,-0.0,2.5274384021759038,-0.18164973640346904,-0.0,-10.608237744029518,0.0
881,22.025000000000002,1.7576009587723628e+18,0.6862958989321708,0.8758638850224372,2.499749550001063,-0.008382129565933158,11.482157171497864,0.23125731630426732,3.325932860320791,0.0004515168500885057,-0.0,3.4110798835754395,-0.9113303335743765,3.1754770278930664,-0.7473905652312873,-0.0,3.0575883388519287,-0.6764456425418466,-0.0,2.645326852798462,-0.28950211966832784,-0.0,2.5274384021759038,-0.18118983180727444,-0.0,-11.376915527646824,0.0
882,22.05,1.7576009587973627e+18,0.7189580939389777,0.8110869790829198,2.5948799202412305,-0.04176029421071887,11.489056551083795,0.2068777883507989,4.013998920182371,0.0006681930196224669,-0.0,3.646857261657715,-1.0519773414164844,3.4110798835754395,-0.9113303335743765,-0.0,3.1754770278930664,-0.7473905652312873,-0.0,3.0575883388519287,-0.6764456425418466,-0.0,2.645326852798462,-0.28950211966832784,-0.0,-12.288861903385303,0.0
883,22.075000000000003,1.757600958822363e+18,0.7713783035338349,0.7020270928282513,2.707550932857025,-0.06711820807270717,11.495318518093937,0.18393346018039766,4.442729645538574,0.0005982366801297699,-0.0,3.705627202987671,-0.998076270130646,3.646857261657715,-1.0519773414164844,-0.0,3.4110798835754395,-0.9113303335743765,-0.0,3.1754770278930664,-0.7473905652312873,-0.0,3.0575883388519287,-0.6764456425418466,-0.0,-13.149805940959315,0.0
884,22.1,1.7576009588473628e+18,0.7834753826392928,0.6791298608290595,2.8282655868570576,-0.08243973865428253,11.496906207181423,0.16439422946774046,4.545359306421326,0.00036831593963038427,-0.0,3.705627202987671,-0.8773616161306133,3.705627202987671,-0.998076270130646,-0.0,3.646857261657715,-1.0519773414164844,-0.0,3.4110798835754395,-0.9113303335743765,-0.0,3.1754770278930664,-0.7473905652312873,-0.0,-13.893667967365985,0.0
885,22.125,1.7576009588723628e+18,0.8237514333040439,0.604592117678626,2.9461118170805904,-0.08889699110736674,11.505254590532042,0.14851169642511566,4.316538294400171,0.00010779284043247864,-0.0,3.705627202987671,-0.7595153859070805,3.705627202987671,-0.8773616161306133,-0.0,3.705627202987671,-0.998076270130646,-0.0,3.646857261657715,-1.0519773414164844,-0.0,3.4110798835754395,-0.9113303335743765,-0.0,-14.524282114346198,0.0
886,22.150000000000002,1.757600958897363e+18,0.8619451041395281,0.5333417921145196,3.0512828592441164,-0.08920218880894053,11.510279620367523,0.1359949302295978,3.812621849139485,-9.24506405472143e-05,-0.0,3.705627202987671,-0.6543443437435545,3.705627202987671,-0.7595153859070805,-0.0,3.705627202987671,-0.8773616161306133,-0.0,3.705627202987671,-0.998076270130646,-0.0,3.646857261657715,-1.0519773414164844,-0.0,-15.055203846392285,0.0
887,22.175,1.757600958922363e+18,0.9032270766171804,0.4588789555924468,3.1372448100287413,-0.08629134082129744,11.513858039729012,0.12677158611190373,3.136147092514767,-0.00019373411553526626,-0.0,3.705627202987671,-0.5683823929589296,3.705627202987671,-0.6543443437435545,-0.0,3.705627202987671,-0.7595153859070805,-0.0,3.705627202987671,-0.8773616161306133,-0.0,3.705627202987671,-0.998076270130646,-0.0,-15.506156790687463,0.0
888,22.200000000000003,1.7576009589473628e+18,0.9432787024567992,0.3866008133311878,3.201923022169209,-0.0826492699412661,11.51822015156289,0.12104701128902762,2.4094309169850656,-0.0002016901751680424,-0.0,3.705627202987671,-0.5037041808184619,3.705627202987671,-0.5683823929589296,-0.0,3.705627202987671,-0.6543443437435545,-0.0,3.705627202987671,-0.7595153859070805,-0.0,3.705627202987671,-0.8773616161306133,-0.0,-15.89841423587846,0.0
889,22.225,1.7576009589723628e+18,0.9930920321121156,0.2897310498909051,3.2475302135943696,-0.08018316910147777,11.521691358870141,0.11889267500146856,1.7453813037097552,-0.00014737277529392476,-0.0,3.705627202987671,-0.45809698939330135,3.705627202987671,-0.5037041808184619,-0.0,3.705627202987671,-0.5683823929589296,-0.0,3.705627202987671,-0.6543443437435545,-0.0,3.705627202987671,-0.7595153859070805,-0.0,-16.250482418952153,0.0
890,22.25,1.7576009589973627e+18,1.025232604890141,0.2333818524397166,3.279141520812657,-0.08036926001116824,11.52475452948104,0.1198491437124445,1.2239476261958548,-6.76702099724479e-05,-0.0,3.705627202987671,-0.4264856821750138,3.705627202987671,-0.45809698939330135,-0.0,3.705627202987671,-0.5037041808184619,-0.0,3.705627202987671,-0.5683823929589296,-0.0,3.705627202987671,-0.6543443437435545,-0.0,-16.575283262088746,0.0
891,22.275000000000002,1.757600959022363e+18,1.0608016258899031,0.171773986637886,3.302640419139704,-0.08438263231930125,11.524671390032362,0.12291489930397244,0.8801473243258989,8.16417750804836e-06,-0.0,3.705627202987671,-0.4029867838479668,3.705627202987671,-0.4264856821750138,-0.0,3.705627202987671,-0.45809698939330135,-0.0,3.705627202987671,-0.5037041808184619,-0.0,3.705627202987671,-0.5683823929589296,-0.0,-16.879395741210867,0.0
892,22.3,1.7576009590473628e+18,1.0970388489184717,0.108223557591373,3.322881422844189,-0.09299977898856679,11.526860746282477,0.12691508750968503,0.7053674350058702,6.356523789394325e-05,-0.0,3.705627202987671,-0.3827457801434817,3.705627202987671,-0.4029867838479668,-0.0,3.705627202987671,-0.4264856821750138,-0.0,3.705627202987671,-0.45809698939330135,-0.0,3.705627202987671,-0.5037041808184619,-0.0,-17.164122835899978,0.0
893,22.325000000000003,1.7576009590723628e+18,1.1571520979475445,-0.003295158358936,3.3427046180067572,-0.10623184075579961,11.532831151315637,0.1309257121599766,0.6593205737451528,9.279950461449943e-05,-0.0,3.705627202987671,-0.3629225849809137,3.705627202987671,-0.3827457801434817,-0.0,3.705627202987671,-0.4029867838479668,-0.0,3.705627202987671,-0.4264856821750138,-0.0,3.705627202987671,-0.45809698939330135,-0.0,-17.427600080188256,0.0
894,22.35,1.757600959097363e+18,1.1774990345595664,-0.0385605925443652,3.3629538716351,-0.12286668471979077,11.534871550265894,0.13443816676106388,0.6872009035724798,9.584240469119247e-05,-0.0,3.705627202987671,-0.3426733313525707,3.705627202987671,-0.3629225849809137,-0.0,3.705627202987671,-0.3827457801434817,-0.0,3.705627202987671,-0.4029867838479668,-0.0,3.705627202987671,-0.4264856821750138,-0.0,-17.66704120892583,0.0
895,22.375,1.757600959122363e+18,1.2531007719493288,-0.1711593000952234,3.383192478275724,-0.14026128007816457,11.540964858379855,0.13720562228981273,0.7360657052167148,7.390013145599605e-05,-0.0,3.705627202987671,-0.3224347247119468,3.705627202987671,-0.3426733313525707,-0.0,3.705627202987671,-0.3629225849809137,-0.0,3.705627202987671,-0.3827457801434817,-0.0,3.705627202987671,-0.4029867838479668,-0.0,-17.880453404045966,0.0
896,22.400000000000002,1.7576009591473628e+18,1.281751428753418,-0.2283513567796009,3.4025983057328366,-0.15471848464636606,11.539059187769507,0.13894753500379592,0.766085720093864,2.8228583312833438e-05,-0.0,3.705627202987671,-0.3030288972548343,3.705627202987671,-0.3224347247119468,-0.0,3.705627202987671,-0.3426733313525707,-0.0,3.705627202987671,-0.3629225849809137,-0.0,3.705627202987671,-0.3827457801434817,-0.0,-18.067544295497576,0.0
897,22.425,1.7576009591723628e+18,1.3135538823530415,-0.2909837508472672,3.420591577103153,-0.16253348855852437,11.542003857850782,0.1391651778474812,0.7550699282339861,-3.72374342826036e-05,-0.0,3.705627202987671,-0.2850356258845177,3.705627202987671,-0.3030288972548343,-0.0,3.705627202987671,-0.3224347247119468,-0.0,3.705627202987671,-0.3426733313525707,-0.0,3.705627202987671,-0.3629225849809137,-0.0,-18.229896765532235,0.0
898,22.450000000000003,1.7576009591973627e+18,1.376273703610397,-0.400290914511181,3.4369964704396816,-0.16137362588126644,11.54760537472766,0.13723458896917448,0.6972946503558407,-0.00011119280128693587,-0.0,3.705627202987671,-0.2686307325479893,3.705627202987671,-0.2850356258845177,-0.0,3.705627202987671,-0.3030288972548343,-0.0,3.705627202987671,-0.3224347247119468,-0.0,3.705627202987671,-0.3426733313525707,-0.0,-18.370695815816354,0.0
899,22.475,1.757600959222363e+18,1.42092432711609,-0.4747380543237436,3.4518182272408446,-0.15133560443718014,11.551126522823443,0.1327364465688831,0.5991658209306128,-0.00017158788229110978,-0.0,3.705627202987671,-0.25380897574682626,3.705627202987671,-0.2686307325479893,-0.0,3.705627202987671,-0.2850356258845177,-0.0,3.705627202987671,-0.3030288972548343,-0.0,3.705627202987671,-0.3224347247119468,-0.0,-18.494308303031417,0.0
900,22.5,1.7576009592473628e+18,1.4788642513901258,-0.572311797681317,3.4649068393873987,-0.13508978749982561,11.55610138535693,0.125803847127601,0.4743006310446817,-0.000187304395998416,-0.0,3.705627202987671,-0.24072036360027216,3.705627202987671,-0.25380897574682626,-0.0,3.705627202987671,-0.2686307325479893,-0.0,3.705627202987671,-0.2850356258845177,-0.0,3.705627202987671,-0.3030288972548343,-0.0,-18.605864989395986,0.0
901,22.525000000000002,1.7576009592723628e+18,1.554689287180361,-0.6962283847704054,3.4757982194969483,-0.11697074335587161,11.562510591741017,0.1172744533763445,0.33960391641353416,-0.00012727829894404558,-0.0,3.705627202987671,-0.22982898349072256,3.705627202987671,-0.24072036360027216,-0.0,3.705627202987671,-0.25380897574682626,-0.0,3.705627202987671,-0.2686307325479893,-0.0,3.705627202987671,-0.2850356258845177,-0.0,-18.710802393654365,0.0
902,22.55,1.757600959297363e+18,1.5902092581163432,-0.7534343295585668,3.4838718568856217,-0.10141485584120113,11.564471946243396,0.10857442336250471,0.21260252611951452,2.3544516505966314e-05,-0.0,3.705627202987671,-0.22175534610204917,3.705627202987671,-0.22982898349072256,-0.0,3.705627202987671,-0.24072036360027216,-0.0,3.705627202987671,-0.25380897574682626,-0.0,3.705627202987671,-0.2686307325479893,-0.0,-18.814259709416415,0.0
903,22.575000000000003,1.757600959322363e+18,1.609186926229551,-0.783939484067089,3.4887359200137493,-0.0914534624814857,11.565995313696373,0.10138055799440973,0.10941814698194369,0.0002460835472643121,-0.0,3.705627202987671,-0.21689128297392157,3.705627202987671,-0.22175534610204917,-0.0,3.705627202987671,-0.22982898349072256,-0.0,3.705627202987671,-0.24072036360027216,-0.0,3.705627202987671,-0.25380897574682626,-0.0,-18.920347709674285,0.0
904,22.6,1.7576009593473628e+18,1.6521007874559412,-0.8583430821087397,3.49059842025374,-0.0878969881463459,11.568808739727356,0.09717088157335338,0.04265865401479202,0.0004752364766137898,-0.0,3.705627202987671,-0.21502878273393078,3.705627202987671,-0.21689128297392157,-0.0,3.705627202987671,-0.22175534610204917,-0.0,3.705627202987671,-0.22982898349072256,-0.0,3.705627202987671,-0.24072036360027216,-0.0,-19.031483792027874,0.0
905,22.625,1.7576009593723628e+18,1.7467919042894642,-1.008112715216806,3.490399645738169,-0.08946882121776638,11.575194441110666,0.0968176310124325,0.01906129076661154,0.0006041905472776282,-0.0,3.705627202987671,-0.2152275572495017,3.705627202987671,-0.21502878273393078,-0.0,3.705627202987671,-0.21689128297392157,-0.0,3.705627202987671,-0.22175534610204917,-0.0,3.705627202987671,-0.22982898349072256,-0.0,-19.148042090256084,0.0
906,22.650000000000002,1.7576009593973627e+18,1.7674396194223894,-1.040472743144187,3.489623380423338,-0.0936962201100174,11.576639080786178,0.10037105616521709,0.03746488377650697,0.0005123811283744438,-0.0,3.705627202987671,-0.21600382256433281,3.705627202987671,-0.2152275572495017,-0.0,3.705627202987671,-0.21502878273393078,-0.0,3.705627202987671,-0.21689128297392157,-0.0,3.705627202987671,-0.22175534610204917,-0.0,-19.26845262912344,0.0
907,22.675,1.757600959422363e+18,1.8119364836513765,-1.1087860241256116,3.489858172797439,-0.0980787234233067,11.578181972051174,0.10710931658472533,0.08811422756634006,0.00011696128633396353,-0.0,3.705627202987671,-0.21576903019023197,3.705627202987671,-0.21600382256433281,-0.0,3.705627202987671,-0.2152275572495017,-0.0,3.705627202987671,-0.21502878273393078,-0.0,3.705627202987671,-0.21689128297392157,-0.0,-19.38970772308498,0.0
908,22.700000000000003,1.7576009594473628e+18,1.8689419175185864,-1.2048513099937457,3.4922785457481327,-0.10103535329502336,11.583841173034632,0.11583086993564344,0.15412170489537147,-0.0005641618717811088,-0.0,3.705627202987671,-0.21334865723953822,3.705627202987671,-0.21576903019023197,-0.0,3.705627202987671,-0.21600382256433281,-0.0,3.705627202987671,-0.2152275572495017,-0.0,3.705627202987671,-0.21502878273393078,-0.0,-19.508124939559355,0.0
909,22.725,1.7576009594723628e+18,1.9081805752180343,-1.264407171950709,3.4972535244443788,-0.10231164613362752,11.586040258670634,0.12526456939193786,0.21518784366772886,-0.0013623331106953425,-0.0,3.705627202987671,-0.20837367854329214,3.705627202987671,-0.21334865723953822,-0.0,3.705627202987671,-0.21576903019023197,-0.0,3.705627202987671,-0.21600382256433281,-0.0,3.705627202987671,-0.2152275572495017,-0.0,-19.62019462232992,0.0
910,22.75,1.757600959497363e+18,1.981615331296125,-1.3784761206468414,3.5042514335052966,-0.10277424014276566,11.58885204762655,0.13439641570632407,0.25275672108177066,-0.001953620152067859,-0.0,3.705627202987671,-0.20137576948237434,3.705627202987671,-0.20837367854329214,-0.0,3.705627202987671,-0.21334865723953822,-0.0,3.705627202987671,-0.21576903019023197,-0.0,3.705627202987671,-0.21600382256433281,-0.0,-19.723348057347824,0.0
911,22.775000000000002,1.757600959522363e+18,2.0220175361349293,-1.4398868798330455,3.512076328748562,-0.1037466571200449,11.591662172956344,0.14255004732499055,0.2550917092089259,-0.0019285144384572882,-0.0,3.705627202987671,-0.19355087423910877,3.705627202987671,-0.20137576948237434,-0.0,3.705627202987671,-0.20837367854329214,-0.0,3.705627202987671,-0.21334865723953822,-0.0,3.705627202987671,-0.21576903019023197,-0.0,-19.816493706394308,0.0
912,22.8,1.7576009595473628e+18,2.069079550693755,-1.511229908987998,3.5193068621097945,-0.10619285128458539,11.594953226765654,0.14924092248234655,0.2206226136989454,-0.0009446692599313651,-0.0,3.705627202987671,-0.1863203408778764,3.705627202987671,-0.19355087423910877,-0.0,3.705627202987671,-0.20137576948237434,-0.0,3.705627202987671,-0.20837367854329214,-0.0,3.705627202987671,-0.21334865723953822,-0.0,-19.900206447632872,0.0
913,22.825000000000003,1.7576009595723628e+18,2.114659794172211,-1.5841384200839304,3.5247413229703746,-0.11009164848170232,11.598561116782808,0.1540052688185241,0.15840625259656016,0.0010644021781696753,-0.0,3.705627202987671,-0.18088588001729633,3.705627202987671,-0.1863203408778764,-0.0,3.705627202987671,-0.19355087423910877,-0.0,3.705627202987671,-0.20137576948237434,-0.0,3.705627202987671,-0.20837367854329214,-0.0,-19.976523444365224,0.0
914,22.85,1.7576009595973627e+18,2.1689284681214493,-1.667371749222549,3.5277156560117833,-0.11426485721278619,11.60011095829326,0.15641304205118473,0.08547054251150014,0.0036951788447670865,-0.0,3.705627202987671,-0.17791154697588762,3.705627202987671,-0.18088588001729633,-0.0,3.705627202987671,-0.1863203408778764,-0.0,3.705627202987671,-0.19355087423910877,-0.0,3.705627202987671,-0.20137576948237434,-0.0,-20.04838051813575,0.0
915,22.875,1.757600959622363e+18,2.231220869326702,-1.7595640308779166,3.5282522523067716,-0.11676539777985538,11.604154772821918,0.15631148351010676,0.021831951709128057,0.005999141208810926,-0.0,3.705627202987671,-0.17737495068089926,3.705627202987671,-0.17791154697588762,-0.0,3.705627202987671,-0.18088588001729633,-0.0,3.705627202987671,-0.1863203408778764,-0.0,3.705627202987671,-0.19355087423910877,-0.0,-20.11880803164387,0.0
916,22.900000000000002,1.7576009596473628e+18,2.27183048519621,-1.8260925870287272,3.5270379509804703,-0.11572825173926944,11.608053426812402,0.15413277924583532,-0.015270031507528418,0.006634350974049573,-0.0,3.705627202987671,-0.17858925200720055,3.705627202987671,-0.17737495068089926,-0.0,3.705627202987671,-0.17791154697588762,-0.0,3.705627202987671,-0.18088588001729633,-0.0,3.705627202987671,-0.1863203408778764,-0.0,-20.19008344862467,0.0
917,22.925,1.7576009596723628e+18,2.3129023998775944,-1.885918938583865,3.5252440200731283,-0.11036373462778072,11.610754174451932,0.15096310907780675,-0.016137776109020747,0.004303448570245777,-0.0,3.705627202987671,-0.18038318291454258,3.705627202987671,-0.17858925200720055,-0.0,3.705627202987671,-0.17737495068089926,-0.0,3.705627202987671,-0.17791154697588762,-0.0,3.705627202987671,-0.18088588001729633,-0.0,-20.263070448020414,0.0
918,22.950000000000003,1.757600959697363e+18,2.381331430762694,-1.986255716356312,3.524223262959171,-0.10162004585626436,11.6169919035402,0.14814052156139826,0.01905922055013785,-0.0015650682041665565,-0.0,3.705627202987671,-0.1814039400284999,3.705627202987671,-0.18038318291454258,-0.0,3.705627202987671,-0.17858925200720055,-0.0,3.705627202987671,-0.17737495068089926,-0.0,3.705627202987671,-0.17791154697588762,-0.0,-20.33693648758104,0.0
919,22.975,1.757600959722363e+18,2.428999220029355,-2.052445781589715,3.5251445531707684,-0.09210045959872692,11.620580641515618,0.14644389097215998,0.08102401099796601,-0.010074131999061157,-0.0,3.705627202987671,-0.18048264981690254,3.705627202987671,-0.1814039400284999,-0.0,3.705627202987671,-0.18038318291454258,-0.0,3.705627202987671,-0.17858925200720055,-0.0,3.705627202987671,-0.17737495068089926,-0.0,-20.40934658897062,0.0
920,23.0,1.7576009597473628e+18,2.4705295239596143,-2.1114962878778885,3.528650263567989,-0.08514630937326127,11.623902549757826,0.14525503928819838,0.15474562964747735,-0.018361226272012112,-0.0,3.705627202987671,-0.17697693941968184,3.705627202987671,-0.18048264981690254,-0.0,3.705627202987671,-0.1814039400284999,-0.0,3.705627202987671,-0.18038318291454258,-0.0,3.705627202987671,-0.17858925200720055,-0.0,-20.477104280538075,0.0
921,23.025000000000002,1.7576009597723628e+18,2.540461961074664,-2.214153710660748,3.534650361724294,-0.08344428666337173,11.626420018399136,0.14221623239122316,0.22431764097668871,-0.02169597877588818,-0.0,3.705627202987671,-0.17097684126337676,3.705627202987671,-0.17697693941968184,-0.0,3.705627202987671,-0.18048264981690254,-0.0,3.705627202987671,-0.1814039400284999,-0.0,3.705627202987671,-0.18038318291454258,-0.0,-20.537063256897447,0.0
922,23.05,1.7576009597973627e+18,2.60400053327338,-2.302356463919858,3.5423681622042826,-0.08780410827120111,11.631062348999262,0.13384968473781786,0.2774679518251697,-0.014409395080151592,-0.0,3.705627202987671,-0.16325904078338827,3.705627202987671,-0.17097684126337676,-0.0,3.705627202987671,-0.17697693941968184,-0.0,3.705627202987671,-0.18048264981690254,-0.0,3.705627202987671,-0.1814039400284999,-0.0,-20.586997360790495,0.0
923,23.075000000000003,1.757600959822363e+18,2.670621291952933,-2.40127961609791,3.5506730670621502,-0.0966874070763113,11.634162597078612,0.11736306039848207,0.308301080836982,0.008400756341749653,-0.0,3.705627202987671,-0.15495413592552065,3.705627202987671,-0.16325904078338827,-0.0,3.705627202987671,-0.17097684126337676,-0.0,3.705627202987671,-0.17697693941968184,-0.0,3.705627202987671,-0.18048264981690254,-0.0,-20.626076224125605,0.0
924,23.1,1.7576009598473628e+18,2.713678317884505,-2.460551697337637,3.558575151612949,-0.10670429738661798,11.63688133616203,0.0933786432375096,0.31750630872106184,0.048860616518060396,-0.0,3.705627202987671,-0.14705205137472177,3.705627202987671,-0.15495413592552065,-0.0,3.705627202987671,-0.16325904078338827,-0.0,3.705627202987671,-0.17097684126337676,-0.0,3.705627202987671,-0.17697693941968184,-0.0,-20.654738233041904,0.0
925,23.125,1.7576009598723628e+18,2.799209142225634,-2.57977363684975,3.5656226748094064,-0.11386963625680235,11.641987439623222,0.06867397459369987,0.3102970333634452,0.10484106897663413,-0.0,3.705627202987671,-0.14000452817826448,3.705627202987671,-0.14705205137472177,-0.0,3.705627202987671,-0.15495413592552065,-0.0,3.705627202987671,-0.16325904078338827,-0.0,3.705627202987671,-0.17097684126337676,-0.0,-20.67405238413109,0.0
926,23.150000000000002,1.757600959897363e+18,2.799209142225634,-2.57977363684975,3.571972352633469,-0.11514738942152125,11.641987439623222,0.057506175987220486,0.293194727940458,0.1698673860072856,0.2248527854681015,3.705627202987671,-0.1336548503542021,3.705627202987671,-0.14000452817826448,-0.0,3.705627202987671,-0.14705205137472177,-0.0,3.705627202987671,-0.15495413592552065,-0.0,3.705627202987671,-0.16325904078338827,-0.0,-20.743872710188743,0.0
927,23.175,1.757600959922363e+18,2.8624276100366712,-2.6707800071958063,3.578104388370152,-0.10975674548920598,11.643042792040541,0.08010422145133632,0.2710955590652783,0.23475417994428605,0.2799360752105713,3.705627202987671,-0.1275228146175187,3.705627202987671,-0.1336548503542021,0.2248527854681015,3.705627202987671,-0.14000452817826448,-0.0,3.705627202987671,-0.14705205137472177,-0.0,3.705627202987671,-0.15495413592552065,-0.0,-20.80546075217929,0.0
928,23.200000000000003,1.7576009599473628e+18,2.917209048432013,-2.744509744832824,3.584381911608632,-0.0997824465188248,11.645784574380183,0.1577784380936368,0.24574249727453476,0.2904057757867465,0.3400000035762787,3.705627202987671,-0.12124529137903872,3.705627202987671,-0.1275228146175187,0.2799360752105713,3.705627202987671,-0.1336548503542021,0.2248527854681015,3.705627202987671,-0.14000452817826448,-0.0,3.705627202987671,-0.14705205137472177,-0.0,-20.858198623026983,0.0
929,23.225,1.7576009599723628e+18,2.951644775236976,-2.7826463523788125,3.5907354933390296,-0.08979021160528536,11.64771390515195,0.3057278475838673,0.21596046127360652,0.33054847043098073,0.3400000035762787,3.705627202987671,-0.11489170964864126,3.705627202987671,-0.12124529137903872,0.3400000035762787,3.705627202987671,-0.1275228146175187,0.2799360752105713,3.705627202987671,-0.1336548503542021,0.2248527854681015,3.705627202987671,-0.14000452817826448,-0.0,-20.959603827617503,0.0
930,23.25,1.7576009599973627e+18,3.015092834796724,-2.868655491270275,3.5966413995873996,-0.08546427337791454,11.651540253531403,0.5262258658111059,0.17919307730680012,0.35322800070238897,0.3400000035762787,3.705627202987671,-0.10898580340027131,3.705627202987671,-0.11489170964864126,0.3400000035762787,3.705627202987671,-0.12124529137903872,0.3400000035762787,3.705627202987671,-0.1275228146175187,0.2799360752105713,3.705627202987671,-0.1336548503542021,0.2248527854681015,-21.049245277433812,0.0
931,23.275000000000002,1.757600960022363e+18,3.070848786615347,-2.948758614449563,3.6013610652206856,-0.09172183812009127,11.657161597308207,0.805319543785022,0.1333987025127856,0.3606288470253562,0.3400000035762787,3.705627202987671,-0.10426613776698535,3.705627202987671,-0.10898580340027131,0.3400000035762787,3.705627202987671,-0.11489170964864126,0.3400000035762787,3.705627202987671,-0.12124529137903872,0.3400000035762787,3.705627202987671,-0.1275228146175187,0.2799360752105713,-21.125130037039984,0.0
932,23.3,1.7576009600473628e+18,3.126420897584103,-3.022784278460244,3.6042691720592086,-0.11106256880884453,11.662057520629634,1.1149599227137592,0.07840573280636595,0.35759561741040913,0.3400000035762787,3.705627202987671,-0.1013580309284623,3.705627202987671,-0.10426613776698535,0.3400000035762787,3.705627202987671,-0.10898580340027131,0.3400000035762787,3.705627202987671,-0.11489170964864126,0.3400000035762787,3.705627202987671,-0.12124529137903872,0.3400000035762787,-21.243853711107697,0.0
933,23.325000000000003,1.7576009600723628e+18,3.178967443401311,-3.0994796571522243,3.6050905580792776,-0.1428361708562628,11.68703486967561,1.4200933019195852,0.01629284009659837,0.34968026365256855,0.3400000035762787,3.705627202987671,-0.10053664490839331,3.705627202987671,-0.1013580309284623,0.3400000035762787,3.705627202987671,-0.10426613776698535,0.3400000035762787,3.705627202987671,-0.10898580340027131,0.3400000035762787,3.705627202987671,-0.11489170964864126,0.3400000035762787,-21.343857860261036,0.0
934,23.35,1.757600960097363e+18,3.2738064769023447,-3.215749614309808,3.603953805176361,-0.18368117840813525,11.75630042999519,1.687924137928019,-0.04905725612861567,0.34149932487749085,0.3400000035762787,3.705627202987671,-0.10167339781131002,3.705627202987671,-0.10053664490839331,0.3400000035762787,3.705627202987671,-0.1013580309284623,0.3400000035762787,3.705627202987671,-0.10426613776698535,0.3400000035762787,3.705627202987671,-0.10898580340027131,0.3400000035762787,-21.48158269662938,0.0
935,23.375,1.757600960122363e+18,3.298088214080832,-3.2477609464086363,3.601272361730651,-0.22886725270220876,11.770048966201655,1.8956553282151325,-0.11271209128286121,0.335844713370442,0.3400000035762787,3.705627202987671,-0.10435484125701988,3.705627202987671,-0.10167339781131002,0.3400000035762787,3.705627202987671,-0.10053664490839331,0.3400000035762787,3.705627202987671,-0.1013580309284623,0.3400000035762787,3.705627202987671,-0.10426613776698535,0.3400000035762787,-21.596300060260695,0.0
936,23.400000000000002,1.7576009601473628e+18,3.368738156490984,-3.3188968652700552,3.59753555317316,-0.27397633872057087,11.844250088433483,2.0340956688207985,-0.1692545428818237,0.3335969555788904,0.3400000035762787,3.705627202987671,-0.10809164981451103,3.705627202987671,-0.10435484125701988,0.3400000035762787,3.705627202987671,-0.10167339781131002,0.3400000035762787,3.705627202987671,-0.10053664490839331,0.3400000035762787,3.705627202987671,-0.1013580309284623,0.3400000035762787,-21.746479739038236,0.0
937,23.425,1.7576009601723628e+18,3.416539191087496,-3.3740632506241783,3.5931223572136655,-0.31641090800521987,11.87978847878464,2.106758408613097,-0.21301594565796733,0.33421059939108055,0.3400000035762787,3.705627202987671,-0.11250484577400544,3.705627202987671,-0.10809164981451103,0.3400000035762787,3.705627202987671,-0.10435484125701988,0.3400000035762787,3.705627202987671,-0.10167339781131002,0.3400000035762787,3.705627202987671,-0.10053664490839331,0.3400000035762787,-21.93322510536179,0.0
938,23.450000000000003,1.7576009601973627e+18,3.4943414233761967,-3.455331747989019,3.588234630296132,-0.3564178698615906,11.951003037808995,2.1258842606112798,-0.2382751517392149,0.33643514729488977,0.3400000035762787,3.705627202987671,-0.1173925726915388,3.705627202987671,-0.11250484577400544,0.3400000035762787,3.705627202987671,-0.10809164981451103,0.3400000035762787,3.705627202987671,-0.10435484125701988,0.3400000035762787,3.705627202987671,-0.10167339781131002,0.3400000035762787,-22.100037996420934,0.0
939,23.475,1.757600960222363e+18,3.571714675617605,-3.51170761253412,3.5829795255288364,-0.39736818765811305,12.010298349959845,2.107424030275991,-0.23995170252190298,0.33897520894260563,0.3400000035762787,3.705627202987671,-0.12264767745883454,3.705627202987671,-0.1173925726915388,0.3400000035762787,3.705627202987671,-0.11250484577400544,0.3400000035762787,3.705627202987671,-0.10809164981451103,0.3400000035762787,3.705627202987671,-0.10435484125701988,0.3400000035762787,-22.30874935886367,0.0
940,23.5,1.7576009602473628e+18,3.649131169567506,-3.578080183217036,3.5775389263293786,-0.4449521808979128,12.071175826704538,2.0667681857137343,-0.21515661287656146,0.340914710322626,0.3400000035762787,3.705627202987671,-0.12808827665829225,3.705627202987671,-0.12264767745883454,0.3400000035762787,3.705627202987671,-0.1173925726915388,0.3400000035762787,3.705627202987671,-0.11250484577400544,0.3400000035762787,3.705627202987671,-0.10809164981451103,0.3400000035762787,-22.503235295855,0.0
941,23.525000000000002,1.7576009602723628e+18,3.72891618783509,-3.615212245818528,3.5723030528075084,-0.5050776388905515,12.126501701451174,2.0163621833943317,-0.16543530663529157,0.34186386721781215,0.3400000035762787,3.705627202987671,-0.13332415018016253,3.705627202987671,-0.12808827665829225,0.3400000035762787,3.705627202987671,-0.12264767745883454,0.3400000035762787,3.705627202987671,-0.1173925726915388,0.3400000035762787,3.705627202987671,-0.11250484577400544,0.3400000035762787,-22.684738183264205,0.0
942,23.55,1.757600960297363e+18,3.796792041744152,-3.66689204109697,3.567859931319184,-0.5808246736907829,12.162712458828251,1.9653523736292668,-0.09888613820721494,0.3418869798795443,0.3400000035762787,3.705627202987671,-0.137767271668487,3.705627202987671,-0.13332415018016253,0.3400000035762787,3.705627202987671,-0.12808827665829225,0.3400000035762787,3.705627202987671,-0.12264767745883454,0.3400000035762787,3.705627202987671,-0.1173925726915388,0.3400000035762787,-22.911499296151234,0.0
943,23.575000000000003,1.757600960322363e+18,3.8589558762276672,-3.70279371614666,3.564812589762844,-0.6695823378922885,12.20386119230942,1.9203723595565083,-0.030911156146274134,0.34131494828278003,0.3400000035762787,3.705627202987671,-0.1408146132248267,3.705627202987671,-0.137767271668487,0.3400000035762787,3.705627202987671,-0.13332415018016253,0.3400000035762787,3.705627202987671,-0.12808827665829225,0.3400000035762787,3.705627202987671,-0.12264767745883454,0.3400000035762787,-23.12214143491539,0.0
944,23.6,1.7576009603473628e+18,4.042788246971343,-3.79070682734704,3.563487760972162,-0.7618481436081479,12.318075272915298,1.8862127472274357,0.017556169246037943,0.3405436269780073,0.3400000035762787,3.646857261657715,-0.08336950068555282,3.705627202987671,-0.1408146132248267,0.3400000035762787,3.705627202987671,-0.137767271668487,0.3400000035762787,3.705627202987671,-0.13332415018016253,0.3400000035762787,3.705627202987671,-0.12808827665829225,0.3400000035762787,-23.254748740231626,0.0
945,23.625,1.7576009603723628e+18,4.042788246971343,-3.79070682734704,3.563656162574848,-0.8426601485055577,12.318075272915298,1.865678578418794,0.02480508666329003,0.3398861673306221,0.3400000035762787,3.705627202987671,-0.1419710404128227,3.646857261657715,-0.08336950068555282,0.3400000035762787,3.705627202987671,-0.1408146132248267,0.3400000035762787,3.705627202987671,-0.137767271668487,0.3400000035762787,3.705627202987671,-0.13332415018016253,0.3400000035762787,-23.42453267187144,0.0
946,23.650000000000002,1.7576009603973627e+18,4.15092373629108,-3.825227201890976,3.564395249800896,-0.8954984779072358,12.381149860677603,1.8588677539883707,-0.024597255980444974,0.33950553596439226,0.3400000035762787,3.705627202987671,-0.14123195318677473,3.705627202987671,-0.1419710404128227,0.3400000035762787,3.646857261657715,-0.08336950068555282,0.3400000035762787,3.705627202987671,-0.1408146132248267,0.3400000035762787,3.705627202987671,-0.137767271668487,0.3400000035762787,-23.631658876131567,0.0
947,23.675,1.757600960422363e+18,4.193246155780188,-3.8406885304515233,3.5641998926041167,-0.907477341923846,12.406459222526351,1.862696801315815,-0.1323312796411156,0.33941874989835036,0.3400000035762787,3.705627202987671,-0.14142731038355416,3.705627202987671,-0.14123195318677473,0.3400000035762787,3.705627202987671,-0.1419710404128227,0.3400000035762787,3.646857261657715,-0.08336950068555282,0.3400000035762787,3.705627202987671,-0.1408146132248267,0.3400000035762787,-23.820362685756894,0.0
948,23.700000000000003,1.7576009604473628e+18,4.282551192002784,-3.8588898309130792,3.5613808213989016,-0.8741924076249288,12.452677626561822,1.8714670840580565,-0.28110478963781427,0.3395451107119153,0.3400000035762787,3.705627202987671,-0.14424638158876935,3.705627202987671,-0.14142731038355416,0.3400000035762787,3.705627202987671,-0.14123195318677473,0.3400000035762787,3.705627202987671,-0.1419710404128227,0.3400000035762787,3.646857261657715,-0.08336950068555282,0.3400000035762787,-23.93786306665226,0.0
949,23.725,1.7576009604723628e+18,4.350655636154745,-3.876983808242476,3.5546760178036587,-0.8025713248004198,12.492452538310552,1.8786672774346975,-0.43435460675038245,0.33976719019382695,0.3400000035762787,3.705627202987671,-0.15095118518401218,3.705627202987671,-0.14424638158876935,0.3400000035762787,3.705627202987671,-0.14142731038355416,0.3400000035762787,3.705627202987671,-0.14123195318677473,0.3400000035762787,3.705627202987671,-0.1419710404128227,0.3400000035762787,-24.109832039125152,0.0
950,23.75,1.757600960497363e+18,4.458976077255532,-3.886943538205651,3.5438714974959993,-0.7103802162874919,12.546660000078417,1.8793828008491098,-0.5425727861855513,0.3399808390652515,0.3400000035762787,3.705627202987671,-0.16175570549167162,3.705627202987671,-0.15095118518401218,0.3400000035762787,3.705627202987671,-0.14424638158876935,0.3400000035762787,3.705627202987671,-0.14142731038355416,0.3400000035762787,3.705627202987671,-0.14123195318677473,0.3400000035762787,-24.225624619441998,0.0
951,23.775000000000002,1.757600960522363e+18,4.528852689652245,-3.898852002162789,3.53016971838636,-0.6218879782434225,12.587534424459067,1.8721679070981294,-0.5561821163378451,0.3401226550644158,0.3400000035762787,3.705627202987671,-0.17545748460131083,3.705627202987671,-0.16175570549167162,0.3400000035762787,3.705627202987671,-0.15095118518401218,0.3400000035762787,3.705627202987671,-0.14424638158876935,0.3400000035762787,3.705627202987671,-0.14142731038355416,0.3400000035762787,-24.407611348028674,0.0
952,23.8,1.7576009605473628e+18,4.633637467090597,-3.917925730828902,3.516109546512439,-0.5606217529694775,12.641284201553722,1.859400964146261,-0.4427233043805341,0.3401746540139744,0.3400000035762787,3.705627202987671,-0.1895176564752319,3.705627202987671,-0.17545748460131083,0.3400000035762787,3.705627202987671,-0.16175570549167162,0.3400000035762787,3.705627202987671,-0.15095118518401218,0.3400000035762787,3.705627202987671,-0.14424638158876935,0.3400000035762787,-24.597113822205074,0.0
953,23.825000000000003,1.7576009605723628e+18,4.777372559147396,-3.913718331056073,3.50499195205801,-0.5415562584836465,12.7171737225043,1.8459190423935727,-0.20417608797150852,0.34015311790620073,0.3400000035762787,3.705627202987671,-0.20063525092966072,3.705627202987671,-0.1895176564752319,0.3400000035762787,3.705627202987671,-0.17545748460131083,0.3400000035762787,3.705627202987671,-0.16175570549167162,0.3400000035762787,3.705627202987671,-0.15095118518401218,0.3400000035762787,-24.731169690841636,0.0
954,23.85,1.7576009605973627e+18,4.801735959125562,-3.9137370053978993,3.4999115235177065,-0.565701440959183,12.730883758526183,1.836725986919564,0.110852463776624,0.3400909774154293,0.3400000035762787,3.705627202987671,-0.20571567946996439,3.705627202987671,-0.20063525092966072,0.3400000035762787,3.705627202987671,-0.1895176564752319,0.3400000035762787,3.705627202987671,-0.17545748460131083,0.3400000035762787,3.705627202987671,-0.16175570549167162,0.3400000035762787,-24.92085310827236,0.0
955,23.875,1.757600960622363e+18,4.903140446879863,-3.913814731087613,3.502577710220077,-0.6195562099500791,12.78794718896438,1.8352004015801895,0.40508610367022313,0.3400216464470052,0.3400000035762787,3.705627202987671,-0.20304949276759388,3.705627202987671,-0.20571567946996439,0.3400000035762787,3.705627202987671,-0.20063525092966072,0.3400000035762787,3.705627202987671,-0.1895176564752319,0.3400000035762787,3.705627202987671,-0.17545748460131083,0.3400000035762787,-25.041396655033562,0.0
956,23.900000000000002,1.7576009606473628e+18,5.006717300021264,-3.8964081821481966,3.512139178575046,-0.6801952429196432,12.846146977001737,1.8428957080562856,0.5438924915056337,0.33996880969944154,0.3400000035762787,3.705627202987671,-0.1934880244126247,3.705627202987671,-0.20304949276759388,0.3400000035762787,3.705627202987671,-0.20571567946996439,0.3400000035762787,3.705627202987671,-0.20063525092966072,0.3400000035762787,3.705627202987671,-0.1895176564752319,0.3400000035762787,-25.14814557134105,0.0
957,23.925,1.7576009606723628e+18,5.100350157034155,-3.8698347507041175,3.524248862074115,-0.7241461632342708,12.889711974372831,1.8607677767868518,0.37998432964666556,0.3399430690775059,0.3400000035762787,3.705627202987671,-0.1813783409135561,3.705627202987671,-0.1934880244126247,0.3400000035762787,3.705627202987671,-0.20304949276759388,0.3400000035762787,3.705627202987671,-0.20571567946996439,0.3400000035762787,3.705627202987671,-0.20063525092966072,0.3400000035762787,-25.126315526682923,0.0
958,23.950000000000003,1.757600960697363e+18,5.134603071930772,-3.862966585687419,3.5306548374994327,-0.7361293686125038,12.909120290512304,1.8904793937924649,-0.21237528551319093,0.33994379306532685,0.3400000035762787,3.705627202987671,-0.17497236548823825,3.705627202987671,-0.1813783409135561,0.3400000035762787,3.705627202987671,-0.1934880244126247,0.3400000035762787,3.705627202987671,-0.20304949276759388,0.3400000035762787,3.705627202987671,-0.20571567946996439,0.3400000035762787,-25.046743646960056,0.0
959,23.975,1.757600960722363e+18,5.235292817866863,-3.8381517437093065,3.519631697075057,-0.7138813140364283,12.975183975452563,1.9343129048268375,-1.301180440608498,0.3399634461611037,0.3400000035762787,3.5879130363464355,-0.06828133927137836,3.705627202987671,-0.17497236548823825,0.3400000035762787,3.705627202987671,-0.1813783409135561,0.3400000035762787,3.705627202987671,-0.1934880244126247,0.3400000035762787,3.705627202987671,-0.20304949276759388,0.3400000035762787,-24.873490384670077,0.0
960,24.0,1.7576009607473628e+18,5.302811564081192,-3.8200635522101103,3.47747774729249,-0.667528120075044,13.017739568236975,1.9931820767667163,-2.868154403421607,0.3399919347933263,0.3400000035762787,2.115002393722534,1.3624753535699559,3.5879130363464355,-0.06828133927137836,0.3400000035762787,3.705627202987671,-0.17497236548823825,0.3400000035762787,3.705627202987671,-0.1813783409135561,0.3400000035762787,3.705627202987671,-0.1934880244126247,0.3400000035762787,-23.285335901622517,0.0
961,24.025000000000002,1.7576009607723628e+18,5.350188450265445,-3.788853060655287,3.391019194296758,-0.6145101105651816,13.044242463235975,2.0636064538174708,-4.797133508563176,0.34001955729878586,0.3400000035762787,1.5259079933166504,1.8651112009801074,2.115002393722534,1.3624753535699559,0.3400000035762787,3.5879130363464355,-0.06828133927137836,0.3400000035762787,3.705627202987671,-0.17497236548823825,0.3400000035762787,3.705627202987671,-0.1813783409135561,0.3400000035762787,-21.210052587360305,0.0
962,24.05,1.7576009607973627e+18,5.448818719267673,-3.7534649891939766,3.250648439945172,-0.5725718929864463,13.110679419758844,2.135624640780091,-6.885240369411466,0.34003836427864875,0.3400000035762787,0.7601550221443176,2.490493417800854,1.5259079933166504,1.8651112009801074,0.3400000035762787,2.115002393722534,1.3624753535699559,0.3400000035762787,3.5879130363464355,-0.06828133927137836,0.3400000035762787,3.705627202987671,-0.17497236548823825,0.3400000035762787,-18.521876969935104,0.0
963,24.075000000000003,1.757600960822363e+18,5.543371263581261,-3.7171382639802464,3.053101645459729,-0.5536625398642747,13.170748212343769,2.193739302601952,-8.876903981921288,0.3400426156240302,0.3400000035762787,-0.0,3.053101645459729,0.7601550221443176,2.490493417800854,0.3400000035762787,1.5259079933166504,1.8651112009801074,0.3400000035762787,2.115002393722534,1.3624753535699559,0.3400000035762787,3.5879130363464355,-0.06828133927137836,0.3400000035762787,-15.279230311203769,0.0
964,24.1,1.7576009608473628e+18,5.602254552414316,-3.688099812420838,2.803154584584433,-0.5608522807825561,13.211515431303116,2.221486609889797,-10.51401663166086,0.3400292855122376,0.3400000035762787,-0.0,2.803154584584433,-0.0,3.053101645459729,0.3400000035762787,0.7601550221443176,2.490493417800854,0.3400000035762787,1.5259079933166504,1.8651112009801074,0.3400000035762787,2.115002393722534,1.3624753535699559,0.3400000035762787,-12.29045317097366,0.0
965,24.125,1.7576009608723628e+18,5.65358130709042,-3.640890199931901,2.513660620026568,-0.5889034856368002,13.265658319505597,2.207677542930182,-11.589942551267788,0.33999919878684753,0.3400000035762787,-0.0,2.513660620026568,-0.0,2.803154584584433,0.3400000035762787,-0.0,3.053101645459729,0.3400000035762787,0.7601550221443176,2.490493417800854,0.3400000035762787,1.5259079933166504,1.8651112009801074,0.3400000035762787,-9.592052902000766,0.0
966,24.150000000000002,1.757600960897363e+18,5.723716790808384,-3.5957205104416343,2.2036812514820188,-0.6277366097435514,13.328464364788857,2.1507965821424517,-11.992805227413617,0.33995859157058084,0.3400000035762787,-0.0,2.2036812514820188,-0.0,2.513660620026568,0.3400000035762787,-0.0,2.803154584584433,0.3400000035762787,-0.0,3.053101645459729,0.3400000035762787,0.7601550221443176,2.490493417800854,0.3400000035762787,-7.203025821954251,0.0
967,24.175,1.757600960922363e+18,5.800290699185462,-3.5495505162798477,1.8948420325377848,-0.6672252629592887,13.411828344582887,2.0590838114806562,-11.725711448500777,0.3399200462884321,0.3400000035762787,-0.0,1.8948420325377848,-0.0,2.2036812514820188,0.3400000035762787,-0.0,2.513660620026568,0.3400000035762787,-0.0,2.803154584584433,0.3400000035762787,-0.0,3.053101645459729,0.3400000035762787,-5.1221235542986046,0.0
968,24.200000000000003,1.7576009609473628e+18,5.84891081041667,-3.5115631053219696,1.6066663880006409,-0.7013749130592744,13.474134575642521,1.9466611248677612,-10.898051063348344,0.33990128972196854,0.3400000035762787,-0.0,1.6066663880006409,-0.0,1.8948420325377848,0.3400000035762787,-0.0,2.2036812514820188,0.3400000035762787,-0.0,2.513660620026568,0.3400000035762787,-0.0,2.803154584584433,0.3400000035762787,-3.3295026854195675,0.0
969,24.225,1.7576009609723628e+18,5.837203282986692,-3.5219655441355693,1.3523848061640686,-0.7300311079452513,13.484242753954234,1.8281990267121697,-9.69082198326776,0.33992063140539897,0.3400000035762787,-0.0,1.3523848061640686,-0.0,1.6066663880006409,0.3400000035762787,-0.0,1.8948420325377848,0.3400000035762787,-0.0,2.2036812514820188,0.3400000035762787,-0.0,2.513660620026568,0.3400000035762787,-1.7924938813250662,0.0
970,24.25,1.7576009609973627e+18,5.882988325792473,-3.4931052795039337,1.136916519865623,-0.7573237908498609,13.536123616817045,1.7146233765071666,-8.307034241921452,0.339989016246801,0.3400000035762787,-0.0,1.136916519865623,-0.0,1.3523848061640686,0.3400000035762787,-0.0,1.6066663880006409,0.3400000035762787,-0.0,1.8948420325377848,0.3400000035762787,-0.0,2.2036812514820188,0.3400000035762787,-0.473411372514813,0.0
971,24.275000000000002,1.757600961022363e+18,5.937730645317755,-3.4627108547701644,0.9578529008119154,-0.7878290137701127,13.570130592678725,1.6110173482159664,-6.922625320458723,0.3401005782539403,0.3400000035762787,-0.0,0.9578529008119154,-0.0,1.136916519865623,0.3400000035762787,-0.0,1.3523848061640686,0.3400000035762787,-0.0,1.6066663880006409,0.3400000035762787,-0.0,1.8948420325377848,0.3400000035762787,0.6635724988160061,0.0
972,24.3,1.7576009610473628e+18,5.949584208946396,-3.442638866342261,0.8087884031021482,-0.8226291054204055,13.612074287586756,1.5166900961879672,-5.6522676720896685,0.3402256004701555,0.3400000035762787,1.3492494821548462,-0.540461079052698,-0.0,0.9578529008119154,0.3400000035762787,-0.0,1.136916519865623,0.3400000035762787,-0.0,1.3523848061640686,0.3400000035762787,-0.0,1.6066663880006409,0.3400000035762787,0.29953747297552247,0.0
973,24.325000000000003,1.7576009610723628e+18,5.998053568908075,-3.4146547551016355,0.6832946254695891,-0.8572628154469107,13.655257517222205,1.426921362882472,-4.53841489197791,0.34031094628843905,0.3400000035762787,1.9972882270812988,-1.3139936016117097,1.3492494821548462,-0.540461079052698,0.3400000035762787,-0.0,0.9578529008119154,0.3400000035762787,-0.0,1.136916519865623,0.3400000035762787,-0.0,1.3523848061640686,0.3400000035762787,-0.8393650048859891,0.0
974,24.35,1.757600961097363e+18,6.054252159246583,-3.3756728849378868,0.5777860337675919,-0.8824115926109817,13.722352739237182,1.3357688689001963,-3.563392828988333,0.3402922733053736,0.3400000035762787,2.821985483169556,-2.244199449401964,1.9972882270812988,-1.3139936016117097,0.3400000035762787,1.3492494821548462,-0.540461079052698,0.3400000035762787,-0.0,0.9578529008119154,0.3400000035762787,-0.0,1.136916519865623,0.3400000035762787,-2.9076871819380727,0.0
975,24.375,1.757600961122363e+18,6.058948624115592,-3.367909251923452,0.4922836448361031,-0.8868506296218882,13.738904547889884,1.2391321183379964,-2.676718523691604,0.3401189706832071,0.3400000035762787,3.3523099422454834,-2.86002629740938,2.821985483169556,-2.244199449401964,0.3400000035762787,1.9972882270812988,-1.3139936016117097,0.3400000035762787,1.3492494821548462,-0.540461079052698,0.3400000035762787,-0.0,0.9578529008119154,0.3400000035762787,-5.58907829404232,0.0
976,24.400000000000002,1.7576009611473628e+18,6.088356759268054,-3.3380503847250758,0.4291566229102902,-0.8612443513262585,13.770792740707485,1.1370727642338507,-1.8259561804584283,0.3397869574959623,0.3400000035762787,3.528968572616577,-3.099811949706287,3.3523099422454834,-2.86002629740938,0.3400000035762787,2.821985483169556,-2.244199449401964,0.3400000035762787,1.9972882270812988,-1.3139936016117097,0.3400000035762787,1.3492494821548462,-0.540461079052698,0.3400000035762787,-8.507240507345138,0.0
977,24.425,1.7576009611723628e+18,6.093685661255287,-3.324407475605194,0.39083827602660703,-0.8012064131508054,13.80194130602229,1.0345417184845767,-0.9803286379793464,0.33936772049287206,0.3400000035762787,3.5879130363464355,-3.1970747603198286,3.528968572616577,-3.099811949706287,0.3400000035762787,3.3523099422454834,-2.86002629740938,0.3400000035762787,2.821985483169556,-2.244199449401964,0.3400000035762787,1.9972882270812988,-1.3139936016117097,0.3400000035762787,-11.523125435857693,0.0
978,24.450000000000003,1.7576009611973627e+18,6.118258458367704,-3.290759548075166,0.3778708264032845,-0.7086817341453484,13.833491875510768,0.9402893543733256,-0.1409322676020754,0.3390170457343501,0.3400000035762787,3.5879130363464355,-3.210042209943151,3.5879130363464355,-3.1970747603198286,0.3400000035762787,3.528968572616577,-3.099811949706287,0.3400000035762787,3.3523099422454834,-2.86002629740938,0.3400000035762787,2.821985483169556,-2.244199449401964,0.3400000035762787,-14.443665526132515,0.0
979,24.475,1.757600961222363e+18,6.123045710287274,-3.280925357588345,0.3882483776900169,-0.5915574135784988,13.856986693111162,0.8645268787901179,0.6626947623796333,0.3389473015811439,0.3400000035762787,3.5879130363464355,-3.1996646586564186,3.5879130363464355,-3.210042209943151,0.3400000035762787,3.5879130363464355,-3.1970747603198286,0.3400000035762787,3.528968572616577,-3.099811949706287,0.3400000035762787,3.3523099422454834,-2.86002629740938,0.3400000035762787,-16.966884542247087,0.0
980,24.5,1.7576009612473628e+18,6.1381462067377015,-3.257945305222582,0.4181221929992974,-0.4619230252508835,13.854767878300239,0.8163340987605054,1.385273085091335,0.33935574562187093,0.3400000035762787,3.5879130363464355,-3.1697908433471382,3.5879130363464355,-3.1996646586564186,0.3400000035762787,3.5879130363464355,-3.210042209943151,0.3400000035762787,3.5879130363464355,-3.1970747603198286,0.3400000035762787,3.528968572616577,-3.099811949706287,0.3400000035762787,-19.38928482036294,0.0
981,24.525000000000002,1.7576009612723628e+18,6.128114221872419,-3.265915311169889,0.46311019255904934,-0.3335593914075528,13.881233818592037,0.8016307698273226,1.9815043831493555,0.34031866579610737,0.3400000035762787,3.5879130363464355,-3.124802843787386,3.5879130363464355,-3.1697908433471382,0.3400000035762787,3.5879130363464355,-3.1996646586564186,0.3400000035762787,3.5879130363464355,-3.210042209943151,0.3400000035762787,3.5879130363464355,-3.1970747603198286,0.3400000035762787,-21.60275733057595,0.0
982,24.55,1.757600961297363e+18,6.122870919662184,-3.25908990261341,0.5192762989164079,-0.21926317292626754,13.89419696110993,0.8220636460744711,2.419414619390684,0.3416837368324478,0.3400000035762787,3.5879130363464355,-3.068636737430028,3.5879130363464355,-3.124802843787386,0.3400000035762787,3.5879130363464355,-3.1697908433471382,0.3400000035762787,3.5879130363464355,-3.1996646586564186,0.3400000035762787,3.5879130363464355,-3.210042209943151,0.3400000035762787,-23.619416726589492,0.0
983,24.575000000000003,1.757600961322363e+18,6.128369331360152,-3.244081161506984,0.5833368317205367,-0.12858389823117125,13.914726029303315,0.8748632021471042,2.6882843233797415,0.34301268728130685,0.3400000035762787,3.5879130363464355,-3.0045762046258986,3.5879130363464355,-3.068636737430028,0.3400000035762787,3.5879130363464355,-3.124802843787386,0.3400000035762787,3.5879130363464355,-3.1697908433471382,0.3400000035762787,3.5879130363464355,-3.1996646586564186,0.3400000035762787,-25.625916661084744,0.0
984,24.6,1.7576009613473628e+18,6.135918727299731,-3.236315053213376,0.652317291158123,-0.06641922571683917,13.940714877848613,0.9536075656195624,2.80054529792249,0.34363185329050205,0.3400000035762787,3.5879130363464355,-2.9355957451883126,3.5879130363464355,-3.0045762046258986,0.3400000035762787,3.5879130363464355,-3.068636737430028,0.3400000035762787,3.5879130363464355,-3.124802843787386,0.3400000035762787,3.5879130363464355,-3.1697908433471382,0.3400000035762787,-27.684150790142443,0.0
985,24.625,1.7576009613723628e+18,6.138038172162638,-3.2244284900707565,0.7232191219550352,-0.03270968498858393,13.956662667199888,1.0496671131661208,2.78854304879474,0.3428284703883869,0.3400000035762787,3.528968572616577,-2.805749450661542,3.5879130363464355,-2.9355957451883126,0.3400000035762787,3.5879130363464355,-3.0045762046258986,0.3400000035762787,3.5879130363464355,-3.068636737430028,0.3400000035762787,3.5879130363464355,-3.124802843787386,0.3400000035762787,-29.730384854896904,0.0
986,24.650000000000002,1.7576009613973627e+18,6.144991361581813,-3.206620787103688,0.7931241689853085,-0.023233065970061587,13.985397939098831,1.1539416206567334,2.697596443130183,0.3401806816225459,0.3400000035762787,3.528968572616577,-2.7358444036312686,3.528968572616577,-2.805749450661542,0.3400000035762787,3.5879130363464355,-2.9355957451883126,0.3400000035762787,3.5879130363464355,-3.0045762046258986,0.3400000035762787,3.5879130363464355,-3.068636737430028,0.3400000035762787,-31.81188491478462,0.0
987,24.675,1.757600961422363e+18,6.147141012220777,-3.1741952592552902,0.859760834456041,-0.031204406171019893,14.025332353958284,1.258520057339506,2.5768266918833964,0.33593621423339676,0.3400000035762787,3.528968572616577,-2.6692077381605364,3.528968572616577,-2.7358444036312686,0.3400000035762787,3.528968572616577,-2.805749450661542,0.3400000035762787,3.5879130363464355,-2.9355957451883126,0.3400000035762787,3.5879130363464355,-3.0045762046258986,0.3400000035762787,-33.91271025998623,0.0
988,24.700000000000003,1.7576009614473628e+18,6.150063738441817,-3.159577709609932,0.9221780297752981,-0.04912331882523753,14.047216554012426,1.357990748961899,2.4693213270193093,0.33128086104961196,0.3400000035762787,3.528968572616577,-2.606790542841279,3.528968572616577,-2.6692077381605364,0.3400000035762787,3.528968572616577,-2.7358444036312686,0.3400000035762787,3.528968572616577,-2.805749450661542,0.3400000035762787,3.5879130363464355,-2.9355957451883126,0.3400000035762787,-36.01579662200904,0.0
989,24.725,1.7576009614723628e+18,6.152979626117734,-3.1288417870041845,0.9810468913911188,-0.07029189187084199,14.087061907134146,1.4501252077558775,2.4035060880639114,0.3282988468249187,0.3400000035762787,3.528968572616577,-2.5479216812254584,3.528968572616577,-2.606790542841279,0.3400000035762787,3.528968572616577,-2.6692077381605364,0.3400000035762787,3.528968572616577,-2.7358444036312686,0.3400000035762787,3.528968572616577,-2.805749450661542,0.3400000035762787,-38.1056213138412,0.0
990,24.75,1.757600961497363e+18,6.159465459156479,-3.1038278386705485,1.0383032488744663,-0.08972275620908261,14.126080304268797,1.535666925855474,2.387826344328966,0.32946161189917955,0.3400000035762787,3.528968572616577,-2.490665323742111,3.528968572616577,-2.5479216812254584,0.3400000035762787,3.528968572616577,-2.606790542841279,0.3400000035762787,3.528968572616577,-2.6692077381605364,0.3400000035762787,3.528968572616577,-2.7358444036312686,0.3400000035762787,-40.1698009554083,0.0
991,24.775000000000002,1.757600961522363e+18,6.161218969965285,-3.0887685261705125,1.0962254781863456,-0.10452682035034548,14.151479875705066,1.617226744079004,2.4105226527669448,0.3366140536999557,0.3400000035762787,3.470024347305298,-2.373798869118952,3.528968572616577,-2.490665323742111,0.3400000035762787,3.528968572616577,-2.5479216812254584,0.3400000035762787,3.528968572616577,-2.606790542841279,0.3400000035762787,3.528968572616577,-2.6692077381605364,0.3400000035762787,-42.140613040679284,0.0
992,24.8,1.7576009615473628e+18,6.162326617414244,-3.04701792022703,1.1563702802498566,-0.11401401563317014,14.205789169240903,1.6977607533926133,2.44517370484109,0.3496476877664726,0.3400000035762787,3.470024347305298,-2.3136540670554413,3.470024347305298,-2.373798869118952,0.3400000035762787,3.528968572616577,-2.490665323742111,0.3400000035762787,3.528968572616577,-2.5479216812254584,0.3400000035762787,3.528968572616577,-2.606790542841279,0.3400000035762787,-44.07152132759124,0.0
993,24.825000000000003,1.7576009615723628e+18,6.155001149782617,-3.00573572397727,1.2188789557354927,-0.11962065571158542,14.269071539534561,1.7793665927287112,2.4609817380324817,0.3652985577978611,0.3400000035762787,3.470024347305298,-2.251145391569805,3.470024347305298,-2.3136540670554413,0.3400000035762787,3.470024347305298,-2.373798869118952,0.3400000035762787,3.528968572616577,-2.490665323742111,0.3400000035762787,3.528968572616577,-2.5479216812254584,0.3400000035762787,-45.959744134180134,0.0
994,24.85,1.7576009615973627e+18,6.156805740759669,-2.9831560819667797,1.2824797273464108,-0.12459249145993577,14.303919352096107,1.8628624116803514,2.435093414851198,0.3766754068412845,0.3400000035762787,3.470024347305298,-2.187544619958887,3.470024347305298,-2.251145391569805,0.3400000035762787,3.470024347305298,-2.3136540670554413,0.3400000035762787,3.470024347305298,-2.373798869118952,0.3400000035762787,3.528968572616577,-2.490665323742111,0.3400000035762787,-47.80461542278645,0.0
995,24.875,1.757600961622363e+18,6.1530648548756375,-2.931508332631649,1.3451525473265558,-0.13328507055893873,14.369175075663629,1.9479952560351605,2.3632795503070683,0.3740804538949399,0.3400000035762787,3.470024347305298,-2.124871799978742,3.470024347305298,-2.187544619958887,0.3400000035762787,3.470024347305298,-2.251145391569805,0.3400000035762787,3.470024347305298,-2.3136540670554413,0.3400000035762787,3.470024347305298,-2.373798869118952,0.3400000035762787,-49.60705249805324,0.0
996,24.900000000000002,1.7576009616473628e+18,6.1530648548756375,-2.931508332631649,1.4051047577485631,-0.1500326577086109,14.369175075663629,2.033672988664481,2.2654813903523556,0.3473358086241647,0.3400000035762787,3.470024347305298,-2.0649195895567347,3.470024347305298,-2.124871799978742,0.3400000035762787,3.470024347305298,-2.187544619958887,0.3400000035762787,3.470024347305298,-2.251145391569805,0.3400000035762787,3.470024347305298,-2.3136540670554413,0.3400000035762787,-51.36894319035515,0.0
997,24.925,1.7576009616723628e+18,6.139795240208825,-2.8824539924400296,1.46162830302982,-0.17774766022571775,14.43222644815476,2.117661704189806,2.1840593257711793,0.2891905002564169,0.3400000035762787,3.470024347305298,-2.008396044275478,3.470024347305298,-2.0649195895567347,0.3400000035762787,3.470024347305298,-2.124871799978742,0.3400000035762787,3.470024347305298,-2.187544619958887,0.3400000035762787,3.470024347305298,-2.251145391569805,0.3400000035762787,-53.09230360874611,0.0
998,24.950000000000003,1.757600961697363e+18,6.1336053162075,-2.8481380876969578,1.5155864512614496,-0.2166717951103018,14.487802120520488,2.1956577294504647,2.1746264490547107,0.19866475402684042,0.3400000035762787,3.470024347305298,-1.9544378960438482,3.470024347305298,-2.008396044275478,0.3400000035762787,3.470024347305298,-2.0649195895567347,0.3400000035762787,3.470024347305298,-2.124871799978742,0.3400000035762787,3.470024347305298,-2.187544619958887,0.3400000035762787,-54.778110772241966,0.0
999,24.975,1.757600961722363e+18,6.116804251587436,-2.7720622524410032,1.5695079471367928,-0.26384119257451116,14.578789821628666,2.260173970091042,2.2914790385044044,0.08280277017110238,0.0596029125154018,3.470024347305298,-1.900516400168505,3.470024347305298,-1.9544378960438482,0.3400000035762787,3.470024347305298,-2.008396044275478,0.3400000035762787,3.470024347305298,-2.0649195895567347,0.3400000035762787,3.470024347305298,-2.124871799978742,0.3400000035762787,-56.424818196663644,0.0
1000,25.0,1.7576009617473628e+18,6.11503057756717,-2.7652515280110546,1.6273390546283713,-0.3136518364153941,14.589926191150965,2.299932409515657,2.5712418036750964,-0.04432200509360575,-0.0,3.470024347305298,-1.8426852926769266,3.470024347305298,-1.900516400168505,0.0596029125154018,3.470024347305298,-1.9544378960438482,0.3400000035762787,3.470024347305298,-2.008396044275478,0.3400000035762787,3.470024347305298,-2.0649195895567347,0.3400000035762787,-58.0267831257403,0.0
1001,25.025000000000002,1.7576009617723628e+18,6.103567009943115,-2.720762444723972,1.693842731559017,-0.3594259104256075,14.636943665561203,2.3003072414672143,3.0190109901135154,-0.16534200233288013,-0.2949372231960296,3.470024347305298,-1.7761816157462809,3.470024347305298,-1.8426852926769266,-0.0,3.470024347305298,-1.900516400168505,0.0596029125154018,3.470024347305298,-1.9544378960438482,0.3400000035762787,3.470024347305298,-2.008396044275478,0.3400000035762787,-59.57313575799586,0.0
1002,25.05,1.7576009617973627e+18,6.090923078412773,-2.6862150675892145,1.7736393718385848,-0.39535681425021035,14.688859518134578,2.2449368977151933,3.6008422536834908,-0.26469077115874967,-0.3400000035762787,3.528968572616577,-1.7553292007779924,3.470024347305298,-1.7761816157462809,-0.2949372231960296,3.470024347305298,-1.8426852926769266,-0.0,3.470024347305298,-1.900516400168505,0.0596029125154018,3.470024347305298,-1.9544378960438482,0.3400000035762787,-61.10670961267179,0.0
1003,25.075000000000003,1.757600961822363e+18,6.040383129428742,-2.61294101522747,1.8700371441171018,-0.41795383368717576,14.782568821187107,2.1181741954715294,4.244991798155886,-0.3329495483068978,-0.3400000035762787,3.528968572616577,-1.6589314284994754,3.528968572616577,-1.7553292007779924,-0.3400000035762787,3.470024347305298,-1.7761816157462809,-0.2949372231960296,3.470024347305298,-1.8426852926769266,-0.0,3.470024347305298,-1.900516400168505,0.0596029125154018,-62.54874975819735,0.0
1004,25.1,1.7576009618473628e+18,6.002419747064521,-2.55578838861853,1.983958568603262,-0.426278187873212,14.868585525238885,1.9078518516369298,4.852214187283893,-0.3687380736306258,-0.3400000035762787,3.528968572616577,-1.5450100040133152,3.528968572616577,-1.6589314284994754,-0.3400000035762787,3.528968572616577,-1.7553292007779924,-0.3400000035762787,3.470024347305298,-1.7761816157462809,-0.2949372231960296,3.470024347305298,-1.8426852926769266,-0.0,-63.878730979476735,0.0
1005,25.125,1.7576009618723628e+18,5.993200259845311,-2.539816968427704,2.1132745058520688,-0.4208627656564042,14.893173614285455,1.608007428482381,5.313163878326989,-0.3777102718971474,-0.3400000035762787,3.528968572616577,-1.4156940667645084,3.528968572616577,-1.5450100040133152,-0.3400000035762787,3.528968572616577,-1.6589314284994754,-0.3400000035762787,3.528968572616577,-1.7553292007779924,-0.3400000035762787,3.470024347305298,-1.7761816157462809,-0.2949372231960296,-65.07919748899175,0.0
1006,25.150000000000002,1.757600961897363e+18,5.935967417773172,-2.469201177042007,2.2527257468141824,-0.40198462119074685,14.959703733321978,1.2214063056669098,5.529127667623278,-0.3695311045504643,-0.3400000035762787,3.528968572616577,-1.2762428258023948,3.528968572616577,-1.4156940667645084,-0.3400000035762787,3.528968572616577,-1.5450100040133152,-0.3400000035762787,3.528968572616577,-1.6589314284994754,-0.3400000035762787,3.528968572616577,-1.7553292007779924,-0.3400000035762787,-66.1394364922298,0.0
1007,25.175,1.757600961922363e+18,5.917614990049333,-2.44562272384701,2.394468688400659,-0.3684150081053772,14.989767188829259,0.7614519277278754,5.431439414679806,-0.35434348893066014,-0.3400000035762787,3.470024347305298,-1.075555658904639,3.528968572616577,-1.2762428258023948,-0.3400000035762787,3.528968572616577,-1.4156940667645084,-0.3400000035762787,3.528968572616577,-1.5450100040133152,-0.3400000035762787,3.528968572616577,-1.6589314284994754,-0.3400000035762787,-66.99922312094422,0.0
1008,25.200000000000003,1.7576009619473628e+18,5.880961407590213,-2.411948404116743,2.5291804447971873,-0.31753327620420346,14.990573327575524,0.2525411604495749,4.995265695968327,-0.3400392520968067,-0.3400000035762787,3.4110798835754395,-0.8818994387782522,3.470024347305298,-1.075555658904639,-0.3400000035762787,3.528968572616577,-1.2762428258023948,-0.3400000035762787,3.528968572616577,-1.4156940667645084,-0.3400000035762787,3.528968572616577,-1.5450100040133152,-0.3400000035762787,-67.66777390248292,0.0
1009,25.225,1.7576009619723628e+18,5.851588470459576,-2.3796407754524287,2.6475655653394865,-0.24687603917009046,15.022743461473544,-0.272155761475654,4.244923090302936,-0.330981468347041,-0.3400000035762787,3.4110798835754395,-0.763514318235953,3.4110798835754395,-0.8818994387782522,-0.3400000035762787,3.470024347305298,-1.075555658904639,-0.3400000035762787,3.528968572616577,-1.2762428258023948,-0.3400000035762787,3.528968572616577,-1.4156940667645084,-0.3400000035762787,-68.22291454217559,0.0
1010,25.25,1.7576009619973627e+18,5.735696623663837,-2.298265427264951,2.7419808415256277,-0.15633760135492394,15.019300252301814,-0.7757578250691887,3.2500565335191207,-0.3281333210699225,-0.3400000035762787,3.4110798835754395,-0.6690990420498117,3.4110798835754395,-0.763514318235953,-0.3400000035762787,3.4110798835754395,-0.8818994387782522,-0.3400000035762787,3.470024347305298,-1.075555658904639,-0.3400000035762787,3.528968572616577,-1.2762428258023948,-0.3400000035762787,-68.69063781474303,0.0
1011,25.275000000000002,1.757600962022363e+18,5.717300645187719,-2.2810969837963517,2.8077644228888214,-0.04985916954965957,15.026847406741606,-1.2245708595561346,2.1141875155078718,-0.3301037337859797,-0.3400000035762787,3.3523099422454834,-0.544545519356662,3.4110798835754395,-0.6690990420498117,-0.3400000035762787,3.4110798835754395,-0.763514318235953,-0.3400000035762787,3.4110798835754395,-0.8818994387782522,-0.3400000035762787,3.470024347305298,-1.075555658904639,-0.3400000035762787,-69.04163245986058,0.0
1012,25.3,1.7576009620473628e+18,5.616068867604141,-2.1993449195289814,2.8438539933303897,0.06432288308591518,14.930823198593277,-1.5947104421811227,0.9586256583927507,-0.33449066131541594,-0.3400000035762787,3.293365716934204,-0.4495117236038144,3.3523099422454834,-0.544545519356662,-0.3400000035762787,3.4110798835754395,-0.6690990420498117,-0.3400000035762787,3.4110798835754395,-0.763514318235953,-0.3400000035762787,3.4110798835754395,-0.8818994387782522,-0.3400000035762787,-69.30482384258652,0.0
1013,25.325000000000003,1.7576009620723628e+18,5.5924563106396965,-2.1788404629311886,2.852530434139497,0.17518097434714006,14.922003577019101,-1.8761647725982673,-0.0949128151528758,-0.339019729118261,-0.3400000035762787,3.234421491622925,-0.3818910574834278,3.293365716934204,-0.4495117236038144,-0.3400000035762787,3.3523099422454834,-0.544545519356662,-0.3400000035762787,3.4110798835754395,-0.6690990420498117,-0.3400000035762787,3.4110798835754395,-0.763514318235953,-0.3400000035762787,-69.50582902005264,0.0
1014,25.35,1.757600962097363e+18,5.53270471559244,-2.1313813912139814,2.8385228634261708,0.27177036312809505,14.854672584232357,-2.0730032781361842,-0.9403785737110327,-0.34221248383222275,-0.3400000035762787,3.1754770278930664,-0.33695416446689563,3.234421491622925,-0.3818910574834278,-0.3400000035762787,3.293365716934204,-0.4495117236038144,-0.3400000035762787,3.3523099422454834,-0.544545519356662,-0.3400000035762787,3.4110798835754395,-0.6690990420498117,-0.3400000035762787,-69.66487163754365,0.0
1015,25.375,1.757600962122363e+18,5.489657017854323,-2.093392765508245,2.8079549253485565,0.3465461456134542,14.824322786714212,-2.2000050379892087,-1.5008467822409364,-0.34355576875188265,-0.3400000035762787,2.9398741722106934,-0.13191924686213685,3.1754770278930664,-0.33695416446689563,-0.3400000035762787,3.234421491622925,-0.3818910574834278,-0.3400000035762787,3.293365716934204,-0.4495117236038144,-0.3400000035762787,3.3523099422454834,-0.544545519356662,-0.3400000035762787,-69.6194159337249,0.0
1016,25.400000000000002,1.7576009621473628e+18,5.419661411417963,-1.999073223053443,2.767520368075194,0.397967454184784,14.74043671091892,-2.277257485257269,-1.739100018435949,-0.3433059029248429,-0.3400000035762787,2.821985483169556,-0.05446511509436203,2.9398741722106934,-0.13191924686213685,-0.3400000035762787,3.1754770278930664,-0.33695416446689563,-0.3400000035762787,3.234421491622925,-0.3818910574834278,-0.3400000035762787,3.293365716934204,-0.4495117236038144,-0.3400000035762787,-69.49529179681205,0.0
1017,25.425,1.7576009621723628e+18,5.366247060009086,-1.922883977170582,2.7239575452385902,0.43145999175617217,14.670992653488991,-2.3247252370620237,-1.665253067391149,-0.3421242199416136,-0.3400000035762787,2.821985483169556,-0.09802793793096587,2.821985483169556,-0.05446511509436203,-0.3400000035762787,2.9398741722106934,-0.13191924686213685,-0.3400000035762787,3.1754770278930664,-0.33695416446689563,-0.3400000035762787,3.234421491622925,-0.3818910574834278,-0.3400000035762787,-69.41293655182848,0.0
1018,25.450000000000003,1.7576009621973627e+18,5.32184598706176,-1.868239125373015,2.683595439634063,0.45842338920824866,14.592464264835707,-2.358349320022953,-1.340553272290834,-0.3407201394767618,-0.3400000035762787,2.7630412578582764,-0.07944581822421348,2.821985483169556,-0.09802793793096587,-0.3400000035762787,2.821985483169556,-0.05446511509436203,-0.3400000035762787,2.9398741722106934,-0.13191924686213685,-0.3400000035762787,3.1754770278930664,-0.33695416446689563,-0.3400000035762787,-69.31097843002419,0.0
1019,25.475,1.757600962222363e+18,5.262152823396474,-1.785164064296357,2.6516627467281038,0.4935769667603383,14.49394313131577,-2.38827780372094,-0.8753213547673868,-0.33961069380847114,-0.3400000035762787,2.7630412578582764,-0.11137851113017261,2.7630412578582764,-0.07944581822421348,-0.3400000035762787,2.821985483169556,-0.09802793793096587,-0.3400000035762787,2.821985483169556,-0.05446511509436203,-0.3400000035762787,2.9398741722106934,-0.13191924686213685,-0.3400000035762787,-69.24187429133747,0.0
1020,25.5,1.7576009622473628e+18,5.223085366990851,-1.7049774250837435,2.631237899789379,0.5511739046147567,14.462299119644308,-2.418921182564455,-0.4184216203896616,-0.3390291366102945,-0.3400000035762787,2.7630412578582764,-0.1318033580688973,2.7630412578582764,-0.11137851113017261,-0.3400000035762787,2.7630412578582764,-0.07944581822421348,-0.3400000035762787,2.821985483169556,-0.09802793793096587,-0.3400000035762787,2.821985483169556,-0.05446511509436203,-0.3400000035762787,-69.19670070998667,0.0
1021,25.525000000000002,1.7576009622723628e+18,5.209194316278189,-1.6805501323170111,2.6220463807476024,0.6406282559424262,14.436988233693523,-2.4500558552560046,-0.13654138038239977,-0.3389567858026554,-0.3400000035762787,2.7630412578582764,-0.14099487711067393,2.7630412578582764,-0.1318033580688973,-0.3400000035762787,2.7630412578582764,-0.11137851113017261,-0.3400000035762787,2.7630412578582764,-0.07944581822421348,-0.3400000035762787,2.821985483169556,-0.09802793793096587,-0.3400000035762787,-69.16671874583398,0.0
1022,25.55,1.757600962297363e+18,5.186492297006458,-1.627123594841247,2.619558789945234,0.7623287137914299,14.379564897731216,-2.4782061704917155,-0.18416709802972814,-0.339223123875196,-0.3400000035762787,2.7630412578582764,-0.1434824679130422,2.7630412578582764,-0.14099487711067393,-0.3400000035762787,2.7630412578582764,-0.1318033580688973,-0.3400000035762787,2.7630412578582764,-0.11137851113017261,-0.3400000035762787,2.7630412578582764,-0.07944581822421348,-0.3400000035762787,-69.14694217296363,0.0
1023,25.575000000000003,1.757600962322363e+18,5.160810556369244,-1.5734121654272015,2.6148760523898416,0.9048971775984174,14.32221427305319,-2.497845350937743,-0.668831936076613,-0.33961764107660336,-0.3400000035762787,2.7630412578582764,-0.1481652054684348,2.7630412578582764,-0.1434824679130422,-0.3400000035762787,2.7630412578582764,-0.14099487711067393,-0.3400000035762787,2.7630412578582764,-0.1318033580688973,-0.3400000035762787,2.7630412578582764,-0.11137851113017261,-0.3400000035762787,-69.14015324250654,0.0
1024,25.6,1.7576009623473628e+18,5.105983152452095,-1.4214068609061004,2.5957408247704112,1.04535953768851,14.199183849592591,-2.5023364832908763,-1.6195942925158318,-0.3399733737299681,-0.3400000035762787,2.7042713165283203,-0.10853049175790908,2.7630412578582764,-0.1481652054684348,-0.3400000035762787,2.7630412578582764,-0.1434824679130422,-0.3400000035762787,2.7630412578582764,-0.14099487711067393,-0.3400000035762787,2.7630412578582764,-0.1318033580688973,-0.3400000035762787,-69.10163168288973,0.0
1025,25.625,1.7576009623723628e+18,5.105983152452095,-1.4214068609061004,2.5487560029306673,1.1531092506473273,14.199183849592591,-2.4847791315468597,-2.968178419557352,-0.34020502538205183,-0.3400000035762787,2.7042713165283203,-0.15551531359765303,2.7042713165283203,-0.10853049175790908,-0.3400000035762787,2.7630412578582764,-0.1481652054684348,-0.3400000035762787,2.7630412578582764,-0.1434824679130422,-0.3400000035762787,2.7630412578582764,-0.14099487711067393,-0.3400000035762787,-69.11714246830911,0.0
1026,25.650000000000002,1.7576009623973627e+18,5.08865287718819,-1.2961316930106168,2.462526779357635,1.197267625762988,14.10377273739957,-2.4389501560731457,-4.550618592460545,-0.34030475662751886,-0.3400000035762787,1.1724164485931396,1.2901103307644952,2.7042713165283203,-0.15551531359765303,-0.3400000035762787,2.7042713165283203,-0.10853049175790908,-0.3400000035762787,2.7630412578582764,-0.1481652054684348,-0.3400000035762787,2.7630412578582764,-0.1434824679130422,-0.3400000035762787,-67.69337728719042,0.0
1027,25.675,1.757600962422363e+18,5.07815379947888,-1.2477037285930708,2.3310105375919323,1.1557176320027571,14.058136913802583,-2.3604341986338415,-6.132503422518282,-0.34031123123313917,-0.3400000035762787,0.6422663927078247,1.6887441448841076,1.1724164485931396,1.2901103307644952,-0.3400000035762787,2.7042713165283203,-0.15551531359765303,-0.3400000035762787,2.7042713165283203,-0.10853049175790908,-0.3400000035762787,2.7630412578582764,-0.1481652054684348,-0.3400000035762787,-65.8771103276888,0.0
1028,25.700000000000003,1.7576009624473628e+18,5.088694012049292,-1.1577718813023292,2.156040041038611,1.0232381107731525,13.964744862346944,-2.2479705701167947,-7.45419787252826,-0.34027142797358917,-0.3400000035762787,0.1710606068372726,1.9849794342013385,0.6422663927078247,1.6887441448841076,-0.3400000035762787,1.1724164485931396,1.2901103307644952,-0.3400000035762787,2.7042713165283203,-0.15551531359765303,-0.3400000035762787,2.7042713165283203,-0.10853049175790908,-0.3400000035762787,-63.77088560210842,0.0
1029,25.725,1.7576009624723628e+18,5.102188075984672,-1.1266580067407803,1.948019973254745,0.8159544652086272,13.92464544017248,-2.1049273476476653,-8.285889125131893,-0.34021186301011314,-0.3400000035762787,0.1710606068372726,1.7769593664174723,0.1710606068372726,1.9849794342013385,-0.3400000035762787,0.6422663927078247,1.6887441448841076,-0.3400000035762787,1.1724164485931396,1.2901103307644952,-0.3400000035762787,2.7042713165283203,-0.15551531359765303,-0.3400000035762787,-61.879034526042304,0.0
1030,25.75,1.757600962497363e+18,5.130557980432261,-1.078406043991582,1.7242987827256469,0.569876985081289,13.87911804674465,-1.9404765994638151,-8.478345242305348,-0.3401290247142261,-0.3400000035762787,0.1710606068372726,1.5532381758883742,0.1710606068372726,1.7769593664174723,-0.3400000035762787,0.1710606068372726,1.9849794342013385,-0.3400000035762787,0.6422663927078247,1.6887441448841076,-0.3400000035762787,1.1724164485931396,1.2901103307644952,-0.3400000035762787,-60.216810546753656,0.0
1031,25.775000000000002,1.757600962522363e+18,5.136549594454438,-1.0397099561803569,1.505552941078864,0.33282862003248703,13.830352909988838,-1.7696220358624748,-7.995559305624761,-0.3400006038878209,-0.3400000035762787,0.7012107372283936,0.8043422038504704,0.1710606068372726,1.5532381758883742,-0.3400000035762787,0.1710606068372726,1.7769593664174723,-0.3400000035762787,0.1710606068372726,1.9849794342013385,-0.3400000035762787,0.6422663927078247,1.6887441448841076,-0.3400000035762787,-59.308202205136205,0.0
1032,25.8,1.7576009625473628e+18,5.1523223199739085,-1.01312265144081,1.3113044183134306,0.15147301806080365,13.787198135271716,-1.611216314553259,-6.920190126298307,-0.33981141678828514,-0.3400000035762787,1.5848523378372192,-0.27354791952378865,0.7012107372283936,0.8043422038504704,-0.3400000035762787,0.1710606068372726,1.5532381758883742,-0.3400000035762787,0.1710606068372726,1.7769593664174723,-0.3400000035762787,0.1710606068372726,1.9849794342013385,-0.3400000035762787,-59.48039209373153,0.0
1033,25.825000000000003,1.7576009625723628e+18,5.163370016993561,-0.9784992910642484,1.1559847955035398,0.05762264824313043,13.73493887561211,-1.4838485323040034,-5.430487355442675,-0.3395821167263684,-0.3400000035762787,1.9972882270812988,-0.841303431577759,1.5848523378372192,-0.27354791952378865,-0.3400000035762787,0.7012107372283936,0.8043422038504704,-0.3400000035762787,0.1710606068372726,1.5532381758883742,-0.3400000035762787,0.1710606068372726,1.7769593664174723,-0.3400000035762787,-60.22115888040089,0.0
1034,25.85,1.7576009625973627e+18,5.1625133134009085,-0.9500835004559745,1.0466262008251603,0.059048493450369846,13.71954516417297,-1.400726641076195,-3.7556449724498524,-0.3393860463506566,-0.3400000035762787,2.3507797718048096,-1.3041535709796492,1.9972882270812988,-0.841303431577759,-0.3400000035762787,1.5848523378372192,-0.27354791952378865,-0.3400000035762787,0.7012107372283936,0.8043422038504704,-0.3400000035762787,0.1710606068372726,1.5532381758883742,-0.3400000035762787,-61.42363905356923,0.0
1035,25.875,1.757600962622363e+18,5.185163149702263,-0.8684360049670392,0.9825970026280446,0.13842176354422828,13.684702224394009,-1.3656406204403506,-2.1225154983139523,-0.3393410921096382,-0.3400000035762787,2.5274384021759038,-1.5448413995478592,2.3507797718048096,-1.3041535709796492,-0.3400000035762787,1.9972882270812988,-0.841303431577759,-0.3400000035762787,1.5848523378372192,-0.27354791952378865,-0.3400000035762787,0.7012107372283936,0.8043422038504704,-0.3400000035762787,-62.864125611860075,0.0
1036,25.900000000000002,1.7576009626473628e+18,5.192564258657169,-0.8469222764343746,0.957193538477794,0.2603381947627226,13.65532406516116,-1.371993163981338,-0.708419055981057,-0.33957009589178644,-0.3400000035762787,2.645326852798462,-1.6881333143206678,2.5274384021759038,-1.5448413995478592,-0.3400000035762787,2.3507797718048096,-1.3041535709796492,-0.3400000035762787,1.9972882270812988,-0.841303431577759,-0.3400000035762787,1.5848523378372192,-0.27354791952378865,-0.3400000035762787,-64.44416727636623,0.0
1037,25.925,1.7576009626723628e+18,5.202503455949671,-0.8054331905165255,0.9604662001631737,0.38296835411151403,13.623807399147701,-1.4055835622044999,0.38802515712181795,-0.3401351413614745,-0.3400000035762787,2.645326852798462,-1.684860652635288,2.645326852798462,-1.6881333143206678,-0.3400000035762787,2.5274384021759038,-1.5448413995478592,-0.3400000035762787,2.3507797718048096,-1.3041535709796492,-0.3400000035762787,1.9972882270812988,-0.841303431577759,-0.3400000035762787,-66.01652308322753,0.0
1038,25.950000000000003,1.757600962697363e+18,5.222221470282521,-0.7535870195714078,0.9823625967191357,0.469797942855169,13.575965697598013,-1.450036561535917,1.152371562100958,-0.340965742574867,-0.3400000035762787,2.645326852798462,-1.6629642560793263,2.645326852798462,-1.684860652635288,-0.3400000035762787,2.645326852798462,-1.6881333143206678,-0.3400000035762787,2.5274384021759038,-1.5448413995478592,-0.3400000035762787,2.3507797718048096,-1.3041535709796492,-0.3400000035762787,-67.5620947666153,0.0
1039,25.975,1.757600962722363e+18,5.221666394912881,-0.7214196127062604,1.0151986360417928,0.49809322233891345,13.537808250618918,-1.492543567650138,1.6378996032497721,-0.3418139396605423,-0.3400000035762787,2.645326852798462,-1.630128216756669,2.645326852798462,-1.6629642560793263,-0.3400000035762787,2.645326852798462,-1.684860652635288,-0.3400000035762787,2.645326852798462,-1.6881333143206678,-0.3400000035762787,2.5274384021759038,-1.5448413995478592,-0.3400000035762787,-69.06957530591313,0.0
1040,26.0,1.7576009627473628e+18,5.23446414201071,-0.691948099734359,1.0547641462105046,0.46261561949679125,13.508916167490174,-1.5275765130699253,1.935164138070912,-0.34227381836238097,-0.3400000035762787,2.7042713165283203,-1.6495071703178157,2.645326852798462,-1.630128216756669,-0.3400000035762787,2.645326852798462,-1.6629642560793263,-0.3400000035762787,2.645326852798462,-1.684860652635288,-0.3400000035762787,2.645326852798462,-1.6881333143206678,-0.3400000035762787,-70.59099419957265,0.0
1041,26.025000000000002,1.7576009627723628e+18,5.268764603111491,-0.6686988901566296,1.0999708120724319,0.3745541793673669,13.476592511768851,-1.5573309905542185,2.1384562706304613,-0.3418922173341666,-0.3400000035762787,2.645326852798462,-1.54535604072603,2.7042713165283203,-1.6495071703178157,-0.3400000035762787,2.645326852798462,-1.630128216756669,-0.3400000035762787,2.645326852798462,-1.6629642560793263,-0.3400000035762787,2.645326852798462,-1.684860652635288,-0.3400000035762787,-72.00302609011852,0.0
1042,26.05,1.7576009627973627e+18,5.289348538633634,-0.6280539981011615,1.1515518791031705,0.25654308486103927,13.43012693504283,-1.5891750056478566,2.319309343753513,-0.34036782162937473,-0.3400000035762787,2.645326852798462,-1.4937749736952914,2.645326852798462,-1.54535604072603,-0.3400000035762787,2.7042713165283203,-1.6495071703178157,-0.3400000035762787,2.645326852798462,-1.630128216756669,-0.3400000035762787,2.645326852798462,-1.6629642560793263,-0.3400000035762787,-73.35903379214533,0.0
1043,26.075000000000003,1.757600962822363e+18,5.313824928420269,-0.6055340585021173,1.210591652434526,0.1353191645334501,13.377926151602807,-1.6315343769550952,2.513360809197111,-0.3377908973345056,-0.3400000035762787,2.5863826274871826,-1.3757909750526567,2.645326852798462,-1.4937749736952914,-0.3400000035762787,2.645326852798462,-1.54535604072603,-0.3400000035762787,2.7042713165283203,-1.6495071703178157,-0.3400000035762787,2.645326852798462,-1.630128216756669,-0.3400000035762787,-74.59401015397316,0.0
1044,26.1,1.7576009628473628e+18,5.327975091426497,-0.5834939015605747,1.2774846111500604,0.03411288144239462,13.347833417782333,-1.6899670657739023,2.721657555968842,-0.3348284860789395,-0.3400000035762787,2.5863826274871826,-1.3088980163371222,2.5863826274871826,-1.3757909750526567,-0.3400000035762787,2.645326852798462,-1.4937749736952914,-0.3400000035762787,2.645326852798462,-1.54535604072603,-0.3400000035762787,2.7042713165283203,-1.6495071703178157,-0.3400000035762787,-75.81953866962473,0.0
1045,26.125,1.7576009628723628e+18,5.348483166902469,-0.5814363368613467,1.3515116138973369,-0.0330213606015129,13.314933769041813,-1.7647351591870022,2.922747628339516,-0.3327314875660106,-0.3400000035762787,2.5863826274871826,-1.2348710135898457,2.5863826274871826,-1.3088980163371222,-0.3400000035762787,2.5863826274871826,-1.3757909750526567,-0.3400000035762787,2.645326852798462,-1.4937749736952914,-0.3400000035762787,2.645326852798462,-1.54535604072603,-0.3400000035762787,-76.91243864280176,0.0
1046,26.150000000000002,1.757600962897363e+18,5.365105462378827,-0.555748000837959,1.43092118022638,-0.06332913275626186,13.270712049126482,-1.8504643563034497,3.0890686935183065,-0.3330553068628312,-0.3400000035762787,2.5274384021759038,-1.0965172219495238,2.5863826274871826,-1.2348710135898457,-0.3400000035762787,2.5863826274871826,-1.3088980163371222,-0.3400000035762787,2.5863826274871826,-1.3757909750526567,-0.3400000035762787,2.645326852798462,-1.4937749736952914,-0.3400000035762787,-77.8677239115645,0.0
1047,26.175,1.757600962922363e+18,5.3983815047088735,-0.5444234478738639,1.5133422565597068,-0.06360044383966093,13.231759135896667,-1.9379057383414076,3.2008199902225334,-0.3370618522856071,-0.3400000035762787,2.5863826274871826,-1.0730403709274758,2.5274384021759038,-1.0965172219495238,-0.3400000035762787,2.5863826274871826,-1.2348710135898457,-0.3400000035762787,2.5863826274871826,-1.3088980163371222,-0.3400000035762787,2.5863826274871826,-1.3757909750526567,-0.3400000035762787,-78.79933697210843,0.0
1048,26.200000000000003,1.7576009629473628e+18,5.429758630018432,-0.5108309247526075,1.5963658928836935,-0.045640775080181016,13.170153829547496,-2.0173178809424885,3.252420929646886,-0.3449045958246077,-0.3400000035762787,2.5863826274871826,-0.9900167346034892,2.5863826274871826,-1.0730403709274758,-0.3400000035762787,2.5274384021759038,-1.0965172219495238,-0.3400000035762787,2.5863826274871826,-1.2348710135898457,-0.3400000035762787,2.5863826274871826,-1.3088980163371222,-0.3400000035762787,-79.64510732512315,0.0
1049,26.225,1.7576009629723628e+18,5.506144170650918,-0.4610044944596978,1.6780746771054114,-0.020988470738962477,13.072989957638281,-2.082337660241083,3.249929274400237,-0.35485648403107695,-0.3400000035762787,2.5863826274871826,-0.9083079503817713,2.5863826274871826,-0.9900167346034892,-0.3400000035762787,2.5863826274871826,-1.0730403709274758,-0.3400000035762787,2.5274384021759038,-1.0965172219495238,-0.3400000035762787,2.5863826274871826,-1.2348710135898457,-0.3400000035762787,-80.4024640903209,0.0
1050,26.25,1.7576009629973627e+18,5.508489611427364,-0.4587692683049109,1.7572679754462468,0.0030704291721901527,13.068860253744635,-2.13267027671279,3.2012737795041746,-0.36295734206702857,-0.3400000035762787,2.5863826274871826,-0.8291146520409358,2.5863826274871826,-0.9083079503817713,-0.3400000035762787,2.5863826274871826,-0.9900167346034892,-0.3400000035762787,2.5863826274871826,-1.0730403709274758,-0.3400000035762787,2.5274384021759038,-1.0965172219495238,-0.3400000035762787,-81.06982303687018,0.0
1051,26.275000000000002,1.757600963022363e+18,5.573550598794691,-0.4335759815619623,1.8332714785843311,0.024893019569543495,13.009018454693047,-2.1741589562318127,3.1037956257479133,-0.3634504477790181,-0.3400000035762787,2.5863826274871826,-0.7531111489028515,2.5863826274871826,-0.8291146520409358,-0.3400000035762787,2.5863826274871826,-0.9083079503817713,-0.3400000035762787,2.5863826274871826,-0.9900167346034892,-0.3400000035762787,2.5863826274871826,-1.0730403709274758,-0.3400000035762787,-81.64747670117171,0.0
1052,26.3,1.7576009630473628e+18,5.581285845269108,-0.4395112666352181,1.9054432480436505,0.04721412408992126,12.953498185285637,-2.215986060536209,2.934664011086648,-0.3501799922685601,-0.3400000035762787,2.5274384021759038,-0.6219951541322533,2.5863826274871826,-0.7531111489028515,-0.3400000035762787,2.5863826274871826,-0.8291146520409358,-0.3400000035762787,2.5863826274871826,-0.9083079503817713,-0.3400000035762787,2.5863826274871826,-0.9900167346034892,-0.3400000035762787,-82.07995419882873,0.0
1053,26.325000000000003,1.7576009630723628e+18,5.650522888424788,-0.4007356482995816,1.9725700018510173,0.07436667720442573,12.920734717311982,-2.26622039186245,2.648961548809052,-0.3187271139315388,-0.3400000035762787,2.468493938446045,-0.49592393659502765,2.5274384021759038,-0.6219951541322533,-0.3400000035762787,2.5863826274871826,-0.7531111489028515,-0.3400000035762787,2.5863826274871826,-0.8291146520409358,-0.3400000035762787,2.5863826274871826,-0.9083079503817713,-0.3400000035762787,-82.3752428844941,0.0
1054,26.35,1.757600963097363e+18,5.721665510201567,-0.3562320179545859,2.03226151183304,0.10958409885733696,12.80308994028407,-2.3276575476269614,2.187830603685322,-0.2685774039008335,-0.3400000035762787,2.468493938446045,-0.4362324266130049,2.468493938446045,-0.49592393659502765,-0.3400000035762787,2.5274384021759038,-0.6219951541322533,-0.3400000035762787,2.5863826274871826,-0.7531111489028515,-0.3400000035762787,2.5863826274871826,-0.8291146520409358,-0.3400000035762787,-82.60575963163714,0.0
1055,26.375,1.757600963122363e+18,5.740025025725961,-0.3478326032170105,2.0804166094674685,0.1533553270402734,12.779773239181004,-2.395489559893952,1.495672148804929,-0.20428398712952803,-0.3400000035762787,2.468493938446045,-0.3880773289785764,2.468493938446045,-0.4362324266130049,-0.3400000035762787,2.468493938446045,-0.49592393659502765,-0.3400000035762787,2.5274384021759038,-0.6219951541322533,-0.3400000035762787,2.5863826274871826,-0.7531111489028515,-0.3400000035762787,-82.79078746784812,0.0
1056,26.400000000000002,1.7576009631473628e+18,5.79277076698616,-0.3588732533909633,2.1109854099671086,0.2027405777764034,12.73300384892545,-2.4572934477279462,0.5419644620401531,-0.13475794941585006,-0.0,2.468493938446045,-0.3575085284789363,2.468493938446045,-0.3880773289785764,-0.3400000035762787,2.468493938446045,-0.4362324266130049,-0.3400000035762787,2.468493938446045,-0.49592393659502765,-0.3400000035762787,2.5274384021759038,-0.6219951541322533,-0.3400000035762787,-82.95480797191443,0.0
1057,26.425,1.7576009631723628e+18,5.833512420300398,-0.3443445533165579,2.116423449671148,0.25116914433678705,12.684135927738886,-2.495010505291055,-0.6590693979699092,-0.07065203700100305,-0.0,2.468493938446045,-0.3520704887748969,2.468493938446045,-0.3575085284789363,-0.0,2.468493938446045,-0.3880773289785764,-0.3400000035762787,2.468493938446045,-0.4362324266130049,-0.3400000035762787,2.468493938446045,-0.49592393659502765,-0.3400000035762787,-83.12550011977578,0.0
1058,26.450000000000003,1.7576009631973627e+18,5.899126235881587,-0.3399634684898838,2.0891266492304132,0.2888585286758742,12.577483124261587,-2.4883450120958663,-2.038025931408106,-0.02091362913761152,0.0,0.0,2.0891266492304132,2.468493938446045,-0.3520704887748969,-0.0,2.468493938446045,-0.3575085284789363,-0.0,2.468493938446045,-0.3880773289785764,-0.3400000035762787,2.468493938446045,-0.4362324266130049,-0.3400000035762787,-80.86140110505711,0.0
1059,26.475,1.757600963222363e+18,5.940949164646877,-0.3298495908629988,2.023648356374094,0.3047300132231026,12.523915959605937,-2.418990201189157,-3.4740831383896817,0.009881804866427852,0.0,0.0,2.023648356374094,0.0,2.0891266492304132,0.0,2.468493938446045,-0.3520704887748969,-0.0,2.468493938446045,-0.3575085284789363,-0.0,2.468493938446045,-0.3880773289785764,-0.3400000035762787,-78.76947140941164,0.0
1060,26.5,1.7576009632473628e+18,6.033083726688298,-0.3067947957687709,1.9189029471890688,0.29040314036969944,12.441448772257315,-2.2749433723141945,-4.813827426991789,0.022316594605344263,0.0,0.0,1.9189029471890688,0.0,2.023648356374094,0.0,0.0,2.0891266492304132,0.0,2.468493938446045,-0.3520704887748969,-0.0,2.468493938446045,-0.3575085284789363,-0.0,-78.21304381579253,0.0
1061,26.525000000000002,1.7576009632723628e+18,6.087116507471057,-0.3027965591945905,1.7793458455419124,0.24528050079376099,12.377748851504498,-2.0540504759901625,-5.901197450544905,0.02102840382004675,0.0,0.0,1.7793458455419124,0.0,1.9189029471890688,0.0,0.0,2.023648356374094,0.0,0.0,2.0891266492304132,0.0,2.468493938446045,-0.3520704887748969,-0.0,-78.29880917123073,0.0
1062,26.55,1.757600963297363e+18,6.106730027290878,-0.3410933024864717,1.6145419623017383,0.17992847751797184,12.352835043904124,-1.766022987183004,-6.610752248786411,0.012541226524988142,0.0,0.0,1.6145419623017383,0.0,1.7793458455419124,0.0,0.0,1.9189029471890688,0.0,0.0,2.023648356374094,0.0,0.0,2.0891266492304132,0.0,-79.17476062672985,0.0
1063,26.575000000000003,1.757600963322363e+18,6.142115063710838,-0.3453180469152823,1.4372985819039386,0.11469755830342367,12.307596877304382,-1.4323085185685216,-6.875039690957076,0.0030327975385898926,0.0,0.0,1.4372985819039386,0.0,1.6145419623017383,0.0,0.0,1.7793458455419124,0.0,0.0,1.9189029471890688,0.0,0.0,2.023648356374094,0.0,-80.79056369028564,0.0
1064,26.6,1.7576009633473628e+18,6.192112724021978,-0.3680302779682409,1.2610853280989323,0.0727315748923009,12.258318256278029,-1.083289122409711,-6.698407149303521,-0.0032542517784236143,0.0,0.0,1.2610853280989323,0.0,1.4372985819039386,0.0,0.0,1.6145419623017383,0.0,0.0,1.7793458455419124,0.0,0.0,1.9189029471890688,0.0,-82.33263294677114,0.0
1065,26.625,1.7576009633723628e+18,6.221916458370291,-0.3735753324010797,1.0975413560552856,0.07000142370028065,12.218544040836816,-0.7527697851574018,-6.1536347839754155,-0.0046870545550082975,0.0,0.0,1.0975413560552856,0.0,1.2610853280989323,0.0,0.0,1.4372985819039386,0.0,0.0,1.6145419623017383,0.0,0.0,1.7793458455419124,0.0,-83.74875221074242,0.0
1066,26.650000000000002,1.7576009633973627e+18,6.291958241447281,-0.3721797336405552,0.9546523335082711,0.10730976877451469,12.219963203469032,-0.470851698334262,-5.362872671197996,-0.0020775981651141614,0.0,0.0,0.9546523335082711,0.0,1.0975413560552856,0.0,0.0,1.2610853280989323,0.0,0.0,1.4372985819039386,0.0,0.0,1.6145419623017383,0.0,-84.99778112871617,0.0
1067,26.675,1.757600963422363e+18,6.318663032396496,-0.3794241633639965,0.8359077180017065,0.16865385177378284,12.1924134296241,-0.25739007817657183,-4.46879592845297,0.002077728092079671,0.0,0.0,0.8359077180017065,0.0,0.9546523335082711,0.0,0.0,1.0975413560552856,0.0,0.0,1.2610853280989323,0.0,0.0,1.4372985819039386,0.0,-86.05671544325224,0.0
1068,26.700000000000003,1.7576009634473628e+18,6.378041003499108,-0.3907820695284699,0.7405042666098349,0.22712880191427706,12.206914029517499,-0.11833079315933137,-3.6042448911727027,0.0046871913287225234,0.0,0.0,0.7405042666098349,0.0,0.8359077180017065,0.0,0.0,0.9546523335082711,0.0,0.0,1.0975413560552856,0.0,0.0,1.2610853280989323,0.0,-86.92287756464304,0.0
1069,26.725,1.7576009634723628e+18,6.398658411414708,-0.4028287179350572,0.6644500778215264,0.25564495603561144,12.217906773982149,-0.04610032113547796,-2.868261227777585,0.00325437822965599,0.0,0.0,0.6644500778215264,0.0,0.7405042666098349,0.0,0.0,0.8359077180017065,0.0,0.0,0.9546523335082711,0.0,0.0,1.0975413560552856,0.0,-87.61081229298559,0.0
1070,26.75,1.757600963497363e+18,6.407266656544981,-0.4054808428607237,0.6022433208897019,0.2374779820463612,12.21711339480304,-0.02359966077306288,-2.3136790358119472,-0.003032733458362621,0.0,0.0,0.6022433208897019,0.0,0.6644500778215264,0.0,0.0,0.7405042666098349,0.0,0.0,0.8359077180017065,0.0,0.0,0.9546523335082711,0.0,-88.14548549196151,0.0
1071,26.775000000000002,1.757600963522363e+18,6.4255162331109466,-0.4090906483480806,0.548639761677172,0.1721778574854025,12.215743938648002,-0.030104256487562354,-1.947379931404474,-0.012541300390409299,0.0,0.0,0.548639761677172,0.0,0.6022433208897019,0.0,0.0,0.6644500778215264,0.0,0.0,0.7405042666098349,0.0,0.0,0.8359077180017065,0.0,-88.55469863109626,0.0
1072,26.8,1.7576009635473628e+18,6.46578244820531,-0.4260795450796287,0.4999436536533129,0.07490977892726766,12.21901626182547,-0.04695644625603787,-1.740448011477529,-0.021028679878859806,0.0,0.0,0.4999436536533129,0.0,0.548639761677172,0.0,0.0,0.6022433208897019,0.0,0.0,0.6644500778215264,0.0,0.0,0.7405042666098349,0.0,-87.51429389839025,0.0
1073,26.825000000000003,1.7576009635723628e+18,6.471648762193167,-0.4391141176342702,0.45441124540047906,-0.029751507023556435,12.216648922454143,-0.06135420659260823,-1.6430863565240956,-0.02231707642637757,0.0,0.0,0.45441124540047906,0.0,0.4999436536533129,0.0,0.0,0.548639761677172,0.0,0.0,0.6022433208897019,0.0,0.0,0.6644500778215264,0.0,-85.74588905137806,0.0
1074,26.85,1.7576009635973627e+18,6.476123223853813,-0.4486970647153889,0.41178132111845,-0.11657290512982828,12.213878908746974,-0.06748889064053373,-1.5989638707453355,-0.009882390805857458,0.0,0.0,0.41178132111845,0.0,0.45441124540047906,0.0,0.0,0.4999436536533129,0.0,0.0,0.548639761677172,0.0,0.0,0.6022433208897019,0.0,-83.08990828085764,0.0
1075,26.875,1.757600963622363e+18,6.476123223853813,-0.4486970647153889,0.3724000786466466,-0.1675313087371107,12.213878908746974,-0.06530546848947374,-1.5554360733358747,0.020913159859605044,0.0,0.0,0.3724000786466466,0.0,0.41178132111845,0.0,0.0,0.45441124540047906,0.0,0.0,0.4999436536533129,0.0,0.0,0.548639761677172,0.0,-79.85748190480162,0.0
1076,26.900000000000002,1.7576009636473628e+18,6.4928342803019135,-0.4545123619712549,0.3365587913079581,-0.17630797495187697,12.211854117348745,-0.057850285370057056,-1.4688225367658043,0.07065198375794593,0.0,0.0,0.3365587913079581,0.0,0.3724000786466466,0.0,0.0,0.41178132111845,0.0,0.0,0.45441124540047906,0.0,0.0,0.4999436536533129,0.0,-76.42111116378737,0.0
1077,26.925,1.7576009636723628e+18,6.500883676584856,-0.4554199105724628,0.3044192666623934,-0.14852510733863009,12.21194324302045,-0.04837831990116012,-1.3062920443834256,0.1347585852188031,0.0,0.0,0.3044192666623934,0.0,0.3365587913079581,0.0,0.0,0.3724000786466466,0.0,0.0,0.41178132111845,0.0,0.0,0.45441124540047906,0.0,-72.91961713680514,0.0
1078,26.950000000000003,1.757600963697363e+18,6.512599623871199,-0.4595055803586464,0.2764672520801471,-0.09835634937438678,12.210741280489506,-0.03819237543591546,-1.046857475805416,0.20428540533016487,0.3400000035762787,3.8235158920288086,-3.5470486399486614,0.0,0.3044192666623934,0.0,0.0,0.3365587913079581,0.0,0.0,0.3724000786466466,0.0,0.0,0.41178132111845,0.0,-73.25662356681066,0.0
1079,26.975,1.757600963722363e+18,6.515475214807691,-0.4611443444611864,0.2540955494207617,-0.04312673453695852,12.209272105451697,-0.025753317499037705,-0.6832424625478394,0.26857936527040877,0.3400000035762787,4.0,-3.7459044505792383,3.8235158920288086,-3.5470486399486614,0.3400000035762787,0.0,0.3044192666623934,0.0,0.0,0.3365587913079581,0.0,0.0,0.3724000786466466,0.0,-73.80286335873348,0.0
1080,27.0,1.7576009637473628e+18,6.526621183556239,-0.4651497335205853,0.2398432670680901,0.0021365996321281227,12.208364657437286,-0.007097455076872754,-0.22455472409576788,0.3187289702189064,0.3400000035762787,4.0,-3.76015673293191,4.0,-3.7459044505792383,0.3400000035762787,3.8235158920288086,-3.5470486399486614,0.3400000035762787,0.0,0.3044192666623934,0.0,0.0,0.3365587913079581,0.0,-74.39322924831825,0.0
1081,27.025000000000002,1.7576009637723628e+18,6.525617503541207,-0.461005482382221,0.2370005450399421,0.028524025058957417,12.208406310061774,0.022836014336009913,0.30206579494598146,0.35018076821375893,0.3400000035762787,4.0,-3.762999454960058,4.0,-3.76015673293191,0.3400000035762787,4.0,-3.7459044505792383,0.3400000035762787,3.8235158920288086,-3.5470486399486614,0.3400000035762787,0.0,0.3044192666623934,0.0,-75.03142585949092,0.0
1082,27.05,1.7576009637973627e+18,6.532143512453109,-0.4634327464835969,0.2486100967930004,0.03454694570416784,12.20778483468421,0.06859736038906336,0.853273914838519,0.3634491326924096,0.3400000035762787,4.0,-3.7513899032069995,4.0,-3.762999454960058,0.3400000035762787,4.0,-3.76015673293191,0.3400000035762787,4.0,-3.7459044505792383,0.3400000035762787,3.8235158920288086,-3.5470486399486614,0.3400000035762787,-75.7141790252679,0.0
1083,27.075000000000003,1.757600963822363e+18,6.537772720211086,-0.4679812642715457,0.27621344283585053,0.02500836243934684,12.20688980207756,0.1329237512734859,1.3762801809351328,0.362953368383913,0.3400000035762787,4.0,-3.7237865571641495,4.0,-3.7513899032069995,0.3400000035762787,4.0,-3.762999454960058,0.3400000035762787,4.0,-3.76015673293191,0.3400000035762787,4.0,-3.7459044505792383,0.3400000035762787,-76.43338937780615,0.0
1084,27.1,1.7576009638473628e+18,6.542944649183699,-0.4735779118619244,0.31889048594420577,0.008274814381774433,12.212084104543843,0.21607593008081097,1.819821766328702,0.3548502651051769,0.3400000035762787,4.0,-3.681109514055794,4.0,-3.7237865571641495,0.3400000035762787,4.0,-3.7513899032069995,0.3400000035762787,4.0,-3.762999454960058,0.3400000035762787,4.0,-3.76015673293191,0.3400000035762787,-77.17890314667362,0.0
1085,27.125,1.7576009638723628e+18,6.551178739110259,-0.4766666883463263,0.3731323569924576,-0.006884899680809582,12.214628531016137,0.3158818777178436,2.146341344732488,0.34489789208910404,0.3400000035762787,4.0,-3.626867643007542,4.0,-3.681109514055794,0.3400000035762787,4.0,-3.7237865571641495,0.3400000035762787,4.0,-3.7513899032069995,0.3400000035762787,4.0,-3.762999454960058,0.3400000035762787,-78.00002133901963,0.0
1086,27.150000000000002,1.757600963897363e+18,6.552340854658544,-0.4709897997496834,0.43378226009408033,-0.013819876176374025,12.225654006580946,0.42837873639580887,2.341218828336605,0.33705768568561806,0.3400000035762787,4.0,-3.5662177399059196,4.0,-3.626867643007542,0.3400000035762787,4.0,-3.681109514055794,0.3400000035762787,4.0,-3.7237865571641495,0.3400000035762787,4.0,-3.7513899032069995,0.3400000035762787,-78.83039467529429,0.0
1087,27.175,1.757600963922363e+18,6.563412890437439,-0.4751185843486788,0.49572451451420285,-0.00923942122545722,12.233286696802706,0.5487911084417475,2.4155762249636212,0.33305720363886604,0.3400000035762787,4.0,-3.504275485485797,4.0,-3.5662177399059196,0.3400000035762787,4.0,-3.626867643007542,0.3400000035762787,4.0,-3.681109514055794,0.3400000035762787,4.0,-3.7237865571641495,0.3400000035762787,-79.66546242261954,0.0
1088,27.200000000000003,1.7576009639473628e+18,6.572695203308582,-0.479894815262971,0.5555098771173508,0.006847518722939966,12.253423776323421,0.6724408110609402,2.4014785554234637,0.33274203287030824,0.3400000035762787,4.0,-3.444490122882649,4.0,-3.504275485485797,0.3400000035762787,4.0,-3.5662177399059196,0.3400000035762787,4.0,-3.626867643007542,0.3400000035762787,4.0,-3.681109514055794,0.3400000035762787,-80.50316200266091,0.0
1089,27.225,1.7576009639723628e+18,6.576383274151711,-0.4812285870347902,0.6120889622307646,0.03203078105364973,12.25784954272741,0.7952331677461513,2.3412600192447925,0.33484750344302655,0.3400000035762787,4.0,-3.3879110377692356,4.0,-3.444490122882649,0.3400000035762787,4.0,-3.504275485485797,0.3400000035762787,4.0,-3.5662177399059196,0.3400000035762787,4.0,-3.626867643007542,0.3400000035762787,-81.34315135920468,0.0
1090,27.25,1.7576009639973627e+18,6.586190845037221,-0.4774637664326212,0.6663837714916809,0.06262802338129944,12.287320120167369,0.9137034062143622,2.2748902002724125,0.3378139325174495,0.3400000035762787,4.0,-3.333616228508319,4.0,-3.3879110377692356,0.3400000035762787,4.0,-3.444490122882649,0.3400000035762787,4.0,-3.504275485485797,0.3400000035762787,4.0,-3.5662177399059196,0.3400000035762787,-82.1861022639709,0.0
1091,27.275000000000002,1.757600964022363e+18,6.59392674988622,-0.4799906054441765,0.7201474108490165,0.09460905734007048,12.303377223596678,1.0249648864079859,2.2298109616521,0.34038585473053723,0.3400000035762787,4.0,-3.2798525891509835,4.0,-3.333616228508319,0.3400000035762787,4.0,-3.3879110377692356,0.3400000035762787,4.0,-3.444490122882649,0.3400000035762787,4.0,-3.504275485485797,0.3400000035762787,-83.09215598400293,0.0
1092,27.3,1.7576009640473628e+18,6.623669684960644,-0.4774422442462318,0.7748742469564996,0.12416862034580216,12.338352735332101,1.1269043765303577,2.2163960583516715,0.34189345794717574,0.3400000035762787,4.0,-3.2251257530435002,4.0,-3.2798525891509835,0.3400000035762787,4.0,-3.333616228508319,0.3400000035762787,4.0,-3.3879110377692356,0.3400000035762787,4.0,-3.444490122882649,0.3400000035762787,-84.00362766999099,0.0
1093,27.325000000000003,1.7576009640723628e+18,6.628031999369989,-0.4787459149184817,0.8312582922240204,0.14802950463710504,12.347161026309966,1.218616573538496,2.229800792317021,0.3422479081016577,0.3400000035762787,4.0,-3.16874170777598,4.0,-3.2251257530435002,0.3400000035762787,4.0,-3.2798525891509835,0.3400000035762787,4.0,-3.333616228508319,0.3400000035762787,4.0,-3.3879110377692356,0.3400000035762787,-84.92122398619716,0.0
1094,27.35,1.757600964097363e+18,6.6717110711889305,-0.4832406652198813,0.8892007569212056,0.16362877880026772,12.40127651857888,1.3007529684336194,2.256562742278389,0.34175788824385717,0.3400000035762787,4.0,-3.1107992430787945,4.0,-3.16874170777598,0.3400000035762787,4.0,-3.2251257530435002,0.3400000035762787,4.0,-3.2798525891509835,0.3400000035762787,4.0,-3.333616228508319,0.3400000035762787,-85.84447860931706,0.0
1095,27.375,1.757600964122363e+18,6.687786023959227,-0.483811419874217,0.9480829573565791,0.16927445127306415,12.421986827158701,1.3755002617242715,2.2828263481637503,0.34088967822260013,0.3400000035762787,4.0,-3.051917042643421,4.0,-3.1107992430787945,0.3400000035762787,4.0,-3.16874170777598,0.3400000035762787,4.0,-3.2251257530435002,0.3400000035762787,4.0,-3.2798525891509835,0.3400000035762787,-86.77152385198174,0.0
1096,27.400000000000002,1.7576009641473628e+18,6.72752394680375,-0.4874746055213346,1.0070791512334671,0.164289422556235,12.466619354406783,1.4461833481310475,2.300922320516839,0.34006493380548614,0.3400000035762787,4.0,-2.992920848766533,4.0,-3.051917042643421,0.3400000035762787,4.0,-3.1107992430787945,0.3400000035762787,4.0,-3.16874170777598,0.3400000035762787,4.0,-3.2251257530435002,0.3400000035762787,-87.69952511119155,0.0
1097,27.425,1.7576009641723628e+18,6.779683125514849,-0.4794721159378153,1.065470163367728,0.14914405027309519,12.532323130744281,1.5166315550978582,2.31209279422753,0.3395437440647804,0.3400000035762787,4.0,-2.9345298366322723,4.0,-2.992920848766533,0.3400000035762787,4.0,-3.051917042643421,0.3400000035762787,4.0,-3.1107992430787945,0.3400000035762787,4.0,-3.16874170777598,0.3400000035762787,-88.62565890354834,0.0
1098,27.450000000000003,1.7576009641973627e+18,6.779683125514849,-0.4794721159378153,1.1229629833201338,0.1255283410579166,12.532323130744281,1.5903356663735264,2.324873208780758,0.3393970375107752,0.3400000035762787,4.0,-2.877037016679866,4.0,-2.9345298366322723,0.3400000035762787,4.0,-2.992920848766533,0.3400000035762787,4.0,-3.051917042643421,0.3400000035762787,4.0,-3.1107992430787945,0.3400000035762787,-89.54825802418436,0.0
1099,27.475,1.757600964222363e+18,6.798538578389997,-0.4816011021516825,1.1799092425887294,0.09620027795792971,12.562234673342326,1.6693609332927846,2.3503448160222473,0.33954448480475347,0.3400000035762787,4.0,-2.8200907574112706,4.0,-2.877037016679866,0.3400000035762787,4.0,-2.9345298366322723,0.3400000035762787,4.0,-2.992920848766533,0.3400000035762787,4.0,-3.051917042643421,0.3400000035762787,-90.46783238142712,0.0
1100,27.5,1.7576009642473628e+18,6.859447289325557,-0.4850707918933795,1.237265974069863,0.06443618879523876,12.643348596166112,1.753242333776692,2.3965747542849285,0.3398244543532095,0.3400000035762787,4.0,-2.762734025930137,4.0,-2.8200907574112706,0.3400000035762787,4.0,-2.877037016679866,0.3400000035762787,4.0,-2.9345298366322723,0.3400000035762787,4.0,-2.992920848766533,0.3400000035762787,-91.38788111468034,0.0
1101,27.525000000000002,1.7576009642723628e+18,6.873208158391625,-0.4860492951177905,1.296275701290363,0.03313419506466547,12.664736168064419,1.8384751365012415,2.4647317073247623,0.3400669172891239,0.3400000035762787,4.0,-2.703724298709637,4.0,-2.762734025930137,0.3400000035762787,4.0,-2.8200907574112706,0.3400000035762787,4.0,-2.877037016679866,0.3400000035762787,4.0,-2.9345298366322723,0.3400000035762787,-92.31542379764369,0.0
1102,27.55,1.757600964297363e+18,6.911098399067514,-0.4730165342998566,1.3580238647181162,0.003913118283635713,12.708031424397001,1.9192508070478425,2.548598367910579,0.340150981427837,0.3400000035762787,4.0,-2.641976135281884,4.0,-2.703724298709637,0.3400000035762787,4.0,-2.762734025930137,0.3400000035762787,4.0,-2.8200907574112706,0.3400000035762787,4.0,-2.877037016679866,0.3400000035762787,-93.20207073214759,0.0
1103,27.575000000000003,1.757600964322363e+18,6.935074057348228,-0.4732709361885822,1.4230857806577681,-0.02338652044640378,12.743265245559709,1.989556493850408,2.6378043034333665,0.3400391349762941,0.3400000035762787,4.0,-2.576914219342232,4.0,-2.641976135281884,0.3400000035762787,4.0,-2.703724298709637,0.3400000035762787,4.0,-2.762734025930137,0.3400000035762787,4.0,-2.8200907574112706,0.3400000035762787,-94.12005352299033,0.0
1104,27.6,1.7576009643473628e+18,6.9893183491493565,-0.4650963908928193,1.491397115171043,-0.05057440985396717,12.803817445762412,2.0459141949493937,2.723588538729795,0.33978651581361696,0.3400000035762787,4.0,-2.508602884828957,4.0,-2.576914219342232,0.3400000035762787,4.0,-2.641976135281884,0.3400000035762787,4.0,-2.703724298709637,0.3400000035762787,4.0,-2.762734025930137,0.3400000035762787,-95.08364640380599,0.0
1105,27.625,1.7576009643723628e+18,7.015417395928874,-0.4638972615425615,1.5623818060113077,-0.08034235156799432,12.842429483528493,2.0894287233551205,2.8048176218256264,0.3395254865638088,0.3400000035762787,4.0,-2.4376181939886923,4.0,-2.508602884828957,0.3400000035762787,4.0,-2.576914219342232,0.3400000035762787,4.0,-2.641976135281884,0.3400000035762787,4.0,-2.703724298709637,0.3400000035762787,-96.10557053103015,0.0
1106,27.650000000000002,1.7576009643973627e+18,7.067085256945536,-0.4421281248271562,1.6353194573873593,-0.11502706144792987,12.908902742715114,2.125927084905345,2.8917266137073505,0.33942616874671966,0.3400000035762787,4.0,-2.364680542612641,4.0,-2.4376181939886923,0.3400000035762787,4.0,-2.508602884828957,0.3400000035762787,4.0,-2.576914219342232,0.3400000035762787,4.0,-2.641976135281884,0.3400000035762787,-97.19400824784042,0.0
1107,27.675,1.757600964422363e+18,7.099606734122073,-0.4363230500296288,1.7098850988327943,-0.1553194591733759,12.957605219216894,2.163872926814001,3.0055232899468862,0.33963594818521414,0.3400000035762787,4.0,-2.2901149011672057,4.0,-2.364680542612641,0.3400000035762787,4.0,-2.4376181939886923,0.3400000035762787,4.0,-2.508602884828957,0.3400000035762787,4.0,-2.576914219342232,0.3400000035762787,-98.40856749010297,0.0
1108,27.700000000000003,1.7576009644473628e+18,7.154280092304303,-0.4213782183693787,1.786682143466409,-0.19952627219216282,13.029669628946431,2.210910708541354,3.1733772868840693,0.34020761121595067,0.3400000035762787,4.0,-2.2133178565335907,4.0,-2.2901149011672057,0.3400000035762787,4.0,-2.364680542612641,0.3400000035762787,4.0,-2.4376181939886923,0.3400000035762787,4.0,-2.508602884828957,0.3400000035762787,-99.73998590785831,0.0
1109,27.725,1.7576009644723628e+18,7.210750024549379,-0.3999548634675537,1.8674866936583137,-0.24385622133336401,13.096930916983327,2.270580610665655,3.419928033173285,0.34103601141482515,0.3400000035762787,4.0,-2.1325133063416866,4.0,-2.2133178565335907,0.3400000035762787,4.0,-2.2901149011672057,0.3400000035762787,4.0,-2.364680542612641,0.3400000035762787,4.0,-2.4376181939886923,0.3400000035762787,-101.10898489596406,0.0
1110,27.75,1.757600964497363e+18,7.236940556145233,-0.387967205283067,1.9549920989903622,-0.28372347320076613,13.124279686646993,2.340611204892187,3.7577249771285346,0.34183269562790247,0.3400000035762787,4.0,-2.0450079010096376,4.0,-2.1325133063416866,0.3400000035762787,4.0,-2.2133178565335907,0.3400000035762787,4.0,-2.2901149011672057,0.3400000035762787,4.0,-2.364680542612641,0.3400000035762787,-102.48489375492386,0.0
1111,27.775000000000002,1.757600964522363e+18,7.270531166159706,-0.3722097705281069,2.052106535642539,-0.31555304767465503,13.166866030700788,2.413483189987989,4.179522756787421,0.34216979492419186,0.3400000035762787,4.0,-1.947893464357461,4.0,-2.0450079010096376,0.3400000035762787,4.0,-2.1325133063416866,0.3400000035762787,4.0,-2.2133178565335907,0.3400000035762787,4.0,-2.2901149011672057,0.3400000035762787,-103.88824169992466,0.0
1112,27.8,1.7576009645473628e+18,7.326603258507967,-0.3515913948181244,2.161109411378448,-0.33835825076706094,13.252520656101224,2.479054344811676,4.6549409057592745,0.34161176915073355,0.3400000035762787,4.0,-1.838890588621552,4.0,-1.947893464357461,0.3400000035762787,4.0,-2.0450079010096376,0.3400000035762787,4.0,-2.1325133063416866,0.3400000035762787,4.0,-2.2133178565335907,0.3400000035762787,-105.27762056494241,0.0
1113,27.825000000000003,1.7576009645723628e+18,7.393492825286362,-0.3079699825600328,2.282992417748832,-0.3544501287104574,13.341921657940837,2.528231313702874,5.132832758396022,0.33992314751270625,0.3400000035762787,4.0,-1.717007582251168,4.0,-1.838890588621552,0.3400000035762787,4.0,-1.947893464357461,0.3400000035762787,4.0,-2.0450079010096376,0.3400000035762787,4.0,-2.1325133063416866,0.3400000035762787,-106.61273708971015,0.0
1114,27.85,1.7576009645973627e+18,7.429076152582915,-0.2848622637666538,2.4171052000307127,-0.36885873378116724,13.392505557753875,2.5562038471389505,5.549182381969104,0.33729668653305844,0.3400000035762787,4.0,-1.5828947999692873,4.0,-1.717007582251168,0.3400000035762787,4.0,-1.838890588621552,0.3400000035762787,4.0,-1.947893464357461,0.3400000035762787,4.0,-2.0450079010096376,0.3400000035762787,-107.85867772521254,0.0
1115,27.875,1.757600964622363e+18,7.472965306319062,-0.2204916785322894,2.5610459932590435,-0.38741762151809545,13.44306207885036,2.5638379841013776,5.838903544521373,0.33450340919568755,0.3400000035762787,4.0,-1.4389540067409565,4.0,-1.5828947999692873,0.3400000035762787,4.0,-1.717007582251168,0.3400000035762787,4.0,-1.838890588621552,0.3400000035762787,4.0,-1.947893464357461,0.3400000035762787,-109.16571248509136,0.0
1116,27.900000000000002,1.7576009646473628e+18,7.518847730643676,-0.1818284391591127,2.710778291922458,-0.414140310453042,13.506293109892033,2.556600419719467,5.948902241605385,0.33284573805898987,0.3400000035762787,4.0,-1.2892217080775419,4.0,-1.4389540067409565,0.3400000035762787,4.0,-1.5828947999692873,0.3400000035762787,4.0,-1.717007582251168,0.3400000035762787,4.0,-1.838890588621552,0.3400000035762787,-110.40046907807454,0.0
1117,27.925,1.7576009646723628e+18,7.575538982307803,-0.1386082362003153,2.8610629803389105,-0.44921984752543365,13.597411710590217,2.5416122117344595,5.84938394008071,0.3338206960184258,0.3400000035762787,4.0,-1.1389370196610895,4.0,-1.2892217080775419,0.3400000035762787,4.0,-1.4389540067409565,0.3400000035762787,4.0,-1.5828947999692873,0.3400000035762787,4.0,-1.717007582251168,0.3400000035762787,-111.44137815980466,0.0
1118,27.950000000000003,1.757600964697363e+18,7.615092107937999,-0.1009270889308922,3.0062052683322347,-0.4889603877864298,13.65060715276292,2.524326517322884,5.540690903522551,0.33848565148301973,0.3400000035762787,4.0,-0.9937947316677653,4.0,-1.1389370196610895,0.3400000035762787,4.0,-1.2892217080775419,0.3400000035762787,4.0,-1.4389540067409565,0.3400000035762787,4.0,-1.5828947999692873,0.3400000035762787,-112.35572707324822,0.0
1119,27.975,1.757600964722363e+18,7.642465755076884,-0.0463497367043528,3.1409066456297365,-0.52790114139649,13.692772153711823,2.506314576331303,5.053873753776799,0.34665602439822657,0.3400000035762787,4.0,-0.8590933543702635,4.0,-0.9937947316677653,0.3400000035762787,4.0,-1.1389370196610895,0.3400000035762787,4.0,-1.2892217080775419,0.3400000035762787,4.0,-1.4389540067409565,0.3400000035762787,-113.10344191648831,0.0
1120,28.0,1.7576009647473628e+18,7.689794893676655,0.013555318082264,3.2609808978231145,-0.5620275024468017,13.75934422293132,2.4849811643330844,4.44456311191721,0.35621372316539107,0.3400000035762787,4.0,-0.7390191021768855,4.0,-0.8590933543702635,0.3400000035762787,4.0,-0.9937947316677653,0.3400000035762787,4.0,-1.1389370196610895,0.3400000035762787,4.0,-1.2892217080775419,0.3400000035762787,-113.7106576605963,0.0
1121,28.025000000000002,1.7576009647723628e+18,7.72228309577534,0.1169679786373809,3.3638513873305715,-0.5912829173179165,13.822038153880877,2.455233347189694,3.78125670670764,0.36289882564675585,0.3400000035762787,4.0,-0.6361486126694285,4.0,-0.7390191021768855,0.3400000035762787,4.0,-0.8590933543702635,0.3400000035762787,4.0,-0.9937947316677653,0.3400000035762787,4.0,-1.1389370196610895,0.3400000035762787,-114.20581139615506,0.0
1122,28.05,1.7576009647973627e+18,7.75102116029449,0.1777613992593423,3.4488307620482184,-0.620007805156302,13.87556950164019,2.412355614420769,3.1305594058850295,0.3609158013564558,0.3400000035762787,4.0,-0.5511692379517816,4.0,-0.6361486126694285,0.3400000035762787,4.0,-0.7390191021768855,0.3400000035762787,4.0,-0.8590933543702635,0.3400000035762787,4.0,-0.9937947316677653,0.3400000035762787,-114.61349816619379,0.0
1123,28.075000000000003,1.757600964822363e+18,7.793722227036202,0.239759320305851,3.5171021788124484,-0.6551527917942576,13.943000717808047,2.3547230442390865,2.542866200576205,0.344453733448831,0.3400000035762787,3.941404342651367,-0.42430216383891883,4.0,-0.5511692379517816,0.3400000035762787,4.0,-0.6361486126694285,0.3400000035762787,4.0,-0.7390191021768855,0.3400000035762787,4.0,-0.8590933543702635,0.3400000035762787,-114.88963512456428,0.0
1124,28.1,1.7576009648473628e+18,7.829061668000062,0.3336114602641067,3.571266219706126,-0.7033243271286839,14.017159485009941,2.2848876106481586,2.0421509259266517,0.3098122777370903,0.3400000035762787,3.941404342651367,-0.3701381229452414,3.941404342651367,-0.42430216383891883,0.3400000035762787,4.0,-0.5511692379517816,0.3400000035762787,4.0,-0.6361486126694285,0.3400000035762787,4.0,-0.7390191021768855,0.3400000035762787,-115.1512427557516,0.0
1125,28.125,1.7576009648723628e+18,7.854741490091195,0.4389457597055208,3.6144530086142255,-0.7680096471396755,14.075485600686742,2.2082525601075553,1.622734405688893,0.2573715736911537,0.3400000035762787,3.941404342651367,-0.3269513340371417,3.941404342651367,-0.3701381229452414,0.3400000035762787,3.941404342651367,-0.42430216383891883,0.3400000035762787,4.0,-0.5511692379517816,0.3400000035762787,4.0,-0.6361486126694285,0.3400000035762787,-115.3226787761911,0.0
1126,28.150000000000002,1.757600964897363e+18,7.8673267521215235,0.4901889314819339,3.649244789626228,-0.8476353140922677,14.11190370961138,2.1297570116706512,1.2542156362838317,0.19240733197708648,0.2799360752105713,3.941404342651367,-0.2921595530251393,3.941404342651367,-0.3269513340371417,0.3400000035762787,3.941404342651367,-0.3701381229452414,0.3400000035762787,3.941404342651367,-0.42430216383891883,0.3400000035762787,4.0,-0.5511692379517816,0.3400000035762787,-116.90494865998073,0.0
1127,28.175,1.757600964922363e+18,7.877305513404513,0.584794240749366,3.676809108143047,-0.9344477346145137,14.17865055365015,2.0500818102780527,0.8935280148638145,0.12404048980252104,-0.0,3.941404342651367,-0.26459523450832023,3.941404342651367,-0.2921595530251393,0.2799360752105713,3.941404342651367,-0.3269513340371417,0.3400000035762787,3.941404342651367,-0.3701381229452414,0.3400000035762787,3.941404342651367,-0.42430216383891883,0.3400000035762787,-118.85828803937316,0.0
1128,28.200000000000003,1.7576009649473628e+18,7.886551959607619,0.6928955171628237,3.6965934255009243,-1.014419825575919,14.246566432723792,1.9632729494803038,0.5009511398757797,0.062493053122657446,-0.0,3.882460117340088,-0.1858666918391636,3.941404342651367,-0.26459523450832023,-0.0,3.941404342651367,-0.2921595530251393,0.2799360752105713,3.941404342651367,-0.3269513340371417,0.3400000035762787,3.941404342651367,-0.3701381229452414,0.3400000035762787,-121.02913416541367,0.0
1129,28.225,1.7576009649723628e+18,7.9278098531725245,0.7792736913353409,3.7067135575984467,-1.0690512473301417,14.290585015257882,1.8572268088519588,0.055548805068689415,0.01582452214203105,-0.0,3.882460117340088,-0.17574655974164122,3.882460117340088,-0.1858666918391636,-0.0,3.941404342651367,-0.26459523450832023,-0.0,3.941404342651367,-0.2921595530251393,0.2799360752105713,3.941404342651367,-0.3269513340371417,0.3400000035762787,-122.98184009157278,0.0
1130,28.25,1.7576009649973627e+18,7.9299725262417,0.8477172035676412,3.7048947562002623,-1.0797739455681177,14.330887575762794,1.717402720858038,-0.4345989348021641,-0.012337248881652302,-0.0,3.882460117340088,-0.17756536113982557,3.882460117340088,-0.17574655974164122,-0.0,3.882460117340088,-0.1858666918391636,-0.0,3.941404342651367,-0.26459523450832023,-0.0,3.941404342651367,-0.2921595530251393,0.2799360752105713,-124.71264362860099,0.0
1131,28.275000000000002,1.757600965022363e+18,7.92132772950363,0.9154248965272332,3.6896130364837627,-1.034177377842291,14.355403752214496,1.5327278512980718,-0.9307536436538438,-0.02318441515390966,-0.0,3.8235158920288086,-0.13390285554504588,3.882460117340088,-0.17756536113982557,-0.0,3.882460117340088,-0.17574655974164122,-0.0,3.882460117340088,-0.1858666918391636,-0.0,3.941404342651367,-0.26459523450832023,-0.0,-125.6508886879965,0.0
1132,28.3,1.7576009650473628e+18,7.912525729457037,1.0061780662020343,3.6610195854957426,-0.9315079868777502,14.40351976719565,1.3014512552714086,-1.3715888687485347,-0.02140786286603753,-0.0,3.470024347305298,0.19099523819044473,3.8235158920288086,-0.13390285554504588,-0.0,3.882460117340088,-0.17756536113982557,-0.0,3.882460117340088,-0.17574655974164122,-0.0,3.882460117340088,-0.1858666918391636,-0.0,-125.18634553028225,0.0
1133,28.325000000000003,1.7576009650723628e+18,7.912724468877328,1.0442518673946806,3.621333004531553,-0.7845096835869871,14.40755557317169,1.0343741004349742,-1.6894576747010617,-0.01305460247542871,-0.0,3.4110798835754395,0.21025312095611337,3.470024347305298,0.19099523819044473,-0.0,3.8235158920288086,-0.13390285554504588,-0.0,3.882460117340088,-0.17756536113982557,-0.0,3.882460117340088,-0.17574655974164122,-0.0,-124.13478897774839,0.0
1134,28.35,1.757600965097363e+18,7.886728105743613,1.141506530083729,3.5745944754929373,-0.6161760156668166,14.452080730231465,0.7537720862671863,-1.8310354345252273,-0.0035355578269708216,-0.0,3.3523099422454834,0.2222845332474539,3.4110798835754395,0.21025312095611337,-0.0,3.470024347305298,0.19099523819044473,-0.0,3.8235158920288086,-0.13390285554504588,-0.0,3.882460117340088,-0.17756536113982557,-0.0,-122.60835087352127,0.0
1135,28.375,1.757600965122363e+18,7.861536567106835,1.2278217366314106,3.5258972241048836,-0.452510811685386,14.480455735733127,0.4880965730242913,-1.7771061682086058,0.003596799045563722,-0.0,3.3523099422454834,0.1735872818594002,3.3523099422454834,0.2222845332474539,-0.0,3.4110798835754395,0.21025312095611337,-0.0,3.470024347305298,0.19099523819044473,-0.0,3.8235158920288086,-0.13390285554504588,-0.0,-120.88992219211401,0.0
1136,28.400000000000002,1.7576009651473628e+18,7.836856011731124,1.3064150140627968,3.48032448914827,-0.31448180424278294,14.509432284569671,0.26434871685009675,-1.55605933665889,0.006947057902327598,-0.0,3.3523099422454834,0.12801454690278646,3.3523099422454834,0.1735872818594002,-0.0,3.3523099422454834,0.2222845332474539,-0.0,3.4110798835754395,0.21025312095611337,-0.0,3.470024347305298,0.19099523819044473,-0.0,-119.07377433089056,0.0
1137,28.425,1.7576009651723628e+18,7.819267338983851,1.383677676552901,3.441812948527672,-0.21270587143948919,14.497317945387563,0.10096588056470093,-1.2467275157937132,0.006855526862120072,-0.0,3.3523099422454834,0.08950300628218866,3.3523099422454834,0.12801454690278646,-0.0,3.3523099422454834,0.1735872818594002,-0.0,3.3523099422454834,0.2222845332474539,-0.0,3.4110798835754395,0.21025312095611337,-0.0,-117.29941067197309,0.0
1138,28.450000000000003,1.7576009651973627e+18,7.788618323640069,1.4668953759041632,3.4120717961727816,-0.14674849823862335,14.486649153248587,0.0037182383894712344,-0.968374381393291,0.004624760316752841,-0.0,3.293365716934204,0.11870607923857746,3.3523099422454834,0.08950300628218866,-0.0,3.3523099422454834,0.12801454690278646,-0.0,3.3523099422454834,0.1735872818594002,-0.0,3.3523099422454834,0.2222845332474539,-0.0,-115.51774033665518,0.0
1139,28.475,1.757600965222363e+18,7.763778118921781,1.5332795021169867,3.38967422245319,-0.1084261362735387,14.48963999026332,-0.03424557026569873,-0.8586062225367252,0.0017476779494068335,-0.0,3.234421491622925,0.15525273083026514,3.293365716934204,0.11870607923857746,-0.0,3.3523099422454834,0.08950300628218866,-0.0,3.3523099422454834,0.12801454690278646,-0.0,3.3523099422454834,0.1735872818594002,-0.0,-113.73235938906825,0.0
1140,28.5,1.7576009652473628e+18,7.725236543827831,1.6501676274562025,3.3695353436188418,-0.0868151084276417,14.482630054415406,-0.028753153938960503,-1.043194503590658,-0.0006319415772303243,-0.0,3.234421491622925,0.13511385199591697,3.234421491622925,0.15525273083026514,-0.0,3.293365716934204,0.11870607923857746,-0.0,3.3523099422454834,0.08950300628218866,-0.0,3.3523099422454834,0.12801454690278646,-0.0,-111.94773836675452,0.0
1141,28.525000000000002,1.7576009652723628e+18,7.701496393729972,1.7150776784670996,3.343077669406615,-0.07254410752870992,14.48263852683027,0.0008265325797652975,-1.6045132903712702,-0.0019485071826193046,-0.0,3.0575883388519287,0.2854893305546864,3.234421491622925,0.13511385199591697,-0.0,3.234421491622925,0.15525273083026514,-0.0,3.293365716934204,0.11870607923857746,-0.0,3.3523099422454834,0.08950300628218866,-0.0,-110.1168929954738,0.0
1142,28.55,1.757600965297363e+18,7.672123086839777,1.7955194773399537,3.299328969652914,-0.05999451307784663,14.484406867604385,0.03670676514554037,-2.556649644067716,-0.002178075881563292,-0.0,2.880929946899414,0.41839902275349994,3.0575883388519287,0.2854893305546864,-0.0,3.234421491622925,0.13511385199591697,-0.0,3.234421491622925,0.15525273083026514,-0.0,3.293365716934204,0.11870607923857746,-0.0,-108.204718999025,0.0
1143,28.575000000000003,1.757600965322363e+18,7.649475417220759,1.8580195145349647,3.226962643357789,-0.0473768457388076,14.485098398637708,0.06606287153564896,-3.8345169408272852,-0.0016461244831211764,-0.0,2.5274384021759038,0.6995242411818854,2.880929946899414,0.41839902275349994,-0.0,3.0575883388519287,0.2854893305546864,-0.0,3.234421491622925,0.13511385199591697,-0.0,3.234421491622925,0.15525273083026514,-0.0,-106.12940378279048,0.0
1144,28.6,1.7576009653473628e+18,7.61237662428559,1.9689243184797545,3.1169338323730456,-0.03553992703385277,14.485979819934437,0.08227073976805385,-5.3012684080373536,-0.000797088789140636,-0.0,1.2313607931137085,1.885573039259337,2.5274384021759038,0.6995242411818854,-0.0,2.880929946899414,0.41839902275349994,-0.0,3.0575883388519287,0.2854893305546864,-0.0,3.234421491622925,0.13511385199591697,-0.0,-102.93493272719401,0.0
1145,28.625000000000004,1.7576009653723628e+18,7.59107317064184,2.0276562337392914,2.9650150549305794,-0.026515232121600583,14.486484174834658,0.08436844850630311,-6.773523724089305,-1.164211302982769e-05,-0.0,-0.0,2.9650150549305794,1.2313607931137085,1.885573039259337,-0.0,2.5274384021759038,0.6995242411818854,-0.0,2.880929946899414,0.41839902275349994,-0.0,3.0575883388519287,0.2854893305546864,-0.0,-98.7350466586736,0.0
1146,28.650000000000002,1.7576009653973627e+18,7.550165162924118,2.13952838790424,2.7733741646921324,-0.022415996724793986,14.489837437090667,0.07540842044264182,-8.058714911461237,0.000488871486876795,-0.0,-0.0,2.7733741646921324,-0.0,2.9650150549305794,-0.0,1.2313607931137085,1.885573039259337,-0.0,2.5274384021759038,0.6995242411818854,-0.0,2.880929946899414,0.41839902275349994,-0.0,-94.86515527203193,0.0
1147,28.675,1.757600965422363e+18,7.53983723503276,2.167700716512223,2.550525345665452,-0.024818490406451354,14.490412538110936,0.06037135413507347,-8.994967051686071,0.0006531070484698484,-0.0,-0.0,2.550525345665452,-0.0,2.7733741646921324,-0.0,-0.0,2.9650150549305794,-0.0,1.2313607931137085,1.885573039259337,-0.0,2.5274384021759038,0.6995242411818854,-0.0,-91.24158955543899,0.0
1148,28.700000000000003,1.7576009654473628e+18,7.5013473373037085,2.2787553759148773,2.3095339707905773,-0.034441717158426276,14.491979867426782,0.04418956092312845,-9.482852639625932,0.0005533857603324025,-0.0,-0.0,2.3095339707905773,-0.0,2.550525345665452,-0.0,-0.0,2.7733741646921324,-0.0,-0.0,2.9650150549305794,-0.0,1.2313607931137085,1.885573039259337,-0.0,-87.94203885004494,0.0
1149,28.725,1.7576009654723628e+18,7.5013473373037085,2.2787553759148773,2.065041192872261,-0.05088859330159211,14.491979867426782,0.030290086172829054,-9.50069143215253,0.0003177699455653053,-0.0,-0.0,2.065041192872261,-0.0,2.3095339707905773,-0.0,-0.0,2.550525345665452,-0.0,-0.0,2.7733741646921324,-0.0,-0.0,2.9650150549305794,-0.0,-84.9686897067909,0.0
1150,28.750000000000004,1.757600965497363e+18,7.470544605920342,2.3645882676094567,1.8301247801478353,-0.07237000692088781,14.49538258306648,0.0199614592496167,-9.100151869621369,6.967288924290394e-05,-0.0,-0.0,1.8301247801478353,-0.0,2.065041192872261,-0.0,-0.0,2.3095339707905773,-0.0,-0.0,2.550525345665452,-0.0,-0.0,2.7733741646921324,-0.0,-82.30945027460214,0.0
1151,28.775000000000002,1.757600965522363e+18,7.464893228109944,2.3796422198774776,1.6140021033779954,-0.09558234093174847,14.495614462986802,0.012661821975027585,-8.38500085235307,-0.00010892325537173659,0.0,0.0,1.6140021033779954,-0.0,1.8301247801478353,-0.0,-0.0,2.065041192872261,-0.0,-0.0,2.3095339707905773,-0.0,-0.0,2.550525345665452,-0.0,-79.94233702232128,0.0
1152,28.8,1.7576009655473628e+18,7.454345536311195,2.448165955566026,1.42118753334759,-0.11604610834003973,14.495436866192106,0.007022077119435796,-7.480772110211756,-0.00018783494743980467,0.0,0.0,1.42118753334759,0.0,1.6140021033779954,0.0,-0.0,1.8301247801478353,-0.0,-0.0,2.065041192872261,-0.0,-0.0,2.3095339707905773,-0.0,-77.89915433484144,0.0
1153,28.825000000000003,1.7576009655723628e+18,7.4308012542841375,2.504473856966115,1.252162382108544,-0.12905785261972996,14.497892101887476,0.001940934964324317,-6.505149523515296,-0.00017908950547368833,0.0,0.0,1.252162382108544,0.0,1.42118753334759,0.0,0.0,1.6140021033779954,0.0,-0.0,1.8301247801478353,-0.0,-0.0,2.065041192872261,-0.0,-76.15106801613787,0.0
1154,28.85,1.7576009655973627e+18,7.4199685142811695,2.5334615574383514,1.1050742300501246,-0.1310280321707041,14.498722398241016,-0.0028496119261617334,-5.547405763818402,-0.00011768889898351937,0.0,0.0,1.1050742300501246,0.0,1.252162382108544,0.0,0.0,1.42118753334759,0.0,0.0,1.6140021033779954,0.0,-0.0,1.8301247801478353,-0.0,-74.60976135947473,0.0
1155,28.875000000000004,1.757600965622363e+18,7.41552285141595,2.55199105970521,0.9776182497903048,-0.12068903915730578,14.496464563450745,-0.0069673147317640145,-4.661075497313562,-4.225393986863215e-05,0.0,0.0,0.9776182497903048,0.0,1.1050742300501246,0.0,0.0,1.252162382108544,0.0,0.0,1.42118753334759,0.0,0.0,1.6140021033779954,0.0,-73.24406578070587,0.0
1156,28.900000000000002,1.7576009656473628e+18,7.398830569328171,2.596482250766159,0.8682552397148996,-0.09967236850966874,14.496569887811265,-0.009996985061455903,-3.868950469824363,1.8381399689530353e-05,0.0,0.0,0.8682552397148996,0.0,0.9776182497903048,0.0,0.0,1.1050742300501246,0.0,0.0,1.252162382108544,0.0,0.0,1.42118753334759,0.0,-72.01830201251202,0.0
1157,28.925,1.7576009656723628e+18,7.382119098021933,2.6471709419753617,0.7763478538907552,-0.07220263335109224,14.493707503003543,-0.011980465095357122,-3.1754550112801674,5.063110095836547e-05,-0.0,-0.0,0.7763478538907552,0.0,0.8682552397148996,0.0,0.0,0.9776182497903048,0.0,0.0,1.1050742300501246,0.0,0.0,1.252162382108544,0.0,-70.88988366984637,0.0
1158,28.950000000000003,1.757600965697363e+18,7.382119098021933,2.6471709419753617,0.7014342050487805,-0.04399306108868828,14.493707503003543,-0.01342371728201931,-2.5798738725839216,5.4874257209938125e-05,-0.0,-0.0,0.7014342050487805,-0.0,0.7763478538907552,-0.0,0.0,0.8682552397148996,0.0,0.0,0.9776182497903048,0.0,0.0,1.1050742300501246,0.0,-72.27757611402801,0.0
1159,28.975,1.757600965722363e+18,7.372139998080266,2.672077300339218,0.6422990992859798,-0.02073771401291184,14.493370017730028,-0.01489756797148009,-2.08501227282127,4.02746409848002e-05,-0.0,-0.0,0.6422990992859798,-0.0,0.7014342050487805,-0.0,-0.0,0.7763478538907552,-0.0,0.0,0.8682552397148996,0.0,0.0,0.9776182497903048,0.0,-73.65892537111613,0.0
1160,29.000000000000004,1.7576009657473628e+18,7.365139653027359,2.6909066024057413,0.5964649065744347,-0.006712716933672194,14.492879856809715,-0.01659498915322713,-1.6988220873353201,1.870837920472735e-05,-0.0,-0.0,0.5964649065744347,-0.0,0.6422990992859798,-0.0,-0.0,0.7014342050487805,-0.0,-0.0,0.7763478538907552,-0.0,0.0,0.8682552397148996,0.0,-74.98136341173075,0.0
1161,29.025000000000002,1.7576009657723628e+18,7.358137859893167,2.701353940753624,0.560326899604978,-0.0038389649079824564,14.492479068306931,-0.018175214254466825,-1.4298816561358987,-1.6948168564503812e-08,-0.0,-0.0,0.560326899604978,-0.0,0.5964649065744347,-0.0,-0.0,0.6422990992859798,-0.0,-0.0,0.7014342050487805,-0.0,-0.0,0.7763478538907552,-0.0,-76.20038235766769,0.0
1162,29.05,1.7576009657973627e+18,7.351347523632106,2.719598617743048,0.5297690999461832,-0.011310767481678538,14.492041321873838,-0.01897362652882577,-1.2800142722231078,-1.0649093825406274e-05,-0.0,-0.0,0.5297690999461832,-0.0,0.560326899604978,-0.0,-0.0,0.5964649065744347,-0.0,-0.0,0.6422990992859798,-0.0,-0.0,0.7014342050487805,-0.0,-77.28515522002323,0.0
1163,29.075000000000003,1.757600965822363e+18,7.346509453648688,2.7367406741045173,0.5009344821488313,-0.025807095146807166,14.491398632268337,-0.01840446380305362,-1.2380375428069073,-1.2720128977168914e-05,-0.0,-0.0,0.5009344821488313,-0.0,0.5297690999461832,-0.0,-0.0,0.560326899604978,-0.0,-0.0,0.5964649065744347,-0.0,-0.0,0.6422990992859798,-0.0,-78.22151931977835,0.0
1164,29.1,1.7576009658473628e+18,7.351506653476892,2.745352531996116,0.47086351156883754,-0.042334788830481564,14.491850198340721,-0.016292499442692898,-1.277700802175106,-9.189330457573428e-06,-0.0,-0.0,0.47086351156883754,-0.0,0.5009344821488313,-0.0,-0.0,0.5297690999461832,-0.0,-0.0,0.560326899604978,-0.0,-0.0,0.5964649065744347,-0.0,-79.01174113630844,0.0
1165,29.125000000000004,1.7576009658723628e+18,7.349784311174472,2.749964834968079,0.43785684635263,-0.05564648119654,14.491371192604468,-0.01296154720532279,-1.3609281342767068,-4.374578389410247e-06,-0.0,-0.0,0.43785684635263,-0.0,0.47086351156883754,-0.0,-0.0,0.5009344821488313,-0.0,-0.0,0.5297690999461832,-0.0,-0.0,0.560326899604978,-0.0,-79.6714256460111,0.0
1166,29.150000000000002,1.757600965897363e+18,7.344694166268734,2.7636840661545765,0.40156094888684984,-0.0618517265547264,14.490603119509712,-0.009080725590680957,-1.4453945844597769,-1.9410285309465035e-06,0.0,0.0,0.40156094888684984,-0.0,0.43785684635263,-0.0,-0.0,0.47086351156883754,-0.0,-0.0,0.5009344821488313,-0.0,-0.0,0.5297690999461832,-0.0,-80.22451703063251,0.0
1167,29.175,1.757600965922363e+18,7.344819973886638,2.767468379707556,0.3628361693109688,-0.05957113057889339,14.490710129853724,-0.005391271667661355,-1.4939480807476027,-3.4731647715287017e-06,0.0,0.0,0.3628361693109688,0.0,0.40156094888684984,0.0,-0.0,0.43785684635263,-0.0,-0.0,0.47086351156883754,-0.0,-0.0,0.5009344821488313,-0.0,-80.69758857932325,0.0
1168,29.200000000000003,1.7576009659473628e+18,7.342963606159735,2.770113544793114,0.3234451575728898,-0.05009814017059535,14.491126597763488,-0.002452559176365218,-1.4828507915192657,-7.911589011572827e-06,0.0,0.0,0.3234451575728898,0.0,0.3628361693109688,0.0,0.0,0.40156094888684984,0.0,-0.0,0.43785684635263,-0.0,-0.0,0.47086351156883754,-0.0,-81.11464768836021,0.0
1169,29.225,1.7576009659723628e+18,7.339124522686376,2.780500730037007,0.28557642125590693,-0.03653331173457115,14.490723157036092,-0.000498816467005366,-1.4062949787082142,-1.1944179663151382e-05,-0.0,-0.0,0.28557642125590693,0.0,0.3234451575728898,0.0,0.0,0.3628361693109688,0.0,0.0,0.40156094888684984,0.0,-0.0,0.43785684635263,-0.0,-81.49352134492582,0.0
1170,29.250000000000004,1.7576009659973627e+18,7.339945463490096,2.7845342605438823,0.25125718249520074,-0.022391401109404838,14.492196645451779,0.0005602579791105359,-1.2759040965592154,-1.128305991246343e-05,-0.0,-0.0,0.25125718249520074,-0.0,0.28557642125590693,-0.0,0.0,0.3234451575728898,0.0,0.0,0.3628361693109688,0.0,0.0,0.40156094888684984,0.0,-81.84450748332033,0.0
1171,29.275000000000002,1.757600966022363e+18,7.340200437910044,2.7834292500818214,0.2217929815667319,-0.010371753630076738,14.49169535272439,0.001021512178271198,-1.115529983004545,-2.581066890282878e-06,-0.0,-0.0,0.2217929815667319,-0.0,0.25125718249520074,-0.0,-0.0,0.28557642125590693,-0.0,0.0,0.3234451575728898,0.0,0.0,0.3628361693109688,0.0,-82.17135426343076,0.0
1172,29.3,1.7576009660473628e+18,7.338805101806962,2.7827728620910794,0.19742476097339254,-0.0017517834986461173,14.491100695545045,0.0012278354488696008,-0.9531022429813598,1.4486888013537854e-05,-0.0,-0.0,0.19742476097339254,-0.0,0.2217929815667319,-0.0,-0.0,0.25125718249520074,-0.0,-0.0,0.28557642125590693,-0.0,0.0,0.3234451575728898,0.0,-82.47387315611068,0.0
1173,29.325000000000003,1.7576009660723628e+18,7.338153141237364,2.7845427414847026,0.17735072727209109,0.003536382476638919,14.490823375410525,0.001444140287466896,-0.8121320731996431,3.5694269832023927e-05,-0.0,-0.0,0.17735072727209109,-0.0,0.19742476097339254,-0.0,-0.0,0.2217929815667319,-0.0,-0.0,0.25125718249520074,-0.0,-0.0,0.28557642125590693,-0.0,-82.75093367423908,0.0
1174,29.35,1.757600966097363e+18,7.337950373139188,2.785307162049217,0.1601181944899543,0.006373316370240831,14.490913248001256,0.001807326547302107,-0.7054580668970408,5.213991646327801e-05,-0.0,-0.0,0.1601181944899543,-0.0,0.17735072727209109,-0.0,-0.0,0.19742476097339254,-0.0,-0.0,0.2217929815667319,-0.0,-0.0,0.25125718249520074,-0.0,-83.00259680086758,0.0
1175,29.375000000000004,1.757600966122363e+18,7.336783731078214,2.7884681571633303,0.14422725665152633,0.007784946205127072,14.490828992374304,0.002340659279695364,-0.632962687099119,5.225384858027342e-05,-0.0,-0.0,0.14422725665152633,-0.0,0.1601181944899543,-0.0,-0.0,0.17735072727209109,-0.0,-0.0,0.19742476097339254,-0.0,-0.0,0.2217929815667319,-0.0,-83.23076962286268,0.0
1176,29.400000000000002,1.7576009661473628e+18,7.336504166908718,2.788906377978405,0.1286994209621232,0.008419624918358298,14.489344153035765,0.003000372903515259,-0.5835939022335561,2.6113398646631035e-05,-0.0,-0.0,0.1286994209621232,-0.0,0.14422725665152633,-0.0,-0.0,0.1601181944899543,-0.0,-0.0,0.17735072727209109,-0.0,-0.0,0.19742476097339254,-0.0,-83.43862899320852,0.0
1177,29.425,1.7576009661723628e+18,7.335560834550763,2.791470702689641,0.11338961587122544,0.00833600206200902,14.489132851000859,0.0037217720187232893,-0.5405994585642444,-2.8705183823108418e-05,-0.0,-0.0,0.11338961587122544,-0.0,0.1286994209621232,-0.0,-0.0,0.14422725665152633,-0.0,-0.0,0.1601181944899543,-0.0,-0.0,0.17735072727209109,-0.0,-83.62965864399969,0.0
1178,29.450000000000003,1.7576009661973627e+18,7.333826394075231,2.793672035131497,0.09893472863991648,0.0071325173575110526,14.489781121555923,0.0044431541069746726,-0.4879303891349558,-0.00010167580270173295,-0.0,-0.0,0.09893472863991648,-0.0,0.11338961587122544,-0.0,-0.0,0.1286994209621232,-0.0,-0.0,0.14422725665152633,-0.0,-0.0,0.1601181944899543,-0.0,-79.98367527541112,0.0
1179,29.475,1.757600966222363e+18,7.333901729026817,2.7908180755905696,0.08638575144012302,0.004321122944998938,14.490628763694207,0.005102733071574884,-0.4156094931243058,-0.0001671237554884945,-0.0,-0.0,0.08638575144012302,-0.0,0.09893472863991648,-0.0,-0.0,0.11338961587122544,-0.0,-0.0,0.1286994209621232,-0.0,-0.0,0.14422725665152633,-0.0,-76.15138507339175,0.0
1180,29.500000000000004,1.7576009662473628e+18,7.333464080005847,2.7920100519539983,0.07670649754198791,-0.00025400245881396693,14.490597572501038,0.005620941973197331,-0.3224842126738201,-0.00018819703713322567,-0.0,-0.0,0.07670649754198791,-0.0,0.08638575144012302,-0.0,-0.0,0.09893472863991648,-0.0,-0.0,0.11338961587122544,-0.0,-0.0,0.1286994209621232,-0.0,-72.31452184291786,0.0
1181,29.525000000000002,1.7576009662723628e+18,7.3368228326405,2.7915746984370595,0.07037418088689935,-0.006180146952127998,14.491713956144784,0.005892114228602806,-0.21588067404648364,-0.00012860402555040206,-0.0,-0.0,0.07037418088689935,-0.0,0.07670649754198791,-0.0,-0.0,0.08638575144012302,-0.0,-0.0,0.09893472863991648,-0.0,-0.0,0.11338961587122544,-0.0,-68.48114820707089,0.0
1182,29.55,1.757600966297363e+18,7.336851860777859,2.795082137053788,0.0672425472013118,-0.012548386726332083,14.492367114537842,0.005806551580013732,-0.10877789459592965,2.9162131994805368e-05,-0.0,-0.0,0.0672425472013118,-0.0,0.07037418088689935,-0.0,-0.0,0.07670649754198791,-0.0,-0.0,0.08638575144012302,-0.0,-0.0,0.09893472863991648,-0.0,-64.66251575666259,0.0
1183,29.575000000000003,1.757600966322363e+18,7.3350046805818625,2.7958102054301346,0.06666649462977821,-0.018265278040339707,14.49229662230736,0.005300537915632315,-0.01581248623466072,0.00026431481200321876,-0.0,-0.0,0.06666649462977821,-0.0,0.0672425472013118,-0.0,-0.0,0.07037418088689935,-0.0,-0.0,0.07670649754198791,-0.0,-0.0,0.08638575144012302,-0.0,-60.872062704868654,0.0
1184,29.6,1.7576009663473628e+18,7.334754270505417,2.796485869275247,0.0677553709561714,-0.022389649912634414,14.492710531179682,0.004404068018299915,0.05048654539364193,0.0005058290310551991,-0.0,-0.0,0.0677553709561714,-0.0,0.06666649462977821,-0.0,-0.0,0.0672425472013118,-0.0,-0.0,0.07037418088689935,-0.0,-0.0,0.07670649754198791,-0.0,-57.12319781985669,0.0
1185,29.625000000000004,1.7576009663723628e+18,7.336172935950687,2.792329473196917,0.06960541567077258,-0.024304413425028183,14.492384816636562,0.003252544757265107,0.08225966916971407,0.0006383177411793407,-0.0,-0.0,0.06960541567077258,-0.0,0.0677553709561714,-0.0,-0.0,0.06666649462977821,-0.0,-0.0,0.0672425472013118,-0.0,-0.0,0.07037418088689935,-0.0,-53.42672476117838,0.0
1186,29.650000000000002,1.7576009663973627e+18,7.336406586222478,2.7916954172462747,0.07143354915807285,-0.023694883457749335,14.492741232511626,0.002052856053218546,0.07736026075069767,0.0005331622990442359,-0.0,-0.0,0.07143354915807285,-0.0,0.06960541567077258,-0.0,-0.0,0.0677553709561714,-0.0,-0.0,0.06666649462977821,-0.0,-0.0,0.0672425472013118,-0.0,-49.78907347211438,0.0
1187,29.675,1.757600966422363e+18,7.340986410563723,2.790017260483681,0.07261251964907474,-0.02045957893433828,14.49275092921721,0.0010203660125217323,0.03913170465300261,0.0001042020344927472,-0.0,-0.0,0.07261251964907474,-0.0,0.07143354915807285,-0.0,-0.0,0.06960541567077258,-0.0,-0.0,0.0677553709561714,-0.0,-0.0,0.06666649462977821,-0.0,-46.21218546697951,0.0
1188,29.700000000000003,1.7576009664473628e+18,7.341404026000211,2.789355070138013,0.07264949303681609,-0.014698647140315518,14.492994830240752,0.0003128077393927441,-0.024564778265127523,-0.0006252205879659402,-0.0,-0.0,0.07264949303681609,-0.0,0.07261251964907474,-0.0,-0.0,0.07143354915807285,-0.0,-0.0,0.06960541567077258,-0.0,-0.0,0.0677553709561714,-0.0,-42.69504585106005,0.0
1189,29.725,1.7576009664723628e+18,7.337399042489123,2.788429640306961,0.07116339919997323,-0.006802763216152666,14.4917488141033,-1.619029007829663e-05,-0.10261879698188507,-0.0014703320198007634,-0.0,-0.0,0.07116339919997323,-0.0,0.07264949303681609,-0.0,-0.0,0.07261251964907474,-0.0,-0.0,0.07143354915807285,-0.0,-0.0,0.06960541567077258,-0.0,-39.23597141409084,0.0
1190,29.750000000000004,1.757600966497363e+18,7.337270757045331,2.7887713396467344,0.06790700165442497,0.0024646707664744546,14.492016245687534,-2.9151792198173413e-05,-0.18204308846136644,-0.0020825224444961012,-0.0,-0.0,0.06790700165442497,-0.0,0.07116339919997323,-0.0,-0.0,0.07264949303681609,-0.0,-0.0,0.07261251964907474,-0.0,-0.0,0.07143354915807285,-0.0,-35.834448183928096,0.0
1191,29.775000000000002,1.757600966522363e+18,7.338531112760069,2.790911576527576,0.06284307673787097,0.012000282409565499,14.492271338311703,0.00012134294008915303,-0.2495101248747783,-0.002026454806451772,-0.0,-0.0,0.06284307673787097,-0.0,0.06790700165442497,-0.0,-0.0,0.07116339919997323,-0.0,-0.0,0.07264949303681609,-0.0,-0.0,0.07261251964907474,-0.0,-32.49175251803924,0.0
1192,29.8,1.7576009665473628e+18,7.338817539288497,2.790402618658316,0.05623142089796891,0.020514033950429725,14.493226506326687,0.00024916622087090874,-0.29319717558859065,-0.0009449159377844266,-0.0,-0.0,0.05623142089796891,-0.0,0.06284307673787097,-0.0,-0.0,0.06790700165442497,-0.0,-0.0,0.07116339919997323,-0.0,-0.0,0.07264949303681609,-0.0,-29.21039534409777,0.0
1193,29.825000000000003,1.7576009665723628e+18,7.337972733186648,2.7802205832688154,0.04865054495861965,0.026737046884059517,14.491636146790373,0.0002065409736565971,-0.3049433501253671,0.0012188492610080935,-0.0,-0.0,0.04865054495861965,-0.0,0.05623142089796891,-0.0,-0.0,0.06284307673787097,-0.0,-0.0,0.06790700165442497,-0.0,-0.0,0.07116339919997323,-0.0,-25.99300309136317,0.0
1194,29.85,1.7576009665973627e+18,7.339325822789119,2.77892930724423,0.040901941536679226,0.029636667514746484,14.49140671741058,-4.7930232616892244e-05,-0.28242395128853154,0.00401759563807469,-0.0,-0.0,0.040901941536679226,-0.0,0.04865054495861965,-0.0,-0.0,0.05623142089796891,-0.0,-0.0,0.06284307673787097,-0.0,-0.0,0.06790700165442497,-0.0,-22.8413019067477,0.0
1195,29.875000000000004,1.757600966622363e+18,7.3395775679103235,2.778242315621327,0.03381937114906173,0.028638249783148453,14.491517006585825,-0.00040861064905437747,-0.23073682362293324,0.00642697687639532,-0.0,-0.0,0.03381937114906173,-0.0,0.040901941536679226,-0.0,-0.0,0.04865054495861965,-0.0,-0.0,0.05623142089796891,-0.0,-0.0,0.06284307673787097,-0.0,-19.755565492955217,0.0
1196,29.900000000000002,1.7576009666473628e+18,7.338833709384042,2.7772105649437786,0.02806610477618922,0.023845530234154692,14.489764499720712,-0.0006334906123056693,-0.16263212302828198,0.007015919496547474,-0.0,-0.0,0.02806610477618922,-0.0,0.03381937114906173,-0.0,-0.0,0.040901941536679226,-0.0,-0.0,0.04865054495861965,-0.0,-0.0,0.05623142089796891,-0.0,-16.734578539412492,0.0
1197,29.925,1.7576009666723628e+18,7.338683261401519,2.7776168020381085,0.02399306649772411,0.01618541579812574,14.489822227025305,-0.0004197356786029497,-0.09672102382866697,0.0044209556086428105,-0.0,-0.0,0.02399306649772411,-0.0,0.02806610477618922,-0.0,-0.0,0.03381937114906173,-0.0,-0.0,0.040901941536679226,-0.0,-0.0,0.04865054495861965,-0.0,-13.776055636282496,0.0
1198,29.950000000000003,1.757600966697363e+18,7.33871705378877,2.776831810302626,0.021572670986348463,0.007358634734521817,14.489346566494648,0.0004634211164637443,-0.05341735069426041,-0.0019261249893386373,-0.0,-0.0,0.021572670986348463,-0.0,0.02399306649772411,-0.0,-0.0,0.02806610477618922,-0.0,-0.0,0.03381937114906173,-0.0,-0.0,0.040901941536679226,-0.0,-10.87744594861628,0.0
1199,29.975,1.757600966722363e+18,7.338594232437076,2.777164978940057,0.020384988995675663,-0.0004780627395581337,14.489278722661993,0.002017074636650093,-0.049053667155636624,-0.01101572919543147,-0.0,-0.0,0.020384988995675663,-0.0,0.021572670986348463,-0.0,-0.0,0.02399306649772411,-0.0,-0.0,0.02806610477618922,-0.0,-0.0,0.03381937114906173,-0.0,-8.036970202209336,0.0
1200,30.000000000000004,1.7576009667473628e+18,7.340550514800594,2.777156657880387,0.019648117322953428,-0.005264538361442685,14.489817683336552,0.00388608035210993,-0.08941797354690928,-0.019752887934903523,-0.0,-0.0,0.019648117322953428,-0.0,0.020384988995675663,-0.0,-0.0,0.021572670986348463,-0.0,-0.0,0.02399306649772411,-0.0,-0.0,0.02806610477618922,-0.0,-5.254588058956245,0.0
1201,30.025000000000002,1.7576009667723628e+18,7.340474682535244,2.7773625056001907,0.01833064001245451,-0.005682132256973887,14.489761961204463,0.0053347540858104375,-0.1646215795714119,-0.023094057791217773,-0.0,-0.0,0.01833064001245451,-0.0,0.019648117322953428,-0.0,-0.0,0.020384988995675663,-0.0,-0.0,0.021572670986348463,-0.0,-0.0,0.02399306649772411,-0.0,-2.5325331202341537,0.0
1202,30.05,1.7576009667973627e+18,7.33902233347545,2.778914381608851,0.0154112688034634,-0.0016709132278531912,14.489803576389795,0.005392335196557415,-0.24741597985630528,-0.015072832107176555,-0.0,-0.0,0.0154112688034634,-0.0,0.01833064001245451,-0.0,-0.0,0.019648117322953428,-0.0,-0.0,0.020384988995675663,-0.0,-0.0,0.021572670986348463,-0.0,0.12485428385119385,0.0
1203,30.075000000000003,1.757600966822363e+18,7.339122852619612,2.778640510435174,0.010316342733930244,0.005412762416445201,14.489815380917959,0.0031995138694828297,-0.2965594864132487,0.009358501671994332,-0.0,-0.0,0.010316342733930244,-0.0,0.0154112688034634,-0.0,-0.0,0.01833064001245451,-0.0,-0.0,0.019648117322953428,-0.0,-0.0,0.020384988995675663,-0.0,2.7120848459273557,0.0
1204,30.1,1.7576009668473628e+18,7.338108426658621,2.775908749751618,0.00346447946667006,0.013133760555796186,14.489705464628264,-0.001482665176592409,-0.26552769881230126,0.05219175361821045,-0.0,-0.0,0.00346447946667006,-0.0,0.010316342733930244,-0.0,-0.0,0.0154112688034634,-0.0,-0.0,0.01833064001245451,-0.0,-0.0,0.019648117322953428,-0.0,5.224152210222982,0.0
1205,30.125000000000004,1.7576009668723628e+18,7.338062616278815,2.776033200574035,-0.0032757246623374113,0.018752826640151477,14.489668830565636,-0.007727102637419204,-0.11502715927464917,0.11083474796010742,-0.0,-0.0,-0.0032757246623374113,-0.0,0.00346447946667006,-0.0,-0.0,0.010316342733930244,-0.0,-0.0,0.0154112688034634,-0.0,-0.0,0.01833064001245451,-0.0,7.658494679549337,0.0
1206,30.150000000000002,1.757600966897363e+18,7.336885465496766,2.777898376020602,-0.006481026362434959,0.020184142086098315,14.490170086177367,-0.013056148252368205,0.17399610093593543,0.1781159088320999,0.2098219841718673,0.4066635072231293,-0.41314453358556424,-0.0,-0.0032757246623374113,-0.0,-0.0,0.00346447946667006,-0.0,-0.0,0.010316342733930244,-0.0,-0.0,0.0154112688034634,-0.0,9.610030688576414,0.0
1207,30.175,1.757600966922363e+18,7.336847715626058,2.778000975699522,-0.0016446614491619333,0.01679237627649072,14.490252537121865,-0.01343439606699154,0.5911014143763715,0.24416468452021117,0.3400000035762787,2.645326852798462,-2.646971514247624,0.4066635072231293,-0.41314453358556424,0.2098219841718673,-0.0,-0.0032757246623374113,-0.0,-0.0,0.00346447946667006,-0.0,-0.0,0.010316342733930244,-0.0,9.253174075495995,0.0
1208,30.200000000000003,1.7576009669473628e+18,7.337031441567058,2.7762352819545497,0.015737428391387552,0.009745676206566621,14.490015343964155,-0.003781586089097915,1.0946024753486556,0.29950938523576565,0.3400000035762787,3.8235158920288086,-3.8077784636374212,2.645326852798462,-2.646971514247624,0.3400000035762787,0.4066635072231293,-0.41314453358556424,0.2098219841718673,-0.0,-0.0032757246623374113,-0.0,-0.0,0.00346447946667006,-0.0,7.658713468392165,0.0
1209,30.225,1.7576009669723628e+18,7.337000658693274,2.776318773273274,0.0487145840477804,0.0017987997012815908,14.490059306823758,0.021026242174130867,1.6190163450048305,0.33798683893390935,0.3400000035762787,3.8235158920288086,-3.7748013079810283,3.8235158920288086,-3.8077784636374212,0.3400000035762787,2.645326852798462,-2.646971514247624,0.3400000035762787,0.4066635072231293,-0.41314453358556424,0.2098219841718673,-0.0,-0.0032757246623374113,-0.0,6.016425466752825,0.0
1210,30.250000000000004,1.7576009669973627e+18,7.337808680678727,2.7775893133815504,0.09759649901173972,-0.0034472893000866904,14.489194307366127,0.06492477059823713,2.0903502868381216,0.3581812465769346,0.3400000035762787,3.882460117340088,-3.784863618328348,3.8235158920288086,-3.7748013079810283,0.3400000035762787,3.8235158920288086,-3.8077784636374212,0.3400000035762787,2.645326852798462,-2.646971514247624,0.3400000035762787,0.4066635072231293,-0.41314453358556424,0.2098219841718673,4.276569749434113,0.0
1211,30.275000000000002,1.757600967022363e+18,7.3375354725466,2.778331366085092,0.15946970157442172,-0.0026243957844761063,14.489143612138633,0.12961251703975424,2.4449154949124043,0.36299275068862563,0.3400000035762787,3.8235158920288086,-3.664046190454387,3.882460117340088,-3.784863618328348,0.3400000035762787,3.8235158920288086,-3.7748013079810283,0.3400000035762787,3.8235158920288086,-3.8077784636374212,0.3400000035762787,2.645326852798462,-2.646971514247624,0.3400000035762787,2.5604170233371875,0.0
1212,30.3,1.7576009670473628e+18,7.333507815464948,2.7828022719192886,0.22890781584672643,0.006263633766425953,14.493126500403905,0.2140666369715213,2.645760194345061,0.35787436029333713,0.3400000035762787,3.8235158920288086,-3.594608076182082,3.8235158920288086,-3.664046190454387,0.3400000035762787,3.882460117340088,-3.784863618328348,0.3400000035762787,3.8235158920288086,-3.7748013079810283,0.3400000035762787,3.8235158920288086,-3.8077784636374212,0.3400000035762787,0.804699535776658,0.0
1213,30.325000000000003,1.7576009670723628e+18,7.33236493910852,2.78688255361462,0.2997055124146812,0.022960446575127826,14.499274748594848,0.3147826431220004,2.6913680831686633,0.3487008429999457,0.3400000035762787,3.8235158920288086,-3.5238103796141274,3.8235158920288086,-3.594608076182082,0.3400000035762787,3.8235158920288086,-3.664046190454387,0.3400000035762787,3.882460117340088,-3.784863618328348,0.3400000035762787,3.8235158920288086,-3.7748013079810283,0.3400000035762787,-1.002103261586302,0.0
1214,30.35,1.757600967097363e+18,7.330874780951939,2.7909393540925795,0.36689105048322596,0.0446327625889614,14.503688096192047,0.4266207790307142,2.61388817056419,0.340098335960574,0.3400000035762787,3.8235158920288086,-3.4566248415455827,3.8235158920288086,-3.5238103796141274,0.3400000035762787,3.8235158920288086,-3.594608076182082,0.3400000035762787,3.8235158920288086,-3.664046190454387,0.3400000035762787,3.882460117340088,-3.784863618328348,0.3400000035762787,-2.8758333031625973,0.0
1215,30.375000000000004,1.757600967122363e+18,7.319166065285403,2.801991277317414,0.42809872847729735,0.06629900027374536,14.512119788598422,0.5439527603541185,2.467846028401939,0.33464211538530353,0.3400000035762787,3.8235158920288086,-3.395417163551511,3.8235158920288086,-3.4566248415455827,0.3400000035762787,3.8235158920288086,-3.5238103796141274,0.3400000035762787,3.8235158920288086,-3.594608076182082,0.3400000035762787,3.8235158920288086,-3.664046190454387,0.3400000035762787,-4.832296459973152,0.0
1216,30.400000000000002,1.7576009671473628e+18,7.317226205680248,2.8071859641372927,0.48375997952521943,0.08201151700514164,14.51971494513531,0.6617463322239739,2.313537747680343,0.332903709426206,0.3400000035762787,3.8235158920288086,-3.3397559125035894,3.8235158920288086,-3.395417163551511,0.3400000035762787,3.8235158920288086,-3.4566248415455827,0.3400000035762787,3.8235158920288086,-3.5238103796141274,0.3400000035762787,3.8235158920288086,-3.594608076182082,0.3400000035762787,-6.882830664399199,0.0
1217,30.425,1.7576009671723628e+18,7.312795898078329,2.806428753618882,0.5362264304008132,0.08652595020309015,14.545246555255513,0.7762945327651465,2.2008270814132374,0.3340564834144987,0.3400000035762787,3.8235158920288086,-3.2872894616279953,3.8235158920288086,-3.3397559125035894,0.3400000035762787,3.8235158920288086,-3.395417163551511,0.3400000035762787,3.8235158920288086,-3.4566248415455827,0.3400000035762787,3.8235158920288086,-3.5238103796141274,0.3400000035762787,-9.031183106366106,0.0
1218,30.450000000000003,1.7576009671973627e+18,7.309795230770685,2.814074744405316,0.5884248297337268,0.07695195087978485,14.561951430150636,0.8854681057781518,2.1583465465173317,0.3366684383572903,0.3400000035762787,3.8235158920288086,-3.2350910622950817,3.8235158920288086,-3.2872894616279953,0.3400000035762787,3.8235158920288086,-3.3397559125035894,0.3400000035762787,3.8235158920288086,-3.395417163551511,0.3400000035762787,3.8235158920288086,-3.4566248415455827,0.3400000035762787,-11.272479436993422,0.0
1219,30.475,1.757600967222363e+18,7.310300128636113,2.818844198529391,0.642714351091329,0.05378811936298942,14.583945394811838,0.9885547633226702,2.190619774455154,0.3393794137765513,0.3400000035762787,3.8235158920288086,-3.1808015409374795,3.8235158920288086,-3.2350910622950817,0.3400000035762787,3.8235158920288086,-3.2872894616279953,0.3400000035762787,3.8235158920288086,-3.3397559125035894,0.3400000035762787,3.8235158920288086,-3.395417163551511,0.3400000035762787,-13.59418762356064,0.0
1220,30.500000000000004,1.7576009672473628e+18,7.307070330473026,2.8264990303919606,0.7003350208950928,0.02088356483813458,14.602611454100158,1.0858427752755222,2.282540655613152,0.34130104666121563,0.3400000035762787,3.8235158920288086,-3.123180871133716,3.8235158920288086,-3.1808015409374795,0.3400000035762787,3.8235158920288086,-3.2350910622950817,0.3400000035762787,3.8235158920288086,-3.2872894616279953,0.3400000035762787,3.8235158920288086,-3.3397559125035894,0.3400000035762787,-15.978349392517469,0.0
1221,30.525000000000002,1.7576009672723628e+18,7.298077187604576,2.851642779695774,0.7614438371767579,-0.01575084826293398,14.635889638484118,1.1781179105557131,2.4082382434636513,0.3421201238938046,0.3400000035762787,3.8235158920288086,-3.0620720548520506,3.8235158920288086,-3.123180871133716,0.3400000035762787,3.8235158920288086,-3.1808015409374795,0.3400000035762787,3.8235158920288086,-3.2350910622950817,0.3400000035762787,3.8235158920288086,-3.2872894616279953,0.3400000035762787,-18.40427283470009,0.0
1222,30.55,1.757600967297363e+18,7.289855940609437,2.868721581026872,0.8254765245782018,-0.049867014491061,14.668989354068172,1.2662455402147093,2.540452084835655,0.3419837163750991,0.3400000035762787,3.8235158920288086,-2.9980393674506067,3.8235158920288086,-3.0620720548520506,0.3400000035762787,3.8235158920288086,-3.123180871133716,0.3400000035762787,3.8235158920288086,-3.1808015409374795,0.3400000035762787,3.8235158920288086,-3.2350910622950817,0.3400000035762787,-20.851142964198914,0.0
1223,30.575000000000003,1.757600967322363e+18,7.280045239044603,2.887796613349772,0.891556597098294,-0.0768828989111987,14.702385399000478,1.350980803898782,2.6572492390675526,0.34128289106475684,0.3400000035762787,3.8235158920288086,-2.9319592949305147,3.8235158920288086,-2.9980393674506067,0.3400000035762787,3.8235158920288086,-3.0620720548520506,0.3400000035762787,3.8235158920288086,-3.123180871133716,0.3400000035762787,3.8235158920288086,-3.1808015409374795,0.3400000035762787,-23.358800095290512,0.0
1224,30.6,1.7576009673473628e+18,7.27227290499016,2.902979082942552,0.9588156861655662,-0.09503070054301226,14.731063420442498,1.433024481428053,2.7446977127301784,0.34044019882069054,0.3400000035762787,3.8235158920288086,-2.8647002058632425,3.8235158920288086,-2.9319592949305147,0.3400000035762787,3.8235158920288086,-2.9980393674506067,0.3400000035762787,3.8235158920288086,-3.0620720548520506,0.3400000035762787,3.8235158920288086,-3.123180871133716,0.3400000035762787,-25.853362178208513,0.0
1225,30.625000000000004,1.7576009673723628e+18,7.243359487123738,2.942560330906047,1.0266112387999313,-0.10540406872470816,14.769308373063742,1.5131794103301106,2.796107542509249,0.33976618636827915,0.3400000035762787,3.8235158920288086,-2.7969046532288773,3.8235158920288086,-2.8647002058632425,0.3400000035762787,3.8235158920288086,-2.9319592949305147,0.3400000035762787,3.8235158920288086,-2.9980393674506067,0.3400000035762787,3.8235158920288086,-3.0620720548520506,0.3400000035762787,-28.323315497400248,0.0
1226,30.650000000000002,1.7576009673973627e+18,7.235862051408437,2.9657321421951144,1.0946378793617222,-0.11107888268458237,14.802770869406565,1.5923930263849175,2.8098351464453777,0.3394045379648814,0.3400000035762787,3.76457142829895,-2.669933548937228,3.8235158920288086,-2.7969046532288773,0.3400000035762787,3.8235158920288086,-2.8647002058632425,0.3400000035762787,3.8235158920288086,-2.9319592949305147,0.3400000035762787,3.8235158920288086,-2.9980393674506067,0.3400000035762787,-30.701089493312338,0.0
1227,30.675,1.757600967422363e+18,7.220373516500731,2.986773074097348,1.1628898291486558,-0.11581375781391548,14.845594330269222,1.671550325398012,2.7879152394527806,0.33935033002138976,0.3400000035762787,3.705627202987671,-2.542737373839015,3.76457142829895,-2.669933548937228,0.3400000035762787,3.8235158920288086,-2.7969046532288773,0.3400000035762787,3.8235158920288086,-2.8647002058632425,0.3400000035762787,3.8235158920288086,-2.9319592949305147,0.3400000035762787,-32.979231632643035,0.0
1228,30.700000000000003,1.7576009674473628e+18,7.205471688179707,3.0081883925972037,1.2314576393623151,-0.12281772459359558,14.883975461701159,1.7510800057577174,2.7368949940375313,0.33950836556203945,0.3400000035762787,3.705627202987671,-2.474169563625356,3.705627202987671,-2.542737373839015,0.3400000035762787,3.76457142829895,-2.669933548937228,0.3400000035762787,3.8235158920288086,-2.7969046532288773,0.3400000035762787,3.8235158920288086,-2.8647002058632425,0.3400000035762787,-35.26753450442922,0.0
1229,30.725,1.7576009674723628e+18,7.177020739925298,3.0398982141506545,1.3002613373467955,-0.13384350198352146,14.938314127279524,1.8306507278285005,2.670610278817875,0.3397577501648384,0.3400000035762787,3.705627202987671,-2.405365865640875,3.705627202987671,-2.474169563625356,0.3400000035762787,3.705627202987671,-2.542737373839015,0.3400000035762787,3.76457142829895,-2.669933548937228,0.3400000035762787,3.8235158920288086,-2.7969046532288773,0.3400000035762787,-37.497153810328456,0.0
1230,30.750000000000004,1.757600967497363e+18,7.1611029519224445,3.0600673027272345,1.3689374981717306,-0.14870220620469776,14.976341105615402,1.9092562454796118,2.6129944130166773,0.3399990935580723,0.3400000035762787,3.705627202987671,-2.3366897048159405,3.705627202987671,-2.405365865640875,0.3400000035762787,3.705627202987671,-2.474169563625356,0.3400000035762787,3.705627202987671,-2.542737373839015,0.3400000035762787,3.76457142829895,-2.669933548937228,0.3400000035762787,-39.65627815400457,0.0
1231,30.775000000000002,1.757600967522363e+18,7.120789106652307,3.0977618674538943,1.437071381129823,-0.1653163237261014,15.023587310430703,1.9856892027618227,2.598141619247469,0.3401749712220868,0.3400000035762787,3.646857261657715,-2.2097858805278916,3.705627202987671,-2.3366897048159405,0.3400000035762787,3.705627202987671,-2.405365865640875,0.3400000035762787,3.705627202987671,-2.474169563625356,0.3400000035762787,3.705627202987671,-2.542737373839015,0.3400000035762787,-41.73216117898742,0.0
1232,30.8,1.7576009675473628e+18,7.099541947167199,3.1208135847990817,1.504764143920597,-0.18049231589229972,15.067121020451928,2.059010557801749,2.6653058727026964,0.34026680529719033,0.3400000035762787,3.5879130363464355,-2.0831488924258386,3.646857261657715,-2.2097858805278916,0.3400000035762787,3.705627202987671,-2.3366897048159405,0.3400000035762787,3.705627202987671,-2.405365865640875,0.3400000035762787,3.705627202987671,-2.474169563625356,0.3400000035762787,-44.006305309603704,0.0
1233,30.825000000000003,1.7576009675723628e+18,7.0644462812803805,3.158493111355575,1.573276026819929,-0.19145457060162097,15.132548321962249,2.1285583052333092,2.8483259165998427,0.34027882932577136,0.3400000035762787,3.528968572616577,-1.955692545796648,3.5879130363464355,-2.0831488924258386,0.3400000035762787,3.646857261657715,-2.2097858805278916,0.3400000035762787,3.705627202987671,-2.3366897048159405,0.3400000035762787,3.705627202987671,-2.405365865640875,0.3400000035762787,-46.17225097635646,0.0
1234,30.85,1.7576009675973627e+18,7.01586452683526,3.191470539009092,1.6453505236734272,-0.19774949028256514,15.204172515866105,2.193393475641652,3.1615386438842483,0.3402214744036163,0.3400000035762787,3.470024347305298,-1.8246738236318707,3.528968572616577,-1.955692545796648,0.3400000035762787,3.5879130363464355,-2.0831488924258386,0.3400000035762787,3.646857261657715,-2.2097858805278916,0.3400000035762787,3.705627202987671,-2.3366897048159405,0.3400000035762787,-48.21920933323578,0.0
1235,30.875000000000004,1.757600967622363e+18,6.98122429025259,3.210356087311956,1.724871465285636,-0.20265379547690382,15.25019206770241,2.2515064403148677,3.586539055925625,0.3401033522931545,0.3400000035762787,3.4110798835754395,-1.6862084182898034,3.470024347305298,-1.8246738236318707,0.3400000035762787,3.528968572616577,-1.955692545796648,0.3400000035762787,3.5879130363464355,-2.0831488924258386,0.3400000035762787,3.646857261657715,-2.2097858805278916,0.3400000035762787,-50.079005033384995,0.0
1236,30.900000000000002,1.7576009676473628e+18,6.946061272974783,3.233642190525213,1.8157314175453017,-0.21313910506460426,15.307681423851594,2.299332356028929,4.0650850421871985,0.3399349741796804,0.3400000035762787,3.1754770278930664,-1.3597456103477648,3.4110798835754395,-1.6862084182898034,0.3400000035762787,3.470024347305298,-1.8246738236318707,0.3400000035762787,3.528968572616577,-1.955692545796648,0.3400000035762787,3.5879130363464355,-2.0831488924258386,0.3400000035762787,-51.56676519063554,0.0
1237,30.925,1.7576009676723628e+18,6.910505201915271,3.253775405886852,1.9201502071190983,-0.2379585431297348,15.345947963958787,2.3321697901444916,4.5023878665005626,0.3397406822173868,0.3400000035762787,3.116532802581787,-1.1963825954626888,3.1754770278930664,-1.3597456103477648,0.3400000035762787,3.4110798835754395,-1.6862084182898034,0.3400000035762787,3.470024347305298,-1.8246738236318707,0.3400000035762787,3.528968572616577,-1.955692545796648,0.3400000035762787,-52.85265079238042,0.0
1238,30.950000000000003,1.757600967697363e+18,6.826650744413287,3.28829852002187,2.037036228618993,-0.2843022729074047,15.447716585401839,2.345865768225199,4.782114140082172,0.3395701220515939,0.3400000035762787,3.116532802581787,-1.079496573962794,3.116532802581787,-1.1963825954626888,0.3400000035762787,3.1754770278930664,-1.3597456103477648,0.3400000035762787,3.4110798835754395,-1.6862084182898034,0.3400000035762787,3.470024347305298,-1.8246738236318707,0.3400000035762787,-54.050853445581794,0.0
1239,30.975,1.757600967722363e+18,6.811920857588421,3.2954217658892,2.1611086758867213,-0.3542557426847549,15.466875508551363,2.3393832147906406,4.790591727713646,0.3394987322731255,0.3400000035762787,3.116532802581787,-0.9554241266950658,3.116532802581787,-1.079496573962794,0.3400000035762787,3.116532802581787,-1.1963825954626888,0.3400000035762787,3.1754770278930664,-1.3597456103477648,0.3400000035762787,3.4110798835754395,-1.6862084182898034,0.3400000035762787,-55.16153030310712,0.0
1240,31.000000000000004,1.7576009677473628e+18,6.7368164536373065,3.3301000544081782,2.283269703136351,-0.4425752786753099,15.556487183589535,2.316883707445903,4.444353867031231,0.3396093386434783,0.3400000035762787,2.9988183975219727,-0.7155486943856215,3.116532802581787,-0.9554241266950658,0.3400000035762787,3.116532802581787,-1.079496573962794,0.3400000035762787,3.116532802581787,-1.1963825954626888,0.3400000035762787,3.1754770278930664,-1.3597456103477648,0.3400000035762787,-56.01219284948866,0.0
1241,31.025000000000002,1.7576009677723628e+18,6.657041359725845,3.358135059589832,2.392232390478969,-0.5368771100690596,15.65688066854509,2.2876886612655154,3.7135479280981762,0.339954162105622,0.3400000035762787,2.9398741722106934,-0.5476417817317243,2.9988183975219727,-0.7155486943856215,0.3400000035762787,3.116532802581787,-0.9554241266950658,0.3400000035762787,3.116532802581787,-1.079496573962794,0.3400000035762787,3.116532802581787,-1.1963825954626888,0.3400000035762787,-56.845323961775065,0.0
1242,31.05,1.7576009677973627e+18,6.593629918678113,3.3716373594655438,2.476901753173683,-0.6203696951341804,15.706878231456335,2.2635390559526365,2.63450016957302,0.3405070162546696,0.3400000035762787,2.880929946899414,-0.40402819372573084,2.9398741722106934,-0.5476417817317243,0.3400000035762787,2.9988183975219727,-0.7155486943856215,0.3400000035762787,3.116532802581787,-0.9554241266950658,0.3400000035762787,3.116532802581787,-1.079496573962794,0.3400000035762787,-57.667751178254306,0.0
1243,31.075000000000003,1.757600967822363e+18,6.593629918678113,3.3716373594655438,2.528702384327197,-0.6762402785601972,15.706878231456335,2.254316157844045,1.3075943345839207,0.34112600655783504,0.3400000035762787,2.7042713165283203,-0.17556893220112313,2.880929946899414,-0.40402819372573084,0.3400000035762787,2.9398741722106934,-0.5476417817317243,0.3400000035762787,2.9988183975219727,-0.7155486943856215,0.3400000035762787,3.116532802581787,-0.9554241266950658,0.3400000035762787,-58.542844351637314,0.0
1244,31.1,1.7576009678473628e+18,6.460733402664708,3.3724083066769284,2.5431355200231867,-0.6922618444697731,15.826367562306343,2.26440102677398,-0.11941543223884153,0.3415529323451679,0.3400000035762787,2.409723997116089,0.1334115229070978,2.7042713165283203,-0.17556893220112313,0.3400000035762787,2.880929946899414,-0.40402819372573084,0.3400000035762787,2.9398741722106934,-0.5476417817317243,0.3400000035762787,2.9988183975219727,-0.7155486943856215,0.3400000035762787,-60.295005867989545,0.0
1245,31.125000000000004,1.7576009678723628e+18,6.434892967664954,3.375413461717919,2.520301184282707,-0.6642688009060034,15.852285147147152,2.2913675876163757,-1.478760793281767,0.3414717421389013,0.3400000035762787,2.056232452392578,0.4640687318901291,2.409723997116089,0.1334115229070978,0.3400000035762787,2.7042713165283203,-0.17556893220112313,0.3400000035762787,2.880929946899414,-0.40402819372573084,0.3400000035762787,2.9398741722106934,-0.5476417817317243,0.3400000035762787,-62.795952191030004,0.0
1246,31.150000000000002,1.757600967897363e+18,6.36409300056647,3.367803035176598,2.4645832565561316,-0.5976139601886965,15.9032019025606,2.327284094913883,-2.61425492653372,0.3406314376188725,0.3400000035762787,1.93834388256073,0.5262393739954017,2.056232452392578,0.4640687318901291,0.3400000035762787,2.409723997116089,0.1334115229070978,0.3400000035762787,2.7042713165283203,-0.17556893220112313,0.3400000035762787,2.880929946899414,-0.40402819372573084,0.3400000035762787,-65.04308698172673,0.0
1247,31.175,1.757600967922363e+18,6.313762599986404,3.367356647903644,2.383817101677223,-0.5062869423615171,15.953109667585318,2.3616894639683093,-3.409931111615449,0.3390096862575441,0.3400000035762787,1.93834388256073,0.4454732191164932,1.93834388256073,0.5262393739954017,0.3400000035762787,2.056232452392578,0.4640687318901291,0.3400000035762787,2.409723997116089,0.1334115229070978,0.3400000035762787,2.7042713165283203,-0.17556893220112313,0.3400000035762787,-67.14813910827569,0.0
1248,31.200000000000003,1.7576009679473628e+18,6.245675724894565,3.351065795645398,2.288087971575534,-0.4099407940989333,16.017695861022546,2.384924554792348,-3.8094966328858213,0.3369593235178913,0.3400000035762787,1.93834388256073,0.3497440890148038,1.93834388256073,0.4454732191164932,0.3400000035762787,1.93834388256073,0.5262393739954017,0.3400000035762787,2.056232452392578,0.4640687318901291,0.3400000035762787,2.409723997116089,0.1334115229070978,0.3400000035762787,-69.10792899005146,0.0
1249,31.225,1.7576009679723628e+18,6.164797829203112,3.3198706654887644,2.1881826009750784,-0.3295690424228462,16.116437574977304,2.3907591540419535,-3.822672149202137,0.3352545731381296,0.3400000035762787,1.879399538040161,0.30878306293491753,1.93834388256073,0.3497440890148038,0.3400000035762787,1.93834388256073,0.4454732191164932,0.3400000035762787,1.93834388256073,0.5262393739954017,0.3400000035762787,2.056232452392578,0.4640687318901291,0.3400000035762787,-70.86418711998881,0.0
1250,31.250000000000004,1.7576009679973627e+18,6.126783133209812,3.3056071404220297,2.0938433569271275,-0.2828717521251686,16.15467871663748,2.377716329699895,-3.517528304458893,0.3349543098288307,0.3400000035762787,1.8204551935195925,0.273388163407535,1.879399538040161,0.30878306293491753,0.3400000035762787,1.93834388256073,0.3497440890148038,0.3400000035762787,1.93834388256073,0.4454732191164932,0.3400000035762787,1.93834388256073,0.5262393739954017,0.3400000035762787,-72.4209237367291,0.0
1251,31.275000000000002,1.757600968022363e+18,6.080358120707442,3.290513336715572,2.012216433027472,-0.28036470188443857,16.21251930335239,2.348917617673414,-3.0010729869006023,0.33704014615854955,0.3400000035762787,1.8204551935195925,0.1917612395078796,1.8204551935195925,0.273388163407535,0.3400000035762787,1.879399538040161,0.30878306293491753,0.3400000035762787,1.93834388256073,0.3497440890148038,0.3400000035762787,1.93834388256073,0.4454732191164932,0.3400000035762787,-73.84316460059922,0.0
1252,31.3,1.7576009680473628e+18,6.025301030762192,3.2738251721273395,1.9469554940385798,-0.32304765841346944,16.281689237178103,2.310692069814773,-2.39293591139523,0.3418698753823719,0.3400000035762787,1.8204551935195925,0.1265003005189873,1.8204551935195925,0.1917612395078796,0.3400000035762787,1.8204551935195925,0.273388163407535,0.3400000035762787,1.879399538040161,0.30878306293491753,0.3400000035762787,1.93834388256073,0.3497440890148038,0.3400000035762787,-75.13785183342783,0.0
1253,31.325000000000003,1.7576009680723628e+18,5.985132982583172,3.257297378419424,1.8982405650155427,-0.4020760630746636,16.33751778972736,2.2705999377634174,-1.798462698299763,0.34859432417879166,0.3400000035762787,1.8204551935195925,0.07778537149595022,1.8204551935195925,0.1265003005189873,0.3400000035762787,1.8204551935195925,0.1917612395078796,0.3400000035762787,1.8204551935195925,0.273388163407535,0.3400000035762787,1.879399538040161,0.30878306293491753,0.3400000035762787,-76.31222884404042,0.0
1254,31.35,1.757600968097363e+18,5.931356969608312,3.238421815636503,1.8636525406116022,-0.5005166824560339,16.38426172584006,2.2356457822229694,-1.2874908158824436,0.3547777491679731,0.3400000035762787,1.8204551935195925,0.04319734709200973,1.8204551935195925,0.07778537149595022,0.3400000035762787,1.8204551935195925,0.1265003005189873,0.3400000035762787,1.8204551935195925,0.1917612395078796,0.3400000035762787,1.8204551935195925,0.273388163407535,0.3400000035762787,-77.37410572699854,0.0
1255,31.375000000000004,1.757600968122363e+18,5.889547380046416,3.217497142091986,1.8395875864430378,-0.596925993797669,16.441877957486785,2.211136404367112,-0.8835040959012228,0.356482765714691,0.3400000035762787,1.8204551935195925,0.019132392923445263,1.8204551935195925,0.04319734709200973,0.3400000035762787,1.8204551935195925,0.07778537149595022,0.3400000035762787,1.8204551935195925,0.1265003005189873,0.3400000035762787,1.8204551935195925,0.1917612395078796,0.3400000035762787,-78.3325915838654,0.0
1256,31.400000000000002,1.7576009681473628e+18,5.8502705437285645,3.17536876080618,1.822769169559042,-0.6700885063782185,16.51858940507242,2.2001636715150332,-0.5651319346912416,0.3489790877837201,0.3400000035762787,1.8204551935195925,0.0023139760394494946,1.8204551935195925,0.019132392923445263,0.3400000035762787,1.8204551935195925,0.04319734709200973,0.3400000035762787,1.8204551935195925,0.07778537149595022,0.3400000035762787,1.8204551935195925,0.1265003005189873,0.3400000035762787,-79.19853284754085,0.0
1257,31.425,1.7576009681723628e+18,5.761617366949233,3.119898560035387,1.811429038048561,-0.7038571201182949,16.63694626622517,2.2034203293122085,-0.27878856100450017,0.32799594810311317,0.3400000035762787,1.8204551935195925,-0.009026155471031583,1.8204551935195925,0.0023139760394494946,0.3400000035762787,1.8204551935195925,0.019132392923445263,0.3400000035762787,1.8204551935195925,0.04319734709200973,0.3400000035762787,1.8204551935195925,0.07778537149595022,0.3400000035762787,-79.98390685690264,0.0
1258,31.450000000000003,1.7576009681973627e+18,5.761617366949233,3.119898560035387,1.805875849169523,-0.6908547944272992,16.63694626622517,2.2190289291897174,0.04151899096057811,0.2911189478513862,0.3400000035762787,1.879399538040161,-0.07352368887063787,1.8204551935195925,-0.009026155471031583,0.3400000035762787,1.8204551935195925,0.0023139760394494946,0.3400000035762787,1.8204551935195925,0.019132392923445263,0.3400000035762787,1.8204551935195925,0.04319734709200973,0.3400000035762787,-80.75886475082204,0.0
1259,31.475,1.757600968222363e+18,5.749755186085386,3.074556259123714,1.8083892924480418,-0.6339550739090034,16.681267435482372,2.242192158187041,0.45282692441331135,0.2386950208192485,0.3400000035762787,1.8204551935195925,-0.0120659010715507,1.879399538040161,-0.07352368887063787,0.3400000035762787,1.8204551935195925,-0.009026155471031583,0.3400000035762787,1.8204551935195925,0.0023139760394494946,0.3400000035762787,1.8204551935195925,0.019132392923445263,0.3400000035762787,-81.41322975117957,0.0
1260,31.500000000000004,1.7576009682473628e+18,5.729425687261166,3.0535352612313416,1.8225677315780509,-0.5450195536983844,16.71698236141804,2.264737645274101,0.9860278490586141,0.17369879972340532,0.0796291530132293,1.9972882270812988,-0.17472049550324797,1.8204551935195925,-0.0120659010715507,0.3400000035762787,1.879399538040161,-0.07352368887063787,0.3400000035762787,1.8204551935195925,-0.009026155471031583,0.3400000035762787,1.8204551935195925,0.0023139760394494946,0.3400000035762787,-82.18441515325726,0.0
1261,31.525000000000002,1.7576009682723628e+18,5.697836465416968,3.005307786330504,1.8523578518756798,-0.44128496897308034,16.80351303432429,2.2749416725793212,1.6372131690959315,0.1005689415643991,-0.0,2.468493938446045,-0.6161360865703651,1.9972882270812988,-0.17472049550324797,0.0796291530132293,1.8204551935195925,-0.0120659010715507,0.3400000035762787,1.879399538040161,-0.07352368887063787,0.3400000035762787,1.8204551935195925,-0.009026155471031583,0.3400000035762787,-83.3608781394326,0.0
1262,31.55,1.757600968297363e+18,5.674275660381554,2.976726301560288,1.9010184498837237,-0.3406495451729822,16.85116497202616,2.258149398339693,2.3694146450828635,0.023756723510055262,-0.0,2.7042713165283203,-0.8032528666445966,2.468493938446045,-0.6161360865703651,-0.0,1.9972882270812988,-0.17472049550324797,0.0796291530132293,1.8204551935195925,-0.0120659010715507,0.3400000035762787,1.879399538040161,-0.07352368887063787,0.3400000035762787,-84.69390010602339,0.0
1263,31.575000000000003,1.757600968322363e+18,5.657012310367016,2.914742427385196,1.9702616511252475,-0.2573471352291438,16.92511590105216,2.1984920889146644,3.123689240424131,-0.053040262465666704,-0.0,3.293365716934204,-1.3231040658089566,2.7042713165283203,-0.8032528666445966,-0.0,2.468493938446045,-0.6161360865703651,-0.0,1.9972882270812988,-0.17472049550324797,0.0796291530132293,1.8204551935195925,-0.0120659010715507,0.3400000035762787,-86.51793865398116,0.0
1264,31.6,1.7576009683473628e+18,5.647381590564876,2.898933586079857,2.05978858027354,-0.19907665209893877,16.948813019111086,2.0815090370165836,3.835872495373806,-0.12663272617596874,-0.0,4.0,-1.94021141972646,3.293365716934204,-1.3231040658089566,-0.0,2.7042713165283203,-0.8032528666445966,-0.0,2.468493938446045,-0.6161360865703651,-0.0,1.9972882270812988,-0.17472049550324797,0.0796291530132293,-88.92901358527646,0.0
1265,31.625000000000004,1.7576009683723628e+18,5.633246870122514,2.8624113461293827,2.167357388943439,-0.16607924722264017,16.998050738108887,1.8970065567657215,4.453691239196629,-0.19373631913366798,-0.1847706437110901,4.0,-1.8326426110565608,4.0,-1.94021141972646,-0.0,3.293365716934204,-1.3231040658089566,-0.0,2.7042713165283203,-0.8032528666445966,-0.0,2.468493938446045,-0.6161360865703651,-0.0,-91.19951304268565,0.0
1266,31.650000000000002,1.7576009683973627e+18,5.615829795820856,2.817520607287375,2.2893520393594793,-0.15221451931601376,17.052601138042608,1.6412903723261107,4.948733740691154,-0.25098336459812676,-0.3400000035762787,4.0,-1.7106479606405207,4.0,-1.8326426110565608,-0.1847706437110901,4.0,-1.94021141972646,-0.0,3.293365716934204,-1.3231040658089566,-0.0,2.7042713165283203,-0.8032528666445966,-0.0,-93.31172195221303,0.0
1267,31.675,1.757600968422363e+18,5.608021247133362,2.770064845365064,2.4216137887324525,-0.1476011042325898,17.092620396326602,1.3180812396895807,5.319152145185602,-0.29583932964602483,-0.3400000035762787,4.0,-1.5783862112675475,4.0,-1.7106479606405207,-0.3400000035762787,4.0,-1.8326426110565608,-0.1847706437110901,4.0,-1.94021141972646,-0.0,3.293365716934204,-1.3231040658089566,-0.0,-95.25294433279154,0.0
1268,31.700000000000003,1.7576009684473628e+18,5.59145892178941,2.714379895959377,2.5602020973755586,-0.14187633915297065,17.14811252157271,0.9379691261671027,5.5816650377675785,-0.3277304775596999,-0.3400000035762787,4.0,-1.4397979026244414,4.0,-1.5783862112675475,-0.3400000035762787,4.0,-1.7106479606405207,-0.3400000035762787,4.0,-1.8326426110565608,-0.1847706437110901,4.0,-1.94021141972646,-0.0,-97.01618739298888,0.0
1269,31.725,1.7576009684723628e+18,5.582299481901238,2.675475822514493,2.7018470595977924,-0.1269972507074696,17.154421674484272,0.5169707865102233,5.754824452638255,-0.348365866942779,-0.3400000035762787,4.0,-1.2981529404022076,4.0,-1.4397979026244414,-0.3400000035762787,4.0,-1.5783862112675475,-0.3400000035762787,4.0,-1.7106479606405207,-0.3400000035762787,4.0,-1.8326426110565608,-0.1847706437110901,-98.599916754647,0.0
1270,31.750000000000004,1.757600968497363e+18,5.5723617174688975,2.530054487536259,2.844026259903988,-0.09886416875804828,17.167707597129738,0.07503103712707261,5.838733794055399,-0.36079731974365375,-0.3400000035762787,4.0,-1.155973740096012,4.0,-1.2981529404022076,-0.3400000035762787,4.0,-1.4397979026244414,-0.3400000035762787,4.0,-1.5783862112675475,-0.3400000035762787,4.0,-1.7106479606405207,-0.3400000035762787,-100.00714767723821,0.0
1271,31.775000000000002,1.757600968522363e+18,5.568578406419208,2.5050289519388977,2.984667830167423,-0.057558602386986985,17.17507732000459,-0.36530816327302235,5.798468422929738,-0.36763277460872323,-0.3400000035762787,4.0,-1.0153321698325768,4.0,-1.155973740096012,-0.3400000035762787,4.0,-1.2981529404022076,-0.3400000035762787,4.0,-1.4397979026244414,-0.3400000035762787,4.0,-1.5783862112675475,-0.3400000035762787,-101.24427282863752,0.0
1272,31.8,1.7576009685473628e+18,5.562136527483331,2.4187042287373384,3.121437138844708,-0.006391185874593078,17.152183944047994,-0.7808240828580348,5.558498001193861,-0.36935568210989417,-0.3400000035762787,4.0,-0.878562861155292,4.0,-1.0153321698325768,-0.3400000035762787,4.0,-1.155973740096012,-0.3400000035762787,4.0,-1.2981529404022076,-0.3400000035762787,4.0,-1.4397979026244414,-0.3400000035762787,-102.3202604507662,0.0
1273,31.825000000000003,1.7576009685723628e+18,5.55534941725431,2.364445472633567,3.2505837346825417,0.04975553699537621,17.15445552403425,-1.1509320695521938,5.012987807458027,-0.3636837507331729,-0.3400000035762787,4.0,-0.7494162653174583,4.0,-0.878562861155292,-0.3400000035762787,4.0,-1.0153321698325768,-0.3400000035762787,4.0,-1.155973740096012,-0.3400000035762787,4.0,-1.2981529404022076,-0.3400000035762787,-103.24702744335576,0.0
1274,31.85,1.7576009685973627e+18,5.551266324185553,2.288409498253464,3.3655723343395043,0.10613736879976732,17.11250542600148,-1.461844244670917,4.052221549578296,-0.34644025414894425,-0.3400000035762787,4.0,-0.6344276656604957,4.0,-0.7494162653174583,-0.3400000035762787,4.0,-0.878562861155292,-0.3400000035762787,4.0,-1.0153321698325768,-0.3400000035762787,4.0,-1.155973740096012,-0.3400000035762787,-104.04157330350621,0.0
1275,31.875000000000004,1.757600968622363e+18,5.5450024678502,2.2258800267544605,3.456128581552492,0.1592978467594011,17.097980796837504,-1.7093792536606298,2.5996729098447577,-0.3137249942405893,-0.3400000035762787,4.0,-0.543871418447508,4.0,-0.6344276656604957,-0.3400000035762787,4.0,-0.7494162653174583,-0.3400000035762787,4.0,-0.878562861155292,-0.3400000035762787,4.0,-1.0153321698325768,-0.3400000035762787,-104.72967197860523,0.0
1276,31.900000000000002,1.7576009686473628e+18,5.507514655724717,2.0938140275860824,3.508559533049825,0.20735553357784667,17.00577065616164,-1.898221058198683,0.6493186717612114,-0.26449371895573387,-0.3400000035762787,3.8235158920288086,-0.31495635897898344,4.0,-0.543871418447508,-0.3400000035762787,4.0,-0.6344276656604957,-0.3400000035762787,4.0,-0.7494162653174583,-0.3400000035762787,4.0,-0.878562861155292,-0.3400000035762787,-105.17332775854634,0.0
1277,31.925,1.7576009686723628e+18,5.493971545403598,2.026955258205213,3.5079082028250155,0.2496309652565672,16.96873603121521,-2.0374422992293004,-1.7093360087721534,-0.2022655466483194,-0.3400000035762787,3.1754770278930664,0.33243117493194907,3.8235158920288086,-0.31495635897898344,-0.3400000035762787,4.0,-0.543871418447508,-0.3400000035762787,4.0,-0.6344276656604957,-0.3400000035762787,4.0,-0.7494162653174583,-0.3400000035762787,-104.95428619948561,0.0
1278,31.950000000000003,1.757600968697363e+18,5.4661754292921785,1.9060922537768952,3.441673701482613,0.2861827206187744,16.88869224729806,-2.1345620550597895,-4.289004418989208,-0.13489057618412087,-0.0,1.3492494821548462,2.092424219327767,3.1754770278930664,0.33243117493194907,-0.3400000035762787,3.8235158920288086,-0.31495635897898344,-0.3400000035762787,4.0,-0.543871418447508,-0.3400000035762787,4.0,-0.6344276656604957,-0.3400000035762787,-102.96079670879777,0.0
1279,31.975,1.757600968722363e+18,5.4543054401220505,1.8572536562775848,3.303914687915149,0.31771777508645116,16.861813321091507,-2.191331172933608,-6.8294922438186845,-0.07223987425095121,0.0,0.0,3.303914687915149,1.3492494821548462,2.092424219327767,-0.0,3.1754770278930664,0.33243117493194907,-0.3400000035762787,3.8235158920288086,-0.31495635897898344,-0.3400000035762787,4.0,-0.543871418447508,-0.3400000035762787,-99.74326777232274,0.0
1280,32.0,1.7576009687473628e+18,5.416991710543941,1.7907270965154929,3.098124627173671,0.34585429663566,16.816487500090748,-2.203295536966129,-9.045604198861918,-0.022884152006933597,0.0,0.0,3.098124627173671,0.0,3.303914687915149,0.0,1.3492494821548462,2.092424219327767,-0.0,3.1754770278930664,0.33243117493194907,-0.3400000035762787,3.8235158920288086,-0.31495635897898344,-0.3400000035762787,-96.72184964269105,0.0
1281,32.025,1.7576009687723628e+18,5.3956813182213645,1.7275892177949572,2.837624195859613,0.3733356383538886,16.77639812318986,-2.162988242932163,-10.686142679310345,0.00857886469651905,0.0,0.0,2.837624195859613,0.0,3.098124627173671,0.0,0.0,3.303914687915149,0.0,1.3492494821548462,2.092424219327767,-0.0,3.1754770278930664,0.33243117493194907,-0.3400000035762787,-93.95459962771834,0.0
1282,32.050000000000004,1.7576009687973627e+18,5.376888847088129,1.6689854276162426,2.5431851605304305,0.4038112363353641,16.709092785128934,-2.06477347844611,-11.58776664891034,0.022386067382541015,0.0,0.0,2.5431851605304305,0.0,2.837624195859613,0.0,0.0,3.098124627173671,0.0,0.0,3.303914687915149,0.0,1.3492494821548462,2.092424219327767,-0.0,-91.47865701438923,0.0
1283,32.075,1.757600968822363e+18,5.355553854931718,1.6221480510504085,2.238659664137397,0.44103991475557347,16.665446564107338,-1.9088269187462166,-11.708478885326338,0.022610769064547117,0.0,0.0,2.238659664137397,0.0,2.5431851605304305,0.0,0.0,2.837624195859613,0.0,0.0,3.098124627173671,0.0,0.0,3.303914687915149,0.0,-89.30666384488161,0.0
1284,32.1,1.7576009688473628e+18,5.310228135013318,1.567441472922409,1.9460558043647511,0.4876316075109783,16.577840741201534,-1.702575782711765,-11.131556543796341,0.015118423319328339,0.0,0.0,1.9460558043647511,0.0,2.238659664137397,0.0,0.0,2.5431851605304305,0.0,0.0,2.837624195859613,0.0,0.0,3.098124627173671,0.0,-87.42836341147303,0.0
1285,32.125,1.7576009688723628e+18,5.260341489228149,1.463083116929416,1.6815779034303593,0.5436884162710548,16.518270212691537,-1.4594582818335908,-10.03969195646545,0.005492728299392189,-0.0,-0.0,1.6815779034303593,0.0,1.9460558043647511,0.0,0.0,2.238659664137397,0.0,0.0,2.5431851605304305,0.0,0.0,2.837624195859613,0.0,-85.81639092371344,0.0
1286,32.15,1.757600968897363e+18,5.248776588274909,1.4500060652596,1.453683441600972,0.6058074067001811,16.50282414601972,-1.1961339973893474,-8.667810467449304,-0.0023526574132715513,-0.0,-0.0,1.453683441600972,-0.0,1.6815779034303593,-0.0,0.0,1.9460558043647511,0.0,0.0,2.238659664137397,0.0,0.0,2.5431851605304305,0.0,-84.43414103127054,0.0
1287,32.175000000000004,1.757600968922363e+18,5.2283121787581175,1.4281350642386728,1.2634051737658065,0.6667975717841835,16.472303424583906,-0.9296507993697641,-7.248571837247038,-0.006633147667547489,-0.0,-0.0,1.2634051737658065,-0.0,1.453683441600972,-0.0,-0.0,1.6815779034303593,-0.0,0.0,1.9460558043647511,0.0,0.0,2.238659664137397,0.0,-83.24334837715382,0.0
1288,32.2,1.7576009689473628e+18,5.197970757175121,1.3480347138864492,1.1063769662263734,0.7163573043140071,16.453562466371114,-0.675545351686814,-5.965362284897285,-0.007374198078761941,-0.0,-0.0,1.1063769662263734,-0.0,1.2634051737658065,-0.0,-0.0,1.453683441600972,-0.0,-0.0,1.6815779034303593,-0.0,0.0,1.9460558043647511,0.0,-82.20962090396425,0.0
1289,32.225,1.7576009689723628e+18,5.1717975818920445,1.3215276623353396,0.9755455375013626,0.7428879314011054,16.4160350189926,-0.44695877140001417,-4.923852570617532,-0.00567282374597876,-0.0,-0.0,0.9755455375013626,-0.0,1.1063769662263734,-0.0,-0.0,1.2634051737658065,-0.0,-0.0,1.453683441600972,-0.0,-0.0,1.6815779034303593,-0.0,-81.30523876566286,0.0
1290,32.25,1.7576009689973627e+18,5.140408817149055,1.2648600001021737,0.8636390264145433,0.736269596081884,16.413345454126627,-0.2542427447470584,-4.146641389864316,-0.002916073995538195,-0.0,-0.0,0.8636390264145433,-0.0,0.9755455375013626,-0.0,-0.0,1.1063769662263734,-0.0,-0.0,1.2634051737658065,-0.0,-0.0,1.453683441600972,-0.0,-80.50950674090275,0.0
1291,32.275,1.757600969022363e+18,5.123292422509221,1.2168356883070364,0.764916561135992,0.6908273786439393,16.425811755698902,-0.10448556006814542,-3.5885236736423125,-0.000221808474273096,-0.0,-0.0,0.764916561135992,-0.0,0.8636390264145433,-0.0,-0.0,0.9755455375013626,-0.0,-0.0,1.1063769662263734,-0.0,-0.0,1.2634051737658065,-0.0,-79.80743325650462,0.0
1292,32.300000000000004,1.7576009690473628e+18,5.103385365440366,1.1981769834625386,0.6761242820315644,0.6073832307528679,16.41477554758302,-0.0007339339547452624,-3.164695023663911,0.0017935998221331505,-0.0,0.8778693079948425,-0.20174502596327815,-0.0,0.764916561135992,-0.0,-0.0,0.8636390264145433,-0.0,-0.0,0.9755455375013626,-0.0,-0.0,1.1063769662263734,-0.0,-80.06540970336587,0.0
1293,32.325,1.7576009690723628e+18,5.093130242755928,1.1864358389916103,0.5967140764767036,0.4935594323525857,16.423484976497,0.05882860119060157,-2.782017226446634,0.0029602726437649245,-0.0,2.7630412578582764,-2.1663271813815728,0.8778693079948425,-0.20174502596327815,-0.0,-0.0,0.764916561135992,-0.0,-0.0,0.8636390264145433,-0.0,-0.0,0.9755455375013626,-0.0,-82.28038742970607,0.0
1294,32.35,1.757600969097363e+18,5.072486839064069,1.1678596395601697,0.5283659791417504,0.3622376455305859,16.41737273807838,0.08109339289749147,-2.364502304015819,0.0033414859286896277,-0.0,4.0,-3.4716340208582497,2.7630412578582764,-2.1663271813815728,-0.0,0.8778693079948425,-0.20174502596327815,-0.0,-0.0,0.764916561135992,-0.0,-0.0,0.8636390264145433,-0.0,-85.79292339210099,0.0
1295,32.375,1.757600969122363e+18,5.034802880935926,1.1131789064609658,0.4739105263974635,0.22884406178166825,16.432356225477474,0.07699924369777564,-1.8676308806158597,0.0030145504704076863,-0.0,4.0,-3.5260894736025366,4.0,-3.4716340208582497,-0.0,2.7630412578582764,-2.1663271813815728,-0.0,0.8778693079948425,-0.20174502596327815,-0.0,-0.0,0.764916561135992,-0.0,-89.35283223685259,0.0
1296,32.4,1.7576009691473628e+18,5.020410433912966,1.099596071192939,0.43595708870426814,0.10843159582899968,16.433724975740056,0.059229236987228415,-1.2806034317386152,0.001965670601328946,-0.0,4.0,-3.564042911295732,4.0,-3.5260894736025366,-0.0,4.0,-3.4716340208582497,-0.0,2.7630412578582764,-2.1663271813815728,-0.0,0.8778693079948425,-0.20174502596327815,-0.0,-92.94494125292451,0.0
1297,32.425000000000004,1.7576009691723628e+18,5.014644504662349,1.117454249691133,0.4157758506212498,0.013229148283143819,16.435421607607726,0.03936229206847368,-0.6195673973452261,0.000148989980980008,-0.0,4.0,-3.58422414937875,4.0,-3.564042911295732,-0.0,4.0,-3.5260894736025366,-0.0,4.0,-3.4716340208582497,-0.0,2.7630412578582764,-2.1663271813815728,-0.0,-96.55315846880099,0.0
1298,32.45,1.7576009691973627e+18,4.99523686400212,1.0990696714720958,0.4129751015413582,-0.04916779847883444,16.4376989718383,0.025528586903036624,0.08299340913553693,-0.002322940156673759,-0.0,4.0,-3.5870248984586417,4.0,-3.58422414937875,-0.0,4.0,-3.564042911295732,-0.0,4.0,-3.5260894736025366,-0.0,4.0,-3.4716340208582497,-0.0,-100.16175603824597,0.0
1299,32.475,1.757600969222363e+18,4.985403902242006,1.0971287174711244,0.42609088850133064,-0.0769509956115978,16.435301371339595,0.021308954797767427,0.7877344659327769,-0.0049628131980964905,-0.0,4.0,-3.5739091114986694,4.0,-3.5870248984586417,-0.0,4.0,-3.58422414937875,-0.0,4.0,-3.564042911295732,-0.0,4.0,-3.5260894736025366,-0.0,-103.75605013874032,0.0
1300,32.5,1.7576009692473628e+18,4.970416289538658,1.0734626760458474,0.4535920655231018,-0.07433446856072538,16.43501887750343,0.026021614627153515,1.4540192140120332,-0.006811912373008236,-0.0,4.0,-3.5464079344768984,4.0,-3.5739091114986694,-0.0,4.0,-3.5870248984586417,-0.0,4.0,-3.58422414937875,-0.0,4.0,-3.564042911295732,-0.0,-107.32210619054017,0.0
1301,32.525,1.7576009692723628e+18,4.961870527384342,1.06556299780302,0.49450997277288955,-0.0504328364720304,16.4352985215343,0.03605157533173349,2.0418144635096924,-0.006596854501796333,-0.0,4.0,-3.5054900272271103,4.0,-3.5464079344768984,-0.0,4.0,-3.5739091114986694,-0.0,4.0,-3.5870248984586417,-0.0,4.0,-3.58422414937875,-0.0,-110.84592685777974,0.0
1302,32.550000000000004,1.757600969297363e+18,4.955133682250566,1.0619785156200576,0.5482084053078066,-0.016736665799611923,16.43692234339001,0.04666783570958184,2.5124573071375886,-0.003199351213780104,-0.0,4.0,-3.4517915946921933,4.0,-3.5054900272271103,-0.0,4.0,-3.5464079344768984,-0.0,4.0,-3.5739091114986694,-0.0,4.0,-3.5870248984586417,-0.0,-114.3131297212754,0.0
1303,32.575,1.757600969322363e+18,4.947996139068726,1.0578276074547746,0.6134626578861969,0.016056218789913243,16.437251814120167,0.053814661590536744,2.831332003499479,0.0036309242123300483,-0.0,4.0,-3.386537342113803,4.0,-3.4517915946921933,-0.0,4.0,-3.5054900272271103,-0.0,4.0,-3.5464079344768984,-0.0,4.0,-3.5739091114986694,-0.0,-117.70998340612313,0.0
1304,32.6,1.7576009693473628e+18,4.9417805573442894,1.0462017640800596,0.6875003456713923,0.04059555407500095,16.436879772558733,0.05551122179208697,2.9739838363559836,0.012543575955908926,-0.0,3.470024347305298,-2.7825240016339055,4.0,-3.386537342113803,-0.0,4.0,-3.4517915946921933,-0.0,4.0,-3.5054900272271103,-0.0,4.0,-3.5464079344768984,-0.0,-120.4959718872237,0.0
1305,32.625,1.7576009693723628e+18,4.932857880137326,1.038211651860148,0.7656751344781413,0.05385406946147516,16.43714225111202,0.05258715883169115,2.934532370629014,0.02017700148812903,-0.0,2.821985483169556,-2.0563103486914147,3.470024347305298,-2.7825240016339055,-0.0,4.0,-3.386537342113803,-0.0,4.0,-3.4517915946921933,-0.0,4.0,-3.5054900272271103,-0.0,-122.54900651125278,0.0
1306,32.65,1.7576009693973627e+18,4.920732798389052,1.029729141724307,0.8420818931241872,0.056415961958175644,16.439468311426786,0.04849869750508721,2.7328939543672877,0.021423379383657553,-0.0,1.466963768005371,-0.6248818748811839,2.821985483169556,-2.0563103486914147,-0.0,3.470024347305298,-2.7825240016339055,-0.0,4.0,-3.386537342113803,-0.0,4.0,-3.4517915946921933,-0.0,-122.7607438525484,0.0
1307,32.675000000000004,1.757600969422363e+18,4.911552972137438,1.021562396713168,0.9109517866757417,0.050790879196226886,16.440276047056727,0.04805984353280264,2.4166179053751207,0.0105632945533117,-0.0,1.2313607931137085,-0.32040900643796677,1.466963768005371,-0.6248818748811839,-0.0,2.821985483169556,-2.0563103486914147,-0.0,3.470024347305298,-2.7825240016339055,-0.0,4.0,-3.386537342113803,-0.0,-120.43418134473873,0.0
1308,32.7,1.7576009694473628e+18,4.926053043295335,1.02597350373625,0.9683139858977696,0.039775629812165834,16.44213946131781,0.055221815240734676,2.0546118314893977,-0.016874919120295356,-0.0,1.2313607931137085,-0.26304680721593887,1.2313607931137085,-0.32040900643796677,-0.0,1.466963768005371,-0.6248818748811839,-0.0,2.821985483169556,-2.0563103486914147,-0.0,3.470024347305298,-2.7825240016339055,-0.0,-116.88944968831726,0.0
1309,32.725,1.7576009694723628e+18,4.915854740044014,1.0168707934452104,1.0132709871130807,0.02558312134117946,16.443537821850896,0.07047710756527956,1.7231303178352144,-0.062108673746892815,-0.0,1.1724164485931396,-0.15914546148005893,1.2313607931137085,-0.26304680721593887,-0.0,1.2313607931137085,-0.32040900643796677,-0.0,1.466963768005371,-0.6248818748811839,-0.0,2.821985483169556,-2.0563103486914147,-0.0,-113.2737938418163,0.0
1310,32.75,1.757600969497363e+18,4.876280668803878,0.9866130825503778,1.0483246476666743,0.009832278084588308,16.44513466833637,0.0888178341840239,1.4877559043949073,-0.12184197575262701,-0.0445572845637798,1.466963768005371,-0.41863912033869677,1.1724164485931396,-0.15914546148005893,-0.0,1.2313607931137085,-0.26304680721593887,-0.0,1.2313607931137085,-0.32040900643796677,-0.0,1.466963768005371,-0.6248818748811839,-0.0,-109.90756934382664,0.0
1311,32.775,1.757600969522363e+18,4.863930328172264,0.9755156316775584,1.0785098625132095,-0.006004801284235892,16.44625821795686,0.09921609619854345,1.3871654872815735,-0.18856578495215856,-0.2198277115821838,2.409723997116089,-1.3312141346028794,1.466963768005371,-0.41863912033869677,-0.0445572845637798,1.1724164485931396,-0.15914546148005893,-0.0,1.2313607931137085,-0.26304680721593887,-0.0,1.2313607931137085,-0.32040900643796677,-0.0,-107.57473728797513,0.0
1312,32.800000000000004,1.7576009695473628e+18,4.838718337234561,0.9527574801953628,1.1095897297308788,-0.020209799788445455,16.448485098042113,0.08622790614438351,1.4242590264275599,-0.25259395596291645,-0.3400000035762787,3.8235158920288086,-2.7139261622979296,2.409723997116089,-1.3312141346028794,-0.2198277115821838,1.466963768005371,-0.41863912033869677,-0.0445572845637798,1.1724164485931396,-0.15914546148005893,-0.0,1.2313607931137085,-0.26304680721593887,-0.0,-106.69405537409096,0.0
1313,32.825,1.7576009695723628e+18,4.825687447864871,0.9409440266135634,1.1460487563719435,-0.030766529966496876,16.44985926665289,0.033617905028850405,1.5677636980920655,-0.30507620305953626,-0.3400000035762787,4.0,-2.8539512436280567,3.8235158920288086,-2.7139261622979296,-0.3400000035762787,2.409723997116089,-1.3312141346028794,-0.2198277115821838,1.466963768005371,-0.41863912033869677,-0.0445572845637798,1.1724164485931396,-0.15914546148005893,-0.0,-106.0241962381049,0.0
1314,32.85,1.7576009695973627e+18,4.782648847072047,0.903922845743406,1.189775347032395,-0.03562768960167418,16.452827011832117,-0.07092147525840321,1.7637489368305417,-0.34063600949556283,-0.3400000035762787,4.0,-2.810224652967605,4.0,-2.8539512436280567,-0.3400000035762787,3.8235158920288086,-2.7139261622979296,-0.3400000035762787,2.409723997116089,-1.3312141346028794,-0.2198277115821838,1.466963768005371,-0.41863912033869677,-0.0445572845637798,-105.37779604952692,0.0
1315,32.875,1.757600969622363e+18,4.76920968528856,0.8916530966712233,1.2399612952766055,-0.03310957721127269,16.45429366863719,-0.23149178640098636,1.9531292346010096,-0.3585107113087638,-0.3400000035762787,4.0,-2.7600387047233945,4.0,-2.810224652967605,-0.3400000035762787,4.0,-2.8539512436280567,-0.3400000035762787,3.8235158920288086,-2.7139261622979296,-0.3400000035762787,2.409723997116089,-1.3312141346028794,-0.2198277115821838,-104.74241759069882,0.0
1316,32.9,1.7576009696473628e+18,4.741069914296663,0.8666600682861225,1.2940728096062912,-0.02224946863876091,16.452106606268227,-0.4417606687826429,2.089499241150909,-0.36193550068074215,-0.3400000035762787,4.0,-2.7059271903937088,4.0,-2.7600387047233945,-0.3400000035762787,4.0,-2.810224652967605,-0.3400000035762787,4.0,-2.8539512436280567,-0.3400000035762787,3.8235158920288086,-2.7139261622979296,-0.3400000035762787,-104.10858886858894,0.0
1317,32.925000000000004,1.7576009696723628e+18,4.724486774168551,0.8513248791171946,1.349246732328992,-0.003045391519663201,16.452374691560777,-0.6857830761644254,2.1520455202888615,-0.3563564058958134,-0.3400000035762787,4.0,-2.650753267671008,4.0,-2.7059271903937088,-0.3400000035762787,4.0,-2.7600387047233945,-0.3400000035762787,4.0,-2.810224652967605,-0.3400000035762787,4.0,-2.8539512436280567,-0.3400000035762787,-103.47205267463195,0.0
1318,32.95,1.757600969697363e+18,4.6910146079298185,0.8150166423119578,1.4034338120832313,0.023475176376377242,16.424085645148647,-0.9417352113022591,2.1503774302605057,-0.3473979727924971,-0.3400000035762787,4.0,-2.5965661879167685,4.0,-2.650753267671008,-0.3400000035762787,4.0,-2.7059271903937088,-0.3400000035762787,4.0,-2.7600387047233945,-0.3400000035762787,4.0,-2.810224652967605,-0.3400000035762787,-102.83352780025363,0.0
1319,32.975,1.757600969722363e+18,4.67270054313991,0.7976287057164124,1.4559444385783011,0.055405580647330734,16.4160614146794,-1.1872618274519073,2.120873303020296,-0.33934144780041126,-0.3400000035762787,4.0,-2.5440555614216986,4.0,-2.5965661879167685,-0.3400000035762787,4.0,-2.650753267671008,-0.3400000035762787,4.0,-2.7059271903937088,-0.3400000035762787,4.0,-2.7600387047233945,-0.3400000035762787,-102.19678182073785,0.0
1320,33.0,1.7576009697473628e+18,4.6382715460940815,0.7667675374410576,1.5074543945291756,0.09031891199294215,16.377020167935054,-1.4045127153618384,2.116465932133329,-0.334454925207273,-0.3400000035762787,4.0,-2.4925456054708244,4.0,-2.5440555614216986,-0.3400000035762787,4.0,-2.5965661879167685,-0.3400000035762787,4.0,-2.650753267671008,-0.3400000035762787,4.0,-2.7059271903937088,-0.3400000035762787,-101.56614655507495,0.0
1321,33.025,1.7576009697723628e+18,4.6134807278429015,0.7436538470024114,1.5597635934486487,0.12574705919492038,16.355284602797315,-1.5831451703767,2.1930481473375427,-0.33311860630951773,-0.3400000035762787,4.0,-2.4402364065513513,4.0,-2.4925456054708244,-0.3400000035762787,4.0,-2.5440555614216986,-0.3400000035762787,4.0,-2.5965661879167685,-0.3400000035762787,4.0,-2.650753267671008,-0.3400000035762787,-100.94431090677426,0.0
1322,33.050000000000004,1.7576009697973627e+18,4.57227574914088,0.7030523559650299,1.615572222125779,0.15965694638914887,16.2902331642091,-1.7205341610773925,2.3958075030744728,-0.3344468267909123,-0.3400000035762787,4.0,-2.384427777874221,4.0,-2.4402364065513513,-0.3400000035762787,4.0,-2.4925456054708244,-0.3400000035762787,4.0,-2.5440555614216986,-0.3400000035762787,4.0,-2.5965661879167685,-0.3400000035762787,-100.33069931719787,0.0
1323,33.075,1.757600969822363e+18,4.544149342376009,0.6788578098805584,1.6783055312220738,0.190795841666484,16.252662098855886,-1.8197434967485457,2.7481541202563045,-0.3370501748728849,-0.3400000035762787,4.0,-2.321694468777926,4.0,-2.384427777874221,-0.3400000035762787,4.0,-2.4402364065513513,-0.3400000035762787,4.0,-2.4925456054708244,-0.3400000035762787,4.0,-2.5440555614216986,-0.3400000035762787,-99.7204344910453,0.0
1324,33.1,1.7576009698473628e+18,4.474772136251124,0.6406297587258232,1.751794317931794,0.2187792205833835,16.19561544578786,-1.8867298427796406,3.244939229525596,-0.33965927090327763,-0.3400000035762787,4.0,-2.248205682068206,4.0,-2.321694468777926,-0.3400000035762787,4.0,-2.384427777874221,-0.3400000035762787,4.0,-2.4402364065513513,-0.3400000035762787,4.0,-2.4925456054708244,-0.3400000035762787,-99.10393996725026,0.0
1325,33.125,1.7576009698723628e+18,4.433668907724488,0.6113848973014036,1.8396161017222445,0.24385562840141456,16.14402571312858,-1.928213854872554,3.8506882595881766,-0.3414721466680165,-0.3400000035762787,4.0,-2.1603838982777557,4.0,-2.248205682068206,-0.3400000035762787,4.0,-2.321694468777926,-0.3400000035762787,4.0,-2.384427777874221,-0.3400000035762787,4.0,-2.4402364065513513,-0.3400000035762787,-98.46741921229913,0.0
1326,33.15,1.757600969897363e+18,4.400578224306247,0.5952946544658815,1.9441265182554393,0.26644168455541756,16.096805478937785,-1.9508191498438998,4.502727719831077,-0.3422223124313066,-0.3400000035762787,4.0,-2.0558734817445607,4.0,-2.1603838982777557,-0.3400000035762787,4.0,-2.248205682068206,-0.3400000035762787,4.0,-2.321694468777926,-0.3400000035762787,4.0,-2.384427777874221,-0.3400000035762787,-97.85335914510647,0.0
1327,33.175000000000004,1.757600969922363e+18,4.371036061388344,0.576883624345915,2.0654862325075865,0.28669344196531144,16.05921394996025,-1.961130918094634,5.118426553985714,-0.3420531960396379,-0.3400000035762787,4.0,-1.9345137674924135,4.0,-2.0558734817445607,-0.3400000035762787,4.0,-2.1603838982777557,-0.3400000035762787,4.0,-2.248205682068206,-0.3400000035762787,4.0,-2.321694468777926,-0.3400000035762787,-97.24513553875987,0.0
1328,33.2,1.7576009699473628e+18,4.30410901197835,0.5419770179267698,2.2011345393765827,0.30441416491783635,16.003433376519435,-1.9658610887858483,5.60536767621041,-0.341314790506167,-0.3400000035762787,4.0,-1.7988654606234173,4.0,-1.9345137674924135,-0.3400000035762787,4.0,-2.0558734817445607,-0.3400000035762787,4.0,-2.1603838982777557,-0.3400000035762787,4.0,-2.248205682068206,-0.3400000035762787,-96.56983143575793,0.0
1329,33.225,1.7576009699723628e+18,4.20343567851497,0.5084740439881796,2.3460216940530323,0.31940201754941666,15.916143257556868,-1.9715254709934023,5.873168509327641,-0.34038059420375105,-0.3400000035762787,4.0,-1.6539783059469677,4.0,-1.7988654606234173,-0.3400000035762787,4.0,-1.9345137674924135,-0.3400000035762787,4.0,-2.0558734817445607,-0.3400000035762787,4.0,-2.1603838982777557,-0.3400000035762787,-95.81844387606401,0.0
1330,33.25,1.7576009699973627e+18,4.183196250181739,0.500679423944228,2.493452655439051,0.33199574795486997,15.894190853448324,-1.9836703722534212,5.845814298508775,-0.33953899124241,-0.3400000035762787,4.0,-1.506547344560949,4.0,-1.6539783059469677,-0.3400000035762787,4.0,-1.7988654606234173,-0.3400000035762787,4.0,-1.9345137674924135,-0.3400000035762787,4.0,-2.0558734817445607,-0.3400000035762787,-94.98830151580901,0.0
1331,33.275,1.757600970022363e+18,4.13350838708266,0.4909206032169657,2.6359591596563727,0.3433527238783844,15.859502273201283,-2.0061603008257753,5.473517078483475,-0.3389656068254103,-0.3400000035762787,3.941404342651367,-1.3054451829949945,4.0,-1.506547344560949,-0.3400000035762787,4.0,-1.6539783059469677,-0.3400000035762787,4.0,-1.7988654606234173,-0.3400000035762787,4.0,-1.9345137674924135,-0.3400000035762787,-94.08396081827613,0.0
1332,33.300000000000004,1.7576009700473628e+18,4.059882288008826,0.4680799264188526,2.7657213553904283,0.3551341563593787,15.795209230184883,-2.040968693576805,4.742981264936916,-0.33874844497239515,-0.3400000035762787,3.882460117340088,-1.1167387619496596,3.941404342651367,-1.3054451829949945,-0.3400000035762787,4.0,-1.506547344560949,-0.3400000035762787,4.0,-1.6539783059469677,-0.3400000035762787,4.0,-1.7988654606234173,-0.3400000035762787,-93.11755068779995,0.0
1333,33.325,1.7576009700723628e+18,3.9711100432480286,0.4540701611495723,2.8746805051618836,0.3686914328487372,15.753378667026347,-2.0884524779062357,3.6844689795252843,-0.33892380953534273,-0.3400000035762787,3.882460117340088,-1.0077796121782043,3.882460117340088,-1.1167387619496596,-0.3400000035762787,3.941404342651367,-1.3054451829949945,-0.3400000035762787,4.0,-1.506547344560949,-0.3400000035762787,4.0,-1.6539783059469677,-0.3400000035762787,-92.1696377541815,0.0
1334,33.35,1.757600970097363e+18,3.917262003936111,0.4403906078441795,2.9549567109353934,0.3841973821114351,15.71176408928144,-2.147732025360565,2.373534201715056,-0.33948816318627073,-0.3400000035762787,3.646857261657715,-0.6919005507223215,3.882460117340088,-1.0077796121782043,-0.3400000035762787,3.882460117340088,-1.1167387619496596,-0.3400000035762787,3.941404342651367,-1.3054451829949945,-0.3400000035762787,4.0,-1.506547344560949,-0.3400000035762787,-91.03686448127195,0.0
1335,33.375,1.757600970122363e+18,3.8377559862292983,0.4549940330121873,3.0000034960361353,0.400240827095499,15.662883359897183,-2.21685388403555,0.9253495514672082,-0.3403733076640035,-0.3400000035762787,3.0575883388519287,-0.05758484281579346,3.646857261657715,-0.6919005507223215,-0.3400000035762787,3.882460117340088,-1.0077796121782043,-0.3400000035762787,3.882460117340088,-1.1167387619496596,-0.3400000035762787,3.941404342651367,-1.3054451829949945,-0.3400000035762787,-89.40824090579795,0.0
1336,33.4,1.7576009701473628e+18,3.74912779287813,0.4445705640124564,3.0062817308416907,0.4142750465903176,15.598567797285044,-2.292714385188513,-0.5193006909595969,-0.34140013169196753,-0.3400000035762787,2.7042713165283203,0.3020104143133704,3.0575883388519287,-0.05758484281579346,-0.3400000035762787,3.646857261657715,-0.6919005507223215,-0.3400000035762787,3.882460117340088,-1.0077796121782043,-0.3400000035762787,3.882460117340088,-1.1167387619496596,-0.3400000035762787,-87.74648488113681,0.0
1337,33.425000000000004,1.7576009701723628e+18,3.698564188982303,0.4386238315135269,2.974693679024087,0.42403329602269824,15.561874883785475,-2.3709135688553906,-1.8150670288929662,-0.3422488380633853,-0.3400000035762787,2.468493938446045,0.5061997405780421,2.7042713165283203,0.3020104143133704,-0.3400000035762787,3.0575883388519287,-0.05758484281579346,-0.3400000035762787,3.646857261657715,-0.6919005507223215,-0.3400000035762787,3.882460117340088,-1.0077796121782043,-0.3400000035762787,-86.04390254509609,0.0
1338,33.45,1.7576009701973627e+18,3.5910784897215446,0.451362845527399,2.9109893579987536,0.42952039076488274,15.483677789892177,-2.4457582124043222,-2.8362585846064343,-0.34249092609558723,-0.3400000035762787,2.468493938446045,0.44249541955270866,2.468493938446045,0.5061997405780421,-0.3400000035762787,2.7042713165283203,0.3020104143133704,-0.3400000035762787,3.0575883388519287,-0.05758484281579346,-0.3400000035762787,3.646857261657715,-0.6919005507223215,-0.3400000035762787,-84.52191055158058,0.0
1339,33.475,1.757600970222363e+18,3.5118370680481914,0.4790655691342085,2.824823285556255,0.4346137294635945,15.411488191365006,-2.510702881048211,-3.498606920454159,-0.3417133852355145,-0.3400000035762787,2.409723997116089,0.4150992884401661,2.468493938446045,0.44249541955270866,-0.3400000035762787,2.468493938446045,0.5061997405780421,-0.3400000035762787,2.7042713165283203,0.3020104143133704,-0.3400000035762787,3.0575883388519287,-0.05758484281579346,-0.3400000035762787,-83.15138713644535,0.0
1340,33.5,1.7576009702473628e+18,3.43662496556206,0.4863097384881882,2.727759805059327,0.4471383352366245,15.354330217890107,-2.559475197352478,-3.7729189842479207,-0.3397278115352938,-0.3400000035762787,2.409723997116089,0.31803580794323816,2.409723997116089,0.4150992884401661,-0.3400000035762787,2.468493938446045,0.44249541955270866,-0.3400000035762787,2.468493938446045,0.5061997405780421,-0.3400000035762787,2.7042713165283203,0.3020104143133704,-0.3400000035762787,-82.11780263411649,0.0
1341,33.525,1.7576009702723628e+18,3.387114178037532,0.4983300076855723,2.6309301137626364,0.4767995304503716,15.310607627542492,-2.5877124774747147,-3.6869736844040175,-0.3368045867090742,-0.3400000035762787,2.409723997116089,0.22120611664654755,2.409723997116089,0.31803580794323816,-0.3400000035762787,2.409723997116089,0.4150992884401661,-0.3400000035762787,2.468493938446045,0.44249541955270866,-0.3400000035762787,2.468493938446045,0.5061997405780421,-0.3400000035762787,-81.34895473573822,0.0
1342,33.550000000000004,1.757600970297363e+18,3.3028705609947866,0.5334084821036402,2.5430782132210057,0.5313663371887654,15.193133622664668,-2.5943519223959455,-3.315402398597987,-0.3338227478380414,-0.3400000035762787,2.468493938446045,0.07458427477496077,2.409723997116089,0.22120611664654755,-0.3400000035762787,2.409723997116089,0.31803580794323816,-0.3400000035762787,2.409723997116089,0.4150992884401661,-0.3400000035762787,2.468493938446045,0.44249541955270866,-0.3400000035762787,-80.87034226723752,0.0
1343,33.575,1.757600970322363e+18,3.256505522979182,0.5484842725896035,2.4694854229592695,0.6125694016701712,15.139698118590589,-2.581873515428195,-2.7607984504653764,-0.33220480385773227,-0.3400000035762787,2.409723997116089,0.05976142584318067,2.468493938446045,0.07458427477496077,-0.3400000035762787,2.409723997116089,0.22120611664654755,-0.3400000035762787,2.409723997116089,0.31803580794323816,-0.3400000035762787,2.409723997116089,0.4150992884401661,-0.3400000035762787,-80.63501190919322,0.0
1344,33.6,1.7576009703473628e+18,3.095370692057046,0.6100365033540562,2.411915991875619,0.713720666904485,15.00413897709424,-2.5550819146307893,-2.131609529601987,-0.3335373947883175,-0.3400000035762787,2.409723997116089,0.002191994759530136,2.409723997116089,0.05976142584318067,-0.3400000035762787,2.468493938446045,0.07458427477496077,-0.3400000035762787,2.409723997116089,0.22120611664654755,-0.3400000035762787,2.409723997116089,0.31803580794323816,-0.3400000035762787,-80.76623143734079,0.0
1345,33.625,1.7576009703723628e+18,3.095370692057046,0.6100365033540562,2.369401593955847,0.8204807772696117,15.00413897709424,-2.519073509132585,-1.5226852758814442,-0.33887630396617174,-0.3400000035762787,2.409723997116089,-0.040322403160241826,2.409723997116089,0.002191994759530136,-0.3400000035762787,2.409723997116089,0.05976142584318067,-0.3400000035762787,2.468493938446045,0.07458427477496077,-0.3400000035762787,2.409723997116089,0.22120611664654755,-0.3400000035762787,-81.27062257239115,0.0
1346,33.65,1.7576009703973627e+18,3.029760028471629,0.658364375512904,2.3394407262219303,0.914662956787017,14.956751324988861,-2.477683847787887,-1.0027151261185314,-0.3478860570383068,-0.3400000035762787,2.409723997116089,-0.07028327089415853,2.409723997116089,-0.040322403160241826,-0.3400000035762787,2.409723997116089,0.002191994759530136,-0.3400000035762787,2.409723997116089,0.05976142584318067,-0.3400000035762787,2.468493938446045,0.07458427477496077,-0.3400000035762787,-81.86714521728072,0.0
1347,33.675000000000004,1.757600970422363e+18,2.979129045319473,0.6673433835881859,2.3191082447314395,0.9795660105669051,14.89794943459425,-2.4334952718972076,-0.609994372370092,-0.3581250489115746,-0.3400000035762787,2.409723997116089,-0.09061575238464936,2.409723997116089,-0.07028327089415853,-0.3400000035762787,2.409723997116089,-0.040322403160241826,-0.3400000035762787,2.409723997116089,0.002191994759530136,-0.3400000035762787,2.409723997116089,0.05976142584318067,-0.3400000035762787,-82.40323418878187,0.0
1348,33.7,1.7576009704473628e+18,2.914568156530497,0.7249791857011929,2.3057143395378583,1.0048692064157072,14.814454087747883,-2.389378425319499,-0.3551652880452237,-0.36488154427022507,-0.3400000035762787,2.409723997116089,-0.10400965757823055,2.409723997116089,-0.09061575238464936,-0.3400000035762787,2.409723997116089,-0.07028327089415853,-0.3400000035762787,2.409723997116089,-0.040322403160241826,-0.3400000035762787,2.409723997116089,0.002191994759530136,-0.3400000035762787,-82.8569879353749,0.0
1349,33.725,1.7576009704723628e+18,2.889434005009779,0.7479214104812555,2.296958055114914,0.989394352604409,14.775464497154934,-2.3502267749208263,-0.227818769643534,-0.3619089231372472,-0.3400000035762787,2.409723997116089,-0.11276594200117485,2.409723997116089,-0.10400965757823055,-0.3400000035762787,2.409723997116089,-0.09061575238464936,-0.3400000035762787,2.409723997116089,-0.07028327089415853,-0.3400000035762787,2.409723997116089,-0.040322403160241826,-0.3400000035762787,-83.27853694031099,0.0
1350,33.75,1.757600970497363e+18,2.8384282439811983,0.7959753748262526,2.2908024493708012,0.9407360987340345,14.691018628248445,-2.3230115544134358,-0.20358876679773047,-0.34314398069191965,-0.3400000035762787,2.409723997116089,-0.11892154774528763,2.409723997116089,-0.11276594200117485,-0.3400000035762787,2.409723997116089,-0.10400965757823055,-0.3400000035762787,2.409723997116089,-0.09061575238464936,-0.3400000035762787,2.409723997116089,-0.07028327089415853,-0.3400000035762787,-83.67084665146382,0.0
1351,33.775,1.757600970522363e+18,2.791111944738623,0.8602413708825001,2.2853900004884204,0.8719509491356677,14.629575044483788,-2.314073579191209,-0.2494355567247479,-0.3050428411064032,-0.3400000035762787,2.409723997116089,-0.12433399662766842,2.409723997116089,-0.11892154774528763,-0.3400000035762787,2.409723997116089,-0.11276594200117485,-0.3400000035762787,2.409723997116089,-0.10400965757823055,-0.3400000035762787,2.409723997116089,-0.09061575238464936,-0.3400000035762787,-83.98694188759936,0.0
1352,33.800000000000004,1.7576009705473628e+18,2.760621003883772,0.9075380243407078,2.279194499994575,0.7968212111925244,14.560768325479366,-2.324330513125086,-0.32651229384291697,-0.24868381998122205,-0.3400000035762787,2.409723997116089,-0.13052949712151385,2.409723997116089,-0.12433399662766842,-0.3400000035762787,2.409723997116089,-0.11892154774528763,-0.3400000035762787,2.409723997116089,-0.11276594200117485,-0.3400000035762787,2.409723997116089,-0.10400965757823055,-0.3400000035762787,-84.24397168523987,0.0
1353,33.825,1.7576009705723628e+18,2.735060359552226,0.9425940096636783,2.2713912494635693,0.7257348764767988,14.513873076494498,-2.3447530729300143,-0.39153143525375483,-0.18055130481295062,-0.2498744875192642,2.409723997116089,-0.13833274765251957,2.409723997116089,-0.13052949712151385,-0.3400000035762787,2.409723997116089,-0.12433399662766842,-0.3400000035762787,2.409723997116089,-0.11892154774528763,-0.3400000035762787,2.409723997116089,-0.11276594200117485,-0.3400000035762787,-84.46008980438833,0.0
1354,33.85,1.7576009705973627e+18,2.6748675281482286,1.0192468687190763,2.2622737228639886,0.6635507843473267,14.43648167199931,-2.3549298093842856,-0.3983091543050699,-0.1112453157973784,-0.0,2.409723997116089,-0.14745027425210022,2.409723997116089,-0.13833274765251957,-0.2498744875192642,2.409723997116089,-0.13052949712151385,-0.3400000035762787,2.409723997116089,-0.12433399662766842,-0.3400000035762787,2.409723997116089,-0.11892154774528763,-0.3400000035762787,-84.65073742573243,0.0
1355,33.875,1.757600970622363e+18,2.6564285270652075,1.0502985752183194,2.2535187062726516,0.6095876928241668,14.400440938620676,-2.32641438557883,-0.3009976112303401,-0.05229965493570744,-0.0,2.409723997116089,-0.15620529084343726,2.409723997116089,-0.14745027425210022,-0.0,2.409723997116089,-0.13833274765251957,-0.2498744875192642,2.409723997116089,-0.13052949712151385,-0.3400000035762787,2.409723997116089,-0.12433399662766842,-0.3400000035762787,-84.82607510949931,0.0
1356,33.9,1.7576009706473628e+18,2.654376377237388,1.1260120409698922,2.248174391468727,0.5589920444204608,14.327411763579947,-2.2304329728874266,-0.05963752727674476,-0.012334797131122288,-0.0,2.468493938446045,-0.22031954697731804,2.409723997116089,-0.15620529084343726,-0.0,2.409723997116089,-0.14745027425210022,-0.0,2.409723997116089,-0.13833274765251957,-0.2498744875192642,2.409723997116089,-0.13052949712151385,-0.3400000035762787,-85.0487086325161,0.0
1357,33.925000000000004,1.7576009706723628e+18,2.6444895176085503,1.147107972839577,2.2503514580581014,0.5046534510672207,14.303501023650577,-2.0474590172834013,0.3524897467359678,0.005841846721837923,-0.0,2.468493938446045,-0.21814248038794348,2.468493938446045,-0.22031954697731804,-0.0,2.409723997116089,-0.15620529084343726,-0.0,2.409723997116089,-0.14745027425210022,-0.0,2.409723997116089,-0.13833274765251957,-0.2498744875192642,-85.257824957433,0.0
1358,33.95,1.757600970697363e+18,2.634596721972823,1.2464633198337451,2.2646768088638174,0.4393187309033097,14.20487931525306,-1.7750834807383455,0.9412244194183325,0.006108964040854795,-0.0,2.5274384021759038,-0.2627615933120864,2.468493938446045,-0.21814248038794348,-0.0,2.468493938446045,-0.22031954697731804,-0.0,2.409723997116089,-0.15620529084343726,-0.0,2.409723997116089,-0.14745027425210022,-0.0,-85.44706286187444,0.0
1359,33.975,1.757600970722363e+18,2.6286566242979763,1.2938938271393965,2.2956018634954622,0.35786119013250395,14.146349180454575,-1.4311274165495955,1.6856556271154597,-0.0022495084940907283,-0.0,2.5863826274871826,-0.29078076399172037,2.5274384021759038,-0.2627615933120864,-0.0,2.468493938446045,-0.21814248038794348,-0.0,2.468493938446045,-0.22031954697731804,-0.0,2.409723997116089,-0.15620529084343726,-0.0,-85.72577772479463,0.0
1360,34.0,1.7576009707473628e+18,2.6352114530529045,1.3196161771595718,2.3466709919259894,0.2593554812665136,14.16391419915961,-1.0507805947407372,2.536031737101838,-0.0073872386622777005,-0.0,2.880929946899414,-0.5342589549734247,2.5863826274871826,-0.29078076399172037,-0.0,2.5274384021759038,-0.2627615933120864,-0.0,2.468493938446045,-0.21814248038794348,-0.0,2.468493938446045,-0.22031954697731804,-0.0,-86.0853161842648,0.0
1361,34.025,1.7576009707723628e+18,2.627795761352498,1.400723970314501,2.4198721903236433,0.14817098691417813,14.1026844376082,-0.678507644393543,3.416896443631285,0.001582859595306515,-0.0,2.9988183975219727,-0.5789462071983293,2.880929946899414,-0.5342589549734247,-0.0,2.5863826274871826,-0.29078076399172037,-0.0,2.5274384021759038,-0.2627615933120864,-0.0,2.468493938446045,-0.21814248038794348,-0.0,-86.04812630489276,0.0
1362,34.050000000000004,1.7576009707973627e+18,2.6415678661057047,1.4509557880437731,2.5151694864319283,0.0334507858392613,14.097172916815023,-0.3567515385010795,4.235888853583844,0.031322230571208795,-0.0,3.646857261657715,-1.1316877752257866,2.9988183975219727,-0.5789462071983293,-0.0,2.880929946899414,-0.5342589549734247,-0.0,2.5863826274871826,-0.29078076399172037,-0.0,2.5274384021759038,-0.2627615933120864,-0.0,-86.37656121347395,0.0
1363,34.075,1.757600970822363e+18,2.6401098264149416,1.4854397381345557,2.6302379055813194,-0.07295472501762457,14.079752858218232,-0.11436614284220861,4.897373499965711,0.0821696093413458,-0.0,3.8235158920288086,-1.1932779864474892,3.646857261657715,-1.1316877752257866,-0.0,2.9988183975219727,-0.5789462071983293,-0.0,2.880929946899414,-0.5342589549734247,-0.0,2.5863826274871826,-0.29078076399172037,-0.0,-86.24673513411248,0.0
1364,34.1,1.7576009708473628e+18,2.662020190575775,1.5487090548673992,2.7603945501053047,-0.15944531337505943,14.096008344095301,0.04170004059297317,5.318746674411797,0.1479734866719388,0.0946599617600441,4.0,-1.2396054498946953,3.8235158920288086,-1.1932779864474892,-0.0,3.646857261657715,-1.1316877752257866,-0.0,2.9988183975219727,-0.5789462071983293,-0.0,2.880929946899414,-0.5342589549734247,-0.0,-85.54612916428071,0.0
1365,34.125,1.7576009708723628e+18,2.672363945150818,1.6302923153379516,2.898824732343571,-0.21773838543166396,14.111280339555089,0.12846215748241246,5.446197316475611,0.2181114167272079,0.3400000035762787,4.0,-1.101175267656429,4.0,-1.2396054498946953,0.0946599617600441,3.8235158920288086,-1.1932779864474892,-0.0,3.646857261657715,-1.1316877752257866,-0.0,2.9988183975219727,-0.5789462071983293,-0.0,-84.81466182088059,0.0
1366,34.15,1.757600970897363e+18,2.6753058938584617,1.712302883465335,3.0372935867526785,-0.2453269530756006,14.110611977850384,0.18166502767066595,5.266237855061903,0.28106866162740335,0.3400000035762787,4.0,-0.9627064132473215,4.0,-1.101175267656429,0.3400000035762787,4.0,-1.2396054498946953,0.0946599617600441,3.8235158920288086,-1.1932779864474892,-0.0,3.646857261657715,-1.1316877752257866,-0.0,-84.06672027348738,0.0
1367,34.175000000000004,1.757600970922363e+18,2.6804912088554813,1.8686884984906764,3.167387558498921,-0.2466327200226419,14.12552566100473,0.2447699691974045,4.80976707047726,0.32813148536977826,0.3400000035762787,4.0,-0.8326124415010789,4.0,-0.9627064132473215,0.3400000035762787,4.0,-1.101175267656429,0.3400000035762787,4.0,-1.2396054498946953,0.0946599617600441,3.8235158920288086,-1.1932779864474892,-0.0,-83.32094650372092,0.0
1368,34.2,1.7576009709473628e+18,2.6804912088554813,1.8686884984906764,3.2819876581504057,-0.2323276674053382,14.12552566100473,0.3556311254491082,4.146876778996105,0.35566834365132,0.3400000035762787,4.0,-0.7180123418495943,4.0,-0.8326124415010789,0.3400000035762787,4.0,-0.9627064132473215,0.3400000035762787,4.0,-1.101175267656429,0.3400000035762787,4.0,-1.2396054498946953,0.0946599617600441,-82.59916094294606,0.0
1369,34.225,1.7576009709723628e+18,2.6818526663949847,1.9282916192426176,3.3764619981436703,-0.2167802233174056,14.128660703311837,0.5351115209992088,3.372825464590736,0.36527664429012524,0.3400000035762787,4.0,-0.6235380018563297,4.0,-0.7180123418495943,0.3400000035762787,4.0,-0.8326124415010789,0.3400000035762787,4.0,-0.9627064132473215,0.3400000035762787,4.0,-1.101175267656429,0.3400000035762787,-81.92454600440018,0.0
1370,34.25,1.7576009709973627e+18,2.6928310534178848,2.0253729059352827,3.4492042739292796,-0.21424000389941505,14.134088515300629,0.7813297359589513,2.5880078639405273,0.3621623342632785,0.3400000035762787,4.0,-0.5507957260707204,4.0,-0.6235380018563297,0.3400000035762787,4.0,-0.7180123418495943,0.3400000035762787,4.0,-0.8326124415010789,0.3400000035762787,4.0,-0.9627064132473215,0.3400000035762787,-81.31936799037489,0.0
1371,34.275000000000006,1.757600971022363e+18,2.6934692353683864,2.1184004209178844,3.5014734896914064,-0.2349079440792334,14.144417744711792,1.071346605452726,1.8766229810093382,0.3527729805804854,0.3400000035762787,4.0,-0.49852651030859363,4.0,-0.5507957260707204,0.3400000035762787,4.0,-0.6235380018563297,0.3400000035762787,4.0,-0.7180123418495943,0.3400000035762787,4.0,-0.8326124415010789,0.3400000035762787,-80.8025623308509,0.0
1372,34.300000000000004,1.7576009710473628e+18,2.7054455681862826,2.221787165662101,3.536686240260173,-0.2821469977981409,14.176496572697696,1.3693828359430422,1.2894460263167598,0.3427048631608334,0.3400000035762787,4.0,-0.4633137597398269,4.0,-0.49852651030859363,0.3400000035762787,4.0,-0.5507957260707204,0.3400000035762787,4.0,-0.6235380018563297,0.3400000035762787,4.0,-0.7180123418495943,0.3400000035762787,-80.38731322943545,0.0
1373,34.325,1.7576009710723628e+18,2.707723300196094,2.407487955790281,3.5593204242904104,-0.3516551512657092,14.254058916595412,1.6382472785650621,0.8353150690021731,0.3354900601092835,0.3400000035762787,4.0,-0.4406795757095896,4.0,-0.4633137597398269,0.3400000035762787,4.0,-0.49852651030859363,0.3400000035762787,4.0,-0.5507957260707204,0.3400000035762787,4.0,-0.6235380018563297,0.3400000035762787,-80.07857653982758,0.0
1374,34.35,1.757600971097363e+18,2.6999970577466943,2.4668976357984747,3.5735996869191533,-0.43267916342551677,14.27713907657503,1.849803149329043,0.4837548340160886,0.3323727301880137,0.3400000035762787,4.0,-0.4264003130808467,4.0,-0.4406795757095896,0.3400000035762787,4.0,-0.4633137597398269,0.3400000035762787,4.0,-0.49852651030859363,0.3400000035762787,4.0,-0.5507957260707204,0.3400000035762787,-79.87054918724795,0.0
1375,34.375,1.757600971122363e+18,2.695306161025916,2.5539673783144528,3.5822368575627492,-0.5107419077179479,14.338094246216839,1.9913525482507473,0.17811407694163028,0.33282187820221754,0.3400000035762787,4.0,-0.41776314243725077,4.0,-0.4264003130808467,0.3400000035762787,4.0,-0.4406795757095896,0.3400000035762787,4.0,-0.4633137597398269,0.3400000035762787,4.0,-0.49852651030859363,0.3400000035762787,-79.74444091123769,0.0
1376,34.400000000000006,1.7576009711473628e+18,2.6934743560371293,2.586501175338117,3.5856190448267276,-0.57117122364746,14.353624438681551,2.0668807506401063,-0.14445685727050667,0.33537697016279994,0.3400000035762787,4.0,-0.41438095517327245,4.0,-0.41776314243725077,0.3400000035762787,4.0,-0.4264003130808467,0.3400000035762787,4.0,-0.4406795757095896,0.3400000035762787,4.0,-0.4633137597398269,0.3400000035762787,-79.84386550743197,0.0
1377,34.425000000000004,1.7576009711723628e+18,2.6582488590253783,2.7812052129958715,3.581773192222291,-0.6027996378591083,14.46555341193376,2.0938931766421613,-0.5319654237987131,0.3384563862783257,0.3400000035762787,3.8235158920288086,-0.24174269980651752,4.0,-0.41438095517327245,0.3400000035762787,4.0,-0.41776314243725077,0.3400000035762787,4.0,-0.4264003130808467,0.3400000035762787,4.0,-0.4406795757095896,0.3400000035762787,-80.41803938217043,0.0
1378,34.45,1.7576009711973627e+18,2.6444819439527545,2.87698430383278,3.5672067593947814,-0.6011624974195995,14.521569797214617,2.09748233513536,-1.0016618494441634,0.34089898114101,0.3400000035762787,3.646857261657715,-0.07965050226293346,3.8235158920288086,-0.24174269980651752,0.3400000035762787,4.0,-0.41438095517327245,0.3400000035762787,4.0,-0.41776314243725077,0.3400000035762787,4.0,-0.4264003130808467,0.3400000035762787,-82.59011410376114,0.0
1379,34.475,1.757600971222363e+18,2.61856394655085,2.9031907255655924,3.5383662126979782,-0.5703056831260886,14.542002951143301,2.1033966757453775,-1.5339094711453054,0.34217227791071686,0.3400000035762787,3.4110798835754395,0.1272863291225388,3.646857261657715,-0.07965050226293346,0.3400000035762787,3.8235158920288086,-0.24174269980651752,0.3400000035762787,4.0,-0.41438095517327245,0.3400000035762787,4.0,-0.41776314243725077,0.3400000035762787,-85.76674246255374,0.0
1380,34.5,1.7576009712473628e+18,2.582887673408964,2.98327071414234,3.493190717599402,-0.5223779502480521,14.591732921553788,2.1315989298583764,-2.077441930851804,0.34230680115043566,0.3400000035762787,3.0575883388519287,0.4356023787474732,3.4110798835754395,0.1272863291225388,0.3400000035762787,3.646857261657715,-0.07965050226293346,0.3400000035762787,3.8235158920288086,-0.24174269980651752,0.3400000035762787,4.0,-0.41438095517327245,0.3400000035762787,-88.42926471097994,0.0
1381,34.525000000000006,1.7576009712723628e+18,2.540249366042588,3.113815540062532,3.432197840982317,-0.47483822546046334,14.668988285194732,2.191480913410824,-2.5640113416307817,0.34167843362890393,0.3400000035762787,2.9988183975219727,0.4333794434603444,3.0575883388519287,0.4356023787474732,0.3400000035762787,3.4110798835754395,0.1272863291225388,0.3400000035762787,3.646857261657715,-0.07965050226293346,0.3400000035762787,3.8235158920288086,-0.24174269980651752,0.3400000035762787,-90.83350946337922,0.0
1382,34.550000000000004,1.757600971297363e+18,2.52521685510589,3.147243405190829,3.3587107110522982,-0.44597589594255066,14.691572570505546,2.2798155828228297,-2.927533436480384,0.3407628666945356,0.3400000035762787,2.9398741722106934,0.4188365388416049,2.9988183975219727,0.4333794434603444,0.3400000035762787,3.0575883388519287,0.4356023787474732,0.3400000035762787,3.4110798835754395,0.1272863291225388,0.3400000035762787,3.646857261657715,-0.07965050226293346,0.3400000035762787,-92.95785808506804,0.0
1383,34.575,1.757600971322363e+18,2.476117167527083,3.222581364800372,3.2781415746774907,-0.449976652087404,14.742486045162895,2.3823984331848833,-3.1216532353032096,0.339949288354966,0.3400000035762787,2.880929946899414,0.3972116277780766,2.9398741722106934,0.4188365388416049,0.3400000035762787,2.9988183975219727,0.4333794434603444,0.3400000035762787,3.0575883388519287,0.4356023787474732,0.3400000035762787,3.4110798835754395,0.1272863291225388,0.3400000035762787,-94.79930612142735,0.0
1384,34.6,1.7576009713473628e+18,2.435096952951905,3.297262745277547,3.1966053046244176,-0.4929322952684745,14.795573427782651,2.479423511825527,-3.13057046391229,0.3394500528134491,0.3400000035762787,2.821985483169556,0.3746198214548615,2.880929946899414,0.3972116277780766,0.3400000035762787,2.9398741722106934,0.4188365388416049,0.3400000035762787,2.9988183975219727,0.4333794434603444,0.3400000035762787,3.0575883388519287,0.4356023787474732,0.3400000035762787,-96.37074210433725,0.0
1385,34.625,1.7576009713723628e+18,2.4002539346345477,3.380966727377367,3.1194200622938766,-0.5710639452716956,14.868112242859773,2.5528514171906043,-2.970562149795585,0.33929967814518136,0.3400000035762787,2.821985483169556,0.2974345791243205,2.821985483169556,0.3746198214548615,0.3400000035762787,2.880929946899414,0.3972116277780766,0.3400000035762787,2.9398741722106934,0.4188365388416049,0.3400000035762787,2.9988183975219727,0.4333794434603444,0.3400000035762787,-97.75488542864328,0.0
1386,34.650000000000006,1.7576009713973627e+18,2.371164250703923,3.4346714396380147,3.050086713530676,-0.6717778570025528,14.91295896633081,2.592589063021969,-2.6828776648809463,0.3394109496463667,0.3400000035762787,2.821985483169556,0.22810123036112007,2.821985483169556,0.2974345791243205,0.3400000035762787,2.821985483169556,0.3746198214548615,0.3400000035762787,2.880929946899414,0.3972116277780766,0.3400000035762787,2.9398741722106934,0.4188365388416049,0.3400000035762787,-98.98046763988313,0.0
1387,34.675000000000004,1.757600971422363e+18,2.3009554643864867,3.519752432986561,2.9900615569914755,-0.7771158619812445,15.012188644947347,2.5986851357578926,-2.3213305148561165,0.3396495307116345,0.3400000035762787,2.821985483169556,0.16807607382191936,2.821985483169556,0.22810123036112007,0.3400000035762787,2.821985483169556,0.2974345791243205,0.3400000035762787,2.821985483169556,0.3746198214548615,0.3400000035762787,2.880929946899414,0.3972116277780766,0.3400000035762787,-100.07579673982701,0.0
1388,34.7,1.7576009714473628e+18,2.260147471862661,3.5747991478037555,2.9392185769474164,-0.868386410294759,15.069833847096398,2.5789313624972134,-1.9390707624802694,0.33989629204392396,0.3400000035762787,2.821985483169556,0.11723309377786029,2.821985483169556,0.16807607382191936,0.3400000035762787,2.821985483169556,0.22810123036112007,0.3400000035762787,2.821985483169556,0.2974345791243205,0.3400000035762787,2.821985483169556,0.3746198214548615,0.3400000035762787,-101.06494061227554,0.0
1389,34.725,1.7576009714723628e+18,2.220012481615343,3.6530549846005536,2.896611164742376,-0.9306379238142642,15.14902739914246,2.543670856959278,-1.578465702796482,0.34008110524237334,0.3400000035762787,2.821985483169556,0.07462568157281968,2.821985483169556,0.11723309377786029,0.3400000035762787,2.821985483169556,0.16807607382191936,0.3400000035762787,2.821985483169556,0.22810123036112007,0.3400000035762787,2.821985483169556,0.2974345791243205,0.3400000035762787,-101.96586046820407,0.0
1390,34.75,1.757600971497363e+18,2.184100064883493,3.679607550630257,2.8611246814957574,-0.955896258789524,15.183853426188131,2.5006974029830435,-1.266216212328595,0.34018640455270266,0.3400000035762787,2.821985483169556,0.039139198326201274,2.821985483169556,0.07462568157281968,0.3400000035762787,2.821985483169556,0.11723309377786029,0.3400000035762787,2.821985483169556,0.16807607382191936,0.3400000035762787,2.821985483169556,0.22810123036112007,0.3400000035762787,-102.79036029629242,0.0
1391,34.775000000000006,1.757600971522363e+18,2.0946288566523408,3.742472897252538,2.8317950656768045,-0.9444880009627646,15.268393669245395,2.4525544825022156,-1.013676448298816,0.340229180436979,0.3400000035762787,2.821985483169556,0.009809582507248393,2.821985483169556,0.039139198326201274,0.3400000035762787,2.821985483169556,0.07462568157281968,0.3400000035762787,2.821985483169556,0.11723309377786029,0.3400000035762787,2.821985483169556,0.16807607382191936,0.3400000035762787,-103.54546727492117,0.0
1392,34.800000000000004,1.7576009715473628e+18,2.042045710478021,3.8078529492572337,2.8078052793545667,-0.904286042728814,15.339940403359208,2.3970221720291263,-0.8206924151527623,0.3402347523005639,0.3400000035762787,2.821985483169556,-0.014180203814989412,2.821985483169556,0.009809582507248393,0.3400000035762787,2.821985483169556,0.039139198326201274,0.3400000035762787,2.821985483169556,0.07462568157281968,0.3400000035762787,2.821985483169556,0.11723309377786029,0.3400000035762787,-103.35790245277288,0.0
1393,34.825,1.7576009715723628e+18,1.9920957411851796,3.8363097209092047,2.78833109125993,-0.8482127698556619,15.389579652353081,2.3300383326827343,-0.6806259538619026,0.34021522151244143,0.3400000035762787,2.821985483169556,-0.033654391909625936,2.821985483169556,-0.014180203814989412,0.3400000035762787,2.821985483169556,0.009809582507248393,0.3400000035762787,2.821985483169556,0.039139198326201274,0.3400000035762787,2.821985483169556,0.07462568157281968,0.3400000035762787,-101.22522966330092,0.0
1394,34.85,1.7576009715973627e+18,1.9506755296568516,3.863566984544049,2.7724249248098354,-0.7906692133419216,15.438568951592037,2.249362718879508,-0.5845808856502396,0.3401614582299352,0.3400000035762787,2.821985483169556,-0.04956055835972073,2.821985483169556,-0.033654391909625936,0.3400000035762787,2.821985483169556,-0.014180203814989412,0.3400000035762787,2.821985483169556,0.009809582507248393,0.3400000035762787,2.821985483169556,0.039139198326201274,0.3400000035762787,-97.8031562008024,0.0
1395,34.875,1.757600971622363e+18,1.8859380600541125,3.891205122353391,2.759028110304529,-0.7437365527556126,15.498967275142558,2.157225954910362,-0.523806798498019,0.3400515019802322,0.3400000035762787,2.821985483169556,-0.06295737286502723,2.821985483169556,-0.04956055835972073,0.3400000035762787,2.821985483169556,-0.033654391909625936,0.3400000035762787,2.821985483169556,-0.014180203814989412,0.3400000035762787,2.821985483169556,0.009809582507248393,0.3400000035762787,-94.34002410006488,0.0
1396,34.900000000000006,1.7576009716473628e+18,1.8284378862339,3.907715217516094,2.747087889365386,-0.7140248488609423,15.539445976843226,2.0609304138931765,-0.49029759802430894,0.33987181025260804,0.3400000035762787,2.821985483169556,-0.07489759380417027,2.821985483169556,-0.06295737286502723,0.3400000035762787,2.821985483169556,-0.04956055835972073,0.3400000035762787,2.821985483169556,-0.033654391909625936,0.3400000035762787,2.821985483169556,-0.014180203814989412,0.3400000035762787,-90.85087878257333,0.0
1397,34.925000000000004,1.7576009716723628e+18,1.7505529950431924,3.933259280406387,2.7357079000080584,-0.700929842588419,15.607643234249945,1.9714379656106205,-0.4763104607958072,0.3396421619129809,0.3400000035762787,2.821985483169556,-0.0862775831614977,2.821985483169556,-0.07489759380417027,0.3400000035762787,2.821985483169556,-0.06295737286502723,0.3400000035762787,2.821985483169556,-0.04956055835972073,0.3400000035762787,2.821985483169556,-0.033654391909625936,0.3400000035762787,-87.35293221635607,0.0
1398,34.95,1.757600971697363e+18,1.6828260013105094,3.9685573152997873,2.7242747536459877,-0.696903129583685,15.674861818843297,1.9007587249367321,-0.473733496943621,0.33943156754350573,0.3400000035762787,2.821985483169556,-0.09771072952356841,2.821985483169556,-0.0862775831614977,0.3400000035762787,2.821985483169556,-0.07489759380417027,0.3400000035762787,2.821985483169556,-0.06295737286502723,0.3400000035762787,2.821985483169556,-0.04956055835972073,0.3400000035762787,-83.863618047421,0.0
1399,34.975,1.757600971722363e+18,1.6135673314228134,3.967688427028024,2.7125274871961733,-0.6900402999711849,15.714220229054568,1.8590997653209058,-0.47399504407733933,0.3393527392500566,0.3400000035762787,2.821985483169556,-0.1094579959733828,2.821985483169556,-0.09771072952356841,0.3400000035762787,2.821985483169556,-0.0862775831614977,0.3400000035762787,2.821985483169556,-0.07489759380417027,0.3400000035762787,2.821985483169556,-0.06295737286502723,0.3400000035762787,-80.39916693189572,0.0
1400,35.0,1.7576009717473628e+18,1.5454754226923964,3.9801044209205663,2.700551208650641,-0.6685472003373756,15.766650071079116,1.8524778057839821,-0.46874578725955734,0.33952779278659806,0.3400000035762787,2.821985483169556,-0.12143427451891498,2.821985483169556,-0.1094579959733828,0.3400000035762787,2.821985483169556,-0.09771072952356841,0.3400000035762787,2.821985483169556,-0.0862775831614977,0.3400000035762787,2.821985483169556,-0.07489759380417027,0.3400000035762787,-76.97419327193774,0.0
1401,35.025000000000006,1.7576009717723628e+18,1.4961287776880088,3.984187705669958,2.68869504140227,-0.6256092425190515,15.80473750701706,1.8812850250659934,-0.45109026603231855,0.34002816355075816,0.3400000035762787,2.821985483169556,-0.133290441767286,2.821985483169556,-0.12143427451891498,0.3400000035762787,2.821985483169556,-0.1094579959733828,0.3400000035762787,2.821985483169556,-0.09771072952356841,0.3400000035762787,2.821985483169556,-0.0862775831614977,0.3400000035762787,-73.60199368647791,0.0
1402,35.050000000000004,1.7576009717973627e+18,1.4370879980354676,3.9753016148520826,2.6774412136786396,-0.5626001723734667,15.840122574602248,1.9401854549729156,-0.41686021149888614,0.3408055421770794,0.3400000035762787,2.821985483169556,-0.14454426949091648,2.821985483169556,-0.133290441767286,0.3400000035762787,2.821985483169556,-0.12143427451891498,0.3400000035762787,2.821985483169556,-0.1094579959733828,0.3400000035762787,2.821985483169556,-0.09771072952356841,0.3400000035762787,-70.29474636127662,0.0
1403,35.075,1.757600971822363e+18,1.357225413135505,3.9748704602808433,2.6672737673006663,-0.4890425336196137,15.897236547082054,2.0194400144864484,-0.36536680251009873,0.34164376623807324,0.3400000035762787,2.821985483169556,-0.15471171586888977,2.821985483169556,-0.14454426949091648,0.3400000035762787,2.821985483169556,-0.133290441767286,0.3400000035762787,2.821985483169556,-0.12143427451891498,0.3400000035762787,2.821985483169556,-0.1094579959733828,0.3400000035762787,-67.06292073503172,0.0
1404,35.1,1.7576009718473628e+18,1.3217376866176158,3.9690208952667314,2.6585982954692047,-0.4191992323551014,15.929683307699145,2.1072344804599354,-0.299213216142589,0.3421676616271314,0.3400000035762787,2.821985483169556,-0.16338718770035143,2.821985483169556,-0.15471171586888977,0.3400000035762787,2.821985483169556,-0.14454426949091648,0.3400000035762787,2.821985483169556,-0.133290441767286,0.3400000035762787,2.821985483169556,-0.12143427451891498,0.3400000035762787,-64.44378392109817,0.0
1405,35.125,1.7576009718723628e+18,1.2554112530189985,3.963508713902231,2.6517377143531062,-0.36684531552988214,15.97842749579743,2.19216814747879,-0.22302255772350585,0.3419370119105641,0.3400000035762787,2.821985483169556,-0.17024776881644987,2.821985483169556,-0.16338718770035143,0.3400000035762787,2.821985483169556,-0.15471171586888977,0.3400000035762787,2.821985483169556,-0.14454426949091648,0.3400000035762787,2.821985483169556,-0.133290441767286,0.3400000035762787,-62.5577213412232,0.0
1406,35.150000000000006,1.757600971897363e+18,1.1881880056832026,3.953750717204138,2.646980200602241,-0.34059243775258496,16.044646970226726,2.265139964843095,-0.1412701982692407,0.34062801189600767,0.3400000035762787,2.821985483169556,-0.17500528256731496,2.821985483169556,-0.17024776881644987,0.3400000035762787,2.821985483169556,-0.16338718770035143,0.3400000035762787,2.821985483169556,-0.15471171586888977,0.3400000035762787,2.821985483169556,-0.14454426949091648,0.3400000035762787,-62.10784474890933,0.0
1407,35.175000000000004,1.757600971922363e+18,1.1020803575629454,3.926006942485019,2.644620568386211,-0.34162288549667197,16.1218773840869,2.320348825461791,-0.05574820925342553,0.3382628905651022,0.3400000035762787,2.821985483169556,-0.17736491478334493,2.821985483169556,-0.17500528256731496,0.3400000035762787,2.821985483169556,-0.17024776881644987,0.3400000035762787,2.821985483169556,-0.16338718770035143,0.3400000035762787,2.821985483169556,-0.15471171586888977,0.3400000035762787,-61.964800657254706,0.0
1408,35.2,1.7576009719473628e+18,1.053539829464881,3.906492840945121,2.6449505087389342,-0.36431551354759134,16.183753622055374,2.3555072104547428,0.036528897038931224,0.3354019710910802,0.3400000035762787,2.821985483169556,-0.17703497443062188,2.821985483169556,-0.17736491478334493,0.3400000035762787,2.821985483169556,-0.17500528256731496,0.3400000035762787,2.821985483169556,-0.17024776881644987,0.3400000035762787,2.821985483169556,-0.16338718770035143,0.3400000035762787,-61.87878882446939,0.0
1409,35.225,1.7576009719723628e+18,0.9657495805159112,3.878784723629486,2.6482113963023246,-0.39894340443983306,16.270184752002447,2.3713754655204156,0.14404015647952642,0.3331810809027788,0.3400000035762787,2.880929946899414,-0.23271855059708946,2.821985483169556,-0.17703497443062188,0.3400000035762787,2.821985483169556,-0.17736491478334493,0.3400000035762787,2.821985483169556,-0.17500528256731496,0.3400000035762787,2.821985483169556,-0.17024776881644987,0.3400000035762787,-61.95236191358642,0.0
1410,35.25,1.7576009719973627e+18,0.9443896177263432,3.865674602528424,2.6545827449693027,-0.4350033989410147,16.271014797450018,2.370634485274213,0.27931342986969865,0.3330847287767859,0.3400000035762787,2.880929946899414,-0.22634720193011137,2.880929946899414,-0.23271855059708946,0.3400000035762787,2.821985483169556,-0.17703497443062188,0.3400000035762787,2.821985483169556,-0.17736491478334493,0.3400000035762787,2.821985483169556,-0.17500528256731496,0.3400000035762787,-61.76006999517784,0.0
1411,35.275000000000006,1.757600972022363e+18,0.8568271343096545,3.818902059093512,2.6642859547623794,-0.46388680733525767,16.354959430563,2.3563293490575976,0.4550741195758394,0.3364101299060252,0.3400000035762787,2.9398741722106934,-0.27558821744831397,2.880929946899414,-0.22634720193011137,0.3400000035762787,2.880929946899414,-0.23271855059708946,0.3400000035762787,2.821985483169556,-0.17703497443062188,0.3400000035762787,2.821985483169556,-0.17736491478334493,0.3400000035762787,-60.70444407802327,0.0
1412,35.300000000000004,1.7576009720473628e+18,0.8113501720768181,3.795134748092799,2.6778064468100813,-0.4802696739809067,16.400253585963164,2.3305837117122548,0.678628237022148,0.3434994715734223,0.3400000035762787,2.9988183975219727,-0.32101195071189137,2.9398741722106934,-0.27558821744831397,0.3400000035762787,2.880929946899414,-0.22634720193011137,0.3400000035762787,2.880929946899414,-0.23271855059708946,0.3400000035762787,2.821985483169556,-0.17703497443062188,0.3400000035762787,-58.31152986643723,0.0
1413,35.325,1.7576009720723628e+18,0.7539595488658501,3.748099227384525,2.6961066851451476,-0.4823528742880614,16.473913548934238,2.2945040480748897,0.9461123207185618,0.352969776112628,0.3400000035762787,3.0575883388519287,-0.3614816537067811,2.9988183975219727,-0.32101195071189137,0.3400000035762787,2.9398741722106934,-0.27558821744831397,0.3400000035762787,2.880929946899414,-0.22634720193011137,0.3400000035762787,2.880929946899414,-0.23271855059708946,0.3400000035762787,-55.81906027651596,0.0
1414,35.35,1.757600972097363e+18,0.7098196380215254,3.7197501534876767,2.720609050433947,-0.4714962862890286,16.52380333197393,2.249680175162724,1.2389011978827467,0.3612921960575431,0.3400000035762787,3.0575883388519287,-0.33697928841798186,3.0575883388519287,-0.3614816537067811,0.3400000035762787,2.9988183975219727,-0.32101195071189137,0.3400000035762787,2.9398741722106934,-0.27558821744831397,0.3400000035762787,2.880929946899414,-0.22634720193011137,0.3400000035762787,-53.34581491196633,0.0
1415,35.375,1.757600972122363e+18,0.6360054105858461,3.6525302121353382,2.7527704698096653,-0.4517420052981018,16.58518942955134,2.200507269537175,1.5243250571093891,0.3630869180685692,0.3400000035762787,3.116532802581787,-0.3637623327721218,3.0575883388519287,-0.33697928841798186,0.3400000035762787,3.0575883388519287,-0.3614816537067811,0.3400000035762787,2.9988183975219727,-0.32101195071189137,0.3400000035762787,2.9398741722106934,-0.27558821744831397,0.3400000035762787,-50.94953854001506,0.0
1416,35.400000000000006,1.7576009721473628e+18,0.5950523420910483,3.617061832302562,2.793282941301689,-0.4293694075894928,16.633456104015938,2.1555146429821668,1.7616816232806114,0.35233703404149447,0.3400000035762787,3.3523099422454834,-0.5590270009437943,3.116532802581787,-0.3637623327721218,0.3400000035762787,3.0575883388519287,-0.33697928841798186,0.3400000035762787,3.0575883388519287,-0.3614816537067811,0.3400000035762787,2.9988183975219727,-0.32101195071189137,0.3400000035762787,-48.80263835056515,0.0
1417,35.425000000000004,1.7576009721723628e+18,0.5401623759925003,3.5448160396832136,2.841230568280967,-0.4122216038766157,16.710149258544718,2.125968956658625,1.912571270760754,0.3243690749458931,0.3400000035762787,3.3523099422454834,-0.5110793739645163,3.3523099422454834,-0.5590270009437943,0.3400000035762787,3.116532802581787,-0.3637623327721218,0.3400000035762787,3.0575883388519287,-0.33697928841798186,0.3400000035762787,3.0575883388519287,-0.3614816537067811,0.3400000035762787,-46.66296445685865,0.0
1418,35.45,1.7576009721973627e+18,0.5048861717168593,3.502165637705169,2.893719390419182,-0.4083824321518346,16.75647756088548,2.121434176536588,1.9525531954929924,0.27798450061856517,0.3400000035762787,3.3523099422454834,-0.4585905518263016,3.3523099422454834,-0.5110793739645163,0.3400000035762787,3.3523099422454834,-0.5590270009437943,0.3400000035762787,3.116532802581787,-0.3637623327721218,0.3400000035762787,3.0575883388519287,-0.33697928841798186,0.3400000035762787,-44.524988820768186,0.0
1419,35.475,1.757600972222363e+18,0.4337901834161526,3.394746850012003,2.9463745390568006,-0.4240675898878203,16.848730930969143,2.14388480714173,1.879969267574409,0.21677489933817334,0.3400000035762787,3.4110798835754395,-0.4647053445186389,3.3523099422454834,-0.4585905518263016,0.3400000035762787,3.3523099422454834,-0.5110793739645163,0.3400000035762787,3.3523099422454834,-0.5590270009437943,0.3400000035762787,3.116532802581787,-0.3637623327721218,0.3400000035762787,-42.44563860386513,0.0
1420,35.5,1.7576009722473628e+18,0.4337901834161526,3.394746850012003,2.9946522619886484,-0.46118130930188783,16.848730930969143,2.183176777468136,1.718229963535609,0.14873483773793547,0.0646131783723831,3.4110798835754395,-0.41642762158679103,3.4110798835754395,-0.4647053445186389,0.3400000035762787,3.3523099422454834,-0.4585905518263016,0.3400000035762787,3.3523099422454834,-0.5110793739645163,0.3400000035762787,3.3523099422454834,-0.5590270009437943,0.3400000035762787,-40.369520619981095,0.0
1421,35.525000000000006,1.7576009722723628e+18,0.3866742785716943,3.3232980447191856,3.035402783849802,-0.5154793810606353,16.90208109195075,2.216480426704431,1.5099672347853,0.08399932077194598,-0.0,3.3523099422454834,-0.3169071583956815,3.4110798835754395,-0.41642762158679103,0.0646131783723831,3.4110798835754395,-0.4647053445186389,0.3400000035762787,3.3523099422454834,-0.4585905518263016,0.3400000035762787,3.3523099422454834,-0.5110793739645163,0.3400000035762787,-38.246191371825425,0.0
1422,35.550000000000004,1.757600972297363e+18,0.3492873108627008,3.2613244145079947,3.067921039494626,-0.5763408513159892,16.95769458906543,2.212790031113194,1.304498720425174,0.031589553146335186,-0.0,3.3523099422454834,-0.2843889027508575,3.3523099422454834,-0.3169071583956815,-0.0,3.4110798835754395,-0.41642762158679103,0.0646131783723831,3.4110798835754395,-0.4647053445186389,0.3400000035762787,3.3523099422454834,-0.4585905518263016,0.3400000035762787,-36.146152496702065,0.0
1423,35.575,1.757600972322363e+18,0.3173892644294578,3.1601943906416814,3.09398473151561,-0.6286920648185772,17.025763834352198,2.1415495869155556,1.1427588256576435,-0.0033154725029472254,-0.0,3.4110798835754395,-0.3170951520598293,3.3523099422454834,-0.2843889027508575,-0.0,3.3523099422454834,-0.3169071583956815,-0.0,3.4110798835754395,-0.41642762158679103,0.0646131783723831,3.4110798835754395,-0.4647053445186389,0.3400000035762787,-34.141553179983966,0.0
1424,35.6,1.7576009723473628e+18,0.2770357401333023,3.0856411895110645,3.1168973383465626,-0.6568021862407982,17.08643115537764,1.9826851387522098,1.0450283718244915,-0.020396996939654435,-0.0,3.4110798835754395,-0.2941825452288769,3.4110798835754395,-0.3170951520598293,-0.0,3.3523099422454834,-0.2843889027508575,-0.0,3.3523099422454834,-0.3169071583956815,-0.0,3.4110798835754395,-0.41642762158679103,0.0646131783723831,-32.18753004314463,0.0
1425,35.625,1.7576009723723628e+18,0.2505423828593973,3.018177432774681,3.1400045710434834,-0.6488206800646068,17.14088211134898,1.7345711861999313,1.0058636519632789,-0.02332806620219429,-0.0,3.4110798835754395,-0.27107531253195605,3.4110798835754395,-0.2941825452288769,-0.0,3.4110798835754395,-0.3170951520598293,-0.0,3.3523099422454834,-0.2843889027508575,-0.0,3.3523099422454834,-0.3169071583956815,-0.0,-30.298221457398835,0.0
1426,35.650000000000006,1.7576009723973627e+18,0.2475852805083982,2.951066469815853,3.1653353451202872,-0.6004558873635022,17.17067725707166,1.416870763560469,0.9979350398007226,-0.017744674474330084,-0.0,3.4110798835754395,-0.2457445384551522,3.4110798835754395,-0.27107531253195605,-0.0,3.4110798835754395,-0.2941825452288769,-0.0,3.4110798835754395,-0.3170951520598293,-0.0,3.3523099422454834,-0.2843889027508575,-0.0,-28.48809251410943,0.0
1427,35.675000000000004,1.757600972422363e+18,0.2340604465910529,2.8920531267635017,3.1928936830358343,-0.5164043969047738,17.21332538697656,1.0667282624612362,0.9831447682663901,-0.009092090690325134,-0.0,3.4110798835754395,-0.21818620053960514,3.4110798835754395,-0.2457445384551522,-0.0,3.4110798835754395,-0.27107531253195605,-0.0,3.4110798835754395,-0.2941825452288769,-0.0,3.4110798835754395,-0.3170951520598293,-0.0,-26.77176494715662,0.0
1428,35.7,1.7576009724473628e+18,0.2291354654760384,2.8051724582938053,3.220798253725021,-0.4090048033891827,17.247240923920977,0.7291848720746095,0.926767974772745,-0.0011521726858229673,-0.0,3.4110798835754395,-0.19028162985041863,3.4110798835754395,-0.21818620053960514,-0.0,3.4110798835754395,-0.2457445384551522,-0.0,3.4110798835754395,-0.27107531253195605,-0.0,3.4110798835754395,-0.2941825452288769,-0.0,-25.16318111638362,0.0
1429,35.725,1.7576009724723628e+18,0.2183503754569402,2.738728919344834,3.2461154584274863,-0.2946655910514608,17.285271893685515,0.44504954659714174,0.8094696713344168,0.004412643504784945,-0.0,3.3523099422454834,-0.10619448381799712,3.4110798835754395,-0.19028162985041863,-0.0,3.4110798835754395,-0.21818620053960514,-0.0,3.4110798835754395,-0.2457445384551522,-0.0,3.4110798835754395,-0.27107531253195605,-0.0,-23.61539729425465,0.0
1430,35.75,1.757600972497363e+18,0.2274130323249692,2.603475506500644,3.266003206373306,-0.18941336092192604,17.2763820654146,0.240571182506008,0.6331529322676256,0.007611822517102978,-0.0,3.3523099422454834,-0.08630673587217741,3.3523099422454834,-0.10619448381799712,-0.0,3.4110798835754395,-0.19028162985041863,-0.0,3.4110798835754395,-0.21818620053960514,-0.0,3.4110798835754395,-0.2457445384551522,-0.0,-22.195156685565877,0.0
1431,35.775000000000006,1.757600972522363e+18,0.2246341665206821,2.540320878247476,3.2787204364042895,-0.10516601446913507,17.29260212014358,0.12245605734476205,0.4191320727803586,0.009177111155069789,-0.0,3.3523099422454834,-0.07358950584119395,3.3523099422454834,-0.08630673587217741,-0.0,3.3523099422454834,-0.10619448381799712,-0.0,3.4110798835754395,-0.19028162985041863,-0.0,3.4110798835754395,-0.21818620053960514,-0.0,-20.963301008412074,0.0
1432,35.800000000000004,1.7576009725473628e+18,0.2228179106746974,2.503874826783707,3.2841496315930763,-0.047914563871038034,17.259735833332748,0.07943769207494188,0.20001067774564132,0.009605477775225503,-0.0,3.3523099422454834,-0.06816031065240713,3.3523099422454834,-0.07358950584119395,-0.0,3.3523099422454834,-0.08630673587217741,-0.0,3.3523099422454834,-0.10619448381799712,-0.0,3.4110798835754395,-0.19028162985041863,-0.0,-19.914722557114825,0.0
1433,35.825,1.7576009725723628e+18,0.2218596871497737,2.403005611414774,3.2836862638591464,-0.01799951011421823,17.268522757119975,0.08892017774843154,0.008742287843245662,0.008615577152694722,-0.0,3.3523099422454834,-0.06862367838633698,3.3523099422454834,-0.06816031065240713,-0.0,3.3523099422454834,-0.07358950584119395,-0.0,3.3523099422454834,-0.08630673587217741,-0.0,3.3523099422454834,-0.10619448381799712,-0.0,-18.97556662332296,0.0
1434,35.85,1.7576009725973627e+18,0.2206567786672759,2.335283844522414,3.279600321647287,-0.011711397028230937,17.262816089235304,0.12549282340481727,-0.13106146181594827,0.00525060223786823,-0.0,3.3523099422454834,-0.07270962059819652,3.3523099422454834,-0.06862367838633698,-0.0,3.3523099422454834,-0.06816031065240713,-0.0,3.3523099422454834,-0.07358950584119395,-0.0,3.3523099422454834,-0.08630673587217741,-0.0,-18.356375693198835,0.0
1435,35.875,1.757600972622363e+18,0.2187230018340193,2.213521564516748,3.274178987902678,-0.023185778721114412,17.269740317723162,0.1680051828809594,-0.21049196690432778,-0.001387278404824412,-0.0,3.3523099422454834,-0.07813095434280548,3.3523099422454834,-0.07270962059819652,-0.0,3.3523099422454834,-0.06862367838633698,-0.0,3.3523099422454834,-0.06816031065240713,-0.0,3.3523099422454834,-0.07358950584119395,-0.0,-18.376921804725843,0.0
1436,35.900000000000006,1.7576009726473628e+18,0.2119314278243362,2.097986427075491,3.2690263606212024,-0.04595010120714193,17.274161832487334,0.2031129908677634,-0.2352746798832792,-0.01103923322901622,-0.0,3.3523099422454834,-0.08328358162428096,3.3523099422454834,-0.07813095434280548,-0.0,3.3523099422454834,-0.07270962059819652,-0.0,3.3523099422454834,-0.06862367838633698,-0.0,3.3523099422454834,-0.06816031065240713,-0.0,-18.762215800663498,0.0
1437,35.925000000000004,1.7576009726723628e+18,0.2107431590121615,2.033334797373592,3.2647862803472574,-0.07394160932030389,17.277745072948292,0.22498362871478292,-0.22126226676402277,-0.021297024305078162,-0.0,3.3523099422454834,-0.08752366189822602,3.3523099422454834,-0.08328358162428096,-0.0,3.3523099422454834,-0.07813095434280548,-0.0,3.3523099422454834,-0.07270962059819652,-0.0,3.3523099422454834,-0.06862367838633698,-0.0,-19.355939203139762,0.0
1438,35.95,1.757600972697363e+18,0.2103696925298552,1.990399085547257,3.2613226235738866,-0.1020207388866415,17.27982462600923,0.23245130668748112,-0.18786168893140723,-0.027259871385651956,-0.0,3.293365716934204,-0.03204309336031752,3.3523099422454834,-0.08752366189822602,-0.0,3.3523099422454834,-0.08328358162428096,-0.0,3.3523099422454834,-0.07813095434280548,-0.0,3.3523099422454834,-0.07270962059819652,-0.0,-19.83047771605279,0.0
1439,35.975,1.757600972722363e+18,0.2094319063383083,1.8932787181148056,3.2581643020377853,-0.12607667275341078,17.285316598573573,0.22578838721422506,-0.1520188985606302,-0.022269973232562704,-0.0,3.234421491622925,0.023742810414860482,3.293365716934204,-0.03204309336031752,-0.0,3.3523099422454834,-0.08752366189822602,-0.0,3.3523099422454834,-0.08328358162428096,-0.0,3.3523099422454834,-0.07813095434280548,-0.0,-20.2218341940781,0.0
1440,36.0,1.7576009727473628e+18,0.2012015588583278,1.8335340307789865,3.2549248257745065,-0.14292344447626876,17.28794011332526,0.20509225731741096,-0.1246134983540795,0.00018697159554399045,-0.0,3.234421491622925,0.020503334151581676,3.234421491622925,0.023742810414860482,-0.0,3.293365716934204,-0.03204309336031752,-0.0,3.3523099422454834,-0.08752366189822602,-0.0,3.3523099422454834,-0.08328358162428096,-0.0,-20.51936666786975,0.0
1441,36.025000000000006,1.7576009727723628e+18,0.2010310470644039,1.7359969954570411,3.2514891180171372,-0.15024442998965065,17.293110415073965,0.17118582870376503,-0.10981939134945147,0.043851891994048695,-0.0,3.293365716934204,-0.041876598917066854,3.234421491622925,0.020503334151581676,-0.0,3.234421491622925,0.023742810414860482,-0.0,3.293365716934204,-0.03204309336031752,-0.0,3.3523099422454834,-0.08752366189822602,-0.0,-20.782449383433367,0.0
1442,36.050000000000004,1.7576009727973627e+18,0.2000136451621816,1.6436626129520528,3.247954017636038,-0.14675419081501007,17.29794009508551,0.12846113527711425,-0.10677862429639981,0.10729045514100476,-0.0,3.293365716934204,-0.04541169929816613,3.293365716934204,-0.041876598917066854,-0.0,3.234421491622925,0.020503334151581676,-0.0,3.234421491622925,0.023742810414860482,-0.0,3.293365716934204,-0.03204309336031752,-0.0,-20.902445357506494,0.0
1443,36.075,1.757600972822363e+18,0.2006800157813302,1.5460396959017342,3.244463037707371,-0.1325707784685619,17.303202474451577,0.0879453103206559,-0.11226157600204854,0.1828841646279211,0.179775208234787,3.293365716934204,-0.048902679226833,3.293365716934204,-0.04541169929816613,-0.0,3.293365716934204,-0.041876598917066854,-0.0,3.234421491622925,0.020503334151581676,-0.0,3.234421491622925,0.023742810414860482,-0.0,-21.011109462576506,0.0
1444,36.1,1.7576009728473628e+18,0.201518622086223,1.4787504434648489,3.241085846014509,-0.10963453145718695,17.304206155390396,0.06848672154596926,-0.12298061930106718,0.2579789529617252,0.3400000035762787,3.293365716934204,-0.05227987091969499,3.293365716934204,-0.048902679226833,0.179775208234787,3.293365716934204,-0.04541169929816613,-0.0,3.293365716934204,-0.041876598917066854,-0.0,3.234421491622925,0.020503334151581676,-0.0,-21.065581328255732,0.0
1445,36.125,1.7576009728723628e+18,0.2036086306509061,1.3803562014066586,3.2377924046801776,-0.08191895515770718,17.309096366891097,0.09449618555467679,-0.13672831516540093,0.3180074032713213,0.3400000035762787,3.293365716934204,-0.05557331225402651,3.293365716934204,-0.05227987091969499,0.3400000035762787,3.293365716934204,-0.048902679226833,0.179775208234787,3.293365716934204,-0.04541169929816613,-0.0,3.293365716934204,-0.041876598917066854,-0.0,-21.08083223734952,0.0
1446,36.150000000000006,1.757600972897363e+18,0.2068130739483265,1.3150910976011243,3.2344802476770824,-0.05521672132215832,17.313728587188884,0.1900222773016564,-0.15221491297111392,0.3504717948519131,0.3400000035762787,3.293365716934204,-0.05888546925712168,3.293365716934204,-0.05557331225402651,0.3400000035762787,3.293365716934204,-0.05227987091969499,0.3400000035762787,3.293365716934204,-0.048902679226833,0.179775208234787,3.293365716934204,-0.04541169929816613,-0.0,-21.06943443571248,0.0
1447,36.175000000000004,1.757600972922363e+18,0.2092398469235843,1.21757904630563,3.231003785881866,-0.03647130663857214,17.318912206611664,0.37065551282598647,-0.16807911826399966,0.348387442500003,0.3400000035762787,3.293365716934204,-0.062361931052338004,3.293365716934204,-0.05888546925712168,0.3400000035762787,3.293365716934204,-0.05557331225402651,0.3400000035762787,3.293365716934204,-0.05227987091969499,0.3400000035762787,3.293365716934204,-0.048902679226833,0.179775208234787,-21.041180614380167,0.0
1448,36.2,1.7576009729473628e+18,0.2097982552290118,1.1385927625647925,3.227200785229033,-0.03282646713274906,17.320598985055245,0.6360824332310772,-0.18184508158443244,0.31217230528021606,0.3400000035762787,3.293365716934204,-0.0661649317051709,3.293365716934204,-0.062361931052338004,0.3400000035762787,3.293365716934204,-0.05888546925712168,0.3400000035762787,3.293365716934204,-0.05557331225402651,0.3400000035762787,3.293365716934204,-0.05227987091969499,0.3400000035762787,-21.00333588850711,0.0
1449,36.225,1.7576009729723628e+18,0.2128847013614723,1.0413927936878793,3.222947784006983,-0.05060736682369752,17.32515790831467,0.9662751278391593,-0.18954096591618405,0.24954465248759392,0.3400000035762787,3.293365716934204,-0.0704179329272212,3.293365716934204,-0.0661649317051709,0.3400000035762787,3.293365716934204,-0.062361931052338004,0.3400000035762787,3.293365716934204,-0.05888546925712168,0.3400000035762787,3.293365716934204,-0.05557331225402651,0.3400000035762787,-20.960987879433155,0.0
1450,36.25,1.7576009729973627e+18,0.2114220818538288,0.9699067498430248,3.218263089711907,-0.09432281973726132,17.34728054037307,1.323073076926674,-0.1863460481769608,0.1734455338024502,0.1397227197885513,3.293365716934204,-0.07510262722229699,3.293365716934204,-0.0704179329272212,0.3400000035762787,3.293365716934204,-0.0661649317051709,0.3400000035762787,3.293365716934204,-0.062361931052338004,0.3400000035762787,3.293365716934204,-0.05888546925712168,0.3400000035762787,-20.917168958910164,0.0
1451,36.275000000000006,1.757600973022363e+18,0.2096531836778834,0.8604235924107264,3.2134175695698244,-0.16563506493684205,17.389267545425458,1.656892846950867,-0.16814555138355708,0.0984771098721023,-0.0,3.293365716934204,-0.07994814736437972,3.293365716934204,-0.07510262722229699,0.1397227197885513,3.293365716934204,-0.0704179329272212,0.3400000035762787,3.293365716934204,-0.0661649317051709,0.3400000035762787,3.293365716934204,-0.062361931052338004,0.3400000035762787,-20.87278310964688,0.0
1452,36.300000000000004,1.7576009730473628e+18,0.2114377483904594,0.8292197744216019,3.2089594998980124,-0.2622415192809573,17.428398015019287,1.916567086052898,-0.13343573968331737,0.03693666316083354,-0.0,3.293365716934204,-0.08440621703619167,3.293365716934204,-0.07994814736437972,-0.0,3.293365716934204,-0.07510262722229699,0.1397227197885513,3.293365716934204,-0.0704179329272212,0.3400000035762787,3.293365716934204,-0.0661649317051709,0.3400000035762787,-20.826659829561553,0.0
1453,36.325,1.7576009730723628e+18,0.2144204560819891,0.7470788740971288,3.2055760267084663,-0.3768411772550131,17.464968069265236,2.059681912795321,-0.0848061632325916,-0.004143899138457561,-0.0,3.293365716934204,-0.0877896902257378,3.293365716934204,-0.08440621703619167,-0.0,3.293365716934204,-0.07994814736437972,-0.0,3.293365716934204,-0.07510262722229699,0.1397227197885513,3.293365716934204,-0.0704179329272212,0.3400000035762787,-20.77611677213477,0.0
1454,36.35,1.757600973097363e+18,0.2174569297936943,0.6595415530903075,3.203814948283736,-0.4967400912033422,17.561898071522922,2.061238157173584,-0.02931625145188789,-0.023926516578452763,-0.0,3.293365716934204,-0.08955076865046818,3.293365716934204,-0.0877896902257378,-0.0,3.293365716934204,-0.08440621703619167,-0.0,3.293365716934204,-0.07994814736437972,-0.0,3.293365716934204,-0.07510262722229699,0.1397227197885513,-20.718217266533138,0.0
1455,36.375,1.757600973122363e+18,0.221859909405806,0.6114536970224036,3.2038077142169725,-0.6048766752456473,17.592137944065332,1.9192274543051266,0.022560843353241163,-0.02660202764482395,-0.0,3.293365716934204,-0.08955800271723158,3.293365716934204,-0.08955076865046818,-0.0,3.293365716934204,-0.0877896902257378,-0.0,3.293365716934204,-0.08440621703619167,-0.0,3.293365716934204,-0.07994814736437972,-0.0,-20.651569978406933,0.0
1456,36.400000000000006,1.7576009731473628e+18,0.239153298946622,0.5026142679362937,3.2051674158801733,-0.68276481548806,17.659567394377277,1.656054780317883,0.05928311096504685,-0.018959768624484997,-0.0,3.293365716934204,-0.08819830105403081,3.293365716934204,-0.08955800271723158,-0.0,3.293365716934204,-0.08955076865046818,-0.0,3.293365716934204,-0.0877896902257378,-0.0,3.293365716934204,-0.08440621703619167,-0.0,-20.51944873248365,0.0
1457,36.425000000000004,1.7576009731723628e+18,0.249667739665226,0.4389546118391487,3.2071393176258334,-0.7150046481035601,17.700855145081743,1.3148367840238884,0.07132523889723498,-0.007826622239309888,-0.0,3.293365716934204,-0.08622639930837073,3.293365716934204,-0.08819830105403081,-0.0,3.293365716934204,-0.08955800271723158,-0.0,3.293365716934204,-0.08955076865046818,-0.0,3.293365716934204,-0.0877896902257378,-0.0,-20.387532651404076,0.0
1458,36.45,1.7576009731973627e+18,0.2873988925059905,0.3737788279745482,3.2089151085826093,-0.6939856449251344,17.735355581534396,0.9503645234838618,0.05423925329902203,0.0017545019091833873,-0.0,3.293365716934204,-0.08445060835159479,3.293365716934204,-0.08622639930837073,-0.0,3.293365716934204,-0.08819830105403081,-0.0,3.293365716934204,-0.08955800271723158,-0.0,3.293365716934204,-0.08955076865046818,-0.0,-20.209221666443582,0.0
1459,36.475,1.757600973222363e+18,0.350818594195176,0.2606102671028407,3.2099145533161964,-0.6228645508711022,17.784137301087043,0.6163949535300918,0.010899251305625704,0.0072564905461655034,-0.0,3.293365716934204,-0.08345116361800775,3.293365716934204,-0.08445060835159479,-0.0,3.293365716934204,-0.08622639930837073,-0.0,3.293365716934204,-0.08819830105403081,-0.0,3.293365716934204,-0.08955800271723158,-0.0,-20.00189206606987,0.0
1460,36.5,1.7576009732473628e+18,0.3761750413697875,0.2199972969650467,3.2098814030385503,-0.5153306872591781,17.7528902239579,0.35307787699293125,-0.047766380947448644,0.008432655659438425,-0.0,3.293365716934204,-0.0834843138956538,3.293365716934204,-0.08345116361800775,-0.0,3.293365716934204,-0.08445060835159479,-0.0,3.293365716934204,-0.08622639930837073,-0.0,3.293365716934204,-0.08819830105403081,-0.0,-19.5511174249921,0.0
1461,36.525000000000006,1.7576009732723628e+18,0.426532836499129,0.1116379217429883,3.208799155176043,-0.39194758148418674,17.7643396341603,0.17900441077072016,-0.10409322125229711,0.006506813166419869,-0.0,3.293365716934204,-0.08456656175816102,3.293365716934204,-0.0834843138956538,-0.0,3.293365716934204,-0.08345116361800775,-0.0,3.293365716934204,-0.08445060835159479,-0.0,3.293365716934204,-0.08622639930837073,-0.0,-19.05673777955193,0.0
1462,36.550000000000004,1.757600973297363e+18,0.4765889753138084,0.0117098220388982,3.206771567658968,-0.2743079949502776,17.778606300846683,0.09056196071856051,-0.13732798310967956,0.0032293228949888085,-0.0,3.293365716934204,-0.08659414927523601,3.293365716934204,-0.08456656175816102,-0.0,3.293365716934204,-0.0834843138956538,-0.0,3.293365716934204,-0.08345116361800775,-0.0,3.293365716934204,-0.08445060835159479,-0.0,-18.01164415360138,0.0
1463,36.575,1.757600973322363e+18,0.4932694438544209,-0.0283495643320594,3.2040183437735408,-0.17916524679160942,17.770572413949125,0.06795482241008347,-0.12941445366993,0.00012914523297862586,-0.0,3.293365716934204,-0.08934737316066332,3.293365716934204,-0.08659414927523601,-0.0,3.293365716934204,-0.08456656175816102,-0.0,3.293365716934204,-0.0834843138956538,-0.0,3.293365716934204,-0.08345116361800775,-0.0,-16.907713540314553,0.0
1464,36.6,1.7576009733473628e+18,0.5325206413042634,-0.1034750985502246,3.2010067858481417,-0.1147198045026868,17.776546842720347,0.0845801642037278,-0.07199312439558976,-0.0018842001233308446,-0.0,3.293365716934204,-0.09235893108606241,3.293365716934204,-0.08934737316066332,-0.0,3.293365716934204,-0.08659414927523601,-0.0,3.293365716934204,-0.08456656175816102,-0.0,3.293365716934204,-0.0834843138956538,-0.0,-15.760467021505923,0.0
1465,36.625,1.7576009733723628e+18,0.5747617738284787,-0.1843232726961747,3.1985776240254005,-0.08027486619091553,17.7829763698145,0.1158436237332555,0.02717447015888126,-0.0025768651616066753,-0.0,3.293365716934204,-0.09478809290880363,3.293365716934204,-0.09235893108606241,-0.0,3.293365716934204,-0.08934737316066332,-0.0,3.293365716934204,-0.08659414927523601,-0.0,3.293365716934204,-0.08456656175816102,-0.0,-14.754079846758296,0.0
1466,36.650000000000006,1.7576009733973627e+18,0.6070210591581282,-0.2533226695889587,3.197849373264537,-0.06890071009298676,17.78207392936638,0.14471001596833624,0.1407627807781424,-0.0022148019801087986,-0.0,3.293365716934204,-0.09551634366966688,3.293365716934204,-0.09478809290880363,-0.0,3.293365716934204,-0.09235893108606241,-0.0,3.293365716934204,-0.08934737316066332,-0.0,3.293365716934204,-0.08659414927523601,-0.0,-13.886889777180642,0.0
1467,36.675000000000004,1.757600973422363e+18,0.6634105389326415,-0.353014595831739,3.1997614677294424,-0.07142576380238573,17.786472799421006,0.1631834188197271,0.22371333286309514,-0.001296566000576921,-0.0,3.293365716934204,-0.09360424920476174,3.293365716934204,-0.09551634366966688,-0.0,3.293365716934204,-0.09478809290880363,-0.0,3.293365716934204,-0.09235893108606241,-0.0,3.293365716934204,-0.08934737316066332,-0.0,-13.147881584884324,0.0
1468,36.7,1.7576009734473628e+18,0.6882045349646662,-0.3990576827254976,3.20431648613373,-0.07980438395754534,17.78904759995699,0.17051421456876092,0.22146856013470922,-0.00031187457146695954,-0.0,3.293365716934204,-0.089049230800474,3.293365716934204,-0.09360424920476174,-0.0,3.293365716934204,-0.09551634366966688,-0.0,3.293365716934204,-0.09478809290880363,-0.0,3.293365716934204,-0.09235893108606241,-0.0,-12.518918473835205,0.0
1469,36.725,1.7576009734723628e+18,0.7368568259449382,-0.4833938989919946,3.209811462783615,-0.08872880768991842,17.79289259215219,0.1697792348272435,0.0836380475209936,0.0004082235044760302,-0.0,3.293365716934204,-0.08355425415058892,3.293365716934204,-0.089049230800474,-0.0,3.293365716934204,-0.09360424920476174,-0.0,3.293365716934204,-0.09551634366966688,-0.0,3.293365716934204,-0.09478809290880363,-0.0,-11.978934726129463,0.0
1470,36.75,1.757600973497363e+18,0.7704488944783705,-0.5441707809550709,3.2124821801217833,-0.09553244534288546,17.79627836547968,0.16454307374612615,-0.22025683223200831,0.0007365290866828483,-0.0,3.293365716934204,-0.08088353681242078,3.293365716934204,-0.08355425415058892,-0.0,3.293365716934204,-0.089049230800474,-0.0,3.293365716934204,-0.09360424920476174,-0.0,3.293365716934204,-0.09551634366966688,-0.0,-11.509022536871164,0.0
1471,36.775000000000006,1.757600973522363e+18,0.8173245059360585,-0.6379485782984151,3.2069223476581756,-0.09920247072978072,17.800422643864724,0.15678793145406483,-0.6879787952422471,0.0007146165828962204,-0.0,3.293365716934204,-0.08644336927602847,3.293365716934204,-0.08088353681242078,-0.0,3.293365716934204,-0.08355425415058892,-0.0,3.293365716934204,-0.089049230800474,-0.0,3.293365716934204,-0.09360424920476174,-0.0,-11.096939395838598,0.0
1472,36.800000000000004,1.7576009735473628e+18,0.8488834297085011,-0.6940264571064496,3.1873608006107355,-0.09941638414301296,17.803658934168126,0.14649851991934928,-1.27974600232581,0.00047795180198819016,-0.0,2.9398741722106934,0.2474866284000421,3.293365716934204,-0.08644336927602847,-0.0,3.293365716934204,-0.08088353681242078,-0.0,3.293365716934204,-0.08355425415058892,-0.0,3.293365716934204,-0.089049230800474,-0.0,-10.38613900769873,0.0
1473,36.825,1.7576009735723628e+18,0.8928075613971949,-0.7766256848804445,3.1494640117251684,-0.09613950535216047,17.809190292997407,0.1325350119356671,-1.9244117796625646,0.00017919913969946316,-0.0,1.1724164485931396,1.9770475631320288,2.9398741722106934,0.2474866284000421,-0.0,3.293365716934204,-0.08644336927602847,-0.0,3.293365716934204,-0.08088353681242078,-0.0,3.293365716934204,-0.08355425415058892,-0.0,-7.968411868857112,0.0
1474,36.85,1.7576009735973627e+18,0.9284440717902314,-0.8394410677204465,3.091954465056933,-0.08979740103419784,17.812744876230123,0.11399965006118276,-2.5361502775762146,-6.568627069959477e-05,-0.0,-0.0,3.091954465056933,1.1724164485931396,1.9770475631320288,-0.0,2.9398741722106934,0.2474866284000421,-0.0,3.293365716934204,-0.08644336927602847,-0.0,3.293365716934204,-0.08088353681242078,-0.0,-4.450057090719332,0.0
1475,36.875,1.757600973622363e+18,0.9704438756986984,-0.9111429846488838,3.0172432785243526,-0.08162189821368275,17.81635022893862,0.09130173919167817,-3.037322807245295,-0.00020013065488948622,0.0,0.0,3.0172432785243526,-0.0,3.091954465056933,-0.0,1.1724164485931396,1.9770475631320288,-0.0,2.9398741722106934,0.2474866284000421,-0.0,3.293365716934204,-0.08644336927602847,-0.0,-1.0150506697577284,0.0
1476,36.900000000000006,1.7576009736473628e+18,1.0109903988679476,-0.9777428361285389,2.9306505703301036,-0.07364164501695175,17.820730896003333,0.06642580349026433,-3.380606532264061,-0.00022277497880297822,0.0,0.0,2.9306505703301036,0.0,3.0172432785243526,0.0,-0.0,3.091954465056933,-0.0,1.1724164485931396,1.9770475631320288,-0.0,2.9398741722106934,0.2474866284000421,-0.0,2.3299808557456476,0.0
1477,36.925000000000004,1.7576009736723628e+18,1.053683284896433,-1.052726404559552,2.8385025772924837,-0.06804257013573242,17.8280904609912,0.042331954692288294,-3.563219322500593,-0.00016762287274551583,0.0,0.0,2.8385025772924837,0.0,2.9306505703301036,0.0,0.0,3.0172432785243526,0.0,-0.0,3.091954465056933,-0.0,1.1724164485931396,1.9770475631320288,-0.0,5.410226132844649,0.0
1478,36.95,1.757600973697363e+18,1.0681422666592697,-1.077227051305257,2.745971480644404,-0.06612736589724107,17.830006637854698,0.02185959891008095,-3.6283659287981336,-8.04522365282649e-05,0.0,0.0,2.745971480644404,0.0,2.8385025772924837,0.0,0.0,2.9306505703301036,0.0,0.0,3.0172432785243526,0.0,-0.0,3.091954465056933,-0.0,8.235848115751986,0.0
1479,36.975,1.757600973722363e+18,1.1331104646425367,-1.18403189740067,2.6555460358063874,-0.06749062425511418,17.825211430540346,0.006778277949397464,-3.6530426652260393,-2.1672043044109852e-07,0.0,0.0,2.6555460358063874,0.0,2.745971480644404,0.0,0.0,2.8385025772924837,0.0,0.0,2.9306505703301036,0.0,0.0,3.0172432785243526,0.0,10.764107822435836,0.0
1480,37.0,1.7576009737473628e+18,1.15108481617074,-1.2275625472915697,2.566562704153613,-0.0699881281436546,17.823417481157072,-0.0025173818992262056,-3.7256172312513742,5.059700712952427e-05,0.0,0.0,2.566562704153613,0.0,2.6555460358063874,0.0,0.0,2.745971480644404,0.0,0.0,2.8385025772924837,0.0,0.0,2.9306505703301036,0.0,12.895068147841975,0.0
1481,37.025000000000006,1.7576009737723628e+18,1.1943766374429927,-1.2994507618319455,2.4757114507869895,-0.07063165427997985,17.821560342700483,-0.006668344330144081,-3.9196884651950064,6.693861208076514e-05,0.0,0.0,2.4757114507869895,0.0,2.566562704153613,0.0,0.0,2.6555460358063874,0.0,0.0,2.745971480644404,0.0,0.0,2.8385025772924837,0.0,14.93740015516862,0.0
1482,37.050000000000004,1.7576009737973627e+18,1.2215176346162688,-1.3442332487114923,2.378162046502522,-0.06699062508122096,17.821595438779692,-0.006773923908606088,-4.271714403565445,5.637206543670738e-05,0.0,0.0,2.378162046502522,0.0,2.4757114507869895,0.0,0.0,2.566562704153613,0.0,0.0,2.6555460358063874,0.0,0.0,2.745971480644404,0.0,16.896725662829535,0.0
1483,37.075,1.757600973822363e+18,1.266735066303054,-1.4224648716227914,2.2689412680453236,-0.05838334619376966,17.823707916169315,-0.003992782884798527,-4.7686456142181335,3.209026070893914e-05,0.0,0.0,2.2689412680453236,0.0,2.378162046502522,0.0,0.0,2.4757114507869895,0.0,0.0,2.566562704153613,0.0,0.0,2.6555460358063874,0.0,18.768455303096783,0.0
1484,37.1,1.7576009738473628e+18,1.296332359120851,-1.4727005144775465,2.144289819337021,-0.04625994362170479,17.82401779887539,0.0005390321581557808,-5.348865942848291,6.735458925050628e-06,0.0,0.0,2.144289819337021,0.0,2.2689412680453236,0.0,0.0,2.378162046502522,0.0,0.0,2.4757114507869895,0.0,0.0,2.566562704153613,0.0,20.538125300978944,0.0
1485,37.125,1.7576009738723628e+18,1.3215175209387615,-1.5143153501198052,2.0028075613141647,-0.03361066336722502,17.824139332531587,0.005616924910419867,-5.916062340887489,-1.134685164309924e-05,0.0,0.0,2.0028075613141647,0.0,2.144289819337021,0.0,0.0,2.2689412680453236,0.0,0.0,2.378162046502522,0.0,0.0,2.4757114507869895,0.0,22.243498283168787,0.0
1486,37.150000000000006,1.757600973897363e+18,1.3395869533225948,-1.5410483944062312,1.8461888647023366,-0.023711345190966394,17.82221257916452,0.009965794455975237,-6.362229401055956,-1.9147748234977972e-05,0.0,0.0,1.8461888647023366,0.0,2.0028075613141647,0.0,0.0,2.144289819337021,0.0,0.0,2.2689412680453236,0.0,0.0,2.378162046502522,0.0,23.861585917510006,0.0
1487,37.175000000000004,1.757600973922363e+18,1.3689651482960523,-1.5894513879671186,1.679307985607542,-0.018801371071874465,17.822140548762828,0.012509481708249894,-6.593711322709078,-1.7995803857176868e-05,0.0,0.0,1.679307985607542,0.0,1.8461888647023366,0.0,0.0,2.0028075613141647,0.0,0.0,2.144289819337021,0.0,0.0,2.2689412680453236,0.0,25.372817829295627,0.0
1488,37.2,1.7576009739473628e+18,1.373922605991547,-1.6047050835789889,1.5094876482707233,-0.01927268161397567,17.824809373168968,0.012842018189608232,-6.553531275333122,-1.1572477430432393e-05,0.0,0.0,1.5094876482707233,0.0,1.679307985607542,0.0,0.0,1.8461888647023366,0.0,0.0,2.0028075613141647,0.0,0.0,2.144289819337021,0.0,26.76507238378849,0.0
1489,37.225,1.7576009739723628e+18,1.401366134951516,-1.6502836570908372,1.3450475744443162,-0.02367594806319599,17.825671996582308,0.011548559041918795,-6.234383067116887,-3.911645740878133e-06,0.0,0.0,1.3450475744443162,0.0,1.5094876482707233,0.0,0.0,1.679307985607542,0.0,0.0,1.8461888647023366,0.0,0.0,2.0028075613141647,0.0,28.035494276659986,0.0
1490,37.25,1.7576009739973627e+18,1.4084737407520804,-1.6647430534119394,1.1935499948414,-0.029465819645786838,17.827927935552058,0.009997414979936285,-5.6792380161663445,1.9992389937364597e-06,0.0,0.0,1.1935499948414,0.0,1.3450475744443162,0.0,0.0,1.5094876482707233,0.0,0.0,1.679307985607542,0.0,0.0,1.8461888647023366,0.0,29.189905073175186,0.0
1491,37.275000000000006,1.757600974022363e+18,1.4320300954794982,-1.7035255766565862,1.0603083965008593,-0.03408731533069079,17.829421802816356,0.009591400001647503,-4.969830808122392,4.808886099425115e-06,0.0,0.0,1.0603083965008593,0.0,1.1935499948414,0.0,0.0,1.3450475744443162,0.0,0.0,1.5094876482707233,0.0,0.0,1.679307985607542,0.0,30.240403887168796,0.0
1492,37.300000000000004,1.7576009740473628e+18,1.4468172621342816,-1.7302839547421225,0.9476034010698701,-0.03589376482361081,17.82605634392151,0.010929431043743783,-4.206405085733627,4.69307572409445e-06,0.0,0.0,0.9476034010698701,0.0,1.0603083965008593,0.0,0.0,1.1935499948414,0.0,0.0,1.3450475744443162,0.0,0.0,1.5094876482707233,0.0,31.202187492053653,0.0
1493,37.325,1.7576009740723628e+18,1.4669978659903928,-1.7632489365369977,0.8547491149217058,-0.0345285082092785,17.825843186249738,0.013436684625606599,-3.484172964883509,2.8189222952647748e-06,0.0,0.0,0.8547491149217058,0.0,0.9476034010698701,0.0,0.0,1.0603083965008593,0.0,0.0,1.1935499948414,0.0,0.0,1.3450475744443162,0.0,32.09059099888499,0.0
1494,37.35,1.757600974097363e+18,1.470191141093213,-1.7681681099569515,0.7788521832509149,-0.030707023765097295,17.82434182715251,0.015682659915403022,-2.8724699174375203,6.723538947995913e-07,0.0,0.0,0.7788521832509149,0.0,0.8547491149217058,0.0,0.0,0.9476034010698701,0.0,0.0,1.0603083965008593,0.0,0.0,1.1935499948414,0.0,32.91900374049562,0.0
1495,37.375,1.757600974122363e+18,1.4874432140500056,-1.7965347858006795,0.7159339526337561,-0.02562467598121004,17.824081897191544,0.016149553352728833,-2.4015479342433346,-5.327681505506501e-07,0.0,0.0,0.7159339526337561,0.0,0.7788521832509149,0.0,0.0,0.8547491149217058,0.0,0.0,0.9476034010698701,0.0,0.0,1.0603083965008593,0.0,33.6978950659944,0.0
1496,37.400000000000006,1.7576009741473628e+18,1.488681798727674,-1.7996641536894185,0.662074380031831,-0.02034345637171467,17.828012865823595,0.014002121878191534,-2.059759237352839,-2.4274642977909714e-07,-0.0,-0.0,0.662074380031831,0.0,0.7159339526337561,0.0,0.0,0.7788521832509149,0.0,0.0,0.8547491149217058,0.0,0.0,0.9476034010698701,0.0,34.43486703983041,0.0
1497,37.425000000000004,1.7576009741723628e+18,1.5021733859814268,-1.8219091522141015,0.6143361175699135,-0.015450949050544808,17.828981156906476,0.009515051603357966,-1.8011956511619216,1.293650004906746e-06,-0.0,-0.0,0.6143361175699135,-0.0,0.662074380031831,-0.0,0.0,0.7159339526337561,0.0,0.0,0.7788521832509149,0.0,0.0,0.8547491149217058,0.0,35.13548074056182,0.0
1498,37.45,1.7576009741973627e+18,1.4991139827010418,-1.8227007501443235,0.5713531105041434,-0.011097574390270122,17.828423539237978,0.004048402526641449,-1.5613374662413975,3.1277574754180226e-06,-0.0,1.93834388256073,-1.3669907720565866,-0.0,0.6143361175699135,-0.0,-0.0,0.662074380031831,-0.0,0.0,0.7159339526337561,0.0,0.0,0.7788521832509149,0.0,33.866200698028806,0.0
1499,37.475,1.757600974222363e+18,1.5042767224570293,-1.826394232231328,0.5335501774542132,-0.00729897379958523,17.827684517939076,-0.0003591996402182054,-1.276460120355622,3.936024476678224e-06,-0.0,2.9988183975219727,-2.4652682200677596,1.93834388256073,-1.3669907720565866,-0.0,-0.0,0.6143361175699135,-0.0,-0.0,0.662074380031831,-0.0,0.0,0.7159339526337561,0.0,31.51039047393442,0.0
1500,37.5,1.7576009742473628e+18,1.5101127816649835,-1.8359273881364429,0.5029886425189786,-0.0042494021030656986,17.827872018299498,-0.00163279991874594,-0.9017767919976265,2.5210046013215665e-06,-0.0,4.0,-3.4970113574810213,2.9988183975219727,-2.4652682200677596,-0.0,1.93834388256073,-1.3669907720565866,-0.0,-0.0,0.6143361175699135,-0.0,-0.0,0.662074380031831,-0.0,28.13481339097232,0.0
1501,37.525000000000006,1.7576009742723628e+18,1.5176085453657526,-1.8481716580180672,0.4828445560107045,-0.0024132979532699474,17.8281128414895,0.001629731892638153,-0.42369688813726897,-1.6045942518769665e-06,-0.0,4.0,-3.5171554439892954,4.0,-3.4970113574810213,-0.0,2.9988183975219727,-2.4652682200677596,-0.0,1.93834388256073,-1.3669907720565866,-0.0,-0.0,0.6143361175699135,-0.0,24.750948388750306,0.0
1502,37.550000000000004,1.757600974297363e+18,1.5182512042372136,-1.850606483233168,0.4765532960568786,-0.0023291024626685185,17.827669017861272,0.009572490386029564,0.13689458082991846,-7.712238893449525e-06,-0.0,4.0,-3.5234467039431214,4.0,-3.5171554439892954,-0.0,4.0,-3.4970113574810213,-0.0,2.9988183975219727,-2.4652682200677596,-0.0,1.93834388256073,-1.3669907720565866,-0.0,21.372045954298102,0.0
1503,37.575,1.757600974322363e+18,1.5250147216659338,-1.8612188333541408,0.48672325323627635,-0.004251848847002977,17.827379417141586,0.02083176138928717,0.7310501069657698,-1.3654485719118846e-05,-0.0,4.0,-3.5132767467637236,4.0,-3.5234467039431214,-0.0,4.0,-3.5171554439892954,-0.0,4.0,-3.4970113574810213,-0.0,2.9988183975219727,-2.4652682200677596,-0.0,18.013480923403268,0.0
1504,37.6,1.7576009743473628e+18,1.5265104323721683,-1.8636633608523407,0.5140585589038084,-0.007852736318922679,17.82734683332152,0.032788989317076266,1.2958660480523028,-1.6196557350548e-05,-0.0,4.0,-3.4859414410961915,4.0,-3.5132767467637236,-0.0,4.0,-3.5234467039431214,-0.0,4.0,-3.5171554439892954,-0.0,4.0,-3.4970113574810213,-0.0,14.690926670007428,0.0
1505,37.625,1.7576009743723628e+18,1.52613106433324,-1.866089141599808,0.5566961980309004,-0.01214438379406983,17.827954270327872,0.042344150310632864,1.7719925697149714,-1.2016467073044444e-05,-0.0,4.0,-3.4433038019690994,4.0,-3.4859414410961915,-0.0,4.0,-3.5132767467637236,-0.0,4.0,-3.5234467039431214,-0.0,4.0,-3.5171554439892954,-0.0,11.41787063685478,0.0
1506,37.650000000000006,1.7576009743973627e+18,1.5298732474183083,-1.872207747268921,0.6103922306204465,-0.01566911645536447,17.82795740458378,0.04700080355938413,2.119187506524729,7.2075748548456e-07,-0.0,4.0,-3.3896077693795537,4.0,-3.4433038019690994,-0.0,4.0,-3.4859414410961915,-0.0,4.0,-3.5132767467637236,-0.0,4.0,-3.5234467039431214,-0.0,8.203268150042542,0.0
1507,37.675000000000004,1.757600974422363e+18,1.5351038934008243,-1.8807065059085808,0.6697064723591885,-0.016874870644560804,17.830538297220194,0.04584035617018855,2.3252259035707707,2.0635363486418114e-05,-0.0,4.0,-3.3302935276408117,4.0,-3.3896077693795537,-0.0,4.0,-3.4433038019690994,-0.0,4.0,-3.4859414410961915,-0.0,4.0,-3.5132767467637236,-0.0,5.050339537185074,0.0
1508,37.7,1.7576009744473628e+18,1.5439173020436838,-1.895143496206645,0.7297721767701085,-0.014563854445425595,17.831317710618833,0.039915854461026246,2.405808727471138,4.1991586241225755e-05,-0.0,4.0,-3.2702278232298916,4.0,-3.3302935276408117,-0.0,4.0,-3.3896077693795537,-0.0,4.0,-3.4433038019690994,-0.0,4.0,-3.4859414410961915,-0.0,1.9571466883858042,0.0
1509,37.725,1.7576009744723628e+18,1.5426616550454342,-1.8942382648860572,0.7877676667328685,-0.008308675356240356,17.835136688437597,0.031838007111077885,2.3963122559810652,5.502986396927759e-05,-0.0,4.0,-3.2122323332671314,4.0,-3.2702278232298916,-0.0,4.0,-3.3302935276408117,-0.0,4.0,-3.3896077693795537,-0.0,4.0,-3.4433038019690994,-0.0,-1.0223670942842378,0.0
1510,37.75,1.757600974497363e+18,1.5481990938704442,-1.9032393492581443,0.843298413537654,0.0012611969919870244,17.835968157089123,0.02475296620178057,2.339029981181966,4.8457502423236e-05,-0.0,4.0,-3.156701586462346,4.0,-3.2122323332671314,-0.0,4.0,-3.2702278232298916,-0.0,4.0,-3.3302935276408117,-0.0,4.0,-3.3896077693795537,-0.0,-3.9527214788164726,0.0
1511,37.775000000000006,1.757600974522363e+18,1.5613500567878855,-1.921597113301314,0.8975983634369404,0.012404833152242025,17.835741253122386,0.02121409537519463,2.270824856213315,1.4124433451953877e-05,-0.0,4.0,-3.1024016365630596,4.0,-3.156701586462346,-0.0,4.0,-3.2122323332671314,-0.0,4.0,-3.2702278232298916,-0.0,4.0,-3.3302935276408117,-0.0,-6.779534897931218,0.0
1512,37.800000000000004,1.7576009745473628e+18,1.5682550402571356,-1.9326776146354516,0.9522052014469694,0.022535780645606733,17.83584613818146,0.022427807924283737,2.2153494283950947,-4.714609068826357e-05,-0.0,4.0,-3.0477947985530305,4.0,-3.1024016365630596,-0.0,4.0,-3.156701586462346,-0.0,4.0,-3.2122323332671314,-0.0,4.0,-3.2702278232298916,-0.0,-9.506317745772357,0.0
1513,37.825,1.7576009745723628e+18,1.5764250479705737,-1.940664285396117,1.0079417109096418,0.02882666259979912,17.835515939753318,0.02808641748655586,2.1816504820811353,-0.0001207680400115715,-0.0,4.0,-2.992058289090358,4.0,-3.0477947985530305,-0.0,4.0,-3.1024016365630596,-0.0,4.0,-3.156701586462346,-0.0,4.0,-3.2122323332671314,-0.0,-12.136894381155933,0.0
1514,37.85,1.7576009745973627e+18,1.5840516342897626,-1.9529151436540828,1.0646297838160246,0.029037020470750092,17.835759119835448,0.036703451289379845,2.168190542400847,-0.00017760359705709455,-0.0,4.0,-2.9353702161839754,4.0,-2.992058289090358,-0.0,4.0,-3.0477947985530305,-0.0,4.0,-3.1024016365630596,-0.0,4.0,-3.156701586462346,-0.0,-14.735285308921927,0.0
1515,37.875,1.757600974622363e+18,1.6068845657815158,-1.9898016759601544,1.121440863764179,0.02230617341646811,17.83712669690877,0.046205535010133414,2.1693333955599816,-0.00017988254042519548,-0.0,4.0,-2.878559136235821,4.0,-2.9353702161839754,-0.0,4.0,-2.992058289090358,-0.0,4.0,-3.0477947985530305,-0.0,4.0,-3.1024016365630596,-0.0,-17.250082112385627,0.0
1516,37.900000000000006,1.7576009746473628e+18,1.6164760344483544,-2.0052271617080475,1.1775138693420881,0.009597099071883412,17.837737694414855,0.05455316019390784,2.1809081158325947,-9.480627419328906e-05,-0.0,4.0,-2.8224861306579117,4.0,-2.878559136235821,-0.0,4.0,-2.9353702161839754,-0.0,4.0,-2.992058289090358,-0.0,4.0,-3.0477947985530305,-0.0,-19.513541242099745,0.0
1517,37.925000000000004,1.7576009746723628e+18,1.6338790112788022,-2.0392924234251377,1.2324808275085608,-0.006429858860941415,17.840268347004244,0.060263659374435306,2.2025614681566013,8.64059493553001e-05,-0.0,4.0,-2.767519172491439,4.0,-2.8224861306579117,-0.0,4.0,-2.878559136235821,-0.0,4.0,-2.9353702161839754,-0.0,4.0,-2.992058289090358,-0.0,-21.769981040626668,0.0
1518,37.95,1.757600974697363e+18,1.6498508298135208,-2.064919202046443,1.2866918983998608,-0.022125175971737316,17.841589653643254,0.06275964056215119,2.236545892156978,0.0003302537625796912,-0.0,4.0,-2.7133081016001395,4.0,-2.767519172491439,-0.0,4.0,-2.8224861306579117,-0.0,4.0,-2.878559136235821,-0.0,4.0,-2.9353702161839754,-0.0,-24.024698590400504,0.0
1519,37.975,1.757600974722363e+18,1.67420521124216,-2.1032265102107486,1.3410990063277402,-0.03392570942850325,17.8455136305316,0.06246299737322431,2.284416840677034,0.00055292750195778,-0.0,4.0,-2.65890099367226,4.0,-2.7133081016001395,-0.0,4.0,-2.767519172491439,-0.0,4.0,-2.8224861306579117,-0.0,4.0,-2.878559136235821,-0.0,-26.218894239554125,0.0
1520,38.0,1.7576009747473628e+18,1.6862270951673586,-2.1223669066005586,1.3968895646623456,-0.03944463903391502,17.84681639439796,0.06059714974432625,2.3440506941958468,0.0006324087880422482,-0.0,4.0,-2.6031104353376544,4.0,-2.65890099367226,-0.0,4.0,-2.7133081016001395,-0.0,4.0,-2.767519172491439,-0.0,4.0,-2.8224861306579117,-0.0,-28.405577053304988,0.0
1521,38.025000000000006,1.7576009747723628e+18,1.7099003427472097,-2.1683441061281554,1.4550477721881376,-0.03822377880462225,17.846990631739224,0.05875499782281233,2.4091292267625843,0.0004464142668332952,-0.0,4.0,-2.544952227811862,4.0,-2.6031104353376544,-0.0,4.0,-2.65890099367226,-0.0,4.0,-2.7133081016001395,-0.0,4.0,-2.767519172491439,-0.0,-30.63362212272117,0.0
1522,38.050000000000004,1.7576009747973627e+18,1.7222757351168396,-2.1878418069857344,1.5160363529920275,-0.031905853689308754,17.847988979192948,0.05835616785571207,2.4719760496225076,-6.752683333799223e-05,-0.0,4.0,-2.4839636470079727,4.0,-2.544952227811862,-0.0,4.0,-2.6031104353376544,-0.0,4.0,-2.65890099367226,-0.0,4.0,-2.7133081016001395,-0.0,-32.833196866978284,0.0
1523,38.075,1.757600974822363e+18,1.7567874069823814,-2.2361751477430847,1.5797250816064965,-0.02373967878933748,17.849587772245197,0.06014931118558625,2.528954162551356,-0.0008466400941101094,-0.0,4.0,-2.4202749183935035,4.0,-2.4839636470079727,-0.0,4.0,-2.544952227811862,-0.0,4.0,-2.6031104353376544,-0.0,4.0,-2.65890099367226,-0.0,-34.93637663331196,0.0
1524,38.1,1.7576009748473628e+18,1.771786473662951,-2.259712217665914,1.6455953598097235,-0.017515921103951608,17.850623440121034,0.06394439531950824,2.5862358767296896,-0.0016612884545649422,-0.0,4.0,-2.3544046401902765,4.0,-2.4202749183935035,-0.0,4.0,-2.4839636470079727,-0.0,4.0,-2.544952227811862,-0.0,4.0,-2.6031104353376544,-0.0,-36.996598728273355,0.0
1525,38.125,1.7576009748723628e+18,1.791016344726605,-2.289667899566,1.7131769687728573,-0.01624689927208323,17.850064059547172,0.06871370941154359,2.663188223539039,-0.0021315532149584933,-0.0,4.0,-2.2868230312271427,4.0,-2.3544046401902765,-0.0,4.0,-2.4202749183935035,-0.0,4.0,-2.4839636470079727,-0.0,4.0,-2.544952227811862,-0.0,-39.01234644696854,0.0
1526,38.150000000000006,1.757600974897363e+18,1.8346214767908504,-2.362957289500517,1.7826033830108174,-0.021075916307420443,17.856683111813833,0.073018078713451,2.791111247844797,-0.001827691794696362,-0.0,4.0,-2.2173966169891823,4.0,-2.2868230312271427,-0.0,4.0,-2.3544046401902765,-0.0,4.0,-2.4202749183935035,-0.0,4.0,-2.4839636470079727,-0.0,-40.98399852550258,0.0
1527,38.175000000000004,1.757600974922363e+18,1.8523373895636857,-2.390699269056225,1.855082012567584,-0.03088629819096557,17.858459791954942,0.07553779472929023,3.0064826927009705,-0.0004537247703319364,-0.0,4.0,-2.1449179874324162,4.0,-2.2173966169891823,-0.0,4.0,-2.2868230312271427,-0.0,4.0,-2.3544046401902765,-0.0,4.0,-2.4202749183935035,-0.0,-42.91073031239539,0.0
1528,38.2,1.7576009749473628e+18,1.873897457626015,-2.4268975337218155,1.9330402989168831,-0.04280217224144243,17.859794344052148,0.0755124822108263,3.339751947228072,0.0019280407950456524,-0.0,4.0,-2.0669597010831167,4.0,-2.1449179874324162,-0.0,4.0,-2.2173966169891823,-0.0,4.0,-2.2868230312271427,-0.0,4.0,-2.3544046401902765,-0.0,-44.78740838362809,0.0
1529,38.225,1.7576009749723628e+18,1.909732337607274,-2.486316562361985,2.01981531001309,-0.05334826382607642,17.860272101140044,0.07306236514328808,3.8024855608952155,0.004718583999988959,-0.0,4.0,-1.9801846899869102,4.0,-2.0669597010831167,-0.0,4.0,-2.1449179874324162,-0.0,4.0,-2.2173966169891823,-0.0,4.0,-2.2868230312271427,-0.0,-46.661398589796995,0.0
1530,38.25,1.7576009749973627e+18,1.933661888538581,-2.5214193503444013,2.1189516686487297,-0.05972429472180947,17.862390513790963,0.06941484300275785,4.376725098175519,0.0067651410561234936,-0.0,4.0,-1.8810483313512703,4.0,-1.9801846899869102,-0.0,4.0,-2.0669597010831167,-0.0,4.0,-2.1449179874324162,-0.0,4.0,-2.2173966169891823,-0.0,-48.45614018527609,0.0
1531,38.275000000000006,1.757600975022363e+18,1.9637742091968384,-2.567471291241484,2.233312359722008,-0.060649394889600666,17.86429746588716,0.06691030245835883,5.010396451957854,0.006609337727350158,-0.0,4.0,-1.766687640277992,4.0,-1.8810483313512703,-0.0,4.0,-1.9801846899869102,-0.0,4.0,-2.0669597010831167,-0.0,4.0,-2.1449179874324162,-0.0,-50.14923831971289,0.0
1532,38.300000000000004,1.7576009750473628e+18,1.9938088656628457,-2.618006838406612,2.364212242056659,-0.05652219811458206,17.867267425099755,0.06852798151198858,5.621412368034278,0.0030360171427053486,-0.0,4.0,-1.635787757943341,4.0,-1.766687640277992,-0.0,4.0,-1.8810483313512703,-0.0,4.0,-1.9801846899869102,-0.0,4.0,-2.0669597010831167,-0.0,-51.716865767003824,0.0
1533,38.325,1.7576009750723628e+18,2.0292455631361195,-2.6713259919818646,2.5107131644708334,-0.049010906205022464,17.869734630199577,0.07678816888032862,6.110944643346474,-0.0041650392570300255,-0.0,4.0,-1.4892868355291666,4.0,-1.635787757943341,-0.0,4.0,-1.766687640277992,-0.0,4.0,-1.8810483313512703,-0.0,4.0,-1.9801846899869102,-0.0,-53.13752892414665,0.0
1534,38.35,1.757600975097363e+18,2.068634726617195,-2.73150829140414,2.6691938175388543,-0.04039881642561136,17.872276874768954,0.0922459030893362,6.383689359899855,-0.01346070858979314,-0.0,4.0,-1.3308061824611457,4.0,-1.4892868355291666,-0.0,4.0,-1.635787757943341,-0.0,4.0,-1.766687640277992,-0.0,4.0,-1.8810483313512703,-0.0,-54.3956254860096,0.0
1535,38.375,1.757600975122363e+18,2.107964177123135,-2.790551926694589,2.8333687560435936,-0.032974505212805656,17.874402861128637,0.11220156136233617,6.370490435983692,-0.021209081041569922,-0.0,4.0,-1.1666312439564064,4.0,-1.3308061824611457,-0.0,4.0,-1.4892868355291666,-0.0,4.0,-1.635787757943341,-0.0,4.0,-1.766687640277992,-0.0,-55.484125775623205,0.0
1536,38.400000000000006,1.7576009751473628e+18,2.1579049101377734,-2.864078710817767,2.9949555213142074,-0.028571930824939955,17.874314326215995,0.1304662290658314,6.047185751831267,-0.02201784318300719,-0.0,4.0,-1.0050444786857926,4.0,-1.1666312439564064,-0.0,4.0,-1.3308061824611457,-0.0,4.0,-1.4892868355291666,-0.0,4.0,-1.635787757943341,-0.0,-56.405886672684716,0.0
1537,38.425000000000004,1.7576009751723628e+18,2.20744524583093,-2.93764964206553,3.1450195883744803,-0.028223654710390466,17.876275037205183,0.1388312288545127,5.443641062205312,-0.010002026236355962,-0.0,4.0,-0.8549804116255197,4.0,-1.0050444786857926,-0.0,4.0,-1.1666312439564064,-0.0,4.0,-1.3308061824611457,-0.0,4.0,-1.4892868355291666,-0.0,-57.173343422412,0.0
1538,38.45,1.7576009751973627e+18,2.246377040946122,-2.9941532645477085,3.275706397540812,-0.03191509271432587,17.878384734125,0.130292137214776,4.638924493599583,0.019243077817149037,-0.0,4.0,-0.7242936024591882,4.0,-0.8549804116255197,-0.0,4.0,-1.0050444786857926,-0.0,4.0,-1.1666312439564064,-0.0,4.0,-1.3308061824611457,-0.0,-57.86559393151088,0.0
1539,38.475,1.757600975222363e+18,2.299291072169716,-3.072431718471353,3.381831219088508,-0.0385711577695958,17.881596575652697,0.10328495174204766,3.742173700850614,0.06658731112358338,-0.0,4.0,-0.6181687809114922,4.0,-0.7242936024591882,-0.0,4.0,-0.8549804116255197,-0.0,4.0,-1.0050444786857926,-0.0,4.0,-1.1666312439564064,-0.0,-58.50750552283723,0.0
1540,38.5,1.7576009752473628e+18,2.328781430223935,-3.125873430365619,3.4618038301032192,-0.04647437130868277,17.884555026606936,0.06548779461700444,2.8630438639055127,0.12817664266427437,0.0295561291277408,4.0,-0.5381961698967808,4.0,-0.6181687809114922,-0.0,4.0,-0.7242936024591882,-0.0,4.0,-0.8549804116255197,-0.0,4.0,-1.0050444786857926,-0.0,-59.0662050268856,0.0
1541,38.525000000000006,1.7576009752723628e+18,2.3853503076129194,-3.2065254647665897,3.5175670659269587,-0.054150545475952154,17.889103251387667,0.035389988688428124,2.0794074180430684,0.19593056114428373,0.2699155509471893,3.941404342651367,-0.4238372767244085,4.0,-0.5381961698967808,0.0295561291277408,4.0,-0.6181687809114922,-0.0,4.0,-0.7242936024591882,-0.0,4.0,-0.8549804116255197,-0.0,-59.44816570469293,0.0
1542,38.550000000000004,1.757600975297363e+18,2.423346622742266,-3.2616744045206696,3.5534958699524672,-0.06143202286038046,17.891666821944913,0.0401195190102207,1.4118789273083903,0.2598254860264114,0.3400000035762787,3.882460117340088,-0.32896424738762065,3.941404342651367,-0.4238372767244085,0.2699155509471893,4.0,-0.5381961698967808,0.0295561291277408,4.0,-0.6181687809114922,-0.0,4.0,-0.7242936024591882,-0.0,-59.731718252782386,0.0
1543,38.575,1.757600975322363e+18,2.508453708682361,-3.3922246121013053,3.5744666393124698,-0.07016437599448459,17.891064764323723,0.10913071098097896,0.8138537053013544,0.31106477979119923,0.3400000035762787,3.646857261657715,-0.07239062234524507,3.882460117340088,-0.32896424738762065,0.3400000035762787,3.941404342651367,-0.4238372767244085,0.2699155509471893,4.0,-0.5381961698967808,0.0295561291277408,4.0,-0.6181687809114922,-0.0,-59.7552061959008,0.0
1544,38.6,1.7576009753473628e+18,2.545593721104886,-3.44550449826913,3.5835497258919378,-0.08405530387953228,17.892651318156425,0.26505820184166656,0.18196882892945607,0.34468261588742927,0.3400000035762787,3.528968572616577,0.05458115327536062,3.646857261657715,-0.07239062234524507,0.3400000035762787,3.882460117340088,-0.32896424738762065,0.3400000035762787,3.941404342651367,-0.4238372767244085,0.2699155509471893,4.0,-0.5381961698967808,0.0295561291277408,-59.64834517170575,0.0
1545,38.625,1.7576009753723628e+18,2.620234515991205,-3.560365977282542,3.579986948703444,-0.10748588172930823,17.902417092714145,0.5146207394349643,-0.6139275912219985,0.360487944601792,0.3400000035762787,3.470024347305298,0.10996260139814629,3.528968572616577,0.05458115327536062,0.3400000035762787,3.646857261657715,-0.07239062234524507,0.3400000035762787,3.882460117340088,-0.32896424738762065,0.3400000035762787,3.941404342651367,-0.4238372767244085,0.2699155509471893,-59.48280925805358,0.0
1546,38.650000000000006,1.7576009753973627e+18,2.63076379927324,-3.5755585834289905,3.558224944729122,-0.14358343214397137,17.903260758864757,0.8430584574632416,-1.6884168081481645,0.36221694483178896,0.3400000035762787,3.3523099422454834,0.2059150024836387,3.470024347305298,0.10996260139814629,0.3400000035762787,3.528968572616577,0.05458115327536062,0.3400000035762787,3.646857261657715,-0.07239062234524507,0.3400000035762787,3.882460117340088,-0.32896424738762065,0.3400000035762787,-59.218008786312815,0.0
1547,38.675000000000004,1.757600975422363e+18,2.7072485673477904,-3.6857413862471975,3.508629874273267,-0.19229324075402315,17.923945965785126,1.2147557471869763,-3.097460249357363,0.35559491030597545,0.3400000035762787,2.645326852798462,0.8633030214748052,3.3523099422454834,0.2059150024836387,0.3400000035762787,3.470024347305298,0.10996260139814629,0.3400000035762787,3.528968572616577,0.05458115327536062,0.3400000035762787,3.646857261657715,-0.07239062234524507,0.3400000035762787,-58.292343833785665,0.0
1548,38.7,1.7576009754473628e+18,2.761845043251858,-3.764912230360194,3.4199826929408994,-0.2493863513304685,17.948568006260476,1.5806227199359046,-4.807655558699726,0.34627315539872283,0.3400000035762787,1.408193826675415,2.0117888662654844,2.645326852798462,0.8633030214748052,0.3400000035762787,3.3523099422454834,0.2059150024836387,0.3400000035762787,3.470024347305298,0.10996260139814629,0.3400000035762787,3.528968572616577,0.05458115327536062,0.3400000035762787,-56.214390035815015,0.0
1549,38.725,1.7576009754723628e+18,2.8267604146970937,-3.86521023824862,3.283076553033983,-0.3071665027218624,18.022046919012986,1.8902293373323538,-6.688108583731222,0.33837047663346415,0.3400000035762787,-0.0,3.283076553033983,1.408193826675415,2.0117888662654844,0.3400000035762787,2.645326852798462,0.8633030214748052,0.3400000035762787,3.3523099422454834,0.2059150024836387,0.3400000035762787,3.470024347305298,0.10996260139814629,0.3400000035762787,-52.860895549853815,0.0
1550,38.75,1.757600975497363e+18,2.867220365707601,-3.921242261603204,3.0941343291997687,-0.35704450608474486,18.052528587976333,2.104719613911737,-8.529191099015613,0.3339074841085421,0.3400000035762787,-0.0,3.0941343291997687,-0.0,3.283076553033983,0.3400000035762787,1.408193826675415,2.0117888662654844,0.3400000035762787,2.645326852798462,0.8633030214748052,0.3400000035762787,3.3523099422454834,0.2059150024836387,0.3400000035762787,-49.69165859343175,0.0
1551,38.775000000000006,1.757600975522363e+18,2.9227108437503557,-3.9853703679812393,2.8567812197402422,-0.3932684852417311,18.120786628673432,2.206185157474332,-10.084825783018065,0.3330285805669726,0.3400000035762787,-0.0,2.8567812197402422,-0.0,3.0941343291997687,0.3400000035762787,-0.0,3.283076553033983,0.3400000035762787,1.408193826675415,2.0117888662654844,0.3400000035762787,2.645326852798462,0.8633030214748052,0.3400000035762787,-46.75492922632712,0.0
1552,38.800000000000004,1.7576009755473628e+18,2.962660983120257,-4.034458646581879,2.5820170159208664,-0.41631950081807695,18.15963239498678,2.2006389880258723,-11.128029344001854,0.3346852251043387,0.3400000035762787,-0.0,2.5820170159208664,-0.0,2.8567812197402422,0.3400000035762787,-0.0,3.0941343291997687,0.3400000035762787,-0.0,3.283076553033983,0.3400000035762787,1.408193826675415,2.0117888662654844,0.3400000035762787,-44.08850599337006,0.0
1553,38.825,1.7576009755723628e+18,3.016581072370445,-4.084562674601383,2.28652803030738,-0.43425495273173476,18.245339740181784,2.114173200218296,-11.505305181939708,0.3374180151390942,0.3400000035762787,-0.0,2.28652803030738,-0.0,2.5820170159208664,0.3400000035762787,-0.0,2.8567812197402422,0.3400000035762787,-0.0,3.0941343291997687,0.3400000035762787,-0.0,3.283076553033983,0.3400000035762787,-41.71418827283695,0.0
1554,38.85,1.7576009755973627e+18,3.051105568719653,-4.11714824244233,1.9900466773499206,-0.4608467152309574,18.290528564737947,1.9841280255045208,-11.17529330950656,0.33996891072836916,0.3400000035762787,-0.0,1.9900466773499206,-0.0,2.28652803030738,0.3400000035762787,-0.0,2.5820170159208664,0.3400000035762787,-0.0,2.8567812197402422,0.3400000035762787,-0.0,3.0941343291997687,0.3400000035762787,-39.63459082683656,0.0
1555,38.875,1.757600975622363e+18,3.1085884441929976,-4.155832126294749,1.7122077792714503,-0.5106535459751059,18.348376979362158,1.848378949469175,-10.220923820130375,0.34160121220634904,0.3400000035762787,-0.0,1.7122077792714503,-0.0,1.9900466773499206,0.3400000035762787,-0.0,2.28652803030738,0.3400000035762787,-0.0,2.5820170159208664,0.3400000035762787,-0.0,2.8567812197402422,0.3400000035762787,-37.83282504484788,0.0
1556,38.900000000000006,1.7576009756473628e+18,3.151233737246451,-4.21249213179939,1.4691373957531457,-0.592752287655553,18.398546346658353,1.7359699216507407,-8.83120985313867,0.34213786020178627,0.3400000035762787,-0.0,1.4691373957531457,-0.0,1.7122077792714503,0.3400000035762787,-0.0,1.9900466773499206,0.3400000035762787,-0.0,2.28652803030738,0.3400000035762787,-0.0,2.5820170159208664,0.3400000035762787,-36.2754893480407,0.0
1557,38.925000000000004,1.7576009756723628e+18,3.1694051699687464,-4.223107106626341,1.270324344680861,-0.7058761304213557,18.42646290398201,1.6614792252409143,-7.257002635307058,0.34181085520914173,0.3400000035762787,-0.0,1.270324344680861,-0.0,1.4691373957531457,0.3400000035762787,-0.0,1.7122077792714503,0.3400000035762787,-0.0,1.9900466773499206,0.3400000035762787,-0.0,2.28652803030738,0.3400000035762787,-34.91893860405147,0.0
1558,38.95,1.757600975697363e+18,3.22736374695674,-4.3195531597509165,1.1167734725338956,-0.8373226966654033,18.47888644344959,1.6240911352598952,-5.752320459464811,0.3410384938178037,0.3400000035762787,-0.0,1.1167734725338956,-0.0,1.270324344680861,0.3400000035762787,-0.0,1.4691373957531457,0.3400000035762787,-0.0,1.7122077792714503,0.3400000035762787,-0.0,1.9900466773499206,0.3400000035762787,-33.71771452316598,0.0
1559,38.975,1.757600975722363e+18,3.23828262286659,-4.320402663649748,1.0013542885100617,-0.9661680398854045,18.51516047385264,1.610806419778112,-4.517093735871353,0.3402263090470093,0.3400000035762787,-0.0,1.0013542885100617,-0.0,1.1167734725338956,0.3400000035762787,-0.0,1.270324344680861,0.3400000035762787,-0.0,1.4691373957531457,0.3400000035762787,-0.0,1.7122077792714503,0.3400000035762787,-32.63290907103791,0.0
1560,39.0,1.7576009757473628e+18,3.283406933687383,-4.355291857518134,0.911513831132028,-1.0691656010135002,18.558862864858668,1.6020938934836544,-3.6568425149450485,0.3396448170963654,0.3400000035762787,-0.0,0.911513831132028,-0.0,1.0013542885100617,0.3400000035762787,-0.0,1.1167734725338956,0.3400000035762787,-0.0,1.270324344680861,0.3400000035762787,-0.0,1.4691373957531457,0.3400000035762787,-31.63791092601023,0.0
1561,39.025000000000006,1.7576009757723628e+18,3.302132225256273,-4.362406024427088,0.8335327440224222,-1.1267008845551014,18.594348276741925,1.5780780424925822,-3.1697260163852246,0.3393937529049611,0.3400000035762787,-0.0,0.8335327440224222,-0.0,0.911513831132028,0.3400000035762787,-0.0,1.0013542885100617,0.3400000035762787,-0.0,1.1167734725338956,0.3400000035762787,-0.0,1.270324344680861,0.3400000035762787,-30.719811620229642,0.0
1562,39.050000000000004,1.7576009757973627e+18,3.3289836979072582,-4.430012422467178,0.7568117854024817,-1.1268018806173288,18.637070300807228,1.5239502342096787,-2.962995188268856,0.3394321597742189,0.3400000035762787,-0.0,0.7568117854024817,-0.0,0.8335327440224222,0.3400000035762787,-0.0,0.911513831132028,0.3400000035762787,-0.0,1.0013542885100617,0.3400000035762787,-0.0,1.1167734725338956,0.3400000035762787,-29.876405685551926,0.0
1563,39.075,1.757600975822363e+18,3.348137473113927,-4.4372620080964325,0.6766606767421873,-1.0665735650878938,18.66858087739791,1.4338026779058777,-2.8918684544681215,0.33964107239896885,0.3400000035762787,-0.0,0.6766606767421873,-0.0,0.7568117854024817,0.3400000035762787,-0.0,0.8335327440224222,0.3400000035762787,-0.0,0.911513831132028,0.3400000035762787,-0.0,1.0013542885100617,0.3400000035762787,-29.110397635649075,0.0
1564,39.1,1.7576009758473628e+18,3.4049060612843194,-4.454388160810785,0.5947288777549878,-0.9514532500325813,18.696409656031626,1.3120405653230076,-2.80734367892362,0.33988793276568996,0.3400000035762787,-0.0,0.5947288777549878,-0.0,0.6766606767421873,0.3400000035762787,-0.0,0.7568117854024817,0.3400000035762787,-0.0,0.8335327440224222,0.3400000035762787,-0.0,0.911513831132028,0.3400000035762787,-28.423309826808026,0.0
1565,39.125,1.7576009758723628e+18,3.4327576895356007,-4.463456639784507,0.5171931686805834,-0.7931481477283471,18.740292050157343,1.1716422893371636,-2.597724691978933,0.34007287794644436,0.3400000035762787,0.7012107372283936,-0.18401756854781015,-0.0,0.5947288777549878,0.3400000035762787,-0.0,0.6766606767421873,0.3400000035762787,-0.0,0.7568117854024817,0.3400000035762787,-0.0,0.8335327440224222,0.3400000035762787,-28.51253930244703,0.0
1566,39.150000000000006,1.757600975897363e+18,3.475424412528994,-4.464508051946259,0.45163773961815035,-0.6071770640226226,18.776427886790525,1.0295993382486208,-2.2121616278989777,0.340149871320558,0.3400000035762787,1.466963768005371,-1.0153260283872207,0.7012107372283936,-0.18401756854781015,0.3400000035762787,-0.0,0.5947288777549878,0.3400000035762787,-0.0,0.6766606767421873,0.3400000035762787,-0.0,0.7568117854024817,0.3400000035762787,-29.432348987164584,0.0
1567,39.175000000000004,1.757600975922363e+18,3.5043863579737384,-4.47814652305707,0.40395504876276944,-0.4106347574120521,18.799366084536388,0.9013718655073324,-1.6617552475956938,0.3401255153940911,0.3400000035762787,2.409723997116089,-2.005768948353319,1.466963768005371,-1.0153260283872207,0.3400000035762787,0.7012107372283936,-0.18401756854781015,0.3400000035762787,-0.0,0.5947288777549878,0.3400000035762787,-0.0,0.6766606767421873,0.3400000035762787,-31.344513686313142,0.0
1568,39.2,1.7576009759473628e+18,3.5240194040815576,-4.477282359270985,0.37647095776269185,-0.2203780843031141,18.800572025542664,0.7968240427745252,-1.0018527272442408,0.34004331924830017,0.3400000035762787,2.880929946899414,-2.5044589891367224,2.409723997116089,-2.005768948353319,0.3400000035762787,1.466963768005371,-1.0153260283872207,0.3400000035762787,0.7012107372283936,-0.18401756854781015,0.3400000035762787,-0.0,0.5947288777549878,0.3400000035762787,-33.75992344464939,0.0
1569,39.225,1.7576009759723628e+18,3.5520722237166007,-4.482950740716937,0.3678895129045978,-0.05161381444561889,18.825514808354136,0.7192317141552996,-0.3049994076156774,0.33996171025910255,0.3400000035762787,3.0575883388519287,-2.689698825947331,2.880929946899414,-2.5044589891367224,0.3400000035762787,2.409723997116089,-2.005768948353319,0.3400000035762787,1.466963768005371,-1.0153260283872207,0.3400000035762787,0.7012107372283936,-0.18401756854781015,0.3400000035762787,-36.366068016446135,0.0
1570,39.25,1.7576009759973627e+18,3.5433336716088224,-4.4565816759666514,0.37478453673437,0.08325218581318293,18.8435893441434,0.6672014288712382,0.3643625665967927,0.33993210931418616,0.3400000035762787,3.0575883388519287,-2.682803802117559,3.0575883388519287,-2.689698825947331,0.3400000035762787,2.880929946899414,-2.5044589891367224,0.3400000035762787,2.409723997116089,-2.005768948353319,0.3400000035762787,1.466963768005371,-1.0153260283872207,0.3400000035762787,-38.967988281751275,0.0
1571,39.275000000000006,1.757600976022363e+18,3.562255499770666,-4.459575068758012,0.3936565274441944,0.17578537613551254,18.865493552987218,0.6378893987137426,0.9650714225216139,0.33998105894663805,0.3400000035762787,3.0575883388519287,-2.663931811407734,3.0575883388519287,-2.682803802117559,0.3400000035762787,3.0575883388519287,-2.689698825947331,0.3400000035762787,2.880929946899414,-2.5044589891367224,0.3400000035762787,2.409723997116089,-2.005768948353319,0.3400000035762787,-41.54547672388298,0.0
1572,39.300000000000004,1.7576009760473628e+18,3.5912081282434087,-4.443758304045243,0.42242019330292874,0.2228510641584034,18.884076709695464,0.629595684743101,1.481352601193658,0.34009907329093036,0.3400000035762787,3.116532802581787,-2.6941126092788585,3.0575883388519287,-2.663931811407734,0.3400000035762787,3.0575883388519287,-2.682803802117559,0.3400000035762787,3.0575883388519287,-2.689698825947331,0.3400000035762787,2.880929946899414,-2.5044589891367224,0.3400000035762787,-44.48707596156188,0.0
1573,39.325,1.7576009760723628e+18,3.5921212010170933,-4.444720398173082,0.4606638473779098,0.2276571935942215,18.895604076176856,0.6426008676177885,1.9145293291906793,0.3402387259650757,0.3400000035762787,3.116532802581787,-2.6558689552038772,3.116532802581787,-2.6941126092788585,0.3400000035762787,3.0575883388519287,-2.663931811407734,0.3400000035762787,3.0575883388519287,-2.682803802117559,0.3400000035762787,3.0575883388519287,-2.689698825947331,0.3400000035762787,-49.11999247989778,0.0
1574,39.35,1.757600976097363e+18,3.6084556953169873,-4.442152799623132,0.5087982827162131,0.19956296322657888,18.912856389402403,0.6782701710464305,2.2705563718481874,0.3403245643847453,0.3400000035762787,3.116532802581787,-2.607734519865574,3.116532802581787,-2.6558689552038772,0.3400000035762787,3.116532802581787,-2.6941126092788585,0.3400000035762787,3.0575883388519287,-2.663931811407734,0.3400000035762787,3.0575883388519287,-2.682803802117559,0.3400000035762787,-54.81968146482029,0.0
1575,39.375,1.757600976122363e+18,3.6223893456312295,-4.442013303947928,0.5667983980580742,0.15197783177821117,18.929746724215462,0.737245240203978,2.5499942993761597,0.340276274220111,0.3400000035762787,3.116532802581787,-2.549734404523713,3.116532802581787,-2.607734519865574,0.3400000035762787,3.116532802581787,-2.6558689552038772,0.3400000035762787,3.116532802581787,-2.6941126092788585,0.3400000035762787,3.0575883388519287,-2.663931811407734,0.3400000035762787,-60.38665914786835,0.0
1576,39.400000000000006,1.7576009761473628e+18,3.630900451627196,-4.441706177237347,0.6333201625213994,0.09874623531259234,18.946130503290867,0.817768270797532,2.7446870247173987,0.3400429873347467,0.3400000035762787,3.116532802581787,-2.4832126400603878,3.116532802581787,-2.549734404523713,0.3400000035762787,3.116532802581787,-2.607734519865574,0.3400000035762787,3.116532802581787,-2.6558689552038772,0.3400000035762787,3.116532802581787,-2.6941126092788585,0.3400000035762787,-65.80052235825885,0.0
1577,39.425000000000004,1.7576009761723628e+18,3.6444830928712446,-4.436061654128238,0.7055903774328268,0.05046576914567689,18.978239865598503,0.9149823686070729,2.84174444747549,0.33964078273717324,0.3400000035762787,3.116532802581787,-2.4109424251489604,3.116532802581787,-2.4832126400603878,0.3400000035762787,3.116532802581787,-2.549734404523713,0.3400000035762787,3.116532802581787,-2.607734519865574,0.3400000035762787,3.116532802581787,-2.6558689552038772,0.3400000035762787,-71.0499673607003,0.0
1578,39.45,1.7576009761973627e+18,3.650525493471005,-4.435646121217049,0.7799515721028524,0.01235127239781184,18.986792691911084,1.0215832128572613,2.832158829380831,0.33917901732317174,0.3400000035762787,3.1754770278930664,-2.395525455790214,3.116532802581787,-2.4109424251489604,0.3400000035762787,3.116532802581787,-2.4832126400603878,0.3400000035762787,3.116532802581787,-2.549734404523713,0.3400000035762787,3.116532802581787,-2.607734519865574,0.3400000035762787,-76.19146429713491,0.0
1579,39.475,1.757600976222363e+18,3.669624539005431,-4.434899142928072,0.8526571254745905,-0.015572226941353344,19.028920780914998,1.1295868360802241,2.7196976426767137,0.3388574448100864,0.3400000035762787,3.116532802581787,-2.2638756771071966,3.1754770278930664,-2.395525455790214,0.3400000035762787,3.116532802581787,-2.4109424251489604,0.3400000035762787,3.116532802581787,-2.4832126400603878,0.3400000035762787,3.116532802581787,-2.549734404523713,0.3400000035762787,-81.11088601004849,0.0
1580,39.5,1.7576009762473628e+18,3.6756975325494974,-4.434182331798818,0.9205662012973664,-0.036368283315088804,19.03908003124309,1.2324334743349805,2.525965176027806,0.3389190314609534,0.3400000035762787,3.116532802581787,-2.195966601284421,3.116532802581787,-2.2638756771071966,0.3400000035762787,3.1754770278930664,-2.395525455790214,0.3400000035762787,3.116532802581787,-2.4109424251489604,0.3400000035762787,3.116532802581787,-2.4832126400603878,0.3400000035762787,-85.87341531548653,0.0
1581,39.525000000000006,1.7576009762723628e+18,3.6980189317509535,-4.431547679340846,0.9816201450656858,-0.05344831016846155,19.076420542230863,1.3264709206845033,2.2892896802117524,0.33955570359268217,0.3400000035762787,3.1754770278930664,-2.1938568828273803,3.116532802581787,-2.195966601284421,0.3400000035762787,3.116532802581787,-2.2638756771071966,0.3400000035762787,3.1754770278930664,-2.395525455790214,0.3400000035762787,3.116532802581787,-2.4109424251489604,0.3400000035762787,-90.54298364910089,0.0
1582,39.550000000000004,1.757600976297363e+18,3.725448507819384,-4.427042961502572,1.0351435955001518,-0.06858439875943773,19.10130426415475,1.4112444844761367,2.057530792808789,0.3407854877267833,0.3400000035762787,3.1754770278930664,-2.1403334323929144,3.1754770278930664,-2.1938568828273803,0.3400000035762787,3.116532802581787,-2.195966601284421,0.3400000035762787,3.116532802581787,-2.2638756771071966,0.3400000035762787,3.1754770278930664,-2.395525455790214,0.3400000035762787,-95.06147912799634,0.0
1583,39.575,1.757600976322363e+18,3.741501825684483,-4.42713359837954,1.0819938931201605,-0.08152331586337065,19.143330274671786,1.4887295042710065,1.8771239491170417,0.3423443167833287,0.3400000035762787,3.1754770278930664,-2.0934831347729057,3.1754770278930664,-2.1403334323929144,0.3400000035762787,3.1754770278930664,-2.1938568828273803,0.3400000035762787,3.116532802581787,-2.195966601284421,0.3400000035762787,3.116532802581787,-2.2638756771071966,0.3400000035762787,-99.42390353081456,0.0
1584,39.6,1.7576009763473628e+18,3.7620158431773865,-4.42248318334782,1.1244716413586084,-0.09114837422753015,19.176750375412706,1.5621062866660296,1.7819986406575543,0.343653906151041,0.3400000035762787,3.1754770278930664,-2.0510053865344577,3.1754770278930664,-2.0934831347729057,0.3400000035762787,3.1754770278930664,-2.1403334323929144,0.3400000035762787,3.1754770278930664,-2.1938568828273803,0.3400000035762787,3.116532802581787,-2.195966601284421,0.3400000035762787,-103.61919873668603,0.0
1585,39.625,1.7576009763723628e+18,3.805725440597145,-4.405441693191056,1.1658743460861585,-0.0973187847597154,19.22224860006101,1.6346059140427494,1.786062556296807,0.3439255841362587,0.3400000035762787,3.116532802581787,-1.9506584564956286,3.1754770278930664,-2.0510053865344577,0.3400000035762787,3.1754770278930664,-2.0934831347729057,0.3400000035762787,3.1754770278930664,-2.1403334323929144,0.3400000035762787,3.1754770278930664,-2.1938568828273803,0.3400000035762787,-107.57266475449583,0.0
1586,39.650000000000006,1.7576009763973627e+18,3.825736416828019,-4.39951137389295,1.2097044855385704,-0.10220647301500195,19.254499736410736,1.7086355273947151,1.8817380256792826,0.34242799851730554,0.3400000035762787,3.116532802581787,-1.9068283170432168,3.116532802581787,-1.9506584564956286,0.3400000035762787,3.1754770278930664,-2.0510053865344577,0.3400000035762787,3.1754770278930664,-2.0934831347729057,0.3400000035762787,3.1754770278930664,-2.1403334323929144,0.3400000035762787,-111.3256819362414,0.0
1587,39.675000000000004,1.757600976422363e+18,3.845423121765161,-4.393111028038396,1.2587522826742357,-0.11029853627383902,19.300707645839367,1.785212452756138,2.0449464783209454,0.3388821856207406,0.3400000035762787,3.116532802581787,-1.8577805199075514,3.116532802581787,-1.9068283170432168,0.3400000035762787,3.116532802581787,-1.9506584564956286,0.3400000035762787,3.1754770278930664,-2.0510053865344577,0.3400000035762787,3.1754770278930664,-2.0934831347729057,0.3400000035762787,-114.86277044175648,0.0
1588,39.7,1.7576009764473628e+18,3.869545586475896,-4.384565079453052,1.3143987320609063,-0.12698683320644735,19.3420408487027,1.8637460127565153,2.2446453905010944,0.3338633695003015,0.3400000035762787,3.0575883388519287,-1.7431896067910224,3.116532802581787,-1.8577805199075514,0.3400000035762787,3.116532802581787,-1.9068283170432168,0.3400000035762787,3.116532802581787,-1.9506584564956286,0.3400000035762787,3.1754770278930664,-2.0510053865344577,0.3400000035762787,-118.11544769681822,0.0
1589,39.725,1.7576009764723628e+18,3.9079492227465664,-4.372936214452377,1.3764305188552488,-0.1563760510681455,19.394284950362195,1.942250777571604,2.4533497899081125,0.32901488539651336,0.3400000035762787,3.0575883388519287,-1.68115781999668,3.0575883388519287,-1.7431896067910224,0.3400000035762787,3.116532802581787,-1.8577805199075514,0.3400000035762787,3.116532802581787,-1.9068283170432168,0.3400000035762787,3.116532802581787,-1.9506584564956286,0.3400000035762787,-121.14165309125923,0.0
1590,39.75,1.757600976497363e+18,3.928613148215209,-4.363832410911609,1.4434596417976349,-0.1992722098957583,19.428782208664288,2.018016693068081,2.6546923776764246,0.32685773391036654,0.3400000035762787,3.0575883388519287,-1.6141286970542938,3.0575883388519287,-1.68115781999668,0.3400000035762787,3.0575883388519287,-1.7431896067910224,0.3400000035762787,3.116532802581787,-1.8577805199075514,0.3400000035762787,3.116532802581787,-1.9068283170432168,0.3400000035762787,-123.94933178315492,0.0
1591,39.775000000000006,1.757600976522363e+18,3.973101809333341,-4.3340332641223895,1.51379218835052,-0.2522018178765959,19.501323373237845,2.0885371446706054,2.8452316098510297,0.3300497215762727,0.3400000035762787,3.0575883388519287,-1.5437961505014086,3.0575883388519287,-1.6141286970542938,0.3400000035762787,3.0575883388519287,-1.68115781999668,0.3400000035762787,3.0575883388519287,-1.7431896067910224,0.3400000035762787,3.116532802581787,-1.8577805199075514,0.3400000035762787,-126.5534363301572,0.0
1592,39.800000000000004,1.7576009765473628e+18,3.9955836768841184,-4.321629840277238,1.586380965136434,-0.30794092214919816,19.544798983825533,2.152259595655435,3.0300415654644337,0.3401284860946026,0.3400000035762787,3.0575883388519287,-1.4712073737154947,3.0575883388519287,-1.5437961505014086,0.3400000035762787,3.0575883388519287,-1.6141286970542938,0.3400000035762787,3.0575883388519287,-1.68115781999668,0.3400000035762787,3.0575883388519287,-1.7431896067910224,0.3400000035762787,-128.97224710494257,0.0
1593,39.825,1.7576009765723628e+18,4.050222599455406,-4.295390529148261,1.6614110495220102,-0.3576005268705499,19.635981563062803,2.2087950443854747,3.2142184369194724,0.35603582136502687,0.3400000035762787,3.0575883388519287,-1.3961772893299185,3.0575883388519287,-1.4712073737154947,0.3400000035762787,3.0575883388519287,-1.5437961505014086,0.3400000035762787,3.0575883388519287,-1.6141286970542938,0.3400000035762787,3.0575883388519287,-1.68115781999668,0.3400000035762787,-131.22317350919417,0.0
1594,39.85,1.7576009765973627e+18,4.0626117630076175,-4.286827762711477,1.7401804360203794,-0.3938254792070851,19.659677895271283,2.2586489246971735,3.3942244082629798,0.372982311938732,0.3400000035762787,3.0575883388519287,-1.3174079028315493,3.0575883388519287,-1.3961772893299185,0.3400000035762787,3.0575883388519287,-1.4712073737154947,0.3400000035762787,3.0575883388519287,-1.5437961505014086,0.3400000035762787,3.0575883388519287,-1.6141286970542938,0.3400000035762787,-133.31943359527662,0.0
1595,39.875,1.757600976622363e+18,4.1134847411695405,-4.249559749410052,1.8242496465416098,-0.4141046647287901,19.713925064045828,2.3028732642291345,3.553140620736573,0.3823389754016062,0.3400000035762787,2.9988183975219727,-1.1745687509803628,3.0575883388519287,-1.3174079028315493,0.3400000035762787,3.0575883388519287,-1.3961772893299185,0.3400000035762787,3.0575883388519287,-1.4712073737154947,0.3400000035762787,3.0575883388519287,-1.5437961505014086,0.3400000035762787,-135.20993629889077,0.0
1596,39.900000000000006,1.7576009766473628e+18,4.139378077200837,-4.227421348163988,1.9142222518492773,-0.42281882057113057,19.758561188042254,2.342842302618797,3.662271793665108,0.37309564149766244,0.3400000035762787,2.9988183975219727,-1.0845961456726954,2.9988183975219727,-1.1745687509803628,0.3400000035762787,3.0575883388519287,-1.3174079028315493,0.3400000035762787,3.0575883388519287,-1.3961772893299185,0.3400000035762787,3.0575883388519287,-1.4712073737154947,0.3400000035762787,-136.95660682459527,0.0
1597,39.925000000000004,1.7576009766723628e+18,4.169582559043481,-4.165693920793348,2.008769484537876,-0.4308670514061668,19.838347305543337,2.3798265406574175,3.6887911633152983,0.3349255233809962,0.3400000035762787,2.9988183975219727,-0.9900489129840966,2.9988183975219727,-1.0845961456726954,0.3400000035762787,2.9988183975219727,-1.1745687509803628,0.3400000035762787,3.0575883388519287,-1.3174079028315493,0.3400000035762787,3.0575883388519287,-1.3961772893299185,0.3400000035762787,-138.5609918551493,0.0
1598,39.95,1.757600976697363e+18,4.189460319077674,-4.145343387417178,2.104447615511743,-0.45262600265372466,19.874446015990646,2.413874654616497,3.606440207407844,0.2621132179056945,0.3400000035762787,2.9398741722106934,-0.8354265566989505,2.9988183975219727,-0.9900489129840966,0.3400000035762787,2.9988183975219727,-1.0845961456726954,0.3400000035762787,2.9988183975219727,-1.1745687509803628,0.3400000035762787,3.0575883388519287,-1.3174079028315493,0.3400000035762787,-138.02942763979166,0.0
1599,39.975,1.757600976722363e+18,4.257762152536304,-4.0933009682979975,2.196479040968046,-0.5011738040628538,19.98338987362285,2.4420021669986567,3.4049149313799183,0.1568386648073927,0.3400000035762787,2.880929946899414,-0.6844509059313681,2.9398741722106934,-0.8354265566989505,0.3400000035762787,2.9988183975219727,-0.9900489129840966,0.3400000035762787,2.9988183975219727,-1.0845961456726954,0.3400000035762787,2.9988183975219727,-1.1745687509803628,0.3400000035762787,-136.24861032565525,0.0
1600,40.0,1.7576009767473628e+18,4.318793896007982,-3.975334577955506,2.280171133745318,-0.5834103197938888,20.090637485554005,2.456409757150029,3.094117497077423,0.03008109724213648,-0.0,2.9398741722106934,-0.6597030384653753,2.880929946899414,-0.6844509059313681,0.3400000035762787,2.9398741722106934,-0.8354265566989505,0.3400000035762787,2.9988183975219727,-0.9900489129840966,0.3400000035762787,2.9988183975219727,-1.0845961456726954,0.3400000035762787,-133.4113020066396,0.0
1601,40.025000000000006,1.7576009767723628e+18,4.318793896007982,-3.975334577955506,2.352296515551717,-0.6965955962630529,20.090637485554005,2.443851860191552,2.7016709594503006,-0.10082191273601597,-0.1797603964805603,2.880929946899414,-0.5286334313476972,2.9398741722106934,-0.6597030384653753,-0.0,2.880929946899414,-0.6844509059313681,0.3400000035762787,2.9398741722106934,-0.8354265566989505,0.3400000035762787,2.9988183975219727,-0.9900489129840966,0.3400000035762787,-130.42277999399803,0.0
1602,40.050000000000004,1.7576009767973627e+18,4.34362787500436,-3.933814646864562,2.4117766772050766,-0.8273281793627917,20.14741491363578,2.3870591073255145,2.2649487002393722,-0.21729806052366274,-0.3400000035762787,2.880929946899414,-0.46915326969433746,2.880929946899414,-0.5286334313476972,-0.1797603964805603,2.9398741722106934,-0.6597030384653753,-0.0,2.880929946899414,-0.6844509059313681,0.3400000035762787,2.9398741722106934,-0.8354265566989505,0.3400000035762787,-127.36848655974924,0.0
1603,40.075,1.757600976822363e+18,4.402346608412831,-3.8105703570563785,2.4594268872913454,-0.9535071905190268,20.262288601957067,2.268282975725744,1.821048890250448,-0.3051803638863255,-0.3400000035762787,2.880929946899414,-0.42150305960806866,2.880929946899414,-0.46915326969433746,-0.3400000035762787,2.880929946899414,-0.5286334313476972,-0.1797603964805603,2.9398741722106934,-0.6597030384653753,-0.0,2.880929946899414,-0.6844509059313681,0.3400000035762787,-124.27671287259358,0.0
1604,40.1,1.7576009768473628e+18,4.402346608412831,-3.8105703570563785,2.497051689815954,-1.0491501812739323,20.262288601957067,2.073931996933643,1.3987006654655862,-0.3584212688464163,-0.3400000035762787,2.880929946899414,-0.38387825708346,2.880929946899414,-0.42150305960806866,-0.3400000035762787,2.880929946899414,-0.46915326969433746,-0.3400000035762787,2.880929946899414,-0.5286334313476972,-0.1797603964805603,2.9398741722106934,-0.6597030384653753,-0.0,-121.17464968858086,0.0
1605,40.125,1.7576009768723628e+18,4.41183645907046,-3.738448010496976,2.5264464098612778,-1.0908935253174685,20.318923473006336,1.798525971203038,1.0148722177446092,-0.3795704530527659,-0.3400000035762787,2.880929946899414,-0.3544835370381363,2.880929946899414,-0.38387825708346,-0.3400000035762787,2.880929946899414,-0.42150305960806866,-0.3400000035762787,2.880929946899414,-0.46915326969433746,-0.3400000035762787,2.880929946899414,-0.5286334313476972,-0.1797603964805603,-118.08582942364988,0.0
1606,40.150000000000006,1.757600976897363e+18,4.424296735978585,-3.6297926972009065,2.5487596857417874,-1.0641277677049514,20.413357921047794,1.4463487738922667,0.676530572926203,-0.3773692135230153,-0.3400000035762787,2.880929946899414,-0.3321702611576267,2.880929946899414,-0.3544835370381363,-0.3400000035762787,2.880929946899414,-0.38387825708346,-0.3400000035762787,2.880929946899414,-0.42150305960806866,-0.3400000035762787,2.880929946899414,-0.46915326969433746,-0.3400000035762787,-115.02839191542796,0.0
1607,40.175000000000004,1.757600976922363e+18,4.429468076116736,-3.605460780961727,2.5643932749403135,-0.9667374682259741,20.436541916428133,1.030346751094025,0.3856972616868101,-0.36294663282245043,-0.3400000035762787,2.880929946899414,-0.3165366719591005,2.880929946899414,-0.3321702611576267,-0.3400000035762787,2.880929946899414,-0.3544835370381363,-0.3400000035762787,2.880929946899414,-0.38387825708346,-0.3400000035762787,2.880929946899414,-0.42150305960806866,-0.3400000035762787,-112.01463505974625,0.0
1608,40.2,1.7576009769473628e+18,4.422017268750187,-3.5009931487119483,2.5733550600863073,-0.8093969780130599,20.479522239168144,0.5693400521799108,0.14467809430452316,-0.3462648974001445,-0.3400000035762787,2.880929946899414,-0.30757488681310674,2.880929946899414,-0.3165366719591005,-0.3400000035762787,2.880929946899414,-0.3321702611576267,-0.3400000035762787,2.880929946899414,-0.3544835370381363,-0.3400000035762787,2.880929946899414,-0.38387825708346,-0.3400000035762787,-109.05198212332947,0.0
1609,40.225,1.7576009769723628e+18,4.423760675151649,-3.47657660161379,2.5758224957139104,-0.6126874496330174,20.49629871009371,0.0852723803371859,-0.04139536843806349,-0.33389651332460263,-0.3400000035762787,2.880929946899414,-0.30510745118550364,2.880929946899414,-0.30757488681310674,-0.3400000035762787,2.880929946899414,-0.3165366719591005,-0.3400000035762787,2.880929946899414,-0.3321702611576267,-0.3400000035762787,2.880929946899414,-0.3544835370381363,-0.3400000035762787,-106.14485724124783,0.0
1610,40.25,1.7576009769973627e+18,4.409055158147408,-3.405399273288541,2.5726337387952167,-0.40215186385970897,20.470917453453904,-0.39856689178345706,-0.1660046943848716,-0.32842779005575407,-0.3400000035762787,2.880929946899414,-0.30829620810419733,2.880929946899414,-0.30510745118550364,-0.3400000035762787,2.880929946899414,-0.30757488681310674,-0.3400000035762787,2.880929946899414,-0.3165366719591005,-0.3400000035762787,2.880929946899414,-0.3321702611576267,-0.3400000035762787,-103.29645186288968,0.0
1611,40.275000000000006,1.757600977022363e+18,4.405984433926954,-3.3514440755593453,2.565483354556086,-0.20256228394966946,20.47884176581574,-0.8588180321918991,-0.2258387247498301,-0.32916233779562076,-0.3400000035762787,2.880929946899414,-0.3154465923433283,2.880929946899414,-0.30829620810419733,-0.3400000035762787,2.880929946899414,-0.30510745118550364,-0.3400000035762787,2.880929946899414,-0.30757488681310674,-0.3400000035762787,2.880929946899414,-0.3165366719591005,-0.3400000035762787,-100.50949681866996,0.0
1612,40.300000000000004,1.7576009770473628e+18,4.406477476148495,-3.270348735051207,2.556719788559,-0.03261196117842785,20.440102742203244,-1.2738896797024823,-0.2260103413996381,-0.33350690938638844,-0.3400000035762787,2.880929946899414,-0.324210158340414,2.880929946899414,-0.3154465923433283,-0.3400000035762787,2.880929946899414,-0.30829620810419733,-0.3400000035762787,2.880929946899414,-0.30510745118550364,-0.3400000035762787,2.880929946899414,-0.30757488681310674,-0.3400000035762787,-97.78591217845734,0.0
1613,40.325,1.7576009770723628e+18,4.403226178000772,-3.2107714928702165,2.548791274618635,0.09868677197880589,20.437092916690016,-1.6266942066872419,-0.18281368588223756,-0.3384343885881195,-0.3400000035762787,2.821985483169556,-0.27319420855092114,2.880929946899414,-0.324210158340414,-0.3400000035762787,2.880929946899414,-0.3154465923433283,-0.3400000035762787,2.880929946899414,-0.30829620810419733,-0.3400000035762787,2.880929946899414,-0.30510745118550364,-0.3400000035762787,-95.0670480979179,0.0
1614,40.35,1.757600977097363e+18,4.393794702830471,-3.1010678644287246,2.543539143683177,0.1927638788828928,20.31472311012124,-1.9073628845192485,-0.12180008328554054,-0.34161191104809374,-0.3400000035762787,2.821985483169556,-0.2784463394863792,2.821985483169556,-0.27319420855092114,-0.3400000035762787,2.880929946899414,-0.324210158340414,-0.3400000035762787,2.880929946899414,-0.3154465923433283,-0.3400000035762787,2.880929946899414,-0.30829620810419733,-0.3400000035762787,-92.41012422122031,0.0
1615,40.375,1.757600977122363e+18,4.39320472555136,-3.0877451138704206,2.541637363801862,0.25906262503767125,20.307680620210096,-2.1144982419621514,-0.07089428624474482,-0.3420177649295382,-0.3400000035762787,2.880929946899414,-0.33929258309755195,2.821985483169556,-0.2784463394863792,-0.3400000035762787,2.821985483169556,-0.27319420855092114,-0.3400000035762787,2.880929946899414,-0.324210158340414,-0.3400000035762787,2.880929946899414,-0.3154465923433283,-0.3400000035762787,-89.87085766808204,0.0
1616,40.400000000000006,1.7576009771473628e+18,4.420896768865898,-2.9586391239960275,2.542446525618695,0.3103116153149034,20.2230009526671,-2.25420059524261,-0.0505322943885105,-0.3400513855548607,-0.3400000035762787,2.821985483169556,-0.2795389575508609,2.880929946899414,-0.33929258309755195,-0.3400000035762787,2.821985483169556,-0.2784463394863792,-0.3400000035762787,2.821985483169556,-0.27319420855092114,-0.3400000035762787,2.880929946899414,-0.324210158340414,-0.3400000035762787,-87.32791049497499,0.0
1617,40.425000000000004,1.7576009771723628e+18,4.414442613574662,-2.8951564694712624,2.5443735130468634,0.35741376450899387,20.170827299612505,-2.337378522664705,-0.06447043183760043,-0.33723155872490895,-0.3400000035762787,2.821985483169556,-0.2776119701226927,2.821985483169556,-0.2795389575508609,-0.3400000035762787,2.880929946899414,-0.33929258309755195,-0.3400000035762787,2.821985483169556,-0.2784463394863792,-0.3400000035762787,2.821985483169556,-0.27319420855092114,-0.3400000035762787,-84.83800329260625,0.0
1618,40.45,1.7576009771973627e+18,4.430608092898812,-2.847217071248485,2.54560940679003,0.4059919475103547,20.12430279975588,-2.376691268820542,-0.09528690291397435,-0.3355986974674756,-0.3400000035762787,2.880929946899414,-0.33532054010938417,2.821985483169556,-0.2776119701226927,-0.3400000035762787,2.821985483169556,-0.2795389575508609,-0.3400000035762787,2.880929946899414,-0.33929258309755195,-0.3400000035762787,2.821985483169556,-0.2784463394863792,-0.3400000035762787,-82.46001573111549,0.0
1619,40.475,1.757600977222363e+18,4.438914521140341,-2.7893403827534606,2.5449907825878197,0.4556669710456031,20.073546557212417,-2.384353613878632,-0.10742870711411365,-0.336935569186729,-0.3400000035762787,2.880929946899414,-0.3359391643115943,2.880929946899414,-0.33532054010938417,-0.3400000035762787,2.821985483169556,-0.2776119701226927,-0.3400000035762787,2.821985483169556,-0.2795389575508609,-0.3400000035762787,2.880929946899414,-0.33929258309755195,-0.3400000035762787,-80.13705390175483,0.0
1620,40.5,1.7576009772473628e+18,4.462949420042585,-2.701360146061545,2.5427083969103146,0.5016856814165602,19.990486324926252,-2.37126368240073,-0.05825970800639702,-0.34194049480915495,-0.3400000035762787,2.880929946899414,-0.3382215499890995,2.880929946899414,-0.3359391643115943,-0.3400000035762787,2.880929946899414,-0.33532054010938417,-0.3400000035762787,2.821985483169556,-0.2776119701226927,-0.3400000035762787,2.821985483169556,-0.2795389575508609,-0.3400000035762787,-77.87216501640627,0.0
1621,40.525000000000006,1.7576009772723628e+18,4.479125532784488,-2.6503108835851164,2.5405983618383363,0.537520990509266,19.92924959293901,-2.3471472074446127,0.08529500280919378,-0.34954049541222687,-0.3400000035762787,2.821985483169556,-0.2813871213312198,2.880929946899414,-0.3382215499890995,-0.3400000035762787,2.880929946899414,-0.3359391643115943,-0.3400000035762787,2.880929946899414,-0.33532054010938417,-0.3400000035762787,2.821985483169556,-0.2776119701226927,-0.3400000035762787,-75.60859990992563,0.0
1622,40.550000000000004,1.757600977297363e+18,4.499309415916396,-2.594129211441544,2.541797774786969,0.5570794366238218,19.86832015970372,-2.3210491787995564,0.3292696806056748,-0.3565900353334604,-0.3400000035762787,2.880929946899414,-0.33913217211244495,2.821985483169556,-0.2813871213312198,-0.3400000035762787,2.880929946899414,-0.3382215499890995,-0.3400000035762787,2.880929946899414,-0.3359391643115943,-0.3400000035762787,2.880929946899414,-0.33532054010938417,-0.3400000035762787,-73.4637684350301,0.0
1623,40.575,1.757600977322363e+18,4.516163133777439,-2.5250062411538536,2.5497151660825064,0.5559622180799894,19.803407910518803,-2.3015594238926007,0.6401081332270943,-0.3582021719469846,-0.3400000035762787,2.821985483169556,-0.27227031708704974,2.880929946899414,-0.33913217211244495,-0.3400000035762787,2.821985483169556,-0.2813871213312198,-0.3400000035762787,2.880929946899414,-0.3382215499890995,-0.3400000035762787,2.880929946899414,-0.3359391643115943,-0.3400000035762787,-71.31576383372365,0.0
1624,40.6,1.7576009773473628e+18,4.532992049555643,-2.4894605440302007,2.566549682124914,0.532065471608551,19.763898587320277,-2.296435877598188,0.9420213807479805,-0.3488381587391245,-0.3400000035762787,2.880929946899414,-0.3143802647745,2.821985483169556,-0.27227031708704974,-0.3400000035762787,2.880929946899414,-0.33913217211244495,-0.3400000035762787,2.821985483169556,-0.2813871213312198,-0.3400000035762787,2.880929946899414,-0.3382215499890995,-0.3400000035762787,-69.27573945830787,0.0
1625,40.625,1.7576009773723628e+18,4.598564831050585,-2.4116453002489493,2.591837939263823,0.48600958485238205,19.698185408793712,-2.311544454347119,1.1267903556199041,-0.3240149443076546,-0.3400000035762787,2.880929946899414,-0.28909200763559095,2.880929946899414,-0.3143802647745,-0.3400000035762787,2.821985483169556,-0.27227031708704974,-0.3400000035762787,2.880929946899414,-0.33913217211244495,-0.3400000035762787,2.821985483169556,-0.2813871213312198,-0.3400000035762787,-67.27800843471631,0.0
1626,40.650000000000006,1.7576009773973627e+18,4.623274868648916,-2.3726004277381985,2.62155504481016,0.42149174551196966,19.656100739569496,-2.3491521401086244,1.0751372742244694,-0.2821419273022647,-0.3400000035762787,2.821985483169556,-0.20043043835939622,2.880929946899414,-0.28909200763559095,-0.3400000035762787,2.880929946899414,-0.3143802647745,-0.3400000035762787,2.821985483169556,-0.27227031708704974,-0.3400000035762787,2.880929946899414,-0.33913217211244495,-0.3400000035762787,-65.26104225608653,0.0
1627,40.675000000000004,1.757600977422363e+18,4.7002056163292165,-2.2960718063420407,2.6481200143952424,0.345208907029685,19.584929435648892,-2.405740216031141,0.6854008819373593,-0.225742030310232,-0.2298482209444046,2.880929946899414,-0.2328099325041717,2.821985483169556,-0.20043043835939622,-0.3400000035762787,2.880929946899414,-0.28909200763559095,-0.3400000035762787,2.880929946899414,-0.3143802647745,-0.3400000035762787,2.821985483169556,-0.27227031708704974,-0.3400000035762787,-63.34893420115828,0.0
1628,40.7,1.7576009774473628e+18,4.733042302080646,-2.255277942435251,2.6613693655858697,0.26593627251838037,19.539631118998443,-2.4699003613906507,-0.09712407511651788,-0.16136628581705192,-0.2298482209444046,2.880929946899414,-0.2195605813135444,2.880929946899414,-0.2328099325041717,-0.2298482209444046,2.821985483169556,-0.20043043835939622,-0.3400000035762787,2.880929946899414,-0.28909200763559095,-0.3400000035762787,2.880929946899414,-0.3143802647745,-0.3400000035762787,-61.50153508138871,0.0
1629,40.725,1.7576009774723628e+18,4.816530681304626,-2.2030446642685457,2.650315009392094,0.19276611411554204,19.465020180928228,-2.521470763071971,-1.257516729805257,-0.0979803240418582,-0.0,2.468493938446045,0.18182107094604927,2.880929946899414,-0.2195605813135444,-0.2298482209444046,2.880929946899414,-0.2328099325041717,-0.2298482209444046,2.821985483169556,-0.20043043835939622,-0.3400000035762787,2.880929946899414,-0.28909200763559095,-0.3400000035762787,-59.33952932045575,0.0
1630,40.75,1.757600977497363e+18,4.856030415411448,-2.1685768995722623,2.605349886815752,0.13316907225910696,19.413488777164616,-2.533326640663653,-2.7014069419871323,-0.044328466634308436,-0.0,1.5848523378372192,1.0204975489785326,2.468493938446045,0.18182107094604927,-0.0,2.880929946899414,-0.2195605813135444,-0.2298482209444046,2.880929946899414,-0.2328099325041717,-0.2298482209444046,2.821985483169556,-0.20043043835939622,-0.3400000035762787,-56.437983440125954,0.0
1631,40.775000000000006,1.757600977522363e+18,4.9086593889984,-2.135970832740391,2.520465574201496,0.09185813134635559,19.344845813556823,-2.476604404936436,-4.261502404180317,-0.006354640941745001,-0.0,1.0547022819519043,1.4657632922495916,1.5848523378372192,1.0204975489785326,-0.0,2.468493938446045,0.18182107094604927,-0.0,2.880929946899414,-0.2195605813135444,-0.2298482209444046,2.880929946899414,-0.2328099325041717,-0.2298482209444046,-53.20553250759836,0.0
1632,40.800000000000004,1.7576009775473628e+18,4.948887087722009,-2.1020490688417057,2.394993699359628,0.07095887349943954,19.292554713293917,-2.3286311160760564,-5.720463627647835,0.014240911544896881,-0.0,0.9957579374313354,1.3992357619282925,1.0547022819519043,1.4657632922495916,-0.0,1.5848523378372192,1.0204975489785326,-0.0,2.468493938446045,0.18182107094604927,-0.0,2.880929946899414,-0.2195605813135444,-0.2298482209444046,-50.170508987726734,0.0
1633,40.825,1.7576009775723628e+18,5.012722020730295,-2.0884073413982334,2.2344488027412317,0.07101207267641285,19.210116819670525,-2.0811705009455257,-6.84660872736118,0.019845862067967224,-0.0,0.9368135929107666,1.297635209830465,0.9957579374313354,1.3992357619282925,-0.0,1.0547022819519043,1.4657632922495916,-0.0,1.5848523378372192,1.0204975489785326,-0.0,2.468493938446045,0.18182107094604927,-0.0,-47.383586942367096,0.0
1634,40.85,1.7576009775973627e+18,5.051042493334684,-2.071934851083204,2.0502486701550278,0.09171643279940635,19.15954761590669,-1.7457669083007985,-7.436140983212807,0.015508318548436028,-0.0,0.9368135929107666,1.1134350772442612,0.9368135929107666,1.297635209830465,-0.0,0.9957579374313354,1.3992357619282925,-0.0,1.0547022819519043,1.4657632922495916,-0.0,1.5848523378372192,1.0204975489785326,-0.0,-44.93934568266169,0.0
1635,40.875,1.757600977622363e+18,5.128003630955493,-2.040607215937765,1.858323891717191,0.1315833829235798,19.103672678564497,-1.3535728842502097,-7.3540291181609145,0.007016496944487417,-0.0,0.9368135929107666,0.9215102988064243,0.9368135929107666,1.1134350772442612,-0.0,0.9368135929107666,1.297635209830465,-0.0,0.9957579374313354,1.3992357619282925,-0.0,1.0547022819519043,1.4657632922495916,-0.0,-42.85120413989886,0.0
1636,40.900000000000006,1.7576009776473628e+18,5.1660819218493605,-2.025818337949042,1.6768277091551003,0.18656211194703096,19.057668145553652,-0.9489445267614909,-6.565540539688945,-0.0007710644208255676,-0.0,0.9368135929107666,0.7400141162443337,0.9368135929107666,0.9215102988064243,-0.0,0.9368135929107666,1.1134350772442612,-0.0,0.9368135929107666,1.297635209830465,-0.0,0.9957579374313354,1.3992357619282925,-0.0,-41.10614554496873,0.0
1637,40.925000000000004,1.7576009776723628e+18,5.244012497737181,-2.01268858903884,1.5233251665000334,0.24858383469889714,19.053172469990233,-0.578524509702121,-5.1516871975589735,-0.004925578369835177,-0.0,1.0547022819519043,0.46862288454812906,0.9368135929107666,0.7400141162443337,-0.0,0.9368135929107666,0.9215102988064243,-0.0,0.9368135929107666,1.1134350772442612,-0.0,0.9368135929107666,1.297635209830465,-0.0,-39.78254224879508,0.0
1638,40.95,1.757600977697363e+18,5.280202663565699,-2.001708298622745,1.4119658487569504,0.30539516155346846,19.023217032352367,-0.2794780502268499,-3.304288442456993,-0.004710477633726271,-0.0,1.2313607931137085,0.18060505564324192,1.0547022819519043,0.46862288454812906,-0.0,0.9368135929107666,0.7400141162443337,-0.0,0.9368135929107666,0.9215102988064243,-0.0,0.9368135929107666,1.1134350772442612,-0.0,-38.87764359069266,0.0
1639,40.975,1.757600977722363e+18,5.343099150891417,-1.9555253999307247,1.3511512756748472,0.3427114518719822,19.022320009598882,-0.07104672925001204,-1.2997038856239502,-0.0012623431585731821,-0.0,1.9972882270812988,-0.6461369514064517,1.2313607931137085,0.18060505564324192,-0.0,1.0547022819519043,0.46862288454812906,-0.0,0.9368135929107666,0.7400141162443337,-0.0,0.9368135929107666,0.9215102988064243,-0.0,-38.905611761187615,0.0
1640,41.0,1.7576009777473628e+18,5.381927334368943,-1.9422581539623305,1.3420407900850897,0.34854644484284836,19.06403042826337,0.047771877152645505,0.5458016599529472,0.003087624093461727,-0.0,2.409723997116089,-1.0676832070309992,1.9972882270812988,-0.6461369514064517,-0.0,1.2313607931137085,0.18060505564324192,-0.0,1.0547022819519043,0.46862288454812906,-0.0,0.9368135929107666,0.7400141162443337,-0.0,-39.43509879832183,0.0
1641,41.025000000000006,1.7576009777723628e+18,5.415220963508649,-1.9341865919638863,1.3779973346646717,0.31803489460536005,19.06105213939047,0.09423016183066765,1.932103517757015,0.005668803445427283,-0.0,2.9398741722106934,-1.5618768375460217,2.409723997116089,-1.0676832070309992,-0.0,1.9972882270812988,-0.6461369514064517,-0.0,1.2313607931137085,0.18060505564324192,-0.0,1.0547022819519043,0.46862288454812906,-0.0,-40.57313835914345,0.0
1642,41.050000000000004,1.7576009777973627e+18,5.4370381036818864,-1.9339967035293577,1.4449916079265652,0.2562067857617962,19.068035709304855,0.09382758090428472,2.6323417965802425,0.004381115334159617,-0.0,3.116532802581787,-1.6715411946552219,2.9398741722106934,-1.5618768375460217,-0.0,2.409723997116089,-1.0676832070309992,-0.0,1.9972882270812988,-0.6461369514064517,-0.0,1.2313607931137085,0.18060505564324192,-0.0,-41.91571530641105,0.0
1643,41.075,1.757600977822363e+18,5.492604448550332,-1.924669456372722,1.5231465273054048,0.1768688714951591,19.068285688856683,0.07175066848511498,2.5390057221972238,-0.0014467670984161997,-0.0,3.116532802581787,-1.5933862752763823,3.116532802581787,-1.6715411946552219,-0.0,2.9398741722106934,-1.5618768375460217,-0.0,2.409723997116089,-1.0676832070309992,-0.0,1.9972882270812988,-0.6461369514064517,-0.0,-43.436710959342186,0.0
1644,41.1,1.7576009778473628e+18,5.525247957393088,-1.9166226466584448,1.5897279980516568,0.09780526418505074,19.067943049184777,0.04668979846176825,1.6876655657589847,-0.0104061015853262,-0.0,1.2313607931137085,0.35836720493794827,3.116532802581787,-1.5933862752763823,-0.0,3.116532802581787,-1.6715411946552219,-0.0,2.9398741722106934,-1.5618768375460217,-0.0,2.409723997116089,-1.0676832070309992,-0.0,-43.1329249076796,0.0
1645,41.125,1.7576009778723628e+18,5.560196331416635,-1.9028490981944868,1.623539444978682,0.03458870052052747,19.067536801894672,0.02835454343818859,0.2510388023602612,-0.018792660478851638,-0.0,0.2887748479843139,1.334764596994368,1.2313607931137085,0.35836720493794827,-0.0,3.116532802581787,-1.5933862752763823,-0.0,3.116532802581787,-1.6715411946552219,-0.0,2.9398741722106934,-1.5618768375460217,-0.0,-41.90812291208338,0.0
1646,41.150000000000006,1.757600977897363e+18,5.6111726459865405,-1.897888651931204,1.6098031175403098,-0.004077397432740469,19.071344541326585,0.018343619045737697,-1.4971071447759636,-0.021075097987430062,-0.0,-0.0,1.6098031175403098,0.2887748479843139,1.334764596994368,-0.0,1.2313607931137085,0.35836720493794827,-0.0,3.116532802581787,-1.5933862752763823,-0.0,3.116532802581787,-1.6715411946552219,-0.0,-40.504234797026704,0.0
1647,41.175000000000004,1.757600977922363e+18,5.670470089181488,-1.8803061681734825,1.5438164772276934,-0.01773462243604306,19.071901919653666,0.013152817239499107,-3.240702524436981,-0.011175420536377857,-0.0,-0.0,1.5438164772276934,-0.0,1.6098031175403098,-0.0,0.2887748479843139,1.334764596994368,-0.0,1.2313607931137085,0.35836720493794827,-0.0,3.116532802581787,-1.5933862752763823,-0.0,-39.82372134127382,0.0
1648,41.2,1.7576009779473628e+18,5.670470089181488,-1.8803061681734825,1.4317825758615284,-0.012436263085758426,19.071901919653666,0.008032284424463057,-4.6885966870076015,0.01560262346651089,-0.0,-0.0,1.4317825758615284,-0.0,1.5438164772276934,-0.0,-0.0,1.6098031175403098,-0.0,0.2887748479843139,1.334764596994368,-0.0,1.2313607931137085,0.35836720493794827,-0.0,-40.403727631677775,0.0
1649,41.225,1.7576009779723628e+18,5.713451100516382,-1.8707819755200727,1.288383263947434,0.0026146840765202506,19.07201047465574,0.0005353313351257119,-5.633270346917586,0.06055965261620719,-0.0,-0.0,1.288383263947434,-0.0,1.4317825758615284,-0.0,-0.0,1.5438164772276934,-0.0,-0.0,1.6098031175403098,-0.0,0.2887748479843139,1.334764596994368,-0.0,-42.39842092076432,0.0
1650,41.25,1.7576009779973627e+18,5.736574115492552,-1.8640725797697364,1.1321220184027339,0.01845032448794486,19.072728497225956,-0.0073252208125483085,-5.986419379126621,0.12036801565214217,0.0395766645669937,-0.0,1.1321220184027339,-0.0,1.288383263947434,-0.0,-0.0,1.4317825758615284,-0.0,-0.0,1.5438164772276934,-0.0,-0.0,1.6098031175403098,-0.0,-44.36043323156136,0.0
1651,41.275000000000006,1.757600978022363e+18,5.777525057696538,-1.8550219902849852,0.9802892199799418,0.028792135607255204,19.07315651526922,-0.009082917893722823,-5.78370522509999,0.18741139425491388,0.2198425233364105,-0.0,0.9802892199799418,-0.0,1.1321220184027339,0.0395766645669937,-0.0,1.288383263947434,-0.0,-0.0,1.4317825758615284,-0.0,-0.0,1.5438164772276934,-0.0,-46.236925231321656,0.0
1652,41.300000000000004,1.7576009780473628e+18,5.793717770781965,-1.8479396321658408,0.845271925426034,0.03130350478567834,19.07351166052776,0.003966916365963825,-5.160034178253194,0.25186384570700926,0.3400000035762787,-0.0,0.845271925426034,-0.0,0.9802892199799418,0.2198425233364105,-0.0,1.1321220184027339,0.0395766645669937,-0.0,1.288383263947434,-0.0,-0.0,1.4317825758615284,-0.0,-47.97367032181649,0.0
1653,41.325,1.7576009780723628e+18,5.825977074418416,-1.8405360676802287,0.733093724870253,0.027673303685272876,19.07375438128699,0.039146639163147104,-4.304778675006336,0.3047452260477017,0.3400000035762787,-0.0,0.733093724870253,-0.0,0.845271925426034,0.3400000035762787,-0.0,0.9802892199799418,0.2198425233364105,-0.0,1.1321220184027339,0.0395766645669937,-0.0,1.288383263947434,-0.0,-49.52710462725362,0.0
1654,41.35,1.757600978097363e+18,5.852254837226749,-1.835299557170584,0.6440437837884794,0.022619650416491246,19.073617806610805,0.09878171083044018,-3.4107894476646723,0.34059269518338103,0.3400000035762787,-0.0,0.6440437837884794,-0.0,0.733093724870253,0.3400000035762787,-0.0,0.845271925426034,0.3400000035762787,-0.0,0.9802892199799418,0.2198425233364105,-0.0,1.1321220184027339,0.0395766645669937,-50.873107520815054,0.0
1655,41.375,1.757600978122363e+18,5.885025813881476,-1.827682261821099,0.5745554109893544,0.02202026057640576,19.073525129436216,0.17812283448710148,-2.6308373024247946,0.35861607575599147,0.3400000035762787,-0.0,0.5745554109893544,-0.0,0.6440437837884794,0.3400000035762787,-0.0,0.733093724870253,0.3400000035762787,-0.0,0.845271925426034,0.3400000035762787,-0.0,0.9802892199799418,0.2198425233364105,-52.01075988909715,0.0
1656,41.400000000000006,1.7576009781473628e+18,5.882401713823297,-1.8305187280321904,0.5193640732399375,0.030639462080390572,19.075129383349573,0.26582983697660906,-2.05101545523676,0.36207566641108047,0.3400000035762787,-0.0,0.5193640732399375,-0.0,0.5745554109893544,0.3400000035762787,-0.0,0.6440437837884794,0.3400000035762787,-0.0,0.733093724870253,0.3400000035762787,-0.0,0.845271925426034,0.3400000035762787,-52.96053321161036,0.0
1657,41.425000000000004,1.7576009781723628e+18,5.900762259573473,-1.8207129294729696,0.47327787297924534,0.05016962781556937,19.085703408765674,0.34700184099048087,-1.684584394866608,0.35647293465006086,0.3400000035762787,-0.0,0.47327787297924534,-0.0,0.5193640732399375,0.3400000035762787,-0.0,0.5745554109893544,0.3400000035762787,-0.0,0.6440437837884794,0.3400000035762787,-0.0,0.733093724870253,0.3400000035762787,-53.75757968331198,0.0
1658,41.45,1.7576009781973627e+18,5.910712009911007,-1.8119164014187583,0.4323215594607495,0.07831410147702987,19.094439883445723,0.40762611232893403,-1.4839527786700448,0.34748977957073585,0.3400000035762787,-0.0,0.4323215594607495,-0.0,0.47327787297924534,0.3400000035762787,-0.0,0.5193640732399375,0.3400000035762787,-0.0,0.5745554109893544,0.3400000035762787,-0.0,0.6440437837884794,0.3400000035762787,-54.44203159638513,0.0
1659,41.475,1.757600978222363e+18,5.927781663204905,-1.8080434291676408,0.3943218681219393,0.1093016345990671,19.10675038102499,0.43873614327025795,-1.364555003119597,0.33944205302808805,0.3400000035762787,-0.0,0.3943218681219393,-0.0,0.4323215594607495,0.3400000035762787,-0.0,0.47327787297924534,0.3400000035762787,-0.0,0.5193640732399375,0.3400000035762787,-0.0,0.5745554109893544,0.3400000035762787,-55.04906401677325,0.0
1660,41.5,1.7576009782473628e+18,5.934370691718266,-1.8007284928125138,0.35909134811131654,0.1356581603000339,19.116552433774476,0.4388072820850548,-1.232902468606522,0.33459606127253017,0.3400000035762787,1.466963768005371,-1.1078724198940546,-0.0,0.3943218681219393,0.3400000035762787,-0.0,0.4323215594607495,0.3400000035762787,-0.0,0.47327787297924534,0.3400000035762787,-0.0,0.5193640732399375,0.3400000035762787,-57.068450267799335,0.0
1661,41.525000000000006,1.7576009782723628e+18,5.945711418904262,-1.7913715244718695,0.3282953738997314,0.15055691720044315,19.13112401062441,0.413770896944509,-1.0117527922825988,0.33329503265172306,0.3400000035762787,3.4110798835754395,-3.082784509675708,1.466963768005371,-1.1078724198940546,0.3400000035762787,-0.0,0.3943218681219393,0.3400000035762787,-0.0,0.4323215594607495,0.3400000035762787,-0.0,0.47327787297924534,0.3400000035762787,-60.98476752149746,0.0
1662,41.550000000000004,1.757600978297363e+18,5.954893297771673,-1.7890670941387772,0.30500193530436037,0.14987107607352845,19.139096942033337,0.374999280184733,-0.6573820148090046,0.33459746498759807,0.3400000035762787,4.0,-3.6949980646956395,3.4110798835754395,-3.082784509675708,0.3400000035762787,1.466963768005371,-1.1078724198940546,0.3400000035762787,-0.0,0.3943218681219393,0.3400000035762787,-0.0,0.4323215594607495,0.3400000035762787,-65.43657737159559,0.0
1663,41.575,1.757600978322363e+18,5.957719383440404,-1.7859855463836043,0.29292688156755,0.1332463351129932,19.15407161747338,0.3362351205106302,-0.1665360772908622,0.33706711393779293,0.3400000035762787,4.0,-3.70707311843245,4.0,-3.6949980646956395,0.3400000035762787,3.4110798835754395,-3.082784509675708,0.3400000035762787,1.466963768005371,-1.1078724198940546,0.3400000035762787,-0.0,0.3943218681219393,0.3400000035762787,-69.82031116677022,0.0
1664,41.6,1.7576009783473628e+18,5.960985585948128,-1.7850662202471952,0.29548147225024174,0.10397042005985105,19.157844097596588,0.3105128486724527,0.42683696150939554,0.3394285126157337,0.3400000035762787,4.0,-3.7045185277497583,4.0,-3.70707311843245,0.3400000035762787,4.0,-3.6949980646956395,0.3400000035762787,3.4110798835754395,-3.082784509675708,0.3400000035762787,1.466963768005371,-1.1078724198940546,0.3400000035762787,-74.11955857227497,0.0
1665,41.625,1.7576009783723628e+18,5.9695569633056,-1.783067483664671,0.3148207046998864,0.06785417333597832,19.16487881184201,0.307798696884829,1.0628907538997625,0.34093849750373817,0.3400000035762787,4.0,-3.6851792953001135,4.0,-3.7045185277497583,0.3400000035762787,4.0,-3.70707311843245,0.3400000035762787,4.0,-3.6949980646956395,0.3400000035762787,3.4110798835754395,-3.082784509675708,0.3400000035762787,-77.62072029902727,0.0
1666,41.650000000000006,1.7576009783973627e+18,5.975885865834044,-1.781201657326666,0.35113486600868243,0.03155332419689405,19.171670390567638,0.3336923704991393,1.6716315564767787,0.3414575360313691,0.3400000035762787,4.0,-3.6488651339913174,4.0,-3.6851792953001135,0.3400000035762787,4.0,-3.7045185277497583,0.3400000035762787,4.0,-3.70707311843245,0.3400000035762787,4.0,-3.6949980646956395,0.3400000035762787,-80.25425940463136,0.0
1667,41.675000000000004,1.757600978422363e+18,5.978850838114409,-1.7827551534421102,0.40241816469980035,0.0008141175990736997,19.17999244093641,0.3892552361304666,2.188970519161397,0.34129560149911725,0.3400000035762787,4.0,-3.5975818353001996,4.0,-3.6488651339913174,0.3400000035762787,4.0,-3.6851792953001135,0.3400000035762787,4.0,-3.7045185277497583,0.3400000035762787,4.0,-3.70707311843245,0.3400000035762787,-81.84607229157824,0.0
1668,41.7,1.7576009784473628e+18,5.986339965322577,-1.780375081633916,0.46485846518239204,-0.020865704683251725,19.186071022952586,0.47177283300745937,2.5693278545906884,0.3409458362798188,0.3400000035762787,4.0,-3.535141534817608,4.0,-3.5975818353001996,0.3400000035762787,4.0,-3.6488651339913174,0.3400000035762787,4.0,-3.6851792953001135,0.3400000035762787,4.0,-3.7045185277497583,0.3400000035762787,-82.87675483725913,0.0
1669,41.725,1.7576009784723628e+18,5.998144865357848,-1.776979993243387,0.5337786422025336,-0.0327586608601517,19.201713501477084,0.575986578502654,2.7923255040902846,0.3408157751428205,0.3400000035762787,4.0,-3.4662213577974663,4.0,-3.535141534817608,0.3400000035762787,4.0,-3.5975818353001996,0.3400000035762787,4.0,-3.6488651339913174,0.3400000035762787,4.0,-3.6851792953001135,0.3400000035762787,-83.65327736910926,0.0
1670,41.75,1.757600978497363e+18,6.003633175953592,-1.7743532793949304,0.6047824570514646,-0.03647726405873369,19.22119604933985,0.6952534354651664,2.862957380667673,0.3410390285443636,0.3400000035762787,4.0,-3.3952175429485356,4.0,-3.4662213577974663,0.3400000035762787,4.0,-3.535141534817608,0.3400000035762787,4.0,-3.5975818353001996,0.3400000035762787,4.0,-3.6488651339913174,0.3400000035762787,-84.36569110994024,0.0
1671,41.775000000000006,1.757600978522363e+18,6.011298057613585,-1.7716490791196693,0.6746216311511462,-0.034827751487691544,19.231676561249035,0.822368177605576,2.8064802455241744,0.34141596228089216,0.3400000035762787,4.0,-3.325378368848854,4.0,-3.3952175429485356,0.3400000035762787,4.0,-3.4662213577974663,0.3400000035762787,4.0,-3.535141534817608,0.3400000035762787,4.0,-3.5975818353001996,0.3400000035762787,-85.02713766738137,0.0
1672,41.800000000000004,1.7576009785473628e+18,6.015400125779171,-1.7712386737380212,0.7414642241424877,-0.03048037066913306,19.262349686064347,0.9501810265951458,2.660499514031408,0.34149785857064724,0.3400000035762787,4.0,-3.258535775857512,4.0,-3.325378368848854,0.3400000035762787,4.0,-3.3952175429485356,0.3400000035762787,4.0,-3.4662213577974663,0.3400000035762787,4.0,-3.535141534817608,0.3400000035762787,-85.59156083396002,0.0
1673,41.825,1.7576009785723628e+18,6.023098579567733,-1.7681866981736096,0.8046006169124451,-0.025059505098507042,19.27693401344381,1.0722867146592143,2.466927061763841,0.3407955579925529,0.3400000035762787,4.0,-3.1953993830875547,4.0,-3.258535775857512,0.3400000035762787,4.0,-3.325378368848854,0.3400000035762787,4.0,-3.3952175429485356,0.3400000035762787,4.0,-3.4662213577974663,0.3400000035762787,-86.1310912618437,0.0
1674,41.85,1.7576009785973627e+18,6.054840901439015,-1.7529033998037848,0.8639037771089197,-0.019053734876586664,19.302599738978486,1.1838577669657364,2.2656934731912766,0.33905837925693594,0.3400000035762787,4.0,-3.13609622289108,4.0,-3.1953993830875547,0.3400000035762787,4.0,-3.258535775857512,0.3400000035762787,4.0,-3.325378368848854,0.3400000035762787,4.0,-3.3952175429485356,0.3400000035762787,-86.65945296486919,0.0
1675,41.875,1.757600978622363e+18,6.065071437809219,-1.7485418465555094,0.9194170911121815,-0.012547765909266331,19.320078084055936,1.282375786889185,2.0907832808569586,0.3365338137415477,0.3400000035762787,4.0,-3.0805829088878185,4.0,-3.13609622289108,0.3400000035762787,4.0,-3.1953993830875547,0.3400000035762787,4.0,-3.258535775857512,0.3400000035762787,4.0,-3.325378368848854,0.3400000035762787,-87.1903014692333,0.0
1676,41.900000000000006,1.7576009786473628e+18,6.099417484019979,-1.7345382462025798,0.9713034589517782,-0.006351166507475688,19.363852756013713,1.3678821284505924,1.9680212142405389,0.3340929936817759,0.3400000035762787,4.0,-3.028696541048222,4.0,-3.0805829088878185,0.3400000035762787,4.0,-3.13609622289108,0.3400000035762787,4.0,-3.1953993830875547,0.3400000035762787,4.0,-3.258535775857512,0.3400000035762787,-87.73578537022114,0.0
1677,41.925000000000004,1.7576009786723628e+18,6.114251833817896,-1.7218403443580304,1.0201319070160566,-0.002833267472914674,19.401378354112897,1.4425585749817287,1.91361624002825,0.3331088693184862,0.3400000035762787,4.0,-2.9798680929839434,4.0,-3.028696541048222,0.3400000035762787,4.0,-3.0805829088878185,0.3400000035762787,4.0,-3.13609622289108,0.3400000035762787,4.0,-3.1953993830875547,0.3400000035762787,-88.30471103805613,0.0
1678,41.95,1.757600978697363e+18,6.132407811352373,-1.707931237997227,1.0672180859429388,-0.005837057460770369,19.435048240629776,1.5098072514803982,1.9328787107441892,0.3350220638065072,0.3400000035762787,4.0,-2.9327819140570615,4.0,-2.9798680929839434,0.3400000035762787,4.0,-3.028696541048222,0.3400000035762787,4.0,-3.0805829088878185,0.3400000035762787,4.0,-3.13609622289108,0.3400000035762787,-88.84196749632297,0.0
1679,41.975,1.757600978722363e+18,6.151531192794387,-1.6969390985093078,1.114650354126129,-0.019484990130261188,19.47259648180216,1.5732293551612608,2.01939146186878,0.34063156526216426,0.3400000035762787,4.0,-2.885349645873871,4.0,-2.9327819140570615,0.3400000035762787,4.0,-2.9798680929839434,0.3400000035762787,4.0,-3.028696541048222,0.3400000035762787,4.0,-3.0805829088878185,0.3400000035762787,-89.46344146508964,0.0
1680,42.0,1.7576009787473628e+18,6.166981981131261,-1.6845326528171476,1.1648276646716742,-0.04631995254846202,19.5176382649635,1.6358740807372403,2.1556081093743513,0.34928866454046376,0.3400000035762787,4.0,-2.835172335328326,4.0,-2.885349645873871,0.3400000035762787,4.0,-2.9327819140570615,0.3400000035762787,4.0,-2.9798680929839434,0.3400000035762787,4.0,-3.028696541048222,0.3400000035762787,-90.10264719913354,0.0
1681,42.025000000000006,1.7576009787723628e+18,6.191281338329484,-1.668830254014971,1.2196819297112464,-0.08568957281664279,19.56764339513594,1.6999482741841052,2.3158558921823005,0.35830738427761505,0.3400000035762787,4.0,-2.7803180702887538,4.0,-2.835172335328326,0.3400000035762787,4.0,-2.885349645873871,0.3400000035762787,4.0,-2.9327819140570615,0.3400000035762787,4.0,-2.9798680929839434,0.3400000035762787,-90.68910838659492,0.0
1682,42.050000000000004,1.7576009787973627e+18,6.2250906598272255,-1.654188862240057,1.279986095208252,-0.13328817101896057,19.600964028658865,1.7669593745790726,2.4719381388457444,0.3629622298227809,0.3400000035762787,4.0,-2.720013904791748,4.0,-2.7803180702887538,0.3400000035762787,4.0,-2.835172335328326,0.3400000035762787,4.0,-2.885349645873871,0.3400000035762787,4.0,-2.9327819140570615,0.3400000035762787,-91.26878885899374,0.0
1683,42.075,1.757600978822363e+18,6.241612947467923,-1.6424900000633833,1.345111426114649,-0.18226934277841564,19.630884287205387,1.838035768552218,2.6003389292283026,0.3573502296196026,0.3400000035762787,4.0,-2.654888573885351,4.0,-2.720013904791748,0.3400000035762787,4.0,-2.7803180702887538,0.3400000035762787,4.0,-2.835172335328326,0.3400000035762787,4.0,-2.885349645873871,0.3400000035762787,-91.8301942981062,0.0
1684,42.1,1.7576009788473628e+18,6.259044433492948,-1.6304481963976802,1.4133685165954941,-0.2255744949349623,19.680533625947437,1.9140045569492714,2.68906366931961,0.3361099785817053,0.3400000035762787,4.0,-2.586631483404506,4.0,-2.654888573885351,0.3400000035762787,4.0,-2.720013904791748,0.3400000035762787,4.0,-2.7803180702887538,0.3400000035762787,4.0,-2.835172335328326,0.3400000035762787,-92.36582039497625,0.0
1685,42.125,1.7576009788723628e+18,6.3117013119903,-1.5815287420635018,1.4828004479754795,-0.2584971149572082,19.760691419207703,1.9948491955499714,2.7419385853640685,0.2965593651661252,0.3400000035762787,4.0,-2.5171995520245205,4.0,-2.586631483404506,0.3400000035762787,4.0,-2.654888573885351,0.3400000035762787,4.0,-2.720013904791748,0.3400000035762787,4.0,-2.7803180702887538,0.3400000035762787,-92.93236149050514,0.0
1686,42.150000000000006,1.757600978897363e+18,6.319202431141745,-1.5736369595607815,1.552099576595355,-0.28033634653287476,19.7763023848624,2.0784705940377135,2.7788839472591738,0.24040269046803456,0.3400000035762787,4.0,-2.4479004234046453,4.0,-2.5171995520245205,0.3400000035762787,4.0,-2.586631483404506,0.3400000035762787,4.0,-2.654888573885351,0.3400000035762787,4.0,-2.720013904791748,0.3400000035762787,-93.47343359686657,0.0
1687,42.175000000000004,1.757600978922363e+18,6.357438095689013,-1.5277603282326089,1.6212656702389903,-0.29435963665130416,19.878052965517547,2.159145444584302,2.8319585307803106,0.17405338381269328,0.1897957473993301,4.0,-2.3787343297610097,4.0,-2.4479004234046453,0.3400000035762787,4.0,-2.5171995520245205,0.3400000035762787,4.0,-2.586631483404506,0.3400000035762787,4.0,-2.654888573885351,0.3400000035762787,-93.99438740672002,0.0
1688,42.2,1.7576009789473628e+18,6.369344009709529,-1.5133897908978404,1.6917528759118308,-0.3060512543318238,19.90595636771326,2.2265144435280977,2.9382621237887308,0.1070834002112093,-0.0,4.0,-2.3082471240881692,4.0,-2.3787343297610097,0.1897957473993301,4.0,-2.4479004234046453,0.3400000035762787,4.0,-2.5171995520245205,0.3400000035762787,4.0,-2.586631483404506,0.3400000035762787,-94.55944492401717,0.0
1689,42.225,1.7576009789723628e+18,6.4094722548866265,-1.4500112560599172,1.7661082039438063,-0.32044052942508217,19.98061898131354,2.2660154746487216,3.131540716240858,0.049264826333436214,-0.0,4.0,-2.2338917960561937,4.0,-2.3082471240881692,-0.0,4.0,-2.3787343297610097,0.1897957473993301,4.0,-2.4479004234046453,0.3400000035762787,4.0,-2.5171995520245205,0.3400000035762787,-95.11217890007669,0.0
1690,42.25,1.7576009789973627e+18,6.427416601519968,-1.4241630957894995,1.847336417822525,-0.339742694010179,20.024584667796294,2.2611599463065573,3.434346431728938,0.007518080123849036,-0.0,4.0,-2.152663582177475,4.0,-2.2338917960561937,-0.0,4.0,-2.3082471240881692,-0.0,4.0,-2.3787343297610097,0.1897957473993301,4.0,-2.4479004234046453,0.3400000035762787,-95.65071378519987,0.0
1691,42.275000000000006,1.757600979022363e+18,6.476477716869908,-1.3370715128549515,1.9382913835715,-0.3623304538883914,20.148647854185167,2.1972008359153268,3.852041123221245,-0.015858146154341245,-0.0,4.0,-2.0617086164284997,4.0,-2.152663582177475,-0.0,4.0,-2.2338917960561937,-0.0,4.0,-2.3082471240881692,-0.0,4.0,-2.3787343297610097,0.1897957473993301,-96.16862625112695,0.0
1692,42.300000000000004,1.7576009790473628e+18,6.476477716869908,-1.3370715128549515,2.0412604903351883,-0.383305657736052,20.148647854185167,2.0652103148920675,4.369231945394041,-0.023081860337767903,-0.0,4.0,-1.9587395096648117,4.0,-2.0617086164284997,-0.0,4.0,-2.152663582177475,-0.0,4.0,-2.2338917960561937,-0.0,4.0,-2.3082471240881692,-0.0,-96.65615838707627,0.0
1693,42.325,1.7576009790723628e+18,6.486501186834618,-1.2742494772163613,2.1577171839590537,-0.396151963200508,20.17835976539771,1.8655684506452432,4.948800188575074,-0.019300324212481963,-0.0,3.941404342651367,-1.7836871586923135,4.0,-1.9587395096648117,-0.0,4.0,-2.0617086164284997,-0.0,4.0,-2.152663582177475,-0.0,4.0,-2.2338917960561937,-0.0,-97.04366825643866,0.0
1694,42.35,1.757600979097363e+18,6.501024042037455,-1.2345928200352647,2.2881493715279864,-0.3946683138106555,20.221964231750203,1.609893200396972,5.5336774415348335,-0.01045430612089836,-0.0,3.941404342651367,-1.6532549711233808,3.941404342651367,-1.7836871586923135,-0.0,4.0,-1.9587395096648117,-0.0,4.0,-2.0617086164284997,-0.0,4.0,-2.152663582177475,-0.0,-97.3795153247305,0.0
1695,42.375,1.757600979122363e+18,6.527931423035791,-1.1360178547425202,2.431911967115312,-0.374683586628898,20.293954318911826,1.3203889806984281,6.05173995686215,-0.0014800983228707991,-0.0,3.941404342651367,-1.509492375536055,3.941404342651367,-1.6532549711233808,-0.0,3.941404342651367,-1.7836871586923135,-0.0,4.0,-1.9587395096648117,-0.0,4.0,-2.0617086164284997,-0.0,-97.7144389492862,0.0
1696,42.400000000000006,1.7576009791473628e+18,6.53410278626553,-1.114634087556123,2.587046912890468,-0.33541423517437485,20.313058207389926,1.0260879447007047,6.424220314963867,0.004658775202144418,-0.0,3.941404342651367,-1.3543574297608991,3.941404342651367,-1.509492375536055,-0.0,3.941404342651367,-1.6532549711233808,-0.0,3.941404342651367,-1.7836871586923135,-0.0,4.0,-1.9587395096648117,-0.0,-97.98420023337441,0.0
1697,42.425000000000004,1.7576009791723628e+18,6.546418405043042,-1.0598509801345202,2.75000303777355,-0.2803018202073341,20.311598763940466,0.7567336762216921,6.577506161052801,0.00706057183908746,-0.0,3.941404342651367,-1.1914013048778171,3.941404342651367,-1.3543574297608991,-0.0,3.941404342651367,-1.509492375536055,-0.0,3.941404342651367,-1.6532549711233808,-0.0,3.941404342651367,-1.7836871586923135,-0.0,-98.18555262526812,0.0
1698,42.45,1.7576009791973627e+18,6.559674394813312,-0.9928649937350468,2.915359396736238,-0.21694090296630905,20.348003471597586,0.5362534730219304,6.457046775839976,0.006352045292543266,-0.0,3.941404342651367,-1.026044945915129,3.941404342651367,-1.1914013048778171,-0.0,3.941404342651367,-1.3543574297608991,-0.0,3.941404342651367,-1.509492375536055,-0.0,3.941404342651367,-1.6532549711233808,-0.0,-98.3761710144843,0.0
1699,42.475,1.757600979222363e+18,6.556406473501799,-0.8851347499165664,3.075912192247519,-0.1557306206128777,20.34667459531501,0.37798899263628855,6.040686977697119,0.0039037156309326563,-0.0,3.941404342651367,-0.8654921504038482,3.941404342651367,-1.026044945915129,-0.0,3.941404342651367,-1.1914013048778171,-0.0,3.941404342651367,-1.3543574297608991,-0.0,3.941404342651367,-1.509492375536055,-0.0,-98.55721225895678,0.0
1700,42.5,1.7576009792473628e+18,6.5633234128348175,-0.8302865150433562,3.2234592078591224,-0.10730283629249741,20.361160062124938,0.28309965068161685,5.3477823277498695,0.001117513610727415,-0.0,3.941404342651367,-0.7179451347922448,3.941404342651367,-0.8654921504038482,-0.0,3.941404342651367,-1.026044945915129,-0.0,3.941404342651367,-1.1914013048778171,-0.0,3.941404342651367,-1.3543574297608991,-0.0,-98.61545435528365,0.0
1701,42.525000000000006,1.7576009792723628e+18,6.577984057897755,-0.7071204437636077,3.3502293691983436,-0.07941591226639788,20.350843347834235,0.24232039782324086,4.440607575035575,-0.0010240025277679426,-0.0,3.941404342651367,-0.5911749734530236,3.941404342651367,-0.7179451347922448,-0.0,3.941404342651367,-0.8654921504038482,-0.0,3.941404342651367,-1.026044945915129,-0.0,3.941404342651367,-1.1914013048778171,-0.0,-98.67799589738898,0.0
1702,42.550000000000004,1.757600979297363e+18,6.585069096627482,-0.6263508023918959,3.450514292137037,-0.07450129753426814,20.359181522289873,0.24007096100081057,3.416155048712384,-0.00210521220854157,-0.0,3.941404342651367,-0.4908900505143303,3.941404342651367,-0.5911749734530236,-0.0,3.941404342651367,-0.7179451347922448,-0.0,3.941404342651367,-0.8654921504038482,-0.0,3.941404342651367,-1.026044945915129,-0.0,-98.69973267820896,0.0
1703,42.575,1.757600979322363e+18,6.594022323956002,-0.5373777624091534,3.5219558711292835,-0.08899452678212444,20.36506909737005,0.2592646886817654,2.389111612128622,-0.00218912124224666,-0.0,3.941404342651367,-0.41944847152208364,3.941404342651367,-0.4908900505143303,-0.0,3.941404342651367,-0.5911749734530236,-0.0,3.941404342651367,-0.7179451347922448,-0.0,3.941404342651367,-0.8654921504038482,-0.0,-98.69767809012299,0.0
1704,42.6,1.7576009793473628e+18,6.609914264048947,-0.415462400192929,3.566083239025269,-0.11481977091178977,20.374975317871854,0.28527388074547827,1.469712366840006,-0.0016102580136397745,-0.0,3.941404342651367,-0.3753211036260984,3.941404342651367,-0.41944847152208364,-0.0,3.941404342651367,-0.4908900505143303,-0.0,3.941404342651367,-0.5911749734530236,-0.0,3.941404342651367,-0.7179451347922448,-0.0,-98.68912093666562,0.0
1705,42.625,1.7576009793723628e+18,6.612134642134064,-0.3807411823029349,3.5879195883858315,-0.14232561491526513,20.377863627773095,0.30815949032793877,0.7421753069504373,-0.0007615442963429911,-0.0,3.941404342651367,-0.3534847542655357,3.941404342651367,-0.3753211036260984,-0.0,3.941404342651367,-0.41944847152208364,-0.0,3.941404342651367,-0.4908900505143303,-0.0,3.941404342651367,-0.5911749734530236,-0.0,-98.68812215389302,0.0
1706,42.650000000000006,1.7576009793973627e+18,6.618053442838894,-0.2613825764354325,3.5947297217260163,-0.16331364799129428,20.38681138087711,0.32305986779725393,0.24964256653350964,5.054675795620707e-05,-0.0,3.941404342651367,-0.34667462092535084,3.941404342651367,-0.3534847542655357,-0.0,3.941404342651367,-0.3753211036260984,-0.0,3.941404342651367,-0.41944847152208364,-0.0,3.941404342651367,-0.4908900505143303,-0.0,-98.70262651366075,0.0
1707,42.675000000000004,1.757600979422363e+18,6.621760048328228,-0.1902587843390342,3.5942322118766645,-0.17298661138529214,20.39260181093453,0.3292293487142412,-0.010253258699611396,0.000657599140501512,-0.0,3.941404342651367,-0.34717213077470266,3.941404342651367,-0.34667462092535084,-0.0,3.941404342651367,-0.3534847542655357,-0.0,3.941404342651367,-0.3753211036260984,-0.0,3.941404342651367,-0.41944847152208364,-0.0,-98.73326197247634,0.0
1708,42.7,1.7576009794473628e+18,6.627491630827546,-0.1014602966675166,3.5928006343087824,-0.17042137502711288,20.399493884575705,0.32845922479213174,-0.07837214158551892,0.0010044589077344904,-0.0,3.941404342651367,-0.3486037083425848,3.941404342651367,-0.34717213077470266,-0.0,3.941404342651367,-0.34667462092535084,-0.0,3.941404342651367,-0.3534847542655357,-0.0,3.941404342651367,-0.3753211036260984,-0.0,-98.77429079400584,0.0
1709,42.725,1.7576009794723628e+18,6.632584235766206,0.0140107482348759,3.5942304467257573,-0.15792230541902214,20.409110715916505,0.3235379796613811,-0.018391513372530557,0.0010887508223025068,-0.0,3.941404342651367,-0.3471738959256099,3.941404342651367,-0.3486037083425848,-0.0,3.941404342651367,-0.34717213077470266,-0.0,3.941404342651367,-0.34667462092535084,-0.0,3.941404342651367,-0.3534847542655357,-0.0,-98.81635723874594,0.0
1710,42.75,1.757600979497363e+18,6.637881749667276,0.1331187571041825,3.59947191903699,-0.13991253559614633,20.418464900946763,0.3171628429363807,0.10213209902345916,0.0009090548791461409,-0.0,3.941404342651367,-0.34193242361437726,3.941404342651367,-0.3471738959256099,-0.0,3.941404342651367,-0.3486037083425848,-0.0,3.941404342651367,-0.34717213077470266,-0.0,3.941404342651367,-0.34667462092535084,-0.0,-98.84999345425612,0.0
1711,42.775000000000006,1.757600979522363e+18,6.640078820880492,0.2058341918675736,3.607351280538778,-0.1218610880549959,20.42493810034007,0.31139419199587914,0.2279620264221739,0.0004528077609432997,-0.0,3.941404342651367,-0.3340530621125892,3.941404342651367,-0.34193242361437726,-0.0,3.941404342651367,-0.3471738959256099,-0.0,3.941404342651367,-0.3486037083425848,-0.0,3.941404342651367,-0.34717213077470266,-0.0,-98.86859992402538,0.0
1712,42.800000000000004,1.7576009795473628e+18,6.636524161749143,0.3070739948113239,3.615889920919674,-0.10936143420181056,20.432557550383784,0.3074563729075275,0.32521979610444474,-0.00026868642463347587,-0.0,3.941404342651367,-0.3255144217316932,3.941404342651367,-0.3340530621125892,-0.0,3.941404342651367,-0.34193242361437726,-0.0,3.941404342651367,-0.3471738959256099,-0.0,3.941404342651367,-0.3486037083425848,-0.0,-98.86990418741665,0.0
1713,42.825,1.7576009795723628e+18,6.638323501438299,0.4214861102669252,3.623603756382076,-0.10718759656074685,20.443017624580623,0.3056496380427417,0.3819168599043004,-0.0011569380039918946,-0.0,3.941404342651367,-0.317800586269291,3.941404342651367,-0.3255144217316932,-0.0,3.941404342651367,-0.3340530621125892,-0.0,3.941404342651367,-0.34193242361437726,-0.0,3.941404342651367,-0.3471738959256099,-0.0,-98.91451056513502,0.0
1714,42.85,1.7576009795973627e+18,6.639817787626066,0.4992901910973857,3.630234512529107,-0.11818578901126485,20.446606842235145,0.305383613015542,0.4018985829754083,-0.001973901024530378,-0.0,3.941404342651367,-0.3111698301222603,3.941404342651367,-0.317800586269291,-0.0,3.941404342651367,-0.3255144217316932,-0.0,3.941404342651367,-0.3340530621125892,-0.0,3.941404342651367,-0.34193242361437726,-0.0,-98.94723405577089,0.0
1715,42.875,1.757600979622363e+18,6.640135774621662,0.5948871610376862,3.6366741794903477,-0.14217969384706722,20.454420237669225,0.3055280438248608,0.39622406358610207,-0.002346786633592697,-0.0,3.941404342651367,-0.30473016316101953,3.941404342651367,-0.3111698301222603,-0.0,3.941404342651367,-0.317800586269291,-0.0,3.941404342651367,-0.3255144217316932,-0.0,3.941404342651367,-0.3340530621125892,-0.0,-98.91267163583437,0.0
1716,42.900000000000006,1.7576009796473628e+18,6.643131663141595,0.7296889437328766,3.6442345227874333,-0.17538930374033748,20.460094937461115,0.30509967322202636,0.3761508205426733,-0.0018640015839597038,-0.0,3.941404342651367,-0.29716981986393387,3.941404342651367,-0.30473016316101953,-0.0,3.941404342651367,-0.3111698301222603,-0.0,3.941404342651367,-0.317800586269291,-0.0,3.941404342651367,-0.3255144217316932,-0.0,-98.93030249814746,0.0
1717,42.925000000000004,1.7576009796723628e+18,6.6426442482778665,0.8302614537325668,3.6537165223624304,-0.21087677161814816,20.470798521373,0.30394016648793704,0.3501842174671503,-0.00026305744500762875,-0.0,3.941404342651367,-0.2876878202889368,3.941404342651367,-0.29716981986393387,-0.0,3.941404342651367,-0.30473016316101953,-0.0,3.941404342651367,-0.3111698301222603,-0.0,3.941404342651367,-0.317800586269291,-0.0,-98.94037834831369,0.0
1718,42.95,1.757600979697363e+18,6.646582404708338,0.9063864970133332,3.6648202980278435,-0.2401484304743647,20.475988892481965,0.30290919305240493,0.3250333071075601,0.002337068689490707,-0.0,3.941404342651367,-0.2765840446235237,3.941404342651367,-0.2876878202889368,-0.0,3.941404342651367,-0.29716981986393387,-0.0,3.941404342651367,-0.30473016316101953,-0.0,3.941404342651367,-0.3111698301222603,-0.0,-98.88164185282783,0.0
1719,42.975,1.757600979722363e+18,6.642677344725849,1.007029482639369,3.6762487621686195,-0.2554802277791614,20.48471602054655,0.30339863017380164,0.30811732716066925,0.005255921394996685,-0.0,3.941404342651367,-0.2651555804827477,3.941404342651367,-0.2765840446235237,-0.0,3.941404342651367,-0.2876878202889368,-0.0,3.941404342651367,-0.29716981986393387,-0.0,3.941404342651367,-0.30473016316101953,-0.0,-98.81085826899897,0.0
1720,43.0,1.7576009797473628e+18,6.639633303218427,1.1228020621369197,3.686462177973346,-0.2521662497279227,20.493620486654237,0.3064666436845172,0.3085647191416158,0.007248862009138687,-0.0,3.941404342651367,-0.2549421646780212,3.941404342651367,-0.2651555804827477,-0.0,3.941404342651367,-0.2765840446235237,-0.0,3.941404342651367,-0.2876878202889368,-0.0,3.941404342651367,-0.29716981986393387,-0.0,-98.7275788836879,0.0
1721,43.025000000000006,1.7576009797723628e+18,6.627041732807164,1.2844797451589538,3.694643417341836,-0.22992727787665643,20.50541342451256,0.31218627963071754,0.3347421787195591,0.0067895673793067065,-0.0,3.941404342651367,-0.2467609253095313,3.941404342651367,-0.2549421646780212,-0.0,3.941404342651367,-0.2651555804827477,-0.0,3.941404342651367,-0.2765840446235237,-0.0,3.941404342651367,-0.2876878202889368,-0.0,-98.6929526876662,0.0
1722,43.050000000000004,1.7576009797973627e+18,6.624705740411763,1.323729957894446,3.701289268778469,-0.19307014801432218,20.508572282077285,0.3196199295699223,0.38863688162715593,0.002667340685453279,-0.0,3.941404342651367,-0.24011507387289832,3.941404342651367,-0.2467609253095313,-0.0,3.941404342651367,-0.2549421646780212,-0.0,3.941404342651367,-0.2651555804827477,-0.0,3.941404342651367,-0.2765840446235237,-0.0,-98.59393558942666,0.0
1723,43.075,1.757600979822363e+18,6.613027432011461,1.46915825706342,3.7080501809583555,-0.14942750573618097,20.522063802384693,0.32731893913055554,0.4596795526659152,-0.005206107948286928,-0.0,3.941404342651367,-0.2333541616930117,3.941404342651367,-0.24011507387289832,-0.0,3.941404342651367,-0.2467609253095313,-0.0,3.941404342651367,-0.2549421646780212,-0.0,3.941404342651367,-0.2651555804827477,-0.0,-98.55501943403263,0.0
1724,43.1,1.7576009798473628e+18,6.610188721824892,1.5066936119014742,3.71685266050235,-0.10844680303437675,20.525626213121168,0.33387012819349116,0.5216273886402952,-0.015042454403113555,-0.0,3.941404342651367,-0.22455168214901722,3.941404342651367,-0.2333541616930117,-0.0,3.941404342651367,-0.24011507387289832,-0.0,3.941404342651367,-0.2467609253095313,-0.0,3.941404342651367,-0.2549421646780212,-0.0,-98.46519085140714,0.0
1725,43.125,1.7576009798723628e+18,6.599629365093006,1.601410034770765,3.728701677479311,-0.07895857159347486,20.533758276099,0.3380679995933288,0.5353079840333834,-0.0228498691319633,-0.0,3.941404342651367,-0.21270266517205627,3.941404342651367,-0.22455168214901722,-0.0,3.941404342651367,-0.2333541616930117,-0.0,3.941404342651367,-0.24011507387289832,-0.0,3.941404342651367,-0.2467609253095313,-0.0,-98.38880150894362,0.0
1726,43.150000000000006,1.757600979897363e+18,6.591613656680004,1.6766311145431896,3.7427039190205753,-0.06715163759702568,20.540606529324393,0.3386932418953324,0.45763974186295553,-0.022895246283661505,-0.0,3.941404342651367,-0.19870042363079188,3.941404342651367,-0.21270266517205627,-0.0,3.941404342651367,-0.22455168214901722,-0.0,3.941404342651367,-0.2333541616930117,-0.0,3.941404342651367,-0.24011507387289832,-0.0,-98.38707149421501,0.0
1727,43.175000000000004,1.757600979922363e+18,6.581245191713834,1.8026595323657075,3.7557528148065287,-0.07517586860897815,20.548294139843378,0.33429379705260687,0.2544397573200691,-0.009114107715170947,-0.0,3.941404342651367,-0.18565152784483852,3.941404342651367,-0.19870042363079188,-0.0,3.941404342651367,-0.21270266517205627,-0.0,3.941404342651367,-0.22455168214901722,-0.0,3.941404342651367,-0.2333541616930117,-0.0,-98.33991308955567,0.0
1728,43.2,1.7576009799473628e+18,6.570849335518509,1.8950918655526188,3.7630522907795543,-0.10063033005140651,20.55613340984527,0.32346173863398014,-0.08756213874272196,0.02276818276169956,-0.0,3.941404342651367,-0.1783520518718129,3.941404342651367,-0.18565152784483852,-0.0,3.941404342651367,-0.19870042363079188,-0.0,3.941404342651367,-0.21270266517205627,-0.0,3.941404342651367,-0.22455168214901722,-0.0,-98.29870456011393,0.0
1729,43.225,1.7576009799723628e+18,6.557226634023371,2.0109177197923715,3.7593363589905247,-0.13702113796551255,20.564525772209077,0.3058075898513614,-0.5543583314743125,0.07311747867502172,-0.0,3.76457142829895,-0.005235069308425544,3.941404342651367,-0.1783520518718129,-0.0,3.941404342651367,-0.18565152784483852,-0.0,3.941404342651367,-0.19870042363079188,-0.0,3.941404342651367,-0.21270266517205627,-0.0,-98.48576070036842,0.0
1730,43.25,1.7576009799973627e+18,6.548002252048971,2.088559737362276,3.740359432044167,-0.1751381774663597,20.570967082460612,0.2834207051381075,-1.1070297874086927,0.1372986527981238,0.0095298839733004,3.470024347305298,0.270335084738869,3.76457142829895,-0.005235069308425544,-0.0,3.941404342651367,-0.1783520518718129,-0.0,3.941404342651367,-0.18565152784483852,-0.0,3.941404342651367,-0.19870042363079188,-0.0,-99.23592316460808,0.0
1731,43.275000000000006,1.757600980022363e+18,6.542077809992586,2.2232218339716288,3.7040777804188596,-0.20519099128925813,20.584164464756807,0.2623364515489209,-1.6927623708046422,0.20644511331871185,0.3400000035762787,0.5243777632713318,3.179700017147528,3.470024347305298,0.270335084738869,0.0095298839733004,3.76457142829895,-0.005235069308425544,-0.0,3.941404342651367,-0.1783520518718129,-0.0,3.941404342651367,-0.18565152784483852,-0.0,-97.52198643971013,0.0
1732,43.300000000000004,1.7576009800473628e+18,6.5242648699304,2.326732595729005,3.6510101223234743,-0.21937652250369302,20.589587112251582,0.25338539742243427,-2.26113404714209,0.2700829825679608,0.3400000035762787,-0.0,3.6510101223234743,0.5243777632713318,3.179700017147528,0.3400000035762787,3.470024347305298,0.270335084738869,0.0095298839733004,3.76457142829895,-0.005235069308425544,-0.0,3.941404342651367,-0.1783520518718129,-0.0,-95.27021207931496,0.0
1733,43.325,1.7576009800723628e+18,6.499870902328332,2.4898647224264274,3.5835911966392153,-0.21430537918426504,20.60435833664471,0.271675697188489,-2.780181498875433,0.31951371752220153,0.3400000035762787,-0.0,3.5835911966392153,-0.0,3.6510101223234743,0.3400000035762787,0.5243777632713318,3.179700017147528,0.3400000035762787,3.470024347305298,0.270335084738869,0.0095298839733004,3.76457142829895,-0.005235069308425544,-0.0,-92.9842560925062,0.0
1734,43.35,1.757600980097363e+18,6.499870902328332,2.4898647224264274,3.5048033928734834,-0.19251905531245533,20.60435833664471,0.33400945017796935,-3.2466502467252796,0.3503633171660223,0.3400000035762787,-0.0,3.5048033928734834,-0.0,3.5835911966392153,0.3400000035762787,-0.0,3.6510101223234743,0.3400000035762787,0.5243777632713318,3.179700017147528,0.3400000035762787,3.470024347305298,0.270335084738869,0.0095298839733004,-90.59288777687698,0.0
1735,43.375,1.757600980122363e+18,6.479458228735854,2.601126917510661,3.4167232603293427,-0.16237029505710193,20.61559340408273,0.45411189324336976,-3.6867387431944607,0.36324742053637427,0.3400000035762787,-0.0,3.4167232603293427,-0.0,3.5048033928734834,0.3400000035762787,-0.0,3.5835911966392153,0.3400000035762787,-0.0,3.6510101223234743,0.3400000035762787,0.5243777632713318,3.179700017147528,0.3400000035762787,-88.09767481535407,0.0
1736,43.400000000000006,1.7576009801473628e+18,6.467081276528826,2.67172579972146,3.3196088042281087,-0.13593555019089365,20.62342112564641,0.6367749734800054,-4.1467964017395165,0.3625993132555884,0.3400000035762787,-0.0,3.3196088042281087,-0.0,3.4167232603293427,0.3400000035762787,-0.0,3.5048033928734834,0.3400000035762787,-0.0,3.5835911966392153,0.3400000035762787,-0.0,3.6510101223234743,0.3400000035762787,-85.5180801273703,0.0
1737,43.425000000000004,1.7576009801723628e+18,6.454717777946801,2.740615237189561,3.211799751654357,-0.12536888768478247,20.6306489499036,0.8732894414421849,-4.676665884027179,0.35452365346351633,0.3400000035762787,-0.0,3.211799751654357,-0.0,3.3196088042281087,0.3400000035762787,-0.0,3.4167232603293427,0.3400000035762787,-0.0,3.5048033928734834,0.3400000035762787,-0.0,3.5835911966392153,0.3400000035762787,-82.77490326026407,0.0
1738,43.45,1.7576009801973627e+18,6.438783713596731,2.826199042092951,3.090290230272165,-0.13891367418833836,20.640244924980138,1.140732716349178,-5.310608622031364,0.34469582596758885,0.3400000035762787,-0.0,3.090290230272165,-0.0,3.211799751654357,0.3400000035762787,-0.0,3.3196088042281087,0.3400000035762787,-0.0,3.4167232603293427,0.3400000035762787,-0.0,3.5048033928734834,0.3400000035762787,-79.86521808563514,0.0
1739,43.475,1.757600980222363e+18,6.416621061094375,2.932944615376744,2.9516303143585563,-0.17815983255836063,20.67093501400808,1.4061949871963253,-6.051423204487567,0.33699789290451465,0.3400000035762787,-0.0,2.9516303143585563,-0.0,3.090290230272165,0.3400000035762787,-0.0,3.211799751654357,0.3400000035762787,-0.0,3.3196088042281087,0.3400000035762787,-0.0,3.4167232603293427,0.3400000035762787,-76.26745081987013,0.0
1740,43.5,1.7576009802473628e+18,6.414744587011443,3.019833181830316,2.7928742959386446,-0.2377182393755214,20.733054574748913,1.63465880857688,-6.862428959030268,0.3331033385811727,0.3400000035762787,-0.0,2.7928742959386446,-0.0,2.9516303143585563,0.3400000035762787,-0.0,3.090290230272165,0.3400000035762787,-0.0,3.211799751654357,0.3400000035762787,-0.0,3.3196088042281087,0.3400000035762787,-72.4068933169005,0.0
1741,43.525000000000006,1.7576009802723628e+18,6.399396792675468,3.0784888417953846,2.6124834554505902,-0.3074239847928388,20.760935787454677,1.7975947319807186,-7.6698454135414655,0.33283620186644053,0.3400000035762787,-0.0,2.6124834554505902,-0.0,2.7928742959386446,0.3400000035762787,-0.0,2.9516303143585563,0.3400000035762787,-0.0,3.090290230272165,0.3400000035762787,-0.0,3.211799751654357,0.3400000035762787,-68.23253302390388,0.0
1742,43.550000000000004,1.757600980297363e+18,6.386137476259485,3.1382244984252727,2.411179691041083,-0.3760541263514886,20.789045478240418,1.8793170229236686,-8.375371335341367,0.3349379444228365,0.3400000035762787,-0.0,2.411179691041083,-0.0,2.6124834554505902,0.3400000035762787,-0.0,2.7928742959386446,0.3400000035762787,-0.0,2.9516303143585563,0.3400000035762787,-0.0,3.090290230272165,0.3400000035762787,-64.14981213820758,0.0
1743,43.575,1.757600980322363e+18,6.366251542077766,3.2063871077997144,2.192599270378471,-0.43496206285736627,20.861439606359465,1.8793890557857114,-8.876118656260571,0.3378711673240075,0.3400000035762787,-0.0,2.192599270378471,-0.0,2.411179691041083,0.3400000035762787,-0.0,2.6124834554505902,0.3400000035762787,-0.0,2.7928742959386446,0.3400000035762787,-0.0,2.9516303143585563,0.3400000035762787,-60.36382659255272,0.0
1744,43.6,1.7576009803473628e+18,6.355835544677919,3.259002382555799,1.9633875362671207,-0.48021265813922664,20.918345211337964,1.810933195549531,-9.087100546491527,0.3404060783489947,0.3400000035762787,-0.0,1.9633875362671207,-0.0,2.192599270378471,0.3400000035762787,-0.0,2.411179691041083,0.3400000035762787,-0.0,2.6124834554505902,0.3400000035762787,-0.0,2.7928742959386446,0.3400000035762787,-58.75880626122355,0.0
1745,43.625,1.7576009803723628e+18,6.333742106370821,3.3158157024848345,1.7324468408251976,-0.5125349766903791,20.96862832873097,1.6959288279377054,-8.960693267232134,0.34189183617655533,0.3400000035762787,-0.0,1.7324468408251976,-0.0,1.9633875362671207,0.3400000035762787,-0.0,2.192599270378471,0.3400000035762787,-0.0,2.411179691041083,0.3400000035762787,-0.0,2.6124834554505902,0.3400000035762787,-58.36112401739272,0.0
1746,43.650000000000006,1.7576009803973627e+18,6.313919003869904,3.366790849436442,1.5094575536963697,-0.5353478963951562,21.013744320922502,1.559237069797104,-8.498128963911435,0.34224637827779325,0.3400000035762787,-0.0,1.5094575536963697,-0.0,1.7324468408251976,0.3400000035762787,-0.0,1.9633875362671207,0.3400000035762787,-0.0,2.192599270378471,0.3400000035762787,-0.0,2.411179691041083,0.3400000035762787,-58.46146958123666,0.0
1747,43.675000000000004,1.757600980422363e+18,6.301930480420836,3.406808793757577,1.3031872767168786,-0.5519265823172687,21.06013538102291,1.4230925939529795,-7.750015912013114,0.34177235255112914,0.3400000035762787,-0.0,1.3031872767168786,-0.0,1.5094575536963697,0.3400000035762787,-0.0,1.7324468408251976,0.3400000035762787,-0.0,1.9633875362671207,0.3400000035762787,-0.0,2.192599270378471,0.3400000035762787,-58.70209878174747,0.0
1748,43.7,1.7576009804473628e+18,6.2887330822670044,3.43228153075843,1.1201477930755426,-0.563080440563204,21.091276404471582,1.3032189796978273,-6.805634160532907,0.34092078451120555,0.3400000035762787,-0.0,1.1201477930755426,-0.0,1.3031872767168786,0.3400000035762787,-0.0,1.5094575536963697,0.3400000035762787,-0.0,1.7324468408251976,0.3400000035762787,-0.0,1.9633875362671207,0.3400000035762787,-59.01373356453346,0.0
1749,43.725,1.7576009804723628e+18,6.274646530851596,3.4753993578063485,0.9638892836136523,-0.5663011380404652,21.118235245273432,1.2069442654700537,-5.773584766292999,0.34009544259533997,0.3400000035762787,-0.0,0.9638892836136523,-0.0,1.1201477930755426,0.3400000035762787,-0.0,1.3031872767168786,0.3400000035762787,-0.0,1.5094575536963697,0.3400000035762787,-0.0,1.7324468408251976,0.3400000035762787,-59.338227544867244,0.0
1750,43.75,1.757600980497363e+18,6.266740970449815,3.5149637585769438,0.834928803934181,-0.5565040366643355,21.135853155322955,1.1332305692170979,-4.758534893853814,0.33954393114597353,0.3400000035762787,1.2313607931137085,-0.3964319891795275,-0.0,0.9638892836136523,0.3400000035762787,-0.0,1.1201477930755426,0.3400000035762787,-0.0,1.3031872767168786,0.3400000035762787,-0.0,1.5094575536963697,0.3400000035762787,-60.8667815524495,0.0
1751,43.775000000000006,1.757600980522363e+18,6.249315597685335,3.5378957485748845,0.7311928050685319,-0.5277981702145016,21.16958038552037,1.0744837812223575,-3.8397602916181652,0.3393375802646421,0.3400000035762787,3.3523099422454834,-2.6211171371769515,1.2313607931137085,-0.3964319891795275,0.3400000035762787,-0.0,0.9638892836136523,0.3400000035762787,-0.0,1.1201477930755426,0.3400000035762787,-0.0,1.3031872767168786,0.3400000035762787,-64.4681879096064,0.0
1752,43.800000000000004,1.7576009805473628e+18,6.24210045164948,3.5534469739170875,0.6488713601270085,-0.47554083262503505,21.185944196328876,1.0199477696400894,-3.056725532565768,0.33941377482814067,0.3400000035762787,4.0,-3.3511286398729916,3.3523099422454834,-2.6211171371769515,0.3400000035762787,1.2313607931137085,-0.3964319891795275,0.3400000035762787,-0.0,0.9638892836136523,0.3400000035762787,-0.0,1.1201477930755426,0.3400000035762787,-68.66458847490543,0.0
1753,43.825,1.7576009805723628e+18,6.227891610265038,3.570966769854268,0.5835796324265882,-0.3981913389765924,21.21231671677384,0.9600043781551919,-2.405179217306417,0.3396446008976986,0.3400000035762787,4.0,-3.4164203675734117,4.0,-3.3511286398729916,0.3400000035762787,3.3523099422454834,-2.6211171371769515,0.3400000035762787,1.2313607931137085,-0.3964319891795275,0.3400000035762787,-0.0,0.9638892836136523,0.3400000035762787,-72.8141025673491,0.0
1754,43.85,1.7576009805973627e+18,6.207815305829091,3.6116819113606153,0.5316199027037817,-0.29874053831548153,21.24309000626179,0.8900146982943665,-1.8445812009499525,0.3399007593572255,0.3400000035762787,4.0,-3.4683800972962184,4.0,-3.4164203675734117,0.3400000035762787,4.0,-3.3511286398729916,0.3400000035762787,3.3523099422454834,-2.6211171371769515,0.3400000035762787,1.2313607931137085,-0.3964319891795275,0.3400000035762787,-76.92652644843379,0.0
1755,43.875,1.757600980622363e+18,6.181308764380672,3.62229354558199,0.49101439389375845,-0.18538063380207295,21.26991611960989,0.8122170662519068,-1.314744491026365,0.3400925638559796,0.3400000035762787,4.0,-3.5089856061062417,4.0,-3.4683800972962184,0.3400000035762787,4.0,-3.4164203675734117,0.3400000035762787,4.0,-3.3511286398729916,0.3400000035762787,3.3523099422454834,-2.6211171371769515,0.3400000035762787,-81.01006746552937,0.0
1756,43.900000000000006,1.7576009806473628e+18,6.176116697233381,3.628257419763315,0.46197594688883575,-0.07079811454201652,21.279391902150063,0.7350443319639902,-0.7571046959252581,0.340183625945501,0.3400000035762787,4.0,-3.5380240531111644,4.0,-3.5089856061062417,0.3400000035762787,4.0,-3.4683800972962184,0.3400000035762787,4.0,-3.4164203675734117,0.3400000035762787,4.0,-3.3511286398729916,0.3400000035762787,-85.06745559188049,0.0
1757,43.925000000000004,1.7576009806723628e+18,6.158722868813946,3.6164580881017847,0.44663534857755327,0.030357933492952228,21.296203772259155,0.6704220689523547,-0.13472106224076444,0.340182907676845,0.3400000035762787,4.0,-3.553364651422447,4.0,-3.5380240531111644,0.3400000035762787,4.0,-3.5089856061062417,0.3400000035762787,4.0,-3.4683800972962184,0.3400000035762787,4.0,-3.4164203675734117,0.3400000035762787,-89.09409811628217,0.0
1758,43.95,1.757600980697363e+18,6.149613403118329,3.625649323519824,0.4480708793068618,0.10542916564481361,21.311214298575422,0.6302434343593641,0.5545876321458856,0.3401254314153824,0.3400000035762787,4.0,-3.551929120693138,4.0,-3.553364651422447,0.3400000035762787,4.0,-3.5380240531111644,0.3400000035762787,4.0,-3.5089856061062417,0.3400000035762787,4.0,-3.4683800972962184,0.3400000035762787,-93.07834879643607,0.0
1759,43.975,1.757600980722363e+18,6.139629134793196,3.628527514618895,0.4689127605755426,0.14768744785658844,21.330017386731456,0.6231371696908407,1.2756512005170502,0.3400516785807159,0.3400000035762787,4.0,-3.5310872394244575,4.0,-3.551929120693138,0.3400000035762787,4.0,-3.553364651422447,0.3400000035762787,4.0,-3.5380240531111644,0.3400000035762787,4.0,-3.5089856061062417,0.3400000035762787,-97.00375790398246,0.0
1760,44.0,1.7576009807473628e+18,6.131614961347656,3.6358202495543135,0.5099747067637683,0.15837930295860544,21.345122023391806,0.6523214097167097,1.9645418821209728,0.33999248052361053,0.3400000035762787,4.0,-3.490025293236232,4.0,-3.5310872394244575,0.3400000035762787,4.0,-3.551929120693138,0.3400000035762787,4.0,-3.553364651422447,0.3400000035762787,4.0,-3.5380240531111644,0.3400000035762787,-99.38591077732464,0.0
1761,44.025000000000006,1.7576009807723628e+18,6.122991567656866,3.643337362840032,0.5694123010693318,0.1456278552038893,21.358323523390226,0.715026389559564,2.5457396779462513,0.33996211759939476,0.3400000035762787,4.0,-3.430587698930668,4.0,-3.490025293236232,0.3400000035762787,4.0,-3.5310872394244575,0.3400000035762787,4.0,-3.551929120693138,0.3400000035762787,4.0,-3.553364651422447,0.3400000035762787,-99.7337139665796,0.0
1762,44.050000000000004,1.7576009807973627e+18,6.113655725987679,3.65126305250111,0.6427413213498878,0.12053518494845565,21.37128336426903,0.8035822159028455,2.9527991813184387,0.339958970504939,0.3400000035762787,3.882460117340088,-3.2397187959902,4.0,-3.430587698930668,0.3400000035762787,4.0,-3.490025293236232,0.3400000035762787,4.0,-3.5310872394244575,0.3400000035762787,4.0,-3.551929120693138,0.3400000035762787,-99.27843469787415,0.0
1763,44.075,1.757600980822363e+18,6.099793297252584,3.6531386122788834,0.7237072840390617,0.09247106548539612,21.391768722498878,0.9077690169783336,3.1465680510833107,0.3399711443450019,0.3400000035762787,3.8235158920288086,-3.099808607989747,3.882460117340088,-3.2397187959902,0.3400000035762787,4.0,-3.430587698930668,0.3400000035762787,4.0,-3.490025293236232,0.3400000035762787,4.0,-3.5310872394244575,0.3400000035762787,-98.67117018743146,0.0
1764,44.1,1.7576009808473628e+18,6.085838722103262,3.6607037552489774,0.8056594404044004,0.06602086554067992,21.40743195601678,1.0175913710477635,3.1259468624069258,0.3399839879273136,0.3400000035762787,3.705627202987671,-2.8999677625832705,3.8235158920288086,-3.099808607989747,0.3400000035762787,3.882460117340088,-3.2397187959902,0.3400000035762787,4.0,-3.430587698930668,0.3400000035762787,4.0,-3.490025293236232,0.3400000035762787,-97.86661942226496,0.0
1765,44.125,1.7576009808723628e+18,6.086814059472617,3.654248875652233,0.882935986232883,0.04096661411330701,21.43937778427947,1.125500105157827,2.9285648318937567,0.33998688883152445,0.3400000035762787,3.705627202987671,-2.8226912167547877,3.705627202987671,-2.8999677625832705,0.3400000035762787,3.8235158920288086,-3.099808607989747,0.3400000035762787,3.882460117340088,-3.2397187959902,0.3400000035762787,4.0,-3.430587698930668,0.3400000035762787,-97.00413134371964,0.0
1766,44.150000000000006,1.757600980897363e+18,6.066595491203043,3.66928619243688,0.9518588610713651,0.0148037823341081,21.483579409385236,1.2273733742539084,2.6217428723745635,0.3399775766870134,0.3400000035762787,3.5879130363464355,-2.6360541752750706,3.705627202987671,-2.8226912167547877,0.3400000035762787,3.705627202987671,-2.8999677625832705,0.3400000035762787,3.8235158920288086,-3.099808607989747,0.3400000035762787,3.882460117340088,-3.2397187959902,0.3400000035762787,-95.9913203850034,0.0
1767,44.175000000000004,1.757600980922363e+18,6.054476787617233,3.6771763630498193,1.0111580811723564,-0.014061678940239056,21.50493324173221,1.3221865027504214,2.286759373316072,0.3399630202459557,0.3400000035762787,3.528968572616577,-2.5178104914442208,3.5879130363464355,-2.6360541752750706,0.3400000035762787,3.705627202987671,-2.8226912167547877,0.3400000035762787,3.705627202987671,-2.8999677625832705,0.3400000035762787,3.8235158920288086,-3.099808607989747,0.3400000035762787,-94.91154904114742,0.0
1768,44.2,1.7576009809473628e+18,6.022949898633351,3.698355112527768,1.061851933391547,-0.04439729271790232,21.55467371376308,1.4108802922468757,2.000970491698098,0.3399567365484129,0.3400000035762787,3.4110798835754395,-2.3492279501838924,3.528968572616577,-2.5178104914442208,0.3400000035762787,3.5879130363464355,-2.6360541752750706,0.3400000035762787,3.705627202987671,-2.8226912167547877,0.3400000035762787,3.705627202987671,-2.8999677625832705,0.3400000035762787,-93.7256354565137,0.0
1769,44.225,1.7576009809723628e+18,6.020292465864552,3.6999585984094128,1.1067222564883676,-0.07246947178474963,21.559423046304378,1.4951115962605006,1.8224410061377245,0.33997303280143365,0.3400000035762787,3.293365716934204,-2.1866434604458362,3.4110798835754395,-2.3492279501838924,0.3400000035762787,3.528968572616577,-2.5178104914442208,0.3400000035762787,3.5879130363464355,-2.6360541752750706,0.3400000035762787,3.705627202987671,-2.8226912167547877,0.3400000035762787,-92.44605755916207,0.0
1770,44.25,1.7576009809973627e+18,5.970626643785211,3.726173654982,1.1495455131189538,-0.09420267326654297,21.620041542709973,1.5763408565075616,1.7805548276291838,0.3400195094847553,0.3400000035762787,3.1754770278930664,-2.0259315147741126,3.293365716934204,-2.1866434604458362,0.3400000035762787,3.4110798835754395,-2.3492279501838924,0.3400000035762787,3.528968572616577,-2.5178104914442208,0.3400000035762787,3.5879130363464355,-2.6360541752750706,0.3400000035762787,-91.07677153098766,0.0
1771,44.275000000000006,1.757600981022363e+18,5.951961203833488,3.734720135632855,1.1942237518181786,-0.10782155627269344,21.649635362172546,1.6553907111991357,1.8740852474204157,0.34009006015694154,0.3400000035762787,3.0575883388519287,-1.86336458703375,3.1754770278930664,-2.0259315147741126,0.3400000035762787,3.293365716934204,-2.1866434604458362,0.3400000035762787,3.4110798835754395,-2.3492279501838924,0.3400000035762787,3.528968572616577,-2.5178104914442208,0.3400000035762787,-89.61475774917254,0.0
1772,44.300000000000004,1.7576009810473628e+18,5.912838501023083,3.7457019524969617,1.2439623965133533,-0.11551083127915768,21.70299825301705,1.732412695866743,2.0760615534931737,0.34016134021974415,0.3400000035762787,2.9988183975219727,-1.7548560010086194,3.0575883388519287,-1.86336458703375,0.3400000035762787,3.1754770278930664,-2.0259315147741126,0.3400000035762787,3.293365716934204,-2.1866434604458362,0.3400000035762787,3.4110798835754395,-2.3492279501838924,0.3400000035762787,-88.11107797432365,0.0
1773,44.325,1.7576009810723628e+18,5.888073263302374,3.755555938666068,1.300664395397873,-0.12324321830021756,21.742834855783027,1.8071203763748267,2.3430872383011563,0.3401957313877989,0.3400000035762787,2.9398741722106934,-1.6392097768128204,2.9988183975219727,-1.7548560010086194,0.3400000035762787,3.0575883388519287,-1.86336458703375,0.3400000035762787,3.1754770278930664,-2.0259315147741126,0.3400000035762787,3.293365716934204,-2.1866434604458362,0.3400000035762787,-86.5548883680489,0.0
1774,44.35,1.757600981097363e+18,5.866016466593703,3.764884067369101,1.3646949093658658,-0.13884193216107962,21.766522321453163,1.879138340110838,2.625978622990926,0.34015263551493047,0.3400000035762787,2.880929946899414,-1.5162350375335483,2.9398741722106934,-1.6392097768128204,0.3400000035762787,2.9988183975219727,-1.7548560010086194,0.3400000035762787,3.0575883388519287,-1.86336458703375,0.3400000035762787,3.1754770278930664,-2.0259315147741126,0.3400000035762787,-84.93502718269139,0.0
1775,44.375,1.757600981122363e+18,5.829797390153761,3.7771442746350647,1.4350751587939778,-0.16908241020757264,21.821225362766526,1.9483344538223144,2.878847005503178,0.3400071982999588,0.3400000035762787,2.7630412578582764,-1.3279660990642985,2.880929946899414,-1.5162350375335483,0.3400000035762787,2.9398741722106934,-1.6392097768128204,0.3400000035762787,2.9988183975219727,-1.7548560010086194,0.3400000035762787,3.0575883388519287,-1.86336458703375,0.3400000035762787,-83.18241037286786,0.0
1776,44.400000000000006,1.7576009811473628e+18,5.763326472225827,3.79235534865528,1.5100014461366222,-0.21693297394917732,21.916969301472662,2.014970329667879,3.0648590358527468,0.3397716270216887,0.3400000035762787,2.5863826274871826,-1.0763811813505604,2.7630412578582764,-1.3279660990642985,0.3400000035762787,2.880929946899414,-1.5162350375335483,0.3400000035762787,2.9398741722106934,-1.6392097768128204,0.3400000035762787,2.9988183975219727,-1.7548560010086194,0.3400000035762787,-81.23009501317021,0.0
1777,44.425000000000004,1.7576009811723628e+18,5.757506863732605,3.7939479436836905,1.5874205107472725,-0.2799106098976969,21.925641870119367,2.0794562079416563,3.158413632063053,0.3395103137937469,0.3400000035762787,2.5274384021759038,-0.9400178914286312,2.5863826274871826,-1.0763811813505604,0.3400000035762787,2.7630412578582764,-1.3279660990642985,0.3400000035762787,2.880929946899414,-1.5162350375335483,0.3400000035762787,2.9398741722106934,-1.6392097768128204,0.3400000035762787,-79.19024481161489,0.0
1778,44.45,1.7576009811973627e+18,5.710470835280999,3.8031470335132713,1.665351152127556,-0.35015387716547053,21.971816681567255,2.141674161466203,3.1447758584719083,0.339337947094341,0.3400000035762787,2.468493938446045,-0.803142786318489,2.5274384021759038,-0.9400178914286312,0.3400000035762787,2.5863826274871826,-1.0763811813505604,0.3400000035762787,2.7630412578582764,-1.3279660990642985,0.3400000035762787,2.880929946899414,-1.5162350375335483,0.3400000035762787,-77.06060568387632,0.0
1779,44.475,1.757600981222363e+18,5.646997050340222,3.819540809503418,1.7418276953485785,-0.41630564010990534,22.049954764135578,2.200306509491739,3.018817414325308,0.33939184314895643,0.3400000035762787,2.468493938446045,-0.7266662430974664,2.468493938446045,-0.803142786318489,0.3400000035762787,2.5274384021759038,-0.9400178914286312,0.3400000035762787,2.5863826274871826,-1.0763811813505604,0.3400000035762787,2.7630412578582764,-1.3279660990642985,0.3400000035762787,-74.90192228109991,0.0
1780,44.5,1.7576009812473628e+18,5.6283899521536505,3.8212654391044616,1.814651942916379,-0.4667001320270394,22.073712647235617,2.2528826335233876,2.7842545873874007,0.33977726059758845,0.3400000035762787,2.468493938446045,-0.6538419955296659,2.468493938446045,-0.7266662430974664,0.3400000035762787,2.468493938446045,-0.803142786318489,0.3400000035762787,2.5274384021759038,-0.9400178914286312,0.3400000035762787,2.5863826274871826,-1.0763811813505604,0.3400000035762787,-72.72059194130125,0.0
1781,44.525000000000006,1.7576009812723628e+18,5.532901614687195,3.8178064868213593,1.8813009464269168,-0.49280705312641615,22.185116160706887,2.296817097814603,2.45386987624865,0.3404969884275202,0.3400000035762787,2.409723997116089,-0.5284230506891721,2.468493938446045,-0.6538419955296659,0.3400000035762787,2.468493938446045,-0.7266662430974664,0.3400000035762787,2.468493938446045,-0.803142786318489,0.3400000035762787,2.5274384021759038,-0.9400178914286312,0.3400000035762787,-70.46869692170168,0.0
1782,44.550000000000004,1.757600981297363e+18,5.532901614687195,3.8178064868213593,1.9391988859419746,-0.49169545204786325,22.185116160706887,2.330868334138335,2.0501586055938334,0.34139076785918676,0.3400000035762787,2.3507797718048096,-0.4115808858628349,2.409723997116089,-0.5284230506891721,0.3400000035762787,2.468493938446045,-0.6538419955296659,0.3400000035762787,2.468493938446045,-0.7266662430974664,0.3400000035762787,2.468493938446045,-0.803142786318489,0.3400000035762787,-68.16026390277277,0.0
1783,44.575,1.757600981322363e+18,5.472112534105258,3.80397588193897,1.9862659287693747,-0.46663989606459716,22.26687492203866,2.3560391377817855,1.605188362463933,0.34212010764452766,0.3400000035762787,2.3507797718048096,-0.3645138430354349,2.3507797718048096,-0.4115808858628349,0.3400000035762787,2.409723997116089,-0.5284230506891721,0.3400000035762787,2.468493938446045,-0.6538419955296659,0.3400000035762787,2.468493938446045,-0.7266662430974664,0.3400000035762787,-65.86988917192284,0.0
1784,44.6,1.7576009813473628e+18,5.400919822693295,3.800602789090472,2.021465989506898,-0.4257560867793671,22.326421822984273,2.375288424969561,1.1584968634429644,0.34223235864692414,0.3400000035762787,2.3507797718048096,-0.32931378229791175,2.3507797718048096,-0.3645138430354349,0.3400000035762787,2.3507797718048096,-0.4115808858628349,0.3400000035762787,2.409723997116089,-0.5284230506891721,0.3400000035762787,2.468493938446045,-0.6538419955296659,0.3400000035762787,-63.61257147081625,0.0
1785,44.625,1.7576009813723628e+18,5.358132090296261,3.782589296046512,2.045104135651927,-0.37931033538840736,22.378558660678575,2.3921647364841205,0.7525346041903143,0.34131854396961364,0.3400000035762787,2.291835308074951,-0.24673117242302434,2.3507797718048096,-0.32931378229791175,0.3400000035762787,2.3507797718048096,-0.3645138430354349,0.3400000035762787,2.3507797718048096,-0.4115808858628349,0.3400000035762787,2.409723997116089,-0.5284230506891721,0.3400000035762787,-61.34210309121475,0.0
1786,44.650000000000006,1.7576009813973627e+18,5.320496501241793,3.773061980824085,2.058786928563208,-0.33673868960686915,22.424294525875595,2.4091152518563637,0.42615588789453085,0.33924162162550003,0.3400000035762787,2.291835308074951,-0.23304837951174306,2.291835308074951,-0.24673117242302434,0.3400000035762787,2.3507797718048096,-0.32931378229791175,0.3400000035762787,2.3507797718048096,-0.3645138430354349,0.3400000035762787,2.3507797718048096,-0.4115808858628349,0.3400000035762787,-59.12725104732185,0.0
1787,44.675000000000004,1.757600981422363e+18,5.256244045248437,3.7399218137180847,2.0651118339137877,-0.3043795512428114,22.496118971509926,2.4264173612297837,0.20755801581707406,0.33636340373784623,0.3400000035762787,2.291835308074951,-0.22672347416116345,2.291835308074951,-0.23304837951174306,0.3400000035762787,2.291835308074951,-0.24673117242302434,0.3400000035762787,2.3507797718048096,-0.32931378229791175,0.3400000035762787,2.3507797718048096,-0.3645138430354349,0.3400000035762787,-56.975240191722,0.0
1788,44.7,1.7576009814473628e+18,5.218420038819758,3.7267660234866193,2.0672174392593803,-0.2846038918445414,22.54176277689,2.44231226168834,0.10853777679866625,0.3336567592461181,0.3400000035762787,2.291835308074951,-0.2246178688155709,2.291835308074951,-0.22672347416116345,0.3400000035762787,2.291835308074951,-0.23304837951174306,0.3400000035762787,2.291835308074951,-0.24673117242302434,0.3400000035762787,2.3507797718048096,-0.32931378229791175,0.3400000035762787,-54.8916109364494,0.0
1789,44.725,1.7576009814723628e+18,5.129630204908546,3.68288688003509,2.0683064660475687,-0.276503467471442,22.63499832031372,2.454228974060853,0.12183541699579771,0.3325790642994795,0.3400000035762787,2.291835308074951,-0.22352884202738244,2.291835308074951,-0.2246178688155709,0.3400000035762787,2.291835308074951,-0.22672347416116345,0.3400000035762787,2.291835308074951,-0.23304837951174306,0.3400000035762787,2.291835308074951,-0.24673117242302434,0.3400000035762787,-52.8812479824206,0.0
1790,44.75,1.757600981497363e+18,5.059056340962167,3.626488634970749,2.0712022778096157,-0.27767581476012015,22.72185849730507,2.460376114032809,0.2227054110463735,0.3346256467018836,0.3400000035762787,2.291835308074951,-0.22063303026533543,2.291835308074951,-0.22352884202738244,0.3400000035762787,2.291835308074951,-0.2246178688155709,0.3400000035762787,2.291835308074951,-0.22672347416116345,0.3400000035762787,2.291835308074951,-0.23304837951174306,0.3400000035762787,-50.949217430508455,0.0
1791,44.775000000000006,1.757600981522363e+18,5.040595704466058,3.615366558547497,2.0779738138773562,-0.2862086864680666,22.746907854035353,2.460798473227606,0.3748486694414674,0.34058700894529764,0.3400000035762787,2.291835308074951,-0.21386149419759493,2.291835308074951,-0.22063303026533543,0.3400000035762787,2.291835308074951,-0.22352884202738244,0.3400000035762787,2.291835308074951,-0.2246178688155709,0.3400000035762787,2.291835308074951,-0.22672347416116345,0.3400000035762787,-49.10137030827755,0.0
1792,44.800000000000004,1.7576009815473628e+18,4.986796222102871,3.567195923457392,2.0896764355823487,-0.30195142329025326,22.82909442118884,2.457425948955458,0.5396900990103064,0.34968365377858324,0.3400000035762787,2.409723997116089,-0.32004756153374014,2.291835308074951,-0.21386149419759493,0.3400000035762787,2.291835308074951,-0.22063303026533543,0.3400000035762787,2.291835308074951,-0.22352884202738244,0.3400000035762787,2.291835308074951,-0.2246178688155709,0.3400000035762787,-47.46267836014648,0.0
1793,44.825,1.7576009815723628e+18,4.920602931979682,3.516630536726397,2.106282565900841,-0.3265119400225492,22.928853086528534,2.4534014392955483,0.6869568840094443,0.3588976074459696,0.3400000035762787,2.468493938446045,-0.36221137254520386,2.409723997116089,-0.32004756153374014,0.3400000035762787,2.291835308074951,-0.21386149419759493,0.3400000035762787,2.291835308074951,-0.22063303026533543,0.3400000035762787,2.291835308074951,-0.22352884202738244,0.3400000035762787,-46.04120257399937,0.0
1794,44.85,1.7576009815973627e+18,4.892714275952734,3.459991030465968,2.126883667470813,-0.36196724782170175,22.974580658307836,2.452348717005603,0.8038880774403871,0.36288447670032387,0.3400000035762787,2.5274384021759038,-0.4005547347050906,2.468493938446045,-0.36221137254520386,0.3400000035762787,2.409723997116089,-0.32004756153374014,0.3400000035762787,2.291835308074951,-0.21386149419759493,0.3400000035762787,2.291835308074951,-0.22063303026533543,0.3400000035762787,-44.78850233758108,0.0
1795,44.875,1.757600981622363e+18,4.878810740923493,3.4457835174803413,2.1502009274624467,-0.4089056855295845,22.997509262575146,2.457885924712467,0.9004251136330891,0.3547570539699131,0.3400000035762787,2.5274384021759038,-0.37723747471345703,2.5274384021759038,-0.4005547347050906,0.3400000035762787,2.468493938446045,-0.36221137254520386,0.3400000035762787,2.409723997116089,-0.32004756153374014,0.3400000035762787,2.291835308074951,-0.21386149419759493,0.3400000035762787,-43.656247436758484,0.0
1796,44.900000000000006,1.7576009816473628e+18,4.817480062328488,3.387255304193037,2.1753311347860254,-0.4648649015684599,23.109960140384157,2.473097546317946,1.0085059834495993,0.3277458464795671,0.3400000035762787,2.5274384021759038,-0.3521072673898784,2.5274384021759038,-0.37723747471345703,0.3400000035762787,2.5274384021759038,-0.4005547347050906,0.3400000035762787,2.468493938446045,-0.36221137254520386,0.3400000035762787,2.409723997116089,-0.32004756153374014,0.3400000035762787,-42.65399727438746,0.0
1797,44.925000000000004,1.7576009816723628e+18,4.803764920758463,3.3701686462151303,2.202517654344602,-0.5240681529209502,23.136195091696205,2.499470207740424,1.1750072932142719,0.27732386934954584,0.3400000035762787,2.5274384021759038,-0.32492074783130187,2.5274384021759038,-0.3521072673898784,0.3400000035762787,2.5274384021759038,-0.37723747471345703,0.3400000035762787,2.5274384021759038,-0.4005547347050906,0.3400000035762787,2.468493938446045,-0.36221137254520386,0.3400000035762787,-41.78751671734095,0.0
1798,44.95,1.757600981697363e+18,4.78274793261173,3.343222763096301,2.233661662842288,-0.5785712826728614,23.170506688295724,2.5350617724230395,1.449600369681978,0.20302892302835837,0.2649052739143371,2.645326852798462,-0.41166518995617407,2.5274384021759038,-0.32492074783130187,0.3400000035762787,2.5274384021759038,-0.3521072673898784,0.3400000035762787,2.5274384021759038,-0.37723747471345703,0.3400000035762787,2.5274384021759038,-0.4005547347050906,0.3400000035762787,-41.173136961381985,0.0
1799,44.975,1.757600981722363e+18,4.748019852007011,3.2871282501917825,2.272335650192475,-0.6201731173623709,23.246359630781573,2.5722525552667936,1.8702973292027851,0.10920480603754543,-0.0,2.9988183975219727,-0.7264827473294977,2.645326852798462,-0.41166518995617407,0.2649052739143371,2.5274384021759038,-0.32492074783130187,0.3400000035762787,2.5274384021759038,-0.3521072673898784,0.3400000035762787,2.5274384021759038,-0.37723747471345703,0.3400000035762787,-41.03412755830764,0.0
1800,45.0,1.7576009817473628e+18,4.7175868352597545,3.217426265063082,2.3232140499821434,-0.6423045417075852,23.32723512142797,2.596121861197191,2.45025601632624,0.004329402776886811,-0.0,3.646857261657715,-1.3236432116755714,2.9988183975219727,-0.7264827473294977,-0.0,2.645326852798462,-0.41166518995617407,0.2649052739143371,2.5274384021759038,-0.32492074783130187,0.3400000035762787,2.5274384021759038,-0.3521072673898784,0.3400000035762787,-41.63982563519097,0.0
1801,45.025000000000006,1.7576009817723628e+18,4.701849190695686,3.1606607361270327,2.3910320373735474,-0.6413950254831868,23.384036383858938,2.584793490399107,3.169194663699699,-0.10078975118195484,-0.0,3.8235158920288086,-1.4324838546552612,3.646857261657715,-1.3236432116755714,-0.0,2.9988183975219727,-0.7264827473294977,-0.0,2.645326852798462,-0.41166518995617407,0.2649052739143371,2.5274384021759038,-0.32492074783130187,0.3400000035762787,-42.481134516393205,0.0
1802,45.050000000000004,1.7576009817973627e+18,4.680392966489736,3.09653363780416,2.4793457740143956,-0.617434682080411,23.442690236741438,2.512537128043328,3.9715911513691733,-0.1953533738129573,-0.244864210486412,4.0,-1.5206542259856044,3.8235158920288086,-1.4324838546552612,-0.0,3.646857261657715,-1.3236432116755714,-0.0,2.9988183975219727,-0.7264827473294977,-0.0,2.645326852798462,-0.41166518995617407,0.2649052739143371,-43.51089869186448,0.0
1803,45.075,1.757600981822363e+18,4.658359001966768,3.0285752927029232,2.589428032045699,-0.5736040793130733,23.52293101761873,2.3552379761272433,4.772106609942126,-0.2708690433404946,-0.3249840140342712,4.0,-1.4105719679543012,4.0,-1.5206542259856044,-0.244864210486412,3.8235158920288086,-1.4324838546552612,-0.0,3.646857261657715,-1.3236432116755714,-0.0,2.9988183975219727,-0.7264827473294977,-0.0,-44.50202218829669,0.0
1804,45.1,1.7576009818473628e+18,4.657073944836212,2.9681620667699056,2.719583081291953,-0.5151214333068403,23.586613886927555,2.0967443661805656,5.466970656776911,-0.3228830114428067,-0.3400000035762787,4.0,-1.2804169187080472,4.0,-1.4105719679543012,-0.3249840140342712,4.0,-1.5206542259856044,-0.244864210486412,3.8235158920288086,-1.4324838546552612,-0.0,3.646857261657715,-1.3236432116755714,-0.0,-45.40711800337865,0.0
1805,45.125,1.7576009818723628e+18,4.646045149149032,2.919470102786023,2.865049072471324,-0.4476966276195059,23.640870452622437,1.7340863468505536,5.9489369081549155,-0.3516301926022467,-0.3400000035762787,4.0,-1.134950927528676,4.0,-1.2804169187080472,-0.3400000035762787,4.0,-1.4105719679543012,-0.3249840140342712,4.0,-1.5206542259856044,-0.244864210486412,3.8235158920288086,-1.4324838546552612,-0.0,-46.18858417664179,0.0
1806,45.150000000000006,1.757600981897363e+18,4.655890043867484,2.8303968640083648,3.0185035637336752,-0.37599101052664563,23.687966169984737,1.2798271397360081,6.123124661960971,-0.3613543622166751,-0.3400000035762787,4.0,-0.9814964362663248,4.0,-1.134950927528676,-0.3400000035762787,4.0,-1.2804169187080472,-0.3400000035762787,4.0,-1.4105719679543012,-0.3249840140342712,4.0,-1.5206542259856044,-0.244864210486412,-46.82340599198275,0.0
1807,45.175000000000004,1.757600981922363e+18,4.67598182840462,2.7124021544662966,3.171004544625585,-0.30244063857756953,23.72285466912187,0.7607178510377373,5.921484175758904,-0.3585879758311205,-0.3400000035762787,4.0,-0.828995455374415,4.0,-0.9814964362663248,-0.3400000035762787,4.0,-1.134950927528676,-0.3400000035762787,4.0,-1.2804169187080472,-0.3400000035762787,4.0,-1.4105719679543012,-0.3249840140342712,-47.30522931658247,0.0
1808,45.2,1.7576009819473628e+18,4.680662927757933,2.660270761021664,3.3130451245283625,-0.22687982714017121,23.725680462357808,0.2129243298314256,5.314334060093042,-0.3501039976337881,-0.3400000035762787,4.0,-0.6869548754716375,4.0,-0.828995455374415,-0.3400000035762787,4.0,-0.9814964362663248,-0.3400000035762787,4.0,-1.134950927528676,-0.3400000035762787,4.0,-1.2804169187080472,-0.3400000035762787,-47.643580483711524,0.0
1809,45.225,1.7576009819723628e+18,4.687419968838248,2.597079146661901,3.435407035739181,-0.14733131922907267,23.74846511952271,-0.32497460734095757,4.3179371647044515,-0.3412715729605333,-0.3400000035762787,4.0,-0.564592964260819,4.0,-0.6869548754716375,-0.3400000035762787,4.0,-0.828995455374415,-0.3400000035762787,4.0,-0.9814964362663248,-0.3400000035762787,4.0,-1.134950927528676,-0.3400000035762787,-47.86099955204673,0.0
1810,45.25,1.7576009819973627e+18,4.704138838433401,2.510835193161248,3.5297343572580706,-0.06177363278178829,23.739877447930596,-0.8193653870231831,2.997162032721493,-0.33523512371252445,-0.3400000035762787,4.0,-0.4702656427419294,4.0,-0.564592964260819,-0.3400000035762787,4.0,-0.6869548754716375,-0.3400000035762787,4.0,-0.828995455374415,-0.3400000035762787,4.0,-0.9814964362663248,-0.3400000035762787,-47.98933277117429,0.0
1811,45.275000000000006,1.757600982022363e+18,4.727449480148571,2.430124296981952,3.5890598688807933,0.03009035114270513,23.69819326384105,-1.2473148294901641,1.4620962899141339,-0.33294043611645935,-0.3400000035762787,4.0,-0.4109401311192067,4.0,-0.4702656427419294,-0.3400000035762787,4.0,-0.564592964260819,-0.3400000035762787,4.0,-0.6869548754716375,-0.3400000035762787,4.0,-0.828995455374415,-0.3400000035762787,-48.066219840180906,0.0
1812,45.300000000000004,1.7576009820473628e+18,4.740314676886442,2.3611120291163936,3.6086105412291234,0.12631019204868088,23.68519646814385,-1.599128504735347,-0.1424410842178175,-0.3337459518212241,-0.3400000035762787,3.5879130363464355,0.020697504882687845,4.0,-0.4109401311192067,-0.3400000035762787,4.0,-0.4702656427419294,-0.3400000035762787,4.0,-0.564592964260819,-0.3400000035762787,4.0,-0.6869548754716375,-0.3400000035762787,-47.72000791356652,0.0
1813,45.325,1.7576009820723628e+18,4.770174919762862,2.1410685907958404,3.586957236270718,0.2239746820166833,23.556718647290438,-1.8773765117425156,-1.6546613331868636,-0.33625318891343586,-0.3400000035762787,3.116532802581787,0.47042443368893094,3.5879130363464355,0.020697504882687845,-0.3400000035762787,4.0,-0.4109401311192067,-0.3400000035762787,4.0,-0.4702656427419294,-0.3400000035762787,4.0,-0.564592964260819,-0.3400000035762787,-46.9317828936083,0.0
1814,45.35,1.757600982097363e+18,4.770174919762862,2.1410685907958404,3.5271218554485726,0.3216324127491264,23.556718647290438,-2.0931164644283453,-2.919199396552975,-0.3390412443038428,-0.3400000035762787,3.0575883388519287,0.4695335165966439,3.116532802581787,0.47042443368893094,-0.3400000035762787,3.5879130363464355,0.020697504882687845,-0.3400000035762787,4.0,-0.4109401311192067,-0.3400000035762787,4.0,-0.4702656427419294,-0.3400000035762787,-46.15107954688939,0.0
1815,45.375,1.757600982122363e+18,4.778025925804465,2.091412629334609,3.4369595637636148,0.4212823402732917,23.535114919380703,-2.2607744706437014,-3.81225623185007,-0.34112544346581597,-0.3400000035762787,2.9398741722106934,0.4970853915529214,3.0575883388519287,0.4695335165966439,-0.3400000035762787,3.116532802581787,0.47042443368893094,-0.3400000035762787,3.5879130363464355,0.020697504882687845,-0.3400000035762787,4.0,-0.4109401311192067,-0.3400000035762787,-45.34926399217545,0.0
1816,45.400000000000006,1.7576009821473628e+18,4.78218533659528,2.0247110335934964,3.328271806128778,0.5284758469057869,23.485321537185904,-2.3934502115157597,-4.262948747820724,-0.34210577225035665,-0.3400000035762787,2.9398741722106934,0.3883976339180846,2.9398741722106934,0.4970853915529214,-0.3400000035762787,3.0575883388519287,0.4695335165966439,-0.3400000035762787,3.116532802581787,0.47042443368893094,-0.3400000035762787,3.5879130363464355,0.020697504882687845,-0.3400000035762787,-44.66369653839344,0.0
1817,45.425000000000004,1.7576009821723628e+18,4.79343513676907,1.8852512768586955,3.2146620159883126,0.6500490505125155,23.406930650157697,-2.5000951579284916,-4.2652645824842805,-0.3420763507429923,-0.3400000035762787,2.9398741722106934,0.2747878437776192,2.9398741722106934,0.3883976339180846,-0.3400000035762787,2.9398741722106934,0.4970853915529214,-0.3400000035762787,3.0575883388519287,0.4695335165966439,-0.3400000035762787,3.116532802581787,0.47042443368893094,-0.3400000035762787,-44.101220874326884,0.0
1818,45.45,1.7576009821973627e+18,4.764276947271568,1.8461799377011192,3.1087857635469045,0.790258899522431,23.329986340207046,-2.584962863768694,-3.876983100575522,-0.3414135796532789,-0.3400000035762787,2.9398741722106934,0.16891159133621114,2.9398741722106934,0.2747878437776192,-0.3400000035762787,2.9398741722106934,0.3883976339180846,-0.3400000035762787,2.9398741722106934,0.4970853915529214,-0.3400000035762787,3.0575883388519287,0.4695335165966439,-0.3400000035762787,-43.65572523836715,0.0
1819,45.475,1.757600982222363e+18,4.762963812060003,1.7508353585177971,3.019969005848152,0.9470823269706242,23.259661348940227,-2.648545388532589,-3.205429276187291,-0.340554252883242,-0.3400000035762787,2.9398741722106934,0.0800948336374585,2.9398741722106934,0.16891159133621114,-0.3400000035762787,2.9398741722106934,0.2747878437776192,-0.3400000035762787,2.9398741722106934,0.3883976339180846,-0.3400000035762787,2.9398741722106934,0.4970853915529214,-0.3400000035762787,-43.31047482424694,0.0
1820,45.5,1.7576009822473628e+18,4.742801670101902,1.5651897257601028,2.9529925439279476,1.1106459002963394,23.142687001857496,-2.6888328267451507,-2.383725059105826,-0.33983673316662233,-0.3400000035762787,2.9398741722106934,0.013118371717254274,2.9398741722106934,0.0800948336374585,-0.3400000035762787,2.9398741722106934,0.16891159133621114,-0.3400000035762787,2.9398741722106934,0.2747878437776192,-0.3400000035762787,2.9398741722106934,0.3883976339180846,-0.3400000035762787,-43.04241428785166,0.0
1821,45.525000000000006,1.7576009822723628e+18,4.742801670101902,1.5651897257601028,2.9082833920240567,1.264774257525286,23.142687001857496,-2.7023623357603537,-1.543846893783399,-0.33943155834955263,-0.3400000035762787,2.9398741722106934,-0.031590780186636636,2.9398741722106934,0.013118371717254274,-0.3400000035762787,2.9398741722106934,0.0800948336374585,-0.3400000035762787,2.9398741722106934,0.16891159133621114,-0.3400000035762787,2.9398741722106934,0.2747878437776192,-0.3400000035762787,-42.827244142728766,0.0
1822,45.550000000000004,1.757600982297363e+18,4.706025392534447,1.479343799917037,2.883135061446105,1.3909499876228633,23.04606234297744,-2.68534860118836,-0.7933187343144716,-0.3393501435299329,-0.3400000035762787,2.9398741722106934,-0.056739110764588485,2.9398741722106934,-0.031590780186636636,-0.3400000035762787,2.9398741722106934,0.013118371717254274,-0.3400000035762787,2.9398741722106934,0.0800948336374585,-0.3400000035762787,2.9398741722106934,0.16891159133621114,-0.3400000035762787,-42.643868179620455,0.0
1823,45.575,1.757600982322363e+18,4.684381284385488,1.421264556234359,2.8732556605570068,1.4729718190836496,23.02483459170419,-2.6353030034222997,-0.20069529033860006,-0.3394999573086851,-0.3400000035762787,2.9988183975219727,-0.1255627369649659,2.9398741722106934,-0.056739110764588485,-0.3400000035762787,2.9398741722106934,-0.031590780186636636,-0.3400000035762787,2.9398741722106934,0.013118371717254274,-0.3400000035762787,2.9398741722106934,0.0800948336374585,-0.3400000035762787,-42.53607675489241,0.0
1824,45.6,1.7576009823473628e+18,4.658202609161872,1.343964403073651,2.874061809755095,1.5010015902786271,22.959807773159653,-2.5528915243426944,0.2080890896574168,-0.3397516152304028,-0.3400000035762787,3.0575883388519287,-0.18352652909683353,2.9988183975219727,-0.1255627369649659,-0.3400000035762787,2.9398741722106934,-0.056739110764588485,-0.3400000035762787,2.9398741722106934,-0.031590780186636636,-0.3400000035762787,2.9398741722106934,0.013118371717254274,-0.3400000035762787,-42.49505160184023,0.0
1825,45.625,1.7576009823723628e+18,4.591460730837283,1.196782736756013,2.881497876554866,1.4745135019531048,22.805704670121703,-2.4431304233296194,0.44368876132412255,-0.33999232967844917,-0.3400000035762787,3.116532802581787,-0.2350349260269211,3.0575883388519287,-0.18352652909683353,-0.3400000035762787,2.9988183975219727,-0.1255627369649659,-0.3400000035762787,2.9398741722106934,-0.056739110764588485,-0.3400000035762787,2.9398741722106934,-0.031590780186636636,-0.3400000035762787,-42.5173838626951,0.0
1826,45.650000000000006,1.7576009823973627e+18,4.576254948841346,1.169296462078671,2.8924300639148157,1.4036191241559608,22.774698569513617,-2.315145181660424,0.5411490803446766,-0.34015393351843737,-0.3400000035762787,3.116532802581787,-0.2241027386669714,3.116532802581787,-0.2350349260269211,-0.3400000035762787,3.0575883388519287,-0.18352652909683353,-0.3400000035762787,2.9988183975219727,-0.1255627369649659,-0.3400000035762787,2.9398741722106934,-0.056739110764588485,-0.3400000035762787,-42.54278617773127,0.0
1827,45.675000000000004,1.757600982422363e+18,4.534510317625015,1.1066122988970235,2.9047268884668656,1.3076480425760073,22.713587839682898,-2.180558065980754,0.5458935041551074,-0.3402162092839748,-0.3400000035762787,3.116532802581787,-0.21180591411492156,3.116532802581787,-0.2241027386669714,-0.3400000035762787,3.116532802581787,-0.2350349260269211,-0.3400000035762787,3.0575883388519287,-0.18352652909683353,-0.3400000035762787,2.9988183975219727,-0.1255627369649659,-0.3400000035762787,-42.56894056400135,0.0
1828,45.7,1.7576009824473628e+18,4.498288067523654,1.0585528921702123,2.9171184834850123,1.2102494958632313,22.660803478468054,-2.0513215138515433,0.5016399205854724,-0.3401940188451854,-0.3400000035762787,3.1754770278930664,-0.25835854440805406,3.116532802581787,-0.21180591411492156,-0.3400000035762787,3.116532802581787,-0.2241027386669714,-0.3400000035762787,3.116532802581787,-0.2350349260269211,-0.3400000035762787,3.0575883388519287,-0.18352652909683353,-0.3400000035762787,-42.648947056537594,0.0
1829,45.725,1.7576009824723628e+18,4.466408373508108,1.0153175998741697,2.928937846543048,1.1321682695681987,22.64130227015864,-1.9378661458507116,0.4424736741645898,-0.3401189484769279,-0.3400000035762787,3.293365716934204,-0.3644278703911561,3.1754770278930664,-0.25835854440805406,-0.3400000035762787,3.116532802581787,-0.21180591411492156,-0.3400000035762787,3.116532802581787,-0.2241027386669714,-0.3400000035762787,3.116532802581787,-0.2350349260269211,-0.3400000035762787,-43.00813985762033,0.0
1830,45.75,1.757600982497363e+18,4.416283443984235,0.9609354549033298,2.9398671235080713,1.0846823030846826,22.58217645130043,-1.8479626993755223,0.38958081364799035,-0.3400240406456564,-0.3400000035762787,3.293365716934204,-0.35349859342613277,3.293365716934204,-0.3644278703911561,-0.3400000035762787,3.1754770278930664,-0.25835854440805406,-0.3400000035762787,3.116532802581787,-0.21180591411492156,-0.3400000035762787,3.116532802581787,-0.2241027386669714,-0.3400000035762787,-43.631973535785335,0.0
1831,45.775000000000006,1.757600982522363e+18,4.297142776413343,0.8408898797419297,2.9497841821896995,1.0666061239703342,22.483754914948157,-1.7862846831105603,0.3518056941073707,-0.3399357892761247,-0.3400000035762787,3.293365716934204,-0.3435815347445046,3.293365716934204,-0.35349859342613277,-0.3400000035762787,3.293365716934204,-0.3644278703911561,-0.3400000035762787,3.1754770278930664,-0.25835854440805406,-0.3400000035762787,3.116532802581787,-0.21180591411492156,-0.3400000035762787,-47.15525508767736,0.0
1832,45.800000000000004,1.7576009825473628e+18,4.297142776413343,0.8408898797419297,2.95871922946468,1.065830355900902,22.483754914948157,-1.7545545230145791,0.32854412988917914,-0.33987305569537085,-0.3400000035762787,3.293365716934204,-0.3346464874695241,3.293365716934204,-0.3435815347445046,-0.3400000035762787,3.293365716934204,-0.35349859342613277,-0.3400000035762787,3.293365716934204,-0.3644278703911561,-0.3400000035762787,3.1754770278930664,-0.25835854440805406,-0.3400000035762787,-51.140911697470365,0.0
1833,45.825,1.7576009825723628e+18,4.233199021866327,0.805832907811193,2.966841447026,1.0642831328472782,22.455710828825563,-1.7521452597471237,0.31349441888887075,-0.3398494754045224,-0.3400000035762787,3.293365716934204,-0.32652426990820427,3.293365716934204,-0.3346464874695241,-0.3400000035762787,3.293365716934204,-0.3435815347445046,-0.3400000035762787,3.293365716934204,-0.35349859342613277,-0.3400000035762787,3.293365716934204,-0.3644278703911561,-0.3400000035762787,-55.05102716401778,0.0
1834,45.85,1.7576009825973627e+18,4.196639904788184,0.780555369436037,2.9743814553044383,1.0442834115615116,22.428557819891477,-1.7768602254860344,0.29820985231791836,-0.3398750339227342,-0.3400000035762787,3.293365716934204,-0.3189842616297658,3.293365716934204,-0.32652426990820427,-0.3400000035762787,3.293365716934204,-0.3346464874695241,-0.3400000035762787,3.293365716934204,-0.3435815347445046,-0.3400000035762787,3.293365716934204,-0.35349859342613277,-0.3400000035762787,-58.87481481852103,0.0
1835,45.875,1.757600982622363e+18,4.083292869752691,0.7081427418667507,2.9814767166737672,0.9944090191742515,22.341168167530277,-1.8254368226916877,0.27490676865499447,-0.3399537843683255,-0.3400000035762787,3.293365716934204,-0.31188900026043687,3.293365716934204,-0.3189842616297658,-0.3400000035762787,3.293365716934204,-0.32652426990820427,-0.3400000035762787,3.293365716934204,-0.3346464874695241,-0.3400000035762787,3.293365716934204,-0.3435815347445046,-0.3400000035762787,-62.60342707911081,0.0
1836,45.900000000000006,1.7576009826473628e+18,4.069773536581138,0.7000964828652574,2.988026885593379,0.9133886660421865,22.331765778326076,-1.8934298120951323,0.23835052841514628,-0.3400775222898456,-0.3400000035762787,3.293365716934204,-0.30533883134082496,3.293365716934204,-0.31188900026043687,-0.3400000035762787,3.293365716934204,-0.3189842616297658,-0.3400000035762787,3.293365716934204,-0.32652426990820427,-0.3400000035762787,3.293365716934204,-0.3346464874695241,-0.3400000035762787,-66.22837471467975,0.0
1837,45.925000000000004,1.7576009826723628e+18,3.9807439206803377,0.6670481418290093,2.993667073649965,0.810805825207086,22.269741116291456,-1.9746230842242436,0.18680525913620097,-0.3402185359709804,-0.3400000035762787,3.293365716934204,-0.299698643284239,3.293365716934204,-0.30533883134082496,-0.3400000035762787,3.293365716934204,-0.31188900026043687,-0.3400000035762787,3.293365716934204,-0.3189842616297658,-0.3400000035762787,3.293365716934204,-0.32652426990820427,-0.3400000035762787,-69.73987310961834,0.0
1838,45.95,1.757600982697363e+18,3.883685449256491,0.6481152689299972,2.9978886509444207,0.7040683715435628,22.200626250721623,-2.060683134392009,0.12207251539267548,-0.34032698079039986,-0.3400000035762787,3.293365716934204,-0.2954770659897834,3.293365716934204,-0.299698643284239,-0.3400000035762787,3.293365716934204,-0.30533883134082496,-0.3400000035762787,3.293365716934204,-0.31188900026043687,-0.3400000035762787,3.293365716934204,-0.3189842616297658,-0.3400000035762787,-73.12564040588029,0.0
1839,45.975,1.757600982722363e+18,3.825651247743393,0.631367272204792,3.0002323662492327,0.6125319560378596,22.16266201509117,-2.1418797800478635,0.04868682419353266,-0.34033868880071977,-0.3400000035762787,3.234421491622925,-0.23418912537369208,3.293365716934204,-0.2954770659897834,-0.3400000035762787,3.293365716934204,-0.299698643284239,-0.3400000035762787,3.293365716934204,-0.30533883134082496,-0.3400000035762787,3.293365716934204,-0.31188900026043687,-0.3400000035762787,-76.31145984561253,0.0
1840,46.0,1.7576009827473628e+18,3.715122149097847,0.5919944482849948,3.0004398266430448,0.5511247022238671,22.079212732069763,-2.2090885548267574,-0.027542080825906486,-0.3401964536306474,-0.3400000035762787,3.234421491622925,-0.23398166497988004,3.234421491622925,-0.23418912537369208,-0.3400000035762787,3.293365716934204,-0.2954770659897834,-0.3400000035762787,3.293365716934204,-0.299698643284239,-0.3400000035762787,3.293365716934204,-0.30533883134082496,-0.3400000035762787,-79.33831580653106,0.0
1841,46.025000000000006,1.7576009827723628e+18,3.636727561554489,0.5718126914636563,2.9984999750285617,0.5260010636001798,22.02243845465059,-2.2563114990516286,-0.10127094063879266,-0.33988206163313056,-0.3400000035762787,3.234421491622925,-0.2359215165943631,3.234421491622925,-0.23398166497988004,-0.3400000035762787,3.234421491622925,-0.23418912537369208,-0.3400000035762787,3.293365716934204,-0.2954770659897834,-0.3400000035762787,3.293365716934204,-0.299698643284239,-0.3400000035762787,-82.186720778576,0.0
1842,46.050000000000004,1.7576009827973627e+18,3.593907456422619,0.5790396524080308,2.994607128328173,0.5334672439795723,21.985884664377963,-2.2824128736457507,-0.1691361499970357,-0.3394489147432017,-0.3400000035762787,3.1754770278930664,-0.1808698995648932,3.234421491622925,-0.2359215165943631,-0.3400000035762787,3.234421491622925,-0.23398166497988004,-0.3400000035762787,3.234421491622925,-0.23418912537369208,-0.3400000035762787,3.293365716934204,-0.2954770659897834,-0.3400000035762787,-84.77877036918198,0.0
1843,46.075,1.757600982822363e+18,3.5342309087369514,0.5716323662059373,2.989081791788447,0.5619273698490872,21.941324961340403,-2.2911508603723165,-0.23052405112141902,-0.3390387500267296,-0.3400000035762787,3.1754770278930664,-0.1863952361046195,3.1754770278930664,-0.1808698995648932,-0.3400000035762787,3.234421491622925,-0.2359215165943631,-0.3400000035762787,3.234421491622925,-0.23398166497988004,-0.3400000035762787,3.234421491622925,-0.23418912537369208,-0.3400000035762787,-87.15776487566508,0.0
1844,46.1,1.7576009828473628e+18,3.404849654845898,0.5653940836374218,2.9822789665545955,0.5959084980942921,21.835434452157187,-2.2895537129587407,-0.28727676924529805,-0.33886436608911313,-0.3400000035762787,3.1754770278930664,-0.19319806133847095,3.1754770278930664,-0.1863952361046195,-0.3400000035762787,3.1754770278930664,-0.1808698995648932,-0.3400000035762787,3.234421491622925,-0.2359215165943631,-0.3400000035762787,3.234421491622925,-0.23398166497988004,-0.3400000035762787,-89.31435047327068,0.0
1845,46.125,1.7576009828723628e+18,3.3749405530372583,0.5636896586991409,2.9744748917419432,0.6210195360178632,21.81176067634981,-2.2854666178309735,-0.3423695466712927,-0.3391468071433567,-0.3400000035762787,3.116532802581787,-0.14205791083984387,3.1754770278930664,-0.19319806133847095,-0.3400000035762787,3.1754770278930664,-0.1863952361046195,-0.3400000035762787,3.1754770278930664,-0.1808698995648932,-0.3400000035762787,3.234421491622925,-0.2359215165943631,-0.3400000035762787,-91.18885522493571,0.0
1846,46.150000000000006,1.757600982897363e+18,3.2766180812265864,0.5759536727608703,2.9657431849301092,0.6284215388171188,21.741590142315452,-2.285250653846212,-0.39800461485151534,-0.3400114912244033,-0.3400000035762787,3.116532802581787,-0.15078961765167787,3.116532802581787,-0.14205791083984387,-0.3400000035762787,3.1754770278930664,-0.19319806133847095,-0.3400000035762787,3.1754770278930664,-0.1863952361046195,-0.3400000035762787,3.1754770278930664,-0.1808698995648932,-0.3400000035762787,-92.84910239628377,0.0
1847,46.175000000000004,1.757600982922363e+18,3.231673392624523,0.5788652536404686,2.955894748300268,0.6173266674076695,21.704718019183304,-2.292286530832947,-0.4538633992721719,-0.34137082059968005,-0.3400000035762787,3.116532802581787,-0.1606380542815189,3.116532802581787,-0.15078961765167787,-0.3400000035762787,3.116532802581787,-0.14205791083984387,-0.3400000035762787,3.1754770278930664,-0.19319806133847095,-0.3400000035762787,3.1754770278930664,-0.1863952361046195,-0.3400000035762787,-94.31292772728216,0.0
1848,46.2,1.7576009829473628e+18,3.170378272155732,0.5863861787167173,2.944578326686888,0.594687172414628,21.671152066928457,-2.3064936287291142,-0.5062900555372177,-0.3428435641539469,-0.3400000035762787,3.0575883388519287,-0.11301001216504059,3.116532802581787,-0.1606380542815189,-0.3400000035762787,3.116532802581787,-0.15078961765167787,-0.3400000035762787,3.116532802581787,-0.14205791083984387,-0.3400000035762787,3.1754770278930664,-0.19319806133847095,-0.3400000035762787,-95.54608553252274,0.0
1849,46.225,1.7576009829723628e+18,3.082071076447303,0.5993869400109118,2.931552059435747,0.5723047619398844,21.59711393859353,-2.324781405106246,-0.5488796938356031,-0.3437723841367121,-0.3400000035762787,3.0575883388519287,-0.12603627941618178,3.0575883388519287,-0.11301001216504059,-0.3400000035762787,3.116532802581787,-0.1606380542815189,-0.3400000035762787,3.116532802581787,-0.15078961765167787,-0.3400000035762787,3.116532802581787,-0.14205791083984387,-0.3400000035762787,-96.63601109555258,0.0
1850,46.25,1.7576009829973627e+18,2.999740333690339,0.6322845446285812,2.9169844019211038,0.5624308679624671,21.546638320460442,-2.342247612729648,-0.5743951039928743,-0.3433880921146918,-0.3400000035762787,3.0575883388519287,-0.14060393693082496,3.0575883388519287,-0.12603627941618178,-0.3400000035762787,3.0575883388519287,-0.11301001216504059,-0.3400000035762787,3.116532802581787,-0.1606380542815189,-0.3400000035762787,3.116532802581787,-0.15078961765167787,-0.3400000035762787,-96.38018304330387,0.0
1851,46.275000000000006,1.757600983022363e+18,2.931274529594343,0.6508577692860644,2.9015710046282552,0.5733174762108094,21.489178390701476,-2.353862293028513,-0.577357273714722,-0.3411250247040758,-0.3400000035762787,3.0575883388519287,-0.15601733422367348,3.0575883388519287,-0.14060393693082496,-0.3400000035762787,3.0575883388519287,-0.12603627941618178,-0.3400000035762787,3.0575883388519287,-0.11301001216504059,-0.3400000035762787,3.116532802581787,-0.1606380542815189,-0.3400000035762787,-93.91508324035058,0.0
1852,46.300000000000004,1.7576009830473628e+18,2.8728137157385936,0.683842824196963,2.8863598312640053,0.6062011696497572,21.432124405617223,-2.3561818772921654,-0.5563174781222752,-0.337019840113008,-0.3400000035762787,3.0575883388519287,-0.1712285075879234,3.0575883388519287,-0.15601733422367348,-0.3400000035762787,3.0575883388519287,-0.14060393693082496,-0.3400000035762787,3.0575883388519287,-0.12603627941618178,-0.3400000035762787,3.0575883388519287,-0.11301001216504059,-0.3400000035762787,-90.73518310806553,0.0
1853,46.325,1.7576009830723628e+18,2.7461716498755218,0.7344055530983531,2.872376720084642,0.6547790171620625,21.324964782137545,-2.3484929362738196,-0.5149015514978752,-0.33204524505026106,-0.3400000035762787,3.0575883388519287,-0.18521161876728653,3.0575883388519287,-0.1712285075879234,-0.3400000035762787,3.0575883388519287,-0.15601733422367348,-0.3400000035762787,3.0575883388519287,-0.14060393693082496,-0.3400000035762787,3.0575883388519287,-0.12603627941618178,-0.3400000035762787,-87.5039743592594,0.0
1854,46.35,1.757600983097363e+18,2.7461716498755218,0.7344055530983531,2.860260827766491,0.7072914293181565,21.324964782137545,-2.3329759301364503,-0.4612013474175614,-0.32817511619540773,-0.3400000035762787,2.9988183975219727,-0.1385575697554815,3.0575883388519287,-0.18521161876728653,-0.3400000035762787,3.0575883388519287,-0.1712285075879234,-0.3400000035762787,3.0575883388519287,-0.15601733422367348,-0.3400000035762787,3.0575883388519287,-0.14060393693082496,-0.3400000035762787,-84.17415183171867,0.0
1855,46.375,1.757600983122363e+18,2.639826875469508,0.8019340336900398,2.850082183717068,0.7502477756770695,21.228198953595964,-2.313912936152535,-0.40575437267093123,-0.3279896546359094,-0.3400000035762787,3.0575883388519287,-0.20750615513486093,2.9988183975219727,-0.1385575697554815,-0.3400000035762787,3.0575883388519287,-0.18521161876728653,-0.3400000035762787,3.0575883388519287,-0.1712285075879234,-0.3400000035762787,3.0575883388519287,-0.15601733422367348,-0.3400000035762787,-80.87267238074728,0.0
1856,46.400000000000006,1.7576009831473628e+18,2.5869191870420534,0.875202566785271,2.84139349524227,0.7723093781929947,21.174565510787364,-2.296297559453004,-0.3588894993478383,-0.33374059494949404,-0.3400000035762787,2.9988183975219727,-0.15742490227970274,3.0575883388519287,-0.20750615513486093,-0.3400000035762787,2.9988183975219727,-0.1385575697554815,-0.3400000035762787,3.0575883388519287,-0.18521161876728653,-0.3400000035762787,3.0575883388519287,-0.1712285075879234,-0.3400000035762787,-77.49207322991583,0.0
1857,46.425000000000004,1.7576009831723628e+18,2.5239520436144303,0.930608469661613,2.8334602295350777,0.767181158544085,21.08217687429745,-2.284346419053212,-0.32838459811536513,-0.34600815664544593,-0.3400000035762787,2.9988183975219727,-0.16535816798689495,2.9988183975219727,-0.15742490227970274,-0.3400000035762787,3.0575883388519287,-0.20750615513486093,-0.3400000035762787,2.9988183975219727,-0.1385575697554815,-0.3400000035762787,3.0575883388519287,-0.18521161876728653,-0.3400000035762787,-74.10406674648027,0.0
1858,46.45,1.7576009831973627e+18,2.490506912533156,0.9582903831293028,2.825552841968628,0.7350748688538075,21.0425454321338,-2.280440954726607,-0.31813180796796103,-0.3623449931498752,-0.3400000035762787,2.9988183975219727,-0.17326555555334444,2.9988183975219727,-0.16535816798689495,-0.3400000035762787,2.9988183975219727,-0.15742490227970274,-0.3400000035762787,3.0575883388519287,-0.20750615513486093,-0.3400000035762787,2.9988183975219727,-0.1385575697554815,-0.3400000035762787,-70.72540318134048,0.0
1859,46.475,1.757600983222363e+18,2.4197666218289675,1.0357454775772896,2.8171714011980105,0.6826635096282492,20.991880298218636,-2.2848856425155897,-0.3279949336787732,-0.37651548760522024,-0.3400000035762787,2.9398741722106934,-0.1227027710126829,2.9988183975219727,-0.17326555555334444,-0.3400000035762787,2.9988183975219727,-0.16535816798689495,-0.3400000035762787,2.9988183975219727,-0.15742490227970274,-0.3400000035762787,3.0575883388519287,-0.20750615513486093,-0.3400000035762787,-67.3170187129287,0.0
1860,46.5,1.7576009832473628e+18,2.401879772427958,1.0552072554176308,2.808112540676895,0.6213865458709408,20.970120500223942,-2.2964845379419065,-0.3545424574154291,-0.37896548384323675,-0.3400000035762787,2.880929946899414,-0.07281740622251887,2.9398741722106934,-0.1227027710126829,-0.3400000035762787,2.9988183975219727,-0.17326555555334444,-0.3400000035762787,2.9988183975219727,-0.16535816798689495,-0.3400000035762787,2.9988183975219727,-0.15742490227970274,-0.3400000035762787,-63.89981082591499,0.0
1861,46.525000000000006,1.7576009832723628e+18,2.354888579667028,1.145154262012917,2.7983804318048455,0.5641648456999949,20.9036415246463,-2.313478638126049,-0.3920897666918412,-0.358879829287962,-0.3400000035762787,2.880929946899414,-0.08254951509456854,2.880929946899414,-0.07281740622251887,-0.3400000035762787,2.9398741722106934,-0.1227027710126829,-0.3400000035762787,2.9988183975219727,-0.17326555555334444,-0.3400000035762787,2.9988183975219727,-0.16535816798689495,-0.3400000035762787,-60.55177264207889,0.0
1862,46.550000000000004,1.757600983297363e+18,2.3192600896374405,1.1931533729524424,2.788034474056711,0.5214139387173244,20.855090268142092,-2.3341452228635657,-0.43357527719530053,-0.30757988906001793,-0.3400000035762787,2.821985483169556,-0.03395100911284521,2.880929946899414,-0.08254951509456854,-0.3400000035762787,2.880929946899414,-0.07281740622251887,-0.3400000035762787,2.9398741722106934,-0.1227027710126829,-0.3400000035762787,2.9988183975219727,-0.17326555555334444,-0.3400000035762787,-57.346004855201535,0.0
1863,46.575,1.757600983322363e+18,2.251755033912864,1.2792507882861224,2.777088332894565,0.49801857511059705,20.75765723245562,-2.3564763543925595,-0.4711298929711949,-0.2222371427950062,-0.3400000035762787,2.821985483169556,-0.044897150274991304,2.821985483169556,-0.03395100911284521,-0.3400000035762787,2.880929946899414,-0.08254951509456854,-0.3400000035762787,2.880929946899414,-0.07281740622251887,-0.3400000035762787,2.9398741722106934,-0.1227027710126829,-0.3400000035762787,-54.29109339748678,0.0
1864,46.6,1.7576009833473628e+18,2.2363255151264765,1.3020170855478417,2.7655225185590884,0.492665022897975,20.732840096314604,-2.376750819068244,-0.49655624662227477,-0.10831116140321666,-0.1847706437110901,2.7630412578582764,0.0024812607008120047,2.821985483169556,-0.044897150274991304,-0.3400000035762787,2.821985483169556,-0.03395100911284521,-0.3400000035762787,2.880929946899414,-0.08254951509456854,-0.3400000035762787,2.880929946899414,-0.07281740622251887,-0.3400000035762787,-51.3886443742027,0.0
1865,46.625,1.7576009833723628e+18,2.190389369216277,1.448015252009169,2.7533986314193606,0.49962427219474337,20.616960600564973,-2.387387923665503,-0.5020925312225827,0.020751233751572756,-0.0,2.7630412578582764,-0.00964262643891578,2.7630412578582764,0.0024812607008120047,-0.1847706437110901,2.821985483169556,-0.044897150274991304,-0.3400000035762787,2.821985483169556,-0.03395100911284521,-0.3400000035762787,2.880929946899414,-0.08254951509456854,-0.3400000035762787,-48.575595783886826,0.0
1866,46.650000000000006,1.7576009833973627e+18,2.190389369216277,1.448015252009169,2.741010487802023,0.5117576796419815,20.616960600564973,-2.375125363928313,-0.4816945648726782,0.14695543336321013,0.2949520647525787,2.7630412578582764,-0.022030770056253424,2.7630412578582764,-0.00964262643891578,-0.0,2.7630412578582764,0.0024812607008120047,-0.1847706437110901,2.821985483169556,-0.044897150274991304,-0.3400000035762787,2.821985483169556,-0.03395100911284521,-0.3400000035762787,-45.96157237866801,0.0
1867,46.675000000000004,1.757600983422363e+18,2.1737995417046165,1.5144854208858454,2.7289807435818236,0.5230654035324139,20.548666404678656,-2.3209696767246597,-0.43270088520705724,0.2531500815359073,0.3400000035762787,2.7630412578582764,-0.034060514276452736,2.7630412578582764,-0.022030770056253424,0.2949520647525787,2.7630412578582764,-0.00964262643891578,-0.0,2.7630412578582764,0.0024812607008120047,-0.1847706437110901,2.821985483169556,-0.044897150274991304,-0.3400000035762787,-43.47782240150024,0.0
1868,46.7,1.7576009834473628e+18,2.1617093677546,1.5789574468893388,2.7182124943666977,0.5295718649521205,20.51474735435136,-2.2029960825117,-0.35735502010955905,0.3280676020381064,0.3400000035762787,2.7630412578582764,-0.044828763491578716,2.7630412578582764,-0.034060514276452736,0.3400000035762787,2.7630412578582764,-0.022030770056253424,0.2949520647525787,2.7630412578582764,-0.00964262643891578,-0.0,2.7630412578582764,0.0024812607008120047,-0.1847706437110901,-41.173423214807926,0.0
1869,46.725,1.7576009834723628e+18,2.1431740775428496,1.7039193084776816,2.7096591245964246,0.5283246104885725,20.405556679910983,-2.001750090896914,-0.26347726478435535,0.3689001930618306,0.3400000035762787,2.7630412578582764,-0.053382133261851816,2.7630412578582764,-0.044828763491578716,0.3400000035762787,2.7630412578582764,-0.034060514276452736,0.3400000035762787,2.7630412578582764,-0.022030770056253424,0.2949520647525787,2.7630412578582764,-0.00964262643891578,-0.0,-39.04016188762394,0.0
1870,46.75,1.757600983497363e+18,2.1343839928562662,1.7577862951959395,2.7039866151083176,0.515389743935408,20.35478069925583,-1.7064006378873255,-0.16373718627624387,0.3806647584869653,0.3400000035762787,2.7630412578582764,-0.05905464274995875,2.7630412578582764,-0.053382133261851816,0.3400000035762787,2.7630412578582764,-0.044828763491578716,0.3400000035762787,2.7630412578582764,-0.034060514276452736,0.3400000035762787,2.7630412578582764,-0.022030770056253424,0.2949520647525787,-37.073285015599794,0.0
1871,46.775000000000006,1.757600983522363e+18,2.140779813534614,1.8359668677489596,2.7012945860966715,0.48451773757143746,20.302189814523864,-1.319112666269273,-0.07343743476975559,0.37317017839735867,0.3400000035762787,2.7630412578582764,-0.061746671761604865,2.7630412578582764,-0.05905464274995875,0.3400000035762787,2.7630412578582764,-0.053382133261851816,0.3400000035762787,2.7630412578582764,-0.044828763491578716,0.3400000035762787,2.7630412578582764,-0.034060514276452736,0.3400000035762787,-35.27166710032765,0.0
1872,46.800000000000004,1.7576009835473628e+18,2.1400864968160915,1.8626757566170444,2.7010405966008757,0.42802425480776773,20.27870742961246,-0.8559617757283796,-0.007283840525491373,0.35721532319547383,0.3400000035762787,2.7630412578582764,-0.06200066125740067,2.7630412578582764,-0.061746671761604865,0.3400000035762787,2.7630412578582764,-0.05905464274995875,0.3400000035762787,2.7630412578582764,-0.053382133261851816,0.3400000035762787,2.7630412578582764,-0.044828763491578716,0.3400000035762787,-33.57881176057643,0.0
1873,46.825,1.7576009835723628e+18,2.1428770687354457,1.927214964239508,2.702188366863259,0.3401463795667555,20.25482344957644,-0.344392512929242,0.02396581234866126,0.34150894703234436,0.3400000035762787,2.7630412578582764,-0.06085289099501745,2.7630412578582764,-0.06200066125740067,0.3400000035762787,2.7630412578582764,-0.061746671761604865,0.3400000035762787,2.7630412578582764,-0.05905464274995875,0.3400000035762787,2.7630412578582764,-0.053382133261851816,0.3400000035762787,-32.000454874758624,0.0
1874,46.85,1.7576009835973627e+18,2.1466411634163425,1.9802930222942248,2.703487388744882,0.22135094719864573,20.222613823726302,0.18159630912458047,0.015994845556563265,0.33110311454160984,0.3400000035762787,2.7630412578582764,-0.05955386911339433,2.7630412578582764,-0.06085289099501745,0.3400000035762787,2.7630412578582764,-0.06200066125740067,0.3400000035762787,2.7630412578582764,-0.061746671761604865,0.3400000035762787,2.7630412578582764,-0.05905464274995875,0.3400000035762787,-30.54377370633847,0.0
1875,46.875,1.757600983622363e+18,2.1836956637129363,2.052720429540233,2.7037677511993103,0.08099562816630743,20.27329497880176,0.6871895848226209,-0.028142758799515485,0.3273680142205186,0.3400000035762787,2.7630412578582764,-0.059273506658966024,2.7630412578582764,-0.05955386911339433,0.3400000035762787,2.7630412578582764,-0.06085289099501745,0.3400000035762787,2.7630412578582764,-0.06200066125740067,0.3400000035762787,2.7630412578582764,-0.061746671761604865,0.3400000035762787,-29.275081113933137,0.0
1876,46.900000000000006,1.7576009836473628e+18,2.1920382546343458,2.1055548502956496,2.7021740517001334,-0.06375055726027376,20.262552666285515,1.142352104526851,-0.09885025580072258,0.32902124439103303,0.3400000035762787,2.7630412578582764,-0.060867206158143006,2.7630412578582764,-0.059273506658966024,0.3400000035762787,2.7630412578582764,-0.05955386911339433,0.3400000035762787,2.7630412578582764,-0.06085289099501745,0.3400000035762787,2.7630412578582764,-0.06200066125740067,0.3400000035762787,-28.259567138740717,0.0
1877,46.925000000000004,1.7576009836723628e+18,2.2259405569261377,2.21132767701454,2.6983009609176727,-0.19285434780529861,20.35031994329341,1.5263090689726422,-0.18222846380671873,0.33354993978543196,0.3400000035762787,2.7630412578582764,-0.06474029694060368,2.7630412578582764,-0.060867206158143006,0.3400000035762787,2.7630412578582764,-0.059273506658966024,0.3400000035762787,2.7630412578582764,-0.05955386911339433,0.3400000035762787,2.7630412578582764,-0.06085289099501745,0.3400000035762787,-27.384289544252688,0.0
1878,46.95,1.757600983697363e+18,2.233306173767887,2.2640059233539263,2.692212079004969,-0.29008972698450514,20.3736542697689,1.8299002337880559,-0.26301501540304384,0.33846574228152754,0.3400000035762787,2.7630412578582764,-0.07082917885330753,2.7630412578582764,-0.06474029694060368,0.3400000035762787,2.7630412578582764,-0.060867206158143006,0.3400000035762787,2.7630412578582764,-0.059273506658966024,0.3400000035762787,2.7630412578582764,-0.05955386911339433,0.3400000035762787,-26.651975936787508,0.0
1879,46.975,1.757600983722363e+18,2.2338874124389543,2.32674900934452,2.6843498832702783,-0.3482030478274791,20.421437005676303,2.0551549349260365,-0.3274197357316875,0.3420779546393318,0.3400000035762787,2.7630412578582764,-0.07869137458799802,2.7630412578582764,-0.07082917885330753,0.3400000035762787,2.7630412578582764,-0.06474029694060368,0.3400000035762787,2.7630412578582764,-0.060867206158143006,0.3400000035762787,2.7630412578582764,-0.059273506658966024,0.3400000035762787,-26.00400106827804,0.0
1880,47.0,1.7576009837473628e+18,2.240729287969386,2.39067955591163,2.6753853477631626,-0.370190067684617,20.462607705646256,2.2123769231845456,-0.365232407315594,0.3437285466955331,0.3400000035762787,2.7630412578582764,-0.08765591009511375,2.7630412578582764,-0.07869137458799802,0.3400000035762787,2.7630412578582764,-0.07082917885330753,0.3400000035762787,2.7630412578582764,-0.06474029694060368,0.3400000035762787,2.7630412578582764,-0.060867206158143006,0.3400000035762787,-25.437814982843488,0.0
1881,47.025000000000006,1.7576009837723628e+18,2.237972754986792,2.4756239307272905,2.6660751767572672,-0.36650003896700056,20.537061201118107,2.3160158769324064,-0.370917427600971,0.34361702903680286,0.3400000035762787,2.7630412578582764,-0.09696608110100913,2.7630412578582764,-0.08765591009511375,0.3400000035762787,2.7630412578582764,-0.07869137458799802,0.3400000035762787,2.7630412578582764,-0.07082917885330753,0.3400000035762787,2.7630412578582764,-0.06474029694060368,0.3400000035762787,-25.006358013255326,0.0
1882,47.050000000000004,1.7576009837973627e+18,2.231217645208172,2.5727806642623703,2.657166107287341,-0.3500325301637204,20.620244713316982,2.3808922194740476,-0.3437567691332871,0.3424219474863468,0.3400000035762787,2.7630412578582764,-0.10587515057093544,2.7630412578582764,-0.09696608110100913,0.3400000035762787,2.7630412578582764,-0.08765591009511375,0.3400000035762787,2.7630412578582764,-0.07869137458799802,0.3400000035762787,2.7630412578582764,-0.07082917885330753,0.3400000035762787,-24.700652277963425,0.0
1883,47.075,1.757600983822363e+18,2.2288295770485043,2.6261545414041554,2.649338377555721,-0.3314919369437268,20.668848450658597,2.4197848963982445,-0.28733185676783807,0.34091223148352784,0.3400000035762787,2.7630412578582764,-0.11370288030255526,2.7630412578582764,-0.10587515057093544,0.3400000035762787,2.7630412578582764,-0.09696608110100913,0.3400000035762787,2.7630412578582764,-0.08765591009511375,0.3400000035762787,2.7630412578582764,-0.07869137458799802,0.3400000035762787,-24.449841315230547,0.0
1884,47.1,1.7576009838473628e+18,2.2177349454582407,2.6654868147244453,2.6431606660657243,-0.31690769044683903,20.71716716339286,2.4424879364428187,-0.20869020439911798,0.3396734096757245,0.3400000035762787,2.7630412578582764,-0.11988059179255206,2.7630412578582764,-0.11370288030255526,0.3400000035762787,2.7630412578582764,-0.10587515057093544,0.3400000035762787,2.7630412578582764,-0.09696608110100913,0.3400000035762787,2.7630412578582764,-0.08765591009511375,0.3400000035762787,-24.24040812472519,0.0
1885,47.125,1.7576009838723628e+18,2.2066747426285547,2.744159908280755,2.6390406813593126,-0.3076855487136394,20.795663586921723,2.455790270685263,-0.11744708534681791,0.3389918420221955,0.3400000035762787,2.7630412578582764,-0.12400057649896379,2.7630412578582764,-0.11988059179255206,0.3400000035762787,2.7630412578582764,-0.11370288030255526,0.3400000035762787,2.7630412578582764,-0.10587515057093544,0.3400000035762787,2.7630412578582764,-0.09696608110100913,0.3400000035762787,-24.117677528801124,0.0
1886,47.150000000000006,1.757600983897363e+18,2.1676211582050176,2.832872135685498,2.6371719147043646,-0.3023559976114197,20.866130711899906,2.463734854610294,-0.02490389864965948,0.3388749831840206,0.3400000035762787,2.7630412578582764,-0.12586934315391174,2.7630412578582764,-0.12400057649896379,0.3400000035762787,2.7630412578582764,-0.11988059179255206,0.3400000035762787,2.7630412578582764,-0.11370288030255526,0.3400000035762787,2.7630412578582764,-0.10587515057093544,0.3400000035762787,-24.010498492443293,0.0
1887,47.175000000000004,1.757600983922363e+18,2.153451834261432,2.883681314671747,2.6374856259336767,-0.2987567865144604,20.917981428159884,2.467870794851561,0.056885800954404306,0.33915136850759087,0.3400000035762787,2.7630412578582764,-0.12555563192459962,2.7630412578582764,-0.12586934315391174,0.3400000035762787,2.7630412578582764,-0.12400057649896379,0.3400000035762787,2.7630412578582764,-0.11988059179255206,0.3400000035762787,2.7630412578582764,-0.11370288030255526,0.3400000035762787,-23.909330650206734,0.0
1888,47.2,1.7576009839473628e+18,2.1238312368122827,2.9284839523749464,2.6396225191172356,-0.29567503835924125,20.967812109759322,2.4676522846601445,0.11623705808196519,0.3395898467247492,0.3400000035762787,2.7630412578582764,-0.12341873874104081,2.7630412578582764,-0.12555563192459962,0.3400000035762787,2.7630412578582764,-0.12586934315391174,0.3400000035762787,2.7630412578582764,-0.12400057649896379,0.3400000035762787,2.7630412578582764,-0.11988059179255206,0.3400000035762787,-23.808131520132203,0.0
1889,47.225,1.7576009839723628e+18,2.094328329231093,3.002078947498238,2.642940649421485,-0.2935747783919763,21.04633544667625,2.4612808765843686,0.14323107971096458,0.33999377942676673,0.3400000035762787,2.7630412578582764,-0.12010060843679149,2.7630412578582764,-0.12341873874104081,0.3400000035762787,2.7630412578582764,-0.12555563192459962,0.3400000035762787,2.7630412578582764,-0.12586934315391174,0.3400000035762787,2.7630412578582764,-0.12400057649896379,0.3400000035762787,-23.70470328654161,0.0
1890,47.25,1.7576009839973627e+18,2.0681253433362468,3.0346778117018776,2.6465719023150283,-0.29454397566329604,21.08304990972021,2.447021466384384,0.1313435992211512,0.34024995755532483,0.3400000035762787,2.7630412578582764,-0.11646935554324811,2.7630412578582764,-0.12010060843679149,0.3400000035762787,2.7630412578582764,-0.12341873874104081,0.3400000035762787,2.7630412578582764,-0.12555563192459962,0.3400000035762787,2.7630412578582764,-0.12586934315391174,0.3400000035762787,-23.600539611819524,0.0
1891,47.275000000000006,1.757600984022363e+18,2.031292204612373,3.102881092629911,2.649528759933513,-0.3017962542384115,21.159400582872756,2.42461341791273,0.07907878107664981,0.3403334940047455,0.3400000035762787,2.7630412578582764,-0.11351249792476326,2.7630412578582764,-0.11646935554324811,0.3400000035762787,2.7630412578582764,-0.12010060843679149,0.3400000035762787,2.7630412578582764,-0.12341873874104081,0.3400000035762787,2.7630412578582764,-0.12555563192459962,0.3400000035762787,-23.50019061554669,0.0
1892,47.300000000000004,1.7576009840473628e+18,1.981842477550187,3.160579865639389,2.6508464365336017,-0.31896036499000674,21.223014841178433,2.3962228139990973,-0.008777051772984693,0.34028318456819073,0.3400000035762787,2.7630412578582764,-0.11219482132467462,2.7630412578582764,-0.11351249792476326,0.3400000035762787,2.7630412578582764,-0.11646935554324811,0.3400000035762787,2.7630412578582764,-0.12010060843679149,0.3400000035762787,2.7630412578582764,-0.12341873874104081,0.3400000035762787,-23.292337875337626,0.0
1893,47.325,1.7576009840723628e+18,1.9244465733358875,3.229980871324233,2.649732032179213,-0.34916572052449213,21.31169431301637,2.366528420230437,-0.12074778100854329,0.34016573114419996,0.3400000035762787,2.7630412578582764,-0.11330922567906354,2.7630412578582764,-0.11219482132467462,0.3400000035762787,2.7630412578582764,-0.11351249792476326,0.3400000035762787,2.7630412578582764,-0.11646935554324811,0.3400000035762787,2.7630412578582764,-0.12010060843679149,0.3400000035762787,-23.043435728471486,0.0
1894,47.35,1.757600984097363e+18,1.9081178541902697,3.240678084584537,2.6456978529763977,-0.3938577922293115,21.31755608188978,2.3418218424914414,-0.2395219366116515,0.3400440255477885,0.3400000035762787,2.7630412578582764,-0.11734340488187867,2.7630412578582764,-0.11330922567906354,0.3400000035762787,2.7630412578582764,-0.11219482132467462,0.3400000035762787,2.7630412578582764,-0.11351249792476326,0.3400000035762787,2.7630412578582764,-0.11646935554324811,0.3400000035762787,-22.760224398648273,0.0
1895,47.375,1.757600984122363e+18,1.834433107007707,3.312951489814205,2.638673554753782,-0.45152576264273303,21.40944132592381,2.3282915770527364,-0.34427845754328584,0.33995800322822395,0.3400000035762787,2.7630412578582764,-0.12436770310449452,2.7630412578582764,-0.11734340488187867,0.3400000035762787,2.7630412578582764,-0.11330922567906354,0.3400000035762787,2.7630412578582764,-0.11219482132467462,0.3400000035762787,2.7630412578582764,-0.11351249792476326,0.3400000035762787,-22.50735462703931,0.0
1896,47.400000000000006,1.7576009841473628e+18,1.7963741376711622,3.348297938877203,2.629090276126097,-0.5169101612916436,21.46517222275466,2.329942593784892,-0.41434095653978403,0.3399197271885914,0.3400000035762787,2.7630412578582764,-0.13395098173217956,2.7630412578582764,-0.12436770310449452,0.3400000035762787,2.7630412578582764,-0.11734340488187867,0.3400000035762787,2.7630412578582764,-0.11330922567906354,0.3400000035762787,2.7630412578582764,-0.11219482132467462,0.3400000035762787,-22.289198341381613,0.0
1897,47.425000000000004,1.7576009841723628e+18,1.7029856693761842,3.4135672705726634,2.6179038546432603,-0.5813346698429487,21.557896247050028,2.3468403756837506,-0.43358500253715565,0.33991947332600164,0.3400000035762787,2.7630412578582764,-0.14513740321501611,2.7630412578582764,-0.13395098173217956,0.3400000035762787,2.7630412578582764,-0.12436770310449452,0.3400000035762787,2.7630412578582764,-0.11734340488187867,0.3400000035762787,2.7630412578582764,-0.11330922567906354,0.3400000035762787,-22.109414996765327,0.0
1898,47.45,1.7576009841973627e+18,1.7029856693761842,3.4135672705726634,2.6065099991553287,-0.6343932054651777,21.557896247050028,2.3744286863987916,-0.3946298875316976,0.33993736446592776,0.3400000035762787,2.7630412578582764,-0.1565312587029477,2.7630412578582764,-0.14513740321501611,0.3400000035762787,2.7630412578582764,-0.13395098173217956,0.3400000035762787,2.7630412578582764,-0.12436770310449452,0.3400000035762787,2.7630412578582764,-0.11734340488187867,0.3400000035762787,-21.8542810655121,0.0
1899,47.475,1.757600984222363e+18,1.6221623449335605,3.464749908204801,2.5965275803021544,-0.6666174400732693,21.659123385539573,2.404436807721183,-0.3016453895456289,0.339955166421746,0.3400000035762787,2.7630412578582764,-0.166513677556122,2.7630412578582764,-0.1565312587029477,0.3400000035762787,2.7630412578582764,-0.14513740321501611,0.3400000035762787,2.7630412578582764,-0.13395098173217956,0.3400000035762787,2.7630412578582764,-0.12436770310449452,0.3400000035762787,-21.294311995738724,0.0
1900,47.5,1.7576009842473628e+18,1.59936578089006,3.4774942042451134,2.5894718561330134,-0.6723115329337599,21.68274641419896,2.427330606843354,-0.17072839347979593,0.3399643237372322,0.3400000035762787,2.7630412578582764,-0.17356940172526292,2.7630412578582764,-0.166513677556122,0.3400000035762787,2.7630412578582764,-0.1565312587029477,0.3400000035762787,2.7630412578582764,-0.14513740321501611,0.3400000035762787,2.7630412578582764,-0.13395098173217956,0.3400000035762787,-20.144238185788417,0.0
1901,47.525000000000006,1.7576009842723628e+18,1.5468731766684858,3.506839911205609,2.586383423586326,-0.651553368696919,21.737142080649654,2.435514609923613,-0.02730397091410169,0.3399682843527673,0.3400000035762787,2.7630412578582764,-0.17665783427195025,2.7630412578582764,-0.17356940172526292,0.3400000035762787,2.7630412578582764,-0.166513677556122,0.3400000035762787,2.7630412578582764,-0.1565312587029477,0.3400000035762787,2.7630412578582764,-0.14513740321501611,0.3400000035762787,-18.888412165405107,0.0
1902,47.550000000000004,1.757600984297363e+18,1.4797120159830564,3.5163353333457463,2.5875105290221057,-0.6104457411965964,21.80427523921213,2.4259915806715537,0.09919993144468935,0.33997905298491476,0.3400000035762787,2.7630412578582764,-0.1755307288361707,2.7630412578582764,-0.17665783427195025,0.3400000035762787,2.7630412578582764,-0.17356940172526292,0.3400000035762787,2.7630412578582764,-0.166513677556122,0.3400000035762787,2.7630412578582764,-0.1565312587029477,0.3400000035762787,-17.54328866825567,0.0
1903,47.575,1.757600984322363e+18,1.3929619007429477,3.54552523483856,2.592153238730532,-0.5592395573677463,21.910553251110862,2.4013637200664864,0.18228005500328906,0.3400094819415615,0.3400000035762787,2.7630412578582764,-0.17088801912774443,2.7630412578582764,-0.1755307288361707,0.3400000035762787,2.7630412578582764,-0.17665783427195025,0.3400000035762787,2.7630412578582764,-0.17356940172526292,0.3400000035762787,2.7630412578582764,-0.166513677556122,0.3400000035762787,-16.303604719429114,0.0
1904,47.6,1.7576009843473628e+18,1.3669170410333038,3.553868821009119,2.5987532432892526,-0.5089261965338034,21.938524135559994,2.368860022487445,0.20510206518799098,0.3400640143099651,0.3400000035762787,2.7630412578582764,-0.16428801456902375,2.7630412578582764,-0.17088801912774443,0.3400000035762787,2.7630412578582764,-0.1755307288361707,0.3400000035762787,2.7630412578582764,-0.17665783427195025,0.3400000035762787,2.7630412578582764,-0.17356940172526292,0.3400000035762787,-15.18747581529009,0.0
1905,47.625,1.7576009843723628e+18,1.2776726354409291,3.5594115993786826,2.6052453731546943,-0.4677332283172708,22.023523626587497,2.337956430488016,0.16510109606742732,0.3401313795405249,0.3400000035762787,2.7630412578582764,-0.15779588470358208,2.7630412578582764,-0.16428801456902375,0.3400000035762787,2.7630412578582764,-0.17088801912774443,0.3400000035762787,2.7630412578582764,-0.1755307288361707,0.3400000035762787,2.7630412578582764,-0.17665783427195025,0.3400000035762787,-14.210320772464998,0.0
1906,47.650000000000006,1.7576009843973627e+18,1.2272066812151214,3.567373058021981,2.6095940315030246,-0.4390268475004818,22.07451886317076,2.317561095029604,0.07492965782232644,0.3401828788687765,0.3400000035762787,2.7630412578582764,-0.15344722635525176,2.7630412578582764,-0.15779588470358208,0.3400000035762787,2.7630412578582764,-0.16428801456902375,0.3400000035762787,2.7630412578582764,-0.17088801912774443,0.3400000035762787,2.7630412578582764,-0.1755307288361707,0.3400000035762787,-13.382271562553923,0.0
1907,47.675000000000004,1.757600984422363e+18,1.1781386086745131,3.5656815055798363,2.6103596008760452,-0.42141815000186744,22.09672118794156,2.3135664298661274,-0.040750754026865274,0.34017900646023647,0.3400000035762787,2.7042713165283203,-0.09391171565227507,2.7630412578582764,-0.15344722635525176,0.3400000035762787,2.7630412578582764,-0.15779588470358208,0.3400000035762787,2.7630412578582764,-0.16428801456902375,0.3400000035762787,2.7630412578582764,-0.17088801912774443,0.3400000035762787,-12.647187822831784,0.0
1908,47.7,1.7576009844473628e+18,1.114771384517395,3.570044171612832,2.607113199544769,-0.41083782739253616,22.157466826707452,2.327200978286937,-0.15186733575821607,0.3400848999706574,0.3400000035762787,2.7042713165283203,-0.09715811698355115,2.7042713165283203,-0.09391171565227507,0.3400000035762787,2.7630412578582764,-0.15344722635525176,0.3400000035762787,2.7630412578582764,-0.15779588470358208,0.3400000035762787,2.7630412578582764,-0.16428801456902375,0.3400000035762787,-12.057391064343697,0.0
1909,47.725,1.7576009844723628e+18,1.0402609773095928,3.5606604297734243,2.6005574167745764,-0.4034387943249634,22.21813128569995,2.3544143794019807,-0.2310413449611144,0.3398915525890756,0.3400000035762787,2.7042713165283203,-0.1037138997537439,2.7042713165283203,-0.09715811698355115,0.3400000035762787,2.7042713165283203,-0.09391171565227507,0.3400000035762787,2.7630412578582764,-0.15344722635525176,0.3400000035762787,2.7630412578582764,-0.15779588470358208,0.3400000035762787,-11.596511999836622,0.0
1910,47.75,1.757600984497363e+18,0.979503891745514,3.557273522444161,2.5923037475166057,-0.39781951865518955,22.276040310013524,2.3865263846055838,-0.26076815545946597,0.33963559750458766,0.3400000035762787,2.7042713165283203,-0.11196756901171456,2.7042713165283203,-0.1037138997537439,0.3400000035762787,2.7042713165283203,-0.09715811698355115,0.3400000035762787,2.7042713165283203,-0.09391171565227507,0.3400000035762787,2.7630412578582764,-0.15344722635525176,0.3400000035762787,-11.238213926106408,0.0
1911,47.775000000000006,1.757600984522363e+18,0.8820438658864247,3.5247576770035005,2.5843714389824255,-0.39547620874149136,22.35918632984843,2.4123386882229183,-0.23748533634035193,0.3394073476361408,0.3400000035762787,2.7042713165283203,-0.11989987754589482,2.7042713165283203,-0.11196756901171456,0.3400000035762787,2.7042713165283203,-0.1037138997537439,0.3400000035762787,2.7042713165283203,-0.09715811698355115,0.3400000035762787,2.7042713165283203,-0.09391171565227507,0.3400000035762787,-10.947173672533095,0.0
1912,47.800000000000004,1.7576009845473628e+18,0.7937564822633734,3.5077724982652665,2.5785688038911454,-0.39937828230867545,22.4391919603817,2.4215346569815615,-0.17134307990829262,0.3393367087102014,0.3400000035762787,2.7042713165283203,-0.1257025126371749,2.7042713165283203,-0.11989987754589482,0.3400000035762787,2.7042713165283203,-0.11196756901171456,0.3400000035762787,2.7042713165283203,-0.1037138997537439,0.3400000035762787,2.7042713165283203,-0.09715811698355115,0.3400000035762787,-11.093573690052958,0.0
1913,47.825,1.7576009845723628e+18,0.8002711518603625,3.4948717706959727,2.5759641148297283,-0.4115846793921385,22.436204154012128,2.408433308967079,-0.08192119141852668,0.33955142691773826,0.3400000035762787,2.7042713165283203,-0.128307201698592,2.7042713165283203,-0.1257025126371749,0.3400000035762787,2.7042713165283203,-0.11989987754589482,0.3400000035762787,2.7042713165283203,-0.11196756901171456,0.3400000035762787,2.7042713165283203,-0.1037138997537439,0.3400000035762787,-11.692305325440483,0.0
1914,47.85,1.7576009845973627e+18,0.7314499282713602,3.474843647985049,2.5766278460685568,-0.43137052803417536,22.50357956251595,2.3745389402842334,0.008506840631278486,0.34011242153300864,0.3400000035762787,2.7630412578582764,-0.1864134117897196,2.7042713165283203,-0.128307201698592,0.3400000035762787,2.7042713165283203,-0.1257025126371749,0.3400000035762787,2.7042713165283203,-0.11989987754589482,0.3400000035762787,2.7042713165283203,-0.11196756901171456,0.3400000035762787,-12.348252253826844,0.0
1915,47.875,1.757600984622363e+18,0.6084188201448772,3.4270861320008867,2.579732381580823,-0.45505497640006165,22.632833734310474,2.3285050510216743,0.0817757016616481,0.34094485755368986,0.3400000035762787,2.7630412578582764,-0.18330887627745351,2.7630412578582764,-0.1864134117897196,0.3400000035762787,2.7042713165283203,-0.128307201698592,0.3400000035762787,2.7042713165283203,-0.1257025126371749,0.3400000035762787,2.7042713165283203,-0.11989987754589482,0.3400000035762787,-13.02864652165722,0.0
1916,47.900000000000006,1.7576009846473628e+18,0.5780763195199596,3.3806060863635023,2.583959403678632,-0.47764264205677637,22.657746027368223,2.2832067867750183,0.128390309794701,0.3417964362512122,0.3400000035762787,2.7630412578582764,-0.1790818541796444,2.7630412578582764,-0.18330887627745351,0.3400000035762787,2.7630412578582764,-0.1864134117897196,0.3400000035762787,2.7042713165283203,-0.128307201698592,0.3400000035762787,2.7042713165283203,-0.1257025126371749,0.3400000035762787,-13.596126009754949,0.0
1917,47.925000000000004,1.7576009846723628e+18,0.5378342175860729,3.3543574537725336,2.5880411089705495,-0.4952377410576165,22.701450964265756,2.2510160640259866,0.1484671035744381,0.34225919907849,0.3400000035762787,2.7630412578582764,-0.17500014888772686,2.7630412578582764,-0.1790818541796444,0.3400000035762787,2.7630412578582764,-0.18330887627745351,0.3400000035762787,2.7630412578582764,-0.1864134117897196,0.3400000035762787,2.7042713165283203,-0.128307201698592,0.3400000035762787,-14.045914002420295,0.0
1918,47.95,1.757600984697363e+18,0.4943619869365099,3.3260019118054425,2.591206501010602,-0.5068646811569767,22.748663982622887,2.2393294234677104,0.14909489985106417,0.34188092444809665,0.3400000035762787,2.7630412578582764,-0.17183475684767435,2.7630412578582764,-0.17500014888772686,0.3400000035762787,2.7630412578582764,-0.1790818541796444,0.3400000035762787,2.7630412578582764,-0.18330887627745351,0.3400000035762787,2.7630412578582764,-0.1864134117897196,0.3400000035762787,-14.386660350604181,0.0
1919,47.975,1.757600984722363e+18,0.4248717590223352,3.285200302344915,2.593353375063791,-0.5149066667147278,22.81786291831523,2.248351626263934,0.13953306841608415,0.34036322216576254,0.3400000035762787,2.821985483169556,-0.22863210810576495,2.7630412578582764,-0.17183475684767435,0.3400000035762787,2.7630412578582764,-0.17500014888772686,0.3400000035762787,2.7630412578582764,-0.1790818541796444,0.3400000035762787,2.7630412578582764,-0.18330887627745351,0.3400000035762787,-14.695387292347405,0.0
1920,48.0,1.7576009847473628e+18,0.3877699652642867,3.2357834427049754,2.594903976980539,-0.5241501342675475,22.86725379726156,2.271990010541115,0.12647354467512653,0.3377990269678316,0.3400000035762787,2.821985483169556,-0.227081506189017,2.821985483169556,-0.22863210810576495,0.3400000035762787,2.7630412578582764,-0.17183475684767435,0.3400000035762787,2.7630412578582764,-0.17500014888772686,0.3400000035762787,2.7630412578582764,-0.1790818541796444,0.3400000035762787,-14.935587170253674,0.0
1921,48.025000000000006,1.7576009847723628e+18,0.3306646378735545,3.1834247874958197,2.5964563671675482,-0.5399070108788221,22.93641762656685,2.301062421292748,0.11152746309735029,0.3348551859899682,0.3400000035762787,2.821985483169556,-0.22552911600200787,2.821985483169556,-0.227081506189017,0.3400000035762787,2.821985483169556,-0.22863210810576495,0.3400000035762787,2.7630412578582764,-0.17183475684767435,0.3400000035762787,2.7630412578582764,-0.17500014888772686,0.3400000035762787,-15.129525506069045,0.0
1922,48.050000000000004,1.7576009847973627e+18,0.2452634761787271,3.089184470314385,2.598428160363728,-0.5658978212533798,23.04821793201711,2.326931982704153,0.09218267411393845,0.3327777002105389,0.3400000035762787,2.821985483169556,-0.2235573228058283,2.821985483169556,-0.22552911600200787,0.3400000035762787,2.821985483169556,-0.227081506189017,0.3400000035762787,2.821985483169556,-0.22863210810576495,0.3400000035762787,2.7630412578582764,-0.17183475684767435,0.3400000035762787,-15.296343718110286,0.0
1923,48.075,1.757600984822363e+18,0.2275516876405223,3.0706233130435443,2.600866287652636,-0.6025555436660683,23.07260544838517,2.3438535734271553,0.06605294288556274,0.33311241545506215,0.3400000035762787,2.821985483169556,-0.22111919551692027,2.821985483169556,-0.2235573228058283,0.3400000035762787,2.821985483169556,-0.22552911600200787,0.3400000035762787,2.821985483169556,-0.227081506189017,0.3400000035762787,2.821985483169556,-0.22863210810576495,0.3400000035762787,-15.391900176662242,0.0
1924,48.1,1.7576009848473628e+18,0.1905740661610275,3.012306992800124,2.60350035807287,-0.6461510570217872,23.141304656826527,2.3494684232508196,0.03681941841093686,0.33710967575694795,0.3400000035762787,2.880929946899414,-0.2774295888265441,2.821985483169556,-0.22111919551692027,0.3400000035762787,2.821985483169556,-0.2235573228058283,0.3400000035762787,2.821985483169556,-0.22552911600200787,0.3400000035762787,2.821985483169556,-0.227081506189017,0.3400000035762787,-15.48580323639195,0.0
1925,48.125,1.7576009848723628e+18,0.1493403356078175,2.9540220829906856,2.606014617163016,-0.6888853562017867,23.20941631784988,2.344050214531401,0.019359818892137053,0.34491454939825616,0.3400000035762787,2.880929946899414,-0.2749153297363982,2.880929946899414,-0.2774295888265441,0.3400000035762787,2.821985483169556,-0.22111919551692027,0.3400000035762787,2.821985483169556,-0.2235573228058283,0.3400000035762787,2.821985483169556,-0.22552911600200787,0.3400000035762787,-15.525683640101427,0.0
1926,48.150000000000006,1.757600984897363e+18,0.1351458592513541,2.8909781980348086,2.608446348619076,-0.720071007781587,23.238147660225806,2.3295106751114756,0.04151010494024496,0.3548011373940783,0.3400000035762787,2.9398741722106934,-0.33142782359161727,2.880929946899414,-0.2749153297363982,0.3400000035762787,2.880929946899414,-0.2774295888265441,0.3400000035762787,2.821985483169556,-0.22111919551692027,0.3400000035762787,2.821985483169556,-0.2235573228058283,0.3400000035762787,-15.633008725026073,0.0
1927,48.175000000000004,1.757600984922363e+18,0.1100990782834063,2.8446848073862343,2.6115916662917917,-0.728530509688095,23.283224853841553,2.3088038851870336,0.1407795231814313,0.3628251146208297,0.3400000035762787,2.9398741722106934,-0.3282825059189016,2.9398741722106934,-0.33142782359161727,0.3400000035762787,2.880929946899414,-0.2749153297363982,0.3400000035762787,2.880929946899414,-0.2774295888265441,0.3400000035762787,2.821985483169556,-0.22111919551692027,0.3400000035762787,-15.749485316830054,0.0
1928,48.2,1.7576009849473628e+18,0.0738680021507134,2.761759397467677,2.617301543742074,-0.705974578659627,23.378474319025806,2.2857722695546294,0.355929766702884,0.3632609647370956,0.3400000035762787,2.9398741722106934,-0.32257262846861945,2.9398741722106934,-0.3282825059189016,0.3400000035762787,2.9398741722106934,-0.33142782359161727,0.3400000035762787,2.880929946899414,-0.2749153297363982,0.3400000035762787,2.880929946899414,-0.2774295888265441,0.3400000035762787,-15.81369940089062,0.0
1929,48.225,1.7576009849723628e+18,0.0576303484607088,2.7254286334683355,2.6285674766173535,-0.6504157349458348,23.41623106703409,2.265127253208472,0.7151829422221507,0.3499927990438035,0.3400000035762787,2.9398741722106934,-0.3113066955933399,2.9398741722106934,-0.32257262846861945,0.3400000035762787,2.9398741722106934,-0.3282825059189016,0.3400000035762787,2.9398741722106934,-0.33142782359161727,0.3400000035762787,2.880929946899414,-0.2749153297363982,0.3400000035762787,-15.760578226092804,0.0
1930,48.25,1.7576009849973627e+18,0.0520553459138488,2.664918628948863,2.6493169923609687,-0.5682137789915326,23.45773831696723,2.2522016484487897,1.2243567134037072,0.31863557946066356,0.3400000035762787,3.0575883388519287,-0.40827134649096,2.9398741722106934,-0.3113066955933399,0.3400000035762787,2.9398741722106934,-0.32257262846861945,0.3400000035762787,2.9398741722106934,-0.3282825059189016,0.3400000035762787,2.9398741722106934,-0.33142782359161727,0.3400000035762787,-15.81535097915763,0.0
1931,48.275000000000006,1.757600985022363e+18,0.0337989288426197,2.5193179054178243,2.6838664024518675,-0.47369014781722285,23.569314002797896,2.2521317339434863,1.8588671569905189,0.2686822695624667,0.3400000035762787,3.234421491622925,-0.5505550891710573,3.0575883388519287,-0.40827134649096,0.3400000035762787,2.9398741722106934,-0.3113066955933399,0.3400000035762787,2.9398741722106934,-0.32257262846861945,0.3400000035762787,2.9398741722106934,-0.3282825059189016,0.3400000035762787,-16.022324533584182,0.0
1932,48.300000000000004,1.7576009850473628e+18,0.0337989288426197,2.5193179054178243,2.736028785015613,-0.38620038974388027,23.569314002797896,2.2681499805863394,2.5629142126827658,0.20464785934051502,0.3400000035762787,3.882460117340088,-1.1464313323244748,3.234421491622925,-0.5505550891710573,0.3400000035762787,3.0575883388519287,-0.40827134649096,0.3400000035762787,2.9398741722106934,-0.3113066955933399,0.3400000035762787,2.9398741722106934,-0.32257262846861945,0.3400000035762787,-16.834109378439134,0.0
1933,48.325,1.7576009850723628e+18,0.0379065916805498,2.4359834148487014,2.807981835440249,-0.3254294849675731,23.635517615882836,2.298938210275114,3.2572687703159655,0.1353521716309043,-0.0,4.0,-1.1920181645597512,3.882460117340088,-1.1464313323244748,0.3400000035762787,3.234421491622925,-0.5505550891710573,0.3400000035762787,3.0575883388519287,-0.40827134649096,0.3400000035762787,2.9398741722106934,-0.3113066955933399,0.3400000035762787,-17.69960327309068,0.0
1934,48.35,1.757600985097363e+18,0.0364718401651149,2.387674647550926,2.8991824165603135,-0.3061561772999714,23.675544147605688,2.3357196851216053,3.8543889456276372,0.07131774163185826,-0.0,4.0,-1.1008175834396865,4.0,-1.1920181645597512,-0.0,3.882460117340088,-1.1464313323244748,0.3400000035762787,3.234421491622925,-0.5505550891710573,0.3400000035762787,3.0575883388519287,-0.40827134649096,0.3400000035762787,-18.4814365949006,0.0
1935,48.375,1.757600985122363e+18,0.0344168150237278,2.318480971657689,3.005798468770473,-0.3339477009336578,23.732875001156344,2.3606185891959934,4.276994461797431,0.02136439966720881,-0.0,4.0,-0.9942015312295269,4.0,-1.1008175834396865,-0.0,4.0,-1.1920181645597512,-0.0,3.882460117340088,-1.1464313323244748,0.3400000035762787,3.234421491622925,-0.5505550891710573,0.3400000035762787,-19.163749125869693,0.0
1936,48.400000000000006,1.7576009851473628e+18,0.0376617940695354,2.23049521613767,3.1211259329588805,-0.40312889789455403,23.79597945807474,2.3480125382664188,4.474746555881243,-0.009992850685859938,-0.0,4.0,-0.8788740670411195,4.0,-0.9942015312295269,-0.0,4.0,-1.1008175834396865,-0.0,4.0,-1.1920181645597512,-0.0,3.882460117340088,-1.1464313323244748,0.3400000035762787,-19.737284361569987,0.0
1937,48.425000000000004,1.7576009851723628e+18,0.0678514814499031,2.0752366692895587,3.237103038863159,-0.4977165773827015,23.926959561504372,2.2697408125782705,4.4340416375370735,-0.02326102927646843,-0.0,4.0,-0.7628969611368408,4.0,-0.8788740670411195,-0.0,4.0,-0.9942015312295269,-0.0,4.0,-1.1008175834396865,-0.0,4.0,-1.1920181645597512,-0.0,-20.20048267942259,0.0
1938,48.45,1.7576009851973627e+18,0.0678514814499031,2.0752366692895587,3.3464062147568114,-0.5950622357198074,23.926959561504372,2.103448418709596,4.1781538495741275,-0.022825159694420706,-0.0,4.0,-0.6535937852431886,4.0,-0.7628969611368408,-0.0,4.0,-0.8788740670411195,-0.0,4.0,-0.9942015312295269,-0.0,4.0,-1.1008175834396865,-0.0,-20.558599398675995,0.0
1939,48.475,1.757600985222363e+18,0.087935663220505,2.0062247594786333,3.444142808636798,-0.6712297259932026,23.97089730774348,1.8416590922745206,3.7582528665356345,-0.014801124822679501,-0.0,4.0,-0.5558571913632022,4.0,-0.6535937852431886,-0.0,4.0,-0.7628969611368408,-0.0,4.0,-0.8788740670411195,-0.0,4.0,-0.9942015312295269,-0.0,-20.880267464665504,0.0
1940,48.5,1.7576009852473628e+18,0.1025236062281025,1.9426950855516392,3.528337366234543,-0.7068153000848502,24.020560317820447,1.4979712406563703,3.2388476643443056,-0.0049144502923744995,-0.0,4.0,-0.4716626337654568,4.0,-0.5558571913632022,-0.0,4.0,-0.6535937852431886,-0.0,4.0,-0.7628969611368408,-0.0,4.0,-0.8788740670411195,-0.0,-21.11794843345108,0.0
1941,48.525000000000006,1.7576009852723628e+18,0.1448781230353439,1.831994923404028,3.5991958832984934,-0.6917931373769896,24.074381518784623,1.1069080607695883,2.682722820177613,0.002890511013499528,-0.0,4.0,-0.4008041167015066,4.0,-0.4716626337654568,-0.0,4.0,-0.5558571913632022,-0.0,4.0,-0.6535937852431886,-0.0,4.0,-0.7628969611368408,-0.0,-21.28283103355822,0.0
1942,48.550000000000004,1.757600985297363e+18,0.1771470373541479,1.7529392001514186,3.6578540978646985,-0.6280018701995025,24.12094945841262,0.716179156123772,2.1399015948095776,0.006887817001860081,-0.0,4.0,-0.3421459021353015,4.0,-0.4008041167015066,-0.0,4.0,-0.4716626337654568,-0.0,4.0,-0.5558571913632022,-0.0,4.0,-0.6535937852431886,-0.0,-21.44410703612863,0.0
1943,48.575,1.757600985322363e+18,0.2131704601331767,1.6924526644772238,3.7054040249700186,-0.5283527802980384,24.115035537058006,0.37376132613336616,1.6430001654659943,0.007222489523492265,-0.0,4.0,-0.29459597502998136,4.0,-0.3421459021353015,-0.0,4.0,-0.4008041167015066,-0.0,4.0,-0.4716626337654568,-0.0,4.0,-0.5558571913632022,-0.0,-21.552307775053993,0.0
1944,48.6,1.7576009853473628e+18,0.2456140940456372,1.6296936715771664,3.7425611609951464,-0.4128603655419383,24.138952260046135,0.11495007378846189,1.2086303783502395,0.00514484329953273,-0.0,4.0,-0.25743883900485365,4.0,-0.29459597502998136,-0.0,4.0,-0.3421459021353015,-0.0,4.0,-0.4008041167015066,-0.0,4.0,-0.4716626337654568,-0.0,-21.616548552720374,0.0
1945,48.625,1.7576009853723628e+18,0.3034445093670941,1.525790195498245,3.7698678881829633,-0.3027642965458229,24.114284638363337,-0.045607125145191614,0.8424591898078851,0.002200735865044854,-0.0,4.0,-0.23013211181703674,4.0,-0.25743883900485365,-0.0,4.0,-0.29459597502998136,-0.0,4.0,-0.3421459021353015,-0.0,4.0,-0.4008041167015066,-0.0,-21.70462275369757,0.0
1946,48.650000000000006,1.7576009853973627e+18,0.3537040349079312,1.443643656931712,3.7881081300969464,-0.21470352041103202,24.10869137901335,-0.11459788185911159,0.544858684055396,-0.0003637613400939353,-0.0,4.0,-0.21189186990305364,4.0,-0.23013211181703674,-0.0,4.0,-0.25743883900485365,-0.0,4.0,-0.29459597502998136,-0.0,4.0,-0.3421459021353015,-0.0,-21.765725005948944,0.0
1947,48.675000000000004,1.757600985422363e+18,0.3914816579141549,1.3812291910932748,3.7986156181029376,-0.1568266773773085,24.112226765971226,-0.11443068050327218,0.31477038833409093,-0.0018816726956290505,-0.0,4.0,-0.20138438189706243,4.0,-0.21189186990305364,-0.0,4.0,-0.23013211181703674,-0.0,4.0,-0.25743883900485365,-0.0,4.0,-0.29459597502998136,-0.0,-21.80647133356449,0.0
1948,48.7,1.7576009854473628e+18,0.4116073909786881,1.321473847889577,3.803293927621038,-0.1279740612267655,24.09588235258319,-0.07438495338784877,0.150866576166656,-0.0022599065424038106,-0.0,4.0,-0.1967060723789622,4.0,-0.20138438189706243,-0.0,4.0,-0.21189186990305364,-0.0,4.0,-0.23013211181703674,-0.0,4.0,-0.25743883900485365,-0.0,-21.890167393778412,0.0
1949,48.725,1.7576009854723628e+18,0.4514731865089576,1.2556087459806422,3.804351267794473,-0.11990723884695466,24.09549195471123,-0.021956386378386015,0.05052873815954022,-0.0017967284004549576,-0.0,4.0,-0.19564873220552714,4.0,-0.1967060723789622,-0.0,4.0,-0.20138438189706243,-0.0,4.0,-0.21189186990305364,-0.0,4.0,-0.23013211181703674,-0.0,-21.959779846567756,0.0
1950,48.75,1.757600985497363e+18,0.5392316219312248,1.101803563522025,3.803898522845844,-0.12143155325585342,24.097221056078784,0.0231143410273224,0.00798715065611565,-0.0009443474404825903,-0.0,4.0,-0.19610147715415582,4.0,-0.19564873220552714,-0.0,4.0,-0.1967060723789622,-0.0,4.0,-0.20138438189706243,-0.0,4.0,-0.21189186990305364,-0.0,-22.015277386791087,0.0
1951,48.775000000000006,1.757600985522363e+18,0.5585202193341043,1.0690009756623349,3.803593944497512,-0.1226833498734966,24.097799037926247,0.05111761484245479,0.012994971795363252,-0.00011089321729971466,-0.0,4.0,-0.19640605550248802,4.0,-0.19610147715415582,-0.0,4.0,-0.19564873220552714,-0.0,4.0,-0.1967060723789622,-0.0,4.0,-0.20138438189706243,-0.0,-22.055666108069904,0.0
1952,48.800000000000004,1.7576009855473628e+18,0.6172270972486524,0.9669870495793642,3.8044505432833997,-0.11805257326598835,24.099521628904384,0.06129231879032876,0.050853677212630635,0.0004509589686558546,-0.0,4.0,-0.1955494567166003,4.0,-0.19640605550248802,-0.0,4.0,-0.19610147715415582,-0.0,4.0,-0.19564873220552714,-0.0,4.0,-0.1967060723789622,-0.0,-22.07998705719858,0.0
1953,48.825,1.7576009855723628e+18,0.6696246331688003,0.8782667202425447,3.8068236041810057,-0.10695053556097703,24.101338784045154,0.05861076156426797,0.1038689901122735,0.0006658582409980797,-0.0,4.0,-0.19317639581899426,4.0,-0.1955494567166003,-0.0,4.0,-0.19640605550248802,-0.0,4.0,-0.19610147715415582,-0.0,4.0,-0.19564873220552714,-0.0,-22.087951834250287,0.0
1954,48.85,1.7576009855973627e+18,0.709110509552592,0.8063315917477065,3.810527204086016,-0.0925429430655536,24.100356260265617,0.049994132574918526,0.1537678928286375,0.0005942420381219591,-0.0,4.0,-0.18947279591398392,4.0,-0.19317639581899426,-0.0,4.0,-0.1955494567166003,-0.0,4.0,-0.19640605550248802,-0.0,4.0,-0.19610147715415582,-0.0,-22.138867060408785,0.0
1955,48.875,1.757600985622363e+18,0.7577779541764835,0.7242864502843309,3.815010214143287,-0.07932918697376436,24.101381994180162,0.04130988295246478,0.18442479720510876,0.000363665921908155,-0.0,4.0,-0.18498978585671288,4.0,-0.18947279591398392,-0.0,4.0,-0.19317639581899426,-0.0,4.0,-0.1955494567166003,-0.0,4.0,-0.19640605550248802,-0.0,-22.11635069113064,0.0
1956,48.900000000000006,1.7576009856473628e+18,0.8087958406253946,0.6431957856784609,3.819543497409953,-0.07077595611488312,24.099781469548706,0.03587001746988428,0.184379081430165,0.0001043991300313421,-0.0,4.0,-0.18045650259004686,4.0,-0.18498978585671288,-0.0,4.0,-0.18947279591398392,-0.0,4.0,-0.19317639581899426,-0.0,4.0,-0.1955494567166003,-0.0,-22.139382291440985,0.0
1957,48.925000000000004,1.7576009856723628e+18,0.8955822035929626,0.4786040471288251,3.8233997523861567,-0.06798222876665484,24.105433417420098,0.03438792744898291,0.14887697423817706,-9.218529232697643e-05,-0.0,4.0,-0.1766002476138433,4.0,-0.18045650259004686,-0.0,4.0,-0.18498978585671288,-0.0,4.0,-0.18947279591398392,-0.0,4.0,-0.19317639581899426,-0.0,-22.15062437106793,0.0
1958,48.95,1.757600985697363e+18,0.9155182709305212,0.4453583860819587,3.826012624703854,-0.06972396030947527,24.105867219586706,0.035826693906533306,0.08131673487836615,-0.00018781553092093222,-0.0,4.0,-0.17398737529614605,4.0,-0.1766002476138433,-0.0,4.0,-0.18045650259004686,-0.0,4.0,-0.18498978585671288,-0.0,4.0,-0.18947279591398392,-0.0,-22.151346190810735,0.0
1959,48.975,1.757600985722363e+18,0.9958983147338748,0.3157856572806976,3.8270836379775655,-0.07354487802097978,24.105622140755237,0.038493213454238756,-0.006103958511205471,-0.0001897530300346678,-0.0,4.0,-0.17291636202243454,4.0,-0.17398737529614605,-0.0,4.0,-0.1766002476138433,-0.0,4.0,-0.18045650259004686,-0.0,4.0,-0.18498978585671288,-0.0,-22.201559781820485,0.0
1960,49.0,1.7576009857473628e+18,1.0261533448475388,0.2655804080562327,3.8266066416079574,-0.07715553289976383,24.10597996255418,0.04095242199383936,-0.09299670632711954,-0.00013180620495796254,-0.0,4.0,-0.17339335839204262,4.0,-0.17291636202243454,-0.0,4.0,-0.17398737529614605,-0.0,4.0,-0.1766002476138433,-0.0,4.0,-0.18045650259004686,-0.0,-22.30213573399001,0.0
1961,49.025000000000006,1.7576009857723628e+18,1.1134090217184025,0.112266341537468,3.824827780188387,-0.07941115013379743,24.10934689661638,0.0425460903838142,-0.15332740921308863,-5.403911384364603e-05,-0.0,4.0,-0.1751722198116128,4.0,-0.17339335839204262,-0.0,4.0,-0.17291636202243454,-0.0,4.0,-0.17398737529614605,-0.0,4.0,-0.1766002476138433,-0.0,-22.394758438707054,0.0
1962,49.050000000000004,1.7576009857973627e+18,1.1332970992462434,0.0793197513110322,3.8222153403214536,-0.08045806579688577,24.10983358330492,0.04343460065723672,-0.1604769695129021,1.2018470476364538e-05,-0.0,4.0,-0.1777846596785464,4.0,-0.1751722198116128,-0.0,4.0,-0.17339335839204262,-0.0,4.0,-0.17291636202243454,-0.0,4.0,-0.17398737529614605,-0.0,-22.538592089272754,0.0
1963,49.075,1.757600985822363e+18,1.1839721913058914,-0.0026744335458173,3.8195069893500855,-0.08110017133496825,24.1121916021675,0.04424696428182977,-0.09476311487311725,5.0068187273594556e-05,-0.0,4.0,-0.18049301064991452,4.0,-0.1777846596785464,-0.0,4.0,-0.1751722198116128,-0.0,4.0,-0.17339335839204262,-0.0,4.0,-0.17291636202243454,-0.0,-22.674187949647678,0.0
1964,49.1,1.7576009858473628e+18,1.2228640762130945,-0.0684700458296538,3.8178122830224424,-0.08187774107443241,24.11297094245064,0.04557987707187272,0.04776692488845949,5.853121539027452e-05,-0.0,4.0,-0.18218771697755765,4.0,-0.18049301064991452,-0.0,4.0,-0.1777846596785464,-0.0,4.0,-0.1751722198116128,-0.0,4.0,-0.17339335839204262,-0.0,-22.85885692732605,0.0
1965,49.125,1.7576009858723628e+18,1.3020481712756364,-0.2075195511429264,3.8186318091885223,-0.08251877018450791,24.115281316488552,0.047607968306890056,0.24773647888236466,4.563455767457005e-05,-0.0,4.0,-0.1813681908114777,4.0,-0.18218771697755765,-0.0,4.0,-0.18049301064991452,-0.0,4.0,-0.1777846596785464,-0.0,4.0,-0.1751722198116128,-0.0,-23.03058249169861,0.0
1966,49.150000000000006,1.757600985897363e+18,1.3429395387401075,-0.2741731125946516,3.823595368536962,-0.08213540084866096,24.116525126624385,0.04996544763947637,0.45927399720622186,2.3244293847723426e-05,-0.0,4.0,-0.1764046314630381,4.0,-0.1813681908114777,-0.0,4.0,-0.18218771697755765,-0.0,4.0,-0.18049301064991452,-0.0,4.0,-0.1777846596785464,-0.0,-23.184956353105395,0.0
1967,49.175000000000004,1.757600985922363e+18,1.4033654058813494,-0.3814318496392095,3.8337887077378885,-0.07998366944852288,24.116934427410538,0.05191046019108332,0.6141534727908909,1.8289153800220636e-06,-0.0,4.0,-0.1662112922621115,4.0,-0.1764046314630381,-0.0,4.0,-0.1813681908114777,-0.0,4.0,-0.18218771697755765,-0.0,4.0,-0.18049301064991452,-0.0,-23.317107131091053,0.0
1968,49.2,1.7576009859473628e+18,1.4440648368366582,-0.4476624060497929,3.848752279069374,-0.07620984642706198,24.118251978928033,0.05266288714842253,0.6342780519603171,-1.2291748018495978e-05,-0.0,4.0,-0.151247720930626,4.0,-0.1662112922621115,-0.0,4.0,-0.1764046314630381,-0.0,4.0,-0.1813681908114777,-0.0,4.0,-0.18218771697755765,-0.0,-23.423526088530103,0.0
1969,49.225,1.7576009859723628e+18,1.504672485933209,-0.54285974704952,3.865519778921169,-0.07202438238782968,24.116929264371983,0.051776420867550334,0.45057210859442726,-1.7393573457386003e-05,-0.0,4.0,-0.13448022107883117,4.0,-0.151247720930626,-0.0,4.0,-0.1662112922621115,-0.0,4.0,-0.1764046314630381,-0.0,4.0,-0.1813681908114777,-0.0,-23.50462417634708,0.0
1970,49.25,1.7576009859973627e+18,1.5453161604224346,-0.608440063171697,3.8782424460320155,-0.06912736852451032,24.117466017127004,0.04941083137785926,0.023254401633627797,-1.5197946240988153e-05,-0.0,4.0,-0.12175755396798449,4.0,-0.13448022107883117,-0.0,4.0,-0.151247720930626,-0.0,4.0,-0.1662112922621115,-0.0,4.0,-0.1764046314630381,-0.0,-23.567327087565104,0.0
1971,49.275000000000006,1.757600986022363e+18,1.600322240487595,-0.7064570816767912,3.8788506659168274,-0.06871772316366294,24.120306948256527,0.046348001422360806,-0.6433498490501677,-9.069586483169049e-06,-0.0,3.882460117340088,-0.0036094514232605235,4.0,-0.12175755396798449,-0.0,4.0,-0.13448022107883117,-0.0,4.0,-0.151247720930626,-0.0,4.0,-0.1662112922621115,-0.0,-23.509189867226763,0.0
1972,49.300000000000004,1.7576009860473628e+18,1.6415344362744686,-0.7730378268711289,3.858812732122204,-0.0707263522143956,24.121489798169247,0.04366742378127205,-1.4976648969138868,-2.363810323158759e-06,-0.0,3.234421491622925,0.6243912404992793,3.882460117340088,-0.0036094514232605235,-0.0,4.0,-0.12175755396798449,-0.0,4.0,-0.13448022107883117,-0.0,4.0,-0.151247720930626,-0.0,-22.822797965470084,0.0
1973,49.325,1.7576009860723628e+18,1.689465871777534,-0.8582946790387205,3.811514092928696,-0.07379537722070333,24.122856880930982,0.04222455622991079,-2.452215445000538,2.616289562501495e-06,-0.0,3.0575883388519287,0.7539257540767674,3.234421491622925,0.6243912404992793,-0.0,3.882460117340088,-0.0036094514232605235,-0.0,4.0,-0.12175755396798449,-0.0,4.0,-0.13448022107883117,-0.0,-22.008019320398297,0.0
1974,49.35,1.757600986097363e+18,1.7416482532020536,-0.9420783031852886,3.734357480165941,-0.07605191546665768,24.123732657246332,0.042241599686412244,-3.4071115453169964,4.9515661928209896e-06,-0.0,2.9988183975219727,0.7355390826439683,3.0575883388519287,0.7539257540767674,-0.0,3.234421491622925,0.6243912404992793,-0.0,3.882460117340088,-0.0036094514232605235,-0.0,4.0,-0.12175755396798449,-0.0,-21.212926368640932,0.0
1975,49.375,1.757600986122363e+18,1.8050285073027068,-1.046448920297637,3.62961553193593,-0.0762215617237448,24.126853922391874,0.04324907639004802,-4.278277136799989,4.885162300737912e-06,-0.0,2.9398741722106934,0.6897413597252364,2.9988183975219727,0.7355390826439683,-0.0,3.0575883388519287,0.7539257540767674,-0.0,3.234421491622925,0.6243912404992793,-0.0,3.882460117340088,-0.0036094514232605235,-0.0,-20.46391150225673,0.0
1976,49.400000000000006,1.7576009861473628e+18,1.8454515224631445,-1.1107292910303144,3.5034668004181317,-0.07442227466522838,24.12811123298591,0.04439726526443266,-5.020397069183181,3.3198284821323554e-06,-0.0,2.9398741722106934,0.5635926282074384,2.9398741722106934,0.6897413597252364,-0.0,2.9988183975219727,0.7355390826439683,-0.0,3.0575883388519287,0.7539257540767674,-0.0,3.234421491622925,0.6243912404992793,-0.0,-19.83945166789115,0.0
1977,49.425000000000004,1.7576009861723628e+18,1.8987776815820376,-1.1981308954047818,3.363427910445195,-0.07217038273718754,24.130142467177397,0.04493925100835738,-5.635787494535588,1.2941743619536948e-06,-0.0,2.880929946899414,0.4824979635457809,2.9398741722106934,0.5635926282074384,-0.0,2.9398741722106934,0.6897413597252364,-0.0,2.9988183975219727,0.7355390826439683,-0.0,3.0575883388519287,0.7539257540767674,-0.0,-19.292213407404766,0.0
1978,49.45,1.7576009861973627e+18,1.9372097194436584,-1.2593136458347438,3.215228865386186,-0.07155549125558963,24.131888810114948,0.04458995579860471,-6.16538208933767,-3.9109194023916964e-07,-0.0,2.409723997116089,0.8055048682700972,2.880929946899414,0.4824979635457809,-0.0,2.9398741722106934,0.5635926282074384,-0.0,2.9398741722106934,0.6897413597252364,-0.0,2.9988183975219727,0.7355390826439683,-0.0,-18.415879360281362,0.0
1979,49.475,1.757600986222363e+18,2.0202064403703126,-1.3862291305853027,3.0605873640476755,-0.07397304987673592,24.136938861094286,0.043585446110881915,-6.664945450805945,-1.3354728976888013e-06,-0.0,1.93834388256073,1.1222434814869455,2.409723997116089,0.8055048682700972,-0.0,2.880929946899414,0.4824979635457809,-0.0,2.9398741722106934,0.5635926282074384,-0.0,2.9398741722106934,0.6897413597252364,-0.0,-17.214944504206414,0.0
1980,49.5,1.7576009862473628e+18,2.0387019052677955,-1.4153475628749792,2.8970041165726896,-0.07908556665997193,24.137983758363166,0.042496101481416776,-7.175622260167499,-1.5165850301317074e-06,-0.0,1.3492494821548462,1.5477546344178434,1.93834388256073,1.1222434814869455,-0.0,2.409723997116089,0.8055048682700972,-0.0,2.880929946899414,0.4824979635457809,-0.0,2.9398741722106934,0.5635926282074384,-0.0,-15.57953395969346,0.0
1981,49.525000000000006,1.7576009862723628e+18,2.0762206407768344,-1.492827258849634,2.7197349303591136,-0.08466866228764999,24.131712720018992,0.04193615937787236,-7.70038862432725,-1.1582720172433363e-06,-0.0,0.1121162846684455,2.607618645690668,1.3492494821548462,1.5477546344178434,-0.0,1.93834388256073,1.1222434814869455,-0.0,2.409723997116089,0.8055048682700972,-0.0,2.880929946899414,0.4824979635457809,-0.0,-12.874949232901782,0.0
1982,49.550000000000004,1.757600986297363e+18,2.113010846397514,-1.550176788392633,2.524996454491298,-0.08757778881703449,24.132368562761727,0.04226018549061579,-8.19574323745042,-5.703748779612158e-07,-0.0,-0.0,2.524996454491298,0.1121162846684455,2.607618645690668,-0.0,1.3492494821548462,1.5477546344178434,-0.0,1.93834388256073,1.1222434814869455,-0.0,2.409723997116089,0.8055048682700972,-0.0,-10.24407762783955,0.0
1983,49.575,1.757600986322363e+18,2.1495474142658613,-1.6112594708520556,2.3128358906864745,-0.08540084671537412,24.13287183469811,0.043337144129436296,-8.58196216000892,-2.053219636859797e-08,-0.0,-0.0,2.3128358906864745,-0.0,2.524996454491298,-0.0,0.1121162846684455,2.607618645690668,-0.0,1.3492494821548462,1.5477546344178434,-0.0,1.93834388256073,1.1222434814869455,-0.0,-7.817538856850518,0.0
1984,49.6,1.7576009863473628e+18,2.18856134123643,-1.67286789519295,2.0883093876896415,-0.07787781818558293,24.133577090701728,0.0445273371848508,-8.767995144696416,3.337770590102537e-07,-0.0,-0.0,2.0883093876896415,-0.0,2.3128358906864745,-0.0,-0.0,2.524996454491298,-0.0,0.1121162846684455,2.607618645690668,-0.0,1.3492494821548462,1.5477546344178434,-0.0,-5.609348877368326,0.0
1985,49.625,1.7576009863723628e+18,2.2056329848905536,-1.699529064359551,1.8605428534291646,-0.06723630540653298,24.1344809109853,0.04490269547766727,-8.681623970730731,4.538821177906357e-07,-0.0,-0.0,1.8605428534291646,-0.0,2.0883093876896415,-0.0,-0.0,2.3128358906864745,-0.0,-0.0,2.524996454491298,-0.0,0.1121162846684455,2.607618645690668,-0.0,-3.624805447440198,0.0
1986,49.650000000000006,1.7576009863973627e+18,2.229407420434917,-1.7364418783973572,1.640299620760496,-0.05719614766961701,24.13611497568865,0.04359267126675202,-8.293951928038984,3.8834529215998057e-07,-0.0,-0.0,1.640299620760496,-0.0,1.8605428534291646,-0.0,-0.0,2.0883093876896415,-0.0,-0.0,2.3128358906864745,-0.0,-0.0,2.524996454491298,-0.0,-1.8586364835257896,0.0
1987,49.675000000000004,1.757600986422363e+18,2.2598736649016664,-1.7838746239801402,1.4372282303790926,-0.051162789193189,24.138098833218663,0.04008163192795148,-7.62998835350585,2.2578168891966325e-07,-0.0,-0.0,1.4372282303790926,-0.0,1.640299620760496,-0.0,-0.0,1.8605428534291646,-0.0,-0.0,2.0883093876896415,-0.0,-0.0,2.3128358906864745,-0.0,-0.29585262122209754,0.0
1988,49.7,1.7576009864473628e+18,2.2704845916600167,-1.8080648845493903,1.2578400767447095,-0.05057585099319454,24.138054962894035,0.03436125435881821,-6.76260255486054,5.2516933926722986e-08,-0.0,-0.0,1.2578400767447095,-0.0,1.4372282303790926,-0.0,-0.0,1.640299620760496,-0.0,-0.0,1.8605428534291646,-0.0,-0.0,2.0883093876896415,-0.0,1.0854061942636528,0.0
1989,49.725,1.7576009864723628e+18,2.2915180965682307,-1.8405976506920971,1.1047486800523958,-0.05424599214295708,24.139358801001002,0.026933359942624212,-5.793046199435154,-7.349050996033056e-08,-0.0,-0.0,1.1047486800523958,-0.0,1.2578400767447095,-0.0,-0.0,1.4372282303790926,-0.0,-0.0,1.640299620760496,-0.0,-0.0,1.8605428534291646,-0.0,2.31025548275284,0.0
1990,49.75,1.757600986497363e+18,2.322671022579077,-1.894303265801622,0.9771322286826203,-0.05894430602027979,24.140223485528725,0.01868668981480168,-4.825331596902923,-1.3030410304663216e-07,-0.0,-0.0,0.9771322286826203,-0.0,1.1047486800523958,-0.0,-0.0,1.2578400767447095,-0.0,-0.0,1.4372282303790926,-0.0,-0.0,1.640299620760496,-0.0,3.4038570669787083,0.0
1991,49.775000000000006,1.757600986522363e+18,2.347945334440311,-1.9348917072424816,0.8719586376369226,-0.06089173364859208,24.140504486718594,0.010677641565578088,-3.942792926758993,-1.2562014326093644e-07,-0.0,-0.0,0.8719586376369226,-0.0,0.9771322286826203,-0.0,-0.0,1.1047486800523958,-0.0,-0.0,1.2578400767447095,-0.0,-0.0,1.4372282303790926,-0.0,4.389328202540394,0.0
1992,49.800000000000004,1.7576009865473628e+18,2.3598193195800574,-1.9531482095240784,0.7853567842461212,-0.05744322629279684,24.14089130376204,0.003875819474655318,-3.193274963241414,-8.348487355555787e-08,-0.0,-0.0,0.7853567842461212,-0.0,0.8719586376369226,-0.0,-0.0,0.9771322286826203,-0.0,-0.0,1.1047486800523958,-0.0,-0.0,1.2578400767447095,-0.0,5.28687980811119,0.0
1993,49.825,1.7576009865723628e+18,2.364421436661471,-1.968087047092416,0.7136717517860479,-0.04826028722016527,24.140736321784303,-0.0010445936725558102,-2.5857498535194563,-3.079155294684531e-08,-0.0,-0.0,0.7136717517860479,-0.0,0.7853567842461212,-0.0,-0.0,0.8719586376369226,-0.0,-0.0,0.9771322286826203,-0.0,-0.0,1.1047486800523958,-0.0,6.113860785576302,0.0
1994,49.85,1.7576009865973627e+18,2.387208176066281,-1.998556770450703,0.6540688881996328,-0.0355272958057214,24.139067238453457,-0.003809741478055443,-2.0972988885376527,1.2151142271201495e-08,-0.0,2.291835308074951,-1.6377664198753183,-0.0,0.7136717517860479,-0.0,-0.0,0.7853567842461212,-0.0,-0.0,0.8719586376369226,-0.0,-0.0,0.9771322286826203,-0.0,4.593437770582862,0.0
1995,49.875,1.757600986622363e+18,2.398753501536401,-2.016268186873269,0.6047875837627487,-0.023142974213931695,24.139125340955193,-0.004526080203336527,-1.6865906457577375,3.553361706686424e-08,-0.0,2.9398741722106934,-2.3350865884479446,2.291835308074951,-1.6377664198753183,-0.0,-0.0,0.7136717517860479,-0.0,-0.0,0.7853567842461212,-0.0,-0.0,0.8719586376369226,-0.0,2.382718885239411,0.0
1996,49.900000000000006,1.7576009866473628e+18,2.410629152479697,-2.0325193450815924,0.5651575616028854,-0.015191296365546583,24.138382356599596,-0.0035427125559547696,-1.3088783721786323,3.9248332935627665e-08,-0.0,4.0,-3.434842438397115,2.9398741722106934,-2.3350865884479446,-0.0,2.291835308074951,-1.6377664198753183,-0.0,-0.0,0.7136717517860479,-0.0,-0.0,0.7853567842461212,-0.0,-0.9181725714255236,0.0
1997,49.925000000000004,1.7576009866723628e+18,2.4211366058180133,-2.0487003835421165,0.5354051987803774,-0.014278995794194444,24.1382517472057,-0.0012422964874583395,-0.928094299415256,2.9360152141919588e-08,-0.0,4.0,-3.4645948012196226,4.0,-3.434842438397115,-0.0,2.9398741722106934,-2.3350865884479446,-0.0,2.291835308074951,-1.6377664198753183,-0.0,-0.0,0.7136717517860479,-0.0,-4.23762996943013,0.0
1998,49.95,1.757600986697363e+18,2.4200868321261915,-2.0524421757486686,0.5162826066733596,-0.020418925711605865,24.138469769912195,0.0021439149454913764,-0.5233344710552656,1.3948276490629039e-08,-0.0,4.0,-3.4837173933266405,4.0,-3.4645948012196226,-0.0,4.0,-3.434842438397115,-0.0,2.9398741722106934,-2.3350865884479446,-0.0,2.291835308074951,-1.6377664198753183,-0.0,-7.564816104053824,0.0
1999,49.975,1.757600986722363e+18,2.42168335154278,-2.0578451057943203,0.5086454424913565,-0.03095594407353342,24.140235168928932,0.006584462905287137,-0.08921050477480048,-1.5284147195616866e-10,-0.0,4.0,-3.4913545575086435,4.0,-3.4837173933266405,-0.0,4.0,-3.4645948012196226,-0.0,4.0,-3.434842438397115,-0.0,2.9398741722106934,-2.3350865884479446,-0.0,-10.889656984006344,0.0
2000,50.0,1.7576009867473628e+18,2.428133865101823,-2.0677696104975656,0.5131359594880843,-0.041602153349999456,24.140466847456466,0.012106989143454837,0.3684654432291673,-9.027505982583282e-09,-0.0,4.0,-3.486864040511916,4.0,-3.4913545575086435,-0.0,4.0,-3.4837173933266405,-0.0,4.0,-3.4645948012196226,-0.0,4.0,-3.434842438397115,-0.0,-14.202951622792996,0.0
2001,50.025000000000006,1.7576009867723628e+18,2.432011526870065,-2.082218629215572,0.5300288786478988,-0.04815272362263371,24.14034057080904,0.0185438633659349,0.8388929675975194,-1.1827845170705713e-08,-0.0,4.0,-3.469971121352101,4.0,-3.486864040511916,-0.0,4.0,-3.4913545575086435,-0.0,4.0,-3.4837173933266405,-0.0,4.0,-3.4645948012196226,-0.0,-17.496264909873148,0.0
2002,50.050000000000004,1.7576009867973627e+18,2.437918031063509,-2.0912769616607125,0.5591722250690832,-0.048140097394826324,24.14050203712179,0.025345099623582626,1.311282403044164,-9.911506305435562e-09,-0.0,4.0,-3.440827774930917,4.0,-3.469971121352101,-0.0,4.0,-3.486864040511916,-0.0,4.0,-3.4913545575086435,-0.0,4.0,-3.4837173933266405,-0.0,-20.761561955967892,0.0
2003,50.075,1.757600986822363e+18,2.451027400383006,-2.110083598215631,0.5999394539631185,-0.04171339048788482,24.14216756757152,0.03161786806636268,1.7762053377469675,-5.6083053227429465e-09,-0.0,4.0,-3.4000605460368813,4.0,-3.440827774930917,-0.0,4.0,-3.469971121352101,-0.0,4.0,-3.486864040511916,-0.0,4.0,-3.4913545575086435,-0.0,-23.99073448287703,0.0
2004,50.1,1.7576009868473628e+18,2.4624848228338427,-2.127607208842404,0.6512081001048382,-0.03138812744891005,24.142424081141485,0.03640669863040201,2.222395681125188,-1.1366912895638213e-09,-0.0,4.0,-3.348791899895162,4.0,-3.4000605460368813,-0.0,4.0,-3.440827774930917,-0.0,4.0,-3.469971121352101,-0.0,4.0,-3.486864040511916,-0.0,-27.175238368203168,0.0
2005,50.125,1.7576009868723628e+18,2.4611965435462,-2.123804648899186,0.7114516566555463,-0.02082793058813909,24.14288541756188,0.039075425442296106,2.6301247843854725,2.047121548968239e-09,-0.0,4.0,-3.288548343344454,4.0,-3.348791899895162,-0.0,4.0,-3.4000605460368813,-0.0,4.0,-3.440827774930917,-0.0,4.0,-3.469971121352101,-0.0,-30.305990826844038,0.0
2006,50.150000000000006,1.757600986897363e+18,2.471181824718177,-2.139046356935124,0.7789405733693203,-0.013250120147079908,24.143068551691847,0.03959539720043562,2.964211521616744,3.423299022995971e-09,-0.0,4.0,-3.2210594266306796,4.0,-3.288548343344454,-0.0,4.0,-3.348791899895162,-0.0,4.0,-3.4000605460368813,-0.0,4.0,-3.440827774930917,-0.0,-33.373603027119465,0.0
2007,50.175000000000004,1.757600986922363e+18,2.4722651434029155,-2.1474435287463938,0.8518453357499981,-0.010187686208300793,24.144384063344358,0.03860248611989396,3.1708536868668253,3.2265884394038214e-09,-0.0,4.0,-3.148154664250002,4.0,-3.2210594266306796,-0.0,4.0,-3.288548343344454,-0.0,4.0,-3.348791899895162,-0.0,4.0,-3.4000605460368813,-0.0,-36.4278459757172,0.0
2008,50.2,1.7576009869473628e+18,2.484911496409502,-2.165283469197008,0.9279422166793457,-0.011118282541681231,24.147490482321896,0.03720321914103134,3.1820989445965218,2.095989913839822e-09,-0.0,4.0,-3.072057783320654,4.0,-3.148154664250002,-0.0,4.0,-3.2210594266306796,-0.0,4.0,-3.288548343344454,-0.0,4.0,-3.348791899895162,-0.0,-39.4027456420543,0.0
2009,50.225,1.7576009869723628e+18,2.49587302945703,-2.1819293184010133,1.0038193324195737,-0.014007823083220182,24.148177108125008,0.03660124956616267,2.9295984972113915,7.27033553767268e-10,-0.0,4.0,-2.9961806675804263,4.0,-3.072057783320654,-0.0,4.0,-3.148154664250002,-0.0,4.0,-3.2210594266306796,-0.0,4.0,-3.288548343344454,-0.0,-42.29521240988098,0.0
2010,50.25,1.7576009869973627e+18,2.4999125341936104,-2.188063586884484,1.0739142939945634,-0.016392123649122077,24.148430140996574,0.03763997925072672,2.365690584005347,-3.6586574215512835e-10,-0.0,4.0,-2.926085706005437,4.0,-2.9961806675804263,-0.0,4.0,-3.072057783320654,-0.0,4.0,-3.148154664250002,-0.0,4.0,-3.2210594266306796,-0.0,-45.1093305468747,0.0
2011,50.275000000000006,1.757600987022363e+18,2.511273022744599,-2.202335789051643,1.1301102859959944,-0.016465870807146763,24.14741045345617,0.04037203904976595,1.4860348003210937,-9.432993058872314e-10,-0.0,3.882460117340088,-2.7523498313440937,4.0,-2.926085706005437,-0.0,4.0,-2.9961806675804263,-0.0,4.0,-3.072057783320654,-0.0,4.0,-3.148154664250002,-0.0,-47.7417805006729,0.0
2012,50.300000000000004,1.7576009870473628e+18,2.536746587661308,-2.246610771827541,1.1626365223499033,-0.013766915311560055,24.14918967680127,0.0438225959960883,0.34564318508806163,-1.0145192743797958e-09,-0.0,1.702741026878357,-0.5401045045284536,3.882460117340088,-2.7523498313440937,-0.0,4.0,-2.926085706005437,-0.0,4.0,-2.9961806675804263,-0.0,4.0,-3.072057783320654,-0.0,-48.156182492564184,0.0
2013,50.325,1.7576009870723628e+18,2.550658794652742,-2.267596815745837,1.1624791408586301,-0.009279620566130659,24.149950930649112,0.04613918289467517,-0.9393157696085401,-7.432300712168638e-10,0.0,0.0,1.1624791408586301,1.702741026878357,-0.5401045045284536,-0.0,3.882460117340088,-2.7523498313440937,-0.0,4.0,-2.926085706005437,-0.0,4.0,-2.9961806675804263,-0.0,-46.86539615000696,0.0
2014,50.35,1.757600987097363e+18,2.571147544999291,-2.295259565353937,1.1245900334185968,-0.004993793951055066,24.152165195860924,0.04520376596943471,-2.20771833972311,-3.398168822293287e-10,0.0,0.0,1.1245900334185968,0.0,1.1624791408586301,0.0,1.702741026878357,-0.5401045045284536,-0.0,3.882460117340088,-2.7523498313440937,-0.0,4.0,-2.926085706005437,-0.0,-45.554392704798644,0.0
2015,50.375,1.757600987122363e+18,2.5846756550244097,-2.314721482558466,1.050442325724209,-0.0030971563882037055,24.15368824094457,0.039541304883968606,-3.285391653474215,2.1401814341884777e-11,0.0,0.0,1.050442325724209,0.0,1.1245900334185968,0.0,0.0,1.1624791408586301,0.0,1.702741026878357,-0.5401045045284536,-0.0,3.882460117340088,-2.7523498313440937,-0.0,-44.320641502796974,0.0
2016,50.400000000000006,1.7576009871473628e+18,2.607257807953801,-2.347638873249273,0.9485276391492172,-0.005069797814926797,24.156012420648686,0.02914102042993634,-4.024415162698209,2.4328526787191845e-10,0.0,0.0,0.9485276391492172,0.0,1.050442325724209,0.0,0.0,1.1245900334185968,0.0,0.0,1.1624791408586301,0.0,1.702741026878357,-0.5401045045284536,-0.0,-43.19303200946812,0.0
2017,50.425000000000004,1.7576009871723628e+18,2.6147978743827385,-2.358927611947935,0.8323489514181474,-0.01100678117409186,24.157526522092674,0.015750057579925054,-4.338119140498383,3.078170196802775e-10,0.0,0.0,0.8323489514181474,0.0,0.9485276391492172,0.0,0.0,1.050442325724209,0.0,0.0,1.1245900334185968,0.0,0.0,1.1624791408586301,0.0,-42.185682909162246,0.0
2018,50.45,1.7576009871973627e+18,2.6337057639699992,-2.394844362687996,0.7167415189696881,-0.019469561172624317,24.15974482795389,0.0023758477293787782,-4.220900183167722,2.5266360881043625e-10,0.0,0.0,0.7167415189696881,0.0,0.8323489514181474,0.0,0.0,0.9485276391492172,0.0,0.0,1.050442325724209,0.0,0.0,1.1245900334185968,0.0,-41.29710663334488,0.0
2019,50.475,1.757600987222363e+18,2.6481170424027907,-2.4161891589532623,0.6140820422984895,-0.02797821085482972,24.16278365121368,-0.007863716091115672,-3.746818524412642,1.3897898489496807e-10,0.0,0.0,0.6140820422984895,0.0,0.7167415189696881,0.0,0.0,0.8323489514181474,0.0,0.0,0.9485276391492172,0.0,0.0,1.050442325724209,0.0,-40.45439248294063,0.0
2020,50.5,1.7576009872473628e+18,2.660808958608893,-2.43491764448076,0.5317542466765721,-0.03394208775888461,24.15931520083474,-0.01297628782410905,-3.047918799721481,2.3709140904660067e-11,0.0,0.0,0.5317542466765721,0.0,0.6140820422984895,0.0,0.0,0.7167415189696881,0.0,0.0,0.8323489514181474,0.0,0.0,0.9485276391492172,0.0,-39.69555673007504,0.0
2021,50.525000000000006,1.7576009872723628e+18,2.674197440828656,-2.4545330101417404,0.4714769270866431,-0.03559053956153328,24.15949507138321,-0.012759531935860406,-2.279597631654678,-5.6619672484707546e-11,0.0,0.0,0.4714769270866431,0.0,0.5317542466765721,0.0,0.0,0.6140820422984895,0.0,0.0,0.7167415189696881,0.0,0.0,0.8323489514181474,0.0,-38.99855068698639,0.0
2022,50.550000000000004,1.757600987297363e+18,2.6767778734488368,-2.461813070797792,0.43031365992738446,-0.032491866372044986,24.154644455525514,-0.008607548741630475,-1.5837963719659005,-8.979137903000887e-11,0.0,0.0,0.43031365992738446,0.0,0.4714769270866431,0.0,0.0,0.5317542466765721,0.0,0.0,0.6140820422984895,0.0,0.0,0.7167415189696881,0.0,-38.344679704253174,0.0
2023,50.575,1.757600987322363e+18,2.6883906249881804,-2.4789369063720885,0.4026637603568403,-0.02550623654240669,24.154093206243367,-0.0026954226195213824,-1.060339239331405,-8.278117531100291e-11,0.0,0.0,0.4026637603568403,0.0,0.43031365992738446,0.0,0.0,0.4714769270866431,0.0,0.0,0.5317542466765721,0.0,0.0,0.6140820422984895,0.0,-37.72089674837942,0.0
2024,50.6,1.7576009873473628e+18,2.690916866931696,-2.4807122888327733,0.38236828979205173,-0.0163094242930217,24.155274647233945,0.0029470763852992962,-0.752981533667676,-5.2532277508369056e-11,0.0,0.0,0.38236828979205173,0.0,0.4026637603568403,0.0,0.0,0.43031365992738446,0.0,0.0,0.4714769270866431,0.0,0.0,0.5317542466765721,0.0,-37.06109886976082,0.0
2025,50.625,1.7576009873723628e+18,2.697481484509968,-2.490444443669295,0.3642573864330501,-0.006776407440542487,24.15570919282262,0.007039734792084498,-0.6514371345263236,-1.7011729972429458e-11,0.0,0.0,0.3642573864330501,0.0,0.38236828979205173,0.0,0.0,0.4026637603568403,0.0,0.0,0.43031365992738446,0.0,0.0,0.4714769270866431,0.0,-36.421926153591365,0.0
2026,50.650000000000006,1.7576009873973627e+18,2.7035507253604525,-2.500952659189755,0.34488148523736967,0.001515372844548858,24.156065636474576,0.009179715170295775,-0.7058559563411162,1.0768187256104385e-11,0.0,0.0,0.34488148523736967,0.0,0.3642573864330501,0.0,0.0,0.38236828979205173,0.0,0.0,0.4026637603568403,0.0,0.0,0.43031365992738446,0.0,-35.74561684476238,0.0
2027,50.675000000000004,1.757600987422363e+18,2.711567924342391,-2.5128516157462726,0.3225543792152564,0.007542881294825418,24.15635359993835,0.009609646993991083,-0.847411888237536,2.4987824659812193e-11,0.0,0.0,0.3225543792152564,0.0,0.34488148523736967,0.0,0.0,0.3642573864330501,0.0,0.0,0.38236828979205173,0.0,0.0,0.4026637603568403,0.0,-35.09477995962823,0.0
2028,50.7,1.7576009874473628e+18,2.7134046603632385,-2.5132294079664,0.297007789803983,0.010877164129470563,24.157088737874357,0.0088642515882968,-1.0083395350340616,2.619330339411669e-11,0.0,0.0,0.297007789803983,0.0,0.3225543792152564,0.0,0.0,0.34488148523736967,0.0,0.0,0.3642573864330501,0.0,0.0,0.38236828979205173,0.0,-34.47519954135562,0.0
2029,50.725,1.7576009874723628e+18,2.717321602285152,-2.5175703724616207,0.2689240901117384,0.011602247420906547,24.157538954013305,0.0074897960076307155,-1.13646827765644,1.878832023873829e-11,0.0,0.0,0.2689240901117384,0.0,0.297007789803983,0.0,0.0,0.3225543792152564,0.0,0.0,0.34488148523736967,0.0,0.0,0.3642573864330501,0.0,-33.894968755650545,0.0
2030,50.75,1.757600987497363e+18,2.7206071798398965,-2.522427212770736,0.23949784041154698,0.010198888156267691,24.157886717010665,0.005910050491689859,-1.2020266383548894,8.244225374614636e-12,0.0,0.0,0.23949784041154698,0.0,0.2689240901117384,0.0,0.0,0.297007789803983,0.0,0.0,0.3225543792152564,0.0,0.0,0.34488148523736967,0.0,-33.24719956874804,0.0
2031,50.775000000000006,1.757600987522363e+18,2.720863906929386,-2.525108434202284,0.21008065903623163,0.007418111446031281,24.156748185037458,0.004410466147033112,-1.1971474022238182,-9.981910441705006e-13,0.0,0.0,0.21008065903623163,0.0,0.23949784041154698,0.0,0.0,0.2689240901117384,0.0,0.0,0.297007789803983,0.0,0.0,0.3225543792152564,0.0,-32.486563820540745,0.0
2032,50.800000000000004,1.7576009875473628e+18,2.7234658137755465,-2.528948066486647,0.18192007998541077,0.00412376550473683,24.157032523009338,0.0031696482059373043,-1.1303306157310955,-6.534965168576326e-12,0.0,0.0,0.18192007998541077,0.0,0.21008065903623163,0.0,0.0,0.23949784041154698,0.0,0.0,0.2689240901117384,0.0,0.0,0.297007789803983,0.0,-31.158212408230863,0.0
2033,50.825,1.7576009875723628e+18,2.725761964145676,-2.529443584205246,0.15599301582142713,0.0010963900514775417,24.157254912296427,0.0022832510224392987,-1.0188237782803578,-8.000529064752278e-12,0.0,0.0,0.15599301582142713,0.0,0.18192007998541077,0.0,0.0,0.21008065903623163,0.0,0.0,0.23949784041154698,0.0,0.0,0.2689240901117384,0.0,-29.81020122784968,0.0
2034,50.85,1.7576009875973627e+18,2.727923307241741,-2.5326348375070387,0.1329318122294371,-0.0011616693416844131,24.157210133523822,0.0017718778473278436,-0.8815763948516318,-6.4330803229801575e-12,0.0,0.0,0.1329318122294371,0.0,0.15599301582142713,0.0,0.0,0.18192007998541077,0.0,0.0,0.21008065903623163,0.0,0.0,0.23949784041154698,0.0,-28.57645183218056,0.0
2035,50.875,1.757600987622363e+18,2.7247211222045293,-2.532297911171721,0.11303791373006733,-0.002554820894789089,24.156928195692025,0.0015917841676349714,-0.7344833508048751,-3.4352970972897343e-12,0.0,0.0,0.11303791373006733,0.0,0.1329318122294371,0.0,0.0,0.15599301582142713,0.0,0.0,0.18192007998541077,0.0,0.0,0.21008065903623163,0.0,-27.469212387220963,0.0
2036,50.900000000000006,1.7576009876473628e+18,2.7256062326518835,-2.5336013619405056,0.0963717680833652,-0.003403396963653189,24.15700608269582,0.0016543969635836474,-0.5884747699781612,-4.672705965685057e-13,0.0,0.0,0.0963717680833652,0.0,0.11303791373006733,0.0,0.0,0.1329318122294371,0.0,0.0,0.15599301582142713,0.0,0.0,0.18192007998541077,0.0,-26.493966552096484,0.0
2037,50.925000000000004,1.7576009876723628e+18,2.728331664264867,-2.534399401707613,0.08288509975885017,-0.004305641907175615,24.157495047534795,0.0018448450668259301,-0.4500006258232467,1.5564217317070598e-12,0.0,0.0,0.08288509975885017,0.0,0.0963717680833652,0.0,0.0,0.11303791373006733,0.0,0.0,0.1329318122294371,0.0,0.0,0.15599301582142713,0.0,-25.64818449120079,0.0
2038,50.95,1.757600987697363e+18,2.728901482098921,-2.535233917375675,0.0725288851600669,-0.0058604411100824025,24.157482710119915,0.002039783564872686,-0.3228320696697836,2.3515586026546267e-12,0.0,0.0,0.0725288851600669,0.0,0.08288509975885017,0.0,0.0,0.0963717680833652,0.0,0.0,0.11303791373006733,0.0,0.0,0.1329318122294371,0.0,-24.922061820797534,0.0
2039,50.975,1.757600987722363e+18,2.7299638400848343,-2.539641012754513,0.06526765510104619,-0.008321343290434133,24.156476122562097,0.0021352087233152623,-0.20995354129953916,2.1213969338647234e-12,0.0,0.0,0.06526765510104619,0.0,0.0725288851600669,0.0,0.0,0.08288509975885017,0.0,0.0,0.0963717680833652,0.0,0.0,0.11303791373006733,0.0,-24.300936974333286,0.0
2040,51.0,1.7576009877473628e+18,2.730282283802575,-2.540111606172884,0.060985417979977495,-0.011325008001730448,24.156476775164112,0.0020814846685048285,-0.1146114248995259,1.3142593503983874e-12,0.0,0.0,0.060985417979977495,0.0,0.06526765510104619,0.0,0.0,0.0725288851600669,0.0,0.0,0.08288509975885017,0.0,0.0,0.0963717680833652,0.0,-23.76828892258785,0.0
2041,51.025000000000006,1.7576009877723628e+18,2.7275220691245643,-2.5359710119194765,0.05934740361971045,-0.013860784249617945,24.156982657257824,0.001904219206800709,-0.04016139702277918,3.937326923571516e-13,0.0,0.0,0.05934740361971045,0.0,0.060985417979977495,0.0,0.0,0.06526765510104619,0.0,0.0,0.0725288851600669,0.0,0.0,0.08288509975885017,0.0,-23.308137402266635,0.0
2042,51.050000000000004,1.7576009877973627e+18,2.7273650927262785,-2.5357377705263504,0.059721597000962606,-0.014572217988381592,24.15679670620696,0.0016912797519875857,0.01101463721569148,-3.114960734220095e-13,0.0,0.0,0.059721597000962606,0.0,0.05934740361971045,0.0,0.0,0.060985417979977495,0.0,0.0,0.06526765510104619,0.0,0.0,0.0725288851600669,0.0,-22.90626990313037,0.0
2043,51.075,1.757600987822363e+18,2.7251606180545846,-2.5364946292782102,0.0612361468978177,-0.01232010127019702,24.156405723905383,0.0015471172093533742,0.03881164422937819,-6.605892955121815e-13,0.0,0.0,0.0612361468978177,0.0,0.059721597000962606,0.0,0.0,0.05934740361971045,0.0,0.0,0.060985417979977495,0.0,0.0,0.06526765510104619,0.0,-22.55043778120257,0.0
2044,51.1,1.7576009878473628e+18,2.724962448893274,-2.5362021596041826,0.06297326018776435,-0.0067759921134674375,24.15622101035941,0.0015372307163795099,0.04612892900390814,-6.754856232120383e-13,0.0,0.0,0.06297326018776435,0.0,0.0612361468978177,0.0,0.0,0.059721597000962606,0.0,0.0,0.05934740361971045,0.0,0.0,0.060985417979977495,0.0,-22.230025682009956,0.0
2045,51.125,1.7576009878723628e+18,2.726404399626701,-2.534608605100757,0.06421854795040015,0.0012449622384139783,24.15610895509024,0.0016522007056014548,0.03851408836504102,-4.74277558590899e-13,0.0,0.0,0.06421854795040015,0.0,0.06297326018776435,0.0,0.0,0.0612361468978177,0.0,0.0,0.059721597000962606,0.0,0.0,0.05934740361971045,0.0,-21.935675022242517,0.0
2046,51.150000000000006,1.757600987897363e+18,2.726637437413001,-2.534953674833989,0.06464259364380541,0.009915325898704046,24.155860351373686,0.0018103885133868578,0.022735937782666065,-1.9907363923642203e-13,0.0,0.0,0.06464259364380541,0.0,0.06421854795040015,0.0,0.0,0.06297326018776435,0.0,0.0,0.0612361468978177,0.0,0.0,0.059721597000962606,0.0,-21.659140558695658,0.0
2047,51.175000000000004,1.757600987922363e+18,2.7260193214540185,-2.530065751423506,0.0643196379043834,0.016986394326000347,24.155621077944225,0.0018994742405594959,0.0048108566582268355,3.7134766125890666e-14,0.0,0.0,0.0643196379043834,0.0,0.06464259364380541,0.0,0.0,0.06421854795040015,0.0,0.0,0.06297326018776435,0.0,0.0,0.0612361468978177,0.0,-21.393436538894214,0.0
2048,51.2,1.7576009879473628e+18,2.7262835787018243,-2.5304579352480494,0.06357463808356145,0.02059799871254249,24.15540083466663,0.0018369884214470065,-0.01172182153398252,1.7501342551176013e-13,0.0,0.0,0.06357463808356145,0.0,0.0643196379043834,0.0,0.0,0.06464259364380541,0.0,0.0,0.06421854795040015,0.0,0.0,0.06297326018776435,0.0,-21.13315582843169,0.0
2049,51.225,1.7576009879723628e+18,2.72639236991092,-2.531793229896853,0.06274158486017165,0.019931262760513078,24.15769113116838,0.0016164735513703203,-0.026566199310137678,2.0768097723962615e-13,0.0,0.0,0.06274158486017165,0.0,0.06357463808356145,0.0,0.0,0.0643196379043834,0.0,0.0,0.06464259364380541,0.0,0.0,0.06421854795040015,0.0,-20.874765511365993,0.0
2050,51.25,1.7576009879973627e+18,2.7271108771397143,-2.532852497267,0.06195710479754857,0.015400334656007172,24.15755606374117,0.0013111414294479328,-0.04216389078062468,1.6359080856449737e-13,0.0,0.0,0.06195710479754857,0.0,0.06274158486017165,0.0,0.0,0.06357463808356145,0.0,0.0,0.0643196379043834,0.0,0.0,0.06464259364380541,0.0,-20.616706929414285,0.0
2051,51.275000000000006,1.757600988022363e+18,2.723166976998808,-2.528489229118596,0.06108261534182374,0.008338179815863265,24.15635293963698,0.0010338085073244856,-0.062121418249849646,8.468148534761852e-14,0.0,0.0,0.06108261534182374,0.0,0.06195710479754857,0.0,0.0,0.06274158486017165,0.0,0.0,0.06357463808356145,0.0,0.0,0.0643196379043834,0.0,-20.359218258569975,0.0
2052,51.300000000000004,1.7576009880473628e+18,2.723441938864367,-2.5288959687882167,0.05977014627870834,0.0004097985995086661,24.15617889235416,0.0008801168648975473,-0.08919485990656682,8.346660599181237e-15,0.0,0.0,0.05977014627870834,0.0,0.06108261534182374,0.0,0.0,0.06195710479754857,0.0,0.0,0.06274158486017165,0.0,0.0,0.06357463808356145,0.0,-20.103898655574664,0.0
2053,51.325,1.7576009880723628e+18,2.723967727646589,-2.5270564664689807,0.057614265301750525,-0.006908101710127469,24.15648007441383,0.0008873420098684118,-0.12360830982251539,-4.2556044730634637e-14,0.0,0.0,0.057614265301750525,0.0,0.05977014627870834,0.0,0.0,0.06108261534182374,0.0,0.0,0.06195710479754857,0.0,0.0,0.06274158486017165,0.0,-19.853107994453918,0.0
2054,51.35,1.757600988097363e+18,2.722517503491737,-2.527173572369857,0.05430888840590248,-0.0125671301270005,24.156144671933436,0.001024519839183796,-0.16233063529789354,-6.149410699939666e-14,0.0,0.0,0.05430888840590248,0.0,0.057614265301750525,0.0,0.0,0.05977014627870834,0.0,0.0,0.06108261534182374,0.0,0.0,0.06195710479754857,0.0,-19.609326310134033,0.0
2055,51.375,1.757600988122363e+18,2.722627661671998,-2.5273384192266786,0.0497546312592642,-0.015933275496042964,24.15596027092242,0.0012109351612229423,-0.1995632521741722,-5.4301531478916384e-14,0.0,0.0,0.0497546312592642,0.0,0.05430888840590248,0.0,0.0,0.057614265301750525,0.0,0.0,0.05977014627870834,0.0,0.0,0.06108261534182374,0.0,-19.374581893018057,0.0
2056,51.400000000000006,1.7576009881473628e+18,2.721817658470324,-2.5296410752057787,0.044102838660948794,-0.016707141059493703,24.156458707377286,0.001350652541450335,-0.22825639616791793,-3.281791521220824e-14,0.0,0.0,0.044102838660948794,0.0,0.0497546312592642,0.0,0.0,0.05430888840590248,0.0,0.0,0.057614265301750525,0.0,0.0,0.05977014627870834,0.0,-19.15002255176706,0.0
2057,51.425000000000004,1.7576009881723628e+18,2.722188579514935,-2.5301909370614704,0.03774203625505984,-0.014934120696080425,24.156390541111865,0.0013688685919692085,-0.24213014609313657,-8.990939495507607e-15,0.0,0.0,0.03774203625505984,0.0,0.044102838660948794,0.0,0.0,0.0497546312592642,0.0,0.0,0.05430888840590248,0.0,0.0,0.057614265301750525,0.0,-18.93568026789816,0.0
2058,51.45,1.7576009881973627e+18,2.7225594616157576,-2.5307407411859963,0.031230942934569024,-0.011086988227779733,24.156322382003367,0.0012381636420393098,-0.23753370730674037,8.888915321083179e-15,0.0,0.0,0.031230942934569024,0.0,0.03774203625505984,0.0,0.0,0.044102838660948794,0.0,0.0,0.0497546312592642,0.0,0.0,0.05430888840590248,0.0,-18.730461949667443,0.0
2059,51.475,1.757600988222363e+18,2.723099013844549,-2.5271102310142,0.025182377110524342,-0.006061739501318476,24.157323478060192,0.0009877101177273157,-0.21455955621031128,1.7430403836327396e-14,0.0,0.0,0.025182377110524342,0.0,0.031230942934569024,0.0,0.0,0.03774203625505984,0.0,0.0,0.044102838660948794,0.0,0.0,0.0497546312592642,0.0,-18.532363210534484,0.0
2060,51.5,1.7576009882473628e+18,2.7233336943778896,-2.527458026974781,0.020119791757382575,-0.0009601977273673691,24.1574540415652,0.000693608835480171,-0.17709199117855068,1.7399692981689707e-14,0.0,0.0,0.020119791757382575,0.0,0.025182377110524342,0.0,0.0,0.031230942934569024,0.0,0.0,0.03774203625505984,0.0,0.0,0.044102838660948794,0.0,-18.33885006038506,0.0
2061,51.525000000000006,1.7576009882723628e+18,2.7236557286555274,-2.5260725889325224,0.0163521796535552,0.0032816361337599624,24.156923159160364,0.000452611736862813,-0.13181538809129892,1.1954595468747753e-14,0.0,0.0,0.0163521796535552,0.0,0.020119791757382575,0.0,0.0,0.025182377110524342,0.0,0.0,0.031230942934569024,0.0,0.0,0.03774203625505984,0.0,-18.147325660919893,0.0
2062,51.550000000000004,1.757600988297363e+18,2.719524417823392,-2.528440549698006,0.013916129949557574,0.006199858439297668,24.1566290971731,0.000346333286681419,-0.08652082710561278,4.781524980873192e-15,0.0,0.0,0.013916129949557574,0.0,0.0163521796535552,0.0,0.0,0.020119791757382575,0.0,0.0,0.025182377110524342,0.0,0.0,0.031230942934569024,0.0,-17.95562487129179,0.0
2063,51.575,1.757600988322363e+18,2.7238885097489574,-2.5282244674349847,0.012603959727300447,0.007849944808880148,24.1577649636281,0.000408763212453362,-0.04823397295660545,-1.248155739293258e-15,0.0,0.0,0.012603959727300447,0.0,0.013916129949557574,0.0,0.0,0.0163521796535552,0.0,0.0,0.020119791757382575,0.0,0.0,0.025182377110524342,0.0,-17.762527900914574,0.0
2064,51.6,1.7576009883473628e+18,2.724132595517692,-2.527670465333923,0.01205587637614245,0.00859242694887942,24.156963069276834,0.0006119852480973728,-0.02169447902653417,-4.6741620243353214e-15,0.0,0.0,0.01205587637614245,0.0,0.012603959727300447,0.0,0.0,0.013916129949557574,0.0,0.0,0.0163521796535552,0.0,0.0,0.020119791757382575,0.0,-17.56828430756087,0.0
2065,51.625,1.7576009883723628e+18,2.724151063804491,-2.5276976732501835,0.01187273802573639,0.008791508170859639,24.156832710234166,0.0008787895369135914,-0.008562609688798555,-5.384406839957405e-15,0.0,0.0,0.01187273802573639,0.0,0.01205587637614245,0.0,0.0,0.012603959727300447,0.0,0.0,0.013916129949557574,0.0,0.0,0.0163521796535552,0.0,-17.37504337872366,0.0
2066,51.650000000000006,1.7576009883973627e+18,2.723151227414614,-2.527531158751265,0.01171138161900102,0.00861884506991675,24.157178454060865,0.00111753243779492,-0.007479450530428423,-4.154811674867592e-15,0.0,0.0,0.01171138161900102,0.0,0.01187273802573639,0.0,0.0,0.01205587637614245,0.0,0.0,0.012603959727300447,0.0,0.0,0.013916129949557574,0.0,-17.18692736564162,0.0
2067,51.675000000000004,1.757600988422363e+18,2.7231694551845145,-2.5275581735381545,0.011342574534546623,0.008034018507047217,24.15707610984083,0.0012620110433960916,-0.014853164369048072,-2.0812234595400827e-15,0.0,0.0,0.011342574534546623,0.0,0.01171138161900102,0.0,0.0,0.01187273802573639,0.0,0.0,0.01205587637614245,0.0,0.0,0.012603959727300447,0.0,-17.00937349884496,0.0
2068,51.7,1.7576009884473628e+18,2.7235321051982795,-2.525839254314331,0.010668581938848383,0.006886805156381927,24.157225509241226,0.0012961841025649948,-0.026063614077120042,-1.2020549642159135e-16,0.0,0.0,0.010668581938848383,0.0,0.011342574534546623,0.0,0.0,0.01171138161900102,0.0,0.0,0.01187273802573639,0.0,0.0,0.01205587637614245,0.0,-16.847457195975487,0.0
2069,51.725,1.7576009884723628e+18,2.723624130646365,-2.5259751981395384,0.009708331502563911,0.005050443020489441,24.15718965116266,0.0012527070088358403,-0.03671299803395427,1.1580897648323155e-15,0.0,0.0,0.009708331502563911,0.0,0.010668581938848383,0.0,0.0,0.011342574534546623,0.0,0.0,0.01171138161900102,0.0,0.0,0.01187273802573639,0.0,-16.703268643394093,0.0
2070,51.75,1.757600988497363e+18,2.724033488914292,-2.5283066640336527,0.008562831437985932,0.0025319241598216707,24.157267333432536,0.001189085278359352,-0.043599228914401184,1.6057950051654903e-15,0.0,0.0,0.008562831437985932,0.0,0.009708331502563911,0.0,0.0,0.010668581938848383,0.0,0.0,0.011342574534546623,0.0,0.0,0.01171138161900102,0.0,-16.57294825798812,0.0
2071,51.775000000000006,1.757600988522363e+18,2.7240954966726627,-2.528398281423996,0.007372686627863512,-0.00046099879829890024,24.157270868017616,0.0011559981337082238,-0.04521651175544802,1.3883478696130528e-15,0.0,0.0,0.007372686627863512,0.0,0.008562831437985932,0.0,0.0,0.009708331502563911,0.0,0.0,0.010668581938848383,0.0,0.0,0.011342574534546623,0.0,-16.561966119936994,0.0
2072,51.800000000000004,1.7576009885473628e+18,2.7245209930888583,-2.526264654335211,0.0062762031688950734,-0.0035157849579089064,24.15741487529197,0.0011736257174558096,-0.04174393921009093,8.178385544317992e-16,0.0,0.0,0.0062762031688950734,0.0,0.007372686627863512,0.0,0.0,0.008562831437985932,0.0,0.0,0.009708331502563911,0.0,0.0,0.010668581938848383,0.0,-17.18008115726738,0.0
2073,51.825,1.7576009885723628e+18,2.722007504447146,-2.527687107575204,0.005374639268520822,-0.006091730689032385,24.1567308554437,0.0012253851082526515,-0.03462100458848239,2.0183237566709826e-16,0.0,0.0,0.005374639268520822,0.0,0.0062762031688950734,0.0,0.0,0.007372686627863512,0.0,0.0,0.008562831437985932,0.0,0.0,0.009708331502563911,0.0,-17.928632272075628,0.0
2074,51.85,1.7576009885973627e+18,2.7231663979595084,-2.52795045652174,0.004711341527493392,-0.007662255313242432,24.15739947082299,0.0012693283080330332,-0.025896585192487772,-2.5087508391335573e-16,0.0,0.0,0.004711341527493392,0.0,0.005374639268520822,0.0,0.0,0.0062762031688950734,0.0,0.0,0.007372686627863512,0.0,0.0,0.008562831437985932,0.0,-18.659460013192103,0.0
2075,51.875,1.757600988622363e+18,2.723091524673987,-2.5278397553469394,0.00427005210138068,-0.007868318812277151,24.157460729440096,0.0012597374813359185,-0.0175620722817075,-4.59091441543871e-16,0.0,0.0,0.00427005210138068,0.0,0.004711341527493392,0.0,0.0,0.005374639268520822,0.0,0.0,0.0062762031688950734,0.0,0.0,0.007372686627863512,0.0,-19.34493132081596,0.0
2076,51.900000000000006,1.7576009886473628e+18,2.723557090213608,-2.5247187455366724,0.00399181092294687,-0.0066274204430250205,24.15647853471767,0.0011681938702671711,-0.011044712254563849,-4.476816533492224e-16,0.0,0.0,0.00399181092294687,0.0,0.00427005210138068,0.0,0.0,0.004711341527493392,0.0,0.0,0.005374639268520822,0.0,0.0,0.0062762031688950734,0.0,-19.90453213810045,0.0
2077,51.925000000000004,1.7576009886723628e+18,2.7212652780515385,-2.5279847949089413,0.003802470904271968,-0.004178951631478411,24.156913067185474,0.0009959212482853021,-0.0069623063351372015,-3.0086374409400453e-16,0.0,0.0,0.003802470904271968,0.0,0.00399181092294687,0.0,0.0,0.00427005210138068,0.0,0.0,0.004711341527493392,0.0,0.0,0.005374639268520822,0.0,-20.38322763074196,0.0
2078,51.95,1.757600988697363e+18,2.7212876806005992,-2.528017911551514,0.0036392426834933275,-0.0010681663202784797,24.1569242472467,0.0007748002302526027,-0.00515123651473982,-1.141494114833179e-16,0.0,0.0,0.0036392426834933275,0.0,0.003802470904271968,0.0,0.0,0.00399181092294687,0.0,0.0,0.00427005210138068,0.0,0.0,0.004711341527493392,0.0,-21.18509325632856,0.0
2079,51.975,1.757600988722363e+18,2.724351208179959,-2.527525948152221,0.0034669482681752217,0.0019450516124785015,24.157664368663454,0.0005581776034004108,-0.0049028329249920025,3.958667151253732e-17,0.0,0.0,0.0034669482681752217,0.0,0.0036392426834933275,0.0,0.0,0.003802470904271968,0.0,0.0,0.00399181092294687,0.0,0.0,0.00427005210138068,0.0,-22.303869789547335,0.0
2080,52.0,1.7576009887473628e+18,2.7243601965507502,-2.527539193444654,0.0032805912295132502,0.004072936888880175,24.15767286549849,0.0004035962432111639,-0.005298114240544583,1.2451732691286662e-16,0.0,0.0,0.0032805912295132502,0.0,0.0034669482681752217,0.0,0.0,0.0036392426834933275,0.0,0.0,0.003802470904271968,0.0,0.0,0.00399181092294687,0.0,-23.84834383273566,0.0
2081,52.025000000000006,1.7576009887723628e+18,2.7232804893946723,-2.5264870394314736,0.003096768624169632,0.0047525645403280635,24.15748099092438,0.00035160457986396993,-0.005525699357669304,1.394285867417499e-16,0.0,0.0,0.003096768624169632,0.0,0.0032805912295132502,0.0,0.0,0.0034669482681752217,0.0,0.0,0.0036392426834933275,0.0,0.0,0.003802470904271968,0.0,-26.45286570980216,0.0
2082,52.050000000000004,1.7576009887973627e+18,2.723286876912565,-2.526496443073184,0.002939869265934316,0.003856499740629529,24.157493788859988,0.00040882142245512223,-0.005096781265014961,1.053861497432002e-16,0.0,0.0,0.002939869265934316,0.0,0.003096768624169632,0.0,0.0,0.0032805912295132502,0.0,0.0,0.0034669482681752217,0.0,0.0,0.0036392426834933275,0.0,-28.974922295027525,0.0
2083,52.075,1.757600988822363e+18,2.723198912210353,-2.5295264815211222,0.002829428677568127,0.0017305412800782288,24.157047549394232,0.0005445224700312684,-0.003919180944180118,5.0984104949465415e-17,0.0,0.0,0.002829428677568127,0.0,0.002939869265934316,0.0,0.0,0.003096768624169632,0.0,0.0,0.0032805912295132502,0.0,0.0,0.0034669482681752217,0.0,-31.284928757036433,0.0
2084,52.1,1.7576009888473628e+18,2.723163991400789,-2.52947485880821,0.0027729597634554137,-0.000980284322063882,24.157074125380596,0.0007040722542961753,-0.0022410411238546375,6.636838107164859e-19,0.0,0.0,0.0027729597634554137,0.0,0.002829428677568127,0.0,0.0,0.002939869265934316,0.0,0.0,0.003096768624169632,0.0,0.0,0.0032805912295132502,0.0,-33.37046518496262,0.0
2085,52.125,1.7576009888723628e+18,2.7244237747756173,-2.528026176367587,0.0027651119190955763,-0.003600943940613379,24.15696722484583,0.0008326905968091243,-0.0005086915391334068,-3.138295216266826e-17,0.0,0.0,0.0027651119190955763,0.0,0.0027729597634554137,0.0,0.0,0.002829428677568127,0.0,0.0,0.002939869265934316,0.0,0.0,0.003096768624169632,0.0,-35.22824292647269,0.0
2086,52.150000000000006,1.757600988897363e+18,2.724445130241948,-2.528057717138124,0.0027911201008362645,-0.005605980864936093,24.15692707773998,0.0008971651611258142,0.0008041646528415751,-4.1874101503682375e-17,0.0,0.0,0.0027911201008362645,0.0,0.0027651119190955763,0.0,0.0,0.0027729597634554137,0.0,0.0,0.002829428677568127,0.0,0.0,0.002939869265934316,0.0,-36.865751427132345,0.0
2087,52.175000000000004,1.757600988922363e+18,2.7224197309908065,-2.52775041997677,0.0028317451204790704,-0.006628038049373373,24.156871509075362,0.0008956569514909271,0.0013454719814492257,-3.5454851811126916e-17,0.0,0.0,0.0028317451204790704,0.0,0.0027911201008362645,0.0,0.0,0.0027651119190955763,0.0,0.0,0.0027729597634554137,0.0,0.0,0.002829428677568127,0.0,-38.300147912390955,0.0
2088,52.2,1.7576009889473628e+18,2.7224302814775663,-2.5277660061228246,0.002867680737403933,-0.00638522394668434,24.156904004559287,0.0008537202730232557,0.000979603935789886,-2.033742150643448e-17,0.0,0.0,0.002867680737403933,0.0,0.0028317451204790704,0.0,0.0,0.0027911201008362645,0.0,0.0,0.0027651119190955763,0.0,0.0,0.0027729597634554137,0.0,-39.555120308398266,0.0
2089,52.225,1.7576009889723628e+18,2.72290425916471,-2.5282773192988524,0.002882337859514057,-0.004681992550334441,24.15651492626719,0.0008114814465281356,-0.00018434153794978945,-4.4303130791863484e-18,0.0,0.0,0.002882337859514057,0.0,0.002867680737403933,0.0,0.0,0.0028317451204790704,0.0,0.0,0.0027911201008362645,0.0,0.0,0.0027651119190955763,0.0,-40.65698665059115,0.0
2090,52.25,1.7576009889973627e+18,2.7229278621376363,-2.528312184350382,0.0028629569264338912,-0.0015456977099382423,24.156503001577914,0.0008088302906957623,-0.0018269306213346346,7.016215485348211e-18,0.0,0.0,0.0028629569264338912,0.0,0.002882337859514057,0.0,0.0,0.002867680737403933,0.0,0.0,0.0028317451204790704,0.0,0.0,0.0027911201008362645,0.0,-41.631255922347336,0.0
2091,52.275000000000006,1.757600989022363e+18,2.723023539636233,-2.527916012156426,0.0028013835213096553,0.002589152584605867,24.157253412751338,0.0008737252589740008,-0.003501554814731073,1.2071044217947928e-17,0.0,0.0,0.0028013835213096553,0.0,0.0028629569264338912,0.0,0.0,0.002882337859514057,0.0,0.0,0.002867680737403933,0.0,0.0,0.0028317451204790704,0.0,-42.50041317646295,0.0
2092,52.300000000000004,1.7576009890473628e+18,2.7230133519174764,-2.5279009680386912,0.0026962955814109776,0.006810826304090871,24.157274221410706,0.0010161054591141336,-0.004746559851676861,1.150537271468039e-17,0.0,0.0,0.0026962955814109776,0.0,0.0028013835213096553,0.0,0.0,0.0028629569264338912,0.0,0.0,0.002882337859514057,0.0,0.0,0.002867680737403933,0.0,-43.28307366512765,0.0
2093,52.325,1.7576009890723628e+18,2.7253042967066823,-2.529757879286312,0.0025568476766449546,0.009882487594209474,24.15734096367765,0.0012274070382632478,-0.0052024417757416536,7.559783398075524e-18,0.0,0.0,0.0025568476766449546,0.0,0.0026962955814109776,0.0,0.0,0.0028013835213096553,0.0,0.0,0.0028629569264338912,0.0,0.0,0.002882337859514057,0.0,-43.99418856923706,0.0
2094,52.35,1.757600989097363e+18,2.725322673734312,-2.529785014737011,0.0024048462039764477,0.010599433628260197,24.157321726154574,0.0014836038451718195,-0.004707491283230454,2.7059237814216136e-18,0.0,0.0,0.0024048462039764477,0.0,0.0025568476766449546,0.0,0.0,0.0026962955814109776,0.0,0.0,0.0028013835213096553,0.0,0.0,0.0028629569264338912,0.0,-42.35401730315777,0.0
2095,52.375,1.757600989122363e+18,2.7231055570358484,-2.5258328986537832,0.002271763890632592,0.008227752955709104,24.157031014060916,0.0017493536248191699,-0.003346279478941647,-1.2090771561189636e-18,0.0,0.0,0.002271763890632592,0.0,0.0024048462039764477,0.0,0.0,0.0025568476766449546,0.0,0.0,0.0026962955814109776,0.0,0.0,0.0028013835213096553,0.0,-40.01665895081919,0.0
2096,52.400000000000006,1.7576009891473628e+18,2.723116538542598,-2.5258491039499607,0.002189556757093659,0.0028563212141542037,24.15711724465216,0.0019826536729421313,-0.0014334683771471358,-3.3092292015107717e-18,0.0,0.0,0.002189556757093659,0.0,0.002271763890632592,0.0,0.0,0.0024048462039764477,0.0,0.0,0.0025568476766449546,0.0,0.0,0.0026962955814109776,0.0,-36.57962695566498,0.0
2097,52.425000000000004,1.7576009891723628e+18,2.7237124083847672,-2.528004928107104,0.002178504008813643,-0.004488056491769308,24.157102579125105,0.0021412153727062345,0.0005682894578950854,-3.606175277667549e-18,0.0,0.0,0.002178504008813643,0.0,0.002189556757093659,0.0,0.0,0.002271763890632592,0.0,0.0,0.0024048462039764477,0.0,0.0,0.0025568476766449546,0.0,-33.11285365043655,0.0
2098,52.45,1.7576009891973627e+18,2.721817621481008,-2.527439957370156,0.0022378883235781074,-0.01203970176841563,24.15693152754552,0.002191099216607562,0.002176646885041917,-2.6695676678154062e-18,0.0,0.0,0.0022378883235781074,0.0,0.002178504008813643,0.0,0.0,0.002189556757093659,0.0,0.0,0.002271763890632592,0.0,0.0,0.0024048462039764477,0.0,-29.626898368786325,0.0
2099,52.475,1.757600989222363e+18,2.721821828235395,-2.527446167559721,0.002344480428081374,-0.017772913478696684,24.15692738892451,0.002115546124556729,0.0030264714557622207,-1.2445007947745696e-18,0.0,0.0,0.002344480428081374,0.0,0.0022378883235781074,0.0,0.0,0.002178504008813643,0.0,0.0,0.002189556757093659,0.0,0.0,0.002271763890632592,0.0,-26.1331993308496,0.0
2100,52.5,1.7576009892473628e+18,2.721830233550093,-2.5274585758424117,0.0024602061729067566,-0.020017703591075006,24.15691911974385,0.0019204080580108502,0.002971547249802632,4.526120917590483e-20,0.0,0.0,0.0024602061729067566,0.0,0.002344480428081374,0.0,0.0,0.0022378883235781074,0.0,0.0,0.002178504008813643,0.0,0.0,0.002189556757093659,0.0,-22.643875084164776,0.0
2101,52.525000000000006,1.7576009892723628e+18,2.720271535185761,-2.5275118732812487,0.002546138482787855,-0.018012152693741307,24.156633727253585,0.0016339608810044173,0.0021172772368695993,8.4723006972601e-19,0.0,0.0,0.002546138482787855,0.0,0.0024602061729067566,0.0,0.0,0.002344480428081374,0.0,0.0,0.0022378883235781074,0.0,0.0,0.002178504008813643,0.0,-19.17135782432989,0.0
2102,52.550000000000004,1.757600989297363e+18,2.7202883684711647,-2.5275367494511416,0.002576985056724643,-0.012200867647723981,24.15666892144217,0.001301612711386604,0.0007744243833399982,1.0904790552366767e-18,0.0,0.0,0.002576985056724643,0.0,0.002546138482787855,0.0,0.0,0.0024602061729067566,0.0,0.0,0.002344480428081374,0.0,0.0,0.0022378883235781074,0.0,-15.727953064342246,0.0
2103,52.575,1.757600989322363e+18,2.7229181267762668,-2.5285311542768545,0.0025496789381658767,-0.004155485505386587,24.157548765250137,0.0009772028361152887,-0.0006476456411998663,9.043530984748615e-19,0.0,0.0,0.0025496789381658767,0.0,0.002576985056724643,0.0,0.0,0.002546138482787855,0.0,0.0,0.0024602061729067566,0.0,0.0,0.002344480428081374,0.0,-12.3253428393672,0.0
2104,52.6,1.7576009893473628e+18,2.721848569493309,-2.526764132306277,0.0024820360622924624,0.0038918108547611207,24.1575771999593,0.0007119880667429928,-0.0017686493653125404,5.045837529014762e-19,0.0,0.0,0.0024820360622924624,0.0,0.0025496789381658767,0.0,0.0,0.002576985056724643,0.0,0.0,0.002546138482787855,0.0,0.0,0.0024602061729067566,0.0,-8.974068903409744,0.0
2105,52.625,1.7576009893723628e+18,2.7218455817236693,-2.5267597133303776,0.00240235088874395,0.00976747827599631,24.157606334840143,0.0005426548827215036,-0.0023415097457790196,9.429216830978674e-20,0.0,0.0,0.00240235088874395,0.0,0.0024820360622924624,0.0,0.0,0.0025496789381658767,0.0,0.0,0.002576985056724643,0.0,0.0,0.002546138482787855,0.0,-5.6831182091765475,0.0
2106,52.650000000000006,1.7576009893973627e+18,2.7225570229610083,-2.527683295546924,0.0023359055958115105,0.012079963411062341,24.157038679829576,0.0004819163521107996,-0.002301143931815652,-1.9471792317891989e-19,0.0,0.0,0.0023359055958115105,0.0,0.00240235088874395,0.0,0.0,0.0024820360622924624,0.0,0.0,0.0025496789381658767,0.0,0.0,0.002576985056724643,0.0,-2.4597228769500563,0.0
2107,52.675000000000004,1.757600989422363e+18,2.7240976166935003,-2.525178998557289,0.0022958745460182825,0.01067498407831807,24.157773295371467,0.0005164985730965836,-0.0017498842837513119,-3.168678327031707e-19,0.0,0.0,0.0022958745460182825,0.0,0.0023359055958115105,0.0,0.0,0.00240235088874395,0.0,0.0,0.0024820360622924624,0.0,0.0,0.0025496789381658767,0.0,0.6907276618459639,0.0
2108,52.7,1.7576009894473628e+18,2.721806667811305,-2.527126546166535,0.0022825111642126865,0.006636095526584492,24.157484483525053,0.0006142318289967888,-0.0008952227849672002,-2.9534939234690373e-19,0.0,0.0,0.0022825111642126865,0.0,0.0022958745460182825,0.0,0.0,0.0023359055958115105,0.0,0.0,0.00240235088874395,0.0,0.0,0.0024820360622924624,0.0,3.765067956330831,0.0
2109,52.725,1.7576009894723628e+18,2.721804414164413,-2.527123211752267,0.0022888408057315083,0.001815227572271936,24.157436568768595,0.0007364085291008659,3.053380340055423e-05,-1.896364091666037e-19,0.0,0.0,0.0022888408057315083,0.0,0.0022825111642126865,0.0,0.0,0.0022958745460182825,0.0,0.0,0.0023359055958115105,0.0,0.0,0.00240235088874395,0.0,6.763537464716989,0.0
2110,52.75,1.757600989497363e+18,2.721682280588668,-2.5282499368690523,0.0023077237001528773,-0.0019212698687450858,24.156379419414257,0.0008490479854951257,0.0008389843389710346,-6.361426184755545e-20,0.0,0.0,0.0023077237001528773,0.0,0.0022888408057315083,0.0,0.0,0.0022825111642126865,0.0,0.0,0.0022958745460182825,0.0,0.0,0.0023359055958115105,0.0,9.691930894422578,0.0
2111,52.775000000000006,1.757600989522363e+18,2.7216918978264792,-2.5282641198903297,0.002335700049467136,-0.0034043473745831655,24.156410150533603,0.0009291480368726532,0.0014237702802238066,3.596137975707525e-20,0.0,0.0,0.002335700049467136,0.0,0.0023077237001528773,0.0,0.0,0.0022888408057315083,0.0,0.0,0.0022825111642126865,0.0,0.0,0.0022958745460182825,0.0,12.446616425816138,0.0
2112,52.800000000000004,1.7576009895473628e+18,2.722522215912897,-2.5258772990487364,0.0023721934213683663,-0.0025120046870295144,24.156934359336706,0.0009661785759195121,0.0017638332116065598,8.775308076362866e-20,0.0,0.0,0.0023721934213683663,0.0,0.002335700049467136,0.0,0.0,0.0023077237001528773,0.0,0.0,0.0022888408057315083,0.0,0.0,0.0022825111642126865,0.0,12.98909312376596,0.0
2113,52.825,1.7576009895723628e+18,2.722518435069034,-2.5258717014737773,0.0024160892891093152,-1.9672088529976512e-05,24.156888763721685,0.000961270041280278,0.0018993867468175632,9.316006295847836e-20,0.0,0.0,0.0024160892891093152,0.0,0.0023721934213683663,0.0,0.0,0.002335700049467136,0.0,0.0,0.0023077237001528773,0.0,0.0,0.0022888408057315083,0.0,11.82903007219644,0.0
2114,52.85,1.7576009895973627e+18,2.7221836819180654,-2.5249008194072102,0.002463247158133558,0.0029080038346985214,24.156809279131636,0.0009259505054153816,0.0018941054910638266,6.753159998349535e-20,0.0,0.0,0.002463247158133558,0.0,0.0024160892891093152,0.0,0.0,0.0023721934213683663,0.0,0.0,0.002335700049467136,0.0,0.0,0.0023077237001528773,0.0,10.706903285935978,0.0
2115,52.875,1.757600989622363e+18,2.722196800680268,-2.5249201859469923,0.0025072714545330264,0.005244518746143528,24.15689647206885,0.0008808003327275375,0.0017975774467806453,3.025741164146071e-20,0.0,0.0,0.0025072714545330264,0.0,0.002463247158133558,0.0,0.0,0.0024160892891093152,0.0,0.0,0.0023721934213683663,0.0,0.0,0.002335700049467136,0.0,9.658968231666302,0.0
2116,52.900000000000006,1.7576009896473628e+18,2.723694921042166,-2.5319034754548304,0.0025429532544001643,0.006346531684728256,24.15704547002942,0.0008538412401541429,0.001619641564053286,-2.762441636130017e-21,0.0,0.0,0.0025429532544001643,0.0,0.0025072714545330264,0.0,0.0,0.002463247158133558,0.0,0.0,0.0024160892891093152,0.0,0.0,0.0023721934213683663,0.0,8.712983545771484,0.0
2117,52.925000000000004,1.7576009896723628e+18,2.723703449216287,-2.531916079395468,0.0025693577828443887,0.005875379635578406,24.157046260605775,0.0008778412173855339,0.0013245319969086328,-2.279398437686945e-20,0.0,0.0,0.0025693577828443887,0.0,0.0025429532544001643,0.0,0.0,0.0025072714545330264,0.0,0.0,0.002463247158133558,0.0,0.0,0.0024160892891093152,0.0,7.883203952136181,0.0
2118,52.95,1.757600989697363e+18,2.724457857546437,-2.5262204781847,0.002589373430384895,0.00362552476823111,24.157346166825103,0.0009836744616495414,0.0008477891343188791,-2.8360976119034703e-20,0.0,0.0,0.002589373430384895,0.0,0.0025693577828443887,0.0,0.0,0.0025429532544001643,0.0,0.0,0.0025072714545330264,0.0,0.0,0.002463247158133558,0.0,7.169051806596878,0.0
2119,52.975,1.757600989722363e+18,2.724477060323495,-2.52624883845893,0.0026051730601343672,-0.0004669956460812811,24.15738222231544,0.0011868548035154775,0.00013209825591287288,-2.3039756107117402e-20,0.0,0.0,0.0026051730601343672,0.0,0.002589373430384895,0.0,0.0,0.0025693577828443887,0.0,0.0,0.0025429532544001643,0.0,0.0,0.0025072714545330264,0.0,6.557574937358523,0.0
2120,53.0,1.7576009897473628e+18,2.7234945947443783,-2.5255972206547828,0.002612817862369919,-0.00608785815351927,24.1573806354553,0.0014706849581363856,-0.0008296133469863342,-1.2488433490091671e-20,0.0,0.0,0.002612817862369919,0.0,0.0026051730601343672,0.0,0.0,0.002589373430384895,0.0,0.0,0.0025693577828443887,0.0,0.0,0.0025429532544001643,0.0,6.02843350854432,0.0
2121,53.025000000000006,1.7576009897723628e+18,2.7222082969558703,-2.526510540204593,0.0026008168550437642,-0.012307704891532146,24.156862628693318,0.001777448631380783,-0.0019612565044369126,-1.9179920593712763e-21,0.0,0.0,0.0026008168550437642,0.0,0.002612817862369919,0.0,0.0,0.0026051730601343672,0.0,0.0,0.002589373430384895,0.0,0.0,0.0025693577828443887,0.0,5.5595573983127204,0.0
2122,53.050000000000004,1.7576009897973627e+18,2.7210805957950743,-2.528178153216979,0.002554938680122277,-0.01764397557922653,24.157231824841993,0.00201850656302847,-0.0030979213538157766,5.368414860118526e-21,0.0,0.0,0.002554938680122277,0.0,0.0026008168550437642,0.0,0.0,0.002612817862369919,0.0,0.0,0.0026051730601343672,0.0,0.0,0.002589373430384895,0.0,5.131798677065459,0.0
2123,53.075,1.757600989822363e+18,2.7210884989971778,-2.5281898250427783,0.002466938947976634,-0.020521575477926123,24.157315110287133,0.0021037040723192566,-0.004015979916391798,8.304799271352201e-21,0.0,0.0,0.002466938947976634,0.0,0.002554938680122277,0.0,0.0,0.0026008168550437642,0.0,0.0,0.002612817862369919,0.0,0.0,0.0026051730601343672,0.0,4.731601855656595,0.0
2124,53.1,1.7576009898473628e+18,2.722060720444768,-2.529150960498935,0.002341998578887221,-0.019926024430574122,24.157552056579878,0.001978569314388333,-0.004492841493296872,7.573116559494205e-21,0.0,0.0,0.002341998578887221,0.0,0.002466938947976634,0.0,0.0,0.002554938680122277,0.0,0.0,0.0026008168550437642,0.0,0.0,0.002612817862369919,0.0,4.351575564443431,0.0
2125,53.125,1.7576009898723628e+18,2.720221054520735,-2.527825130448851,0.0022003611095561064,-0.015868419737173022,24.156683002912175,0.001651466345414621,-0.0043759887158482036,4.748662710494874e-21,0.0,0.0,0.0022003611095561064,0.0,0.002341998578887221,0.0,0.0,0.002466938947976634,0.0,0.0,0.002554938680122277,0.0,0.0,0.0026008168550437642,0.0,3.9895185391199366,0.0
2126,53.150000000000006,1.757600989897363e+18,2.7202240406808245,-2.5278295157010904,0.002071728773544293,-0.009374934994640656,24.156640381763715,0.0011954268448043383,-0.003634489120912472,1.4807677224995988e-21,0.0,0.0,0.002071728773544293,0.0,0.0022003611095561064,0.0,0.0,0.002341998578887221,0.0,0.0,0.002466938947976634,0.0,0.0,0.002554938680122277,0.0,3.646708782656111,0.0
2127,53.175000000000004,1.757600989922363e+18,2.7224595569929875,-2.525760942420836,0.001984563873608185,-0.0020050278018550966,24.15681300705775,0.0007219505806551232,-0.002371876446939938,-1.0486971386770807e-21,0.0,0.0,0.001984563873608185,0.0,0.002071728773544293,0.0,0.0,0.0022003611095561064,0.0,0.0,0.002341998578887221,0.0,0.0,0.002466938947976634,0.0,3.326138967314463,0.0
2128,53.2,1.7576009899473628e+18,2.7224629991032625,-2.525766022305634,0.0019552173093890057,0.004811864854767083,24.156805121552292,0.00034035460929105783,-0.0007953219721660103,-2.3221773166182463e-21,0.0,0.0,0.0019552173093890057,0.0,0.001984563873608185,0.0,0.0,0.002071728773544293,0.0,0.0,0.0022003611095561064,0.0,0.0,0.002341998578887221,0.0,3.031086394819869,0.0
2129,53.225,1.7576009899723628e+18,2.7208990704928016,-2.528448681074225,0.001982367255565978,0.010237462491555063,24.15654978772823,0.00012346978322791614,0.0008451515826493586,-2.4038438446476068e-21,0.0,0.0,0.001982367255565978,0.0,0.0019552173093890057,0.0,0.0,0.001984563873608185,0.0,0.0,0.002071728773544293,0.0,0.0,0.0022003611095561064,0.0,2.7641446719636966,0.0
2130,53.25,1.7576009899973627e+18,2.7208908215267997,-2.528436479437945,0.002049751607441661,0.014057746595835486,24.156568703743837,9.332661621719371e-05,0.0023215026834866198,-1.7059379478284053e-21,0.0,0.0,0.002049751607441661,0.0,0.001982367255565978,0.0,0.0,0.0019552173093890057,0.0,0.0,0.001984563873608185,0.0,0.0,0.002071728773544293,0.0,2.5266965831595916,0.0
2131,53.275000000000006,1.757600990022363e+18,2.7240965250414733,-2.528319955139925,0.002135717291066618,0.016363596027094838,24.157647353694877,0.00022713291407971454,0.003471423316744063,-7.323910949152494e-22,0.0,0.0,0.002135717291066618,0.0,0.002049751607441661,0.0,0.0,0.001982367255565978,0.0,0.0,0.0019552173093890057,0.0,0.0,0.001984563873608185,0.0,2.3187516414144262,0.0
2132,53.300000000000004,1.7576009900473628e+18,2.724109540147339,-2.5283391998589093,0.0022241801774485004,0.017182177185744715,24.157661455232606,0.0004745257492302274,0.004209005300721228,1.1198788393182329e-22,0.0,0.0,0.0022241801774485004,0.0,0.002135717291066618,0.0,0.0,0.002049751607441661,0.0,0.0,0.001982367255565978,0.0,0.0,0.0019552173093890057,0.0,2.139055741606464,0.0
2133,53.325,1.7576009900723628e+18,2.724362985063894,-2.5265294233129563,0.002310567895293088,0.01635270274013423,24.157107585922603,0.0007750812587170998,0.004508386724460815,6.113385572816245e-22,0.0,0.0,0.002310567895293088,0.0,0.0022241801774485004,0.0,0.0,0.002135717291066618,0.0,0.0,0.002049751607441661,0.0,0.0,0.001982367255565978,0.0,1.98537329368033,0.0
2134,53.35,1.757600990097363e+18,2.724379374358156,-2.5265536003058324,0.002399340350948708,0.013712358812797133,24.157095505691018,0.0010695591212085943,0.004379329680261791,7.366662326188781e-22,0.0,0.0,0.002399340350948708,0.0,0.002310567895293088,0.0,0.0,0.0022241801774485004,0.0,0.0,0.002135717291066618,0.0,0.0,0.002049751607441661,0.0,1.8548408218018415,0.0
2135,53.375,1.757600990122363e+18,2.722657581289122,-2.525751082589914,0.0024952818824191046,0.009398434639690458,24.156750600123363,0.0013057943013040432,0.0038542812853825385,5.862546999853159e-22,0.0,0.0,0.0024952818824191046,0.0,0.002399340350948708,0.0,0.0,0.002310567895293088,0.0,0.0,0.0022241801774485004,0.0,0.0,0.002135717291066618,0.0,1.7442981899541932,0.0
2136,53.400000000000006,1.7576009901473628e+18,2.722641366531336,-2.5257271303056728,0.0025949442762911233,0.003992594637484377,24.156763041790175,0.0014438488044376061,0.002994902814950499,3.0827440440492667e-22,0.0,0.0,0.0025949442762911233,0.0,0.0024952818824191046,0.0,0.0,0.002399340350948708,0.0,0.0,0.002310567895293088,0.0,0.0,0.0022241801774485004,0.0,1.6505213661471192,0.0
2137,53.425000000000004,1.7576009901723628e+18,2.722662760500015,-2.527773830735208,0.002684229883359607,-0.0016126961099180743,24.15717741228167,0.0014620402387412385,0.0019096357077127877,3.6257710067810197e-23,0.0,0.0,0.002684229883359607,0.0,0.0025949442762911233,0.0,0.0,0.0024952818824191046,0.0,0.0,0.002399340350948708,0.0,0.0,0.002310567895293088,0.0,1.5703204962716286,0.0
2138,53.45,1.7576009901973627e+18,2.72347460460737,-2.527051198054592,0.002743865469215767,-0.0065155783847483705,24.157577212787576,0.0013610319224805218,0.0007628408064867647,-1.471638782631017e-22,0.0,0.0,0.002743865469215767,0.0,0.002684229883359607,0.0,0.0,0.0025949442762911233,0.0,0.0,0.0024952818824191046,0.0,0.0,0.002399340350948708,0.0,1.5005354765807775,0.0
2139,53.475,1.757600990222363e+18,2.7216803900932303,-2.5242906402565866,0.002759690538836194,-0.010065603765410703,24.15661348193456,0.0011630075771911965,-0.0002425037587547026,-2.1733240307244975e-22,0.0,0.0,0.002759690538836194,0.0,0.002743865469215767,0.0,0.0,0.002684229883359607,0.0,0.0,0.0025949442762911233,0.0,0.0,0.0024952818824191046,0.0,1.4380275120185677,0.0
2140,53.5,1.7576009902473628e+18,2.7216786662242,-2.5242880843553928,0.0027318091875230995,-0.011963437999427267,24.156585018457225,0.0009060125450678514,-0.0009128706539968187,-1.9396099566208544e-22,0.0,0.0,0.0027318091875230995,0.0,0.002759690538836194,0.0,0.0,0.002743865469215767,0.0,0.0,0.002684229883359607,0.0,0.0,0.0025949442762911233,0.0,1.3797739032261132,0.0
2141,53.525000000000006,1.7576009902723628e+18,2.720614566013391,-2.5274127979399195,0.0026768432574477427,-0.012233551155093546,24.156934065923267,0.0006357244320144034,-0.0011288755869957793,-1.1869104215925593e-22,0.0,0.0,0.0026768432574477427,0.0,0.0027318091875230995,0.0,0.0,0.002759690538836194,0.0,0.0,0.002743865469215767,0.0,0.0,0.002684229883359607,0.0,1.3231033428638506,0.0
2142,53.550000000000004,1.757600990297363e+18,2.7236355997520296,-2.5300247131635403,0.0026211271805042157,-0.011171833033228907,24.157148523987246,0.00039671349392439616,-0.0008995918923245656,-3.4053945804792745e-23,0.0,0.0,0.0026211271805042157,0.0,0.0026768432574477427,0.0,0.0,0.0027318091875230995,0.0,0.0,0.002759690538836194,0.0,0.0,0.002743865469215767,0.0,1.2660028730433919,0.0
2143,53.575,1.757600990322363e+18,2.723623882135548,-2.5300073840937576,0.0025882674515787887,-0.00930932142583918,24.157152188408674,0.00022421194520929385,-0.000379627995973006,3.0118112091508604e-23,0.0,0.0,0.0025882674515787887,0.0,0.0026211271805042157,0.0,0.0,0.0026768432574477427,0.0,0.0,0.0027318091875230995,0.0,0.0,0.002759690538836194,0.0,1.2073549935971533,0.0
2144,53.6,1.7576009903473628e+18,2.721884954693085,-2.5287162436486152,0.0025882128606806334,-0.007334622759078089,24.157227826187054,0.0001378129744053622,0.0001643734874775516,6.133067135165079e-23,0.0,0.0,0.0025882128606806334,0.0,0.0025882674515787887,0.0,0.0,0.0026211271805042157,0.0,0.0,0.0026768432574477427,0.0,0.0,0.0027318091875230995,0.0,1.1469699462700695,0.0
2145,53.625,1.7576009903723628e+18,2.721890928305044,-2.5287250637548344,0.0026137203311230863,-0.005899219187162622,24.15722835457495,0.00014023235490109298,0.00043082180521510104,6.195561007575351e-23,0.0,0.0,0.0026137203311230863,0.0,0.0025882128606806334,0.0,0.0,0.0025882674515787887,0.0,0.0,0.0026211271805042157,0.0,0.0,0.0026768432574477427,0.0,1.0853651186507922,0.0
2146,53.650000000000006,1.7576009903973627e+18,2.7224320350664866,-2.5264908231980763,0.002645014084136196,-0.005327697605135109,24.156820449419246,0.00022345347951944884,0.00017928452713984207,4.30317034278152e-23,0.0,0.0,0.002645014084136196,0.0,0.0026137203311230863,0.0,0.0,0.0025882128606806334,0.0,0.0,0.0025882674515787887,0.0,0.0,0.0026211271805042157,0.0,1.0233675390911232,0.0
2147,53.675000000000004,1.757600990422363e+18,2.722483846495793,-2.5265673878544304,0.0026587324988169097,-0.005392997375767931,24.15673907117614,0.0003785375930390225,-0.0006863213170631081,1.7639438282855817e-23,0.0,0.0,0.0026587324988169097,0.0,0.002645014084136196,0.0,0.0,0.0026137203311230863,0.0,0.0,0.0025882128606806334,0.0,0.0,0.0025882674515787887,0.0,0.9617066336855568,0.0
2148,53.7,1.7576009904473628e+18,2.7216140106869813,-2.5320178800559874,0.0026360410796852233,-0.005353471258825372,24.15692232668442,0.0005995948066217972,-0.002074586623251654,-3.9276560826968446e-24,0.0,0.0,0.0026360410796852233,0.0,0.0026587324988169097,0.0,0.0,0.002645014084136196,0.0,0.0,0.0026137203311230863,0.0,0.0,0.0025882128606806334,0.0,0.9007680366816805,0.0
2149,53.725,1.7576009904723628e+18,2.721644460188501,-2.532062890550657,0.0025670035695837703,-0.004301056504610128,24.156924929655396,0.000876456099038096,-0.003717069498666022,-1.6349250250217958e-23,0.0,0.0,0.0025670035695837703,0.0,0.0026360410796852233,0.0,0.0,0.0026587324988169097,0.0,0.0,0.002645014084136196,0.0,0.0,0.0026137203311230863,0.0,0.8405934553910925,0.0
2150,53.75,1.757600990497363e+18,2.72171676373404,-2.526659633169243,0.002451523822164187,-0.00163588325557591,24.157137254888855,0.0011830572787016572,-0.005229550477027968,-1.911076490451822e-23,0.0,0.0,0.002451523822164187,0.0,0.0025670035695837703,0.0,0.0,0.0026360410796852233,0.0,0.0,0.0026587324988169097,0.0,0.0,0.002645014084136196,0.0,0.7810878744157081,0.0
2151,53.775000000000006,1.757600990522363e+18,2.7209332033090083,-2.524505706350073,0.0022987666989465337,0.0026229288095028108,24.157064429659606,0.001475089002531982,-0.006207502638845917,-1.4898863811610315e-23,0.0,0.0,0.0022987666989465337,0.0,0.002451523822164187,0.0,0.0,0.0025670035695837703,0.0,0.0,0.0026360410796852233,0.0,0.0,0.0026587324988169097,0.0,0.7223040257728309,0.0
2152,53.800000000000004,1.7576009905473628e+18,2.720945673046152,-2.524524117735231,0.0021262686830234735,0.00785341624786604,24.157137300413186,0.001702840805367674,-0.0063309703594650974,-7.587990881476461e-24,0.0,0.0,0.0021262686830234735,0.0,0.0022987666989465337,0.0,0.0,0.002451523822164187,0.0,0.0,0.0025670035695837703,0.0,0.0,0.0026360410796852233,0.0,0.664660148177146,0.0
2153,53.825,1.7576009905723628e+18,2.721800549475923,-2.528036053062563,0.001958427137398961,0.01309644255636064,24.157572543515954,0.0018320968840253315,-0.005452105087865866,-5.959938978043717e-25,0.0,0.0,0.001958427137398961,0.0,0.0021262686830234735,0.0,0.0,0.0022987666989465337,0.0,0.0,0.002451523822164187,0.0,0.0,0.0025670035695837703,0.0,0.6090043100127945,0.0
2154,53.85,1.7576009905973627e+18,2.721787527689621,-2.5280167941108607,0.0018233318501301244,0.017353596396687345,24.157583056203098,0.001860021955032253,-0.003642568191996378,4.0139577767002416e-24,0.0,0.0,0.0018233318501301244,0.0,0.001958427137398961,0.0,0.0,0.0021262686830234735,0.0,0.0,0.0022987666989465337,0.0,0.0,0.002451523822164187,0.0,0.5565187534570222,0.0
2155,53.875,1.757600990622363e+18,2.7236170713222485,-2.5260083752845857,0.0017473615763604368,0.019764316417838372,24.15684675770139,0.0018168745437060825,-0.0011871791947619201,5.679201092535688e-24,0.0,0.0,0.0017473615763604368,0.0,0.0018233318501301244,0.0,0.0,0.001958427137398961,0.0,0.0,0.0021262686830234735,0.0,0.0,0.0022987666989465337,0.0,0.5085114837741184,0.0
2156,53.900000000000006,1.7576009906473628e+18,2.723604585603552,-2.5259899485077435,0.0017482158357911583,0.01968259592337122,24.156837350125432,0.0017528861498423026,0.0014766623644630933,4.9619534285913195e-24,0.0,0.0,0.0017482158357911583,0.0,0.0017473615763604368,0.0,0.0,0.0018233318501301244,0.0,0.0,0.001958427137398961,0.0,0.0,0.0021262686830234735,0.0,0.46615686094896075,0.0
2157,53.925000000000004,1.7576009906723628e+18,2.722986852962212,-2.526240818057559,0.0018284967637227337,0.01676896523609613,24.157272248051704,0.0017168288579412145,0.003859603162284287,2.9608721763709016e-24,0.0,0.0,0.0018284967637227337,0.0,0.0017482158357911583,0.0,0.0,0.0017473615763604368,0.0,0.0,0.0018233318501301244,0.0,0.0,0.001958427137398961,0.0,0.4302433214576236,0.0
2158,53.95,1.757600990697363e+18,2.722984375344175,-2.526237153636025,0.001972758641427296,0.011152122559805046,24.157349797276606,0.0017354120808096157,0.005534666840033806,7.714492258894465e-25,0.0,0.0,0.001972758641427296,0.0,0.0018284967637227337,0.0,0.0,0.0017482158357911583,0.0,0.0,0.0017473615763604368,0.0,0.0,0.0018233318501301244,0.0,0.4009851371644819,0.0
2159,53.975,1.757600990722363e+18,2.724238530563573,-2.5262386796927028,0.002150298792514111,0.003585344750323155,24.157139345158168,0.0018010873681151556,0.006233764455629097,-8.544312961622976e-25,0.0,0.0,0.002150298792514111,0.0,0.001972758641427296,0.0,0.0,0.0018284967637227337,0.0,0.0,0.0017482158357911583,0.0,0.0,0.0017473615763604368,0.0,0.3779530588464717,0.0
2160,54.0,1.7576009907473628e+18,2.724242342147812,-2.526244298318849,0.0023237670403293935,-0.0045484678047014605,24.157166968239256,0.0018727198157537797,0.005899608938167281,-1.6167571261179223e-24,0.0,0.0,0.0023237670403293935,0.0,0.002150298792514111,0.0,0.0,0.001972758641427296,0.0,0.0,0.0018284967637227337,0.0,0.0,0.0017482158357911583,0.0,0.3601570341294185,0.0
2161,54.025000000000006,1.7576009907723628e+18,2.722885908800301,-2.5272591535699798,0.0024607199380499993,-0.011496808151697294,24.157453976003158,0.0018905735447891155,0.004680292445843432,-1.5949829091912397e-24,0.0,0.0,0.0024607199380499993,0.0,0.0023237670403293935,0.0,0.0,0.002150298792514111,0.0,0.0,0.001972758641427296,0.0,0.0,0.0018284967637227337,0.0,0.3462655744139133,0.0
2162,54.050000000000004,1.7576009907973627e+18,2.7228986930953405,-2.5272780260813565,0.0025430422082661085,-0.015665483211156277,24.15742756733936,0.0018032187608358278,0.00287230321867194,-1.0838857164798299e-24,0.0,0.0,0.0025430422082661085,0.0,0.0024607199380499993,0.0,0.0,0.0023237670403293935,0.0,0.0,0.002150298792514111,0.0,0.0,0.001972758641427296,0.0,0.3348924866726219,0.0
2163,54.075,1.757600990822363e+18,2.7198836314649117,-2.5280996345569,0.0025694993227633085,-0.016268246701632075,24.156811343243785,0.001597651714768826,0.0008335141657276081,-4.225581775267439e-25,0.0,0.0,0.0025694993227633085,0.0,0.0025430422082661085,0.0,0.0,0.0024607199380499993,0.0,0.0,0.0023237670403293935,0.0,0.0,0.002150298792514111,0.0,0.32485802626808474,0.0
2164,54.1,1.7576009908473628e+18,2.7198864549421025,-2.528103798851969,0.002550344559109864,-0.013812178056930928,24.156786832844304,0.0013174235687975322,-0.0011055854877028409,1.2761401107060203e-25,0.0,0.0,0.002550344559109864,0.0,0.0025694993227633085,0.0,0.0,0.0025430422082661085,0.0,0.0,0.0024607199380499993,0.0,0.0,0.0023237670403293935,0.0,0.3153524944510521,0.0
2165,54.125,1.7576009908723628e+18,2.721385111279652,-2.525129809098732,0.0024979686623732285,-0.010094284539808235,24.15728959657388,0.0010544329732504946,-0.0027083978688697283,4.359265438313744e-25,0.0,0.0,0.0024979686623732285,0.0,0.002550344559109864,0.0,0.0,0.0025694993227633085,0.0,0.0,0.0025430422082661085,0.0,0.0,0.0024607199380499993,0.0,0.30597772508768895,0.0
2166,54.150000000000006,1.757600990897363e+18,2.721363186148628,-2.525097386094636,0.002420100618303145,-0.007553994593202024,24.157340062904012,0.0009129675704330847,-0.0038643605460441472,4.951179105440352e-25,0.0,0.0,0.002420100618303145,0.0,0.0024979686623732285,0.0,0.0,0.002550344559109864,0.0,0.0,0.0025694993227633085,0.0,0.0,0.0025430422082661085,0.0,0.29668644408699113,0.0
2167,54.175000000000004,1.757600990922363e+18,2.721445886465869,-2.5262761199520427,0.002319602184758949,-0.00818304523791138,24.156803082790706,0.0009624270949746818,-0.004587654034797873,3.7828494077899633e-25,0.0,0.0,0.002319602184758949,0.0,0.002420100618303145,0.0,0.0,0.0024979686623732285,0.0,0.0,0.002550344559109864,0.0,0.0,0.0025694993227633085,0.0,0.2876634717372034,0.0
2168,54.2,1.7576009909473628e+18,2.7214557400362684,-2.526290671385687,0.0021993720635912583,-0.01252409221102144,24.156753398359413,0.0012035164197480494,-0.004991768411856297,1.8655171441059888e-25,0.0,0.0,0.0021993720635912583,0.0,0.002319602184758949,0.0,0.0,0.002420100618303145,0.0,0.0,0.0024979686623732285,0.0,0.0,0.002550344559109864,0.0,0.2791942618619463,0.0
2169,54.225,1.7576009909723628e+18,2.7212907684405225,-2.528492861515364,0.00206709962855138,-0.019335065577147047,24.15732541588246,0.0015647494969384796,-0.005251100373313769,7.211276772856694e-27,0.0,0.0,0.00206709962855138,0.0,0.0021993720635912583,0.0,0.0,0.002319602184758949,0.0,0.0,0.002420100618303145,0.0,0.0,0.0024979686623732285,0.0,0.2715530299879338,0.0
