Time,original_time,x,y,vx,vy,theta,omega,ax,steering_angle,cmd_steering_angle,cmd_velocity,velocity_error
0.0,1.7512931418371617e+18,0.0,0.0,0.002213789532420302,-0.018928608845560153,0.0,0.0011686075050506668,-0.011552442986349424,-7.155450387138802e-11,0.0,0.0,0.002213789532420302
0.025,1.7512931418621617e+18,-2.0587823068088344e-06,3.774273922033311e-09,0.0019250715235115744,-0.006579498240689655,2.8377936840406903e-06,0.0005835253607194463,-0.008246752719562713,-6.294691865330013e-12,0.0,0.0,0.0019250715235115744
0.05,1.7512931418871619e+18,-8.657096724202128e-05,0.0030883398887110165,0.0016944817550500946,0.003295159205595338,-0.00046459829211764614,0.00016248520098193498,-0.00494968160323745,9.994607815214423e-11,0.0,0.0,0.0016944817550500946
0.07500000000000001,1.7512931419121618e+18,-6.0415003286172675e-05,0.0030883400103740343,0.0015654108916190073,0.009043567802989521,-0.0004579842267289358,1.2325270112241525e-05,-0.0017410534268242814,2.1859701097749201e-10,0.0,0.0,0.0015654108916190073
0.1,1.7512931419371617e+18,0.0005496776405277175,0.002579788488289686,0.0015536866871781274,0.010319134087885427,-6.27470784371198e-05,0.00014023416854076802,0.0012005979649026214,2.9838797890687026e-10,0.0,0.0,0.0015536866871781274
0.125,1.7512931419621617e+18,0.0005439427486435815,0.0025797957983070903,0.0016453282627165642,0.0081135268264999,-1.0752343134523557e-05,0.0004535605390937574,0.0036340393576431,2.774409913373068e-10,0.0,0.0,0.0016453282627165642
0.15000000000000002,1.7512931419871616e+18,0.00016559145539788776,0.0012004617953091574,0.0018042161310527424,0.004280908812853087,0.00020198002744153953,0.0007990497559364928,0.0053360580256363276,1.0760767883372922e-10,0.0,0.0,0.0018042161310527424
0.17500000000000002,1.7512931420121618e+18,-0.003022764562257687,0.0007157110492709672,0.001986469577829927,0.0007268638664971494,9.58380824060967e-05,0.0010255470491837343,0.006185430795805455,-2.138332035713505e-10,0.0,0.0,0.001986469577829927
0.2,1.7512931420371617e+18,0.00107610283901571,0.0021711323453158004,0.002155481137349091,-0.001381158870575032,-0.00042084798637587184,0.0010427737291940958,0.006210303386151467,-6.164673855503666e-10,0.0,0.0,0.002155481137349091
0.225,1.7512931420621617e+18,0.0010914037088654441,0.0021711347355567873,0.0022916523627142275,-0.0020038587710673053,-0.00032281442942405647,0.0008506023567438575,0.005580700657829488,-9.489964143437389e-10,0.0,0.0,0.0022916523627142275
0.25,1.7512931420871619e+18,0.0033714746943159348,0.0020983272179712887,0.002393598606478999,-0.0020457863031903517,-0.0003224608103420401,0.000528051025137462,0.004554969122510353,-1.0068526398560725e-09,0.0,0.0,0.002393598606478999
0.275,1.7512931421121618e+18,0.003404379052774753,0.0020983195144581752,0.00247153032406877,-0.0027314508309302828,-0.00024223439935111557,0.000190228963849769,0.0034070423853990194,-6.020948372095745e-10,0.0,0.0,0.00247153032406877
0.30000000000000004,1.7512931421371617e+18,0.0014227907442549363,0.0019191684318140092,0.0025370880840188143,-0.0048900680565267226,-2.8606558646337987e-06,-6.450919620060535e-05,0.0023633815105030143,3.3432039435052667e-10,0.0,0.0,0.0025370880840188143
0.325,1.7512931421621617e+18,0.0014088965052979,0.0019191811658592897,0.0025954260152629173,-0.008501876070354672,3.420721083324807e-05,-0.00019117809591227396,0.0015668090896337912,1.6495007861673245e-09,0.0,0.0,0.0025954260152629173
0.35000000000000003,1.7512931421871616e+18,0.0024537910172856992,-0.0005347091608316463,0.002643688534440083,-0.01268572849544226,-0.0001794559783880878,-0.00020194589693663809,0.0010683757715559512,2.9151481922452372e-09,0.0,0.0,0.002643688534440083
0.375,1.7512931422121618e+18,4.000226897405327e-06,0.00014049911859715048,0.0026759186902960623,-0.016076035016640858,-4.63539978987626e-05,-0.00014085869035295923,0.0008375303318029879,3.478777717670206e-09,0.0,0.0,0.0026759186902960623
0.4,1.7512931422371617e+18,4.559168383817451e-05,0.00014050274481968578,0.0026902962584324946,-0.0173743261854898,5.0160245612218546e-05,-5.1481809122786814e-05,0.0007798210477890098,2.655149386675936e-09,0.0,0.0,0.0026902962584324946
0.42500000000000004,1.7512931422621617e+18,7.337925952187754e-05,0.00014050516754582676,0.002692992483035053,-0.015831432970473725,0.00011464216190537613,4.0103112188254386e-05,0.0007577240832916866,4.495499301624507e-11,0.0,0.0,0.002692992483035053
0.45,1.7512931422871619e+18,0.0014003666007284606,-0.0022897152513966226,0.0026951252946088313,-0.011495616181639285,0.000511093324325973,0.00012148719389894732,0.0006170085533857693,-4.102431780399887e-09,0.0,0.0,0.0026951252946088313
0.47500000000000003,1.7512931423121618e+18,0.0031564491102640635,0.000283272804758503,0.0027043257428466306,-0.005176960628114389,4.463205285665239e-05,0.00018145196501823826,0.0002219401863630738,-8.635336243333847e-09,0.0,0.0,0.0027043257428466306
0.5,1.7512931423371617e+18,0.0031438062189617674,0.0002832719055429956,0.0027168998938352767,0.0018243214323212346,0.0001002672831575957,0.00020473595376156492,-0.0005037198245002904,-1.1543625782338665e-08,0.0,0.0,0.0027168998938352767
0.525,1.7512931423621617e+18,0.0003740360514189887,0.0007971128660278707,0.002716818150259069,0.00811335533122098,0.00015324206654376837,0.000179729907996186,-0.0015419411859487967,-1.0451064747700635e-08,0.0,0.0,0.002716818150259069
0.55,1.7512931423871616e+18,0.0003835241219817768,0.0007971182543528385,0.002683200490976896,0.012579812760638513,0.00019473452129137314,0.00011083794910018315,-0.002768225622986766,-3.5738697144458484e-09,0.0,0.0,0.002683200490976896
0.5750000000000001,1.7512931424121618e+18,0.0017128183058458713,0.0008648993989050001,0.002601990346815971,0.014637266388921426,-7.567766769200901e-05,2.1761778480724898e-05,-0.003973208928824652,9.056331470107681e-09,0.0,0.0,0.002601990346815971
0.6000000000000001,1.7512931424371617e+18,0.003360527714500276,0.0016324866104645702,0.002474616900648992,0.014262368384144032,-0.0005693876806613929,-5.6016612451418e-05,-0.004915933005656525,2.4554365502662633e-08,0.0,0.0,0.002474616900648992
0.625,1.7512931424621617e+18,0.0026360518192210507,0.0008618089066892913,0.0023185837604319777,0.011868347216071565,-0.0002672481484125022,-0.00010095835007132976,-0.0053918622801843495,3.694709408093151e-08,0.0,0.0,0.0023185837604319777
0.65,1.7512931424871619e+18,0.0026526525795120565,0.0008618045579994762,0.0021602716098658445,0.008123951890216627,-0.00022518222899492457,-0.00011004560627474889,-0.005290753734309888,3.8324736169699884e-08,0.0,0.0,0.0021602716098658445
0.675,1.7512931425121618e+18,0.0024999526571294153,0.002829315537217837,0.0020247661788755753,0.0038248668724124592,-0.00030367677691245376,-9.122207320310441e-05,-0.004623070291280523,2.1614866698387508e-08,0.0,0.0,0.0020247661788755753
0.7000000000000001,1.7512931425371617e+18,0.002484404264316977,0.002829328464940932,0.0019281434903049644,-0.00016798303386289986,-0.00041046671277067404,-4.87309825326578e-05,-0.0035071715359157114,-1.5446134400848338e-08,0.0,0.0,0.0019281434903049644
0.7250000000000001,1.7512931425621617e+18,0.004035472417367539,0.0003090907614186408,0.0018748546028264114,-0.0030093893830507017,-0.0002598180633510694,2.2605949968690918e-05,-0.002126186889300786,-6.640634895037415e-08,0.0,0.0,0.0018748546028264114
0.75,1.7512931425871616e+18,0.004059481737662316,0.00030908414339487973,0.0018597426968160564,-0.004058612321125403,-0.00018660861444219634,0.00012821524944684446,-0.0006750832126067108,-1.1421917642352e-07,0.0,0.0,0.0018597426968160564
0.775,1.7512931426121618e+18,-0.00026508881949695133,0.0005554492296358048,0.001872774529410089,-0.003147773007691531,8.743126361254738e-05,0.0002601161253952834,0.0006802658367257363,-1.3349473148177992e-07,0.0,0.0,0.001872774529410089
0.8,1.7512931426371617e+18,0.00175448368641514,0.0012108830699943892,0.0019042790901943926,-0.0007671818478546686,3.146539253151559e-06,0.0003939335277832676,0.0018191206280926066,-9.816974726946603e-08,0.0,0.0,0.0019042790901943926
0.8250000000000001,1.7512931426621617e+18,-0.0010401501753164052,0.0024101630521083566,0.001948510155190233,0.002012735858852057,0.00010674191626147689,0.000500358679922303,0.0026582646878998088,6.03881682233385e-09,0.0,0.0,0.001948510155190233
0.8500000000000001,1.7512931426871619e+18,-0.0010638607626337478,0.002410167228451419,0.002003948607863853,0.003921298790399522,0.0001456218559323652,0.0005606214606230003,0.003134099114286286,1.6775722045417741e-07,0.0,0.0,0.002003948607863853
0.875,1.7512931427121618e+18,0.0010107269970127146,0.0002450023631909047,0.0020703282319835597,0.00400745637565159,-0.00011974032375672294,0.0005734545826517928,0.0031920051668741342,3.406681405950395e-07,0.0,0.0,0.0020703282319835597
0.9,1.7512931427371617e+18,0.0010054913514614594,0.0014262412065711232,0.0021442675128599408,0.002046271320695743,3.055919904682014e-06,0.0005510910061083948,0.0027949552520770663,4.4605436500346733e-07,0.0,0.0,0.0021442675128599408
0.925,1.7512931427621617e+18,0.0010332387584770502,0.0014262407901061256,0.0022163494436443824,-0.0013399918689325008,1.9308602249523688e-05,0.0005112109186024307,0.0019509130633256235,3.9278618793935625e-07,0.0,0.0,0.0022163494436443824
0.9500000000000001,1.7512931427871616e+18,0.0017295921107472376,0.0010801199361175897,0.0022717886489321652,-0.0048663908313950534,0.00021740806865455653,0.0004716657434824691,0.000745551957194216,1.1502721591772346e-07,0.0,0.0,0.0022717886489321652
0.9750000000000001,1.7512931428121618e+18,0.001748439040154623,0.0010801228246394461,0.002294814477567344,-0.007003904649219635,0.00023745876752956363,0.0004491678406837158,-0.0006401118263431275,-3.80639219259679e-07,0.0,0.0,0.002294814477567344
1.0,1.7512931428371617e+18,0.0015014386232746885,-0.0018495190599660718,0.002274787693085016,-0.006532263585877367,-1.2678860681347714e-06,0.0004593002155656326,-0.001944526176964893,-9.764197937421438e-07,0.0,0.0,0.002274787693085016
1.0250000000000001,1.7512931428621617e+18,0.0015117883639336324,-0.0018495080335474167,0.0022112276219671276,-0.003078300311851779,-5.8119734194672645e-05,0.0005147151476707642,-0.002877837671586411,-1.4368121872647802e-06,0.0,0.0,0.0022112276219671276
1.05,1.7512931428871619e+18,-0.0012489300910491347,0.0013095636283698777,0.0021157515505078914,0.0025872955729827904,-1.3064582722766005e-05,0.0006198914440911494,-0.0031998241992833524,-1.4563430174533856e-06,0.0,0.0,0.0021157515505078914
1.0750000000000002,1.7512931429121618e+18,-0.0012287990823860026,0.0013095650675248934,0.0020104022146550013,0.008712461374746768,1.7293026863818284e-05,0.0007637397901812194,-0.0027979151539722115,-7.694973726242527e-07,0.0,0.0,0.0020104022146550013
1.1,1.7512931429371617e+18,-0.0022961639225979004,0.0021162275887672256,0.0019227762038798665,0.013211536908608485,9.670531452332654e-05,0.0009143757815399241,-0.0017350839190805338,6.952374375417096e-07,0.0,0.0,0.0019227762038798665
1.125,1.7512931429621617e+18,-0.0022850640228759753,0.0021162316365408366,0.0018787784626308186,0.014536528108287339,0.00016150745747189887,0.0010215308629300795,-0.0002451107325480305,2.667524271711583e-06,0.0,0.0,0.0018787784626308186
1.1500000000000001,1.7512931429871616e+18,0.0005745930617996674,0.0019438857838838303,0.001894505530555859,0.012339337950633335,-4.8157524661807116e-05,0.001030042095857133,0.001329060549515814,4.4699831684780225e-06,0.0,0.0,0.001894505530555859
1.175,1.7512931430121618e+18,0.000589043560074242,0.0019438942298897657,0.001969835423987064,0.0075841664079260235,2.1236318015205313e-06,0.0009021626622868823,0.0026358226564396573,5.1157566102013805e-06,0.0,0.0,0.001969835423987064
1.2000000000000002,1.7512931430371617e+18,0.0007672772469179117,0.0005655405214259446,0.002086815755058608,0.002072777561743967,0.00010466788379348557,0.000639086752152045,0.0034187866806195634,3.615221014173109e-06,0.0,0.0,0.002086815755058608
1.225,1.7512931430621617e+18,0.0007600523651842702,0.0005655486034067055,0.0022147559151512335,-0.002343664059962052,0.00012988050280871022,0.0002885974840378541,0.003584240285803038,-5.379137256062165e-07,0.0,0.0,0.0022147559151512335
1.25,1.7512931430871619e+18,0.00348718837826741,0.0017015322736694787,0.0023209170683442856,-0.0044668631672887885,-0.00021026611311958376,-6.887159463560393e-05,0.003204826096959264,-6.836553258479229e-06,0.0,0.0,0.0023209170683442856
1.2750000000000001,1.7512931431121618e+18,0.0035249479897703126,0.0017015400619708144,0.002382363684333347,-0.004073872854467112,-0.00020105787709434608,-0.00035060701651771576,0.0024580271889887697,-1.3421924937735353e-05,0.0,0.0,0.002382363684333347
1.3,1.7512931431371617e+18,0.0017144392582526347,0.001415539098487772,0.0023933684243336016,-0.0018014673291448003,-0.0002341858005090458,-0.0005023050423973842,0.0015275285935674515,-1.7215061373262318e-05,0.0,0.0,0.0023933684243336016
1.3250000000000002,1.7512931431621617e+18,0.0017364562379661738,0.0014155387165377745,0.0023650001360355924,0.001253178185032092,-0.00023453746201562709,-0.000513770891263347,0.0005154222154953786,-1.4725939296538121e-05,0.0,0.0,0.0023650001360355924
1.35,1.7512931431871616e+18,-0.0010572994969314422,0.0018318720442242688,0.0023176485865637774,0.003978450402829126,-0.0001255841248997136,-0.00041535966071405884,-0.000587168420866979,-3.5348512714687046e-06,0.0,0.0,0.0023176485865637774
1.375,1.7512931432121618e+18,-0.0010444205392216633,0.001831872123564427,0.0022704423419265232,0.005562793398012252,-0.0001508444923383756,-0.0002605278609915045,-0.0018471577673570894,1.5893845315463764e-05,0.0,0.0,0.0022704423419265232
1.4000000000000001,1.7512931432371617e+18,0.0022697668789106173,0.0014868866525875244,0.0022324088669636987,0.005628846021711473,-0.00044171972644901913,-0.00010214447691284967,-0.003270196569946802,3.8766517535096485e-05,0.0,0.0,0.0022324088669636987
1.425,1.7512931432621617e+18,0.002249981058021799,0.0014868915170443671,0.002199225812441799,0.0042403847590338625,-0.00044684972716924065,2.949943172671502e-05,-0.004671201310317335,5.580970536487872e-05,0.0,0.0,0.002199225812441799
1.4500000000000002,1.7512931432871619e+18,0.0030553828069620047,0.003003672949748681,0.0021572205005371495,0.0018510666852631077,-0.0006624798428851442,0.0001371094291741216,-0.0056128899307291355,5.5239863588757394e-05,0.0,0.0,0.0021572205005371495
1.475,1.7512931433121618e+18,0.0030405354687070315,0.0030036874578031267,0.0020932302045764324,-0.0007910995347946079,-0.0007091210108760571,0.0002476303275289784,-0.005479747052082901,2.711333929401172e-05,0.0,0.0,0.0020932302045764324
1.5,1.7512931433371617e+18,-0.0014542423983593192,0.0004460350047253448,0.002005837222883434,-0.002821355678275124,0.0005612980633888931,0.0003876308028943781,-0.003707954565069296,-3.07055913128952e-05,0.0,0.0,0.002005837222883434
1.5250000000000001,1.7512931433621617e+18,-0.0014507353947286414,0.000446033010574877,0.0019120857819309382,-0.0035329827067986986,0.0005904929588300689,0.0005583939907363849,-0.0001199630230253365,-0.00010696052033379078,0.0,0.0,0.0019120857819309382
1.55,1.7512931433871616e+18,-0.002408652220296517,0.001944746955371458,0.0018454469652533106,-0.0026714869465093403,0.00020289569292675225,0.0007278370787171878,0.004759955841280171,-0.00017477703181145542,0.0,0.0,0.0018454469652533106
1.5750000000000002,1.7512931434121618e+18,-0.0024181364165340733,0.0019447456837058722,0.0018447034836854078,-0.0005959407240047664,0.00022543967885990668,0.0008446180342446938,0.00957414651339595,-0.000195840650333394,0.0,0.0,0.0018447034836854078
1.6,1.7512931434371617e+18,0.0009395100088758825,0.002083175560745849,0.0019371560377516436,0.0018130231100204554,-0.0001273808872253035,0.0008646925267998011,0.012331031796927967,-0.00013263503285532808,0.0,0.0,0.0019371560377516436
1.625,1.7512931434621617e+18,0.0009622463415865201,0.002083179552890475,0.0021215748242749007,0.003486050145841588,-0.00010400100910645804,0.0007745333688554976,0.010992284716016818,3.261555043031759e-05,0.0,0.0,0.0021215748242749007
1.6500000000000001,1.7512931434871619e+18,0.002478839295373203,0.0007347615923449279,0.0023568356857579056,0.0035891743404312727,0.00019903493852835297,0.0006005267211382931,0.004353467831585757,0.00027774910135132955,0.0,0.0,0.0023568356857579056
1.675,1.7512931435121618e+18,0.003009120199561011,0.003264905103659353,0.0025619356084965413,0.0018499955742432147,-0.00042782424073228853,0.0004025120795266885,-0.007046560275979209,0.0005284493858253479,0.0,0.0,0.0025619356084965413
1.7000000000000002,1.7512931435371617e+18,3.203440892041548e-05,0.0019141347084760108,0.0026321559155004764,-0.0013349534311609997,-0.0001844595662667814,0.0002541735157521686,-0.020377193285308563,0.000664678325299411,0.0,0.0,0.0026321559155004764
1.725,1.7512931435621617e+18,3.429535065036373e-05,0.0019141412637897382,0.002473284654398332,-0.0050320933937415034,-0.00015228923366361613,0.00021579150463222935,-0.030726031706936392,0.0005534332277758636,0.0,0.0,0.002473284654398332
1.75,1.7512931435871616e+18,-0.0021301319599807697,-0.0002692121835233741,0.0020493025929936635,-0.008088526321979523,0.00020320075733470944,0.00030896275184434527,-0.03230371919709059,0.00010698891051817878,0.0,0.0,0.0020493025929936635
1.7750000000000001,1.7512931436121618e+18,0.0013760352583910879,0.0009444366337687365,0.0014292496002215578,-0.00952904847867067,0.00014037730294447215,0.000504725955529555,-0.020550172351424787,-0.0006472747972231423,0.0,0.0,0.0014292496002215578
1.8,1.7512931436371617e+18,0.0013988964136210057,0.000944449331564322,0.0008101965946034492,-0.008887268549503962,0.00017432950066442743,0.0007312554956900997,0.005377635828296888,-0.0015131886954789352,0.0,0.0,0.0008101965946034492
1.8250000000000002,1.7512931436621617e+18,-0.003314519199141561,0.0009138043288486615,0.0004914231365100639,-0.006336083555548504,0.00045470421437432407,0.0008981761506775741,0.0406348355876629,-0.002124261281843452,0.0,0.0,0.0004914231365100639
1.85,1.7512931436871619e+18,-0.0033454132618935175,0.0009138109371102093,0.00078506577336231,-0.0025682909700665505,0.0004964654968673266,0.0009293424849621044,0.07428291888182419,-0.0020258286208709847,0.0,0.0,0.00078506577336231
1.8750000000000002,1.7512931437121618e+18,-0.00026125508147729855,0.0013961388781471996,0.0018715754714058656,0.001498364798868844,5.8390638092653546e-05,0.0007960634480314595,0.0912646773791391,-0.0008501510294165108,0.0,0.0,0.0018715754714058656
1.9000000000000001,1.7512931437371617e+18,-0.0002964029517763584,0.001396119472482989,0.0036393233830628448,0.005039397222609835,7.233792916938597e-05,0.00054237624867623,0.07691423089956187,0.0014454251736119358,0.0,0.0,0.0036393233830628448
1.925,1.7512931437621617e+18,0.0015753326653521486,0.0009207278963147736,0.005576501123316199,0.007535679986155212,0.00019721914905623805,0.0002902358038953759,0.02318849329188261,0.004353270275347251,0.0,0.0,0.005576501123316199
1.9500000000000002,1.7512931437871616e+18,0.0016013042927290316,0.0009207301878514848,0.006796870696697804,0.008844292690065881,0.00021458237703564365,0.00021191786086352423,-0.06517044760077798,0.006713280834024064,0.0,0.0,0.006796870696697804
1.975,1.7512931438121618e+18,0.0033806838003455335,0.0035575445307085038,0.006265025104810985,0.00916780563705502,-0.00034268834842432483,0.00046640711295172415,-0.16691236328788409,0.006841478950629496,0.0,0.0,0.006265025104810985
2.0,1.7512931438371617e+18,0.0033814723476126387,0.003557550688209292,0.0032322546422376645,0.008956307421974634,-0.0002609664329629169,0.0011127180617519334,-0.24517711665320271,0.0029390754680008267,0.0,0.0,0.0032322546422376645
2.025,1.7512931438621617e+18,0.00433648682152364,0.001580840805246888,-0.002195382445913985,0.008726987792577547,-0.0004173238199745022,0.0020278647815246387,-0.2540787731971195,-0.006283642949612381,0.0,0.0,-0.002195382445913985
2.0500000000000003,1.7512931438871619e+18,0.004290892738022928,0.0015808730977627168,-0.008535992233588306,0.008789081323058046,-0.0003348410303911642,0.00286574265758575,-0.1501848069580455,-0.020975800747283307,0.0,0.0,-0.008535992233588306
2.075,1.7512931439121618e+18,0.004164394388915967,0.0020704710386277346,-0.0127056374037646,0.008958621546598801,-0.00026852250142139766,0.003090244357046391,0.09393081941608407,-0.039809456888094744,0.0,0.0,-0.0127056374037646
2.1,1.7512931439371617e+18,0.004143885481449667,0.0020704883883606064,-0.01031812007254964,0.00845724564160186,-0.00020433666366992398,0.00209540640425528,0.47829490264142943,-0.060190544602021126,-0.1000000014901161,3.0,-3.0103181200725495
2.125,1.7512931439621617e+18,0.0013195328868936575,0.004316651697676843,0.003398771484875677,0.006174035329032188,-0.00017305965179126304,-0.0006098197054715306,0.9706056798366485,-0.07902420074283256,-0.1000000014901161,3.0,-2.9966012285151242
2.1500000000000004,1.7512931439871616e+18,0.0013111313734663589,0.004316661247247631,0.03223343676794988,0.001268449842096711,-0.00018077018593665173,-0.005210850402569492,1.510480568395325,-0.0937163585405035,-0.1000000014901161,3.0,-2.96776656323205
2.1750000000000003,1.7512931440121618e+18,0.0045908570519669996,0.003491112905375977,0.07760892503720439,-0.006183295430050048,-0.0005147530284643764,-0.011472851600220777,2.0226850582223377,-0.10293907695811674,-0.1000000014901161,3.0,-2.9223910749627957
2.2,1.7512931440371617e+18,-0.00037101692790306336,2.2201764646449575e-05,0.13778212355811692,-0.014915080487735079,7.570769786102716e-05,-0.018782951329199056,2.4358924835542277,-0.10684148044074544,-0.1000000014901161,3.0,-2.862217876441883
2.225,1.7512931440621617e+18,0.0016124113250697626,2.1680802175972124e-05,0.2080889056718741,-0.022806624562863902,5.3320178668325724e-05,-0.026386365903780913,2.7012103005167,-0.10671328232414001,-0.1000000014901161,3.0,-2.791911094328126
2.25,1.7512931440871619e+18,0.004594806988967141,2.0897453327687583e-05,0.2822808168452268,-0.02769396564636888,1.965702999306984e-05,-0.033758846708437575,2.804389923583861,-0.10435327176546319,-0.1000000014901161,3.0,-2.7177191831547733
2.2750000000000004,1.7512931441121618e+18,0.012202613737958872,-1.0961002752870738e-05,0.3544800476656393,-0.02823867416478302,-0.0017523240390775463,-0.040953563700393,2.7676232343123366,-0.10144542666372784,-0.1000000014901161,3.0,-2.645519952334361
2.3000000000000003,1.7512931441371617e+18,0.008951514311419252,-0.0014260158084936968,0.42095372317579066,-0.024435596728778625,-0.003082620750234355,-0.04872836300707795,2.6404584665163995,-0.09914985046069935,-0.1000000014901161,3.0,-2.5790462768242093
2.325,1.7512931441621617e+18,0.013664796803533467,-0.0014251934970951298,0.48096655317747805,-0.017571877871588693,-0.00420685664045628,-0.058340891929453104,2.483231413844824,-0.09797417286924481,-0.1000000014901161,3.0,-2.519033446822522
2.35,1.7512931441871616e+18,0.018696728007805197,-0.0014243155920675647,0.5363985842657759,-0.00972737241147197,-0.005407098227167673,-0.07105977091973602,2.348945371067384,-0.09787574020827228,-0.1000000014901161,3.0,-2.463601415734224
2.375,1.7512931442121618e+18,0.040980850308571355,0.0004445264575872029,0.5904046840319311,-0.0030660729712795784,-0.009843772345069723,-0.08760503578727052,2.269736847301284,-0.09848681279463677,-0.1000000014901161,3.0,-2.409595315968069
2.4000000000000004,1.7512931442371617e+18,0.0648388970360768,-0.001710252155950563,0.6458242749283278,0.0008159011550017719,-0.011419406337894511,-0.1077987944770985,2.25193234118877,-0.09935272669289259,-0.1000000014901161,3.0,-2.354175725071672
2.4250000000000003,1.7512931442621617e+18,0.07746880375948276,3.945762101509207e-05,0.7040764085288022,0.001285163908613892,-0.014434807896693158,-0.13059175136191697,2.280218778334213,-0.10010699040063399,-0.1000000014901161,3.0,-2.295923591471198
2.45,1.7512931442871619e+18,0.097329462588143,-0.0025151399126464562,0.7649181033508984,-0.0012897226741520069,-0.019549059209454267,-0.1543980161467854,2.3281074140704616,-0.10055343471789174,-0.1000000014901161,3.0,-2.2350818966491017
2.475,1.7512931443121618e+18,0.10898986878478929,-0.0026589128164920682,0.8269667113089906,-0.0058199204033143,-0.02276383541952498,-0.17752907872120918,2.369979546494252,-0.10066467981541535,-0.1000000014901161,3.0,-2.1730332886910095
2.5,1.7512931443371617e+18,0.15475751503695337,-0.003532771141470968,0.8885659438428156,-0.010938552178749169,-0.028938278835711095,-0.19856508773135212,2.390145933948283,-0.10052845087594131,-0.1000000014901161,3.0,-2.1114340561571843
2.5250000000000004,1.7512931443621617e+18,0.16923451629432562,-0.003795794716972021,0.9485341280726375,-0.015408286679304573,-0.03246957867185918,-0.21660705205707392,2.3862200596158156,-0.10027775059146728,-0.1000000014901161,3.0,-2.0514658719273626
2.5500000000000003,1.7512931443871616e+18,0.19535783477791183,-0.007436585279069571,1.0065281622111195,-0.0183787136505386,-0.03830187824664,-0.2313936753963143,2.3667378842879985,-0.10003261704054624,-0.1000000014901161,3.0,-1.9934718377888805
2.575,1.7512931444121618e+18,0.21202290806035984,-0.007853394832809009,1.0630202696469488,-0.01948490087112261,-0.04264893385675972,-0.2432774211973509,2.345223785401624,-0.09986736645726055,-0.1000000014901161,3.0,-1.9369797303530512
2.6,1.7512931444371617e+18,0.2681113901474344,-0.010390113686548448,1.119039042899875,-0.01882289249877319,-0.049643505218138095,-0.25308060558424067,2.333972229593259,-0.09980416083978245,-0.1000000014901161,3.0,-1.880960957100125
2.625,1.7512931444621617e+18,0.28994026640608084,-0.011174781541026989,1.1758234273597707,-0.016828078680950757,-0.05474313205186787,-0.2618677161999981,2.3404189017301187,-0.0998252244583044,-0.1000000014901161,3.0,-1.8241765726402293
2.6500000000000004,1.7512931444871619e+18,0.32232943893581445,-0.016163995042900184,1.2344743522629842,-0.014077486642642268,-0.05955888504588147,-0.27067601695727295,2.3674196635242355,-0.09989304096978208,-0.1000000014901161,3.0,-1.7655256477370158
2.6750000000000003,1.7512931445121618e+18,0.3640525361054774,-0.014700449766097407,1.2956726279255946,-0.011066587404292725,-0.06864636607051189,-0.28025989479487196,2.416741381619057,-0.099969295898803,-0.1000000014901161,3.0,-1.7043273720744054
2.7,1.7512931445371617e+18,0.40738781363970433,-0.01860442452739934,1.3595674871055714,-0.00805699848942975,-0.07614649161087739,-0.29090430288875135,2.4934214207101824,-0.10002711482940994,-0.1000000014901161,3.0,-1.6404325128944286
2.725,1.7512931445621617e+18,0.446888517611584,-0.025443002688941174,1.4259415143046978,-0.005090209013691302,-0.0829891450479936,-0.302354343040355,2.6080491535263133,-0.10005524135370474,-0.1000000014901161,3.0,-1.5740584856953022
2.75,1.7512931445871616e+18,0.4854850735552423,-0.027920805469156103,1.4946570034776305,-0.002155656108085331,-0.09137067008099242,-0.3139141983149714,2.7747628728190605,-0.10005581119548093,-0.1000000014901161,3.0,-1.5053429965223695
2.7750000000000004,1.7512931446121618e+18,0.5382718411318673,-0.029091532617413724,1.56621152561164,0.0006496506543985742,-0.09786228666608965,-0.3247461119552134,3.004630175339452,-0.10003876800765124,-0.1000000014901161,3.0,-1.43378847438836
2.8000000000000003,1.7512931446371617e+18,0.5839832587639787,-0.0325609082075358,1.6420785962115696,0.0031534046699812613,-0.10712902807934643,-0.3343121041952478,3.2963938481603807,-0.10001589533543162,-0.1000000014901161,3.0,-1.3579214037884304
2.825,1.7512931446621617e+18,0.6306945097930191,-0.042813553029926926,1.7245067312780418,0.005336430281849373,-0.11484166913792615,-0.34280487596004056,3.6283493221313283,-0.0999964666388446,-0.1000000014901161,3.0,-1.2754932687219582
2.85,1.7512931446871619e+18,0.6812367846793559,-0.04741500750429244,1.8156702344555649,0.007553042271085539,-0.125442688751491,-0.3513707404832736,3.9555010596038587,-0.09998527555081935,-0.1000000014901161,3.0,-1.1843297655444351
2.875,1.7512931447121618e+18,0.731692907560554,-0.05326405334079054,1.9164304536124575,0.010522745358024655,-0.13516613647739284,-0.36194575521766564,4.21474621563889,-0.09998278642874239,-0.1000000014901161,3.0,-1.0835695463875425
2.9000000000000004,1.7512931447371617e+18,0.7883600300000515,-0.05968338436562117,2.0252426193575896,0.015061303603235245,-0.1479452125109928,-0.37664366010241335,4.338013806254753,-0.09998657956517769,-0.1000000014901161,3.0,-0.9747573806424104
2.9250000000000003,1.7512931447621617e+18,0.8377051716873224,-0.06679725990084795,2.137735382346339,0.021719408275973847,-0.15153943349343768,-0.3968782334863838,4.270078936311976,-0.09999316493685682,-0.1000000014901161,3.0,-0.8622646176536608
2.95,1.7512931447871616e+18,0.8798264723735181,-0.07222231365072387,2.2472383249690226,0.03052891809832783,-0.1590747669723207,-0.4226381412790645,3.9854952087704425,-0.09999946357638981,-0.1000000014901161,3.0,-0.7527616750309774
2.975,1.7512931448121618e+18,0.9441724908955293,-0.08430936036878364,2.3462112566554763,0.04093960919755335,-0.16831183697373753,-0.4523187801996311,3.498792022063489,-0.10000361671112998,-0.1000000014901161,3.0,-0.6537887433445237
3.0,1.7512931448371617e+18,0.9976758660672173,-0.09195494609868166,2.4282048519097774,0.051937912990624696,-0.17725400549264325,-0.4831993565462819,2.8640505389189976,-0.10000511724672663,-0.1000000014901161,3.0,-0.5717951480902226
3.0250000000000004,1.7512931448621617e+18,1.084111910123666,-0.10308662287997583,2.489676912880418,0.06235233573620007,-0.19184714800536806,-0.5122947080364118,2.16353599215249,-0.10000447147328559,-0.1000000014901161,3.0,-0.5103230871195819
3.0500000000000003,1.7512931448871619e+18,1.1324816418779775,-0.11048352104978863,2.5309029958566516,0.071333997422258,-0.20074704894287043,-0.5371988246240809,1.4888410765931184,-0.10000266901438926,-0.1000000014901161,3.0,-0.46909700414334843
3.075,1.7512931449121618e+18,1.2410161156878656,-0.12887436682011616,2.5555698443648973,0.07883342041834823,-0.2239649146982714,-0.5566563493917779,0.920465457499004,-0.10000069672755489,-0.1000000014901161,3.0,-0.4444301556351027
3.1,1.7512931449371617e+18,1.313591624864292,-0.15019427682740558,2.569279544732678,0.08571464425522864,-0.23202261406008695,-0.570744989746219,0.5119429265859182,-0.09999923199274369,-0.1000000014901161,3.0,-0.43072045526732206
3.125,1.7512931449621617e+18,1.3662983919047929,-0.16147598951138314,2.5776903666907516,0.09323881726111297,-0.24385290706049778,-0.5806517418703558,0.2825484536811575,-0.09999854514709701,-0.1000000014901161,3.0,-0.4223096333092484
3.1500000000000004,1.7512931449871616e+18,1.4615481680869646,-0.18049554213805646,2.5850917653501444,0.1020845315669308,-0.2650096354437337,-0.5881360379076428,0.21927001025054157,-0.09999856467792505,-0.1000000014901161,3.0,-0.4149082346498556
3.1750000000000003,1.7512931450121618e+18,1.5149469027596465,-0.19257624986990993,2.59389250015686,0.1115357018885535,-0.2769889763350273,-0.5948796311923708,0.28560138861515855,-0.09999902507031698,-0.1000000014901161,3.0,-0.4061074998431402
3.2,1.7512931450371617e+18,1.6269431565698766,-0.2192010232895009,2.6050008448010473,0.11949895233459319,-0.2993155557356051,-0.6019395712100685,0.43305913993183004,-0.09999962085089148,-0.1000000014901161,3.0,-0.3949991551989527
3.225,1.7512931450621617e+18,1.6837097951401818,-0.23382161992925604,2.6186381043363887,0.12347355215164064,-0.3108915695869974,-0.6094453908173837,0.6116009801863869,-0.10000011651732918,-0.1000000014901161,3.0,-0.38136189566361134
3.25,1.7512931450871619e+18,1.7724041157969264,-0.2640319585529912,2.6349739565596284,0.12188163856914323,-0.3281312590429346,-0.6166102262284678,0.7768315182571852,-0.10000039427630641,-0.1000000014901161,3.0,-0.3650260434403716
3.2750000000000004,1.7512931451121618e+18,1.799955101583019,-0.2721658593893801,2.654198444314148,0.11488111291004018,-0.33420793880606103,-0.6220857902367635,0.8939320670009494,-0.10000044754449042,-0.1000000014901161,3.0,-0.3458015556858518
3.3000000000000003,1.7512931451371617e+18,1.879533895572303,-0.30371466349478654,2.6760997386756933,0.10417852850673522,-0.3525853316063712,-0.6245981617625228,0.9395739437090443,-0.10000034215827228,-0.1000000014901161,3.0,-0.3239002613243067
3.325,1.7512931451621617e+18,1.934194437658064,-0.3211528833971221,2.6995730948500856,0.0920968646582383,-0.36567575487801074,-0.6236288728745382,0.9031655922317458,-0.10000016924735426,-0.1000000014901161,3.0,-0.30042690514991444
3.35,1.7512931451871616e+18,2.0472373590575166,-0.3570252527122064,2.7225111632670504,0.08063930201069718,-0.39198966955248826,-0.619795582167192,0.7878934853048088,-0.10000000752894511,-0.1000000014901161,3.0,-0.27748883673294955
3.375,1.7512931452121618e+18,2.1033305531480915,-0.37628512825886407,2.742260088564345,0.07116921196810813,-0.40570346358096465,-0.6147069850933371,0.6109104090276781,-0.09999990332036612,-0.1000000014901161,3.0,-0.2577399114356549
3.4000000000000004,1.7512931452371617e+18,2.164842090451039,-0.4107796239989076,2.756483204805373,0.06472150410631743,-0.41783979592370724,-0.6103746731251245,0.4014920380863362,-0.09999986799535955,-0.1000000014901161,3.0,-0.2435167951946271
3.4250000000000003,1.7512931452621617e+18,2.2171722397839875,-0.43052390577442895,2.764041161909259,0.06238645404473426,-0.4306755865726535,-0.6085017182067509,0.19639063425319617,-0.09999988727089144,-0.1000000014901161,3.0,-0.23595883809074092
3.45,1.7512931452871619e+18,2.3153016146416077,-0.47858085899032266,2.7654725705252248,0.06517558879387905,-0.4478959799017508,-0.6099532495895756,0.03274285776677418,-0.09999993508370598,-0.1000000014901161,3.0,-0.23452742947477523
3.475,1.7512931453121618e+18,2.397637050339965,-0.5116512616882034,2.7628547245055732,0.07332253512525345,-0.46958185473123093,-0.6145500990480789,-0.05989567571043568,-0.09999998604393018,-0.1000000014901161,3.0,-0.23714527549442677
3.5,1.7512931453371617e+18,2.4494155359880696,-0.5349112388283541,2.7591290728224656,0.08557767715033397,-0.48238046723896,-0.6212145929533718,-0.06617728647454188,-0.10000002310497183,-0.1000000014901161,3.0,-0.24087092717753444
3.5250000000000004,1.7512931453621617e+18,2.522874985305908,-0.5747948124971114,2.757205681160907,0.09915533282101403,-0.49560411500196055,-0.6284415290532488,0.011687620450121183,-0.10000003981491076,-0.1000000014901161,3.0,-0.24279431883909286
3.5500000000000003,1.7512931453871616e+18,2.5900934271269507,-0.6089127137580497,2.7592052730543903,0.11051855017457028,-0.5123636334343322,-0.6349274200913806,0.15474778801725586,-0.10000003843734959,-0.1000000014901161,3.0,-0.24079472694560966
3.575,1.7512931454121618e+18,2.6776267729651364,-0.6542960847890186,2.7660800865994104,0.11659235858804821,-0.5297037774624647,-0.6400219199400465,0.3318620691072958,-0.10000002604468014,-0.1000000014901161,3.0,-0.2339199134005896
3.6,1.7512931454371617e+18,2.72793108851978,-0.6804984879415047,2.7776561359015672,0.1157520309739133,-0.5424854584898804,-0.6437251620501672,0.5065180264824449,-0.10000001054664168,-0.1000000014901161,3.0,-0.22234386409843276
3.6250000000000004,1.7512931454621617e+18,2.7969520648941004,-0.7274697715892554,2.792948512911214,0.10814452553584554,-0.5613399101816765,-0.6462829785180764,0.6440666941616079,-0.09999999791633778,-0.1000000014901161,3.0,-0.20705148708878607
3.6500000000000004,1.7512931454871619e+18,2.848466006595478,-0.7562490744756494,2.810518480708477,0.09535322421126753,-0.5746655578176463,-0.6477199435375699,0.7177912669283549,-0.0999999910389353,-0.1000000014901161,3.0,-0.1894815192915229
3.6750000000000003,1.7512931455121618e+18,2.8940124762776556,-0.7855612866450508,2.8287154586018235,0.0797689966778217,-0.5879884915445492,-0.6476496745183722,0.7128757156028379,-0.09999998994610351,-0.1000000014901161,3.0,-0.1712845413981765
3.7,1.7512931455371617e+18,2.9693859795576056,-0.8302183036354097,2.845803106300547,0.06404334668594658,-0.6091653757225926,-0.645494445977178,0.6280051581980701,-0.09999999285415567,-0.1000000014901161,3.0,-0.15419689369945289
3.725,1.7512931455621617e+18,3.0275382916980313,-0.8745136126583325,2.8600706202989197,0.050734347176100654,-0.622871234160641,-0.6410190737568464,0.47476785284399553,-0.09999999738699247,-0.1000000014901161,3.0,-0.13992937970108033
3.7500000000000004,1.7512931455871616e+18,3.0933231383301174,-0.9220111662061173,2.8700157200761907,0.04200846926029258,-0.6351597631705888,-0.6348870728215936,0.2752043223940276,-0.10000000153461315,-0.1000000014901161,3.0,-0.12998427992380934
3.7750000000000004,1.7512931456121618e+18,3.1556040627359234,-0.9726748252960256,2.874597652109851,0.039246528518528556,-0.6514956454644198,-0.6288155835412762,0.05789408195577107,-0.10000000414540278,-0.1000000014901161,3.0,-0.12540234789014892
3.8000000000000003,1.7512931456371617e+18,3.22988761014356,-1.0252798416737707,2.8734774142455186,0.04259400345722812,-0.6720982600494909,-0.6250224394908505,-0.14694864711049627,-0.10000000496990408,-0.1000000014901161,3.0,-0.1265225857544814
3.825,1.7512931456621617e+18,3.279501428047217,-1.0656431447792998,2.867142357765164,0.05071501223729001,-0.684918986957034,-0.6251258847128649,-0.3127069072953265,-0.10000000440715626,-0.1000000014901161,3.0,-0.13285764223483598
3.85,1.7512931456871619e+18,3.350587943227511,-1.118641641774621,2.8568533633193676,0.06105513828806174,-0.705093528201512,-0.629163911663849,-0.42102100932474434,-0.10000000314196988,-0.1000000014901161,3.0,-0.14314663668063243
3.8750000000000004,1.7512931457121618e+18,3.391924054133181,-1.1529345760695195,2.8444127945519675,0.07069396949126314,-0.7159427876016289,-0.6354280386261353,-0.4648620772841415,-0.10000000182635846,-0.1000000014901161,3.0,-0.1555872054480325
3.9000000000000004,1.7512931457371617e+18,3.4592391286462467,-1.2099434254734354,2.8317972948738985,0.07748622519809502,-0.7339287866496202,-0.6412567488962175,-0.4491752449498698,-0.10000000088831473,-0.1000000014901161,3.0,-0.16820270512610147
3.9250000000000003,1.7512931457621617e+18,3.5038898965970957,-1.247023468583189,2.820735548461595,0.0809268090475015,-0.7481021498162943,-0.6442968001632282,-0.3887636237945712,-0.1000000004808385,-0.1000000014901161,3.0,-0.1792644515384052
3.95,1.7512931457871616e+18,3.581729173234801,-1.3217544626839446,2.8123423738077915,0.0822464163271827,-0.7686941118009898,-0.6435221745389543,-0.30384188254184674,-0.10000000053559342,-0.1000000014901161,3.0,-0.1876576261922085
3.975,1.7512931458121618e+18,3.6197385780418903,-1.3555985029830868,2.806922619789896,0.08362635902937494,-0.780209499851205,-0.6395313233801757,-0.21444396091265008,-0.10000000086594446,-0.1000000014901161,3.0,-0.193077380210104
4.0,1.7512931458371617e+18,3.7061953161338708,-1.4423892863226464,2.80401517988734,0.08688652329443455,-0.8051285146392795,-0.6340609073620654,-0.1353227956754678,-0.10000000126893321,-0.1000000014901161,3.0,-0.19598482011266016
4.025,1.7512931458621617e+18,3.7281894360544725,-1.463158852689485,2.8026791796700476,0.09229470645655714,-0.811466513061684,-0.6290496108821123,-0.07290176252890342,-0.10000000159455641,-0.1000000014901161,3.0,-0.19732082032995235
4.05,1.7512931458871619e+18,3.8039063163042557,-1.5390643351428799,2.801946782163759,0.0981320445515378,-0.8286387126287309,-0.6258019295382025,-0.025185270797873312,-0.10000000177256038,-0.1000000014901161,3.0,-0.19805321783624086
4.075,1.7512931459121618e+18,3.8456614731404253,-1.5806362267054828,2.801280952721555,0.10133522724630607,-0.8407270675340417,-0.6246844099427253,0.015495782503581084,-0.10000000180395469,-0.1000000014901161,3.0,-0.1987190472784448
4.1000000000000005,1.7512931459371617e+18,3.912158606910283,-1.6474165444929474,2.8008282558441624,0.09902624881357247,-0.8621405411625109,-0.6253747141308945,0.05805750023114648,-0.10000000173306053,-0.1000000014901161,3.0,-0.1991717441558376
4.125,1.7512931459621617e+18,3.9535119482685737,-1.6900223744879417,2.8013260155839586,0.09022420233094387,-0.8750660395312142,-0.6273066481201222,0.10831423772022582,-0.10000000161647146,-0.1000000014901161,3.0,-0.19867398441604145
4.15,1.7512931459871616e+18,3.9989348369916478,-1.760195587887676,2.8037042234717195,0.07679618946533821,-0.8960245886367031,-0.6299371538599091,0.1663728381509215,-0.10000000150047428,-0.1000000014901161,3.0,-0.19629577652828045
4.175,1.7512931460121618e+18,4.056488723725872,-1.8285761167732195,2.808589062460054,0.06299474524692132,-0.9082814626974867,-0.632758865460627,0.22665923107283825,-0.10000000141158827,-0.1000000014901161,3.0,-0.19141093753994598
4.2,1.7512931460371617e+18,4.092471949788912,-1.8778579190849995,2.8159508631230956,0.05369215863682448,-0.9253191422778517,-0.6352402532532752,0.280331720785576,-0.10000000135870538,-0.1000000014901161,3.0,-0.18404913687690438
4.2250000000000005,1.7512931460621617e+18,4.12941820192275,-1.9232778173554301,2.8250511194266577,0.05220749407886106,-0.9389948684140226,-0.6368691336152823,0.318837712085193,-0.10000000134149022,-0.1000000014901161,3.0,-0.17494888057334235
4.25,1.7512931460871619e+18,4.195775852185346,-2.0067310298715904,2.8347049945249303,0.058881773301651424,-0.9570799365160791,-0.6373279880429037,0.336954599358989,-0.10000000135870518,-0.1000000014901161,3.0,-0.1652950054750697
4.275,1.7512931461121618e+18,4.232967689038804,-2.0543005594021153,2.84373623140767,0.07109213815474308,-0.9699851952321592,-0.6367318052769634,0.33400178479568654,-0.10000000141158794,-0.1000000014901161,3.0,-0.15626376859232982
4.300000000000001,1.7512931461371617e+18,4.284190207902407,-2.1349700178010598,2.8514014494340514,0.08454373574612106,-0.989908843635928,-0.6357899605312152,0.31284671942070164,-0.10000000150047386,-0.1000000014901161,3.0,-0.14859855056594862
4.325,1.7512931461621617e+18,4.349519910879045,-2.2286493658384163,2.8575660333122177,0.0950484779984467,-1.015452529944099,-0.6356768086365167,0.2774060585815892,-0.10000000161647106,-0.1000000014901161,3.0,-0.1424339666877823
4.3500000000000005,1.7512931461871616e+18,4.365328546983582,-2.2514171561540053,2.862548808789185,0.09995326120553787,-1.021628410418471,-0.6374839665497579,0.2300529980757673,-0.10000000173306023,-0.1000000014901161,3.0,-0.13745119121081517
4.375,1.7512931462121618e+18,4.40850004665939,-2.3135932759488433,2.8667391939791114,0.09876316786496946,-1.0384940033851295,-0.6414664382293254,0.17035333126390512,-0.10000000180395449,-0.1000000014901161,3.0,-0.13326080602088863
4.4,1.7512931462371617e+18,4.440643335532444,-2.375211583881513,2.8702057009548323,0.09293005204488239,-1.0485724816493476,-0.6465801221660984,0.09587122182840545,-0.10000000177256031,-0.1000000014901161,3.0,-0.1297942990451677
4.425000000000001,1.7512931462621617e+18,4.491728787578581,-2.4664985206568666,2.87250077050853,0.08503643145837647,-1.0699496287784451,-0.6506961437461244,0.004744206014211096,-0.10000000159455646,-0.1000000014901161,3.0,-0.12749922949147008
4.45,1.7512931462871619e+18,4.523258309268437,-2.5180217924141495,2.872758297523614,0.07772943643420001,-1.0833096147993082,-0.6514627157197145,-0.10117857777036031,-0.10000000126893333,-0.1000000014901161,3.0,-0.1272417024763861
4.4750000000000005,1.7512931463121618e+18,4.550303085775169,-2.5744357815860885,2.870042760218476,0.07281023888925722,-1.099760713528341,-0.6474268771586139,-0.2141884111748127,-0.10000000086594453,-0.1000000014901161,3.0,-0.12995723978152407
4.5,1.7512931463371617e+18,4.593315019601311,-2.6491558545490443,2.863795612530455,0.07082352901632875,-1.1206115015545453,-0.638892993791651,-0.3207466025489882,-0.10000000053559338,-0.1000000014901161,3.0,-0.1362043874695451
4.525,1.7512931463621617e+18,4.630429897162911,-2.7230904151439277,2.8541808388661614,0.0712568083831847,-1.1321545361499352,-0.6280537173947466,-0.40397123716042105,-0.10000000048083835,-0.1000000014901161,3.0,-0.14581916113383864
4.550000000000001,1.7512931463871616e+18,4.665450461286839,-2.796328041653382,2.8421836683526673,0.07312106386784345,-1.1475481774081662,-0.6182092715969689,-0.4478204203303,-0.10000000088831455,-0.1000000014901161,3.0,-0.15781633164733266
4.575,1.7512931464121618e+18,4.695353819734364,-2.8699111473192014,2.8294339685824434,0.07548171193637321,-1.1608880323721213,-0.6123806799662092,-0.44149393705175327,-0.10000000182635832,-0.1000000014901161,3.0,-0.17056603141755655
4.6000000000000005,1.7512931464371617e+18,4.721325386488684,-2.9248344362705065,2.8178315748748166,0.07763941213678101,-1.1735668337180722,-0.612025988149065,-0.3824811782537037,-0.10000000314196986,-0.1000000014901161,3.0,-0.1821684251251834
4.625,1.7512931464621617e+18,4.754547461423358,-3.001698109472918,2.8090938182811875,0.07902323799329455,-1.1921765720068953,-0.6165174146788931,-0.27723505837728174,-0.10000000440715635,-0.1000000014901161,3.0,-0.19090618171881246
4.65,1.7512931464871619e+18,4.790443033260279,-3.0797374910596265,2.8043484122547366,0.07911325579617223,-1.2111715202167261,-0.6235593224027755,-0.13939414642726483,-0.10000000496990426,-0.1000000014901161,3.0,-0.19565158774526337
4.675000000000001,1.7512931465121618e+18,4.812452914509943,-3.131916062822256,2.8039011851161773,0.07762582089663198,-1.2240171811026817,-0.6302281589850107,0.013608507235857577,-0.10000000414540303,-0.1000000014901161,3.0,-0.19609881488382275
4.7,1.7512931465371617e+18,4.843265052701965,-3.2260199408785555,2.8072917211127293,0.07487016940710899,-1.2406912453279288,-0.63411042476896,0.1642165366064064,-0.10000000153461341,-0.1000000014901161,3.0,-0.1927082788872707
4.7250000000000005,1.7512931465621617e+18,4.865158511807188,-3.2819324046826868,2.8136388990840278,0.07192881308101946,-1.2539556112257333,-0.6340962480712045,0.2974908282709486,-0.09999999738699267,-0.1000000014901161,3.0,-0.18636110091597224
4.75,1.7512931465871616e+18,4.892656917017851,-3.3653641123542513,2.8220963940753165,0.07036939698441953,-1.2738618890236315,-0.6305996095521551,0.40235057290226933,-0.09999999285415578,-0.1000000014901161,3.0,-0.17790360592468346
4.775,1.7512931466121618e+18,4.906396442920614,-3.420810216867901,2.832140361072145,0.07153226003588763,-1.2829860869451646,-0.6252056682934772,0.47155327331661945,-0.09999998994610354,-0.1000000014901161,3.0,-0.16785963892785505
4.800000000000001,1.7512931466371617e+18,4.947718692305951,-3.535377971716714,2.8435132077708447,0.07577962950500852,-1.308567616312525,-0.6199345517584751,0.5011923348013916,-0.09999999103893525,-0.1000000014901161,3.0,-0.1564867922291553
4.825,1.7512931466621617e+18,4.957052681980114,-3.5643831099592806,2.8558842387129744,0.0821507098588832,-1.3147205225428964,-0.6164208084100493,0.49048463714112434,-0.09999999791633768,-0.1000000014901161,3.0,-0.14411576128702563
4.8500000000000005,1.7512931466871619e+18,4.9788485256046995,-3.661348769893079,2.8684900215739697,0.08860441740270347,-1.3329021885429377,-0.6153087484893792,0.44210726348253404,-0.10000001054664154,-0.1000000014901161,3.0,-0.1315099784260303
4.875,1.7512931467121618e+18,4.995182244999156,-3.7177497805159003,2.880050773454153,0.09270178983703378,-1.3449547823820491,-0.6160605078802025,0.3626685416079872,-0.10000002604467996,-0.1000000014901161,3.0,-0.11994922654584705
4.9,1.7512931467371617e+18,5.0085458982881095,-3.7872288803981,2.8890904770455417,0.09243512612369005,-1.3671171568542602,-0.6172139671923395,0.26251777225372064,-0.10000003843734939,-0.1000000014901161,3.0,-0.11090952295445833
4.925000000000001,1.7512931467621617e+18,5.026789508173897,-3.854922744267089,2.894511456856413,0.08694285300697606,-1.3831299395824432,-0.6169808189928555,0.15429417588388344,-0.10000003981491058,-0.1000000014901161,3.0,-0.1054885431435868
4.95,1.7512931467871616e+18,5.049156145102517,-3.940429147497011,2.8960796193824137,0.07691625757115725,-1.3955303553309601,-0.6139836486761092,0.05031395997939991,-0.10000002310497166,-0.1000000014901161,3.0,-0.10392038061758635
4.9750000000000005,1.7512931468121618e+18,5.061629070671555,-4.04489515531131,2.8945122797207428,0.0645501758943754,-1.4162088539585629,-0.6078850453181384,-0.040311908822056375,-0.09999998604393001,-0.1000000014901161,3.0,-0.10548772027925724
5.0,1.7512931468371617e+18,5.0660418701255825,-4.08996394321139,2.891101286261527,0.05296514051199994,-1.4268748072925708,-0.5996658551476675,-0.11355129661148466,-0.0999999350837058,-0.1000000014901161,3.0,-0.10889871373847315
5.025,1.7512931468621617e+18,5.078850833241887,-4.163019444262986,2.8870784821079645,0.0452076385036647,-1.4432887788349085,-0.5914234534356849,-0.17035439996383914,-0.09999988727089122,-0.1000000014901161,3.0,-0.11292151789203553
5.050000000000001,1.7512931468871619e+18,5.092968063168993,-4.232804984594963,2.8830663444096434,0.04318369912939604,-1.4525995020292666,-0.5857744759415455,-0.21453546583987282,-0.09999986799535932,-0.1000000014901161,3.0,-0.11693365559035662
5.075,1.7512931469121618e+18,5.102710056424659,-4.346387568390419,2.878897962636864,0.047017111789949446,-1.4793206871020714,-0.5851057650400576,-0.24961596811876974,-0.09999990332036598,-0.1000000014901161,3.0,-0.12110203736313618
5.1000000000000005,1.7512931469371617e+18,5.112241016772142,-4.415912550505778,2.87389132141491,0.05518935740891121,-1.4933241075477508,-0.5909004465887635,-0.27620037412614656,-0.10000000752894513,-0.1000000014901161,3.0,-0.12610867858508978
5.125,1.7512931469621617e+18,5.122321088030213,-4.5049725440589246,2.867419885819386,0.06542079852499831,-1.510144746884331,-0.6032508130041571,-0.29124302079490677,-0.10000016924735444,-0.1000000014901161,3.0,-0.13258011418061422
5.15,1.7512931469871616e+18,5.131096523738381,-4.587931691585306,2.859453697696007,0.0757854437791005,-1.5271647197288263,-0.6206217149966274,-0.2896226936574551,-0.10000034215827257,-0.1000000014901161,3.0,-0.140546302303993
5.175000000000001,1.7512931470121618e+18,5.126392484187635,-4.618978044909906,2.8507644225794424,0.08537177318687598,-1.5330109560630703,-0.6399702424613518,-0.26723955140084127,-0.1000004475444907,-0.1000000014901161,3.0,-0.1492355774205576
5.2,1.7512931470371617e+18,5.133071572178661,-4.7092222423156604,2.842691553852012,0.09414778896370977,-1.5527900849384302,-0.6573193668608942,-0.22401003252460083,-0.10000039427630661,-0.1000000014901161,3.0,-0.1573084461479879
5.2250000000000005,1.7512931470621617e+18,5.139643583286941,-4.805627956158918,2.8366092013142645,0.10230299092327276,-1.5708705184009324,-0.6687403662152909,-0.1651079356992926,-0.1000001165173293,-0.1000000014901161,3.0,-0.16339079868573547
5.25,1.7512931470871619e+18,5.143981036333349,-4.895606856157574,2.8333672731031485,0.10966318761568132,-1.5911462727964214,-0.6715024159218541,-0.09962295637881832,-0.09999962085089159,-0.1000000014901161,3.0,-0.1666327268968515
5.275,1.7512931471121618e+18,5.1414322479057715,-4.947696051772119,2.8329723113076266,0.11557027934544141,-1.6009122941282545,-0.6650076330819884,-0.03708952093125705,-0.0999990250703171,-0.1000000014901161,3.0,-0.1670276886923734
5.300000000000001,1.7512931471371617e+18,5.142785209237742,-5.023088028853753,2.8346553417994595,0.11917431370669426,-1.6176965315552134,-0.6511119052803166,0.016547255254528735,-0.09999856467792517,-0.1000000014901161,3.0,-0.16534465820054045
5.325,1.7512931471621617e+18,5.135044718742886,-5.097959374596361,2.8372956090992285,0.11981680207360414,-1.6331175934170823,-0.6336076770396448,0.06156598566038122,-0.09999854514709709,-0.1000000014901161,3.0,-0.1627043909007715
5.3500000000000005,1.7512931471871616e+18,5.136664459628685,-5.2297190806382,2.8400003291638827,0.1172498080498619,-1.660328666262272,-0.6170047073778681,0.1042734533336841,-0.09999923199274371,-0.1000000014901161,3.0,-0.15999967083611732
5.375,1.7512931472121618e+18,5.135448402485228,-5.259876077368532,2.842561388288294,0.11166190473564727,-1.6669429612564617,-0.6050983204230272,0.15378058385415705,-0.10000069672755493,-0.1000000014901161,3.0,-0.15743861171170614
5.4,1.7512931472371617e+18,5.11600589074242,-5.371973548931507,2.8455629230441546,0.10360317493735817,-1.6837636858550133,-0.5999267208584571,0.2169300692068149,-0.10000266901438935,-0.1000000014901161,3.0,-0.1544370769558454
5.425000000000001,1.7512931472621617e+18,5.111179648462438,-5.426149498895907,2.8500793114042704,0.09387558364336929,-1.6954326791980159,-0.6014984758214917,0.2934644307221823,-0.10000447147328576,-0.1000000014901161,3.0,-0.1499206885957296
5.45,1.7512931472871619e+18,5.107897239198104,-5.501342187120178,2.8571060092727256,0.08342793754154748,-1.7133987364380878,-0.6082386305180562,0.3735627393370335,-0.10000511724672682,-0.1000000014901161,3.0,-0.14289399072727438
5.4750000000000005,1.7512931473121618e+18,5.101498618924702,-5.561347914153768,2.8669968313140495,0.07329373183311177,-1.7271736630980252,-0.617758912062114,0.43903101904938396,-0.10000361671113014,-0.1000000014901161,3.0,-0.13300316868595052
5.5,1.7512931473371617e+18,5.087199072071498,-5.63135713214021,2.8791603404694595,0.06456915512509237,-1.7394167821448614,-0.6275528516905559,0.4680623131751099,-0.09999946357638992,-0.1000000014901161,3.0,-0.12083965953054054
5.525,1.7512931473621617e+18,5.0764279833120725,-5.712679901877394,2.8921193315994187,0.05839072303150412,-1.7574793751140696,-0.635454936725626,0.44213648246787457,-0.09999316493685687,-0.1000000014901161,3.0,-0.1078806684005813
5.550000000000001,1.7512931473871616e+18,5.05708378590008,-5.816623129445285,2.9038716454516798,0.055869294397193375,-1.7820452964539069,-0.6398871037825822,0.3528066517802512,-0.09998657956517763,-0.1000000014901161,3.0,-0.09612835454832025
5.575,1.7512931474121618e+18,5.047661263342127,-5.876554650297973,2.9124001119538203,0.057902929391743754,-1.7955748869265615,-0.6399636077555969,0.20608079650781572,-0.09998278642874224,-0.1000000014901161,3.0,-0.08759988804617969
5.6000000000000005,1.7512931474371617e+18,5.0227856981993,-5.964139312573225,2.916173815923456,0.06477680620189465,-1.8082180917784194,-0.6355578383783004,0.02281551262316952,-0.09998527555081914,-0.1000000014901161,3.0,-0.08382618407654396
5.625,1.7512931474621617e+18,5.011434515156589,-6.023010979372013,2.9145163566191914,0.07561392961880381,-1.8209279843172193,-0.6274367967387292,-0.16527904358530215,-0.09999646663884436,-0.1000000014901161,3.0,-0.0854836433808086
5.65,1.7512931474871619e+18,4.989749380724796,-6.112285559020872,2.9077585948036315,0.08801151375118796,-1.8384100325897477,-0.6174209693859632,-0.32314534887291074,-0.10001589533543138,-0.1000000014901161,3.0,-0.09224140519636848
5.675000000000001,1.7512931475121618e+18,4.977705408675962,-6.1652634444959125,2.897150372037133,0.09831810208521925,-1.8498488460004798,-0.6083323878357969,-0.4214917303073389,-0.10003876800765103,-0.1000000014901161,3.0,-0.10284962796286701
5.7,1.7512931475371617e+18,4.956043593967732,-6.265574304946694,2.8845723106317616,0.10277148659251432,-1.8768508409825762,-0.6035120290649436,-0.4450751024328311,-0.10005581119548078,-0.1000000014901161,3.0,-0.11542768936823844
5.7250000000000005,1.7512931475621617e+18,4.941671088835515,-6.322491999370886,2.872128767457409,0.09917089132855998,-1.8897366473188433,-0.6059202453145502,-0.3977858468286093,-0.10005524135370462,-0.1000000014901161,3.0,-0.1278712325425908
5.75,1.7512931475871616e+18,4.906061011715053,-6.405633785758945,2.8617026979276083,0.08823507289048416,-1.9002131946410137,-0.6169972924537332,-0.30283625668341635,-0.10002711482940986,-0.1000000014901161,3.0,-0.13829730207239166
5.775,1.7512931476121618e+18,4.875903887550046,-6.494555144024738,2.8545375522943512,0.07376724010390331,-1.9189767357775693,-0.6354568970608183,-0.1975189771706098,-0.09996929589880298,-0.1000000014901161,3.0,-0.14546244770564876
5.800000000000001,1.7512931476371617e+18,4.853822748520653,-6.565267001781093,2.850899887808219,0.06136000331956371,-1.936748318209196,-0.6562724312198843,-0.12346143117695126,-0.09989304096978212,-0.1000000014901161,3.0,-0.149100112191781
5.825,1.7512931476621617e+18,4.834331440614971,-6.622355206345259,2.849877131171316,0.05620868634503831,-1.9499692721353137,-0.6704324943080245,-0.11474163031575585,-0.09982522445830451,-0.1000000014901161,3.0,-0.1501228688286842
5.8500000000000005,1.7512931476871619e+18,4.7967551526882,-6.711429878051505,2.849393694877301,0.061044765851517226,-1.964351035642263,-0.6662410990115752,-0.18723353463673112,-0.09980416083978265,-0.1000000014901161,3.0,-0.1506063051226989
5.875,1.7512931477121618e+18,4.776358853040625,-6.766756427300038,2.846568142099182,0.0750184004410667,-1.9766985296612976,-0.6325445664010152,-0.33268036675149787,-0.09986736645726081,-0.1000000014901161,3.0,-0.15343185790081781
5.9,1.7512931477371617e+18,4.748078543696564,-6.84312098847463,2.8384931298080844,0.09380401139747511,-1.9973788973411557,-0.5632815768570848,-0.5199661893134773,-0.10003261704054657,-0.1000000014901161,3.0,-0.16150687019191556
5.925000000000001,1.7512931477621617e+18,4.714888571745697,-6.920535195879162,2.823314531908314,0.11069669410440296,-2.0143546254201468,-0.46168027859466376,-0.7039400640163197,-0.1002777505914677,-0.1000000014901161,3.0,-0.17668546809168584
5.95,1.7512931477871616e+18,4.6835689445607604,-6.98674022555148,2.8011864333138825,0.1182490522923418,-2.0257155161308082,-0.3418663389333144,-0.8394952853055287,-0.10052845087594174,-0.1000000014901161,3.0,-0.1988135666861175
5.9750000000000005,1.7512931478121618e+18,4.646581261880647,-7.064275641458161,2.7745337903305525,0.1100147685445015,-2.045177654910849,-0.22610469118802232,-0.8963675324953352,-0.1006646798154157,-0.1000000014901161,3.0,-0.22546620966944753
6.0,1.7512931478371617e+18,4.609241451613231,-7.147488598908661,2.7473004019859135,0.08203924491668832,-2.0656532712105253,-0.13773403482998273,-0.8692980111499053,-0.10055343471789184,-0.1000000014901161,3.0,-0.2526995980140865
6.025,1.7512931478621617e+18,4.582717513729951,-7.181602845186086,2.7234333613834765,0.033794926381817386,-2.053531368061522,-0.09256258817906646,-0.7793999171248358,-0.10010699040063369,-0.1000000014901161,3.0,-0.27656663861652353
6.050000000000001,1.7512931478871619e+18,4.541084769455744,-7.258548862745258,2.7053489415106733,-0.031634647149682296,-2.0590523457678214,-0.09309264615287673,-0.665568407548212,-0.09935272669289184,-0.1000000014901161,3.0,-0.2946510584893267
6.075,1.7512931479121618e+18,4.49202583485032,-7.322960168685046,2.693146131768641,-0.10809932161601916,-2.0370425959673506,-0.1285372254572627,-0.5685666635815358,-0.09848681279463574,-0.1000000014901161,3.0,-0.3068538682313591
6.1000000000000005,1.7512931479371617e+18,4.453728906855126,-7.40104584937919,2.684886101232165,-0.1873686117664705,-2.04537479886171,-0.1800221824313439,-0.5135417422247885,-0.09787574020827143,-0.1000000014901161,3.0,-0.315113898767835
6.125,1.7512931479621617e+18,4.4344244826775965,-7.4114009394517835,2.6776940068286517,-0.2601526242740285,-2.0562620766022897,-0.2277278099415338,-0.49787988232600855,-0.09797417286924483,-0.1000000014901161,3.0,-0.32230599317134834
6.15,1.7512931479871616e+18,4.396638075844776,-7.487418473442269,2.66912329176454,-0.31693910384707286,-2.06383437507003,-0.2568023406123221,-0.4899202348597253,-0.09914985046070092,-0.1000000014901161,3.0,-0.33087670823546
6.175000000000001,1.7512931480121618e+18,4.36900871500734,-7.492518957191402,2.6582520272431673,-0.3488473042594882,-2.063640652224943,-0.26055819702232347,-0.44047016802625266,-0.10144542666373126,-0.1000000014901161,3.0,-0.34174797275683266
6.2,1.7512931480371617e+18,4.327682222832011,-7.551455500872469,2.6461916520517796,-0.3489618076930775,-2.0738703695782474,-0.24086705430584884,-0.30446272854071177,-0.10435327176546798,-0.1000000014901161,3.0,-0.35380834794822036
6.2250000000000005,1.7512931480621617e+18,4.306304406565677,-7.5920906531572925,2.6358698790656483,-0.3143530427930046,-2.078513729150802,-0.206295576878017,-0.06601168353033475,-0.10671328232414472,-0.1000000014901161,3.0,-0.3641301209343517
6.25,1.7512931480871619e+18,4.255177420051903,-7.668614409576412,2.631062181905689,-0.24831724250535772,-2.088105375932714,-0.16882618918971326,0.24201468226057993,-0.10684148044074777,-0.1000000014901161,3.0,-0.3689378180943108
6.275,1.7512931481121618e+18,4.2294074247790325,-7.715754406328592,2.6347939440365415,-0.16177705143049934,-2.0929326553370413,-0.1402000880338991,0.5320771439881556,-0.10293907695811423,-0.1000000014901161,3.0,-0.36520605596345845
6.300000000000001,1.7512931481371617e+18,4.194636803711713,-7.760823568016241,2.6474657694552413,-0.07268269270951926,-2.0907091458323306,-0.1288544718888867,0.674296496345261,-0.09371635854049457,-0.1000000014901161,3.0,-0.35253423054475874
6.325,1.7512931481621617e+18,4.168471449399894,-7.80729131812056,2.665273673885622,-0.002690264174560707,-2.093713360478417,-0.13806980775344538,0.526035831509245,-0.07902420074281788,-0.1000000014901161,3.0,-0.334726326114378
6.3500000000000005,1.7512931481871616e+18,4.1392058557124285,-7.887332681257241,2.6795682793726607,0.028777347784003465,-2.0938378407973186,-0.16549279827625296,-0.028197514913877016,-0.060190544602004646,-0.1000000014901161,3.0,-0.32043172062733927
6.375,1.7512931482121618e+18,4.112342036646419,-7.934703580404225,2.677653085310766,0.011881058003965243,-2.0967630958000685,-0.20389590187795992,-1.03776578170353,-0.03980945688808361,0.0,0.0,2.677653085310766
6.4,1.7512931482371617e+18,4.11550120630614,-7.916403159217321,2.6451569553518923,-0.04724008412899599,-2.093224932824378,-0.24295200580413215,-2.460066382507064,-0.020975800747286142,0.0,0.0,2.6451569553518923
6.425000000000001,1.7512931482621617e+18,4.088439311715155,-7.963738362893246,2.5695699156665337,-0.12404958997900475,-2.0963309292882317,-0.27175495851000636,-4.157080071196837,-0.0062836429496359114,0.0,0.0,2.5695699156665337
6.45,1.7512931482871619e+18,4.068083307812581,-7.9631695984824535,2.4439475830596717,-0.1795702427795407,-2.1020761344710404,-0.2815852889892454,-5.917196705186297,0.0029390754679561957,0.0,0.0,2.4439475830596717
6.4750000000000005,1.7512931483121618e+18,4.0420918666408685,-8.00870985626682,2.269464383524772,-0.17096595017586652,-2.1073295248447517,-0.26813895224856615,-7.4975211226545,0.006841478950573528,0.0,0.0,2.269464383524772
6.5,1.7512931483371617e+18,4.025064673821362,-8.029703973487615,2.055740619571177,-0.06602435626278877,-2.1185731022506,-0.2324863633654214,-8.675446716777788,0.006713280833977769,0.0,0.0,2.055740619571177
6.525,1.7512931483621617e+18,4.002054983363821,-8.069120261751516,1.818713837910715,0.14352694144226913,-2.125205710430253,-0.18051546931583543,-9.295439126173617,0.0043532702753390625,0.0,0.0,1.818713837910715
6.550000000000001,1.7512931483871616e+18,4.046787932423583,-8.100485050504993,1.5768635978699894,0.4352958426987356,-2.117766834532549,-0.12118183509818357,-9.29869931039306,0.0014454251736679953,0.0,0.0,1.5768635978699894
6.575,1.7512931484121618e+18,4.027654510832556,-8.131755918718653,1.3472200457813042,0.7594487222019397,-2.122391094976389,-0.06415699813509146,-8.728950947125583,-0.0008501510292865561,0.0,0.0,1.3472200457813042
6.6000000000000005,1.7512931484371617e+18,4.118143002431664,-8.157310980066493,1.1424582901708176,1.0514699474667233,-2.1147136980849486,-0.01747472143722192,-7.7148885412183965,-0.0020258286206883062,0.0,0.0,1.1424582901708176
6.625,1.7512931484621617e+18,4.102431848167799,-8.183281999236476,0.9696946143340887,1.2502009013392215,-2.118460091826033,0.014221547194902269,-6.43621498654941,-0.002124261281667488,0.0,0.0,0.9696946143340887
6.65,1.7512931484871619e+18,4.13153389303985,-8.171745477751312,0.8308313935442843,1.3148145711320165,-2.1056161825515156,0.03029132128650489,-5.08367813359361,-0.0015131886954003052,0.0,0.0,0.8308313935442843
6.675000000000001,1.7512931485121618e+18,4.189486555362491,-8.170275652739079,0.7238137049414699,1.235106402107551,-2.0984995007136047,0.03342482461459377,-3.8233970906055497,-0.0006472747973370875,0.0,0.0,0.7238137049414699
6.7,1.7512931485371617e+18,4.194573745982139,-8.176783517590392,0.6440884292850392,1.0324417233968313,-2.0930954186798476,0.028129717731944864,-2.7727501591113133,0.00010698891015604355,0.0,0.0,0.6440884292850392
6.7250000000000005,1.7512931485621617e+18,4.184394132248473,-8.194355389760767,0.5858184043989101,0.7521142248657405,-2.0928321357644237,0.019117974830892913,-1.9907334832304189,0.0005534332271999563,0.0,0.0,0.5858184043989101
6.75,1.7512931485871616e+18,4.179771785445187,-8.198162297432333,0.5427714301056229,0.4502637595718677,-2.0869422121726657,0.0101423318778105,-1.481624042640995,0.0006646783246694766,0.0,0.0,0.5427714301056229
6.775,1.7512931486121618e+18,4.19652690147457,-8.144926822560468,0.5090282966103642,0.1794834503573804,-2.0891207348413854,0.003443922850231528,-1.2080737617806714,0.0005284493854204749,0.0,0.0,0.5090282966103642
6.800000000000001,1.7512931486371617e+18,4.178943985423187,-8.17614035057036,0.4796317487194402,-0.022914929986483267,-2.08833588076109,-0.0002723533680287689,-1.1087301407633445,0.00027774910150168167,0.0,0.0,0.4796317487194402
6.825,1.7512931486621617e+18,4.182393390139387,-8.168690178422237,0.45111443889277414,-0.14100227901252282,-2.0901002302714553,-0.0014807141284337675,-1.115822574589145,3.261555138406852e-05,0.0,0.0,0.45111443889277414
6.8500000000000005,1.7512931486871619e+18,4.167333971057543,-8.195261026049682,0.4217018249198341,-0.17949751887105347,-2.0899591912590156,-0.0012577173902306004,-1.169318517464615,-0.00013263503110188767,0.0,0.0,0.4217018249198341
6.875,1.7512931487121618e+18,4.215003749951176,-8.116191779984547,0.39105793823618246,-0.157359727437905,-2.0963269600734584,-0.000683283496328488,-1.225733345751439,-0.00019584064818022834,0.0,0.0,0.39105793823618246
6.9,1.7512931487371617e+18,4.205469267633582,-8.132924028505412,0.35968827633147654,-0.09890671174242265,-2.096331163214809,-0.0004208302820344031,-1.261133450388569,-0.00017477703008767206,0.0,0.0,0.35968827633147654
6.925000000000001,1.7512931487621617e+18,4.205559374848111,-8.117663105465104,0.3283003843585794,-0.026168494207820837,-2.0993922498851973,-0.0005929621071566982,-1.2691003891023864,-0.00010696052013812897,0.0,0.0,0.3283003843585794
6.95,1.7512931487871616e+18,4.197873385622587,-8.130935753021205,0.2973860792723806,0.045153574163649804,-2.0994838404328107,-0.000924976873106192,-1.2552851004986165,-3.070559362874973e-05,0.0,0.0,0.2973860792723806
6.9750000000000005,1.7512931488121618e+18,4.2197310481446815,-8.122904197958018,0.2671007128753653,0.10599589091848752,-2.1036228148398797,-0.0010193552614293643,-1.2305770987998919,2.711333415017505e-05,0.0,0.0,0.2671007128753653
7.0,1.7512931488371617e+18,4.230856577238313,-8.116666354722717,0.23735090179641682,0.15207204694204532,-2.107208171391645,-0.0006086004289442873,-1.2048203403023419,5.5239856510468044e-05,0.0,0.0,0.23735090179641682
7.025,1.7512931488621617e+18,4.227594195872891,-8.122200170290514,0.20795851941577445,0.18168420759739667,-2.107299605887796,0.00031336355881946953,-1.1825079358230537,5.580969871763224e-05,0.0,0.0,0.20795851941577445
7.050000000000001,1.7512931488871619e+18,4.2377916068332375,-8.117635251385469,0.17881670080768028,0.19423253523109715,-2.108470898630358,0.001510486564054391,-1.1611566938591378,3.876651484496933e-05,0.0,0.0,0.17881670080768028
7.075,1.7512931489121618e+18,4.235932121066786,-8.120760783703233,0.1500104777104522,0.18951975702190155,-2.1084864891923085,0.002638717131993795,-1.132305258583975,1.589385020503487e-05,0.0,0.0,0.1500104777104522
7.1000000000000005,1.7512931489371617e+18,4.238606450222283,-8.123074888304174,0.1218946466587557,0.16761447307105926,-2.107756194766688,0.0034130246406081284,-1.084466054916332,-3.534836812378656e-06,0.0,0.0,0.1218946466587557
7.125,1.7512931489621617e+18,4.237740479291159,-8.124528812256164,0.09511896614203658,0.12923693408723844,-2.1077830255583474,0.003721363337356365,-1.0069894079767485,-1.4725916839190494e-05,0.0,0.0,0.09511896614203658
7.15,1.7512931489871616e+18,4.245556845822918,-8.130656241010303,0.0705884459889235,0.0767510238163011,-2.1065043713642995,0.003639890333926525,-0.8936977257090553,-1.721503734261626e-05,0.0,0.0,0.0705884459889235
7.175000000000001,1.7512931490121618e+18,4.244678833950871,-8.132129425926584,0.04934676138084551,0.01544781619780725,-2.1063910284203713,0.003357862863921233,-0.745302512023427,-1.342191026334589e-05,0.0,0.0,0.04934676138084551
7.2,1.7512931490371617e+18,4.234148264912571,-8.119882209765152,0.03238121292515009,-0.045804997107432126,-2.1069572629398947,0.003060303305294075,-0.5699823915100742,-6.836560602817802e-06,0.0,0.0,0.03238121292515009
7.2250000000000005,1.7512931490621617e+18,4.233418905909948,-8.12111082396302,0.020381053491809256,-0.09554207868804249,-2.106821812629059,0.0028311757994455133,-0.38200286773432507,-5.379522495993201e-07,0.0,0.0,0.020381053491809256
7.250000000000001,1.7512931490871619e+18,4.226234001601587,-8.114285588257149,0.013523260939380062,-0.12249492391016066,-2.107942378955885,0.0026245554292521228,-0.1987894633837219,3.615152198222869e-06,0.0,0.0,0.013523260939380062
7.275,1.7512931491121618e+18,4.22583890287705,-8.11495021270153,0.011374353549918611,-0.11921245121964989,-2.107800004658559,0.0023126487763048664,-0.03728790661879652,5.115673833674361e-06,0.0,0.0,0.011374353549918611
7.300000000000001,1.7512931491371617e+18,4.238533075738656,-8.12055665269263,0.012962698191330077,-0.08488843397883993,-2.106841796844273,0.0017804301093776907,0.08937382169996484,4.469919122023963e-06,0.0,0.0,0.012962698191330077
7.325,1.7512931491621617e+18,4.238500246086303,-8.12061190606931,0.017005882408597,-0.02622502022829319,-2.106610505870922,0.001016167736064651,0.17403938791515486,2.667521390120705e-06,0.0,0.0,0.017005882408597
7.3500000000000005,1.7512931491871616e+18,4.232930194328575,-8.113048282289942,0.022209300200672244,0.04370816180955107,-2.106936588137028,0.0001494939994684439,0.2160262118032855,6.953326428975997e-07,0.0,0.0,0.022209300200672244
7.375000000000001,1.7512931492121618e+18,4.232975480609607,-8.112972750974738,0.0275228520949414,0.10789889764562974,-2.106661024127545,-0.0005872234584615288,0.22006147942310755,-7.692940665750672e-07,0.0,0.0,0.0275228520949414
7.4,1.7512931492371617e+18,4.2414678107697865,-8.12336262355112,0.032266237111861135,0.14859018307643587,-2.1067142069923275,-0.0009594385124338193,0.19422430785654551,-1.456069058693496e-06,0.0,0.0,0.032266237111861135
7.425000000000001,1.7512931492621617e+18,4.247149469063531,-8.121436189382054,0.03609588872565259,0.15136441976708234,-2.1072752560485615,-0.0008440292981352374,0.1477026911148459,-1.436561578707164e-06,0.0,0.0,0.03609588872565259
7.45,1.7512931492871619e+18,4.246977685306549,-8.121726564750864,0.03886048357042188,0.11021526340396938,-2.1071075309115144,-0.00029847668556124763,0.08908250577585826,-9.76329593093189e-07,0.0,0.0,0.03886048357042188
7.4750000000000005,1.7512931493121618e+18,4.2460453732438825,-8.121291503615208,0.040443040029268115,0.03266929040970408,-2.1071631945376,0.0004514349215754123,0.025531846394959964,-3.808469847869774e-07,0.0,0.0,0.040443040029268115
7.500000000000001,1.7512931493371617e+18,4.246038831439509,-8.121304199486564,0.04068512562876359,-0.057397404278732474,-2.107046275438257,0.0011037037355085364,-0.03719617185471399,1.1445092609872613e-07,0.0,0.0,0.04068512562876359
7.525,1.7512931493621617e+18,4.250755527561912,-8.124716389167633,0.03943001628411289,-0.12226207841359497,-2.1070368830382944,0.0014093221706531344,-0.09434327639826676,3.9191147717263657e-07,0.0,0.0,0.03943001628411289
7.550000000000001,1.7512931493871616e+18,4.250422861841018,-8.125293459236913,0.036643309291706366,-0.12031669488355391,-2.1067909547402244,0.0012745217934542817,-0.14178800205770048,4.451390941407431e-07,0.0,0.0,0.036643309291706366
7.575,1.7512931494121618e+18,4.247696401076545,-8.122955237454761,0.0325209213589503,-0.02318779759988811,-2.1071446074134927,0.0007869468876143453,-0.17606121064935684,3.401398296830993e-07,0.0,0.0,0.0325209213589503
7.6000000000000005,1.7512931494371617e+18,4.2475965428921985,-8.123125023817709,0.027503929992893642,0.1637848222258757,-2.1069549720986793,0.00016024204526919017,-0.19475076556351342,1.6810083441611352e-07,0.0,0.0,0.027503929992893642
7.625000000000001,1.7512931494621617e+18,4.240566193659323,-8.11548146904809,0.022180456796476032,0.3851831769025147,-2.107742148333963,-0.00036606837748932484,-0.19705325791560355,7.591108574193234e-09,0.0,0.0,0.022180456796476032
7.65,1.7512931494871619e+18,4.240838401563865,-8.115025847812197,0.017126221046437632,0.5330338590080639,-2.1076769940721403,-0.0006193654695586048,-0.1841355120200239,-9.547222171731972e-08,0.0,0.0,0.017126221046437632
7.675000000000001,1.7512931495121618e+18,4.24210783231719,-8.12670328037931,0.012766703390124742,0.46673787399713473,-2.10825207995041,-0.0005425410799574687,-0.15906099589729306,-1.3031663334309118e-07,0.0,0.0,0.012766703390124742
7.7,1.7512931495371617e+18,4.242230816625213,-8.126497849835472,0.00931750055871297,0.0573399386010079,-2.1082955756001147,-0.0001899567203849973,-0.12624355009768343,-1.1184779192714381e-07,0.0,0.0,0.00931750055871297
7.7250000000000005,1.7512931495621617e+18,4.238108830800583,-8.12391578541016,0.006805986765966222,-0.7534450174925453,-2.1085054877150706,0.0003154737895105105,-0.09059508179283933,-6.647858177110432e-08,0.0,0.0,0.006805986765966222
7.750000000000001,1.7512931495871616e+18,4.238138548586638,-8.123866185292965,0.00513856925742756,-1.9016172307524744,-2.10856017589986,0.0008405565142484352,-0.056639107535842746,-1.9344738101408728e-08,0.0,0.0,0.00513856925742756
7.775,1.7512931496121618e+18,4.2279769464671,-8.119885205809096,0.004170047176417156,-3.185370883030867,-2.1102291464193765,0.0012911377300319933,-0.027837866529762646,1.3590251761112136e-08,0.0,0.0,0.004170047176417156
7.800000000000001,1.7512931496371617e+18,3.8799829551892215,-7.408228630702141,0.003747360573276345,-4.306609959914466,-2.1014552226402943,0.0016340295704024128,-0.006263724318829194,2.773392362182708e-08,0.0,0.0,0.003747360573276345
7.825,1.7512931496621617e+18,3.8799792906767245,-7.408234895500871,0.0037236569881305566,-4.965488367404037,-2.101474769406312,0.0018858617770397496,0.007393218935905657,2.7519931296719e-08,0.0,0.0,0.0037236569881305566
7.8500000000000005,1.7512931496871619e+18,3.866521777929548,-7.39560752761718,0.003955619061020297,-4.972145458939812,-2.1030249775284546,0.002079764739326602,0.01358647270080945,2.1612150786207217e-08,0.0,0.0,0.003955619061020297
7.875000000000001,1.7512931497121618e+18,3.8665253752071127,-7.395601407519293,0.004300636815678243,-4.322880315893041,-2.1029699873247822,0.002232513447586263,0.013575928518412335,1.7813107428321754e-08,0.0,0.0,0.004300636815678243
7.9,1.7512931497371617e+18,3.866998978636416,-7.401359170853532,0.004623616259282505,-3.2016923249794496,-2.1043888718589807,0.0023326187862234065,0.009093301282069605,1.935685281187756e-08,0.0,0.0,0.004623616259282505
7.925000000000001,1.7512931497621617e+18,3.866979220748039,-7.401392619277411,0.004813321205088034,-1.9064591704431435,-2.1043393882457795,0.002353819598345213,0.002056039877372581,2.3579918730951116e-08,0.0,0.0,0.004813321205088034
7.95,1.7512931497871616e+18,3.8734274061532705,-7.4089878656636365,0.004800953540748278,-0.737761596096093,-2.1039384942133093,0.0022802369231218447,-0.00566939417523132,2.3259457046331422e-08,0.0,0.0,0.004800953540748278
7.9750000000000005,1.7512931498121618e+18,3.8734205803009125,-7.408999451800285,0.00457176436407457,0.09700119493740944,-2.1038878858376044,0.0021229258400577325,-0.01246991664240167,1.0236394402565575e-08,0.0,0.0,0.00457176436407457
8.0,1.7512931498371617e+18,3.867313589591881,-7.396644415833333,0.004163643401292048,0.5275139247991292,-2.1058204020547215,0.0019166330934740014,-0.017158127431092015,-1.9709441276002254e-08,0.0,0.0,0.004163643401292048
8.025,1.7512931498621617e+18,3.8673370955634225,-7.396604675758308,0.0036524985592386442,0.6071498739670327,-2.1057812207825677,0.001701883204203246,-0.019097480097887573,-6.23619015797694e-08,0.0,0.0,0.0036524985592386442
8.05,1.7512931498871619e+18,3.868718475022408,-7.397410176950346,0.0031295344111402375,0.46229150746647385,-2.106566662748319,0.0015074754867176277,-0.018249953033918975,-1.0296038465869076e-07,0.0,0.0,0.0031295344111402375
8.075000000000001,1.7512931499121618e+18,3.868727631803078,-7.397394781294101,0.0026777631120257607,0.23300589310386752,-2.106595796139322,0.0013448044949517838,-0.015121455791355097,-1.1837580386896699e-07,0.0,0.0,0.0026777631120257607
8.1,1.7512931499371617e+18,3.8743054894886435,-7.404806626462033,0.002353866299071925,0.027970074186542668,-2.107024659316063,0.0012141433246661737,-0.010603921905471814,-8.455193941551849e-08,0.0,0.0,0.002353866299071925
8.125,1.7512931499621617e+18,3.873418142757224,-7.405074572173897,0.002178688819070714,-0.09587118157718058,-2.107123533982605,0.0011154061025484088,-0.005744527890495612,1.1634870317696586e-08,0.0,0.0,0.002178688819070714
8.15,1.7512931499871616e+18,3.874997491857022,-7.404840764406053,0.0021372624196563383,-0.13048252112639014,-2.1067405096026652,0.0010554119514256468,-0.0014977144509739995,1.5941559866687153e-07,0.0,0.0,0.0021372624196563383
8.175,1.7512931500121618e+18,3.8750078989846766,-7.404823272249096,0.002187682792320773,-0.09976627390616967,-2.1067167213068916,0.0010469249544947366,0.0014765534688616717,3.157167859429565e-07,0.0,0.0,0.002187682792320773
8.200000000000001,1.7512931500371617e+18,3.8741504157769797,-7.404816603056905,0.0022764560480965164,-0.039148528622657046,-2.105607346057864,0.0010994866891212937,0.002918495755475216,4.079274204643954e-07,0.0,0.0,0.0022764560480965164
8.225,1.7512931500621617e+18,3.874145501519832,-7.404824884442149,0.0023557876610240135,0.020298784397405054,-2.105612456989892,0.001207388519719657,0.0029588086101199197,3.528271475563608e-07,0.0,0.0,0.0023557876610240135
8.25,1.7512931500871619e+18,3.876123218719825,-7.402432045253142,0.0023968853204577954,0.059797997003616314,-2.1057502524173644,0.001343463537188463,0.0020101231170307405,9.163863580140996e-08,0.0,0.0,0.0023968853204577954
8.275,1.7512931501121618e+18,3.8770125949271788,-7.404536336889209,0.002394337057639018,0.07351936234376963,-2.10569495272156,0.0014654476589040575,0.0006045119117641793,-3.6673971769071407e-07,0.0,0.0,0.002394337057639018
8.3,1.7512931501371617e+18,3.8760341888128833,-7.401896443971527,0.002360472836223002,0.06484669078952346,-2.1056072044357483,0.001534050001309549,-0.0007673742787676379,-9.108592588155991e-07,0.0,0.0,0.002360472836223002
8.325000000000001,1.7512931501621617e+18,3.87603870068974,-7.401888839378024,0.0023136670933931024,0.04149215758377414,-2.1055583614310076,0.0015333883137650824,-0.0017693749534003025,-1.322199547097954e-06,0.0,0.0,0.0023136670933931024
8.35,1.7512931501871616e+18,3.880532313436039,-7.404726005507895,0.0022675437128490865,0.011740298792730069,-2.104937024760177,0.001481754871467132,-0.002262718131877004,-1.3208008702320162e-06,0.0,0.0,0.0022675437128490865
8.375,1.7512931502121618e+18,3.8805387239341314,-7.404715197150012,0.002226589611669187,-0.01736476652466322,-2.104856567869089,0.0014255648203406858,-0.0022834835214551844,-6.676411020325684e-07,0.0,0.0,0.002226589611669187
8.4,1.7512931502371617e+18,3.8763461456745323,-7.401177219708846,0.0021888344264151833,-0.04035097884773009,-2.104571346048809,0.0014183080541740865,-0.0019788384071385313,6.937740355261152e-07,0.0,0.0,0.0021888344264151833
8.425,1.7512931502621617e+18,3.8734248670367526,-7.39821882493257,0.0021518018339366715,-0.05321368417496131,-2.1053006338711646,0.0014949341967861257,-0.0015322667648554032,2.5036229829202913e-06,0.0,0.0,0.0021518018339366715
8.450000000000001,1.7512931502871619e+18,3.873423389629796,-7.398221342164387,0.002116759894529974,-0.05367359774946576,-2.1052664919971695,0.0016554888065053572,-0.0011018375458953988,4.130233136006567e-06,0.0,0.0,0.002116759894529974
8.475,1.7512931503121618e+18,3.873422395148234,-7.398223036579482,0.002088470208990187,-0.041851178260090785,-2.1052435102017064,0.001866311706481379,-0.0007835844113282486,4.665573760647093e-06,0.0,0.0,0.002088470208990187
8.5,1.7512931503371617e+18,3.8728378538701413,-7.398948534957119,0.0020712601516513617,-0.020758981055367387,-2.106370602676389,0.002076157884692084,-0.0006013665734125051,3.212366744634234e-06,0.0,0.0,0.0020712601516513617
8.525,1.7512931503621617e+18,3.874821086417186,-7.401822314980383,0.002064794086264745,0.004084284545991237,-2.1062449604797826,0.0022370970288020037,-0.0005188719483612864,-6.674632330468906e-07,0.0,0.0,0.002064794086264745
8.55,1.7512931503871616e+18,3.8748485853096977,-7.4017760253129286,0.0020628370621047637,0.026124183987224537,-2.106176022504748,0.002320234171513797,-0.0004678253104166415,-6.470358134673466e-06,0.0,0.0,0.0020628370621047637
8.575000000000001,1.7512931504121618e+18,3.8785120293296402,-7.40710327524601,0.002056117731761002,0.0398372984558941,-2.1057676669970986,0.00232121411473379,-0.0003854394945262937,-1.2452740730590022e-05,0.0,0.0,0.002056117731761002
8.600000000000001,1.7512931504371617e+18,3.8784994313912953,-7.407124528029829,0.0020378005596960727,0.042488874924489266,-2.105779082613285,0.0022561800601530223,-0.00025107902088299317,-1.5770545767304373e-05,0.0,0.0,0.0020378005596960727
8.625,1.7512931504621617e+18,3.874824334931496,-7.401963431242098,0.002008386612804017,0.03478327968103497,-2.1058769331280325,0.0021528610563408598,-0.00010795226599376796,-1.3242083646542713e-05,0.0,0.0,0.002008386612804017
8.65,1.7512931504871619e+18,3.872784903954778,-7.4013142634810185,0.001976813199156901,0.02017019296479503,-2.1049969488063285,0.002041776088554652,-5.4829395560293586e-05,-2.720086543454915e-06,0.0,0.0,0.001976813199156901
8.675,1.7512931505121618e+18,3.8769072345761986,-7.404995981472371,0.0019563751692657783,0.0032630477381610265,-2.1053463900251557,0.001949976946139881,-0.00020017306573651977,1.5249637986744019e-05,0.0,0.0,0.0019563751692657783
8.700000000000001,1.7512931505371617e+18,3.8769066828032765,-7.404996923841945,0.001957126932111567,-0.011782440562734519,-2.105386340924918,0.0018979515141972713,-0.0005878260944841541,3.6133993232680016e-05,0.0,0.0,0.001957126932111567
8.725000000000001,1.7512931505621617e+18,3.8760706276332852,-7.406481232617026,0.001978925414201916,-0.02224853961442439,-2.105609005853027,0.0018998835831894473,-0.0011242534591018526,5.1332146175074475e-05,0.0,0.0,0.001978925414201916
8.75,1.7512931505871616e+18,3.8729061304102568,-7.401287126101794,0.0020095305911448404,-0.0270633393448083,-2.106460462055984,0.0019653139384267953,-0.0015514195256586276,5.005297877853586e-05,0.0,0.0,0.0020095305911448404
8.775,1.7512931506121618e+18,3.8729106763070225,-7.401279462266393,0.0020297187193181253,-0.026561493285675055,-2.1064057294571783,0.002097208617347444,-0.0015049446071729292,2.3361602478979356e-05,0.0,0.0,0.0020297187193181253
8.8,1.7512931506371617e+18,3.871508503325398,-7.401406056248762,0.0020234296743385245,-0.022141071038853054,-2.1064891736133218,0.00228322509463384,-0.0006683253220458293,-3.0340259535664916e-05,0.0,0.0,0.0020234296743385245
8.825000000000001,1.7512931506621617e+18,3.871514565950027,-7.401395861813625,0.0019877969423967396,-0.01585005407829528,-2.1064512179046475,0.0024847492295431875,0.00101387496674091,-0.00010026850088776118,0.0,0.0,0.0019877969423967396
8.850000000000001,1.7512931506871619e+18,3.877059347960598,-7.408151851529305,0.0019373096860233897,-0.00975422051079851,-2.1053562925410363,0.0026350091043315527,0.0031501739146428823,-0.00016138408613415475,0.0,0.0,0.0019373096860233897
8.875,1.7512931507121618e+18,3.877062193035427,-7.4081470713431,0.0018987602326740818,-0.005176666497811923,-2.1053248121208723,0.002655636624184052,0.004855589805301984,-0.00017845766190620734,0.0,0.0,0.0018987602326740818
8.9,1.7512931507371617e+18,3.8697398576519535,-7.3999644216826495,0.0018979004049025092,-0.002294985024084118,-2.104767491101213,0.002489802659674947,0.004936109291130813,-0.00011751272719965213,0.0,0.0,0.0018979004049025092
8.925,1.7512931507621617e+18,3.8697566170156263,-7.399936135321206,0.0019427772734896054,-0.0005646785580633186,-2.1047489973864906,0.00213643556457724,0.0023220538051543105,3.6712464734859194e-05,0.0,0.0,0.0019427772734896054
8.950000000000001,1.7512931507871616e+18,3.8727039011471547,-7.401328337850014,0.00201095674752805,0.0001748709538914788,-2.1045046532840868,0.0016643651204656799,-0.003344970969895032,0.00026240219720011346,0.0,0.0,0.00201095674752805
8.975000000000001,1.7512931508121618e+18,3.8726935741890114,-7.401345805098096,0.0020479758734666927,-0.0012398191054739298,-2.1044805416079853,0.001194010618149949,-0.011181395858080144,0.0004899363685234647,0.0,0.0,0.0020479758734666927
9.0,1.7512931508371617e+18,3.872710198333842,-7.402621939709788,0.0019822312585558426,-0.007114452299483803,-2.105562373464923,0.000852705985818271,-0.018860864798335198,0.000608533427899797,0.0,0.0,0.0019822312585558426
9.025,1.7512931508621617e+18,3.8727040173008045,-7.402632405796443,0.0017562804321122317,-0.019328074592515627,-2.105515780980272,0.0007239758862157503,-0.022981396997877893,0.0004970929735536307,0.0,0.0,0.0017562804321122317
9.05,1.7512931508871619e+18,3.8718708561550854,-7.4024094761380566,0.0013664319126348926,-0.03715026421005416,-2.106075486857725,0.0008121775038095725,-0.020081981859782747,7.810812964383334e-05,0.0,0.0,0.0013664319126348926
9.075000000000001,1.7512931509121618e+18,3.871867887070116,-7.402414494263704,0.000894508335790761,-0.055858667192279506,-2.106072950238253,0.0010359060671948847,-0.008135419005179135,-0.0006185198479257835,0.0,0.0,0.000894508335790761
9.100000000000001,1.7512931509371617e+18,3.86883899585123,-7.400066561533933,0.0005122085798252589,-0.06735277438023596,-2.1074490728627673,0.0012534040391551414,0.01193383711330608,-0.0014075070406313935,0.0,0.0,0.0005122085798252589
9.125,1.7512931509621617e+18,3.8644022792198633,-7.395204560586331,0.0004427094398674095,-0.06300118994454575,-2.1079233300464186,0.0013126657964464598,0.03534808616777168,-0.0019490711705654681,0.0,0.0,0.0004427094398674095
9.15,1.7512931509871616e+18,3.8644147549825627,-7.395183601378727,0.0008766799537273949,-0.0377670238854393,-2.1078422679719173,0.0011096575244720342,0.05382153441665968,-0.0018271044616780816,0.0,0.0,0.0008766799537273949
9.175,1.7512931510121618e+18,3.8644231865549177,-7.395169436386971,0.0018591773419258718,0.0062113985769689205,-2.1077874832854784,0.0006347728844682687,0.05750581044250037,-0.000712149190013069,0.0,0.0,0.0018591773419258718
9.200000000000001,1.7512931510371617e+18,3.871849708684078,-7.400933514355456,0.003185932848243149,0.05850192795439233,-2.1076053690422425,-7.39921452549844e-06,0.03837332501925929,0.0014194562508719536,0.0,0.0,0.003185932848243149
9.225000000000001,1.7512931510621617e+18,3.87726926948812,-7.405736434002353,0.0043645436354116844,0.10278034369370222,-2.107140822853113,-0.0006103668515755742,-0.005741473370648986,0.004080914893277349,0.0,0.0,0.0043645436354116844
9.25,1.7512931510871619e+18,3.8772758020512756,-7.4057254660968415,0.004697064179708546,0.12229199250723916,-2.1071049832620705,-0.0009080473399000876,-0.06771713574264425,0.006185586913654184,0.0,0.0,0.004697064179708546
9.275,1.7512931511121618e+18,3.876580952733574,-7.407992850537682,0.003515809265076075,0.10647461199954845,-2.1059681884822936,-0.0006434290366196527,-0.12974309102738205,0.006169853352745418,0.0,0.0,0.003515809265076075
9.3,1.7512931511371617e+18,3.876571378203809,-7.408008960057238,0.0005517838529752123,0.056229937355746246,-2.105960819704629,0.0003400158765259286,-0.16496688241688104,0.002369945079293918,0.0,0.0,0.0005517838529752123
9.325000000000001,1.7512931511621617e+18,3.874760988866125,-7.403635840657124,-0.0036550187824432017,-0.014237895857371157,-2.107149036295662,0.0019945472194174336,-0.14235600239359594,-0.006412421749315369,0.0,0.0,-0.0036550187824432017
9.350000000000001,1.7512931511871616e+18,3.87533764730775,-7.404440928363474,-0.0074579420383095625,-0.08001412731380833,-2.106645637851998,0.003978876093673161,-0.033845505032027955,-0.02034920650554707,0.0,0.0,-0.0074579420383095625
9.375,1.7512931512121618e+18,3.8753466419798794,-7.404425812685699,-0.00809426093431516,-0.11232724876507916,-2.106611867631611,0.005628093947474919,0.17807755658739985,-0.03830500377897958,0.0,0.0,-0.00809426093431516
9.4,1.7512931512371617e+18,3.8704287286962598,-7.401288385202963,-0.0020836064359544214,-0.08851770233575329,-2.1071982267583973,0.006031701239969063,0.49453682685139455,-0.058051835740529356,-0.1000000014901161,3.0,-3.0020836064359546
9.425,1.7512931512621617e+18,3.8786981055125396,-7.408865883871896,0.013987937376926005,-0.0030238353115384334,-2.1060174605982356,0.004244454943111598,0.8978919976271411,-0.0769544054533301,-0.1000000014901161,3.0,-2.986012062623074
9.450000000000001,1.7512931512871619e+18,3.867494246925994,-7.399968788043491,0.04250668954883155,0.12384197329928595,-2.1071398319507084,-0.0004048210963855869,1.3533931397953574,-0.09279725619577066,-0.1000000014901161,3.0,-2.9574933104511683
9.475000000000001,1.7512931513121618e+18,3.866981204649892,-7.400833601101692,0.08404416751418041,0.2436166332042184,-2.107108077696858,-0.008021291700858694,1.814067458478648,-0.10431004617497676,-0.1000000014901161,3.0,-2.9159558324858197
9.5,1.7512931513371617e+18,3.869249603007646,-7.407450414719586,0.13709177197168781,0.28830579416853724,-2.107393834828931,-0.018035070870401203,2.227093201017995,-0.11114829103956769,-0.1000000014901161,3.0,-2.8629082280283122
9.525,1.7512931513621617e+18,3.868204000384838,-7.40920692563955,0.19846111288143317,0.19225165518786672,-2.1071396125235813,-0.029397299778126385,2.5398553198231126,-0.11344725078937716,-0.1000000014901161,3.0,-2.801538887118567
9.55,1.7512931513871616e+18,3.866147058105931,-7.408243563915126,0.2641455643045688,-0.07524101744334129,-2.1083498113202577,-0.041042373204450484,2.7047347516013143,-0.11131137308089302,-0.1000000014901161,3.0,-2.735854435695431
9.575000000000001,1.7512931514121618e+18,3.8631542687668987,-7.408977975403841,0.33014769851639747,-0.4758393120028177,-2.11168234386103,-0.05237763580568567,2.6829538671908253,-0.1045952817809497,-0.1000000014901161,3.0,-2.6698523014836026
9.600000000000001,1.7512931514371617e+18,3.8625626222750586,-7.415496691739633,0.39278607979741337,-0.8823165090624459,-2.112450151161699,-0.06346911153783141,2.448668291834133,-0.09312193715605649,-0.1000000014901161,3.0,-2.607213920202587
9.625,1.7512931514621617e+18,3.8606465071761065,-7.418690523032543,0.4483686270239408,-1.0907730104732656,-2.1134094166672153,-0.07470987418453133,1.9942882265368447,-0.07719913113858924,-0.1000000014901161,3.0,-2.5516313729760594
9.65,1.7512931514871619e+18,3.8562375616878017,-7.426511107321269,0.49262935492157156,-0.8775857324395495,-2.11437549972821,-0.08607132767739578,1.3366562752479414,-0.05808123111257606,-0.1000000014901161,3.0,-2.5073706450784283
9.675,1.7512931515121618e+18,3.8535895117829626,-7.430904515705636,0.5205956102342065,-0.09939634323429265,-2.115628099680126,-0.09638361595386394,0.5218833560707605,-0.03801014270740506,0.0,0.0,0.5205956102342065
9.700000000000001,1.7512931515371617e+18,3.846100665243517,-7.44555083613005,0.5273563409391722,1.1870596065822827,-2.115949214693948,-0.10320654828702946,-0.37450865880554407,-0.019707410951227224,0.0,0.0,0.5273563409391722
9.725000000000001,1.7512931515621617e+18,3.8422168192079957,-7.451992228517737,0.5096329933141907,2.630745576852905,-2.1171197310221346,-0.10357984097779734,-1.2549937004633935,-0.005545728980928686,0.0,0.0,0.5096329933141907
9.75,1.7512931515871616e+18,3.831930792929455,-7.454622357687524,0.46745952419603753,3.5756809477802025,-2.118333082692118,-0.09540999343648793,-2.0155207167148266,0.0031688804491587447,0.0,0.0,0.46745952419603753
9.775,1.7512931516121618e+18,3.8271276310928637,-7.462551970396184,0.4050367838989809,3.1824991846969115,-2.1202843100354896,-0.07877948960408533,-2.5662447755647375,0.006478719221168705,0.0,0.0,0.4050367838989809
9.8,1.7512931516371617e+18,3.8404062927616778,-7.463057411566739,0.3301348263613648,0.6916662693776258,-2.124586134134607,-0.05636559025898701,-2.851844537984062,0.005581309269184529,0.0,0.0,0.3301348263613648
9.825000000000001,1.7512931516621617e+18,3.83539121219798,-7.471356914324956,0.25214153798627365,-4.228317888672067,-2.1274897840183944,-0.03260188545654799,-2.8648577455574347,0.0023455567682422757,0.0,0.0,0.25214153798627365
9.850000000000001,1.7512931516871619e+18,3.8727085033554487,-7.446253327186826,0.17956213472899388,-11.177235006225244,-2.130480504877372,-0.01200255665265158,-2.647129564029305,-0.0012333094626649362,0.0,0.0,0.17956213472899388
9.875,1.7512931517121618e+18,3.8699344026180484,-7.450709977591937,0.1180119814440728,-18.933108251629122,-2.132512473107689,0.002412314282142764,-2.2781626140626416,-0.0034906311863818163,0.0,0.0,0.1180119814440728
9.9,1.7512931517371617e+18,0.9240678042861222,-4.558611514036062,0.06941166200226986,-25.701669181004686,-2.2261629945269346,0.009836983410826866,-1.853443785001478,-0.0034164515052099165,0.0,0.0,0.06941166200226986
9.925,1.7512931517621617e+18,0.924229641491468,-4.552329933619374,0.03247708918217798,-29.683428506480748,-2.226235805554436,0.011424680808138464,-1.4590514620827975,-0.0008622840228791734,0.0,0.0,0.03247708918217798
9.950000000000001,1.7512931517871616e+18,0.9209163736480374,-4.556672485011536,0.004078755166546772,-29.744028727346606,-2.2263024261881244,0.009428755549000217,-1.1498950353340103,0.003358846539458285,0.0,0.0,0.004078755166546772
9.975000000000001,1.7512931518121618e+18,0.9188163543203605,-4.559422491632971,-0.019170890465495295,-25.869490026755837,-2.2262562651013615,0.0062178812465032264,-0.9376216869345428,0.00751537692049639,0.0,0.0,-0.019170890465495295
10.0,1.7512931518371617e+18,0.9185923525073754,-4.552173249902229,-0.03965268155079222,-19.17073203058385,-2.225370970847119,0.0035141758640019724,-0.7912248882401753,0.009220433970900438,0.0,0.0,-0.03965268155079222
10.025,1.7512931518621617e+18,0.9181107089520673,-4.547131771214463,-0.05807623710543808,-11.435536557485268,-2.224486962485062,0.0020352630888867715,-0.6498203970504428,0.005977490419112977,0.0,0.0,-0.05807623710543808
10.05,1.7512931518871619e+18,0.9162999893171362,-4.549514083085447,-0.07340152293433526,-4.460753167672288,-2.2248582476515364,0.0015685031193900434,-0.44396010459203034,-0.0040268776358644565,0.0,0.0,-0.07340152293433526
10.075000000000001,1.7512931519121618e+18,0.9207550330008726,-4.540855686720695,-0.08316190630878251,0.5175328304613568,-2.2251683122480377,0.001362500993882849,-0.11987669686604192,-0.02107866041758727,0.0,0.0,-0.08316190630878251
10.100000000000001,1.7512931519371617e+18,0.9211716009297749,-4.540318651279897,-0.08401686465090324,3.0798567919889765,-2.2252261522968726,0.0006228824195354142,0.33959268564984796,-0.04338014127250896,0.0,0.0,-0.08401686465090324
10.125,1.7512931519621617e+18,0.9220657070867119,-4.539598432701369,-0.07249326645955889,3.540292111701787,-2.2220592880161876,-0.0010967793380352408,0.9030160303746347,-0.0671264450155725,-0.1000000014901161,3.0,-3.072493266459559
10.15,1.7512931519871616e+18,0.9227280341949724,-4.538738777651713,-0.04596016517952708,2.647460978557175,-2.221755663344027,-0.003717212379552051,1.4911294720529678,-0.08734291347815547,-0.1000000014901161,3.0,-3.045960165179527
10.175,1.7512931520121618e+18,0.9241461745064012,-4.542196493348201,-0.0037976911438686346,1.2374377218655404,-2.2218181929096543,-0.006666640781892084,1.991408517948401,-0.09925613153921395,-0.1000000014901161,3.0,-3.003797691143869
10.200000000000001,1.7512931520371617e+18,0.9222619265220082,-4.544676831853455,0.05151149036616475,-0.03144781038457431,-2.222006182305033,-0.009082869069920702,2.2841095547430985,-0.09971413591263775,-0.1000000014901161,3.0,-2.9484885096338354
10.225000000000001,1.7512931520621617e+18,0.92088709958074,-4.546613314970783,0.11386240913562441,-0.8035014301388197,-2.2211599839087928,-0.010146803281475448,2.2740791225586827,-0.08817123486321578,-0.1000000014901161,3.0,-2.8861375908643754
10.25,1.7512931520871619e+18,0.9267512000527107,-4.546751234294316,0.17408387152624047,-1.0178464536132612,-2.2203221683351857,-0.009460661766088122,1.9202381470982215,-0.0669413116961534,-0.1000000014901161,3.0,-2.8259161284737595
10.275,1.7512931521121618e+18,0.9278182426948512,-4.547418191153497,0.22174455984895908,-0.8154458689509794,-2.220506697432067,-0.007279606443642945,1.2541983390242517,-0.040657553398247115,0.0,0.0,0.22174455984895908
10.3,1.7512931521371617e+18,0.93132015687821,-4.5482648694478645,0.2478096647816209,-0.41890595188235236,-2.2220385456921696,-0.004407029333237314,0.38150697431399366,-0.015110505505707068,0.0,0.0,0.2478096647816209
10.325000000000001,1.7512931521621617e+18,0.9292672298632902,-4.550966458816148,0.2472622534758887,-0.031319300309559026,-2.2226537354118223,-0.001779239288912238,-0.5366955641561593,0.004165490109028796,0.0,0.0,0.2472622534758887
10.350000000000001,1.7512931521871616e+18,0.9249127042814022,-4.548990182208732,0.22072658014739785,0.22164802021639665,-2.222358215553166,-2.2366812064921176e-05,-1.3183798401405085,0.013143978630678677,0.0,0.0,0.22072658014739785
10.375,1.7512931522121618e+18,0.9219318023328513,-4.552896330017168,0.17451517246249423,0.304047775504745,-2.2225689459928777,0.0007231219517106193,-1.803504637075576,0.010141058718207854,0.0,0.0,0.17451517246249423
10.4,1.7512931522371617e+18,0.919448962433513,-4.547714469584083,0.11913858392574687,0.24888908282177014,-2.2230551004931924,0.0006691881758678021,-1.8939840413009021,-0.0038189501278042674,0.0,0.0,0.11913858392574687
10.425,1.7512931522621617e+18,0.9184692901779746,-4.5489949931269065,0.0668275334265827,0.12276231835577109,-2.223436307265718,0.00014114771255726384,-1.5798137953357752,-0.025102627115421886,0.0,0.0,0.0668275334265827
10.450000000000001,1.7512931522871619e+18,0.9193838185669848,-4.547777394471246,0.028791727711986886,-0.0076364722881298915,-2.222898095649638,-0.0005629827031748653,-0.9436859410018036,-0.04810790177597829,0.0,0.0,0.028791727711986886
10.475000000000001,1.7512931523121618e+18,0.9191523495496666,-4.54807341045063,0.012811879389962987,-0.09704050424582479,-2.2232755741170087,-0.0011901091502968797,-0.14195070319265546,-0.06653889129298343,-0.1000000014901161,3.0,-2.987188120610037
10.5,1.7512931523371617e+18,0.9203742687680964,-4.545771737313053,0.021558849021612453,-0.1286023611813673,-2.220424871138758,-0.0015316028578937532,0.6338652688369445,-0.07518787075246042,-0.1000000014901161,3.0,-2.9784411509783877
10.525,1.7512931523621617e+18,0.9197272626037131,-4.546620828766297,0.05193000698636234,-0.10938298716003989,-2.2203772665637596,-0.0014777042222981328,1.2052848705492256,-0.0717110174965809,-0.1000000014901161,3.0,-2.948069993013638
10.55,1.7512931523871616e+18,0.9222900758162873,-4.544126496303847,0.09565376063691015,-0.059984098515172925,-2.219798240069883,-0.0010950922147628,1.4520500018093567,-0.05764249051668051,-0.1000000014901161,3.0,-2.9043462393630897
10.575000000000001,1.7512931524121618e+18,0.9220718736700446,-4.544413857765463,0.14126071503005214,-0.003735055384936646,-2.2199337235545453,-0.0006427702568524136,1.3417467018547098,-0.038066229351891814,0.0,0.0,0.14126071503005214
10.600000000000001,1.7512931524371617e+18,0.9209736627935899,-4.55171260263334,0.17713011215629,0.04108677729967013,-2.2182067644460233,-0.00047334172856912767,0.9353282335533464,-0.01992445853369298,0.0,0.0,0.17713011215629
10.625,1.7512931524621617e+18,0.9228168668860633,-4.548912271400916,0.19480796963591362,0.0648269438940438,-2.2175370793708833,-0.0008505193924616613,0.36669669421117085,-0.009567213468458548,0.0,0.0,0.19480796963591362
10.65,1.7512931524871619e+18,0.9207349811680234,-4.551663509215157,0.19149455942067745,0.06637650011798832,-2.217195284637949,-0.0017907430253730546,-0.1978061954417972,-0.010480985395617337,0.0,0.0,0.19149455942067745
10.675,1.7512931525121618e+18,0.9246973824921549,-4.549194187295472,0.17078325808630085,0.05083990615069322,-2.2163900556608596,-0.003041514030470817,-0.6078720085829707,-0.022040407532346762,0.0,0.0,0.17078325808630085
10.700000000000001,1.7512931525371617e+18,0.9212483958242341,-4.553765331626726,0.14133908964667452,0.026401662186461172,-2.216350579520702,-0.004215501708964493,-0.7708707613465205,-0.03973751207084002,0.0,0.0,0.14133908964667452
10.725000000000001,1.7512931525621617e+18,0.918477725018915,-4.554248746383828,0.11392985854888518,0.0014553601728595944,-2.216415366068952,-0.004974681702232257,-0.6739857486968284,-0.05685078512689912,-0.1000000014901161,3.0,-2.886070141451115
10.75,1.7512931525871616e+18,0.9154713437977033,-4.558245298943953,0.09779264085733973,-0.017453986063698128,-2.217149249607085,-0.005129054420767909,-0.3805791464133098,-0.06701211496492732,-0.1000000014901161,3.0,-2.9022073591426603
10.775,1.7512931526121618e+18,0.9210164352643724,-4.5489252494554755,0.09758108045670395,-0.026737327445118916,-2.2130164765815588,-0.004616924761642952,-0.003182092432929798,-0.06671791801700601,-0.1000000014901161,3.0,-2.902418919543296
10.8,1.7512931526371617e+18,0.9193819284205607,-4.55109223464092,0.11200572619089791,-0.026013619548009043,-2.2131614393859866,-0.0034459669355775533,0.3366703648324634,-0.056736778283513443,-0.1000000014901161,3.0,-2.887994273809102
10.825000000000001,1.7512931526621617e+18,0.9177661681361925,-4.5516799311462135,0.13472753823857286,-0.017672613970843958,-2.212162799757369,-0.0016767383649741866,0.5474341922929584,-0.04175950027249505,0.0,0.0,0.13472753823857286
10.850000000000001,1.7512931526871619e+18,0.9147835733426627,-4.5556726991514545,0.1571992838223716,-0.005907193218854527,-2.212425161489632,0.0005395915611424358,0.5922369789318583,-0.028400059940467317,0.0,0.0,0.1571992838223716
10.875,1.7512931527121618e+18,0.9211089675949443,-4.551535995912488,0.17226800597240544,0.004611855264274632,-2.2113245298687367,0.0029031832591292226,0.4920858356703377,-0.022407395240602063,0.0,0.0,0.17226800597240544
10.9,1.7512931527371617e+18,0.9208625555239166,-4.552712908767545,0.17691961565329062,0.010160809487847738,-2.2106433385413204,0.004933523387718053,0.3088191457061265,-0.026293577851900552,0.0,0.0,0.17691961565329062
10.925,1.7512931527621617e+18,0.9188739750595348,-4.5553811316227355,0.172932488440748,0.009118458420265244,-2.2107906919056477,0.006023062486196722,0.11639931073569793,-0.03836924693834346,0.0,0.0,0.172932488440748
10.950000000000001,1.7512931527871616e+18,0.9214332756379858,-4.549789061142748,0.16528807768909942,0.002455472929681097,-2.209128560498037,0.00562571726437094,-0.02737719736098741,-0.05354768190486107,-0.1000000014901161,3.0,-2.8347119223109005
10.975000000000001,1.7512931528121618e+18,0.9199659273475167,-4.551759012121204,0.1593219708067264,-0.006686076589356673,-2.209311039276197,0.003546537699259842,-0.0982620086599247,-0.06552242639193535,-0.1000000014901161,3.0,-2.8406780291932736
11.0,1.7512931528371617e+18,0.9209770364776214,-4.545069578934763,0.15812603379208007,-0.014238050632747162,-2.2081629519698818,0.00017385394521085765,-0.10713773756674577,-0.06933667344709236,-0.1000000014901161,3.0,-2.84187396620792
11.025,1.7512931528621617e+18,0.9199590136683182,-4.546443179585868,0.16141468311906848,-0.01682154279559239,-2.2078665654997436,-0.003545402408937694,-0.08781952556656375,-0.06321282423127514,-0.1000000014901161,3.0,-2.8385853168809314
11.05,1.7512931528871619e+18,0.9226587446685297,-4.54669153114861,0.16619710168236776,-0.013075702753923283,-2.2068364252702315,-0.0064471207899587536,-0.07827482979138504,-0.04890738334728696,0.0,0.0,0.16619710168236776
11.075000000000001,1.7512931529121618e+18,0.9215031625178888,-4.548253361713185,0.1686531475065901,-0.0041548574725545255,-2.2067307527837365,-0.00763468667039957,-0.10393750271013462,-0.0306058005700462,0.0,0.0,0.1686531475065901
11.100000000000001,1.7512931529371617e+18,0.9210489586060913,-4.547147326099321,0.16609515856051446,0.006780419153646267,-2.2069253487740927,-0.006825679681156731,-0.1694390673390594,-0.013052294085875717,0.0,0.0,0.16609515856051446
11.125,1.7512931529621617e+18,0.919591132277629,-4.54912031851403,0.15803939116784615,0.015839921967747857,-2.2069202670818218,-0.004398358400414259,-0.26047340097654836,0.00015542150123469322,0.0,0.0,0.15803939116784615
11.15,1.7512931529871616e+18,0.9258676583967107,-4.549529049938533,0.14603422561053495,0.019944539514481403,-2.2061264569606993,-0.0011799635614403096,-0.3529939191632425,0.007456492149261269,0.0,0.0,0.14603422561053495
11.175,1.7512931530121618e+18,0.9243399965710241,-4.55159737917592,0.1325814211108901,0.01805390149352012,-2.2061550274840096,0.0018791584545788133,-0.42445025023650507,0.009277707917027743,0.0,0.0,0.1325814211108901
11.200000000000001,1.7512931530371617e+18,0.9223120742192442,-4.548885402938275,0.1198694883367748,0.011596547397854692,-2.2057696123798136,0.004016819416549127,-0.46201479078725916,0.007339063061393064,0.0,0.0,0.1198694883367748
11.225000000000001,1.7512931530621617e+18,0.9215047635327847,-4.549980213643516,0.10897164452347291,0.0038769674762668396,-2.2057823962639707,0.004866114202701003,-0.46509681877621467,0.0037564782691899366,0.0,0.0,0.10897164452347291
11.25,1.7512931530871619e+18,0.9206948294332078,-4.546822433251331,0.09977048507799773,-0.00135860627264041,-2.204548717485757,0.004502627732927407,-0.4424478327050362,0.00030620109547006125,0.0,0.0,0.09977048507799773
11.275,1.7512931531121618e+18,0.9196871034009982,-4.548189417035253,0.09144494089245225,-0.0015905291106501974,-2.2043803869471756,0.003333121330662379,-0.4063779438878201,-0.001965095992801263,0.0,0.0,0.09144494089245225
11.3,1.7512931531371617e+18,0.9306486682813427,-4.541748333928506,0.08313538599354993,0.003372051271647615,-2.204122097581564,0.0018946824502718204,-0.3672323135905095,-0.0027782285351557715,0.0,0.0,0.08313538599354993
11.325000000000001,1.7512931531621617e+18,0.9311839434117277,-4.541022995170309,0.07443916883452695,0.011406777617427085,-2.2040134142218686,0.0006600704846293688,-0.3303950830421603,-0.002416786578957239,0.0,0.0,0.07443916883452695
11.350000000000001,1.7512931531871616e+18,0.9276075800798068,-4.546117832586751,0.06556513638891531,0.019150489570604452,-2.2036919409318,-8.395816697124668e-05,-0.2964230894976093,-0.0014277131601419526,0.0,0.0,0.06556513638891531
11.375,1.7512931532121618e+18,0.9278300235005714,-4.545817426702443,0.05715805421355984,0.023491487816135588,-2.2036060645012503,-0.00026814911136346784,-0.2633738995279434,-0.000352451595726112,0.0,0.0,0.05715805421355984
11.4,1.7512931532371617e+18,0.9273060748844643,-4.547832362605313,0.04993265925155411,0.022697844750091022,-2.203684563377139,5.344170511527595e-07,-0.22963283037759324,0.0004402549255849584,0.0,0.0,0.04993265925155411
11.425,1.7512931532621617e+18,0.927071197288524,-4.548153310478059,0.04431545931299654,0.016726007576662105,-2.203718773198279,0.0005213791457469598,-0.1957226489536098,0.0008058552446100968,0.0,0.0,0.04431545931299654
11.450000000000001,1.7512931532871619e+18,0.924957919666358,-4.546566338966933,0.04026323006482856,0.006779531187398096,-2.203356862392262,0.0010885904936128292,-0.16440676638480548,0.0007865453487521154,0.0,0.0,0.04026323006482856
11.475000000000001,1.7512931533121618e+18,0.9249764699923926,-4.546541585313022,0.03731929303852918,-0.005429844640952942,-2.203332998641875,0.0015560469209419698,-0.13935752733962328,0.0005293535757562451,0.0,0.0,0.03731929303852918
11.5,1.7512931533371617e+18,0.9257807903318795,-4.54489014828866,0.034842796620596236,-0.018218153266681407,-2.2029875025473986,0.0018624952904566852,-0.12329437421281227,0.00020166626289502945,0.0,0.0,0.034842796620596236
11.525,1.7512931533621617e+18,0.9266840158017071,-4.547912019703013,0.0322755101346122,-0.0300239490635042,-2.2027109338177246,0.0020194125396397976,-0.11658760400955609,-6.852578556373552e-05,0.0,0.0,0.0322755101346122
11.55,1.7512931533871616e+18,0.926743303426962,-4.547832125441022,0.029322053156372263,-0.039213989322371155,-2.202575080042919,0.00207567276248725,-0.11694574056451197,-0.00021811770048378072,0.0,0.0,0.029322053156372263
11.575000000000001,1.7512931534121618e+18,0.9218942021453814,-4.540225631893587,0.025986457558999906,-0.04401460451262433,-2.203148146330631,0.0020773142876642707,-0.12022355640579645,-0.00024476442781001177,0.0,0.0,0.025986457558999906
11.600000000000001,1.7512931534371617e+18,0.9217382003652728,-4.540439147190149,0.02248539110736234,-0.04290416991042525,-2.2031798414698858,0.0020400943738528346,-0.12189957661256544,-0.00018531056090657455,0.0,0.0,0.02248539110736234
11.625,1.7512931534621617e+18,0.9232470165761744,-4.540407634502246,0.019108724797378553,-0.03539170631847068,-2.2037796115338315,0.0019463709479681393,-0.11856557111953418,-8.991460041979089e-05,0.0,0.0,0.019108724797378553
11.65,1.7512931534871619e+18,0.9236107133064309,-4.540908114080037,0.01610148678348597,-0.022678611857498556,-2.2039311567265045,0.0017652780195762411,-0.10887116111499223,-1.52111483126299e-06,0.0,0.0,0.01610148678348597
11.675,1.7512931535121618e+18,0.9240492161722929,-4.541813560625053,0.013605578171876558,-0.007636184774117064,-2.204050248819345,0.0014827976814194988,-0.09366529180972755,5.488023858084595e-05,0.0,0.0,0.013605578171876558
11.700000000000001,1.7512931535371617e+18,0.9253371821286657,-4.544318932525093,0.011656621416040873,0.006072240454539371,-2.203748164840755,0.0011243902637727498,-0.07541098976043074,7.345286153809624e-05,0.0,0.0,0.011656621416040873
11.725000000000001,1.7512931535621617e+18,0.9245755309367594,-4.54219025793953,0.010208927415704823,0.015329114385630728,-2.2043512005553625,0.0007576707205184487,-0.05718677076621531,6.229915956505e-05,0.0,0.0,0.010208927415704823
11.75,1.7512931535871616e+18,0.9247544728386986,-4.541946914683091,0.009164360843621856,0.018669601096873704,-2.2043265404981307,0.000472006658019195,-0.04166662865978833,3.581491314354301e-05,0.0,0.0,0.009164360843621856
11.775,1.7512931536121618e+18,0.9241825768106204,-4.542125989075635,0.008396616675234926,0.016652291822330193,-2.204930104779224,0.00034301121567237313,-0.03040339954173331,7.889129864042819e-06,0.0,0.0,0.008396616675234926
11.8,1.7512931536371617e+18,0.9248288721459462,-4.544246522760327,0.0077754528079378524,0.01145107257460158,-2.2055139695557586,0.0003984876113827757,-0.02358476634761734,-1.2240689748703804e-05,0.0,0.0,0.0077754528079378524
11.825000000000001,1.7512931536621617e+18,0.9248381844719326,-4.544233920116191,0.007195393530341567,0.005982548153464441,-2.205444534470537,0.0006025809438713913,-0.020255034756824514,-2.1160663668874086e-05,0.0,0.0,0.007195393530341567
11.850000000000001,1.7512931536871619e+18,0.9248523677451089,-4.544214725476247,0.006602659304512182,0.0029428402053235905,-2.2053387803568016,0.0008663179739877137,-0.018854064982273343,-2.0206241434999976e-05,0.0,0.0,0.006602659304512182
11.875,1.7512931537121618e+18,0.9268892970832416,-4.542986234730938,0.006005750393664914,0.003987372536567837,-2.205068891796702,0.0010812548865199029,-0.017850370917417896,-1.3301514506568765e-05,0.0,0.0,0.006005750393664914
11.9,1.7512931537371617e+18,0.9250121938879949,-4.538712328541328,0.005459581876272045,0.00916743206321301,-2.2059228479548336,0.001163502298712558,-0.01624871594621847,-4.784868764699585e-06,0.0,0.0,0.005459581876272045
11.925,1.7512931537621617e+18,0.9249609035158635,-4.538782072387853,0.005028195329700027,0.016759714693510248,-2.205932587378415,0.0010899977114004497,-0.013823124269045228,2.095992278893113e-06,0.0,0.0,0.005028195329700027
11.950000000000001,1.7512931537871616e+18,0.9286809746235811,-4.5474521893168465,0.004745139523428346,0.023685067739365663,-2.2056997830840706,0.000909993261976602,-0.011036209213587262,5.796199920694892e-06,0.0,0.0,0.004745139523428346
11.975000000000001,1.7512931538121618e+18,0.928684417664607,-4.547447543980753,0.0045923247832555,0.0265804773685442,-2.2056806872466366,0.0007241026577757553,-0.008716696995835646,6.3300647324215735e-06,0.0,0.0,0.0045923247832555
12.0,1.7512931538371617e+18,0.9270019095617903,-4.545471919414234,0.004506207706800789,0.02321642102128785,-2.2050835072516346,0.000638509355936911,-0.007641794352974868,4.693988083365922e-06,0.0,0.0,0.004506207706800789
12.025,1.7512931538621617e+18,0.9269637164996621,-4.545523774464904,0.00440438155066358,0.013614761689086988,-2.2050210792466896,0.0007156204940236532,-0.008186821294651994,2.1950749384533277e-06,0.0,0.0,0.00440438155066358
12.05,1.7512931538871619e+18,0.9268764562985897,-4.543811164493848,0.004217192213226675,0.0002520175909681276,-2.2059429719566133,0.0009454484713464152,-0.010161358017058109,-7.056413245779282e-08,0.0,0.0,0.004217192213226675
12.075000000000001,1.7512931539121618e+18,0.9268433693610475,-4.5438561561112865,0.003910661587518289,-0.012826314367984086,-2.205971069603215,0.0012513281286919723,-0.012870834181978269,-1.482118075141533e-06,0.0,0.0,0.003910661587518289
12.100000000000001,1.7512931539371617e+18,0.9240195377054061,-4.544683793938668,0.003494052456244618,-0.021585032191892718,-2.207303102300775,0.0015259439164606108,-0.015358302427298928,-1.9131009755924917e-06,0.0,0.0,0.003494052456244618
12.125,1.7512931539621617e+18,0.9240190723289934,-4.5446844383486455,0.003012496873196063,-0.023550021552545413,-2.207323743419897,0.0016790019587614579,-0.01672370332642766,-1.5892471681217588e-06,0.0,0.0,0.003012496873196063
12.15,1.7512931539871616e+18,0.9248125277735266,-4.5421400987761045,0.002529836888811402,-0.018689912769844608,-2.2079390913859527,0.0016730455167324812,-0.01640387292164112,-8.887647333227466e-07,0.0,0.0,0.002529836888811402
12.175,1.7512931540121618e+18,0.924856187719746,-4.5420810654101835,0.0021086949752686344,-0.009338149770156696,-2.20789717061159,0.0015315922518650018,-0.014324411446990808,-1.6840294561613363e-07,0.0,0.0,0.0021086949752686344
12.200000000000001,1.7512931540371617e+18,0.9260229651694374,-4.546431293985782,0.0017939419124185722,0.0007545141301909981,-2.207722038873745,0.0013201639026365671,-0.010888310105340974,3.399102060121587e-07,0.0,0.0,0.0017939419124185722
12.225000000000001,1.7512931540621617e+18,0.926045203915573,-4.546401276558983,0.0016033406628173448,0.007855002424618252,-2.2076778009953735,0.0011148429201965672,-0.006823615055314061,5.55547028938816e-07,0.0,0.0,0.0016033406628173448
12.25,1.7512931540871619e+18,0.9252602209816487,-4.5444970737032495,0.0015268091361411984,0.009621528629511086,-2.207700647492487,0.000975289281043879,-0.0029537234439980854,5.187551560933857e-07,0.0,0.0,0.0015268091361411984
12.275,1.7512931541121618e+18,0.9252562342663748,-4.544502470649651,0.0015336282025478426,0.005888286834479341,-2.2077195844176334,0.0009309974610956084,3.1621166967131094e-05,3.337144951273806e-07,0.0,0.0,0.0015336282025478426
12.3,1.7512931541371617e+18,0.9262538373166231,-4.546060203056944,0.0015844169669920471,-0.0014262435621334884,-2.2079950045899874,0.0009799593382586252,0.0017388336372144552,1.1257144667798459e-07,0.0,0.0,0.0015844169669920471
12.325000000000001,1.7512931541621617e+18,0.9239933831097606,-4.542732553065435,0.0016428331188979104,-0.009208121511879323,-2.2076435118755833,0.0010947465386637978,0.00213082456279728,-6.245697132299822e-08,0.0,0.0,0.0016428331188979104
12.350000000000001,1.7512931541871616e+18,0.9240066961161737,-4.542714578230065,0.0016828086774082018,-0.014428334798691723,-2.207588752034941,0.0012325557502997075,0.0014846001451680826,-1.5372857370700816e-07,0.0,0.0,0.0016828086774082018
12.375,1.7512931542121618e+18,0.9240156556536477,-4.542702481322235,0.0016905842388731116,-0.015263901113453916,-2.2075518991385694,0.0013483582342958132,0.0002739489454618923,-1.6354318912527521e-07,0.0,0.0,0.0016905842388731116
12.4,1.7512931542371617e+18,0.9225980773961375,-4.541796093115225,0.0016638003662985804,-0.011603238051703104,-2.208540676514279,0.0014095747456196106,-0.000980004675444477,-1.1875636288966594e-07,0.0,0.0,0.0016638003662985804
12.425,1.7512931542621617e+18,0.9263568050196068,-4.546468346681404,0.0016098955091027067,-0.0047733140839725675,-2.2086050119735456,0.0014074633009436015,-0.0018469463329871111,-5.338675466265906e-08,0.0,0.0,0.0016098955091027067
12.450000000000001,1.7512931542871619e+18,0.926336188370956,-4.546496167142443,0.0015440300073542447,0.00329624513882045,-2.208555122101661,0.0013594831186638178,-0.0020810157028709705,4.6224764466685595e-09,0.0,0.0,0.0015440300073542447
12.475000000000001,1.7512931543121618e+18,0.9244234431060743,-4.544093632053953,0.0014855468560731559,0.010965362492925351,-2.209439212267834,0.0013006146850474464,-0.0016528468823802734,3.988576192930594e-08,0.0,0.0,0.0014855468560731559
12.5,1.7512931543371617e+18,0.9244193721474677,-4.5440991367332515,0.0014527104247655234,0.017315908050995518,-2.209448651424279,0.0012674325906003926,-0.0007202944663459119,4.976081846827995e-08,0.0,0.0,0.0014527104247655234
12.525,1.7512931543621617e+18,0.9241014640904543,-4.545200348269686,0.0014570413550578495,0.02195042962948409,-2.2092112996443336,0.0012825289693760397,0.0004466477435287387,4.049246458971325e-08,0.0,0.0,0.0014570413550578495
12.55,1.7512931543871616e+18,0.924708922647574,-4.543554466664635,0.001499545711202109,0.02446531986572693,-2.209201036021715,0.0013461166269849827,0.0015608533524575424,2.200144011461878e-08,0.0,0.0,0.001499545711202109
12.575000000000001,1.7512931544121618e+18,0.9279320406023481,-4.549013894629016,0.001570724455825436,0.02415247534735655,-2.208524716964088,0.0014371745954657848,0.0024037055302552103,3.440844580250683e-09,0.0,0.0,0.001570724455825436
12.600000000000001,1.7512931544371617e+18,0.9279302504947803,-4.549016317945762,0.001654555710932517,0.02027069837081823,-2.2084541990360442,0.0015223059810911357,0.0028767787100594244,-9.376106839975085e-09,0.0,0.0,0.001654555710932517
12.625,1.7512931544621617e+18,0.9267933864971645,-4.547715668546186,0.0017347908133672045,0.01270895254336749,-2.208268821125939,0.0015691446117755401,0.0030069685690966696,-1.456218129971495e-08,0.0,0.0,0.0017347908133672045
12.65,1.7512931544871619e+18,0.9259665761093072,-4.54409888714662,0.001801040323452263,0.0024834863988043043,-2.2073555699919787,0.001560825240146012,0.0029084922042525553,-1.3302754336840895e-08,0.0,0.0,0.001801040323452263
12.675,1.7512931545121618e+18,0.9259724178183939,-4.544091015106807,0.0018522779743674704,-0.00838881611163259,-2.207340360284778,0.0015063580941328623,0.002719916473628111,-8.357729853036112e-09,0.0,0.0,0.0018522779743674704
12.700000000000001,1.7512931545371617e+18,0.9263579721454659,-4.5431532281003655,0.0018961206608552757,-0.017616649807984663,-2.2073289085227477,0.0014405827084272298,0.0025423377132179014,-2.6226688928890063e-09,0.0,0.0,0.0018961206608552757
12.725000000000001,1.7512931545621617e+18,0.9263478462438511,-4.543166934187074,0.0019437497886096253,-0.023496266139025848,-2.207294681153183,0.0014105948631990403,0.0024026946724682832,1.823941333257972e-09,0.0,0.0,0.0019437497886096253
12.75,1.7512931545871616e+18,0.924396205704608,-4.545541174412864,0.002002668352664048,-0.025392069026798976,-2.206834269417538,0.0014530122121883546,0.0022545823709136776,4.068732953545962e-09,0.0,0.0,0.002002668352664048
12.775,1.7512931546121618e+18,0.9243996026040472,-4.545536590685646,0.0020712466825556827,-0.023646332597148333,-2.2068312242791004,0.001572832688995061,0.0020126277074067325,4.2203655672526e-09,0.0,0.0,0.0020712466825556827
12.8,1.7512931546371617e+18,0.9239933874577287,-4.543889951656878,0.002138390501300158,-0.01913240333587258,-2.207113467902013,0.0017352311925235306,0.0016025527851206993,3.0002923831493604e-09,0.0,0.0,0.002138390501300158
12.825000000000001,1.7512931546621617e+18,0.9239781128326716,-4.543910638319459,0.0021886483500251352,-0.01282858030476049,-2.2070707302318535,0.001876597077467485,0.0010036075849996107,1.2927374907272078e-09,0.0,0.0,0.0021886483500251352
12.850000000000001,1.7512931546871619e+18,0.9229927845726036,-4.544258712057033,0.0022097339205664162,-0.005644701891411564,-2.206572513743545,0.0019323729952592493,0.00026525575664606427,-1.9080706679259607e-10,0.0,0.0,0.0022097339205664162
12.875,1.7512931547121618e+18,0.9229764772638612,-4.544280785696292,0.0021981443592671373,0.0015351885945115665,-2.2065595523700354,0.001868942997665461,-0.000507077609196704,-1.0700047766224874e-09,0.0,0.0,0.0021981443592671373
12.9,1.7512931547371617e+18,0.9264561906377072,-4.5444778004586786,0.002160068574966765,0.007792060249100783,-2.20677908273513,0.0017010760425335636,-0.0011882315452966068,-1.2926526473655574e-09,0.0,0.0,0.002160068574966765
12.925,1.7512931547621617e+18,0.9264504429341229,-4.544485598350065,0.0021078044752575594,0.012248076496124888,-2.206742113328924,0.0014827478317830528,-0.0016738608935441305,-1.0304487125479946e-09,0.0,0.0,0.0021078044752575594
12.950000000000001,1.7512931547871616e+18,0.9243055492769531,-4.544116735255972,0.002054294287684603,0.014266602184980283,-2.2070313047782144,0.001276048857110715,-0.0019080324095007669,-5.432220684612441e-10,0.0,0.0,0.002054294287684603
12.975000000000001,1.7512931548121618e+18,0.924522026467234,-4.54597362226578,0.0020087469941335637,0.01363626701698071,-2.207060239484061,0.001117831865627096,-0.001888910042267803,-6.554445164017633e-11,0.0,0.0,0.0020087469941335637
13.0,1.7512931548371617e+18,0.9271961664710645,-4.543774370654372,0.001974882507931116,0.010613322677964943,-2.2073359851722456,0.0010048020307972037,-0.0016550483703203416,2.571391293796076e-10,0.0,0.0,0.001974882507931116
13.025,1.7512931548621617e+18,0.9272068384637392,-4.543759934032139,0.0019516227309016958,0.005805897992438084,-2.2073321895428206,0.0009046272416271988,-0.001263564891343091,3.811310467978749e-10,0.0,0.0,0.0019516227309016958
13.05,1.7512931548871619e+18,0.9251022142658011,-4.543839277494056,0.001935295088264352,-1.9490231440122714e-05,-2.2078192643028673,0.0007836032058949899,-0.000773447037560754,3.40739216290361e-10,0.0,0.0,0.001935295088264352
13.075000000000001,1.7512931549121618e+18,0.9251278463939329,-4.5438046150695355,0.0019224332899145538,-0.00610321218083161,-2.207775080764762,0.0006321464822419384,-0.0002419869802520974,2.0893060872283753e-10,0.0,0.0,0.0019224332899145538
13.100000000000001,1.7512931549371617e+18,0.9241495377995145,-4.542820671130524,0.0019122527128430998,-0.011757556230062213,-2.2082441709977907,0.0004728116936132187,0.00026709590554428926,6.038032676703856e-11,0.0,0.0,0.0019122527128430998
13.125,1.7512931549621617e+18,0.9261751887766264,-4.544920619982155,0.0019076310550444383,-0.01631838175035922,-2.2079040792137388,0.00034726022841464793,0.0006737896984850428,-5.244131657622599e-11,0.0,0.0,0.0019076310550444383
13.15,1.7512931549871616e+18,0.9237462184488052,-4.544077607011728,0.0019134995936069368,-0.019040659712184306,-2.2082376556220966,0.0002904877791830364,0.0008829568901578627,-1.0747541446798412e-10,0.0,0.0,0.0019134995936069368
13.175,1.7512931550121618e+18,0.9237413988320263,-4.544084120720877,0.0019326577453601128,-0.01906571632292512,-2.2082311222591504,0.0003073704917415855,0.000804376640248828,-1.0878406310588842e-10,0.0,0.0,0.0019326577453601128
13.200000000000001,1.7512931550371617e+18,0.9241262668269391,-4.54344188621937,0.0019610555362508586,-0.015600827269018656,-2.2091684908077323,0.0003657019915974671,0.00038866430564556077,-7.569046600035877e-11,0.0,0.0,0.0019610555362508586
13.225000000000001,1.7512931550621617e+18,0.9222073028466332,-4.541893081808785,0.001986030641920857,-0.00833877183324541,-2.2092166648665694,0.00041083383494550313,-0.0003353656014482345,-3.1148656350079343e-11,0.0,0.0,0.001986030641920857
13.25,1.7512931550871619e+18,0.922216313851096,-4.541880951968378,0.0019899676152201743,0.0020650729909823533,-2.20914939545128,0.00039425291594772434,-0.0012419434070207636,6.747615565192531e-12,0.0,0.0,0.0019899676152201743
13.275,1.7512931551121618e+18,0.9267639225040326,-4.545562620181334,0.0019583922795035503,0.013787089336527652,-2.2088082881297275,0.00030016628952645775,-0.002123877882480791,2.862197924501657e-11,0.0,0.0,0.0019583922795035503
13.3,1.7512931551371617e+18,0.9267412550918368,-4.545593167072523,0.001888199882561716,0.024144358209782016,-2.2087818643949575,0.00015580011051119142,-0.0027444172263114807,3.353767867380343e-11,0.0,0.0,0.001888199882561716
13.325000000000001,1.7512931551621617e+18,0.9246709213283877,-4.544172322113091,0.0017912695350106222,0.03036336292783031,-2.207700468785154,2.094286680098973e-05,-0.002910378602222666,2.6190133601253965e-11,0.0,0.0,0.0017912695350106222
13.350000000000001,1.7512931551871616e+18,0.926505666668629,-4.545770912697243,0.001691302237799663,0.0304769678957929,-2.209924167581904,-3.7025243703497336e-05,-0.0025392870217755283,1.3374308908614833e-11,0.0,0.0,0.001691302237799663
13.375,1.7512931552121618e+18,0.9265180078396514,-4.5457542507723145,0.0016152303823803438,0.02397210081133311,-2.2099096286492634,2.8949509363536535e-05,-0.0016925984104247927,1.0947907449556685e-12,0.0,0.0,0.0016152303823803438
13.4,1.7512931552371617e+18,0.9265368216870088,-4.54572885002941,0.001582992935752836,0.01198348478213651,-2.209887464362006,0.00022622233253671492,-0.0005592778810608748,-7.016320275563014e-12,0.0,0.0,0.001582992935752836
13.425,1.7512931552621617e+18,0.92604070994868,-4.545272815396104,0.0016001244368542792,-0.0029508164569599284,-2.2114087403584173,0.0005197522616891179,0.0006058938453812364,-9.960668261347076e-12,0.0,0.0,0.0016001244368542792
13.450000000000001,1.7512931552871619e+18,0.9260477263867161,-4.545263385704804,0.001656424802479932,-0.017445351937687134,-2.211393596078979,0.0008468126160427822,0.0015659118095565185,-8.717682464693907e-12,0.0,0.0,0.001656424802479932
13.475000000000001,1.7512931553121618e+18,0.9227827194390532,-4.544047555846845,0.001731295901816868,-0.02802110843623399,-2.2086837409859705,0.0011403674526468315,0.002174493632297238,-5.21280264121774e-12,0.0,0.0,0.001731295901816868
13.5,1.7512931553371617e+18,0.9250854561162423,-4.543645357839281,0.001803198447839462,-0.03196005083299101,-2.2084393896429404,0.0013487692988814362,0.0024107249578511404,-1.3696451415279184e-12,0.0,0.0,0.001803198447839462
13.525,1.7512931553621617e+18,0.9240486841698282,-4.540435856588934,0.0018586508188832907,-0.02809475336663779,-2.2073775344748086,0.0014452808360686672,0.0023643646296881505,1.489159787852499e-12,0.0,0.0,0.0018586508188832907
13.55,1.7512931553871616e+18,0.924056462595572,-4.540425372899978,0.0018964530572051007,-0.017274362800992114,-2.2072912490163397,0.0014289633674518186,0.0021814371519564228,2.8336787779421374e-12,0.0,0.0,0.0018964530572051007
13.575000000000001,1.7512931554121618e+18,0.9232301727625161,-4.542247017698832,0.001925425208795836,-0.002254615925448348,-2.207567750761532,0.001321033681500012,0.0019951867487621477,2.8007951898326655e-12,0.0,0.0,0.001925425208795836
13.600000000000001,1.7512931554371617e+18,0.9279130970645013,-4.545897366362674,0.001957487127386197,0.013066936471984402,-2.2085621098157358,0.0011588906767935876,0.0018712826008577556,1.9066294938446785e-12,0.0,0.0,0.001957487127386197
13.625,1.7512931554621617e+18,0.9279213307176771,-4.545886247718877,0.002000185090750232,0.02484962451351636,-2.20855740104282,0.0009882394160166895,0.0017876383897640197,7.463207384822693e-13,0.0,0.0,0.002000185090750232
13.65,1.7512931554871619e+18,0.9238719363768025,-4.544862817403931,0.002052498776879226,0.030467043244048204,-2.2087444018053644,0.000853869588130224,0.0016532139691809646,-2.205733572544473e-13,0.0,0.0,0.002052498776879226
13.675,1.7512931555121618e+18,0.9238635797057018,-4.544874101597479,0.0021054868678852647,0.029151059839343265,-2.2087218845337535,0.000790895105792845,0.0013543315805396318,-7.635843932508517e-13,0.0,0.0,0.0021054868678852647
13.700000000000001,1.7512931555371617e+18,0.9267191303055363,-4.547719632758902,0.002146613944653087,0.02194481190252568,-2.20966192182016,0.0008186301346634536,0.0008078893279204143,-8.690635607973216e-13,0.0,0.0,0.002146613944653087
13.725000000000001,1.7512931555621617e+18,0.9267033952945055,-4.5477408574245874,0.002164889891430359,0.011148062773559087,-2.2096732630570175,0.0009377997758199615,1.003582176970735e-06,-6.648082624413573e-13,0.0,0.0,0.002164889891430359
13.75,1.7512931555871616e+18,0.9255122831596405,-4.545925837137034,0.0021540960688230647,-0.0004065825324120338,-2.2094206111255756,0.00113058367300679,-0.0009957118322818884,-3.282639343790373e-13,0.0,0.0,0.0021540960688230647
13.775,1.7512931556121618e+18,0.9255195541554081,-4.54591605804343,0.002113200439206735,-0.01001770079471951,-2.209387863486808,0.00136387901150215,-0.0020432519473497527,-1.2958262297594324e-14,0.0,0.0,0.002113200439206735
13.8,1.7512931556371617e+18,0.9250678680485784,-4.543163691994533,0.0020451456472761285,-0.015679941668335765,-2.210002738489709,0.0015969524155239711,-0.002970371168337469,1.9058858287779069e-13,0.0,0.0,0.0020451456472761285
13.825000000000001,1.7512931556621617e+18,0.9250660545920204,-4.543166142809188,0.0019557999266400813,-0.01655648661857828,-2.210029621457198,0.0017923825786943868,-0.0036181388447027317,2.5995021412818593e-13,0.0,0.0,0.0019557999266400813
13.850000000000001,1.7512931556871619e+18,0.9252104489872399,-4.544414615230412,0.0018537052088269017,-0.013246494408653107,-2.2102574320988824,0.0019254422384897072,-0.003879455981783951,2.22778939318498e-13,0.0,0.0,0.0018537052088269017
13.875,1.7512931557121618e+18,0.925215394515932,-4.544407968756035,0.0017498322584082629,-0.007649484252183653,-2.210214029453063,0.001986877845531221,-0.0037228090160504176,1.2979110835177251e-13,0.0,0.0,0.0017498322584082629
13.9,1.7512931557371617e+18,0.9248325576398262,-4.544992417989562,0.001656330338258617,-0.002343636387588679,-2.2072457028460257,0.0019790201995712586,-0.0031945012769273025,3.0481941078147e-14,0.0,0.0,0.001656330338258617
13.925,1.7512931557621617e+18,0.9250246343047963,-4.544297100897653,0.001584140903753985,0.00035800469956583406,-2.2038279867557566,0.001910313048600681,-0.002399721248709448,-4.1859863858171963e-14,0.0,0.0,0.001584140903753985
13.950000000000001,1.7512931557871616e+18,0.9250146754094639,-4.5443105832175945,0.0015402745557565826,-0.000676141776437227,-2.203775668671,0.0017932321328188283,-0.0014689780204432418,-7.458036298511893e-14,0.0,0.0,0.0015402745557565826
13.975000000000001,1.7512931558121618e+18,0.9267890025557451,-4.545621433178492,0.0015259372359716526,-0.004879489995077026,-2.2021895311338624,0.0016458050006050308,-0.0005211812897606094,-7.202784341446987e-14,0.0,0.0,0.0015259372359716526
14.0,1.7512931558371617e+18,0.9267753958203226,-4.545639983093302,0.0015365812201447414,-0.010125116994798226,-2.202115562176016,0.0014927328217469171,0.00036379220802761883,-4.79526569109819e-14,0.0,0.0,0.0015365812201447414
14.025,1.7512931558621617e+18,0.9220242386209656,-4.540100681488274,0.001564305612529005,-0.013554739685205701,-2.1996347487108476,0.0013623794858967015,0.001153108136617315,-1.7766497860990587e-14,0.0,0.0,0.001564305612529005
14.05,1.7512931558871619e+18,0.922019523249218,-4.540107135375894,0.0016017959905292528,-0.012834529919339598,-2.199628446727681,0.0012795570404359562,0.0018467911019148815,6.8735006062894295e-15,0.0,0.0,0.0016017959905292528
14.075000000000001,1.7512931559121618e+18,0.92525557498998,-4.544437953263057,0.0016458227811670474,-0.007290941683975627,-2.2007237223028704,0.001256944464940867,0.002447770917041237,2.0320851677955203e-14,0.0,0.0,0.0016458227811670474
14.100000000000001,1.7512931559371617e+18,0.9252419244003754,-4.544456725633722,0.0016981659414191455,0.001666004329704463,-2.2006895847517716,0.001288482861791566,0.002930034932683231,2.24929554305807e-14,0.0,0.0,0.0016981659414191455
14.125,1.7512931559621617e+18,0.9265731325405897,-4.5436634609384425,0.0017629355131881335,0.011100031439493327,-2.199476055020808,0.0013480149813760733,0.0032208090008265665,1.685345576596666e-14,0.0,0.0,0.0017629355131881335
14.15,1.7512931559871616e+18,0.9265612590994738,-4.5436797512640785,0.001841191313508352,0.017816206393177738,-2.1994267042425455,0.0013960227258935298,0.0032077290248152864,8.029790609418486e-15,0.0,0.0,0.001841191313508352
14.175,1.7512931560121618e+18,0.9277511663903216,-4.541663484326334,0.001925814175413145,0.019675793851606206,-2.1990796267929484,0.0013942485876960015,0.0027716752786852857,-5.717699465458463e-17,0.0,0.0,0.001925814175413145
14.200000000000001,1.7512931560371617e+18,0.9268314938834085,-4.544143252679061,0.002000349163024167,0.01631889293313523,-2.198835591068316,0.0013226387197216509,0.0018347985967133089,-5.15628587749813e-15,0.0,0.0,0.002000349163024167
14.225000000000001,1.7512931560621617e+18,0.9268100175956888,-4.544172831018423,0.0020436221157021685,0.009049939870725873,-2.1988096763697347,0.0011900673518808684,0.00040637846155648166,-6.774829166153274e-15,0.0,0.0,0.0020436221157021685
14.25,1.7512931560871619e+18,0.9267932692076165,-4.544195905566315,0.0020380414886632197,9.170055996700298e-05,-2.198774307165219,0.0010333178384735946,-0.0013904808102750304,-5.686380735179477e-15,0.0,0.0,0.0020380414886632197
14.275,1.7512931561121618e+18,0.9248951399626518,-4.538588291967511,0.0019766930726448817,-0.008356840535861079,-2.1961679069474673,0.0009054333380994685,-0.0033214165721297526,-3.22451945725563e-15,0.0,0.0,0.0019766930726448817
14.3,1.7512931561371617e+18,0.9267702492936898,-4.541787129006064,0.0018651615859427437,-0.014841252975240197,-2.192708059967433,0.0008587502124384769,-0.0050731496887560425,-6.613173767639756e-16,0.0,0.0,0.0018651615859427437
14.325000000000001,1.7512931561621617e+18,0.9267642797550137,-4.541795406568653,0.0017179441875729826,-0.01889543161974618,-2.19268270981411,0.0009276471876051077,-0.006308235458038441,1.1667355440172094e-15,0.0,0.0,0.0017179441875729826
14.350000000000001,1.7512931561871616e+18,0.9265024616516981,-4.541286229795553,0.0015531006561396116,-0.020790176571123593,-2.1900855739860514,0.0011151263576791466,-0.006730975748733307,1.959597808994438e-15,0.0,0.0,0.0015531006561396116
14.375000000000002,1.7512931562121618e+18,0.9265085843695958,-4.541277702213771,0.001389238042368687,-0.021014324030229483,-2.190019841420257,0.0013879875412796594,-0.006152608120411117,1.8502202251672782e-15,0.0,0.0,0.001389238042368687
14.4,1.7512931562371617e+18,0.9244286321060533,-4.538472402299175,0.0012459021227665327,-0.019843904612701784,-2.1853374525906504,0.0016843229745218218,-0.004544152143798343,1.2040671931934269e-15,0.0,0.0,0.0012459021227665327
14.425,1.7512931562621617e+18,0.9244184296279017,-4.538486721561487,0.0011448843954396867,-0.017259468664839486,-2.1853339428316216,0.0019320452507194505,-0.002065101176879924,4.197624152539771e-16,0.0,0.0,0.0011448843954396867
14.450000000000001,1.7512931562871619e+18,0.9255595592920718,-4.53883347844632,0.0011088793888965223,-0.01319787180533038,-2.1852985448501245,0.0020714466353377236,0.0009433056146522967,-2.0739021031179361e-16,0.0,0.0,0.0011088793888965223
14.475000000000001,1.7512931563121618e+18,0.9261775690350639,-4.5387563744236905,0.00115592246308785,-0.007880847637806403,-2.187004037820831,0.0020729735069063833,0.004007280443935115,-5.395444781477245e-16,0.0,0.0,0.00115592246308785
14.500000000000002,1.7512931563371617e+18,0.9252402611753474,-4.540901304988265,0.0012914047955593778,-0.0019496498163361308,-2.190801676801998,0.001944239762905641,0.0066093528551030845,-5.814677163808805e-16,0.0,0.0,0.0012914047955593778
14.525,1.7512931563621617e+18,0.9252443972355763,-4.54089547070053,0.0015018358184521585,0.0036613641650784863,-2.190788944737789,0.0017250601660984126,0.008300198858220904,-4.2667779434429854e-16,0.0,0.0,0.0015018358184521585
14.55,1.7512931563871616e+18,0.9244730611256421,-4.539516419879264,0.00175441978573764,0.007972866439821124,-2.1924845808405564,0.0014731155313624474,0.008804282621247345,-1.9568724821719623e-16,0.0,0.0,0.00175441978573764
14.575000000000001,1.7512931564121618e+18,0.9244661124081727,-4.5395261569635394,0.002004096855123748,0.01016648841285483,-2.1924279315209603,0.0012450616925081485,0.008086182306604737,1.1489678134174672e-17,0.0,0.0,0.002004096855123748
14.600000000000001,1.7512931564371617e+18,0.9260178924815703,-4.541710584957115,0.002206267090106081,0.0097185442102013,-2.193907859951075,0.001079135441591146,0.006353410801048398,1.3899578338321413e-16,0.0,0.0,0.002206267090106081
14.625000000000002,1.7512931564621617e+18,0.92600971135202,-4.541722005419159,0.002330455521343202,0.006538593414306434,-2.1939082802319265,0.0009853779624947323,0.003992017943469894,1.763314320248974e-16,0.0,0.0,0.002330455521343202
14.65,1.7512931564871619e+18,0.9255294076668369,-4.541571093384456,0.002369072898433279,0.0011406482953578605,-2.1948001119750256,0.000947241165411591,0.0014556837770299663,1.4497053264327146e-16,0.0,0.0,0.002369072898433279
14.675,1.7512931565121618e+18,0.9231011216818819,-4.5395838384418505,0.0023371156456474984,-0.005260830230132196,-2.196568694942622,0.0009334580391368742,-0.0008533084336212641,7.992178619437755e-17,0.0,0.0,0.0023371156456474984
14.700000000000001,1.7512931565371617e+18,0.9255873621709134,-4.5413230614619815,0.002262774209307343,-0.010893769933384203,-2.196736451582497,0.0009140633599715747,-0.002670455453078498,1.384128097059268e-17,0.0,0.0,0.002262774209307343
14.725000000000001,1.7512931565621617e+18,0.9255778569058268,-4.541336270547668,0.0021735702547359755,-0.0138820922210099,-2.196733450258556,0.000872922514792252,-0.0038967210608900444,-3.2286480588064474e-17,0.0,0.0,0.0021735702547359755
14.750000000000002,1.7512931565871616e+18,0.9231452549230241,-4.54034124102938,0.0020851747079036593,-0.0129121609158081,-2.1977572309884112,0.0008122003857908008,-0.004566856935043093,-5.1405561255983865e-17,0.0,0.0,0.0020851747079036593
14.775,1.7512931566121618e+18,0.9218941307257733,-4.5380312778744765,0.0019985843102109826,-0.00786313226439994,-2.1989849100365344,0.0007490126201004043,-0.004781991034149094,-4.747338752803403e-17,0.0,0.0,0.0019985843102109826
14.8,1.7512931566371617e+18,0.9219130006701854,-4.538005244069889,0.0019063192425209617,-8.15380805873675e-05,-2.1989500654685656,0.0007075315250855674,-0.004642103769460281,-3.018194241557424e-17,0.0,0.0,0.0019063192425209617
14.825000000000001,1.7512931566621617e+18,0.9253860350506965,-4.547030821406486,0.0018028826479232383,0.007947723433016758,-2.199636333274621,0.0007101892802943649,-0.00420869413385179,-9.829479186287336e-18,0.0,0.0,0.0018028826479232383
14.850000000000001,1.7512931566871619e+18,0.9253829635243395,-4.547035055488528,0.0016925867492957388,0.013516350203017231,-2.1995822864616685,0.000770461917721775,-0.003509021533407769,6.1133947358364354e-18,0.0,0.0,0.0016925867492957388
14.875000000000002,1.7512931567121618e+18,0.9235020773027797,-4.5412495748730874,0.001590225981837316,0.014805291449218513,-2.2003383619277375,0.0008886149523658944,-0.0025709900169747176,1.4294758009489535e-17,0.0,0.0,0.001590225981837316
14.9,1.7512931567371617e+18,0.9235105697449569,-4.541237919844373,0.0015148718130367216,0.011603380749903197,-2.20035089962449,0.0010514794711977652,-0.0014631628946989877,1.5013955839463953e-17,0.0,0.0,0.0015148718130367216
14.925,1.7512931567621617e+18,0.9241450025788137,-4.541236314052018,0.001480917049961936,0.005235449468614174,-2.200455830582583,0.001236647251735349,-0.00031394473568046205,1.0787287990566144e-17,0.0,0.0,0.001480917049961936
14.950000000000001,1.7512931567871616e+18,0.9241523846605936,-4.541226194088557,0.0014913735818834523,-0.002195551775335014,-2.200360254125126,0.001419402161507828,0.0007035055967960012,4.7491612945606496e-18,0.0,0.0,0.0014913735818834523
14.975000000000001,1.7512931568121618e+18,0.9238141530104175,-4.542835663525176,0.001536510312736618,-0.008729510434225311,-2.200336410355124,0.0015791066742140783,0.0014159060022045302,-5.523046425437293e-19,0.0,0.0,0.001536510312736618
15.000000000000002,1.7512931568371617e+18,0.9238058331575917,-4.542847090103368,0.0015978389125446057,-0.013109651957483238,-2.200301097293724,0.0017028333480098828,0.0017047371412378055,-3.7345252049777214e-18,0.0,0.0,0.0015978389125446057
15.025,1.7512931568621617e+18,0.9234558762077385,-4.54031494276355,0.0016550275130839036,-0.014835671001933818,-2.199659633880694,0.0017861771078813225,0.0015475666286567495,-4.583519928160694e-18,0.0,0.0,0.0016550275130839036
15.05,1.7512931568871619e+18,0.9240263318082242,-4.5395375759951975,0.001692554975777755,-0.013943308229143886,-2.1997771137854585,0.0018317400847461655,0.001028491423872764,-3.691454063338714e-18,0.0,0.0,0.001692554975777755
15.075000000000001,1.7512931569121618e+18,0.9240171318619536,-4.539550229320176,0.0017036437416858572,-0.010817075058357049,-2.199755479743878,0.0018457293957805684,0.0003137758214073809,-1.9759203850070487e-18,0.0,0.0,0.0017036437416858572
15.100000000000001,1.7512931569371617e+18,0.9240032124684503,-4.539569373628664,0.001690446194083007,-0.006145897407570405,-2.1997227477333863,0.001834319833811998,-0.00039750449145607876,-2.742935867573184e-19,0.0,0.0,0.001690446194083007
15.125000000000002,1.7512931569621617e+18,0.9224835558687056,-4.540393497368582,0.0016610846087935349,-0.0009157201345461465,-2.2007206340639995,0.0018023501075317434,-0.0009296138607724676,8.879233965113928e-19,0.0,0.0,0.0016610846087935349
15.15,1.7512931569871616e+18,0.9224745307225686,-4.54040590928099,0.0016255219043222915,0.0037261538204574644,-2.200706798540093,0.001755319275591737,-0.0011743517695467498,1.3464261329716983e-18,0.0,0.0,0.0016255219043222915
15.175,1.7512931570121618e+18,0.9261065486582023,-4.543684829558707,0.0015924965812776967,0.006792554776020299,-2.2001732189324867,0.0017026639603259374,-0.0011107086960599091,1.2166887845653642e-18,0.0,0.0,0.0015924965812776967
15.200000000000001,1.7512931570371617e+18,0.9226597713229352,-4.54259012125821,0.001568445929887206,0.007840899745445423,-2.2004833917292066,0.0016588132920408879,-0.0007968603519546887,7.552045105740486e-19,0.0,0.0,0.001568445929887206
15.225000000000001,1.7512931570621617e+18,0.9226532054500901,-4.542599140572439,0.0015575468612711568,0.007183000858059688,-2.200461620995842,0.0016395443665378838,-0.0003403506584676477,2.277135881697284e-19,0.0,0.0,0.0015575468612711568
15.250000000000002,1.7512931570871619e+18,0.9226522957667815,-4.542600400883808,0.001561483057659251,0.005738721995455905,-2.2004088201209266,0.0016538580553283708,0.0001418256682819885,-1.7705725340866234e-19,0.0,0.0,0.001561483057659251
15.275,1.7512931571121618e+18,0.9241205634612567,-4.540064631375292,0.0015787357125065606,0.004561107794713374,-2.20023896479146,0.0016953578983925027,0.0005598087620927372,-3.7796052495359e-19,0.0,0.0,0.0015787357125065606
15.3,1.7512931571371617e+18,0.9239342098196515,-4.540769527438849,0.001604597176400354,0.004283340552996345,-2.2006863632047797,0.0017401179372697742,0.0008729290474133665,-3.872221409373786e-19,0.0,0.0,0.001604597176400354
15.325000000000001,1.7512931571621617e+18,0.9243220332510188,-4.54244666516583,0.0016330105091067065,0.004812329202114878,-2.2006567118855767,0.0017558910617178644,0.0010913405518485756,-2.7233664035741643e-19,0.0,0.0,0.0016330105091067065
15.350000000000001,1.7512931571871616e+18,0.9253810024202056,-4.541316759013262,0.0016597515735687306,0.005449177556127256,-2.2002089442330304,0.0017192841674933343,0.0012583040278272178,-1.1472265591718187e-19,0.0,0.0,0.0016597515735687306
15.375000000000002,1.7512931572121618e+18,0.925374455380482,-4.541325747245085,0.00168492591623444,0.0053454559186493136,-2.2001587141343855,0.0016303263436337275,0.0014208324792682051,2.0779260057902094e-20,0.0,0.0,0.00168492591623444
15.4,1.7512931572371617e+18,0.9236079800027012,-4.542684000049385,0.0017127393887703545,0.004007122290874481,-2.2009645695482147,0.0015152315100044342,0.001600473344390387,1.0003707851460315e-19,0.0,0.0,0.0017127393887703545
15.425,1.7512931572621617e+18,0.9235944487165298,-4.542702585625464,0.0017483093981071674,0.0015660356508616245,-2.200986596772523,0.0014163293015015568,0.0017758029324433937,1.1899247666379056e-19,0.0,0.0,0.0017483093981071674
15.450000000000001,1.7512931572871619e+18,0.923761166747328,-4.54281462466105,0.00179358752404508,-0.0012900452413630989,-2.201238970930009,0.001374925022068944,0.0018836317740930368,9.388142028856845e-20,0.0,0.0,0.00179358752404508
15.475000000000001,1.7512931573121618e+18,0.9237621085318041,-4.542813341531873,0.0018451780141394026,-0.0036428872305285347,-2.201200399710756,0.0014140851161276314,0.0018387489281569437,4.8718072916897146e-20,0.0,0.0,0.0018451780141394026
15.500000000000002,1.7512931573371617e+18,0.9230156732091421,-4.540602829555921,0.001895268237228907,-0.004728148938172956,-2.2017932997182097,0.0015267436872559983,0.0015652037107565199,4.9499402918254466e-21,0.0,0.0,0.001895268237228907
15.525,1.7512931573621617e+18,0.9230082194538191,-4.540613045696977,0.0019346230584089109,-0.0041855975270966425,-2.201764309415516,0.0016733624756857229,0.0010282499127627325,-2.428737203590794e-20,0.0,0.0,0.0019346230584089109
15.55,1.7512931573871616e+18,0.925420235156857,-4.543945554636298,0.0019555971272756487,-0.0020769480375885958,-2.201093547208641,0.0017917953130751165,0.00025622272233961793,-3.521353516664278e-20,0.0,0.0,0.0019555971272756487
15.575000000000001,1.7512931574121618e+18,0.9254126548610918,-4.543955938067883,0.001953742916305818,0.001280143434652649,-2.201046363240894,0.0018179107366850136,-0.0006549267507470492,-3.114646908389461e-20,0.0,0.0,0.001953742916305818
15.600000000000001,1.7512931574371617e+18,0.9208361837793198,-4.542402824341598,0.0019279145216081696,0.0054907591647026495,-2.2018933307758135,0.0017104344767653668,-0.00155663617951694,-1.8860819600953604e-20,0.0,0.0,0.0019279145216081696
15.625000000000002,1.7512931574621617e+18,0.9249613052409749,-4.5415066281948056,0.00187980053274331,0.010107578711485923,-2.2020539053710513,0.0014707624300541124,-0.0022793471357659837,-5.205930676379811e-21,0.0,0.0,0.00187980053274331
15.65,1.7512931574871619e+18,0.9247949686323272,-4.543494947311605,0.0018139467171951354,0.014489804767839592,-2.2020386973279544,0.0011488614107093952,-0.002673529695312275,5.0573884767894266e-21,0.0,0.0,0.0018139467171951354
15.675,1.7512931575121618e+18,0.9247997393668224,-4.543488433443743,0.0017384226964302892,0.017670190898092096,-2.2019850151458584,0.000830122082760958,-0.0026499432271869503,9.974366655879576e-21,0.0,0.0,0.0017384226964302892
15.700000000000001,1.7512931575371617e+18,0.9241337894200253,-4.542052601012547,0.0016650068511038485,0.018463302996922424,-2.202187496967616,0.0006063981952101491,-0.002207849129488876,9.975268999713146e-21,0.0,0.0,0.0016650068511038485
15.725000000000001,1.7512931575621617e+18,0.9264123040099903,-4.546363046632515,0.0016073916063055129,0.015908410726284135,-2.2018896118603117,0.0005434050883621815,-0.0014415151215706908,6.86529808012137e-21,0.0,0.0,0.0016073916063055129
15.750000000000002,1.7512931575871616e+18,0.9264011089863374,-4.546378362317005,0.0015771723399282257,0.009872790134744788,-2.201786015653962,0.0006584459799235987,-0.0005203449790492801,2.7567247750267237e-21,0.0,0.0,0.0015771723399282257
15.775,1.7512931576121618e+18,0.9248530527493036,-4.543089732159074,0.0015793377579447583,0.0014410385537720826,-2.2012614414275338,0.000916453482930624,0.0003542199616781661,-7.025456396081461e-22,0.0,0.0,0.0015793377579447583
15.8,1.7512931576371617e+18,0.9248492253103714,-4.543094983607093,0.0016098063290088775,-0.007236342620432428,-2.201202371311571,0.001244442054554272,0.0010035076105732984,-2.672288677589375e-21,0.0,0.0,0.0016098063290088775
15.825000000000001,1.7512931576621617e+18,0.9235813306249613,-4.542679559561536,0.0016565537616727495,-0.01367232131757079,-2.201671050586744,0.0015579701472424688,0.0013210633256973978,-3.0853341253020207e-21,0.0,0.0,0.0016565537616727495
15.850000000000001,1.7512931576871619e+18,0.9235824563333744,-4.542678030005818,0.0017039784146716732,-0.016040580933546877,-2.2016386025770323,0.0017887881908361777,0.0012999028493815817,-2.3845985725780563e-21,0.0,0.0,0.0017039784146716732
15.875000000000002,1.7512931577121618e+18,0.9230405548380626,-4.540504746426581,0.0017386270802283558,-0.013936337156362286,-2.2016947884606335,0.0019024188296795199,0.0010275520769351056,-1.1976376915398377e-21,0.0,0.0,0.0017386270802283558
15.9,1.7512931577371617e+18,0.9252116360673236,-4.544409535923444,0.0017538868192984091,-0.008485779711343023,-2.200958472715673,0.0018994099806184702,0.0006501515313181352,-7.314768968155292e-23,0.0,0.0,0.0017538868192984091
15.925,1.7512931577621617e+18,0.9252055291323539,-4.544417905411514,0.001751747887948563,-0.0017450812558664542,-2.200966031669729,0.001802844625295205,0.0003183313254950211,6.61170061525051e-22,0.0,0.0,0.001751747887948563
15.950000000000001,1.7512931577871616e+18,0.9251962010249686,-4.544430689481439,0.0017409545236517227,0.004255747369309901,-2.2009775776802227,0.0016424953899349718,0.0001344261622565528,9.196317951955986e-22,0.0,0.0,0.0017409545236517227
15.975000000000001,1.7512931578121618e+18,0.9235228645652213,-4.542461842836259,0.001732388189904837,0.008283203893799492,-2.201424965291235,0.0014467294390403916,0.00011999598626675652,7.964060430612012e-22,0.0,0.0,0.001732388189904837
16.0,1.7512931578371617e+18,0.9235112521175798,-4.5424777664592435,0.001733836420504872,0.010115662171540227,-2.2014709046638257,0.0012454777681045737,0.0002147758269722157,4.70096726674312e-22,0.0,0.0,0.001733836420504872
16.025000000000002,1.7512931578621617e+18,0.9262670294291482,-4.544013281359441,0.001746637513599161,0.010220605003617222,-2.2009979148656402,0.0010771416811185817,0.000306340365525528,1.1704008171526337e-22,0.0,0.0,0.001746637513599161
16.05,1.7512931578871619e+18,0.926260613927532,-4.5440220750209415,0.0017656281807909182,0.00922122884412255,-2.200942861048059,0.0009875288486769634,0.00027868343506695496,-1.4284861949332962e-22,0.0,0.0,0.0017656281807909182
16.075,1.7512931579121618e+18,0.9244595594033713,-4.543746742998191,0.00178199322623899,0.007518037333672367,-2.2016028019168,0.0010144471000860967,6.171310667883441e-05,-2.627464600864628e-22,0.0,0.0,0.00178199322623899
16.1,1.7512931579371617e+18,0.9229569412186431,-4.542328959192927,0.0017872822846332636,0.005235730223352651,-2.202058666911099,0.001164358558199815,-0.00033580761252349664,-2.5667946496493155e-22,0.0,0.0,0.0017872822846332636
16.125,1.7512931579621617e+18,0.92684010274929,-4.546155070977209,0.0017766487103489396,0.002429189311973223,-2.2016025363511287,0.0013970606770962349,-0.0008209841607398955,-1.728014746977346e-22,0.0,0.0,0.0017766487103489396
16.150000000000002,1.7512931579871616e+18,0.9268395789825287,-4.546155799866491,0.0017501085372215498,-0.000651963075726381,-2.2015454502427585,0.0016319213580392384,-0.0012409011155352792,-6.584473397329151e-23,0.0,0.0,0.0017501085372215498
16.175,1.7512931580121618e+18,0.9228540428961858,-4.543332037596146,0.0017119315785912605,-0.003449451563345012,-2.201676400219926,0.0017764943222552177,-0.0014286644853307,2.2363003054987314e-23,0.0,0.0,0.0017119315785912605
16.2,1.7512931580371617e+18,0.9228537797889085,-4.543332410544039,0.0016694049278667901,-0.005245391144462013,-2.2016487859984872,0.0017648850990073155,-0.0012573924881995316,7.120210858090123e-23,0.0,0.0,0.0016694049278667901
16.225,1.7512931580621617e+18,0.9250313159049786,-4.543867723181152,0.001632113204027068,-0.0055178379034058565,-2.2016764459006115,0.0015874733955708628,-0.0006855589786542809,7.990188196887311e-23,0.0,0.0,0.001632113204027068
16.25,1.7512931580871619e+18,0.9250414953146733,-4.543853805199692,0.0016115230728608893,-0.004289799749201119,-2.201671210490888,0.0012979732197454896,0.00022120238068583205,6.049113280606715e-23,0.0,0.0,0.0016115230728608893
16.275000000000002,1.7512931581121618e+18,0.9251189060090292,-4.5422374215775365,0.001619449615347009,-0.0022246714375179586,-2.2015889042977346,0.000994801434273194,0.0013007823044244387,2.934652942276904e-23,0.0,0.0,0.001619449615347009
16.3,1.7512931581371617e+18,0.9249528226710964,-4.544404525460344,0.0016643517499294602,-0.000361714107940625,-2.2014918950676465,0.0007849212122646188,0.0023372476437727887,4.89138510499144e-25,0.0,0.0,0.0016643517499294602
16.325,1.7512931581621617e+18,0.9260184398795871,-4.542670151685536,0.0017464088346598524,0.000375171019990641,-2.201164942006098,0.0007447198948156022,0.003123923230334252,-1.792257797428586e-23,0.0,0.0,0.0017464088346598524
16.35,1.7512931581871616e+18,0.9260256048859473,-4.542660351124089,0.0018544867931181584,-0.0003950216211481386,-2.2011191028496837,0.0008927739060965513,0.0035263776149678876,-2.398367087182959e-23,0.0,0.0,0.0018544867931181584
16.375,1.7512931582121618e+18,0.9238286854263589,-4.542908854041559,0.001968251479325497,-0.002383015970421045,-2.2011667163874584,0.0011846035696900198,0.0035221184860626167,-2.0340042622110505e-23,0.0,0.0,0.001968251479325497
16.400000000000002,1.7512931582371617e+18,0.9250420579124644,-4.542790863206149,0.0020658488517265837,-0.004835375406924653,-2.2008392307373867,0.001530934816266673,0.003200301698982923,-1.1692036526586129e-23,0.0,0.0,0.0020658488517265837
16.425,1.7512931582621617e+18,0.9250448870039657,-4.5427869929170015,0.0021335035934768845,-0.00692498210188636,-2.2007908188583,0.0018309717639149487,0.0027195005394473224,-2.574234065649651e-24,0.0,0.0,0.0021335035934768845
16.45,1.7512931582871619e+18,0.9237940680612137,-4.5417554011504135,0.0021714422413616295,-0.008112609993192545,-2.2008084263215326,0.002006105334287595,0.0022391558544112627,3.997664726813157e-24,0.0,0.0,0.0021714422413616295
16.475,1.7512931583121618e+18,0.9237994974387902,-4.541747968522338,0.0021924602002070795,-0.008308906891712214,-2.2007347420843373,0.002021634176159275,0.001852761170978747,6.909386784863897e-24,0.0,0.0,0.0021924602002070795
16.5,1.7512931583371617e+18,0.9254826108325666,-4.542090994477388,0.002213819102877049,-0.007773431615352845,-2.2003310197301724,0.001891737463645605,0.0015515491090745345,6.597224249249174e-24,0.0,0.0,0.002213819102877049
16.525000000000002,1.7512931583621617e+18,0.9254926369564589,-4.542077260069152,0.0022469750664444476,-0.006823672989606366,-2.2003010840002446,0.0016693625020381688,0.0012350404205175164,4.342525063128579e-24,0.0,0.0,0.0022469750664444476
16.55,1.7512931583871616e+18,0.9246213085806413,-4.541455689273832,0.002290638481942671,-0.005537713348603564,-2.2003930927069995,0.0014256407063152556,0.00076436537394704,1.5617799716931205e-24,0.0,0.0,0.002290638481942671
16.575,1.7512931584121618e+18,0.9246115078085115,-4.5414691521254476,0.002330584142124475,-0.0036513996265200347,-2.2003217536347304,0.001225543721938044,3.510492083936727e-05,-6.847079259238101e-25,0.0,0.0,0.002330584142124475
16.6,1.7512931584371617e+18,0.9245285460117004,-4.541010425785314,0.002346024920552141,-0.0007465266487697586,-2.2005245055007454,0.0011082353539186031,-0.0009624712378225354,-1.8926386695827804e-24,0.0,0.0,0.002346024920552141
16.625,1.7512931584621617e+18,0.9245210701332761,-4.5410206997239975,0.0023192863262067862,0.0033543895688130255,-2.200539767655521,0.0010790382048962528,-0.0021223174669142883,-2.0667705718120925e-24,0.0,0.0,0.0023192863262067862
16.650000000000002,1.7512931584871619e+18,0.924633149525099,-4.5423493156032,0.0022441942730903833,0.008225724757267244,-2.2010890728746517,0.0011143429606600833,-0.0032499278784961488,-1.5324790995691342e-24,0.0,0.0,0.0022441942730903833
16.675,1.7512931585121618e+18,0.9246298107957739,-4.542353906056038,0.002129247034755774,0.012767041070703155,-2.201068793511587,0.001174798598345225,-0.004126433895644266,-7.165463082917336e-25,0.0,0.0,0.002129247034755774
16.7,1.7512931585371617e+18,0.9267505857829278,-4.542976621017804,0.0019940832157141924,0.015530791322749595,-2.2007076347399055,0.0012198361550137494,-0.0045828832383938934,2.316333315666187e-26,0.0,0.0,0.0019940832157141924
16.725,1.7512931585621617e+18,0.9267561335415205,-4.542969023414087,0.001861259698997364,0.01532491396604282,-2.200661110934699,0.0012184602464891275,-0.004555256399012765,4.839834040240929e-25,0.0,0.0,0.001861259698997364
16.75,1.7512931585871616e+18,0.9262194453201846,-4.5427709171431765,0.0017479820063574123,0.011794927064604218,-2.200249660547958,0.0011546166299537858,-0.00410037499370175,6.246438392083838e-25,0.0,0.0,0.0017479820063574123
16.775000000000002,1.7512931586121618e+18,0.9262270251584357,-4.542760528943354,0.001661943689513581,0.005684629601843675,-2.2001684300015136,0.0010280251142049687,-0.003369651354960602,5.188653618502531e-25,0.0,0.0,0.001661943689513581
16.8,1.7512931586371617e+18,0.9247106270592336,-4.541997864864286,0.0016020912126662558,-0.0013660428475663813,-2.2005075756719004,0.00085250916200757,-0.002553852530865028,2.9013983645104383e-25,0.0,0.0,0.0016020912126662558
16.825,1.7512931586621617e+18,0.9245392022256768,-4.544649323101973,0.00156209267611289,-0.007400154212131731,-2.2002832062437143,0.000653186559261188,-0.001821253202788524,5.494336405682444e-26,0.0,0.0,0.00156209267611289
16.85,1.7512931586871619e+18,0.92454746692697,-4.544637994589562,0.0015339318646135128,-0.010849002131704814,-2.200237831543822,0.00046199731998990487,-0.0012711875582076962,-1.110073023669041e-25,0.0,0.0,0.0015339318646135128
16.875,1.7512931587121618e+18,0.9235881304693183,-4.541253596277447,0.00151052667498224,-0.011083686775621937,-2.200364858969947,0.00031042586069133317,-0.0009167405123583973,-1.8139583446584792e-25,0.0,0.0,0.00151052667498224
16.900000000000002,1.7512931587371617e+18,0.9235949384135568,-4.541244258430119,0.00148745592453123,-0.008614918431995052,-2.200325287885304,0.00022046606635816595,-0.0006984183959082102,-1.693695675395499e-25,0.0,0.0,0.00148745592453123
16.925,1.7512931587621617e+18,0.9250866577916244,-4.543845214559992,0.001463953475566566,-0.004867842858231571,-2.2005938097066036,0.0001980063840355159,-0.0005197963814881643,-1.0894635520073116e-25,0.0,0.0,0.001463953475566566
16.95,1.7512931587871616e+18,0.9250828696085122,-4.543850422387342,0.001442932207572118,-0.0015984331480456216,-2.200597161670496,0.00023332545055297356,-0.00028978414116327927,-3.6742008106993336e-26,0.0,0.0,0.001442932207572118
16.975,1.7512931588121618e+18,0.9240310389329148,-4.544058019800875,0.0014298316228001447,-0.00016209626925142205,-2.2015858211192416,0.0003095066447268996,4.427236846764486e-05,2.0401573295157606e-26,0.0,0.0,0.0014298316228001447
17.0,1.7512931588371617e+18,0.9249207436877285,-4.541559861368122,0.001430656786120318,-0.0009364748236887894,-2.201734354068593,0.0004136915094847917,0.0004834359527135631,5.019680603322072e-26,0.0,0.0,0.001430656786120318
17.025000000000002,1.7512931588621617e+18,0.92492005461736,-4.54156081038592,0.001449948115416429,-0.0031613193494056504,-2.2017307365263106,0.0005434973216387768,0.0009863620846362058,5.339676841378037e-26,0.0,0.0,0.001449948115416429
17.05,1.7512931588871619e+18,0.9249190078659989,-4.541562252017543,0.0014891611181857963,-0.005275023649096075,-2.2017252411990387,0.0007047059106990575,0.0014943639929435432,3.8771042103960575e-26,0.0,0.0,0.0014891611181857963
17.075,1.7512931589121618e+18,0.9238427122085008,-4.542189187408378,0.0015457045202258558,-0.005590594611210742,-2.202013558830638,0.0009035117096234085,0.0019596851246343246,1.7426983451876926e-26,0.0,0.0,0.0015457045202258558
17.1,1.7512931589371617e+18,0.9243083467646054,-4.542386054522464,0.0016132215073700689,-0.0030079939210514717,-2.20211511586231,0.0011401499716444793,0.0023631302386912076,-1.5124058795121612e-27,0.0,0.0,0.0016132215073700689
17.125,1.7512931589621617e+18,0.9243136947191576,-4.542378744660638,0.0016837412502818704,0.0025169950832435615,-2.202061035474747,0.001406983848618706,0.0027119376536368207,-1.3024485712070212e-26,0.0,0.0,0.0016837412502818704
17.150000000000002,1.7512931589871616e+18,0.9239347791420491,-4.544027050532478,0.0017511711522373993,0.009889190392604955,-2.2020368613348777,0.0016881905574755757,0.003018100205721916,-1.6247260236034172e-26,0.0,0.0,0.0017511711522373993
17.175,1.7512931590121618e+18,0.9239273268708256,-4.544037248010544,0.0018141949623489593,0.01717353329131148,-2.202014010268021,0.0019578676944576145,0.0032677558974342643,-1.3220126892389125e-26,0.0,0.0,0.0018141949623489593
17.200000000000003,1.7512931590371617e+18,0.926050355980848,-4.545222432642961,0.0018766103817103301,0.022175698020346385,-2.2018146351016634,0.002178749436269366,0.003399042508344211,-7.182371339852674e-27,0.0,0.0,0.0018766103817103301
17.225,1.7512931590621617e+18,0.9260487935499813,-4.545224579029521,0.0019444581703088595,0.023131852286277278,-2.2017706811643243,0.002307270412525567,0.0033049141507404695,-1.1224036362634426e-27,0.0,0.0,0.0019444581703088595
17.25,1.7512931590871619e+18,0.9260039655488401,-4.54501966497346,0.0020208377313125645,0.019290366664926055,-2.202043159113585,0.0023071130508938494,0.0028677150952018107,3.0619669336912443e-27,0.0,0.0,0.0020208377313125645
17.275000000000002,1.7512931591121618e+18,0.9260196438577438,-4.5449982551804045,0.0021006610559703522,0.011181261736422234,-2.202080616205947,0.002165534075512773,0.0020168716564242816,4.754781569377118e-27,0.0,0.0,0.0021006610559703522
17.3,1.7512931591371617e+18,0.9253659997273844,-4.544625839984968,0.0021685743755418736,0.00046659288119259474,-2.2018789493690445,0.0019025102288401214,0.0007866092510211721,4.343229574124478e-27,0.0,0.0,0.0021685743755418736
17.325000000000003,1.7512931591621617e+18,0.92537942869645,-4.544607490230655,0.002202723797304329,-0.010578209751578223,-2.2018273565945696,0.0015666799376036309,-0.0006552037766429803,2.728495526952322e-27,0.0,0.0,0.002202723797304329
17.35,1.7512931591871616e+18,0.9239274082799842,-4.5409926076367455,0.00218417527996881,-0.019751090818885625,-2.202081699824821,0.0012205591773155869,-0.0020283790645318506,8.559765495268944e-28,0.0,0.0,0.00218417527996881
17.375,1.7512931592121618e+18,0.9239110238923424,-4.541015034319833,0.002108001968734752,-0.025504267950500467,-2.202122680415626,0.000922812037812197,-0.003013480812303685,-5.957540453801449e-28,0.0,0.0,0.002108001968734752
17.400000000000002,1.7512931592371617e+18,0.9252847788088971,-4.5436035386336355,0.0019899344563292583,-0.027202751156430383,-2.202280356934631,0.0007146381888967679,-0.003354282889104977,-1.3285490886933916e-27,0.0,0.0,0.0019899344563292583
17.425,1.7512931592621617e+18,0.9252812518404744,-4.543608369344454,0.0018637734493674616,-0.02502712103691667,-2.2022590059997613,0.0006139523569746555,-0.002950443215163824,-1.3779416392276572e-27,0.0,0.0,0.0018637734493674616
17.450000000000003,1.7512931592871619e+18,0.9232112185197695,-4.539465510791833,0.0017693352554940874,-0.01969291012719192,-2.2027479710412843,0.0006174445195050736,-0.0019009246059727763,-9.795170714724571e-28,0.0,0.0,0.0017693352554940874
17.475,1.7512931593121618e+18,0.923229761099593,-4.539440169380132,0.0017361808560603547,-0.012225783949025924,-2.2027629359394805,0.0007067810058218112,-0.00047692092237907474,-4.219801259536125e-28,0.0,0.0,0.0017361808560603547
17.5,1.7512931593371617e+18,0.9229983333228041,-4.541486108557591,0.001771230979078313,-0.0038911029350956936,-2.202837658053087,0.0008534451313149909,0.0009674263898188034,6.237923350300514e-29,0.0,0.0,0.001771230979078313
17.525000000000002,1.7512931593621617e+18,0.923007625400748,-4.541473424887167,0.0018566389129229257,0.003846855511237385,-2.2028324173533655,0.0010204362089718713,0.002111003838744223,3.494007628558077e-28,0.0,0.0,0.0018566389129229257
17.55,1.7512931593871616e+18,0.9265972803786607,-4.544225325683717,0.0019590889093844942,0.009543709940698487,-2.2014316212614244,0.0011653674034655286,0.0027612354589810245,4.220583994869905e-28,0.0,0.0,0.0019590889093844942
17.575000000000003,1.7512931594121618e+18,0.9245082506046759,-4.543634690087515,0.0020458091159210635,0.012212527789858636,-2.201447473665999,0.001250050156959202,0.0028919637404828426,3.364231915499389e-28,0.0,0.0,0.0020458091159210635
17.6,1.7512931594371617e+18,0.923938635249022,-4.542168434612261,0.002098953662791524,0.011745544194587782,-2.2014062283433278,0.0012542937986821162,0.0026135257199084994,1.77333189938961e-28,0.0,0.0,0.002098953662791524
17.625,1.7512931594621617e+18,0.9239326929594122,-4.542176574491305,0.002120856407461226,0.008991721318283465,-2.2013936222558987,0.0011851924402709237,0.0020956421187374335,2.1373788200505524e-29,0.0,0.0,0.002120856407461226
17.650000000000002,1.7512931594871619e+18,0.9237229515547436,-4.541312018844118,0.0021280081685140124,0.005378238521698672,-2.201376708049372,0.00107545171689384,0.0014833484355532586,-8.397266463893616e-29,0.0,0.0,0.0021280081685140124
17.675,1.7512931595121618e+18,0.9246348461472018,-4.543992279562802,0.002138249505893658,0.0022966679826288586,-2.201410104108478,0.0009717737540759582,0.000845543046716386,-1.2444464548863977e-28,0.0,0.0,0.002138249505893658
17.700000000000003,1.7512931595371617e+18,0.9246701089426357,-4.543943997086323,0.0021591189690407736,0.0006160377859153007,-2.201375291565733,0.00091863489563903,0.0001761475465647529,-1.112478411605058e-28,0.0,0.0,0.0021591189690407736
17.725,1.7512931595621617e+18,0.9256260596568682,-4.542074342355991,0.002183528790999654,0.0005294192177175694,-2.2006363149409833,0.0009423259521136153,-0.0005599390677867059,-6.820781277106015e-29,0.0,0.0,0.002183528790999654
17.75,1.7512931595871616e+18,0.9256068371098908,-4.54210068048208,0.002194006859091858,0.0016642493009085791,-2.200639782608774,0.0010396309732304291,-0.001365782322710731,-1.9705791249118653e-29,0.0,0.0,0.002194006859091858
17.775000000000002,1.7512931596121618e+18,0.9239432990001587,-4.540899752299945,0.0021723640513829786,0.0032553531620675975,-2.2008512578164687,0.0011768076453341336,-0.0021715220198633817,1.7128084792220875e-29,0.0,0.0,0.0021723640513829786
17.8,1.7512931596371617e+18,0.9239426508621845,-4.540900646224812,0.0021097419732296467,0.004286236577104208,-2.2008448059733077,0.0013027211948352174,-0.0028365638272688527,3.509333581407516e-29,0.0,0.0,0.0021097419732296467
17.825000000000003,1.7512931596621617e+18,0.9255591583288866,-4.544753921008266,0.002012351932798765,0.003686953315792797,-2.200840099831522,0.0013717343681194643,-0.0031946949370311767,3.55176549132018e-29,0.0,0.0,0.002012351932798765
17.85,1.7512931596871619e+18,0.925572903375983,-4.544735080758328,0.001900318165664906,0.0006999495459086638,-2.2008356241654057,0.0013636267106074856,-0.0031201171137304902,2.4710832464742298e-29,0.0,0.0,0.001900318165664906
17.875,1.7512931597121618e+18,0.9237242258462269,-4.543265631044366,0.0018003133609452969,-0.004662492924178011,-2.201651578300636,0.0012889692757389465,-0.002582331545465562,1.0167472393511702e-29,0.0,0.0,0.0018003133609452969
17.900000000000002,1.7512931597371617e+18,0.923749403311022,-4.543231123350761,0.0017355953407756843,-0.011349638060855552,-2.2016112531886898,0.0011787292475617258,-0.0016637924430674283,-2.2051514628559974e-30,0.0,0.0,0.0017355953407756843
17.925,1.7512931597621617e+18,0.9231450852992513,-4.540842802907983,0.0017179442978008564,-0.01746228271733043,-2.202005816591851,0.0010665511247224169,-0.0005326029822220365,-9.346168393242561e-30,0.0,0.0,0.0017179442978008564
17.950000000000003,1.7512931597871616e+18,0.9231590653238783,-4.540823673307816,0.0017446680059316079,-0.02091530493017727,-2.2019787501131463,0.0009741219239838135,0.0006161184542195608,-1.0950194482597413e-29,0.0,0.0,0.0017446680059316079
17.975,1.7512931598121618e+18,0.9225161103294967,-4.54087256606009,0.0018014672924213393,-0.02027593345528742,-2.202085707013053,0.0009059213971429258,0.0016225824264195453,-8.550575654904876e-30,0.0,0.0,0.0018014672924213393
18.0,1.7512931598371617e+18,0.9229504748123643,-4.541200847298887,0.0018696897105760688,-0.015354643562514356,-2.2027378810169624,0.0008541303606162536,0.0024005619408172274,-4.3659573850237554e-30,0.0,0.0,0.0018696897105760688
18.025000000000002,1.7512931598621617e+18,0.9229488469137692,-4.541203079714542,0.0019348459332294567,-0.007271105570447179,-2.2027093490893543,0.0008100131348079122,0.002936897279925536,-3.5677082990439045e-31,0.0,0.0,0.0019348459332294567
18.05,1.7512931598871619e+18,0.9229463691060196,-4.5412064776514764,0.0019925207022538595,0.0019916209219127154,-2.2026659209356834,0.0007756024226647978,0.003257436067115774,2.2912472246431914e-30,0.0,0.0,0.0019925207022538595
18.075000000000003,1.7512931599121618e+18,0.9251818723984088,-4.54428646452959,0.0020485352827674893,0.010295893657178905,-2.2024483817586598,0.0007693250309887859,0.0033810405123884443,3.2522819766093126e-30,0.0,0.0,0.0020485352827674893
18.1,1.7512931599371617e+18,0.922571907474769,-4.541846990503059,0.0021128376302310178,0.01600201220345056,-2.2024386562036917,0.000821347777951245,0.0032883140303632354,2.8462219405927216e-30,0.0,0.0,0.0021128376302310178
18.125,1.7512931599621617e+18,0.9225853371725258,-4.541828649736163,0.0021903027242166184,0.018336290327833522,-2.2024006582111593,0.0009589936116141133,0.0029229245479925788,1.7017678164195404e-30,0.0,0.0,0.0021903027242166184
18.150000000000002,1.7512931599871616e+18,0.9254267477176269,-4.544684493204942,0.0022740263631584995,0.017421958152666884,-2.202278039977152,0.001188358730688845,0.0022254913962741715,4.469729298705904e-31,0.0,0.0,0.0022740263631584995
18.175,1.7512931600121618e+18,0.9254359783158893,-4.544671891168809,0.00234555383185093,0.014061223461644193,-2.202267250556292,0.0014818957478718341,0.0011822792967903831,-4.863619676535411e-31,0.0,0.0,0.00234555383185093
18.200000000000003,1.7512931600371617e+18,0.9229983758870106,-4.542804219916647,0.002382213139725894,0.009393376087526856,-2.2022669145891793,0.0017801958394115711,-0.00013744310582242852,-9.252591674120394e-31,0.0,0.0,0.002382213139725894
18.225,1.7512931600621617e+18,0.9229848441903997,-4.542822737547927,0.002367432144310761,0.004530942581593589,-2.202276820023288,0.0020095242960877203,-0.0015763936290356293,-9.144471769049541e-31,0.0,0.0,0.002367432144310761
18.25,1.7512931600871619e+18,0.9244208951887614,-4.543396718439257,0.0022984852202030254,0.00026654076438603196,-2.201943386316848,0.002108302624705609,-0.0029219077796104743,-6.224581890543321e-31,0.0,0.0,0.0022984852202030254
18.275000000000002,1.7512931601121618e+18,0.9244138019169812,-4.543406424588423,0.002187847151125498,-0.0030567206915519795,-2.201915415546254,0.002050814272462847,-0.003963487247438994,-2.4360717917321506e-31,0.0,0.0,0.002187847151125498
18.3,1.7512931601371617e+18,0.9243916913558196,-4.543436696707735,0.002057748961138047,-0.005461604743476284,-2.2017871333086796,0.001858012006819982,-0.004551343739571658,7.206944834985944e-32,0.0,0.0,0.002057748961138047
18.325000000000003,1.7512931601621617e+18,0.9243990995762552,-4.54342657512586,0.001930993194522228,-0.007097851359499148,-2.2017303531634167,0.0015915573806828183,-0.004632754757259307,2.493372147653239e-31,0.0,0.0,0.001930993194522228
18.35,1.7512931601871616e+18,0.9228050725307202,-4.542760679960851,0.0018229580815643728,-0.008017263482079104,-2.20231512430089,0.0013334624862169566,-0.004254441441961442,2.8375174003382643e-31,0.0,0.0,0.0018229580815643728
18.375,1.7512931602121618e+18,0.922831013625946,-4.542725207525751,0.0017387046903428248,-0.008129768876349183,-2.2023014255971223,0.001157749899745836,-0.0035347029588883435,2.1704615613707575e-31,0.0,0.0,0.0017387046903428248
18.400000000000002,1.7512931602371617e+18,0.9232359535579259,-4.54212160456197,0.0016757185365730363,-0.007355656103413391,-2.202600810908803,0.0011034595710200552,-0.0026207896447212682,1.0715844928109354e-31,0.0,0.0,0.0016757185365730363
18.425,1.7512931602621617e+18,0.9232346294942634,-4.542123422625589,0.0016294738408471452,-0.0058166470663607965,-2.202585219139138,0.0011600146553843187,-0.0016499189962167105,4.2135120466161685e-33,0.0,0.0,0.0016294738408471452
18.450000000000003,1.7512931602871619e+18,0.9237458691500868,-4.542958434231835,0.001597900729389208,-0.003878489859528833,-2.202155382251484,0.0012734357472488557,-0.0007265031341919587,-6.223762319228256e-32,0.0,0.0,0.001597900729389208
18.475,1.7512931603121618e+18,0.9237528407386486,-4.542948916573755,0.0015823114054481784,-0.0019917403143512756,-2.2021251933728747,0.0013727715299880097,8.201136710762832e-05,-8.48765649031482e-32,0.0,0.0,0.0015823114054481784
18.5,1.7512931603371617e+18,0.9242874935926226,-4.542093031815833,0.0015850778001948724,-0.0004511625588635697,-2.2019368949694793,0.001403603406561717,0.0007370020519757992,-7.27344359716517e-32,0.0,0.0,0.0015850778001948724
18.525000000000002,1.7512931603621617e+18,0.9230333035693532,-4.541982647945535,0.001606439258582829,0.0007374994228542746,-2.2025878660264886,0.0013496162743164726,0.0012178908224696051,-4.2371198136963575e-32,0.0,0.0,0.001606439258582829
18.55,1.7512931603871616e+18,0.9230389004325804,-4.541974995600151,0.0016429180894403862,0.0017829612737090968,-2.2025718263665084,0.0012316609886390982,0.0015160236016115451,-9.946785481131924e-33,0.0,0.0,0.0016429180894403862
18.575000000000003,1.7512931604121618e+18,0.9239892870684312,-4.542103247971738,0.0016880984436433493,0.0028930307004848923,-2.2021436291759304,0.001089846154817792,0.0016350470876980983,1.367105822677838e-32,0.0,0.0,0.0016880984436433493
18.6,1.7512931604371617e+18,0.924000077374818,-4.5420885190696785,0.001734686338439799,0.00409288808843271,-2.2021303661758447,0.0009627861622101771,0.0015946494271417734,2.4352001463686185e-32,0.0,0.0,0.001734686338439799
18.625,1.7512931604621617e+18,0.9239214853542731,-4.543711254003329,0.0017764573957802638,0.0052152247087183246,-2.20244423921951,0.0008742252374132657,0.0014325407076334598,2.3516676920841333e-32,0.0,0.0,0.0017764573957802638
18.650000000000002,1.7512931604871619e+18,0.9239562607436341,-4.543826966407963,0.001809589977810349,0.006055164276809151,-2.202613464587638,0.0008296070260526115,0.001200945708805624,1.5655038382507258e-32,0.0,0.0,0.001809589977810349
18.675,1.7512931605121618e+18,0.9241265107337815,-4.543180934402125,0.0018333863643207075,0.0065473366196878114,-2.2025374566372737,0.0008210785654177538,0.0009572788703726839,5.799036691881268e-33,0.0,0.0,0.0018333863643207075
18.700000000000003,1.7512931605371617e+18,0.9241151229895004,-4.543196498126993,0.001850122001159351,0.006804994639345561,-2.2024928342079435,0.0008373727539188732,0.0007519557316640574,-2.2455246365997053e-33,0.0,0.0,0.001850122001159351
18.725,1.7512931605621617e+18,0.9237570675805795,-4.5429881632475935,0.0018637664949273651,0.006975443035470405,-2.202727831600843,0.0008730678777886196,0.0006177759347103001,-6.635419128038854e-33,0.0,0.0,0.0018637664949273651
18.75,1.7512931605871616e+18,0.9237634479822653,-4.542979450140425,0.0018780031617213594,0.0070220595043060515,-2.2026939073959597,0.0009321136039196678,0.0005644646013529676,-7.343983697386411e-33,0.0,0.0,0.0018780031617213594
18.775000000000002,1.7512931606121618e+18,0.9245217342067511,-4.544280549244284,0.0018945683600167754,0.006619622243379833,-2.202285449719827,0.0010240029702832279,0.0005795265163493931,-5.5022796122334454e-33,0.0,0.0,0.0018945683600167754
18.8,1.7512931606371617e+18,0.9247574967402302,-4.54404673882609,0.0019128175571640265,0.005284830970638929,-2.2021817952942335,0.0011549495768992763,0.0006340498325550234,-2.6212116602696357e-33,0.0,0.0,0.0019128175571640265
18.825000000000003,1.7512931606621617e+18,0.924757451388748,-4.544046807146944,0.0019307182768054712,0.0026986351520948723,-2.202163023238712,0.001318779294607399,0.0006908561661444216,1.9112072891210154e-35,0.0,0.0,0.0019307182768054712
18.85,1.7512931606871619e+18,0.9247573825089629,-4.544046910912574,0.0019465643604555704,-0.0009719644509434349,-2.202134512265082,0.0014925430115696298,0.0007128588004410003,1.6837876955886217e-33,0.0,0.0,0.0019465643604555704
18.875,1.7512931607121618e+18,0.9234316797105296,-4.542314225744391,0.001960161238772804,-0.004967843195023784,-2.202016965619429,0.0016402592804591158,0.0006709154483758792,2.2120448318207832e-33,0.0,0.0,0.001960161238772804
18.900000000000002,1.7512931607371617e+18,0.9237721880437979,-4.543467639260938,0.0019726097125080467,-0.008139841997128368,-2.2018436991873944,0.0017247779809719246,0.0005514513327523482,1.8565219339449464e-33,0.0,0.0,0.0019726097125080467
18.925,1.7512931607621617e+18,0.9237726020620809,-4.543467080916379,0.0019849312340339646,-0.009371281161724514,-2.2018116439639766,0.0017231954521702891,0.00036363312467417076,1.0526581804643381e-33,0.0,0.0,0.0019849312340339646
18.950000000000003,1.7512931607871616e+18,0.9246286239431343,-4.5418704468829345,0.0019966759777588438,-0.008022149598233603,-2.201458698676597,0.0016382951558912445,0.00014402920342309174,2.1577688118791822e-34,0.0,0.0,0.0019966759777588438
18.975,1.7512931608121618e+18,0.9246382188770255,-4.541857330597344,0.0020056786501069356,-0.004212207624071413,-2.2014428140959033,0.0014999259260191952,-4.5101881967594444e-05,-3.8103508600636886e-34,0.0,0.0,0.0020056786501069356
19.0,1.7512931608371617e+18,0.9237793064897124,-4.542193106537415,0.002009416837016136,0.0011454675827836124,-2.201407171946159,0.0013553510071178654,-0.00012764070387921055,-6.3984476605464136e-34,0.0,0.0,0.002009416837016136
19.025000000000002,1.7512931608621617e+18,0.9237911261351485,-4.542176932645403,0.0020073737600270238,0.006560191725758209,-2.201367121858877,0.0012530326526344199,-3.623681637274379e-05,-6.040838647544823e-34,0.0,0.0,0.0020073737600270238
19.05,1.7512931608871619e+18,0.9252282927406441,-4.54511448498853,0.002002857761092104,0.010375026252060111,-2.2017374739986,0.00122674683284413,0.0002589032858233978,-3.930878853881255e-34,0.0,0.0,0.002002857761092104
19.075000000000003,1.7512931609121618e+18,0.9252236058999376,-4.545120908750692,0.0020026909135618764,0.011271791851491152,-2.2017479991395548,0.0012850496385136425,0.000724922421019415,-1.370077719153582e-34,0.0,0.0,0.0020026909135618764
19.1,1.7512931609371617e+18,0.924187540854661,-4.5428257368964715,0.002014532892255375,0.008710765005630483,-2.201449743731893,0.0014075643423373798,0.0012568786481071603,6.774654804866757e-35,0.0,0.0,0.002014532892255375
19.125,1.7512931609621617e+18,0.9241980123344673,-4.542811413971642,0.002043332181945665,0.0031350658316817758,-2.2014066151168112,0.0015484122973122257,0.0016929324145760975,1.7617745742676387e-34,0.0,0.0,0.002043332181945665
19.150000000000002,1.7512931609871616e+18,0.9244892820870207,-4.5436294855531285,0.0020887405972395312,-0.004143862667333708,-2.2021704182445077,0.0016477012773776702,0.0018551331160476102,1.898493006881719e-34,0.0,0.0,0.0020887405972395312
19.175,1.7512931610121618e+18,0.9244981948271156,-4.543617293221743,0.0021441128293461977,-0.011323160638924587,-2.202166680586032,0.001650082514199099,0.00160633790135067,1.3930017936487424e-34,0.0,0.0,0.0021441128293461977
19.200000000000003,1.7512931610371617e+18,0.9228216692876742,-4.542591733462509,0.0021967360963681677,-0.016597768876519967,-2.202550578956788,0.001525076887109616,0.0009049706836408299,6.387846049106964e-35,0.0,0.0,0.0021967360963681677
19.225,1.7512931610621617e+18,0.9228365418360099,-4.542571410867797,0.00222950966627744,-0.018614179274343872,-2.20250495416216,0.00128143710965928,-0.0001637157327060969,-3.7627109373111156e-36,0.0,0.0,0.00222950966627744
19.25,1.7512931610871619e+18,0.9236620123314365,-4.541404324727827,0.002225230655671579,-0.016800602432668697,-2.203078866254728,0.0009690418473219469,-0.0013959374596772328,-4.538859539587469e-35,0.0,0.0,0.002225230655671579
19.275000000000002,1.7512931611121618e+18,0.9236726638295456,-4.541389787714581,0.002173666746595041,-0.01152838935447301,-2.2030595215746374,0.0006658170163834574,-0.0025202349876869722,-5.757359208798922e-35,0.0,0.0,0.002173666746595041
19.3,1.7512931611371617e+18,0.9215854057460896,-4.540120410712514,0.0020786134733699266,-0.0040579863719350006,-2.2032381693653886,0.0004532589514502356,-0.0032772143303956766,-4.733060598800007e-35,0.0,0.0,0.0020786134733699266
19.325000000000003,1.7512931611621617e+18,0.9255237056940315,-4.542605294164001,0.001959984843355681,0.003770558848370663,-2.2024507302913565,0.00038992746360383326,-0.0035010989579836943,-2.609058797854804e-35,0.0,0.0,0.001959984843355681
19.35,1.7512931611871616e+18,0.9255162213558,-4.542615519464818,0.0018475999604636807,0.01005971126813476,-2.2023906738700014,0.0004934198478461428,-0.003172650953069971,-4.5154975794641526e-36,0.0,0.0,0.0018475999604636807
19.375,1.7512931612121618e+18,0.9255111856332849,-4.542622399402089,0.001768509096496997,0.013411818148724717,-2.2023502658252796,0.0007364019811305275,-0.0024227003197025607,1.0543945743666798e-35,0.0,0.0,0.001768509096496997
19.400000000000002,1.7512931612371617e+18,0.9235938646036118,-4.541151649598283,0.0017347188657203126,0.013282083977570988,-2.2027724243332214,0.0010552922099243446,-0.0014850492517788324,1.6784770034347342e-35,0.0,0.0,0.0017347188657203126
19.425,1.7512931612621617e+18,0.9238135362527813,-4.542043426659003,0.0017387057788383357,0.009990889895134952,-2.203073275125103,0.0013666610073234313,-0.0006182209613873746,1.549966466948927e-35,0.0,0.0,0.0017387057788383357
19.450000000000003,1.7512931612871619e+18,0.923826759352975,-4.542025380983013,0.0017592559047966535,0.004472337338838473,-2.2030588640261453,0.0015875799091849116,-2.742835372747997e-05,9.853340104735817e-36,0.0,0.0,0.0017592559047966535
19.475,1.7512931613121618e+18,0.9253070557352665,-4.543631706879191,0.001773547876558807,-0.002015182152321438,-2.2029185987868356,0.0016577667874922368,0.00018455385721832592,3.2081701696780174e-36,0.0,0.0,0.001773547876558807
19.5,1.7512931613371617e+18,0.9252861893439626,-4.543660188838796,0.001767932107812409,-0.008047064540240829,-2.2028833674816504,0.0015589283873330426,2.442861752735519e-05,-1.9968754582767022e-36,0.0,0.0,0.001767932107812409
19.525000000000002,1.7512931613621617e+18,0.9229904270601303,-4.541499342487239,0.00174168362473484,-0.01210994663142139,-2.2029923179562094,0.0013225780780375326,-0.0004200138713527757,-4.667633333044021e-36,0.0,0.0,0.00174168362473484
19.55,1.7512931613871616e+18,0.9233067694227882,-4.541783387372545,0.001703116308253193,-0.012809824793770653,-2.203342139157025,0.001019575390488339,-0.0010231911465368067,-4.902038992746061e-36,0.0,0.0,0.001703116308253193
19.575000000000003,1.7512931614121618e+18,0.9227160575736982,-4.541932910931895,0.001661834234738497,-0.00933511104126837,-2.203286431777041,0.0007344513496964745,-0.00165791580534954,-3.521776463137449e-36,0.0,0.0,0.001661834234738497
19.6,1.7512931614371617e+18,0.922714578769692,-4.541934939618129,0.001622116849994822,-0.002022546754690031,-2.2032150266179857,0.0005364896779393322,-0.0022125423258818715,-1.5502515955552912e-36,0.0,0.0,0.001622116849994822
19.625,1.7512931614621617e+18,0.9228672676089898,-4.542224819009243,0.0015809341177721154,0.007342585800545467,-2.2043422573801417,0.0004594036427009678,-0.0025917171677350094,1.806164343791422e-37,0.0,0.0,0.0015809341177721154
19.650000000000002,1.7512931614871619e+18,0.9248320100345298,-4.544164958002764,0.0015313605130323335,0.01581574227418616,-2.203648013903419,0.000494666058789633,-0.0027135209538744084,1.2194829972382566e-36,0.0,0.0,0.0015313605130323335
19.675,1.7512931615121618e+18,0.9248231797780674,-4.544176981905439,0.001469272043804455,0.020199234068422448,-2.2035960662258676,0.0005979659636119766,-0.00251586159707498,1.4965484450436435e-36,0.0,0.0,0.001469272043804455
19.700000000000003,1.7512931615371617e+18,0.9246854382713829,-4.544172601196454,0.0013992644807801387,0.018242528348171846,-2.203155329854877,0.0007065733727994625,-0.001975630662147504,1.2051967413134246e-36,0.0,0.0,0.0013992644807801387
19.725,1.7512931615621617e+18,0.924679603340056,-4.544180564516409,0.001335866029476717,0.009631405543293052,-2.203106335916235,0.0007633736527383198,-0.001131688630564285,6.4503630576945676e-37,0.0,0.0,0.001335866029476717
19.75,1.7512931615871616e+18,0.9247387698456059,-4.543544096484181,0.0012985521186323818,-0.0036725263015599985,-2.2034774867039695,0.0007387930661583056,-9.536482695329568e-05,8.946238836909672e-38,0.0,0.0,0.0012985521186323818
19.775000000000002,1.7512931616121618e+18,0.9247417193192334,-4.543540080309072,0.0013026878548136143,-0.017930702512161643,-2.2034747718265466,0.0006403485589251927,0.0009649432282378705,-2.8996742312982055e-37,0.0,0.0,0.0013026878548136143
19.8,1.7512931616371617e+18,0.9207942687696014,-4.5411738247872595,0.0013512787740712544,-0.028836370122213913,-2.2047062747265898,0.0005058384260062125,0.0018661673246793417,-4.396281873375755e-37,0.0,0.0,0.0013512787740712544
19.825000000000003,1.7512931616621617e+18,0.9207982765401159,-4.541168364028177,0.001432397175177971,-0.03302051593506405,-2.2046959070285106,0.0003851932249960861,0.0024659080986321655,-3.972371399337852e-37,0.0,0.0,0.001432397175177971
19.85,1.7512931616871619e+18,0.9207910069963766,-4.539746394525384,0.0015241003267864044,-0.029280083100522422,-2.2051462263628165,0.0003199592486607747,0.0027073378026322963,-2.4654606478451277e-37,0.0,0.0,0.0015241003267864044
19.875,1.7512931617121618e+18,0.9207862529968985,-4.539752863398077,0.001604369637171006,-0.01899796603872535,-2.205143591582326,0.000327892891232229,0.0026325899335346756,-7.431865987863609e-38,0.0,0.0,0.001604369637171006
19.900000000000002,1.7512931617371617e+18,0.9236247726935983,-4.544208017110692,0.0016606883304860604,-0.00551968231368219,-2.2050188650312124,0.00039713827533053274,0.002357039638733664,5.783074342817676e-38,0.0,0.0,0.0016606883304860604
19.925,1.7512931617621617e+18,0.9236131967851916,-4.544223747572318,0.0016941071519055786,0.007269037468413557,-2.204988917510605,0.0004914175415862424,0.002014960007903015,1.2341370484901073e-37,0.0,0.0,0.0016941071519055786
19.950000000000003,1.7512931617871616e+18,0.9239684258006953,-4.5423345242555895,0.0017159074238236578,0.01648454695605617,-2.204850011887235,0.0005643234612486999,0.0017005770154772779,1.264270654938402e-37,0.0,0.0,0.0017159074238236578
19.975,1.7512931618121618e+18,0.9227648106646827,-4.54291469912727,0.0017392436494320413,0.021137338913818547,-2.204738347984651,0.0005778511506022669,0.001430768094393036,8.891057019823786e-38,0.0,0.0,0.0017392436494320413
20.0,1.7512931618371617e+18,0.9210842583903478,-4.543428950566515,0.001770810464755657,0.021980912189164495,-2.20505120383888,0.0005185731418720062,0.0011456570017022234,3.744785750806543e-38,0.0,0.0,0.001770810464755657
20.025000000000002,1.7512931618621617e+18,0.9210829972851562,-4.543430673437175,0.0018071142865172351,0.02055302840843419,-2.204987424060332,0.0004046789512576078,0.0007462975996209445,-6.791788924159072e-39,0.0,0.0,0.0018071142865172351
20.05,1.7512931618871619e+18,0.924541155266436,-4.546063088392416,0.0018368110700171985,0.01809969357951547,-2.2050109079892772,0.0002795840020710287,0.00015267259032400687,-3.266607736500562e-38,0.0,0.0,0.0018368110700171985
20.075000000000003,1.7512931619121618e+18,0.9245331023567495,-4.5460740396605495,0.0018469108443172212,0.015042844329696074,-2.2050154554783683,0.00019398277651953478,-0.0006427560563778819,-3.885163199821845e-38,0.0,0.0,0.0018469108443172212
20.1,1.7512931619371617e+18,0.9235715716308741,-4.542841558582853,0.0018288054336841459,0.01119270938877659,-2.2047815570577045,0.00018532591198495657,-0.0015481942813163842,-3.0650548155469863e-38,0.0,0.0,0.0018288054336841459
20.125,1.7512931619621617e+18,0.9247714737101979,-4.544878081105335,0.0017811080431725872,0.006388665123046094,-2.205021504512836,0.0002656871828147523,-0.0023838279709879574,-1.5903785988362023e-38,0.0,0.0,0.0017811080431725872
20.150000000000002,1.7512931619871616e+18,0.9247767771439204,-4.544870879035037,0.0017092076474406212,0.0010368679646155649,-2.205070856045742,0.0004231162485869273,-0.002928746048395515,-1.6137336717411543e-39,0.0,0.0,0.0017092076474406212
20.175,1.7512931620121618e+18,0.9247803406906945,-4.544866039733612,0.0016236574739334007,-0.0038331686617950594,-2.205104016919404,0.0006323634775918391,-0.0029887681224824874,7.931339867813535e-39,0.0,0.0,0.0016236574739334007
20.200000000000003,1.7512931620371617e+18,0.9217853450092512,-4.542902729625533,0.0015390373142027786,-0.007022613050903925,-2.2051984293549194,0.0008658524654351007,-0.002463563921261266,1.1497685251284301e-38,0.0,0.0,0.0015390373142027786
20.225,1.7512931620621617e+18,0.9226972508018579,-4.541709424692257,0.0014726930200208075,-0.007835692977741462,-2.2051859145582595,0.0010985378756139042,-0.001391114044915319,1.0168980457832664e-38,0.0,0.0,0.0014726930200208075
20.25,1.7512931620871619e+18,0.9226884009240519,-4.541721453138319,0.0014416972178935951,-0.006537241697570745,-2.2051066466276614,0.001307545574197265,4.642101440337188e-05,6.157311377618968e-39,0.0,0.0,0.0014416972178935951
20.275000000000002,1.7512931621121618e+18,0.9257665957422292,-4.546169457180369,0.0014577805843560066,-0.0042695907108835215,-2.204378539180647,0.0014721133730001377,0.0015603460240669028,1.6989668766711474e-39,0.0,0.0,0.0014577805843560066
20.3,1.7512931621371617e+18,0.9257528166557658,-4.546188187370587,0.0015222151970027862,-0.002428885384252266,-2.2043441219372255,0.0015769659150540057,0.00282809607184219,-1.651781602581161e-39,0.0,0.0,0.0015222151970027862
20.325000000000003,1.7512931621621617e+18,0.9232659710450901,-4.54073760684542,0.001623515653776393,-0.0018753733750359652,-2.2044660044037205,0.0016159896984012843,0.00358042264205133,-3.256862754326868e-39,0.0,0.0,0.001623515653776393
20.35,1.7512931621871616e+18,0.9232521332413287,-4.540756447102196,0.001739777115296566,-0.0024960100271788107,-2.20449548077716,0.0015906634610747625,0.0036762673389632615,-3.2568874571986026e-39,0.0,0.0,0.001739777115296566
20.375,1.7512931622121618e+18,0.9242045518625767,-4.542450150092018,0.0018452701610422626,-0.0033947235911585146,-2.20428989326714,0.0015028946310414284,0.0031408653376182455,-2.2413229771151673e-39,0.0,0.0,0.0018452701610422626
20.400000000000002,1.7512931622371617e+18,0.9241822871398757,-4.54248045127953,0.001918775870759386,-0.003533328361110437,-2.204217373163913,0.0013495759161342847,0.00215381102127365,-8.998345850445653e-40,0.0,0.0,0.001918775870759386
20.425,1.7512931622621617e+18,0.9236014359027906,-4.543023223949854,0.0019502074072103091,-0.0023562815645532006,-2.2042780569154603,0.0011269766406524812,0.000990356677156564,2.2956840610469323e-40,0.0,0.0,0.0019502074072103091
20.450000000000003,1.7512931622871619e+18,0.923592115531924,-4.543035928831173,0.0019427928172271111,-1.7399538925030268e-05,-2.204303506235396,0.0008440003911793178,-6.486009167753703e-05,8.726002400530198e-40,0.0,0.0,0.0019427928172271111
20.475,1.7512931623121618e+18,0.924927792282546,-4.542359980282667,0.001910038039586539,0.0028344198475334457,-2.203773248062983,0.0005331237333118691,-0.0008031709769031721,1.0073725406590086e-39,0.0,0.0,0.001910038039586539
20.5,1.7512931623371617e+18,0.9249294261717442,-4.542357766154564,0.00186902161963037,0.005466256902005615,-2.2037228988391604,0.00024814796327886536,-0.0011486153956883388,7.78523896232622e-40,0.0,0.0,0.00186902161963037
20.525000000000002,1.7512931623621617e+18,0.9240670220626097,-4.543426492987062,0.001833313533398312,0.007384379342034873,-2.203751787317051,4.8476531405049625e-05,-0.001168669213783281,3.909589853851836e-40,0.0,0.0,0.001833313533398312
20.55,1.7512931623871616e+18,0.9240813563934589,-4.543406971451476,0.0018088007322112569,0.008431714381761511,-2.2037721680325815,-2.1156254128526045e-05,-0.001037225129622103,2.382070436025239e-41,0.0,0.0,0.0018088007322112569
20.575000000000003,1.7512931624121618e+18,0.9262028858856767,-4.544592622957197,0.0017936521392225187,0.008680189110137845,-2.203009915132925,5.412133572619822e-05,-0.0009633590302045505,-2.159098281592381e-40,0.0,0.0,0.0017936521392225187
20.6,1.7512931624371617e+18,0.9239970875708634,-4.541735673586827,0.001781088712503853,0.00822109023772673,-2.202558076777336,0.0002545392889093835,-0.0011094638697596157,-3.002704755840356e-40,0.0,0.0,0.001781088712503853
20.625,1.7512931624621617e+18,0.9239959644165897,-4.5417372130168685,0.0017626245004432634,0.006985764558079116,-2.2025389346762347,0.0005322041570963144,-0.001524793442581298,-2.6001678003594573e-40,0.0,0.0,0.0017626245004432634
20.650000000000002,1.7512931624871619e+18,0.9266357962290329,-4.543279104573698,0.0017304906361225207,0.00472426353585164,-2.201750130721094,0.0008259871677909644,-0.0021155745026994115,-1.5346687872777071e-40,0.0,0.0,0.0017304906361225207
20.675,1.7512931625121618e+18,0.9266236557911932,-4.543295694439521,0.0016796213326812422,0.0011965561463261904,-2.2017466049933274,0.0010790524442565624,-0.0026625126999381635,-3.8193757767587653e-41,0.0,0.0,0.0016796213326812422
20.700000000000003,1.7512931625371617e+18,0.9250125666397803,-4.543612453538281,0.0016101333595920158,-0.0035159531946577153,-2.2010704449700556,0.0012527817764836884,-0.0028832626415715447,4.665379998541053e-41,0.0,0.0,0.0016101333595920158
20.725,1.7512931625621617e+18,0.925012236487534,-4.543612911014524,0.0015300929411472641,-0.008796836909712814,-2.201037344866228,0.001333117206813869,-0.0025240280924296705,8.579230318510805e-41,0.0,0.0,0.0015300929411472641
20.75,1.7512931625871616e+18,0.9223321201671473,-4.540985681388046,0.001456645699480822,-0.013575825252866778,-2.2014069311606272,0.0013292634662093847,-0.0014540408750489935,8.380453645186172e-41,0.0,0.0,0.001456645699480822
20.775000000000002,1.7512931626121618e+18,0.9223221860932628,-4.54099929954442,0.0014133225972270931,-0.016704557414228143,-2.201398168756345,0.001267480939744895,0.00026740618558056126,5.64144194066674e-41,0.0,0.0,0.0014133225972270931
20.8,1.7512931626371617e+18,0.923938297980405,-4.543740608872286,0.0014232847835963462,-0.017389524217409684,-2.2018446189509286,0.0011823844678477444,0.002376826349633735,2.1492183053285898e-41,0.0,0.0,0.0014232847835963462
20.825000000000003,1.7512931626621617e+18,0.923938590026685,-4.5437402142176415,0.0015008136563487342,-0.015389450332264673,-2.2018198002156386,0.001106627176925674,0.00445666349309903,-7.306278383983495e-42,0.0,0.0,0.0015008136563487342
20.85,1.7512931626871619e+18,0.9234037513132707,-4.541498759641711,0.0016444980003653621,-0.010891820520276136,-2.2019731656781087,0.0010603928697422021,0.006040873087841547,-2.3249899208315013e-41,0.0,0.0,0.0016444980003653621
20.875,1.7512931627121618e+18,0.9233986673031697,-4.54150572064654,0.001835009507438921,-0.0042634698008464245,-2.2019560708644814,0.0010444416305791348,0.00674723299600304,-2.6088138364295777e-41,0.0,0.0,0.001835009507438921
20.900000000000002,1.7512931627371617e+18,0.9237728157071801,-4.54165814111364,0.002038801471738955,0.004046653151888943,-2.2020789926013737,0.001041022340976561,0.006395379738566441,-1.974905919070027e-41,0.0,0.0,0.002038801471738955
20.925,1.7512931627621617e+18,0.923777077956087,-4.541652318455213,0.0022170058194089697,0.013356018292726484,-2.2020205532677424,0.0010237978283603904,0.005070509642691584,-9.57982035379525e-42,0.0,0.0,0.0022170058194089697
20.950000000000003,1.7512931627871616e+18,0.9236890487811166,-4.544144534019112,0.0023367864260676924,0.022519357978242494,-2.201898979542321,0.0009728140795285847,0.00310798857328612,-1.5811749722189396e-43,0.0,0.0,0.0023367864260676924
20.975,1.7512931628121618e+18,0.9267830429707181,-4.5457048602216155,0.0023813332529156964,0.029901349331888892,-2.2017269727350595,0.0008869734142117645,0.0009994877374732672,5.852664440990254e-42,0.0,0.0,0.0023813332529156964
21.0,1.7512931628371617e+18,0.9251707253972111,-4.544520033448776,0.0023550321734384736,0.03369266077997588,-2.201613411641998,0.0007868576348140748,-0.0007518434035573309,7.830910140509517e-42,0.0,0.0,0.0023550321734384736
21.025000000000002,1.7512931628621617e+18,0.9251415668262774,-4.544559941905295,0.0022817970661564734,0.03247130606842035,-2.201574910294293,0.0007055339908421587,-0.001781038356425012,6.640746546584308e-42,0.0,0.0,0.0022817970661564734
21.05,1.7512931628871619e+18,0.9265567333032116,-4.546662141697889,0.002196665945774749,0.02577317877163822,-2.201678783358428,0.0006723037286923805,-0.001966627327168968,3.816930674551871e-42,0.0,0.0,0.002196665945774749
21.075000000000003,1.7512931629121618e+18,0.9275815328764996,-4.546207842080434,0.0021332401542037594,0.014445412656124675,-2.2014431535701133,0.0006994915433177617,-0.0014566955508189107,8.399770387793933e-43,0.0,0.0,0.0021332401542037594
21.1,1.7512931629371617e+18,0.9275913650621109,-4.546194403450943,0.002111598232128462,0.0006288616311446536,-2.201397046084932,0.0007801834346432131,-0.0006076158059477638,-1.3055831554391063e-42,0.0,0.0,0.002111598232128462
21.125,1.7512931629621617e+18,0.9240760877211859,-4.5428205572376115,0.002131648132933414,-0.012695029382730445,-2.2021368209028895,0.000895758025487334,0.0001428952471840033,-2.2560483826397457e-42,0.0,0.0,0.002131648132933414
21.150000000000002,1.7512931629871616e+18,0.9240626121337768,-4.542839020997818,0.0021747652292329793,-0.0225223902932714,-2.2021836263106094,0.001024313404813519,0.00042501378850260036,-2.1539514994233944e-42,0.0,0.0,0.0021747652292329793
21.175,1.7512931630121618e+18,0.9243661370919912,-4.543408936497757,0.002212762515155714,-0.02675900852159368,-2.2018526566647134,0.0011428579553084274,5.890515653131008e-05,-1.4176941345997495e-42,0.0,0.0,0.002212762515155714
21.200000000000003,1.7512931630371617e+18,0.9243621952671256,-4.543414337898311,0.002219783617527355,-0.024893087637166404,-2.201791802270623,0.0012253602199463404,-0.0008886460239717964,-5.097625515081412e-43,0.0,0.0,0.002219783617527355
21.225,1.7512931630621617e+18,0.9244471727554425,-4.543391315874323,0.002181717527695043,-0.01810406181484118,-2.2017244108921687,0.0012445137023211364,-0.002128182319614299,2.2367787459130062e-43,0.0,0.0,0.002181717527695043
21.25,1.7512931630871619e+18,0.9244211616869631,-4.543426922538124,0.0020998723765614517,-0.008768781511908592,-2.2017231003759985,0.001180776143369582,-0.0032409256399855697,6.180056502241736e-43,0.0,0.0,0.0020998723765614517
21.275000000000002,1.7512931631121618e+18,0.9244614908262971,-4.543037182472905,0.0019891876294096263,0.00038075681772195894,-2.2017367971881274,0.0010336164668968075,-0.003810051065069638,6.748022953393605e-43,0.0,0.0,0.0019891876294096263
21.3,1.7512931631371617e+18,0.9244768018252203,-4.543016239024292,0.0018733535757536808,0.007079007482843754,-2.201724613291736,0.000826757170189126,-0.0035496635125083003,5.003192659424149e-43,0.0,0.0,0.0018733535757536808
21.325000000000003,1.7512931631621617e+18,0.9265414236876258,-4.544280002189161,0.0017788756527075801,0.010065676570198424,-2.20031901866422,0.0006033246112802293,-0.002394948325572039,2.3390484829181166e-43,0.0,0.0,0.0017788756527075801
21.35,1.7512931631871616e+18,0.9248926024638637,-4.541073597574548,0.0017290765717620643,0.009269608591137395,-2.2004937087864507,0.0004128749045297316,-0.0005300467373072208,-7.603352747216946e-45,0.0,0.0,0.0017290765717620643
21.375,1.7512931632121618e+18,0.9253758507707692,-4.54514260521154,0.0017388061742460777,0.0056863575076240465,-2.200246413485654,0.0002962193575879378,0.0016521732850169205,-1.5804404212123141e-43,0.0,0.0,0.0017388061742460777
21.400000000000002,1.7512931632371617e+18,0.9253640887391845,-4.545158753369286,0.0018107714509561742,0.0010195622623828471,-2.200174474103472,0.0002747032832851268,0.003646861628800322,-2.0395156165977077e-43,0.0,0.0,0.0018107714509561742
21.425,1.7512931632621617e+18,0.9247566326853629,-4.543330675197568,0.0019341413124069344,-0.0028548383633914967,-2.200459864814548,0.0003477501580899565,0.004965251674229107,-1.6940176059848988e-43,0.0,0.0,0.0019341413124069344
21.450000000000003,1.7512931632871619e+18,0.9236489390912057,-4.542167183264446,0.0020857141990684967,-0.00450955001578485,-2.200850970058152,0.0004979493035925485,0.0052614027999951405,-9.471699584733202e-44,0.0,0.0,0.0020857141990684967
21.475,1.7512931633121618e+18,0.923640275938209,-4.542179077674644,0.002233826785888594,-0.003490272092451266,-2.2008222953190657,0.0006999241119965117,0.00442496638535691,-1.792588642787963e-44,0.0,0.0,0.002233826785888594
21.5,1.7512931633371617e+18,0.9253196788346449,-4.544152242152524,0.0023449412724420022,-0.0005015968966995001,-2.200640446146432,0.0009283694142733121,0.002615023511307051,3.6252573476230734e-44,0.0,0.0,0.0023449412724420022
21.525000000000002,1.7512931633621617e+18,0.9253173689425692,-4.544155417806999,0.002391956492841706,0.0029038661574974046,-2.200611010662112,0.0011617007149654632,0.00022439108316471798,5.922891494629639e-44,0.0,0.0,0.002391956492841706
21.55,1.7512931633871616e+18,0.9260008991320977,-4.544560808207704,0.002361978221913167,0.005051756328656849,-2.2002215428505263,0.0013811768721940796,-0.0022180214504840226,5.529785966508931e-44,0.0,0.0,0.002361978221913167
21.575000000000003,1.7512931634121618e+18,0.9259986995957589,-4.544563836062406,0.002260618509842304,0.004943420668009805,-2.2002048453709353,0.0015689017594838588,-0.004181708043760371,3.5567253380159946e-44,0.0,0.0,0.002260618509842304
21.6,1.7512931634371617e+18,0.9241680261419528,-4.543635408157955,0.0021108084859943962,0.002692539939634706,-2.200468991482494,0.0017079190330348375,-0.005269237672192188,1.1992161713582819e-44,0.0,0.0,0.0021108084859943962
21.625,1.7512931634621617e+18,0.9241681855759198,-4.543635199500084,0.0019463275749469608,-0.0006368439062065934,-2.2004496629892767,0.0017842288897034005,-0.005313055218708775,-6.66417349797718e-45,0.0,0.0,0.0019463275749469608
21.650000000000002,1.7512931634871619e+18,0.9246788785793746,-4.541751819168438,0.0018023766027801674,-0.003658406909546643,-2.2008048501015103,0.0017883409186971889,-0.004406650085998225,-1.6390702205526403e-44,0.0,0.0,0.0018023766027801674
21.675,1.7512931635121618e+18,0.9246667543934917,-4.5417684623880765,0.0017063114904122367,-0.005343398363310183,-2.2007968175835835,0.0017153216146233335,-0.0028618601596065605,-1.7434017589153317e-44,0.0,0.0,0.0017063114904122367
21.700000000000003,1.7512931635371617e+18,0.9253591106930066,-4.545687375241303,0.0016710575808856485,-0.005351419131698865,-2.200458820425877,0.001565175989433727,-0.0011069957813992224,-1.2657794858587936e-44,0.0,0.0,0.0016710575808856485
21.725,1.7512931635621617e+18,0.9253580730280586,-4.54568880950835,0.001692595265051714,-0.0039012061834826006,-2.2004707740443723,0.0013458601416086015,0.00044075467355054175,-5.688671988764349e-45,0.0,0.0,0.001692595265051714
21.75,1.7512931635871616e+18,0.9246900925396663,-4.542173291500884,0.0017519975334154175,-0.0014100586832190751,-2.200506634130364,0.001078190732092597,0.0014872190565397485,4.948346059272983e-46,0.0,0.0,0.0017519975334154175
21.775000000000002,1.7512931636121618e+18,0.9246830738152255,-4.542182928724668,0.0018218135974725558,0.0017442949396670336,-2.200481065906361,0.0007987789575047899,0.0019222837746344058,4.253077124294644e-45,0.0,0.0,0.0018218135974725558
21.8,1.7512931636371617e+18,0.924042432988878,-4.544133077950155,0.00187550466490101,0.005162835209462476,-2.2013077556997036,0.0005571999986453278,0.0018139825516709787,5.304845644559356e-45,0.0,0.0,0.00187550466490101
21.825000000000003,1.7512931636621617e+18,0.9240299181214581,-4.544150255678872,0.0018969506334493484,0.008201085763108245,-2.201272876515585,0.0004062798803345941,0.0013449756219354567,4.316154974648211e-45,0.0,0.0,0.0018969506334493484
21.85,1.7512931636871619e+18,0.9258953047203832,-4.544606575085375,0.001885946825590517,0.009892544757902279,-2.2017180751208074,0.0003869209315860011,0.000722990178622889,2.344685445929697e-45,0.0,0.0,0.001885946825590517
21.875,1.7512931637121618e+18,0.9258794064488799,-4.544628356702347,0.0018567071354970055,0.009223911812265622,-2.201711095023252,0.000510361683141273,0.00010635540546137747,3.661278080106804e-46,0.0,0.0,0.0018567071354970055
21.900000000000002,1.7512931637371617e+18,0.9258363365440065,-4.544730414746458,0.0018297189349266744,0.005668859826216287,-2.2010168247719855,0.0007426240478305191,-0.0004225169541425158,-9.999502997554507e-46,0.0,0.0,0.0018297189349266744
21.925,1.7512931637621617e+18,0.9258411537744657,-4.5447238311909235,0.0018209817924294892,-0.00035479530283781557,-2.2009700014646305,0.0009989345228800202,-0.0008268439422533186,-1.5525110483812976e-45,0.0,0.0,0.0018209817924294892
21.950000000000003,1.7512931637871616e+18,0.9233819896102451,-4.544048938884429,0.0018343961370117664,-0.007433911795118553,-2.200920114530895,0.001157589833911378,-0.0010495359933953348,-1.41802534968987e-45,0.0,0.0,0.0018343961370117664
21.975,1.7512931638121618e+18,0.9233884323652443,-4.544040120400086,0.0018616100728232124,-0.013605963050702273,-2.2008968237714646,0.0010987276954075745,-0.0009550251418778814,-8.907547629539252e-46,0.0,0.0,0.0018616100728232124
22.0,1.7512931638371617e+18,0.9241847293909358,-4.543179670377558,0.0018895941270792903,-0.01710322976358904,-2.2009626069875647,0.0007625220410171072,-0.0003247602039833397,-2.7937028190872316e-46,0.0,0.0,0.0018895941270792903
22.025000000000002,1.7512931638621617e+18,0.9241775037317497,-4.543189582901959,0.0019118531001927795,-0.01704173056823311,-2.2009400056655264,0.00020794466799388216,0.0010691808694880205,1.945911359232358e-46,0.0,0.0,0.0019118531001927795
22.05,1.7512931638871619e+18,0.9224402556684148,-4.541793139072577,0.0019370057227028653,-0.013749177810748827,-2.2025047298696374,-0.00035605610803740486,0.003326685700922169,4.338064599023559e-46,0.0,0.0,0.0019370057227028653
22.075000000000003,1.7512931639121618e+18,0.9237960971148422,-4.542924944200423,0.0019895982618614323,-0.008610303480841432,-2.2027550105748843,-0.0005962476754100262,0.006273048057729685,4.49895418811008e-46,0.0,0.0,0.0019895982618614323
22.1,1.7512931639371617e+18,0.9242665201344328,-4.544176436893958,0.002101687452855843,-0.00351675334827488,-2.202657447979308,-0.00015662035851216177,0.009380769746416174,3.197867253871396e-46,0.0,0.0,0.002101687452855843
22.125,1.7512931639621617e+18,0.9242646321366967,-4.5441790200630425,0.0022979907672098596,-0.00016237860290675503,-2.2026301851162633,0.0011712882340955278,0.011828402407153054,1.3774429633854326e-46,0.0,0.0,0.0022979907672098596
22.150000000000002,1.7512931639871616e+18,0.9234101734966045,-4.54233080868835,0.0025805796337636257,0.0005246156083261123,-2.2026382206127675,0.0032553932152739736,0.012721589390697919,-2.0393175549841216e-47,0.0,0.0,0.0025805796337636257
22.175,1.7512931640121618e+18,0.92418139456697,-4.5415967995360615,0.0029204809082636605,-0.0014043519882709246,-2.202747082140262,0.005490324264220011,0.011434215124661624,-1.1409377927292532e-46,0.0,0.0,0.0029204809082636605
22.200000000000003,1.7512931640371617e+18,0.9241666310625033,-4.54161697258446,0.003262450504476384,-0.00510302791770558,-2.2026752685653435,0.0068208211754336836,0.007958934694246012,-1.3780445213405011e-46,0.0,0.0,0.003262450504476384
22.225,1.7512931640621617e+18,0.9241832500185359,-4.540605233242081,0.003543989932321658,-0.009370638660369643,-2.202691845161446,0.005991904045526566,0.0031133026085982053,-1.0983619147770965e-46,0.0,0.0,0.003543989932321658
22.25,1.7512931640871619e+18,0.9241573091204297,-4.540640669154896,0.0037202376926442986,-0.013099276140988545,-2.202654949729985,0.0020289499521732863,-0.0015468581483993461,-5.788987781544517e-47,0.0,0.0,0.0037202376926442986
22.275000000000002,1.7512931641121618e+18,0.9222157540184568,-4.540086238914102,0.0037786049934179344,-0.015512431057551165,-2.2028817813761967,-0.005160125664836,-0.004190179534252889,-6.96989790419498e-48,0.0,0.0,0.0037786049934179344
22.3,1.7512931641371617e+18,0.922222133840837,-4.540077551595641,0.003731647236091198,-0.016116373346351548,-2.202947665815594,-0.014310164870062226,-0.0035128134909667695,2.742253965612961e-47,0.0,0.0,0.003731647236091198
22.325000000000003,1.7512931641621617e+18,0.9229129260200847,-4.542909530713043,0.0035956850399266227,-0.014444518750185485,-2.2021707462961486,-0.022790033549097213,0.000302661554881934,4.063292572539389e-47,0.0,0.0,0.0035956850399266227
22.35,1.7512931641871616e+18,0.9229188539459443,-4.542901457684731,0.0033774047740279,-0.009796593018946937,-2.2013531556028365,-0.02727709287320631,0.004792132645468186,3.632127268429291e-47,0.0,0.0,0.0033774047740279
22.375,1.7512931642121618e+18,0.9229796851280115,-4.5422956425524035,0.00307657082643437,-0.0012284613636667488,-2.2018983175093494,-0.02497297938398421,0.0049617316025728645,2.226722853825444e-47,0.0,0.0,0.00307657082643437
22.400000000000002,1.7512931642371617e+18,0.9236132571966845,-4.5422288349895,0.0026753678415630455,0.01202113777227077,-2.203566664166214,-0.014876356082688313,-0.00609747654303002,6.43120300898945e-48,0.0,0.0,0.0026753678415630455
22.425,1.7512931642621617e+18,0.9235971485426483,-4.542250619041239,0.002068384786392768,0.029721386880914392,-2.2042008449471284,0.0014430930592408192,-0.035644346060091606,-5.594276875295212e-48,0.0,0.0,0.002068384786392768
22.450000000000003,1.7512931642871619e+18,0.9214748181064056,-4.544076217108528,0.0009328774066256016,0.049860944782545054,-2.2021425829162107,0.019965670795005573,-0.08904099857193941,-1.1458827089008114e-47,0.0,0.0,0.0009328774066256016
22.475,1.7512931643121618e+18,0.9214501595534411,-4.54410998169047,-0.0013735166034786548,0.0685269497329579,-2.2024621984112436,0.035345967662765286,-0.16746054310343253,-1.159640260616797e-47,0.0,0.0,-0.0013735166034786548
22.5,1.7512931643371617e+18,0.9301408864984467,-4.554804564592803,-0.00575597726156361,0.08095685905025242,-2.2016518537328498,0.04271118023189136,-0.266386477792668,-8.06739953149656e-48,0.0,0.0,-0.00575597726156361
22.525000000000002,1.7512931643621617e+18,0.9302046343862358,-4.5547179431448725,-0.013105937288862902,0.08362062946051908,-2.2017701953771085,0.03937261217689163,-0.3756232943051639,-3.318842606101748e-48,0.0,0.0,-0.013105937288862902
22.55,1.7512931643871616e+18,0.933092688218813,-4.559233229509975,-0.023900843221374802,0.07631194869835965,-2.195982592891009,0.025642727746762153,-0.48107076093234374,7.20652868106842e-49,0.0,0.0,-0.023900843221374802
22.575000000000003,1.7512931644121618e+18,0.9330978048448938,-4.559226285953619,-0.037895643864594215,0.06274526368473288,-2.194503542376933,0.004417781600803136,-0.567848552326642,3.0518805168019207e-48,0.0,0.0,-0.037895643864594215
22.6,1.7512931644371617e+18,0.9286128023335076,-4.547668001286367,-0.05409784335058255,0.0486299417040351,-2.1959293582983523,-0.02014391730896092,-0.6237817335620713,3.575284938044559e-48,0.0,0.0,-0.05409784335058255
22.625,1.7512931644621617e+18,0.9288480350578157,-4.547340696476652,-0.07106143793211547,0.03763531114730783,-2.1958132782179454,-0.04406766833959041,-0.6420589379920619,2.7915986994381223e-48,0.0,0.0,-0.07106143793211547
22.650000000000002,1.7512931644871619e+18,0.929748163264687,-4.546207120692495,-0.08735571415682566,0.027345967938449334,-2.1997416475691134,-0.0643498217445798,-0.6221792515362595,1.4252387396266367e-48,0.0,0.0,-0.08735571415682566
22.675,1.7512931645121618e+18,0.9301489796248913,-4.5456488773196195,-0.10197340909414489,0.008105943976487921,-2.200678793744126,-0.07874293147263714,-0.5689882538879469,1.1626420199439171e-49,0.0,0.0,-0.10197340909414489
22.700000000000003,1.7512931645371617e+18,0.9300695698055688,-4.53705786427278,-0.11448140635477166,-0.03319217242326285,-2.2073740644419395,-0.08485216786850004,-0.4903497730243903,-7.482288937467958e-49,0.0,0.0,-0.11448140635477166
22.725,1.7512931645621617e+18,0.9308300605624376,-4.53601380304377,-0.1248644035894887,-0.10460868318381193,-2.208906293813158,-0.0793540901101231,-0.3944600367629105,-1.0619104659030054e-48,0.0,0.0,-0.1248644035894887
22.75,1.7512931645871616e+18,0.9244587063819922,-4.542193912349854,-0.13319016383497834,-0.19895288940103883,-2.21343011653179,-0.058127946537373826,-0.28779521735850816,-9.292583497077609e-49,0.0,0.0,-0.13319016383497834
22.775000000000002,1.7512931646121618e+18,0.9238821192321756,-4.5429945331701305,-0.13931715095633174,-0.2869425768485995,-2.2141640772021467,-0.017489807569911947,-0.1742565084844974,-5.555578884823676e-49,0.0,0.0,-0.13931715095633174
22.8,1.7512931646371617e+18,0.9375778077991748,-4.524520784135919,-0.14280931866940763,-0.3191932999217146,-2.2256347130719747,0.04408464484674545,-0.05550772986011548,-1.4586607002138775e-49,0.0,0.0,-0.14280931866940763
22.825000000000003,1.7512931646621617e+18,0.9383413281924353,-4.523506946725139,-0.1430802821671496,-0.24066863126917126,-2.227530042192405,0.12478665319001593,0.06790328792692346,1.5884657674412831e-49,0.0,0.0,-0.1430802821671496
22.85,1.7512931646871619e+18,0.9517950801451716,-4.508834573635099,-0.13966881235357492,-0.01706628142452899,-2.230229762138131,0.2196037833990506,0.1951205711670604,3.021176977292599e-49,0.0,0.0,-0.13966881235357492
22.875,1.7512931647121618e+18,0.9528957079128394,-4.507415529937217,-0.13249835325916112,0.33325751304863277,-2.2318257554361782,0.32172523446447326,0.3235389505869595,2.985629333957849e-49,0.0,0.0,-0.13249835325916112
22.900000000000002,1.7512931647371617e+18,0.9514309173845104,-4.50818392820174,-0.12198861504558364,0.7141543075201092,-2.2285441385688904,0.42448878160097536,0.4474086486223484,2.032142012968473e-49,0.0,0.0,-0.12198861504558364
22.925,1.7512931647621617e+18,0.9518728416346984,-4.507637501540546,-0.10896276335287582,0.9488989810016499,-2.2265826453550788,0.5229621134121718,0.5565465693646473,7.951601774911196e-50,0.0,0.0,-0.10896276335287582
22.950000000000003,1.7512931647871616e+18,0.9640531143305908,-4.47929466872317,-0.09441983308575438,0.8126923371063947,-2.2122987348709615,0.6146297086508937,0.6355163728222526,-2.354773261563485e-50,0.0,0.0,-0.09441983308575438
22.975,1.7512931648121618e+18,0.9803430701087071,-4.46317494177113,-0.07934781675668418,0.10284406208455758,-2.1982959806097853,0.6992165493329899,0.6640686006068728,-8.141738536295403e-50,0.0,0.0,-0.07934781675668418
23.0,1.7512931648371617e+18,0.9848403039702425,-4.442061238523192,-0.06473264837086609,-1.2686041651228113,-2.175405192920583,0.7780384903778732,0.6198292028140802,-9.264575391772487e-50,0.0,0.0,-0.06473264837086609
23.025000000000002,1.7512931648621617e+18,0.9853023808829818,-4.441403193062638,-0.05176157858310552,-3.1943822811101494,-2.1612246789107976,0.8533187668336162,0.4838456284201267,-7.0861082523883295e-50,0.0,0.0,-0.05176157858310552
23.05,1.7512931648871619e+18,0.9726730944368688,-4.418468760900586,-0.04205046485358364,-5.348603403977709,-2.133724056894315,0.9277534171307052,0.2485488651838846,-3.4980793128353507e-50,0.0,0.0,-0.04205046485358364
23.075000000000003,1.7512931649121618e+18,0.7220906488037632,-2.7657127379129482,-0.03766745458570387,-7.2537554914377536,-2.1334149538047655,1.0043627960601333,-0.07374687099021356,-1.37004364525213e-51,0.0,0.0,-0.03766745458570387
23.1,1.7512931649371617e+18,0.7008289540659532,-2.7683600172142806,-0.04079583461854435,-8.43184889503613,-2.1012196231985616,1.0864311388373813,-0.44489792532737515,2.0323995766381647e-50,0.0,0.0,-0.04079583461854435
23.125,1.7512931649621617e+18,0.6587517239163201,-2.748259916338063,-0.053025395888969915,-8.582237134209201,-2.0526046841482133,1.1772196733048848,-0.8009257228387394,2.7713118738027666e-50,0.0,0.0,-0.053025395888969915
23.150000000000002,1.7512931649871616e+18,0.6389629705507702,-2.741713146189293,-0.074435687232474,-7.701042908937453,-2.028474583385867,1.2792087024017487,-1.0602695598870213,2.3746850203128457e-50,0.0,0.0,-0.074435687232474
23.175,1.7512931650121618e+18,0.6386306041376728,-2.742012103764306,-0.10278773114291898,-6.079578544993082,-2.000881904691976,1.3928640719862289,-1.140241195637212,1.3832368075583425e-50,0.0,0.0,-0.10278773114291898
23.200000000000003,1.7512931650371617e+18,0.6130297168610952,-2.7494873960238015,-0.13320558314510844,-4.182292869231816,-1.9411991744873127,1.5152390939119476,-0.9785966085886679,3.245807438721004e-51,0.0,0.0,-0.13320558314510844
23.225,1.7512931650621617e+18,0.5180330377943553,-2.680020700226394,-0.15864222085277105,-2.468139520532019,-1.8717871248870221,1.6389675361572593,-0.5545278077111203,-4.464845239229332e-51,0.0,0.0,-0.15864222085277105
23.25,1.7512931650871619e+18,0.5178210363686258,-2.6795655023516933,-0.17118640294527895,-1.241646162073776,-1.8343409527234071,1.7522572942845165,0.09770516296441811,-7.95142232374259e-51,0.0,0.0,-0.17118640294527895
23.275000000000002,1.7512931651121618e+18,0.5175690751469063,-2.679024504986963,-0.1639667815506643,-0.5912447112004361,-1.7898366138735895,1.8403447611428232,0.8881277641993666,-7.678059754459465e-51,0.0,0.0,-0.1639667815506643
23.3,1.7512931651371617e+18,0.4896042035880462,-2.670890419166032,-0.13315986483066813,-0.4195798060137564,-1.729655642650811,1.8885334491679038,1.6856742465809595,-5.110878889453689e-51,0.0,0.0,-0.13315986483066813
23.325000000000003,1.7512931651621617e+18,0.4428901772894776,-2.6613756272346314,-0.07948247727980487,-0.5298586690216407,-1.6889489452160078,1.886355046471796,2.345734024411974,-1.8928223076331462e-51,0.0,0.0,-0.07948247727980487
23.35,1.7512931651871616e+18,0.4426668245524111,-2.659798422526289,-0.008599415048854264,-0.7201901904282605,-1.6225004727672407,1.8316103938006651,2.7438645997601867,7.335969307885287e-52,0.0,0.0,-0.008599415048854264
23.375,1.7512931652121618e+18,0.43988202022709577,-2.642310965252055,0.06985263181661744,-0.8492521375487665,-1.5627282913933598,1.7325368314553269,2.8063360160311226,2.1666801407645988e-51,0.0,0.0,0.06985263181661744
23.400000000000002,1.7512931652371617e+18,0.4382928513382005,-2.6440651066424596,0.14447376942322215,-0.85878067859422,-1.49159186896663,1.6067322153994312,2.5285195060902934,2.3978216617742083e-51,0.0,0.0,0.14447376942322215
23.425,1.7512931652621617e+18,0.4244802575220157,-2.631440096811253,0.20493232448104895,-0.759311252464766,-1.4428579294700277,1.476829599945886,1.9755056378032236,1.7963722609114152e-51,0.0,0.0,0.20493232448104895
23.450000000000003,1.7512931652871619e+18,0.42384263342395584,-2.6339383299156975,0.24454221319400393,-0.5974608842875886,-1.3793689013953427,1.364532155145565,1.2647092587854731,8.556574623641672e-52,0.0,0.0,0.24454221319400393
23.475,1.7512931653121618e+18,0.38497336837890234,-2.6045172771630414,0.26174022161637706,-0.4239157166640853,-1.3483678688333538,1.2854494212354954,0.5357584840764346,-6.384981723987749e-54,0.0,0.0,0.26174022161637706
23.5,1.7512931653371617e+18,0.3856729769516361,-2.6056721437712294,0.25995714408922627,-0.2741584076030485,-1.302123877010106,1.2466588418533504,-0.0832875852994451,-5.4984167797433455e-52,0.0,0.0,0.25995714408922627
23.525000000000002,1.7512931653621617e+18,0.3533950227873218,-2.5821119155145005,0.24596543270591537,-0.16404400697728422,-1.2376464708763881,1.2473813782212104,-0.5037065059819463,-7.222532316319584e-52,0.0,0.0,0.24596543270591537
23.55,1.7512931653871616e+18,0.39035834508865747,-2.5748291025096455,0.22741369910539672,-0.09478901359130876,-1.167398304562768,1.2816013959243875,-0.6907702004286329,-6.061278345158931e-52,0.0,0.0,0.22741369910539672
23.575000000000003,1.7512931654121618e+18,0.3911359831635508,-2.5737963783420854,0.21057633740724388,-0.05982581652092188,-1.147481560786965,1.3408292427804722,-0.6629080635238149,-3.436447594652428e-52,0.0,0.0,0.21057633740724388
23.6,1.7512931654371617e+18,0.36745526910478565,-2.580347157224037,0.19913087558785264,-0.048759099460199525,-1.1172194935589932,1.4157601976599963,-0.477959966465057,-7.040438386259766e-53,0.0,0.0,0.19913087558785264
23.625,1.7512931654621617e+18,0.36858743706478864,-2.581302729175593,0.19416835233534321,-0.04805653864162209,-1.0808499023181124,1.4967691299732573,-0.2125293960314097,1.2443927405271718e-52,0.0,0.0,0.19416835233534321
23.650000000000002,1.7512931654871619e+18,0.3489734344806309,-2.5735883195413516,0.1950405779133151,-0.040852358332765605,-1.0108164257486667,1.574072179203414,0.05866729689938524,2.0892109327670508e-52,0.0,0.0,0.1950405779133151
23.675,1.7512931655121618e+18,0.36118844992659044,-2.553481392193316,0.2003809561529598,-0.008286162977158134,-0.995344501606632,1.638389024434555,0.27807752670531427,1.972291220390414e-52,0.0,0.0,0.2003809561529598
23.700000000000003,1.7512931655371617e+18,0.38366781349247436,-2.5552574975332005,0.20876620674609211,0.06683994790792767,-0.9461842398425375,1.6822278450638952,0.4127104672538332,1.2833011588191878e-52,0.0,0.0,0.20876620674609211
23.725,1.7512931655621617e+18,0.3847232137182692,-2.555841798121238,0.2188570451534397,0.19498839095862705,-0.9127853514885302,1.701225862298696,0.45402918656958224,4.47184570462338e-53,0.0,0.0,0.2188570451534397
23.75,1.7512931655871616e+18,0.4055022876326488,-2.5366458276321304,0.22923193950979678,0.37495349958741625,-0.8569281412941812,1.6948681583337748,0.4125825590948705,-2.21302320960612e-53,0.0,0.0,0.22923193950979678
23.775000000000002,1.7512931656121618e+18,0.40560892545817495,-2.534585062858418,0.23829474285071225,0.5903576435010095,-0.8212849093518697,1.6662979483571763,0.3101832062783431,-5.752722333396453e-53,0.0,0.0,0.23829474285071225
23.8,1.7512931656371617e+18,0.4305095303531055,-2.509059095683223,0.2444904357330118,0.8086808368310687,-0.7683384409266978,1.6213986994558163,0.17201466973353463,-6.19858255968497e-53,0.0,0.0,0.2444904357330118
23.825000000000003,1.7512931656621617e+18,0.4311512711632586,-2.5076414424135964,0.2467311364512923,0.9843126876089576,-0.7333456464044401,1.5675680605074953,0.020242334546979726,-4.547820370093492e-53,0.0,0.0,0.2467311364512923
23.85,1.7512931656871619e+18,0.5015388264515823,-2.4687695943715613,0.24471274836026488,1.0671093599203751,-0.661122073770434,1.5125512553199083,-0.13002666268320245,-2.0851933613958686e-53,0.0,0.0,0.24471274836026488
23.875,1.7512931657121618e+18,0.5028399990730819,-2.469008439520093,0.2388650749435748,1.0162135707069981,-0.6218592701011119,1.463479717055414,-0.272105405947134,1.2322245430872359e-54,0.0,0.0,0.2388650749435748
23.900000000000002,1.7512931657371617e+18,0.5112042180578033,-2.441117187408942,0.2299354754232428,0.8156000973679055,-0.5591243034457585,1.4260856144367249,-0.406506393736664,1.482148925296944e-53,0.0,0.0,0.2299354754232428
23.925,1.7512931657621617e+18,0.5105407949217615,-2.438193031872993,0.21845320890210448,0.48491000821245434,-0.5186313796956084,1.4040659769225872,-0.5377099731920184,1.8798227949036524e-53,0.0,0.0,0.21845320890210448
23.950000000000003,1.7512931657871616e+18,0.5004603581209099,-2.460532557997924,0.20439775513127661,0.07897894235475668,-0.49013259214433313,1.3986864104231744,-0.6699972164374711,1.5452700554801508e-53,0.0,0.0,0.20439775513127661
23.975,1.7512931658121618e+18,0.4819536951460408,-2.4918486143404834,0.18725542242794857,-0.32687349940386123,-0.44743528942992183,1.408778644751197,-0.8037420508746365,8.517311644412492e-54,0.0,0.0,0.18725542242794857
24.0,1.7512931658371617e+18,0.4754581574881982,-2.565188413594692,0.16640602215325206,-0.6622590093005397,-0.3800150626411458,1.431206679455819,-0.9334527574339392,1.473108249716416e-54,0.0,0.0,0.16640602215325206
24.025000000000002,1.7512931658621617e+18,0.47696512316604955,-2.56530340140229,0.14161216269802873,-0.8880538188066579,-0.34060398535993386,1.461701523886911,-1.0482493021050707,-3.443385016411954e-54,0.0,0.0,0.14161216269802873
24.05,1.7512931658871619e+18,0.4538447102087917,-2.5751834446619095,0.11336408594485861,-1.0115385395876755,-0.29255636009617403,1.4958228541253107,-1.1345481197038156,-5.480506251375826e-54,0.0,0.0,0.11336408594485861
24.075000000000003,1.7512931659121618e+18,0.45413689809083596,-2.574336206432844,0.08292260620345253,-1.0819758199923004,-0.2542221175189674,1.5297920626344472,-1.1798800896561463,-5.0605110364084046e-54,0.0,0.0,0.08292260620345253
24.1,1.7512931659371617e+18,0.43728891284923394,-2.61114642308802,0.05204493140846123,-1.1669591289291927,-0.18317759921600674,1.5610228037345084,-1.1763704683690273,-3.216768084906042e-54,0.0,0.0,0.05204493140846123
24.125,1.7512931659621617e+18,0.4360984573100836,-2.6096193619017285,0.02252593287003433,-1.3193822037580563,-0.1403090386800283,1.5882418700313052,-1.122640434889993,-1.0470905226239998e-54,0.0,0.0,0.02252593287003433
24.150000000000002,1.7512931659871616e+18,0.4341064610521376,-2.7190804666359054,-0.004227367751713949,-1.5501379248796663,-0.09286970720603271,1.6111514822172297,-1.0236307356327454,6.5225802041755925e-55,0.0,0.0,-0.004227367751713949
24.175,1.7512931660121618e+18,0.43442806861946953,-2.7187752460594083,-0.027404312220483933,-1.8195933702856568,-0.05022318284670524,1.6297805054188046,-0.8887428184176582,1.5241111728559696e-54,0.0,0.0,-0.027404312220483933
24.200000000000003,1.7512931660371617e+18,0.4211429239638994,-2.8374217988108037,-0.04673052665292589,-2.052325178469281,0.024262560846543657,1.6439769778572857,-0.7293272169683438,1.6005099657986525e-54,0.0,0.0,-0.04673052665292589
24.225,1.7512931660621617e+18,0.43529524894795185,-2.9382416596899565,-0.062229480799231386,-2.1686526933430854,0.06426746923995319,1.6535381601507344,-0.5566524977955967,1.1497708462479315e-54,0.0,0.0,-0.062229480799231386
24.25,1.7512931660871619e+18,0.4427218825731347,-2.9734109022014397,-0.07396862099116346,-2.1183844854411964,0.14075030416929613,1.6589998940978024,-0.38105740779328606,5.060430094132158e-55,0.0,0.0,-0.07396862099116346
24.275000000000002,1.7512931661121618e+18,0.44142358012745136,-2.9875234953335643,-0.08193385197048046,-1.901158559009238,0.22573044001048137,1.6624689692811765,-0.21227231117176387,-5.906560964340111e-56,0.0,0.0,-0.08193385197048046
24.3,1.7512931661371617e+18,0.4412759812648948,-2.9878534724991965,-0.08608833972131742,-1.564917023030125,0.28111453700582345,1.6677233916807341,-0.06025772146923754,-3.982136000016568e-55,0.0,0.0,-0.08608833972131742
24.325000000000003,1.7512931661621617e+18,0.44880954439841303,-3.0120510041652038,-0.08656546833455657,-1.185425562091106,0.31707181059002343,1.6792762052865846,0.06435297222560808,-4.886325900303444e-55,0.0,0.0,-0.08656546833455657
24.35,1.7512931661871616e+18,0.4486284357584159,-3.0126381244467093,-0.08387797727106613,-0.8383195790643765,0.39174055901155524,1.700733172660824,0.15090243318883542,-3.934761583316155e-55,0.0,0.0,-0.08387797727106613
24.375,1.7512931662121618e+18,0.44202787566126184,-3.048971498038045,-0.0790238149557985,-0.5765345645068964,0.44620650548500107,1.7331010821900257,0.1905789634208363,-2.1057114706725533e-55,0.0,0.0,-0.0790238149557985
24.400000000000002,1.7512931662371617e+18,0.44117892662673763,-3.049819456266254,-0.07342001055082459,-0.42098608695132156,0.520409791863722,1.7736621475402758,0.178996830843152,-2.917862685230758e-56,0.0,0.0,-0.07342001055082459
24.425,1.7512931662621617e+18,0.4434365880676323,-3.076121984724609,-0.06866709170271895,-0.3648684443652788,0.5583324408662618,1.8158072011516775,0.1185560683671033,9.469409330972197e-56,0.0,0.0,-0.06866709170271895
24.450000000000003,1.7512931662871619e+18,0.44307260477181654,-3.076891863811711,-0.06621055045050458,-0.385997428814643,0.631166568881766,1.8499561906636324,0.019619860153528287,1.4354514880465887e-55,0.0,0.0,-0.06621055045050458
24.475,1.7512931663121618e+18,0.4620564011440433,-3.102572881803582,-0.06700420640184833,-0.45966679652704956,0.69609084684422,1.8654322247020017,-0.10009898561566506,1.2969408869088785e-55,0.0,0.0,-0.06700420640184833
24.5,1.7512931663371617e+18,0.4627065299996008,-3.1028290334143707,-0.0712838289818671,-0.5663934818917402,0.7426302153659274,1.8529071880704904,-0.21797847126662348,8.0488079470482385e-56,0.0,0.0,-0.0712838289818671
24.525000000000002,1.7512931663621617e+18,0.46699302719452357,-3.132826401936001,-0.07852309004106786,-0.6927648535472566,0.7893727945351898,1.8068141888275304,-0.3102341848463483,2.4255304070793113e-56,0.0,0.0,-0.07852309004106786
24.55,1.7512931663871616e+18,0.46779874301483326,-3.1332179735444643,-0.08757402524946535,-0.82727924362699,0.8555023168365787,1.7269842465884608,-0.3561081950047158,-1.8888773330087546e-56,0.0,0.0,-0.08757402524946535
24.575000000000003,1.7512931664121618e+18,0.5024538246788276,-3.1668465629823364,-0.09692232526458167,-0.9551278277822991,0.9091834542650417,1.6188565516259816,-0.34158639074406966,-4.0297706202235415e-56,0.0,0.0,-0.09692232526458167
24.6,1.7512931664371617e+18,0.5028752894130504,-3.167271996294228,-0.10495576288827256,-1.055667056358321,0.94969374764278,1.4920443870215985,-0.26192752249440177,-4.127812171778487e-56,0.0,0.0,-0.10495576288827256
24.625,1.7512931664621617e+18,0.5390636296656548,-3.1785016987921235,-0.11017051346322865,-1.104396217284628,0.99156868303568,1.3576885477670064,-0.12260408714232195,-2.9026903397573123e-56,0.0,0.0,-0.11017051346322865
24.650000000000002,1.7512931664871619e+18,0.5394987792572981,-3.178909365492203,-0.11130671063632779,-1.0790244852796615,1.0294369454586447,1.2255505653387486,0.061432490718181555,-1.222375764466964e-56,0.0,0.0,-0.11130671063632779
24.675,1.7512931665121618e+18,0.5777576981977189,-3.1846800253502856,-0.10746352728524586,-0.9677614881955876,1.0490083316944738,1.1019016505439725,0.26800350059472866,2.2199221690522012e-57,0.0,0.0,-0.10746352728524586
24.700000000000003,1.7512931665371617e+18,0.5777314158512121,-3.185731216515753,-0.09824449214422036,-0.777175350628497,1.0930182489908211,0.988931204368923,0.4711229124033533,1.0666770665085297e-56,0.0,0.0,-0.09824449214422036
24.725,1.7512931665621617e+18,0.5887113202652748,-3.1904449202324145,-0.08391544294820392,-0.5364134095882174,1.1153111821006179,0.8857976921250884,0.6450697522272271,1.2685249761436486e-56,0.0,0.0,-0.08391544294820392
24.75,1.7512931665871616e+18,0.5896198247188356,-3.190684925455518,-0.06547815689330021,-0.29469529757840723,1.1532117448906223,0.7907813066617212,0.7684497287418983,1.0006837188570232e-56,0.0,0.0,-0.06547815689330021
24.775000000000002,1.7512931666121618e+18,0.5646521050318165,-3.1945112501485853,-0.044559265834284066,-0.11063899107578118,1.1676197149013734,0.7035264019504385,0.8275099011148309,5.191716020906162e-57,0.0,0.0,-0.044559265834284066
24.8,1.7512931666371617e+18,0.5632676993553777,-3.2011124568700677,-0.02310855914670041,-0.0352710315027958,1.1886195199890124,0.6263480634425176,0.8180492913125134,5.2609333771991184e-58,0.0,0.0,-0.02310855914670041
24.825000000000003,1.7512931666621617e+18,0.553149753795135,-3.214385240555075,-0.0030126170189651172,-0.09423218306443228,1.2024219354017718,0.5640747916465965,0.7455371374660626,-2.59007637241247e-57,0.0,0.0,-0.0030126170189651172
24.85,1.7512931666871619e+18,0.5534689042079027,-3.2142711647250644,0.014234428768319924,-0.27657400677532706,1.227276899270231,0.5226209177107338,0.6234593544655141,-3.7541463306215774e-57,0.0,0.0,0.014234428768319924
24.875,1.7512931667121618e+18,0.641784263138209,-3.2463806391699945,0.027708978347899985,-0.535954458051704,1.2293237148372653,0.5070058731370096,0.4703347939250319,-3.320060512018569e-57,0.0,0.0,0.027708978347899985
24.900000000000002,1.7512931667371617e+18,0.6632745494756248,-3.2350106398097003,0.037066326110789784,-0.8050263804912392,1.2534830544131554,0.5196337255504915,0.30613107987112054,-2.0101185039063623e-57,0.0,0.0,0.037066326110789784
24.925,1.7512931667621617e+18,0.6632356866591534,-3.234985707820008,0.04242167759007784,-1.0176524843969592,1.265439838861743,0.5593925381789919,0.14887685032430648,-5.5446144866786325e-58,0.0,0.0,0.04242167759007784
24.950000000000003,1.7512931667871616e+18,0.7143630549893085,-3.2583796055568266,0.044181606797568794,-1.129816527561471,1.2848488699987732,0.6217566301686371,0.012121397508389638,5.394843813010935e-58,0.0,0.0,0.044181606797568794
24.975,1.7512931668121618e+18,0.7139740515246658,-3.258969105350922,0.04290540037488804,-1.1310110603827277,1.300727663757168,0.6997507251333088,-0.09637755829600939,1.0634414327094486e-57,0.0,0.0,0.04290540037488804
25.0,1.7512931668371617e+18,0.7499265935705207,-3.263647998966663,0.0392359916811698,-1.042664225067755,1.318962206436343,0.7854334800266691,-0.1746417493015148,1.0633613751508497e-57,0.0,0.0,0.0392359916811698
25.025000000000002,1.7512931668621617e+18,0.7495641984370396,-3.264043718388059,0.033879160322172204,-0.9058510194937767,1.3484192366823842,0.871490153653413,-0.22526857401083022,7.317276738146063e-58,0.0,0.0,0.033879160322172204
25.05,1.7512931668871619e+18,0.7492286214270037,-3.2644101536074785,0.02757383372650773,-0.7642886191982112,1.375696374871222,0.9525447897637468,-0.25333786920314666,2.937189191301929e-58,0.0,0.0,0.02757383372650773
25.075000000000003,1.7512931669121618e+18,0.7748783440077514,-3.286546164045571,0.021015812728723375,-0.6492978143714803,1.4231359500511513,1.0258264689502943,-0.2638785238252018,-7.5015219885369375e-59,0.0,0.0,0.021015812728723375
25.1,1.7512931669371617e+18,0.8118366685324061,-3.2837586553073614,0.014756372445270009,-0.5715142766040383,1.4817297541280579,1.0908604515906941,-0.25948843879296696,-2.8493596580046394e-58,0.0,0.0,0.014756372445270009
25.125,1.7512931669621617e+18,0.8117157221389231,-3.2838578707948374,0.00914715060095175,-0.5207930346546668,1.5144538552326385,1.1480708376603255,-0.23879890824050753,-3.289107044710457e-58,0.0,0.0,0.00914715060095175
25.150000000000002,1.7512931669871616e+18,0.814386185811307,-3.272244668628554,0.004398173136920879,-0.47239698617640463,1.5791463595746147,1.1966870074926976,-0.19642314493669186,-2.541725280258976e-58,0.0,0.0,0.004398173136920879
25.175,1.7512931670121618e+18,0.8000442745302114,-3.273210265184659,0.0007511685861401257,-0.39584307372192606,1.629706078055818,1.2329179595478281,-0.12473091851209032,-1.276253439006798e-58,0.0,0.0,0.0007511685861401257
25.200000000000003,1.7512931670371617e+18,0.8184557059544278,-3.2740401673177537,-0.001313089593203234,-0.26346128344253505,1.6922128288305625,1.2495222837132738,-0.017241367246606534,-7.757212303650489e-60,0.0,0.0,-0.001313089593203234
25.225,1.7512931670621617e+18,0.8184408755210733,-3.2740037149620167,-0.0009605813881895309,-0.057713890127239105,1.7349182387390143,1.2373681041907654,0.1272368176202968,7.050690012367487e-59,0.0,0.0,-0.0009605813881895309
25.25,1.7512931670871619e+18,0.766738508028114,-3.2109101706796954,0.0029123265312252723,0.22246094367068692,1.8121525559551732,1.1885715492592033,0.3011052356184028,9.804180048797268e-59,0.0,0.0,0.0029123265312252723
25.275000000000002,1.7512931671121618e+18,0.766728486208902,-3.210865016671823,0.011374019459562523,0.5567139267439081,1.8550346442039056,1.0999258152830391,0.4865991799496005,8.489228017194496e-59,0.0,0.0,0.011374019459562523
25.3,1.7512931671371617e+18,0.6944720498087881,-3.1561580397703324,0.025010748077112795,0.9019491633543093,1.9267133832305308,0.9751061544325206,0.6575440399211586,5.010050255894886e-59,0.0,0.0,0.025010748077112795
25.325000000000003,1.7512931671621617e+18,0.6944524841298182,-3.1561633589533096,0.043499334340707775,1.1975768188382838,1.9660880815886705,0.824658669173685,0.7842873530362793,1.2463787839643457e-59,0.0,0.0,0.043499334340707775
25.35,1.7512931671871616e+18,0.5374058872867953,-3.094564112206594,0.06539178508298057,1.3787206927817306,2.001887839373716,0.6637340282928366,0.8407007949629063,-1.523694675582611e-59,0.0,0.0,0.06539178508298057
25.375,1.7512931672121618e+18,0.5373538218852957,-3.0946740646320445,0.08825844264163872,1.3949970096704112,2.033012225026765,0.5084053479934078,0.8112543277726112,-2.8013009686885377e-59,0.0,0.0,0.08825844264163872
25.400000000000002,1.7512931672371617e+18,0.5021677528535922,-3.064840724853119,0.10920374812199388,1.2286447141008379,2.0566029975877824,0.37182467722693957,0.6959123517725776,-2.7361753435542943e-59,0.0,0.0,0.10920374812199388
25.425,1.7512931672621617e+18,0.5019300010210656,-3.0647024144958586,0.12559047938020604,0.9044637363800869,2.0779225392651353,0.2613692925857889,0.5111431410669102,-1.8417589669414834e-59,0.0,0.0,0.12559047938020604
25.450000000000003,1.7512931672871619e+18,0.4873244760982712,-3.0159915572124887,0.13569180178105064,0.4865193472965611,2.116920755978924,0.1775076552929752,0.2865103229668202,-7.015198717621152e-60,0.0,0.0,0.13569180178105064
25.475,1.7512931673121618e+18,0.48715928393768465,-3.0161634665530133,0.13902991358432376,0.06188458994776672,2.130184298547587,0.11457826163660033,0.05771438254906507,2.3870532493088925e-60,0.0,0.0,0.13902991358432376
25.5,1.7512931673371617e+18,0.4985903441627877,-2.930703348741001,0.13632748014984722,-0.28288172497763525,2.1376113061336137,0.06314360311469663,-0.1419275429517744,7.591879065531219e-60,0.0,0.0,0.13632748014984722
25.525000000000002,1.7512931673621617e+18,0.46943240894931676,-2.8688544114938783,0.12916112089189935,-0.4839635013147401,2.1420362298950884,0.013179789565909067,-0.289118325434308,8.517833831296436e-60,0.0,0.0,0.12916112089189935
25.55,1.7512931673871616e+18,0.4438145333763562,-2.8323671208845793,0.1194688789331991,-0.5134771175186387,2.1461439246120233,-0.04278725711890602,-0.37522253494418595,6.447644713592325e-60,0.0,0.0,0.1194688789331991
25.575000000000003,1.7512931674121618e+18,0.4078153133959875,-2.831104873772576,0.10904526031809415,-0.3797019133206215,2.147412741739354,-0.10736991221911889,-0.4067728858461874,3.127216602924095e-60,0.0,0.0,0.10904526031809415
25.6,1.7512931674371617e+18,0.39402053429675227,-2.8286051612917666,0.0991292096189894,-0.11579777598669667,2.147005823333577,-0.17733246556265458,-0.40195872024228374,5.110747885238869e-62,0.0,0.0,0.0991292096189894
25.625,1.7512931674621617e+18,0.3348306632593168,-2.7907511602135426,0.09017724588695783,0.23651743085771917,2.1356603849321627,-0.24414190585739678,-0.384348444464805,-1.911202703193553e-60,0.0,0.0,0.09017724588695783
25.650000000000002,1.7512931674871619e+18,0.3352055713684254,-2.7920935663054074,0.08188184527118912,0.6396612084150741,2.132648733199391,-0.295979225701486,-0.3757778987261785,-2.556871004143233e-60,0.0,0.0,0.08188184527118912
25.675,1.7512931675121618e+18,0.2705756056928882,-2.792336900051118,0.07342003141227245,1.0631421059142097,2.1133075918363535,-0.3207966141499008,-0.39040093662513037,-2.1681131588677873e-60,0.0,0.0,0.07342003141227245
25.700000000000003,1.7512931675371617e+18,0.2706116580467095,-2.792698388095998,0.06383337578418537,1.4771719193263209,2.1027196575160993,-0.3096526307090534,-0.4313875622600732,-1.246058318359841e-60,0.0,0.0,0.06383337578418537
25.725,1.7512931675621617e+18,0.15571538505795043,-2.8037857464327205,0.0524039920024307,1.8438920350900674,2.082408387853041,-0.25935766295928564,-0.49087908308027195,-2.740858653250958e-61,0.0,0.0,0.0524039920024307
25.75,1.7512931675871616e+18,0.15554314377744985,-2.8035721980728527,0.03891620874825495,2.115394793177766,2.0683936410361805,-0.17358945179322188,-0.5528668184459526,4.263857355179792e-61,0.0,0.0,0.03891620874825495
25.775000000000002,1.7512931676121618e+18,-0.05203895955912356,-2.7908195155309037,0.023749694302845452,2.2437977040991295,2.0555342039440965,-0.062117266628229306,-0.597932898369585,7.366434043282359e-61,0.0,0.0,0.023749694302845452
25.8,1.7512931676371617e+18,-0.052110181683430366,-2.790651517024939,0.007805110461586017,2.200583255757526,2.0481925298934,0.061571374726766305,-0.6084560868865526,7.03251370906565e-61,0.0,0.0,0.007805110461586017
25.825000000000003,1.7512931676621617e+18,-0.10354974313538456,-2.7802173967490975,-0.007692543093247223,1.9950986189863997,2.0654085521215673,0.1834137048348478,-0.5729727257252663,4.628313226311072e-61,0.0,0.0,-0.007692543093247223
25.85,1.7512931676871619e+18,-0.10345332592635628,-2.7803707793248087,-0.021441573853188386,1.680471921423869,2.0612662107368798,0.2916940364455493,-0.48879002527694143,1.6638568674501304e-61,0.0,0.0,-0.021441573853188386
25.875,1.7512931677121618e+18,-0.14003747511607711,-2.7613812936729674,-0.032293813066512835,1.3408900780739164,2.0904520359966203,0.3789931750806898,-0.3624984155316853,-7.307024407350104e-62,0.0,0.0,-0.032293813066512835
25.900000000000002,1.7512931677371617e+18,-0.14011019653528253,-2.7612545089889515,-0.03942760784814456,1.0640199999762285,2.094616582768554,0.4428545690870703,-0.20854334557757,-2.017981453743683e-61,0.0,0.0,-0.03942760784814456
25.925,1.7512931677621617e+18,-0.1762809027042571,-2.789675724018199,-0.042455572517247485,0.9104335658327755,2.1190331708999204,0.4852705353160844,-0.0463751636574021,-2.2032350250855445e-61,0.0,0.0,-0.042455572517247485
25.950000000000003,1.7512931677871616e+18,-0.1761670690017614,-2.789875430830861,-0.04147381350632596,0.8935169692283965,2.1280849831191637,0.5113638816820085,0.10313919171959383,-1.6334275867806166e-61,0.0,0.0,-0.04147381350632596
25.975,1.7512931678121618e+18,-0.24445062955832225,-2.834732830284271,-0.03705441000397426,0.9779417640872442,2.1424543366913045,0.5277369037781031,0.22135704653681273,-7.635441674342899e-62,0.0,0.0,-0.03705441000397426
26.0,1.7512931678371617e+18,-0.24417047084779572,-2.8351805705323367,-0.03017146294804314,1.0959797067492152,2.156425929664566,0.5408817484555005,0.2949677559732731,2.495725373728831e-63,0.0,0.0,-0.03017146294804314
26.025000000000002,1.7512931678621617e+18,-0.2855137586644387,-2.8751119439407575,-0.02205300931818916,1.1736867055145037,2.1666607557864643,0.5558767184778133,0.3181270677068565,5.1609038647491905e-62,0.0,0.0,-0.02205300931818916
26.05,1.7512931678871619e+18,-0.28574408064932516,-2.8746309310536375,-0.013976093841332136,1.156274350182206,2.183075280475483,0.5754662361254334,0.293335784577551,6.65919300408046e-62,0.0,0.0,-0.013976093841332136
26.075000000000003,1.7512931679121618e+18,-0.31473361274301215,-2.8935061800400486,-0.00705324043323412,1.023934768739926,2.198095721271962,0.5995946159284057,0.2309425987971987,5.530713395930282e-62,0.0,0.0,-0.00705324043323412
26.1,1.7512931679371617e+18,-0.3148681453278093,-2.8932280159462103,-0.0020644535494270424,0.794116702757618,2.216412834647468,0.6254784127385725,0.1473220934785976,3.0920638637052793e-62,0.0,0.0,-0.0020644535494270424
26.125,1.7512931679621617e+18,-0.30906580870486766,-2.89120449339046,0.0006387368092757617,0.5113725555024237,2.2309480598988674,0.6482689971720806,0.06196470618687818,5.848517685843549e-63,0.0,0.0,0.0006387368092757617
26.150000000000002,1.7512931679871616e+18,-0.3090027815754939,-2.8912827482764483,0.0011650500918536292,0.22961381236462472,2.2506303072548834,0.6622313442895558,-0.00608822832871352,-1.1839302004834939e-62,0.0,0.0,0.0011650500918536292
26.175,1.7512931680121618e+18,-0.2937042773341837,-2.8790142017619225,6.818725678129516e-05,-0.0067997389714588305,2.260287143682685,0.6621818916983706,-0.04184858261643358,-1.9339277050422668e-62,0.0,0.0,6.818725678129516e-05
26.200000000000003,1.7512931680371617e+18,-0.29369639527448,-2.879024843918856,-0.0017177667279084643,-0.17709310270175585,2.2821132632198666,0.6447959208736807,-0.03729097925878621,-1.8054325139097706e-62,0.0,0.0,-0.0017177667279084643
26.225,1.7512931680621617e+18,-0.2840757127004896,-2.8602682544660216,-0.0030161261328111376,-0.2890360176435617,2.30333521878628,0.6094145011343142,0.007147379098005039,-1.1611489744456594e-62,0.0,0.0,-0.0030161261328111376
26.25,1.7512931680871619e+18,-0.2841060947151358,-2.8602346623440855,-0.0026340026481258636,-0.3734857663856877,2.3262647385235877,0.558151392415854,0.08297239271965248,-3.9141008604037533e-63,0.0,0.0,-0.0026340026481258636
26.275000000000002,1.7512931681121618e+18,-0.2769671622079629,-2.8508457915815333,0.0003538046168100086,-0.4705096219080532,2.3347120908619554,0.49533409693261843,0.1760087617946583,2.1768516084180445e-63,0.0,0.0,0.0003538046168100086
26.3,1.7512931681371617e+18,-0.2769499566504401,-2.8508709470573863,0.006351279611945313,-0.6120887596757971,2.3526963188818946,0.42652488597909916,0.27024844009211524,5.352035980103358e-63,0.0,0.0,0.006351279611945313
26.325000000000003,1.7512931681621617e+18,-0.2503358986463341,-2.8159800869082203,0.015128121500119154,-0.8079400456240219,2.3623227227807493,0.3574819352240494,0.35215790421044274,5.692197749346531e-63,0.0,0.0,0.015128121500119154
26.35,1.7512931681871616e+18,-0.20569223191317162,-2.760536581727206,0.025919627363081326,-1.0400318028339526,2.369415829982358,0.29335501968836,0.41417361356436705,4.1324596724627725e-63,0.0,0.0,0.025919627363081326
26.375,1.7512931682121618e+18,-0.2057438293959697,-2.7604892268844337,0.03772735864597032,-1.267838895608713,2.377133752960153,0.23817381700570409,0.4562760069961395,1.8569471508899087e-63,0.0,0.0,0.03772735864597032
26.400000000000002,1.7512931682371617e+18,-0.1393513773782777,-2.7151854923660643,0.04971721437314423,-1.441787169617029,2.3888745910132294,0.19446817575752243,0.4851178237816369,-1.6190111286883508e-64,0.0,0.0,0.04971721437314423
26.425,1.7512931682621617e+18,-0.13919463140109206,-2.715425874646627,0.061558096254446075,-1.5190893439471282,2.3924939269006003,0.16287647322888207,0.5110120445884568,-1.388819853158893e-63,0.0,0.0,0.061558096254446075
26.450000000000003,1.7512931682871619e+18,-0.08352410012945152,-2.680498911954128,0.07355520860298431,-1.4759019021343058,2.4017399590241406,0.1418384072516138,0.5438435119586329,-1.7320696823028371e-63,0.0,0.0,0.07355520860298431
26.475,1.7512931683121618e+18,-0.08336774029608655,-2.6807397626696328,0.08650553774534762,-1.3122205784280823,2.4050468246542542,0.12767557294217088,0.5893371947842687,-1.40915390904609e-63,0.0,0.0,0.08650553774534762
26.5,1.7512931683371617e+18,-0.07059335847157626,-2.674234614518706,0.10131545136849285,-1.0494540447584841,2.4083840340433755,0.11531435840003154,0.6469234710879987,-7.654226445771952e-64,0.0,0.0,0.10131545136849285
26.525000000000002,1.7512931683621617e+18,-0.07117449520877506,-2.673805200266664,0.11853406112695884,-0.7232060991390987,2.4130956278523974,0.09963376721493952,0.709760356849234,-1.1943070807594927e-64,0.0,0.0,0.11853406112695884
26.55,1.7512931683871616e+18,-0.0862240720822953,-2.687436013015246,0.13801818226955515,-0.3745052611417472,2.412059965400229,0.0771231741906188,0.7666082763553008,3.265549738270354e-64,0.0,0.0,0.13801818226955515
26.575000000000003,1.7512931684121618e+18,-0.08427307267984714,-2.6895029880211276,0.1589020317823874,-0.04194258571860126,2.4171311679967817,0.047353355911023916,0.8046035926343987,5.069192928904277e-64,0.0,0.0,0.1589020317823874
26.6,1.7512931684371617e+18,-0.12414525128451097,-2.689808771761895,0.17989142508068212,0.24392242895927016,2.4145710088819725,0.013730096397914067,0.8118371296360202,4.6297250237045125e-64,0.0,0.0,0.17989142508068212
26.625,1.7512931684621617e+18,-0.12517635541184566,-2.6889678226432343,0.19971431498000244,0.4631360443553189,2.418246803923602,-0.016869929957530706,0.7790421158453844,2.9079909500746053e-64,0.0,0.0,0.19971431498000244
26.650000000000002,1.7512931684871619e+18,-0.138485779103919,-2.7002450258504105,0.2174585745102167,0.6056687681677879,2.423804039330015,-0.035660207532176434,0.7003688419283466,9.11797679765337e-65,0.0,0.0,0.2174585745102167
26.675,1.7512931685121618e+18,-0.13957913102671687,-2.6993659193986588,0.23259259587219092,0.668456567086223,2.427445772972193,-0.034328470484138195,0.573754635969957,-6.355928820794925e-65,0.0,0.0,0.23259259587219092
26.700000000000003,1.7512931685371617e+18,-0.19322508769056576,-2.715655122943149,0.244671326800906,0.6525173304780787,2.4218100162272242,-0.007481011508299701,0.40145964658813715,-1.4164929377223467e-64,0.0,0.0,0.244671326800906
26.725,1.7512931685621617e+18,-0.19226130667451907,-2.716710440422632,0.2529635942578684,0.5624430547134152,2.425467640620646,0.04570472425896611,0.1908973577410478,-1.4689002731248625e-64,0.0,0.0,0.2529635942578684
26.75,1.7512931685871616e+18,-0.20577326266494747,-2.7085105373134675,0.2563338452752362,0.40860312560804396,2.4326670544167226,0.12116879270513278,-0.04475844058941371,-1.0440200677599983e-64,0.0,0.0,0.2563338452752362
26.775000000000002,1.7512931686121618e+18,-0.20513558428737622,-2.709287343637141,0.25355835958347606,0.20997732978600667,2.4377983768980687,0.21100669958518756,-0.28710074830856763,-4.496299438633115e-65,0.0,0.0,0.25355835958347606
26.8,1.7512931686371617e+18,-0.21907499452220242,-2.664839379263108,0.24392633253073734,-0.005374832642191605,2.465211645623595,0.3053767962121214,-0.5148600815207801,6.66697656748326e-66,0.0,0.0,0.24392633253073734
26.825000000000003,1.7512931686621617e+18,-0.2199368296717669,-2.664226530591688,0.22773802790990633,-0.20391654793190264,2.4734867511721634,0.3945852788664785,-0.7080445085478297,3.725632968346162e-65,0.0,0.0,0.22773802790990633
26.85,1.7512931686871619e+18,-0.20605317872180035,-2.652774683686199,0.20637324566391968,-0.35355118154946585,2.4938304460817284,0.47076752692162493,-0.8527864539534905,4.499393155641708e-65,0.0,0.0,0.20637324566391968
26.875,1.7512931687121618e+18,-0.2048943246354525,-2.6540843314514744,0.1818835064452138,-0.43126651527863835,2.505341353203384,0.5289082658461327,-0.9451825729007739,3.5859563426991888e-65,0.0,0.0,0.1818835064452138
26.900000000000002,1.7512931687371617e+18,-0.2154783129654641,-2.6182866876399884,0.15631734010811082,-0.4287794337964451,2.5317900870629146,0.5672551348016575,-0.9924970218998899,1.889797301386455e-65,0.0,0.0,0.15631734010811082
26.925,1.7512931687621617e+18,-0.21479810295425864,-2.6154615476819028,0.13108453448669388,-0.3545634279398487,2.5480462378548103,0.5872628241409945,-1.0109493645232759,2.2728494930888788e-66,0.0,0.0,0.13108453448669388
26.950000000000003,1.7512931687871616e+18,-0.21370030661494385,-2.6168658332488506,0.10661554390312757,-0.23188621438178128,2.5697669945969577,0.5930738967987744,-1.0205745087662803,-8.955243211118976e-66,0.0,0.0,0.10661554390312757
26.975,1.7512931688121618e+18,-0.25194637364456035,-2.6027455869851943,0.08242604547612965,-0.09333439969232006,2.599713980647748,0.5904742493036207,-1.0387724964812077,-1.326722107848852e-65,0.0,0.0,0.08242604547612965
27.0,1.7512931688371617e+18,-0.2703311830824893,-2.6045558601326513,0.05751653985235912,0.027026512440525643,2.619443976422517,0.5854495447058361,-1.0746813951949872,-1.185852073282859e-65,0.0,0.0,0.05751653985235912
27.025000000000002,1.7512931688621617e+18,-0.27498844925384025,-2.6018402861060395,0.030909981591302545,0.10196369665733598,2.6377163079713166,0.5827452512345019,-1.1262129808044272,-7.269393855498986e-66,0.0,0.0,0.030909981591302545
27.05,1.7512931688871619e+18,-0.2850652442828213,-2.603386604628714,0.0021126456038191195,0.11743964161804314,2.6609624546366493,0.5848848703317707,-1.1806401621365208,-2.0988938837498294e-66,0.0,0.0,0.0021126456038191195
27.075000000000003,1.7512931689121618e+18,-0.2884451092775002,-2.581520180597291,-0.028640221968333265,0.07495559070071786,2.66552696374866,0.5918737833753953,-1.2184154590267575,1.8271703722261832e-66,0.0,0.0,-0.028640221968333265
27.1,1.7512931689371617e+18,-0.28915207342283844,-2.581144248948962,-0.06038065745905127,-0.010710972515843143,2.6862518040771097,0.6015302744222514,-1.2188863629979,3.7415854674670576e-66,0.0,0.0,-0.06038065745905127
27.125,1.7512931689621617e+18,-0.28711308396975865,-2.576151239992312,-0.09158734444935765,-0.11704218614112737,2.6988077743687087,0.6102323941898325,-1.1660860869463041,3.786188920817884e-66,0.0,0.0,-0.09158734444935765
27.150000000000002,1.7512931689871616e+18,-0.28647845296173385,-2.576457472252362,-0.12046536314638773,-0.22012830150279467,2.719277503148334,0.6138509338394997,-1.0529216158954722,2.633781524965853e-66,0.0,0.0,-0.12046536314638773
27.175,1.7512931690121618e+18,-0.29815831810267396,-2.5500903679235294,-0.14526617922836307,-0.2997016777175388,2.734716725881651,0.6086679291158396,-0.8827353747452851,1.0833287827775497e-66,0.0,0.0,-0.14526617922836307
27.200000000000003,1.7512931690371617e+18,-0.2983753330163058,-2.54976273666817,-0.1646035854804193,-0.342049235555964,2.756111631040366,0.5921116926516745,-0.6681136201321829,-2.355122036663111e-67,0.0,0.0,-0.1646035854804193
27.225,1.7512931690621617e+18,-0.30229592266185856,-2.5282128500431575,-0.17770019829928818,-0.34119484017766893,2.7660313749171244,0.5631842342009252,-0.4276411216356455,-9.965553792572537e-67,0.0,0.0,-0.17770019829928818
27.25,1.7512931690871619e+18,-0.3003980344796036,-2.5288603773802354,-0.18447540992316733,-0.2990603427844857,2.7861098374114186,0.5225306234831504,-0.18180007794486608,-1.1673456775586807e-66,0.0,0.0,-0.18447540992316733
27.275000000000002,1.7512931691121618e+18,-0.3046862309011401,-2.527964803217601,-0.1854211441739191,-0.22486986926916125,2.790037186339894,0.4721876621939492,0.05074627201730188,-9.114033361817009e-67,0.0,0.0,-0.1854211441739191
27.3,1.7512931691371617e+18,-0.30422374479711634,-2.527666429266795,-0.18131981181277776,-0.1335920106672201,2.808495127654465,0.41511889846877603,0.2556182972901315,-4.6526001275771655e-67,0.0,0.0,-0.18131981181277776
27.325000000000003,1.7512931691621617e+18,-0.28401060871569306,-2.5357652076349275,-0.17296711355784805,-0.04328151485730872,2.815974290373664,0.35467998568442904,0.4236633193259474,-3.78879529076618e-68,0.0,0.0,-0.17296711355784805
27.35,1.7512931691871616e+18,-0.2800481589938901,-2.540301620433523,-0.16106248603653878,0.028333037050385007,2.82119555060189,0.2941673696067079,0.5506640490014075,2.4434135298812178e-67,0.0,0.0,-0.16106248603653878
27.375,1.7512931692121618e+18,-0.270802824025575,-2.5449913897479877,-0.14629605987168454,0.06726437716431889,2.823616615217324,0.23657189033859388,0.6363932243267041,3.4672695245428877e-67,0.0,0.0,-0.14629605987168454
27.400000000000002,1.7512931692371617e+18,-0.2701638996418465,-2.544941420100605,-0.12950171575110145,0.06590094634924713,2.8294640999056315,0.18455737550702309,0.6835595016141409,3.033920355822994e-67,0.0,0.0,-0.12950171575110145
27.425,1.7512931692621617e+18,-0.2677390587877808,-2.5474587737159333,-0.11170106504814942,0.02432739602408106,2.8309609265803215,0.14053162406863481,0.6969291708935433,1.8136702124758717e-67,0.0,0.0,-0.11170106504814942
27.450000000000003,1.7512931692871619e+18,-0.2595008751989742,-2.542745100028108,-0.0939654525144704,-0.049922520383881674,2.826922641985339,0.10657676363880042,0.6826301403002379,4.760222390829912e-68,0.0,0.0,-0.0939654525144704
27.475,1.7512931693121618e+18,-0.259199390711394,-2.542745048477594,-0.07717642741154046,-0.1437362916379149,2.827762152893904,0.08406871300592635,0.6475234893622935,-5.187953319605076e-68,0.0,0.0,-0.07717642741154046
27.5,1.7512931693371617e+18,-0.2214708765170428,-2.5263346273738603,-0.061839260581324315,-0.24171149744533274,2.8215504334484502,0.0730438963639338,0.5986015606982825,-9.864814587769762e-68,0.0,0.0,-0.061839260581324315
27.525000000000002,1.7512931693621617e+18,-0.2205186257587026,-2.526600859241847,-0.04805120615817275,-0.3301783382275304,2.8189853927699473,0.0716362157616243,0.5425311720231281,-9.747946760536406e-68,0.0,0.0,-0.04805120615817275
27.55,1.7512931693871616e+18,-0.19521895281522383,-2.5133571904743737,-0.035613743357812186,-0.4007242070276455,2.8151327542740634,0.07603893928011184,0.4855368527929416,-6.63434292460275e-68,0.0,0.0,-0.035613743357812186
27.575000000000003,1.7512931694121618e+18,-0.19534813307291868,-2.5133004409050623,-0.02420302037247742,-0.4518138985506905,2.8124380683436887,0.08134114909664081,0.43370372572787863,-2.5954886073978546e-68,0.0,0.0,-0.02420302037247742
27.6,1.7512931694371617e+18,-0.1497489919277149,-2.497655032195205,-0.013507899090358228,-0.48762323845770833,2.8074393795837156,0.08324205952995001,0.39350326583538203,7.693903726494863e-69,0.0,0.0,-0.013507899090358228
27.625,1.7512931694621617e+18,-0.14943327572173487,-2.497757917839009,-0.0032814726498004232,-0.5143261965146095,2.803835239961622,0.08014724766281624,0.3720670148356559,2.658564405168277e-68,0.0,0.0,-0.0032814726498004232
27.650000000000002,1.7512931694871619e+18,-0.139808545108511,-2.4936786037417247,0.00670407886394667,-0.5353467563247838,2.806673093836554,0.07470329812409919,0.37665366749445606,3.0249102938374473e-68,0.0,0.0,0.00670407886394667
27.675,1.7512931695121618e+18,-0.13979157277430668,-2.4936844562961125,0.01677019553940486,-0.5479331959113238,2.8054439195615477,0.0737352454550365,0.412998951356062,2.3134678016198803e-68,0.0,0.0,0.01677019553940486
27.700000000000003,1.7512931695371617e+18,-0.0834398631592304,-2.457765540371644,0.02745083869001499,-0.5432437668275742,2.810276263085981,0.086044734470915,0.48277041047133423,1.1419126030190353e-68,0.0,0.0,0.02745083869001499
27.725,1.7512931695621617e+18,-0.0834851723768909,-2.4577498899878063,0.03953663755911267,-0.5106093799974379,2.8115012705683777,0.11851303806911072,0.5809636584323001,4.454686997389482e-70,0.0,0.0,0.03953663755911267
27.75,1.7512931695871616e+18,-0.06926201180875502,-2.4513273447050192,0.05396783461052216,-0.4442300873003443,2.817276956749065,0.17195669452564888,0.6944674383399441,-6.636898431652669e-69,0.0,0.0,0.05396783461052216
27.775000000000002,1.7512931696121618e+18,-0.06946998759642496,-2.4512567548537416,0.07154312504857252,-0.3486665067157612,2.8200402247382343,0.23862683838941115,0.8029239978102337,-9.048633604695415e-69,0.0,0.0,0.07154312504857252
27.8,1.7512931696371617e+18,-0.05561807046122578,-2.461101539957721,0.09250194806096564,-0.23955351828883475,2.8238633396528603,0.3028285128209224,0.8823340045439185,-7.753038556860091e-69,0.0,0.0,0.09250194806096564
27.825000000000003,1.7512931696621617e+18,-0.05617297511582859,-2.460919098473983,0.1161491756811425,-0.13831074128206713,2.827954713178132,0.34496844108762875,0.9107853778339625,-4.5156712551212364e-69,0.0,0.0,0.1161491756811425
27.85,1.7512931696871619e+18,-0.04121351678609741,-2.470218708481513,0.1407480664437081,-0.06300242306371048,2.840029392366422,0.34782852832368444,0.8746436034548629,-1.0591625523941977e-69,0.0,0.0,0.1407480664437081
27.875,1.7512931697121618e+18,-0.04098659440399179,-2.470327929289709,0.1638310390923132,-0.01981842620583769,2.8458734472327314,0.30265542339383805,0.7730231489807134,1.4581783381536733e-69,0.0,0.0,0.1638310390923132
27.900000000000002,1.7512931697371617e+18,-0.02884756720008999,-2.4729578847828964,0.1828779558308063,0.0004889037897400389,2.861101827961394,0.21247229608474194,0.6187015365163485,2.596300586268332e-69,0.0,0.0,0.1828779558308063
27.925,1.7512931697621617e+18,-0.030673681300376347,-2.4724426942753954,0.1961077064077043,0.019214446724565477,2.8680600138639556,0.09116406148369882,0.43481832731158954,2.506842313351376e-69,0.0,0.0,0.1961077064077043
27.950000000000003,1.7512931697871616e+18,-0.012285064288397384,-2.467524672139198,0.2030471428204114,0.060535176748623125,2.871740083086857,-0.041164223974471933,0.24829642724847292,1.6685415817295128e-69,0.0,0.0,0.2030471428204114
27.975,1.7512931698121618e+18,-0.01352559423963664,-2.4672437429153233,0.20461670876166757,0.1403636902412303,2.8762253768263837,-0.16442805733669344,0.08226019920831106,6.178226058835178e-70,0.0,0.0,0.20461670876166757
28.0,1.7512931698371617e+18,-0.0011959325059422523,-2.508791787827884,0.20266636915627012,0.2580481780275959,2.8707906474852627,-0.2638733791796394,-0.049815141053838434,-2.3966080832702725e-70,0.0,0.0,0.20266636915627012
28.025000000000002,1.7512931698621617e+18,-0.002309481160603682,-2.508562142372789,0.1991448373310833,0.3946744191632445,2.8708089658590406,-0.33278887874351215,-0.14616329870240594,-7.074915104241842e-70,0.0,0.0,0.1991448373310833
28.05,1.7512931698871619e+18,-0.0026836083135970868,-2.5474868049914843,0.19528547895768283,0.5188820635459838,2.8535733079911343,-0.3723598225078146,-0.2144890928424289,-7.828923477472746e-70,0.0,0.0,0.19528547895768283
28.075000000000003,1.7512931699121618e+18,-0.0028509088579356584,-2.5474931959553455,0.19121085655067674,0.5978163778431302,2.849215216853724,-0.38951316476669506,-0.26667925671549625,-5.864756927427484e-70,0.0,0.0,0.19121085655067674
28.1,1.7512931699371617e+18,-0.009130642847583866,-2.569733333108646,0.18614322691437588,0.6087456776869006,2.8310190891369618,-0.39400237649813186,-0.3128753119884416,-2.7931726032029226e-70,0.0,0.0,0.18614322691437588
28.125,1.7512931699621617e+18,-0.010436146781468777,-2.569353587842442,0.1790725630054595,0.5469469413080744,2.8236490532896696,-0.3957544859396485,-0.3573910222153796,2.1320012658434963e-72,0.0,0.0,0.1790725630054595
28.150000000000002,1.7512931699871616e+18,-0.01352159648330201,-2.58655034903075,0.16948526499370425,0.42740058339427833,2.8069926377648753,-0.40300791469515496,-0.39794054440491033,1.7955105523366153e-70,0.0,0.0,0.16948526499370425
28.175,1.7512931700121618e+18,0.011093950635103562,-2.598191549496357,0.1577520146313793,0.28038154216531014,2.783751202282709,-0.42134533895537146,-0.42806556227274495,2.3582240046856485e-70,0.0,0.0,0.1577520146313793
28.200000000000003,1.7512931700371617e+18,0.01039177806200628,-2.597855749561621,0.1450045418603132,0.1429553056291709,2.772412962758818,-0.4535096091870564,-0.44127079069918135,1.978920581171803e-70,0.0,0.0,0.1450045418603132
28.225,1.7512931700621617e+18,0.0383755571107293,-2.600901582934239,0.13262793968198947,0.04920419406198499,2.751022697491227,-0.4998200433161308,-0.43480885733319413,1.1218429641169406e-70,0.0,0.0,0.13262793968198947
28.25,1.7512931700871619e+18,0.03710022438287168,-2.6003347611285306,0.121669564845076,0.021884680660123258,2.7394779310349944,-0.5589591162577708,-0.4114722256753239,2.2971761882586598e-71,0.0,0.0,0.121669564845076
28.275000000000002,1.7512931701121618e+18,0.038294742744810706,-2.626044383102604,0.1124592380366233,0.06748980597200002,2.7309974407924664,-0.6288400753807981,-0.3788427650907948,-4.0639647491925e-71,0.0,0.0,0.1124592380366233
28.3,1.7512931701371617e+18,0.03938233557115685,-2.6262467752275622,0.1045988826273684,0.1756223422322583,2.7194098218938474,-0.7072634755036654,-0.346627384785249,-6.821658107988664e-71,0.0,0.0,0.1045988826273684
28.325000000000003,1.7512931701621617e+18,0.02235418081437413,-2.6341189086778356,0.09728288075578874,0.32244613747568496,2.707444185731354,-0.7921947438678417,-0.3234180288099595,-6.439391665568087e-71,0.0,0.0,0.09728288075578874
28.35,1.7512931701871616e+18,0.020357626913925383,-2.6332019879042035,0.08974063283584423,0.47711740853345774,2.688075015394276,-0.8817072553694189,-0.3142070363881209,-4.189551220630753e-71,0.0,0.0,0.08974063283584423
28.375,1.7512931702121618e+18,0.012963501405988561,-2.688039641877507,0.08155306712683243,0.6096056029081683,2.654735868193416,-0.9737904679878193,-0.31939833182337585,-1.4595815670500165e-71,0.0,0.0,0.08155306712683243
28.400000000000002,1.7512931702371617e+18,0.012330608072286536,-2.6876553413860846,0.07271338680648529,0.6980055772130845,2.638605090356356,-1.066200333616059,-0.3352738615878159,7.229106867801121e-72,0.0,0.0,0.07271338680648529
28.425,1.7512931702621617e+18,0.0009524642460062242,-2.688511003054432,0.0634796616368095,0.733416724845186,2.6084552009756723,-1.1563757052091168,-0.3553165273990223,1.878436314303578e-71,0.0,0.0,0.0634796616368095
28.450000000000003,1.7512931702871619e+18,0.0004514159519642424,-2.688084815980981,0.054169318450096086,0.7211336602215729,2.5779918745303827,-1.2413404371965615,-0.3716768517580077,2.0238381211854263e-71,0.0,0.0,0.054169318450096086
28.475,1.7512931703121618e+18,-0.015835166425908674,-2.723731400630261,0.04503061586028298,0.6781102987841339,2.5490344988285183,-1.317573656474066,-0.3763498710212228,1.484755430053871e-71,0.0,0.0,0.04503061586028298
28.5,1.7512931703371617e+18,-0.01643794937206283,-2.7232545143744495,0.036244742220822385,0.6276408426226157,2.5134157624913445,-1.3809790127749026,-0.36205196429567826,6.806724992461586e-72,0.0,0.0,0.036244742220822385
28.525000000000002,1.7512931703621617e+18,-0.040817814998851086,-2.726449298793824,0.028029265923752426,0.5926313102731509,2.48936869847376,-1.4271283687943181,-0.32307114481794463,-4.035291229847011e-73,0.0,0.0,0.028029265923752426
28.55,1.7512931703871616e+18,-0.04148619714204718,-2.72594487019907,0.02076420062502026,0.5890972979388082,2.4524467311761984,-1.4518159010468108,-0.2563475275284051,-4.839905993509475e-72,0.0,0.0,0.02076420062502026
28.575000000000003,1.7512931704121618e+18,-0.07175229872575896,-2.7558051927399534,0.015052408693011757,0.6216841280253733,2.416718843220455,-1.4517596295311945,-0.16275499272891253,-6.137768300558721e-72,0.0,0.0,0.015052408693011757
28.6,1.7512931704371617e+18,-0.07181650307802648,-2.7556152634399043,0.011651581336844682,0.682624942273385,2.375710285041744,-1.4252196075268144,-0.04818889395411791,-5.045064307454345e-72,0.0,0.0,0.011651581336844682
28.625000000000004,1.7512931704621617e+18,-0.10380561228511555,-2.7824018551729024,0.011271808150560688,0.7545394313932579,2.3402431980019727,-1.3724069702236301,0.07614834055614142,-2.780489097559114e-72,0.0,0.0,0.011271808150560688
28.650000000000002,1.7512931704871619e+18,-0.10372772594620508,-2.7823420762588396,0.014303874102708034,0.8162656183774092,2.295985244507795,-1.2956910308219594,0.19477742943011775,-4.8057749328556454e-73,0.0,0.0,0.014303874102708034
28.675,1.7512931705121618e+18,-0.12519261944717747,-2.8258939344136667,0.02058912969182147,0.8499685709161152,2.268205260016129,-1.199622038715991,0.29040294644659387,1.1245220497897909e-72,0.0,0.0,0.02058912969182147
28.700000000000003,1.7512931705371617e+18,-0.12488698355274262,-2.8260142270914614,0.029331812746796342,0.8473752134899553,2.230197324719063,-1.0906962107269684,0.34737323331444664,1.789476301809267e-72,0.0,0.0,0.029331812746796342
28.725,1.7512931705621617e+18,-0.1521486530400796,-2.8631289035949026,0.03919842207942702,0.8132146138480468,2.1964163276363933,-0.9767540011716834,0.3552522770736305,1.6522145568360693e-72,0.0,0.0,0.03919842207942702
28.750000000000004,1.7512931705871616e+18,-0.15227234816844257,-2.8629133015519517,0.04857943740540371,0.764595813301862,2.1533562270652875,-0.8660205012330927,0.3114564861448295,1.0501613236165257e-72,0.0,0.0,0.04857943740540371
28.775000000000002,1.7512931706121618e+18,-0.16187839751519467,-2.8983679573714527,0.05593405760966065,0.7259546899297741,2.137993132213548,-0.7659927976579626,0.22212901900229395,3.417519526122376e-73,0.0,0.0,0.05593405760966065
28.8,1.7512931706371617e+18,-0.1618259677674012,-2.8982234746912123,0.06011320074000374,0.720430534554171,2.1053861029560514,-0.682486731399147,0.10095000835281158,-2.130530640256565e-73,0.0,0.0,0.06011320074000374
28.825000000000003,1.7512931706621617e+18,-0.17409989846650753,-2.91850961940085,0.06056656797583696,0.7600575239041901,2.090584203192259,-0.6190880037431703,-0.03378334460104086,-4.976643717107747e-73,0.0,0.0,0.06056656797583696
28.85,1.7512931706871619e+18,-0.19678185242712107,-2.9554445853785936,0.05738435837077984,0.8383660745552782,2.064051079664813,-0.5770724106826861,-0.16296178331592504,-5.225646140809704e-73,0.0,0.0,0.05738435837077984
28.875000000000004,1.7512931707121618e+18,-0.19674301556351528,-2.955213929472975,0.051185079907150044,0.9289332241241364,2.0451568748465045,-0.5556952529210234,-0.27030073716826586,-3.75371063392239e-73,0.0,0.0,0.051185079907150044
28.900000000000002,1.7512931707371617e+18,-0.24303526319825727,-3.0312563832991737,0.042907233805902355,0.9915830790566673,2.0135854489578597,-0.5526829554012511,-0.3449051222205815,-1.651857760576252e-73,0.0,0.0,0.042907233805902355
28.925,1.7512931707621617e+18,-0.24345893422307566,-3.0304153305710653,0.03357590035128634,0.9848175169590625,1.9974034935409217,-0.5647906820745306,-0.3822855503991817,1.931572336002087e-74,0.0,0.0,0.03357590035128634
28.950000000000003,1.7512931707871616e+18,-0.24012280111906517,-3.0555692811796447,0.02410470528426555,0.8801295899624363,1.9627965399474943,-0.5883561691995813,-0.3838769446291133,1.3003384695676356e-73,0.0,0.0,0.02410470528426555
28.975,1.7512931708121618e+18,-0.24017949408007958,-3.0553895916897367,0.015176441906721792,0.6727348422174784,1.9546246827171818,-0.6198152837586133,-0.3555399338698286,1.595416474237813e-73,0.0,0.0,0.015176441906721792
29.000000000000004,1.7512931708371617e+18,-0.2402929616644672,-3.0550299538793966,0.007220996009515337,0.3844399532646699,1.9382691972508428,-0.6561428383209517,-0.3057122160207875,1.2846324549947893e-73,0.0,0.0,0.007220996009515337
29.025000000000002,1.7512931708621617e+18,-0.19887458837390362,-3.118731201956661,0.0004708948203067261,0.05706798814221379,1.9137730218404845,-0.695184284751157,-0.2437833023326355,6.8740636941063186e-74,0.0,0.0,0.0004708948203067261
29.05,1.7512931708871619e+18,-0.11491601494349242,-3.18010218983519,-0.00496008821489488,-0.26173005223619716,1.885392310808823,-0.7358585322628881,-0.1789686088892969,9.516751691067156e-75,0.0,0.0,-0.00496008821489488
29.075000000000003,1.7512931709121618e+18,-0.1149269480150648,-3.1800542668970375,-0.009031570604797767,-0.53500020092492,1.8701080740685074,-0.7782011714498672,-0.11961276176346321,-3.0924062513749267e-74,0.0,0.0,-0.009031570604797767
29.1,1.7512931709371617e+18,-0.11494764329221334,-3.1799635532782293,-0.011786178537640793,-0.7483057590362279,1.841176450115706,-0.8231711217403529,-0.07262229757741942,-4.6869627487105695e-74,0.0,0.0,-0.011786178537640793
29.125000000000004,1.7512931709621617e+18,-0.059470090145586026,-3.173761343979809,-0.013392859413202845,-0.9115760475794248,1.8226222481310486,-0.872120075167266,-0.042718168889968156,-4.234386645916273e-74,0.0,0.0,-0.013392859413202845
29.150000000000002,1.7512931709871616e+18,-0.05954492524031178,-3.1736449193107257,-0.014176894239870579,-1.0504212635858694,1.7964387921737317,-0.925898830325897,-0.03140617040989423,-2.6276350399558425e-74,0.0,0.0,-0.014176894239870579
29.175,1.7512931710121618e+18,-0.0005464951206326225,-3.192134100987164,-0.014588160174856372,-1.1910134127375696,1.7487931161105208,-0.9837677646297658,-0.03588286397030542,-7.916177206228132e-75,0.0,0.0,-0.014588160174856372
29.200000000000003,1.7512931710371617e+18,0.06450916942103779,-3.209979393404625,-0.01508139125349147,-1.3446800799844154,1.7044600121647488,-1.0425104874276758,-0.04836513383270984,6.169481440793822e-75,0.0,0.0,-0.01508139125349147
29.225,1.7512931710621617e+18,0.06454352360934687,-3.210201757700242,-0.015925615951519024,-1.4973746427830177,1.680936304909228,-1.0962583349247539,-0.056409451323461125,1.3158223306070487e-74,0.0,0.0,-0.015925615951519024
29.250000000000004,1.7512931710871619e+18,0.13862304343075416,-3.2828162929180498,-0.017009228694438796,-1.606727652407861,1.6421223970143557,-1.1373883943527858,-0.04460837328282471,1.3477203651133707e-74,0.0,0.0,-0.017009228694438796
29.275000000000002,1.7512931711121618e+18,0.13842503720418095,-3.2822438285210995,-0.0177310392884678,-1.6074929699579188,1.605215796922693,-1.1584789414286492,0.0023413059056526177,9.47650098147317e-75,0.0,0.0,-0.0177310392884678
29.3,1.7512931711371617e+18,0.1733920582863507,-3.372285832415878,-0.017041860544412216,-1.4254795258379087,1.5487684210327406,-1.1548352642537565,0.09568435383932225,3.9900878539139994e-75,0.0,0.0,-0.017041860544412216
29.325000000000003,1.7512931711621617e+18,0.17335455367645916,-3.372309906951025,-0.01363635686782431,-0.9992731252038669,1.5232673879564147,-1.1267050942863028,0.23865899882776823,-7.255891554090129e-76,0.0,0.0,-0.01363635686782431
29.35,1.7512931711871616e+18,0.15266377323233804,-3.4125464940674584,-0.006233718689868672,-0.30668028957021004,1.4860451548738447,-1.0801847168651404,0.4236443217933619,-3.483123832828441e-75,0.0,0.0,-0.006233718689868672
29.375000000000004,1.7512931712121618e+18,0.15264185620642556,-3.4127689013664306,0.006133382314551163,0.6112757911874125,1.4553622675164326,-1.0261609999965553,0.6314055346706189,-4.1417966456661827e-75,0.0,0.0,0.006133382314551163
29.400000000000002,1.7512931712371617e+18,0.05514713651044062,-3.535876843847922,0.023876782925835532,1.6398566980701295,1.417022189553427,-0.9774066996448981,0.833062248349006,-3.2670472475295047e-75,0.0,0.0,0.023876782925835532
29.425,1.7512931712621617e+18,0.05512122652254731,-3.5360089919430537,0.04667418495551859,2.6047420475286156,1.3883622264430069,-0.9447861133810912,0.9947927049057494,-1.6948111784282539e-75,0.0,0.0,0.04667418495551859
29.450000000000003,1.7512931712871619e+18,1.3802102792254385,-1.3167223545542976,0.07335750640143274,3.314805290281665,0.8408363857115115,-0.9339720120392181,1.0845517750609126,-1.715113165877953e-76,0.0,0.0,0.07335750640143274
29.475,1.7512931713121618e+18,1.3616658527247711,-1.362570647827466,0.10190274772520826,3.623261033699654,0.8074977807216621,-0.9438877073411422,1.079390569027186,8.458211775888253e-76,0.0,0.0,0.10190274772520826
29.500000000000004,1.7512931713371617e+18,1.3620533826581562,-1.362435763974852,0.12959838314393238,3.4824340815960837,0.7843284811782327,-0.967391881688204,0.9715327785861964,1.2257784169725087e-75,0.0,0.0,0.12959838314393238
29.525000000000002,1.7512931713621617e+18,1.362440616397708,-1.362300983215596,0.15345454904545217,2.964340441691166,0.7611768902112344,-0.9938724623157766,0.7713936417532589,1.0839633032832052e-75,0.0,0.0,0.15345454904545217
29.55,1.7512931713871616e+18,1.3172598432398173,-1.4122841847117253,0.17081219343743811,2.233738521295795,0.7201986222752677,-1.0127692222132791,0.5063341259777325,6.562241299221663e-76,0.0,0.0,0.17081219343743811
29.575000000000003,1.7512931714121618e+18,1.2182473785069554,-1.4223175367348984,0.1799806482885857,1.4851520495643595,0.6765808817454566,-1.0168097835982859,0.21505317202043464,1.8094963479062918e-76,0.0,0.0,0.1799806482885857
29.6,1.7512931714371617e+18,1.2197925088471733,-1.4212079739817611,0.18067366560172193,0.8745170714000537,0.6516385262455042,-1.0039400259108426,-0.061156787500391566,-1.7619966093233052e-76,0.0,0.0,0.18067366560172193
29.625000000000004,1.7512931714621617e+18,1.1776683323433572,-1.4179407424491564,0.17406711439738135,0.47685830816143504,0.622081794105783,-0.9774307784927813,-0.2879748190150602,-3.472383521217988e-76,0.0,0.0,0.17406711439738135
29.650000000000002,1.7512931714871619e+18,1.1789046765442066,-1.4179856952743841,0.1624270199391603,0.2842590938573235,0.5858261865918459,-0.9442476956076442,-0.4456954872645178,-3.471834422481716e-76,0.0,0.0,0.1624270199391603
29.675,1.7512931715121618e+18,1.1236399418498884,-1.4273394113731956,0.14840212034208064,0.2362328163299305,0.5730733878956982,-0.9122936840729305,-0.5326844881437193,-2.388880960587109e-76,0.0,0.0,0.14840212034208064
29.700000000000003,1.7512931715371617e+18,1.1223055783834297,-1.4297412479082747,0.1342095827564085,0.26129296294434995,0.5412801667906364,-0.8874519710894717,-0.5636550963999749,-9.587406238896917e-77,0.0,0.0,0.1342095827564085
29.725,1.7512931715621617e+18,1.1120712130315034,-1.433563491131129,0.121018895197979,0.3088826206090833,0.5172308534214403,-0.8714077473591173,-0.5634302426886522,2.4512428858041813e-77,0.0,0.0,0.121018895197979
29.750000000000004,1.7512931715871616e+18,1.1109381355587498,-1.4356810958132946,0.10878431753906531,0.3607503474592408,0.48794976599115225,-0.860983707916826,-0.5582930843400732,9.304203500559728e-77,0.0,0.0,0.10878431753906531
29.775000000000002,1.7512931716121618e+18,1.086723434471575,-1.4247468355518282,0.09657545479593575,0.4228945838583694,0.46116532605387084,-0.84923441878402,-0.5677229554689793,1.0739050902334112e-76,0.0,0.0,0.09657545479593575
29.8,1.7512931716371617e+18,1.0629139265719731,-1.4295460138084664,0.08321428526128725,0.5073349449946178,0.438128826918593,-0.8279487253270691,-0.5990308259298588,8.298226079443481e-77,0.0,0.0,0.08321428526128725
29.825000000000003,1.7512931716621617e+18,1.0639604488141363,-1.4291157716578868,0.06789734094932938,0.6150019486402415,0.42119532472124943,-0.7907164100618297,-0.6463031539847729,4.166224175636499e-77,0.0,0.0,0.06789734094932938
29.85,1.7512931716871619e+18,0.9612886414347427,-1.397610144215694,0.0505378500328901,0.7280561640647537,0.37154541890242987,-0.7355093992363018,-0.6935918929494878,2.526119168066538e-78,0.0,0.0,0.0505378500328901
29.875000000000004,1.7512931717121618e+18,0.9615276325157637,-1.397613418440607,0.03175576763871765,0.8142839782011491,0.361535900777334,-0.6658909305395618,-0.7209943064568062,-2.3024531820867475e-77,0.0,0.0,0.03175576763871765
29.900000000000002,1.7512931717371617e+18,0.9275020777260055,-1.3819567975154277,0.012636292075771298,0.8403537548278996,0.35041612840993963,-0.5904426321669958,-0.7115480137273237,-3.201178691359989e-77,0.0,0.0,0.012636292075771298
29.925,1.7512931717621617e+18,0.9266934572359191,-1.3825356780365767,-0.005559734464583624,0.7869940591457294,0.3385034741278625,-0.5206053486930912,-0.656850928191578,-2.7716284807619314e-77,0.0,0.0,-0.005559734464583624
29.950000000000003,1.7512931717871616e+18,0.9409801765275764,-1.3698087765146056,-0.021626193126085606,0.6588557628438519,0.32076150973335604,-0.4676267237376587,-0.5598764362409232,-1.6355713444988863e-77,0.0,0.0,-0.021626193126085606
29.975,1.7512931718121618e+18,0.9410028003199378,-1.3698088079515058,-0.0345829824107614,0.48453638309413644,0.3103607514477216,-0.43952541999067973,-0.43433473323645816,-4.0673129676820554e-78,0.0,0.0,-0.0345829824107614
30.000000000000004,1.7512931718371617e+18,0.9509025513477877,-1.3758771445807034,-0.04382967820823592,0.3066152578600177,0.29681698028927705,-0.4388926496561263,-0.300874896342538,4.976326055602517e-78,0.0,0.0,-0.04382967820823592
30.025000000000002,1.7512931718621617e+18,0.9505972825933232,-1.3759437409534825,-0.04929022133783882,0.16595624532064956,0.28454376022883476,-0.4620586074713265,-0.18123676720667464,9.146842620439819e-78,0.0,0.0,-0.04929022133783882
30.05,1.7512931718871619e+18,0.9565965568123252,-1.3700143995239806,-0.05149910287163927,0.087108570114722,0.27578553163137887,-0.4997990662604213,-0.09201047097401191,8.93347272550504e-78,0.0,0.0,-0.05149910287163927
30.075000000000003,1.7512931719121618e+18,0.9561563599722475,-1.3701044623348886,-0.05154548661986614,0.07099132591105224,0.2678466559995525,-0.5394479180533756,-0.03983025274311732,6.012781948609947e-78,0.0,0.0,-0.05154548661986614
30.1,1.7512931719371617e+18,0.9647767787467643,-1.3464320598762438,-0.05081273038196523,0.09753119667885167,0.2539226787863891,-0.5680286259763562,-0.019527623071629887,2.2898096838978806e-78,0.0,0.0,-0.05081273038196523
30.125000000000004,1.7512931719621617e+18,1.009454966186154,-1.32607771116198,-0.050534452677259166,0.13642606958146022,0.23922981797081366,-0.57576193450874,-0.015984827447212774,-7.798800265647451e-79,0.0,0.0,-0.050534452677259166
30.150000000000002,1.7512931719871616e+18,1.009138048272493,-1.3261036291978123,-0.05130794845035517,0.16081378955272813,0.2317136938292017,-0.5590303909984142,-0.009304447642166765,-2.4790054168437467e-78,0.0,0.0,-0.05130794845035517
30.175,1.7512931720121618e+18,1.0375661260687725,-1.3181911820239653,-0.05279160015851198,0.157713841848826,0.2203695512441186,-0.5217492068794736,0.0182370593470863,-2.781091203579103e-78,0.0,0.0,-0.05279160015851198
30.200000000000003,1.7512931720371617e+18,1.037878518933691,-1.317997648023154,-0.0537814607852847,0.13097604073398744,0.20808078197797286,-0.4744025743322989,0.07573515244607774,-2.1050178281316266e-78,0.0,0.0,-0.0537814607852847
30.225,1.7512931720621617e+18,1.1481271746667936,-1.3172688104695651,-0.05269287673410243,0.09618179251257347,0.19020243499269807,-0.4308479428448002,0.15998707717863536,-1.0208420302369015e-78,0.0,0.0,-0.05269287673410243
30.250000000000004,1.7512931720871619e+18,1.1473777366321325,-1.3173954453221166,-0.04825553097624095,0.07074515274416807,0.17849511947256325,-0.40400106049152373,0.2560412595269649,-1.6517508910901094e-80,0.0,0.0,-0.04825553097624095
30.275000000000002,1.7512931721121618e+18,1.1682249182191995,-1.292555258323061,-0.040106800895340695,0.0645566894642748,0.1734982466529149,-0.4020652470164172,0.34194672888585714,6.241081545745641e-79,0.0,0.0,-0.040106800895340695
30.3,1.7512931721371617e+18,1.167174823471862,-1.2927190278201321,-0.02901778413321426,0.07584375646400932,0.16244345211512767,-0.4266962207678952,0.3961493957439299,8.348441123112242e-79,0.0,0.0,-0.02901778413321426
30.325000000000003,1.7512931721621617e+18,1.1789873666563744,-1.2779710638733464,-0.01666643352365874,0.09381842789261258,0.1506362474470766,-0.4735864767854309,0.4049686043424999,7.078593602370505e-79,0.0,0.0,-0.01666643352365874
30.35,1.7512931721871616e+18,1.1785885452601872,-1.2779874580842796,-0.005069273839751767,0.10588528217857508,0.13625138884350685,-0.5349414804393384,0.3675073778839076,4.067826801971823e-79,0.0,0.0,-0.005069273839751767
30.375000000000004,1.7512931722121618e+18,1.1799007296209847,-1.2781551758651366,0.004094063913866263,0.10486064880633429,0.11738875558535922,-0.6026815263975515,0.29624911195438397,8.943462856824597e-80,0.0,0.0,0.004094063913866263
30.400000000000002,1.7512931722371617e+18,1.1804887605965964,-1.2849215971270977,0.010009801906560556,0.09210647721948953,0.09106504900024248,-0.6711327746619696,0.21313123770693454,-1.392517799784599e-79,0.0,0.0,0.010009801906560556
30.425,1.7512931722621617e+18,1.1803569944771448,-1.2849524444710754,0.01293163153641397,0.0752790643735187,0.0763310407557114,-0.738370788132572,0.14248026052950663,-2.4052830536147442e-79,0.0,0.0,0.01293163153641397
30.450000000000003,1.7512931722871619e+18,1.1454805858056627,-1.283042335561557,0.014007361229637767,0.06263624969160131,0.04110711884045726,-0.8059881071325264,0.10325720772033486,-2.296070658735109e-79,0.0,0.0,0.014007361229637767
30.475,1.7512931723121618e+18,1.14550133758038,-1.2830488489610155,0.014823877090267518,0.05754371373605454,0.031709470658899175,-0.8776160853269086,0.1032343259890589,-1.510994675342007e-79,0.0,0.0,0.014823877090267518
30.500000000000004,1.7512931723371617e+18,1.1196988210975631,-1.2738130158324081,0.016853706520570073,0.056240343796086695,-0.01318254781857453,-0.9568834382181868,0.1369828863960263,-5.430801835685398e-80,0.0,0.0,0.016853706520570073
30.525000000000002,1.7512931723621617e+18,1.0812748713391496,-1.261452144951689,0.020993480862266718,0.049744755121093144,-0.030625832678805587,-1.0455843972470884,0.18820329147024342,2.3870303844441908e-80,0.0,0.0,0.020993480862266718
30.55,1.7512931723871616e+18,0.9976404629373037,-1.2712921251482847,0.027322409270691447,0.028382446757168462,-0.060117668011752556,-1.1426725225337,0.23546704491943574,6.589339492497121e-80,0.0,0.0,0.027322409270691447
30.575000000000003,1.7512931724121618e+18,0.9978343190209988,-1.2713207315833925,0.03512249226183757,-0.013878913479419087,-0.08624343131969647,-1.2443603356858175,0.259362403892796,7.19358031183462e-80,0.0,0.0,0.03512249226183757
30.6,1.7512931724371617e+18,0.9642001958466715,-1.2799879117744681,0.04313054834497307,-0.07760145811046558,-0.13629902392809123,-1.3452013448977092,0.2486745572835925,5.3327661331866376e-80,0.0,0.0,0.04313054834497307
30.625000000000004,1.7512931724621617e+18,0.9640907796441485,-1.2800876244160373,0.04994429968554155,-0.15901275242475205,-0.16728487500096945,-1.4396870575141458,0.20366253418573255,2.4924650857116768e-80,0.0,0.0,0.04994429968554155
30.650000000000002,1.7512931724871619e+18,0.8163344592803681,-1.2690128980746713,0.05447093404403958,-0.2526455135656329,-0.22257790997329385,-1.5237203868825726,0.13553377254255636,-8.19173982869532e-82,0.0,0.0,0.05447093404403958
30.675,1.7512931725121618e+18,0.8161778603044748,-1.2691642442523912,0.05628522318617988,-0.35329709732127085,-0.2582516254190077,-1.5953998986331341,0.0624928991891483,-1.6852851412569271e-80,0.0,0.0,0.05628522318617988
30.700000000000003,1.7512931725371617e+18,0.6760510357360254,-1.2579364291088544,0.055772951357869124,-0.4559139349817346,-0.31730517786070056,-1.6548507454138779,0.0038232595443077264,-2.1742834621383018e-80,0.0,0.0,0.055772951357869124
30.725,1.7512931725621617e+18,0.6766846173021236,-1.258205805024723,0.05399406912742873,-0.5536063288725838,-0.3601247462033479,-1.703247285911652,-0.02600187232800416,-1.8056949416006438e-80,0.0,0.0,0.05399406912742873
30.750000000000004,1.7512931725871616e+18,0.6484821069872548,-1.277342410333382,0.052303767113021385,-0.6353480492074935,-0.42866519441443796,-1.7415206672503554,-0.021339809325301887,-1.009413207099181e-80,0.0,0.0,0.052303767113021385
30.775000000000002,1.7512931726121618e+18,0.6486788544386594,-1.2776075345161124,0.05187691624321372,-0.6853384240595394,-0.4719101314409886,-1.7693834541781184,0.013549050924305079,-1.9081422483637749e-81,0.0,0.0,0.05187691624321372
30.8,1.7512931726371617e+18,0.6478538645822891,-1.3243833246624317,0.05333132282082278,-0.6853732998395013,-0.5385307126100449,-1.7851540607633003,0.06640540788175582,3.8664582180462325e-81,0.0,0.0,0.05333132282082278
30.825000000000003,1.7512931726621617e+18,0.6410390312052667,-1.3329642373818908,0.05659827117346523,-0.6201073355134208,-0.5818697733022113,-1.7864794928196948,0.12093567508665397,6.314612212802513e-81,0.0,0.0,0.05659827117346523
30.85,1.7512931726871619e+18,0.641018151295311,-1.3332754785854126,0.061063105982275594,-0.4833933247179757,-0.6489822637258293,-1.7716255662863603,0.16140901456380588,5.894597976679289e-81,0.0,0.0,0.061063105982275594
30.875000000000004,1.7512931727121618e+18,0.6260738375823057,-1.298749229360052,0.06586791000867723,-0.2829285183192032,-0.6959246666199892,-1.7407421961199383,0.17650557649218393,3.7907535276094014e-81,0.0,0.0,0.06586791000867723
30.900000000000002,1.7512931727371617e+18,0.626028554861478,-1.2991936761494787,0.07021080986734302,-0.040953623059940575,-0.7570987768560609,-1.696525905751421,0.16152798584126896,1.2775164392373275e-81,0.0,0.0,0.07021080986734302
30.925,1.7512931727621617e+18,0.6442553651787231,-1.302341390791827,0.07351833381287258,0.20955046330288335,-0.7821139176546263,-1.6439676588336596,0.11875330982421703,-7.110681885039861e-82,0.0,0.0,0.07351833381287258
30.950000000000003,1.7512931727871616e+18,0.6425195346624852,-1.3021648335286542,0.07546790836469024,0.4319874334541155,-0.8370685007851089,-1.5892692482438966,0.05624823906394804,-1.747593730077483e-81,0.0,0.0,0.07546790836469024
30.975,1.7512931728121618e+18,0.6877344811817083,-1.261624059918006,0.07592387645072636,0.5945489640624213,-0.8674344305972768,-1.5383561005326638,-0.014275327865495381,-1.8584996024220379e-81,0.0,0.0,0.07592387645072636
31.000000000000004,1.7512931728371617e+18,0.6881703103757776,-1.262486725480789,0.07487440917574201,0.6777673418945606,-0.926959764132965,-1.495545717276495,-0.08001529591893339,-1.3491467387887315e-81,0.0,0.0,0.07487440917574201
31.025000000000002,1.7512931728621617e+18,0.7189143085193501,-1.2543851551514094,0.07242321367957152,0.6791641011615986,-0.9485240169843703,-1.4628051587018485,-0.12966036313019616,-6.06161252397978e-82,0.0,0.0,0.07242321367957152
31.05,1.7512931728871619e+18,0.7193969235319257,-1.2553682971390676,0.068832306319941,0.6131566277500412,-1.0008223200318285,-1.4397424868071507,-0.15573796389996916,5.297093939147596e-83,0.0,0.0,0.068832306319941
31.075000000000003,1.7512931729121618e+18,0.7061397356630911,-1.2698168777098167,0.06456155776561749,0.5055009295492807,-1.0248057674216566,-1.4241737812859334,-0.156464008383581,4.535117644214468e-82,0.0,0.0,0.06456155776561749
31.1,1.7512931729371617e+18,0.7064048844407782,-1.2706497011577458,0.06023168944170977,0.38395562947900413,-1.0734652014289816,-1.4129175192829622,-0.13673087466225775,5.655330124103436e-82,0.0,0.0,0.06023168944170977
31.125000000000004,1.7512931729621617e+18,0.7469644534163958,-1.261861921237048,0.056466905835784516,0.269333310663246,-1.092964613698405,-1.4024729660173139,-0.10781771868661401,4.600656652852943e-82,0.0,0.0,0.056466905835784516
31.150000000000002,1.7512931729871616e+18,0.7470976121372978,-1.262468373414137,0.053645471306397935,0.1713830052507805,-1.1332207594414367,-1.3894268511073662,-0.08554341669156168,2.4987224072492504e-82,0.0,0.0,0.053645471306397935
31.175,1.7512931730121618e+18,0.7376733598676638,-1.2636827775637463,0.051658422782057,0.09110488083964846,-1.1774387441520215,-1.3706754034145798,-0.08695467494493231,3.895820506191958e-83,0.0,0.0,0.051658422782057
31.200000000000003,1.7512931730371617e+18,0.7448611503116891,-1.269060245210566,0.04979329784342485,0.027019801912033962,-1.227122962011483,-1.3436822957783985,-0.12615379580901334,-1.0664344366492136e-82,0.0,0.0,0.04979329784342485
31.225,1.7512931730621617e+18,0.7445508074727248,-1.2690528338894338,0.04681073865042965,-0.019341631360767084,-1.2586765571648126,-1.306932149950066,-0.2103136201805056,-1.6551712468968552e-82,0.0,0.0,0.04681073865042965
31.250000000000004,1.7512931730871619e+18,0.7171206932665402,-1.2604486211882195,0.04120919588538205,-0.04234905906924656,-1.2973071918555095,-1.260525576439896,-0.3370760155164728,-1.511563492195479e-82,0.0,0.0,0.04120919588538205
31.275000000000002,1.7512931731121618e+18,0.7171283500656699,-1.2608013172244044,0.03161314675061808,-0.035701039041992955,-1.3230689395592814,-1.206632542962978,-0.4942559943384557,-9.49353461597388e-83,0.0,0.0,0.03161314675061808
31.3,1.7512931731371617e+18,0.7479673662157268,-1.2863420291878538,0.01717641504167409,0.002700077810212631,-1.3648754253170787,-1.1494344986617642,-0.6621186370790637,-2.9758887859768265e-83,0.0,0.0,0.01717641504167409
31.325000000000003,1.7512931731621617e+18,0.7479460237394641,-1.2866205403010376,-0.002130329236392915,0.06809453305585103,-1.3912421832820328,-1.0943272544979326,-0.817675266568792,2.076036167104204e-83,0.0,0.0,-0.002130329236392915
31.35,1.7512931731871616e+18,0.7600550851889922,-1.2984559305124228,-0.025456672235963075,0.1500584456539845,-1.42501606256703,-1.0464787863873144,-0.9397682921093469,4.6252243341946434e-83,0.0,0.0,-0.025456672235963075
31.375000000000004,1.7512931732121618e+18,0.7600027676117262,-1.2984873788818534,-0.05126866438071245,0.23641395571872492,-1.4490739600523153,-1.0091843483728389,-1.0134579582604732,4.795932325230859e-83,0.0,0.0,-0.05126866438071245
31.400000000000002,1.7512931732371617e+18,0.7807545429846976,-1.3279164681982925,-0.07774291071767093,0.3172323612099794,-1.487261272706409,-0.982652357183005,-1.032509100318132,3.4084525596565586e-83,0.0,0.0,-0.07774291071767093
31.425,1.7512931732621617e+18,0.7807268460325105,-1.327723250575395,-0.10322473439423299,0.3867730491109397,-1.5114417935712716,-0.9637628556623856,-0.9994990482065559,1.4676983341351489e-83,0.0,0.0,-0.10322473439423299
31.450000000000003,1.7512931732871619e+18,0.8079362526586733,-1.361018933707743,-0.12659117803751904,0.4429357942531358,-1.5435139839932575,-0.9469764260220618,-0.9239318470099877,-2.179577162534063e-84,0.0,0.0,-0.12659117803751904
31.475,1.7512931733121618e+18,0.8079985573169035,-1.3605684217911769,-0.1473863743457504,0.48537283762993855,-1.5665442588484162,-0.9261005231248354,-0.819378856903781,-1.2165729470102606e-83,0.0,0.0,-0.1473863743457504
31.500000000000004,1.7512931733371617e+18,0.8366015162208954,-1.396625518295884,-0.16568427320014176,0.5137871430101622,-1.5954219495069668,-0.8962765482375298,-0.7007964482595695,-1.4690772429952124e-83,0.0,0.0,-0.16568427320014176
31.525000000000002,1.7512931733621617e+18,0.8367392683425888,-1.3953465085282597,-0.18177330931033403,0.5272722648189065,-1.6172607115988469,-0.8554933085711269,-0.5827568726417911,-1.1707509632353941e-83,0.0,0.0,-0.18177330931033403
31.55,1.7512931733871616e+18,0.8561658481127551,-1.444943270866716,-0.19586857717322068,0.5246660138367923,-1.6486842033913334,-0.8051512831935429,-0.47859829842925844,-6.169185100943916e-84,0.0,0.0,-0.19586857717322068
31.575000000000003,1.7512931734121618e+18,0.8567960773086267,-1.4461701811895222,-0.2080278390940853,0.5054138009889918,-1.6702827744186748,-0.7495578493506933,-0.3998570343026956,-7.411639445795316e-85,0.0,0.0,-0.2080278390940853
31.6,1.7512931734371617e+18,0.874873915295051,-1.4706417380866972,-0.21828979682586797,0.4704371418352188,-1.7003163695191974,-0.6945742906032909,-0.3551656769301859,2.924469325022881e-84,0.0,0.0,-0.21828979682586797
31.625000000000004,1.7512931734621617e+18,0.8753744026908307,-1.4707118245288433,-0.22691702384554766,0.42272484448696646,-1.722196034936598,-0.6458636141846276,-0.34823042424950185,4.331933989065489e-84,0.0,0.0,-0.22691702384554766
31.650000000000002,1.7512931734871619e+18,0.8806793306585491,-1.490936233763195,-0.23459501102195582,0.3675448953160616,-1.7413952785884015,-0.6072580565322401,-0.3753494165741375,3.8716845970347772e-84,0.0,0.0,-0.23459501102195582
31.675,1.7512931735121618e+18,0.8889591418086816,-1.523183298242666,-0.24244547276908598,0.3121981373212402,-1.7492596704934529,-0.5796841065314287,-0.42374081953097353,2.3731775010199323e-84,0.0,0.0,-0.24244547276908598
31.700000000000003,1.7512931735371617e+18,0.8899541081910386,-1.522358234303708,-0.2517289525053094,0.2651476043166414,-1.7746614840052561,-0.5609109059933106,-0.47219799412411256,6.849969964554024e-85,0.0,0.0,-0.2517289525053094
31.725,1.7512931735621617e+18,0.8842381475777802,-1.5726332271081918,-0.2632394230805504,0.2343468809725661,-1.7880930699721485,-0.5461829881521738,-0.4949836156292695,-5.967797346089465e-85,0.0,0.0,-0.2632394230805504
31.750000000000004,1.7512931735871616e+18,0.8848761104576189,-1.5734464000233137,-0.2766463053886079,0.22487136573546443,-1.805119630399824,-0.5295738647327036,-0.4685424115033751,-1.221718539353046e-84,0.0,0.0,-0.2766463053886079
31.775000000000002,1.7512931736121618e+18,0.8877508841368186,-1.5764279179377494,-0.2902073490020361,0.23652568984626188,-1.8236941012292969,-0.5056688492317112,-0.3791122592010874,-1.236178738417672e-84,0.0,0.0,-0.2902073490020361
31.8,1.7512931736371617e+18,0.8979602113520954,-1.5945393453644428,-0.3011473176731138,0.2626203903035028,-1.8423243480669895,-0.471033275577966,-0.2284075875566914,-8.598563846335084e-85,0.0,0.0,-0.3011473176731138
31.825000000000003,1.7512931736621617e+18,0.9036764169164293,-1.5992715432345883,-0.3066266741638815,0.2910966315370748,-1.8540553126434305,-0.42495732930015734,-0.03482010551093188,-3.5361760430139356e-85,0.0,0.0,-0.3066266741638815
31.85,1.7512931736871619e+18,0.9081304430066821,-1.6061926040611998,-0.30487555963202284,0.30836827628141344,-1.876462770392472,-0.36923297912396075,0.1709098999570477,7.696624797180503e-86,0.0,0.0,-0.30487555963202284
31.875000000000004,1.7512931737121618e+18,0.9171112664093896,-1.6372237207556233,-0.2959587530484761,0.30489305428457736,-1.885717312436501,-0.30712172624956585,0.35441746217980713,3.254133267543839e-85,0.0,0.0,-0.2959587530484761
31.900000000000002,1.7512931737371617e+18,0.917507472388635,-1.6543739189288,-0.2818004041540198,0.28026670290353844,-1.8965040940759226,-0.24202828787191363,0.48780701391880615,3.811433030429084e-85,0.0,0.0,-0.2818004041540198
31.925,1.7512931737621617e+18,0.9181723236645519,-1.6537011604980258,-0.2654368074452607,0.24529762653236997,-1.9054797067421863,-0.17652113939411568,0.5573937546341122,2.9755567249690603e-85,0.0,0.0,-0.2654368074452607
31.950000000000003,1.7512931737871616e+18,0.9099235158211317,-1.6736567963521278,-0.24983874032567352,0.21944884743631513,-1.9099642803261652,-0.11214910133022538,0.5662487476932526,1.5188113073399308e-85,0.0,0.0,-0.24983874032567352
31.975,1.7512931738121618e+18,0.9089296539665913,-1.680020057206742,-0.2368660580771089,0.2239705122635308,-1.9173014796966892,-0.05006120007307836,0.5308134275186361,1.2346808442713702e-86,0.0,0.0,-0.2368660580771089
32.0,1.7512931738371617e+18,0.9236933228361907,-1.6881394182252103,-0.22682505348090715,0.27309955272791503,-1.9243048847318673,0.00804314041970132,0.4732596656892179,-7.979201822294243e-86,0.0,0.0,-0.22682505348090715
32.025,1.7512931738621617e+18,0.9387505335306074,-1.6915369447866326,-0.21874872216844465,0.3668195333765308,-1.9282110856003665,0.059355699958291645,0.41291397284391257,-1.1321065321290146e-85,0.0,0.0,-0.21874872216844465
32.050000000000004,1.7512931738871619e+18,0.9382447228204747,-1.6958533553043693,-0.21117297383049824,0.4882971556381144,-1.9364053084149047,0.10034585007279996,0.3602354873058762,-9.905396704849739e-86,0.0,0.0,-0.21117297383049824
32.075,1.7512931739121618e+18,0.9694613767198031,-1.7056140777923072,-0.20301592861859435,0.6074743907650058,-1.932513480938781,0.12809071200559585,0.31551858328298893,-5.920894339462015e-86,0.0,0.0,-0.20301592861859435
32.1,1.7512931739371617e+18,0.9960095778798157,-1.7233416980464373,-0.19416569054699673,0.6901000746564271,-1.931302465027553,0.1419072500325834,0.27233110634509555,-1.553460101381668e-86,0.0,0.0,-0.19416569054699673
32.125,1.7512931739621617e+18,0.9960256248130717,-1.7241048147048619,-0.1855110093508946,0.7094603877877498,-1.933443671406774,0.1443301609577543,0.22368636289880658,1.6943932249953123e-86,0.0,0.0,-0.1855110093508946
32.15,1.7512931739871616e+18,1.028289065050512,-1.7296158602108305,-0.17841337660198608,0.6568462299429536,-1.9252566148240455,0.14072865889780906,0.16794116969957204,3.221081237329427e-86,0.0,0.0,-0.17841337660198608
32.175000000000004,1.7512931740121618e+18,1.0282049656953107,-1.7302899044107138,-0.17391984667160057,0.5468403587309368,-1.9256719752071372,0.13754418780879626,0.11176689845365936,3.1826611442923714e-86,0.0,0.0,-0.17391984667160057
32.2,1.7512931740371617e+18,1.0279465840016628,-1.7213981574462518,-0.17215169522136034,0.4149573446573514,-1.9171467095522083,0.13987697437444696,0.0689833620693226,2.165916797349682e-86,0.0,0.0,-0.17215169522136034
32.225,1.7512931740621617e+18,1.0283995411156774,-1.7202911437285975,-0.17216901753874667,0.3077457766946818,-1.9178691253150975,0.14955498891391192,0.05585892915274578,8.471954170541637e-87,0.0,0.0,-0.17216901753874667
32.25,1.7512931740871619e+18,1.046333335806796,-1.7358647175180029,-0.172313005357438,0.2682940461771241,-1.9103097605220234,0.16463873331299858,0.08487033891347928,-2.513877749294732e-87,0.0,0.0,-0.172313005357438
32.275,1.7512931741121618e+18,1.0460882531822149,-1.7367970839895914,-0.170781854239213,0.3219023933039756,-1.91059277475279,0.1805802133651143,0.1593722507233025,-8.68114893772943e-87,0.0,0.0,-0.170781854239213
32.300000000000004,1.7512931741371617e+18,1.0513118445701934,-1.744457178986965,-0.16614846723748627,0.466734184310042,-1.8994011835874929,0.19237382708219136,0.27110086000636313,-9.876418254240695e-87,0.0,0.0,-0.16614846723748627
32.325,1.7512931741621617e+18,1.1033202086638743,-1.753154271014999,-0.15766154812119584,0.672728159798394,-1.8834949470939613,0.19659966844807483,0.4012778050245172,-7.552993820700463e-87,0.0,0.0,-0.15766154812119584
32.35,1.7512931741871616e+18,1.1034498121834833,-1.7528439775427935,-0.14533971790704106,0.8895623352209554,-1.877369741525505,0.19252207636711852,0.5248132197800721,-3.727658016441002e-87,0.0,0.0,-0.14533971790704106
32.375,1.7512931742121618e+18,1.177561310019571,-1.7589328415629886,-0.12993438003980953,1.0616636087984708,-1.8716024554343138,0.18205777943982854,0.6161831992410745,-1.4484134663865115e-88,0.0,0.0,-0.12993438003980953
32.4,1.7512931742371617e+18,1.177980487971315,-1.757560305035556,-0.11280082421517552,1.1458179956398973,-1.8630063654068447,0.16896141889530839,0.6552138341180463,2.167310953499044e-87,0.0,0.0,-0.11280082421517552
32.425000000000004,1.7512931742621617e+18,1.2098178846701735,-1.7611386581592063,-0.09567585329227166,1.1255021575789714,-1.8659063320523706,0.1577537412549069,0.6312424873527747,2.9544768860709666e-87,0.0,0.0,-0.09567585329227166
32.45,1.7512931742871619e+18,1.2096195880539422,-1.7614797437418155,-0.08037268841880146,1.0163960291846323,-1.858155657480948,0.15281795442646665,0.5447779943785698,2.5312664833326753e-87,0.0,0.0,-0.08037268841880146
32.475,1.7512931743121618e+18,1.2405024818394321,-1.7527742959365622,-0.06844658122791526,0.8603086815560869,-1.8594481004690135,0.1578763850358535,0.4065940942761031,1.4741717563171953e-87,0.0,0.0,-0.06844658122791526
32.5,1.7512931743371617e+18,1.2402938319746228,-1.7532244810239264,-0.06091445389868992,0.7093925469298692,-1.854259229941382,0.17583456565754976,0.23490769361900202,3.4562277311917e-88,0.0,0.0,-0.06091445389868992
32.525,1.7512931743621617e+18,1.2598082773485892,-1.755372021236471,-0.058108056655106544,0.6067344741692231,-1.8545557373535633,0.20880044522091765,0.05171097286430119,-4.7622789458754316e-88,0.0,0.0,-0.058108056655106544
32.550000000000004,1.7512931743871616e+18,1.2591535711244501,-1.7572337122155954,-0.05969760877335622,0.5707345292628536,-1.850598234965344,0.25801041921713,-0.12066066698036149,-8.477447583486289e-88,0.0,0.0,-0.05969760877335622
32.575,1.7512931744121618e+18,1.310825381227943,-1.7478584297270856,-0.06485594028540374,0.5886455380028002,-1.8441540380370771,0.3234631513471263,-0.26200577444475764,-8.184695740498535e-88,0.0,0.0,-0.06485594028540374
32.6,1.7512931744371617e+18,1.3137213422897245,-1.741442421800575,-0.07247778598722336,0.6208826417864374,-1.8288184938222463,0.40326592846825227,-0.35563636291714434,-5.447264580071738e-88,0.0,0.0,-0.07247778598722336
32.625,1.7512931744621617e+18,1.313847817486859,-1.7408921959225925,-0.08135627922333029,0.6142600867530037,-1.8184199421173954,0.49296229181510154,-0.3890569912962352,-2.0165904420673858e-88,0.0,0.0,-0.08135627922333029
32.65,1.7512931744871619e+18,1.3140485825523032,-1.7400187745965128,-0.09025291893916204,0.5202396629125507,-1.8019134178282958,0.5852974323831555,-0.35460052597833547,7.829542155324288e-89,0.0,0.0,-0.09025291893916204
32.675000000000004,1.7512931745121618e+18,1.3546289382149648,-1.7533532919029486,-0.09786240521141719,0.31341021977655387,-1.7846605622418015,0.6708389135265235,-0.2505274169201775,2.310189741071184e-88,0.0,0.0,-0.09786240521141719
32.7,1.7512931745371617e+18,1.3546347476899585,-1.7530093675541225,-0.10274710310286145,0.0050004533481216905,-1.764423450281871,0.7395608753722713,-0.08259255174512196,2.5561551515017564e-88,0.0,0.0,-0.10274710310286145
32.725,1.7512931745621617e+18,1.3248905248339573,-1.7332074383344156,-0.10336587885734651,-0.3537679670231912,-1.7394655128351866,0.7830543554286983,0.13453052576071903,1.9147130027756062e-88,0.0,0.0,-0.10336587885734651
32.75,1.7512931745871616e+18,1.2333412902474425,-1.6638451992065102,-0.09830371001399432,-0.6819381503401483,-1.7036299983254124,0.796679121816233,0.3769763734849621,9.117915965421888e-89,0.0,0.0,-0.09830371001399432
32.775,1.7512931746121618e+18,1.233336149027607,-1.6634941501105471,-0.08669477107599924,-0.8915117978625561,-1.6930357346551703,0.7809086337530692,0.613496731701591,-7.115428117116377e-91,0.0,0.0,-0.08669477107599924
32.800000000000004,1.7512931746371617e+18,1.233320690996742,-1.6624386559038136,-0.06867343106655881,-0.915272456061045,-1.6611821162945843,0.7413712897741946,0.8096820739432754,-5.863247787249739e-89,0.0,0.0,-0.06867343106655881
32.825,1.7512931746621617e+18,1.2619552847450637,-1.6533190756705967,-0.04560886133138538,-0.7287227062909641,-1.6394168950771348,0.6875309338018224,0.9340095937268919,-7.69982067642361e-89,0.0,0.0,-0.04560886133138538
32.85,1.7512931746871619e+18,1.3370662628315195,-1.6504242521525558,-0.019962952215672236,-0.3570690874691774,-1.5966598510264778,0.630385189997259,0.9642862339388867,-6.460892219097403e-89,0.0,0.0,-0.019962952215672236
32.875,1.7512931747121618e+18,1.3370455342676475,-1.6502097923190087,0.005197962693147544,0.13486406675105483,-1.5860521331521749,0.5798424946494495,0.8926651643487687,-3.6623040670491184e-89,0.0,0.0,0.005197962693147544
32.9,1.7512931747371617e+18,1.3724725246573883,-1.6498036701520393,0.026851724202734826,0.664115052245831,-1.5633465275335876,0.5425006314971837,0.7276790779349872,-7.4952948623622125e-90,0.0,0.0,0.026851724202734826
32.925000000000004,1.7512931747621617e+18,1.3724915098681132,-1.6494722534750006,0.04261136446061398,1.1525090287882827,-1.5435409651981578,0.5204012670690559,0.4925773402630196,1.3272182893988917e-89,0.0,0.0,0.04261136446061398
32.95,1.7512931747871616e+18,1.3725130140768933,-1.6490968637298145,0.0511072682928489,1.5422576811237863,-1.521107558814476,0.511052314113508,0.22036415790318256,2.2273968464492103e-89,0.0,0.0,0.0511072682928489
32.975,1.7512931748121618e+18,1.4884102250777553,-1.6554987301403872,0.05210370151110383,1.800999786862922,-1.4999497148603949,0.5086859679183551,-0.05309403489899159,2.102415911910082e-89,0.0,0.0,0.05210370151110383
33.0,1.7512931748371617e+18,1.5129264342843909,-1.6569442310021327,0.04637076624822803,1.919322458407003,-1.4797560618202215,0.5064089090036854,-0.2960236766973492,1.3677490233117534e-89,0.0,0.0,0.04637076624822803
33.025,1.7512931748621617e+18,1.557305164495581,-1.6691497675218467,0.035380925613136174,1.9065603300724756,-1.464159208503375,0.4986397893964424,-0.486004967118242,4.763979486378638e-90,0.0,0.0,0.035380925613136174
33.050000000000004,1.7512931748871619e+18,1.6376506651098364,-1.6801171454294472,0.02091948919498484,1.7883266644800222,-1.442218492717714,0.48309756059136566,-0.6124240830165835,-2.361474172097178e-90,0.0,0.0,0.02091948919498484
33.075,1.7512931749121618e+18,1.6377392592250504,-1.6802613094048948,0.004703112369076559,1.6045033830715352,-1.4259464382477836,0.46169738856206777,-0.6759228411404661,-6.133657579997791e-90,0.0,0.0,0.004703112369076559
33.1,1.7512931749371617e+18,1.6636468915933245,-1.6841615985934069,-0.01190428123847342,1.4038788771145745,-1.408198199927568,0.44004174350085273,-0.6855276551701296,-6.6078343603839375e-90,0.0,0.0,-0.01190428123847342
33.125,1.7512931749621617e+18,1.6636821818784628,-1.684394767979761,-0.02801342091428514,1.2335616643096012,-1.3940275987694648,0.425655699729041,-0.6546887959350818,-4.8473740621218064e-90,0.0,0.0,-0.02801342091428514
33.15,1.7512931749871616e+18,1.7220057817622214,-1.7058983344551584,-0.04315709635227233,1.1258788294209954,-1.3763671797184904,0.425535075117198,-0.5975346253701889,-2.2219283660872257e-90,0.0,0.0,-0.04315709635227233
33.175000000000004,1.7512931750121618e+18,1.7220082133637755,-1.706300296340388,-0.057115222524624656,1.0887397387403797,-1.3633262079402457,0.44379227167921537,-0.5262727892707467,1.321465916470761e-91,0.0,0.0,-0.057115222524624656
33.2,1.7512931750371617e+18,1.802759016657855,-1.693275138413934,-0.06971533161248869,1.104820957347745,-1.3543837125418932,0.4801186614573086,-0.4500428992645286,1.580454479979223e-90,0.0,0.0,-0.06971533161248869
33.225,1.7512931750621617e+18,1.8026607866963673,-1.6930676253345407,-0.08070895409835806,1.140704939590068,-1.3438598192455191,0.52948892700686,-0.3749210530371764,2.004029274520616e-90,0.0,0.0,-0.08070895409835806
33.25,1.7512931750871619e+18,1.8609960783300434,-1.691702435298094,-0.08978321170519171,1.1618408264302074,-1.3238945303417704,0.5831576318122467,-0.3044460774627824,1.647134324597414e-90,0.0,0.0,-0.08978321170519171
33.275,1.7512931751121618e+18,1.860859144748813,-1.6914285369596629,-0.09669842435440494,1.146157783352068,-1.3132097649148449,0.6306657360480251,-0.24009388803741163,9.076947876574786e-91,0.0,0.0,-0.09669842435440494
33.300000000000004,1.7512931751371617e+18,1.8739339122339878,-1.6995796772263487,-0.10146612100660098,1.0902029119387266,-1.2950041604440619,0.6623398645503168,-0.18149054529940445,1.5678045183587791e-91,0.0,0.0,-0.10146612100660098
33.325,1.7512931751621617e+18,1.8737392048143635,-1.6995578679619143,-0.10443065590070655,1.0059481848560716,-1.2802241407033226,0.671647426029362,-0.12658786161232496,-3.672402997307012e-91,0.0,0.0,-0.10443065590070655
33.35,1.7512931751871616e+18,1.9115852214987463,-1.6985066617327544,-0.10614873036374418,0.9111696634970786,-1.2529935091563995,0.6567761771359488,-0.07224838427987086,-5.842937180950767e-91,0.0,0.0,-0.10614873036374418
33.375,1.7512931752121618e+18,1.937603746307418,-1.7070559510829826,-0.1070969486301522,0.8188677353865764,-1.2311573862686864,0.6209613761027696,-0.015532644428170261,-5.394342358247754e-91,0.0,0.0,-0.1070969486301522
33.4,1.7512931752371617e+18,1.937593814881479,-1.7077967552811253,-0.10738920422407933,0.7306579980804563,-1.2172143670249214,0.5714167692796069,0.0444954533092096,-3.4284062526683056e-91,0.0,0.0,-0.10738920422407933
33.425000000000004,1.7512931752621617e+18,1.9571478477636814,-1.708851691097124,-0.10671022975020969,0.6365491876369377,-1.204626926905321,0.517184373068642,0.1051630982489531,-1.115418193287264e-91,0.0,0.0,-0.10671022975020969
33.45,1.7512931752871619e+18,1.9739884315087062,-1.710716286066067,-0.10453457923154885,0.5207067999040239,-1.1953926319907733,0.466614572563907,0.1597478026714475,6.959147613401928e-92,0.0,0.0,-0.10453457923154885
33.475,1.7512931753121618e+18,1.981892775773976,-1.7081753673700804,-0.10051520472734536,0.3705767753490125,-1.1829502068231323,0.4253164647901104,0.198900162881394,1.6250115161426163e-91,0.0,0.0,-0.10051520472734536
33.5,1.7512931753371617e+18,1.9813641551573624,-1.7069736916301952,-0.09482293430232755,0.18551274212474117,-1.1742453362096867,0.3952123604957628,0.2138867925619111,1.7061672708675815e-91,0.0,0.0,-0.09482293430232755
33.525,1.7512931753621617e+18,1.9726732106470553,-1.7369059085072343,-0.08824381374424427,-0.01884851948715824,-1.1574538684293854,0.37488945339112195,0.2006997042487196,1.2254914381647616e-91,0.0,0.0,-0.08824381374424427
33.550000000000004,1.7512931753871616e+18,1.972695729996391,-1.7375800827178538,-0.08196601193003257,-0.21272146458023908,-1.1468797767740655,0.3609585364101149,0.1634381756432352,5.3920988059692705e-92,0.0,0.0,-0.08196601193003257
33.575,1.7512931754121618e+18,1.947846442401895,-1.796676977964771,-0.07713690971435225,-0.360508631821325,-1.132620885176925,0.34979716711049,0.1153529028274319,-6.316639996459356e-93,0.0,0.0,-0.07713690971435225
33.6,1.7512931754371617e+18,1.9483869844670412,-1.7986568476817786,-0.07436685020800478,-0.43218314173744643,-1.1256045804757473,0.33898006398696784,0.07664004921078274,-4.2461635505045786e-92,0.0,0.0,-0.07436685020800478
33.625,1.7512931754621617e+18,1.9505453399150565,-1.803603642184947,-0.07337361137010084,-0.412762220986275,-1.11399910895847,0.32787985534364844,0.06925455612593373,-5.2091361466723514e-92,0.0,0.0,-0.07337361137010084
33.65,1.7512931754871619e+18,1.9504543047731862,-1.803598556679021,-0.07291790420615099,-0.3054693507248293,-1.1086784872956974,0.3172845372718307,0.11021776748272431,-4.194105499766741e-92,0.0,0.0,-0.07291790420615099
33.675000000000004,1.7512931755121618e+18,1.9729810309094835,-1.7944445081938407,-0.07108586431472966,-0.12722789821147812,-1.0978948022273605,0.3083065285642986,0.20562669471168432,-2.2440277674949895e-92,0.0,0.0,-0.07108586431472966
33.7,1.7512931755371617e+18,1.9729536470932298,-1.7945773768737914,-0.06584393004916535,0.10078510890152155,-1.0927461262090716,0.30118907535983475,0.3475062647209097,-3.10393166059959e-93,0.0,0.0,-0.06584393004916535
33.725,1.7512931755621617e+18,2.0084616390952967,-1.7784955396659439,-0.055678089931810046,0.36195349343537203,-1.0833622568808465,0.294689786371467,0.5147682210397453,1.0098809189226568e-92,0.0,0.0,-0.055678089931810046
33.75,1.7512931755871616e+18,2.008327351377954,-1.7783535812016038,-0.04009519911656707,0.6469873893321895,-1.0785961212023922,0.28646901312764034,0.6781604670032968,1.5303630665458188e-92,0.0,0.0,-0.04009519911656707
33.775,1.7512931756121618e+18,2.0471371316259135,-1.73846479713389,-0.019817958939418196,0.9484925041630011,-1.0700332457236454,0.2744090214296684,0.8077209577304723,1.3824862950333795e-92,0.0,0.0,-0.019817958939418196
33.800000000000004,1.7512931756371617e+18,2.046654038333469,-1.7375562736356258,0.00339063933526186,1.2499338161901363,-1.0644942445066183,0.25826308062345926,0.8804037385171655,8.578246356309668e-93,0.0,0.0,0.00339063933526186
33.825,1.7512931756621617e+18,2.1011131846950555,-1.6790560524520588,0.027217164671838216,1.515371674374063,-1.056964255843401,0.24077702117624508,0.8855321420890129,2.583593729928651e-93,0.0,0.0,0.027217164671838216
33.85,1.7512931756871619e+18,2.1692143641530257,-1.6436116274830084,0.049434896891513515,1.6872857633433216,-1.0515316597671642,0.22762595755954004,0.8265424089075831,-2.015085586920296e-93,0.0,0.0,0.049434896891513515
33.875,1.7512931757121618e+18,2.1693229189180987,-1.6437815214196534,0.06846243971031474,1.6972885751439033,-1.0442148533903266,0.22607242192595992,0.7187818700642692,-4.296493593994697e-93,0.0,0.0,0.06846243971031474
33.9,1.7512931757371617e+18,2.1935481858304886,-1.6322108464148355,0.08365070831341785,1.4894421065600671,-1.0377547682602488,0.2428405010624731,0.5844124469634583,-4.4002732719087604e-93,0.0,0.0,0.08365070831341785
33.925000000000004,1.7512931757621617e+18,2.1936600267252975,-1.6323250246575287,0.09522209991065132,1.0501769100395462,-1.029870341095132,0.2819907095002484,0.44626634232238466,-3.0938218938364975e-93,0.0,0.0,0.09522209991065132
33.95,1.7512931757871616e+18,2.1561936139705282,-1.6180224986740739,0.10392900140973167,0.4346180371043636,-1.0271457429975772,0.34349673628744565,0.3225554339599111,-1.3024472936989288e-93,0.0,0.0,0.10392900140973167
33.975,1.7512931758121618e+18,2.1561523030761722,-1.6176183367600243,0.1106040524809286,-0.2220989135679822,-1.0123467622428168,0.4229109717067065,0.22371830525770067,2.371610073268163e-94,0.0,0.0,0.1106040524809286
34.0,1.7512931758371617e+18,2.1527058668176933,-1.6075547278393618,0.11580303227330103,-0.7178338426149019,-0.99107051790955,0.512130558137774,0.15174037493199832,1.1373780882564113e-93,0.0,0.0,0.11580303227330103
34.025,1.7512931758621617e+18,2.152673341305474,-1.6072774948686714,0.11968111088293515,-0.8249701831291595,-0.9797924255209094,0.6009473094596075,0.10144595291961116,1.3523170232021902e-93,0.0,0.0,0.11968111088293515
34.050000000000004,1.7512931758871619e+18,2.1506683665016597,-1.6103145578684686,0.12211554415560785,-0.3567249686748616,-0.9585636897043757,0.6788852568871476,0.06286691515738121,1.0666304800559928e-93,0.0,0.0,0.12211554415560785
34.075,1.7512931759121618e+18,2.1507208131999045,-1.6099986337845513,0.12295347026654987,0.7561668932982564,-0.936639298267993,0.736885816001308,0.023907214165479546,5.53263085968168e-94,0.0,0.0,0.12295347026654987
34.1,1.7512931759371617e+18,2.151974145267872,-1.6124546258003587,0.12219552561683508,2.40450115075279,-0.9138400009316605,0.7686308345492604,-0.027065814194701006,5.5914158626683076e-95,0.0,0.0,0.12219552561683508
34.125,1.7512931759621617e+18,2.1515867484909466,-1.6113068730289428,0.11997081957587546,4.288323086754089,-0.8918875140708815,0.7714757158675403,-0.09871577977160055,-2.762132540605288e-94,0.0,0.0,0.11997081957587546
34.15,1.7512931759871616e+18,3.221636288118729,-1.67991935495496,0.11631078835299839,5.977988453487056,-1.0825169543952753,0.7469383543094416,-0.194304941979602,-4.002328542935348e-94,0.0,0.0,0.11631078835299839
34.175000000000004,1.7512931760121618e+18,3.233566584512061,-1.6749228999937937,0.11090614049966109,7.043376451328228,-1.0409995637665395,0.7005454031629915,-0.30965560847552503,-3.539021117383516e-94,0.0,0.0,0.11090614049966109
34.2,1.7512931760371617e+18,3.2761901819801276,-1.6551068571997167,0.10309295802831833,7.205400843571767,-1.0324977271586344,0.6408264305149168,-0.4322613529521126,-2.1423119949182604e-94,0.0,0.0,0.10309295802831833
34.225,1.7512931760621617e+18,3.2768040635916327,-1.6558827404825043,0.09218144085825344,6.44069455733085,-1.0068080491514055,0.5775142683183232,-0.5424573356910283,-5.905327372843401e-95,0.0,0.0,0.09218144085825344
34.25,1.7512931760871619e+18,3.3152980523628495,-1.6530113097544397,0.07799552685928268,4.9868651022294666,-0.9940947592556708,0.5194238754684269,-0.6171567925547756,5.754812816307847e-95,0.0,0.0,0.07799552685928268
34.275000000000006,1.7512931761121618e+18,3.32671983086988,-1.6424186123025912,0.06131721695202364,3.245779387163376,-0.9758794100620198,0.47272064893278154,-0.6357404744444545,1.1338139254398121e-94,0.0,0.0,0.06131721695202364
34.300000000000004,1.7512931761371617e+18,3.3268495614762172,-1.6421978979104417,0.0439518639394622,1.634134299186604,-0.9616654340683022,0.4401326243983316,-0.5866186034240727,1.1335407106964089e-94,0.0,0.0,0.0439518639394622
34.325,1.7512931761621617e+18,3.327011936665588,-1.6419216443552203,0.02832606833720013,0.4510728706733638,-0.9438747437383128,0.42120562733435696,-0.4723021563791275,7.799010946001802e-95,0.0,0.0,0.02832606833720013
34.35,1.7512931761871616e+18,3.3589702127464203,-1.6401517117553377,0.016764991745157058,-0.18735321637511204,-0.9411777876026886,0.4132563554907346,-0.31093668308522515,3.1294664959578526e-95,0.0,0.0,0.016764991745157058
34.375,1.7512931762121618e+18,3.359158254345351,-1.6401625945853455,0.010740351318447519,-0.33766217831031736,-0.9258243820772054,0.4124829849072237,-0.13323883775956213,-8.00982445862108e-96,0.0,0.0,0.010740351318447519
34.400000000000006,1.7512931762371617e+18,3.3751209925307872,-1.6389504384653981,0.010381442306754106,-0.16621392398406581,-0.9175993006882845,0.4147750022978342,0.024693481899670643,-3.038163323617144e-95,0.0,0.0,0.010381442306754106
34.425000000000004,1.7512931762621617e+18,3.403400977259462,-1.6408694088246945,0.014422586074985366,0.12987201730692913,-0.9110269507310926,0.41602335136288976,0.13073743641878802,-3.5063380732717875e-95,0.0,0.0,0.014422586074985366
34.45,1.7512931762871619e+18,3.403364586369594,-1.6407836768162132,0.02058758723222107,0.38801010360719546,-0.9023483390245497,0.412037866515295,0.16544779253983952,-2.7092052600043825e-95,0.0,0.0,0.02058758723222107
34.475,1.7512931763121618e+18,3.4179348362354998,-1.6417967839904053,0.02626099093198594,0.5155381631670093,-0.8938527612288598,0.3984010032729621,0.127395725102418,-1.3600294948567463e-95,0.0,0.0,0.02626099093198594
34.5,1.7512931763371617e+18,3.4178593425798476,-1.64164127199483,0.029219868834984567,0.49357800834921467,-0.885597577969353,0.37062353161479805,0.03348059567567219,-8.226196017321987e-97,0.0,0.0,0.029219868834984567
34.525000000000006,1.7512931763621617e+18,3.423040301503815,-1.6625074520318062,0.02820999447916535,0.3580290674671802,-0.8758128498110849,0.3247948775767661,-0.0858451585581631,7.518824928256922e-96,0.0,0.0,0.02820999447916535
34.550000000000004,1.7512931763871616e+18,3.4231137549723276,-1.6625559940464478,0.023222981324770756,0.17069555574540826,-0.8685127501803986,0.2586159527288718,-0.1949039745600241,1.0452220165518283e-95,0.0,0.0,0.023222981324770756
34.575,1.7512931764121618e+18,3.433870490959237,-1.6714340794818123,0.01542816169930567,-0.007484081938337062,-0.863391017489517,0.1724227709380052,-0.2620945935020806,9.04902578949374e-96,0.0,0.0,0.01542816169930567
34.6,1.7512931764371617e+18,3.4340038003799185,-1.6715629545814052,0.006804467589325958,-0.1336349678609819,-0.8577270708405775,0.06972340828224642,-0.2674183327823625,5.339454530672456e-96,0.0,0.0,0.006804467589325958
34.625,1.7512931764621617e+18,3.4478699543840667,-1.701404514092069,-0.00041098939245171225,-0.18869295793218632,-0.8541292962312967,-0.043049335425672665,-0.20620642379302462,1.3272875479828711e-96,0.0,0.0,-0.00041098939245171225
34.650000000000006,1.7512931764871619e+18,3.4479473796798885,-1.701473653216683,-0.004298452476697754,-0.17428435457047015,-0.8499919325918444,-0.15752412962207107,-0.08836265519510685,-1.6252480657135595e-96,0.0,0.0,-0.004298452476697754
34.675000000000004,1.7512931765121618e+18,3.46589655606091,-1.7223563542622646,-0.0036936862014952175,-0.10530305866714003,-0.855139092120837,-0.264773578182231,0.06608866996553288,-2.9866383193366803e-96,0.0,0.0,-0.0036936862014952175
34.7,1.7512931765371617e+18,3.4659556534169416,-1.72243083633008,0.001629000067412075,-0.0022625693485384467,-0.8551824684955767,-0.35664997427058753,0.2332532352870102,-2.916733169773056e-96,0.0,0.0,0.001629000067412075
34.725,1.7512931765621617e+18,3.490952914797696,-1.7247888600647379,0.011065162468466616,0.11434248124833994,-0.8774294889080378,-0.42673933695793925,0.3911508494342623,-1.962990093107748e-96,0.0,0.0,0.011065162468466616
34.75,1.7512931765871616e+18,3.4910088386833222,-1.7248594680222438,0.023517661569504293,0.22721842321291025,-0.8871559926302552,-0.4708262792140227,0.5232386075257771,-7.474097535408522e-97,0.0,0.0,0.023517661569504293
34.775000000000006,1.7512931766121618e+18,3.5082368822125254,-1.7149461215053619,0.03781455105961487,0.32347401166990164,-0.9017403299531872,-0.4869807449420261,0.6189812221808819,2.5479640018120364e-97,0.0,0.0,0.03781455105961487
34.800000000000004,1.7512931766371617e+18,3.5082790653831957,-1.7149971939467001,0.0530230117786167,0.39451245066389246,-0.9105149986474248,-0.47547720018398165,0.6720664973837085,8.094791323699136e-97,0.0,0.0,0.0530230117786167
34.825,1.7512931766621617e+18,3.5083938054691197,-1.7017480219732761,0.06852087908072252,0.4353045320858193,-0.9315128930957179,-0.4386999524638934,0.6778191888564253,9.080322912333062e-97,0.0,0.0,0.06852087908072252
34.85,1.7512931766871619e+18,3.5329374986751536,-1.686577524404079,0.08380865286503471,0.4437673150674249,-0.9524286827232924,-0.38102327786045453,0.6315944573162418,6.872432000262504e-97,0.0,0.0,0.08380865286503471
34.875,1.7512931767121618e+18,3.53279684260504,-1.6864728726679112,0.09818340303840124,0.4207562386804873,-0.9642826564218177,-0.3084937775499785,0.5293362997781035,3.3324151729818126e-97,0.0,0.0,0.09818340303840124
34.900000000000006,1.7512931767371617e+18,3.5422620635391886,-1.679696474105695,0.11047632733897585,0.3705772720272421,-0.9692201065113171,-0.2281099918467339,0.3703209228457475,5.337763102587093e-99,0.0,0.0,0.11047632733897585
34.925000000000004,1.7512931767621617e+18,3.550222024757051,-1.7044539258733749,0.11903807472962016,0.3013369880784379,-0.9756976144324048,-0.14665841450485068,0.16088141633517822,-2.0380411242176987e-97,0.0,0.0,0.11903807472962016
34.95,1.7512931767871616e+18,3.559355867553116,-1.7058396222339665,0.12205119255706412,0.22442726259176607,-0.9779907023113137,-0.06937745847511005,-0.08281539420185394,-2.725849991363867e-97,0.0,0.0,0.12205119255706412
34.975,1.7512931768121618e+18,3.5601652605867,-1.7070962538076482,0.11809840183208012,0.153041833660392,-0.982913673377269,0.0010083452121495535,-0.3347397903994771,-2.3110641832034898e-97,0.0,0.0,0.11809840183208012
35.0,1.7512931768371617e+18,3.5771549854676423,-1.706428104620136,0.10677318002935268,0.10027022730114357,-0.9819120844354412,0.06436742902966822,-0.5625445543564026,-1.3279646859572999e-97,0.0,0.0,0.10677318002935268
35.025000000000006,1.7512931768621617e+18,3.5779653861590717,-1.7078099206865913,0.08904989903917514,0.0773719087804907,-0.9865493232986569,0.12224684576460057,-0.7340827570650781,-2.9182642777432338e-98,0.0,0.0,0.08904989903917514
35.050000000000004,1.7512931768871619e+18,3.5852869022159957,-1.7355455281436016,0.06719769598399289,0.0923423163197953,-0.971408435002231,0.17641017174116755,-0.825012942021067,4.547773244717398e-98,0.0,0.0,0.06719769598399289
35.075,1.7512931769121618e+18,3.5859176902487904,-1.7365611189854497,0.044230593625264235,0.1485805960736216,-0.9717069673469987,0.22757803959296488,-0.8250208615307242,7.853713775687938e-98,0.0,0.0,0.044230593625264235
35.1,1.7512931769371617e+18,3.6181371570891336,-1.7236917941003471,0.02312243562632791,0.2438169305228877,-0.9594695643550724,0.2749828849355688,-0.74055208158331,7.496523454939304e-98,0.0,0.0,0.02312243562632791
35.125,1.7512931769621617e+18,3.6179009383551226,-1.7234215343697343,0.0061105819457283475,0.36994873060025907,-0.9577634599584193,0.31688829803293517,-0.5931160194753174,4.932909141986918e-98,0.0,0.0,0.0061105819457283475
35.150000000000006,1.7512931769871616e+18,3.6536255474337946,-1.697872357029902,-0.005686864238037999,0.5142497029285612,-0.9431146132393402,0.35173104660724314,-0.4137157050872092,1.772604736947988e-98,0.0,0.0,-0.005686864238037999
35.175000000000004,1.7512931770121618e+18,3.65380028337721,-1.6981292069118912,-0.012298576685059818,0.6615331364752254,-0.9388802274752064,0.379270371026938,-0.235200602117987,-7.797855713448193e-99,0.0,0.0,-0.012298576685059818
35.2,1.7512931770371617e+18,3.6719856441569543,-1.6897366607455222,-0.014659070659371517,0.7962130353454658,-0.9310169278963323,0.40115897309480575,-0.08489303300310277,-2.151625015867769e-98,0.0,0.0,-0.014659070659371517
35.225,1.7512931770621617e+18,3.672022955905736,-1.6897901917169735,-0.014220087276450766,0.9037129270995159,-0.9250870897823731,0.42062002433906237,0.02044158407250365,-2.348709800424723e-98,0.0,0.0,-0.014220087276450766
35.25,1.7512931770871619e+18,3.737833766650307,-1.6428080769755413,-0.012519953979732648,0.9719115310763914,-0.9103976225445112,0.4413137814762942,0.07615391094509573,-1.7410257051962953e-98,0.0,0.0,-0.012519953979732648
35.275000000000006,1.7512931771121618e+18,3.7569379978500814,-1.6439517225331797,-0.010804646870748788,0.9936673479840161,-0.9053138885604373,0.4658846668293707,0.08789324523978194,-8.136244334370905e-99,0.0,0.0,-0.010804646870748788
35.300000000000004,1.7512931771371617e+18,3.7715937036235534,-1.6342460568663275,-0.009793450393696492,0.970061293860683,-0.8962837113553768,0.49491866359438785,0.06756123856872415,2.688706131824323e-100,0.0,0.0,-0.009793450393696492
35.325,1.7512931771621617e+18,3.771523740726409,-1.6341554320383445,-0.009658882140109801,0.9121264981498152,-0.8895758445095154,0.5269164014380512,0.028723730144101466,5.503272222854855e-99,0.0,0.0,-0.009658882140109801
35.35,1.7512931771871616e+18,3.796274027339868,-1.6109793875384992,-0.010217201796134548,0.8386386230250332,-0.8706193732049403,0.5593709797811786,-0.016948616568748225,7.099221325397084e-99,0.0,0.0,-0.010217201796134548
35.375,1.7512931772121618e+18,3.812570750314481,-1.6128444912388342,-0.011225362351753611,0.7696580061235097,-0.858416603534736,0.5904047942853083,-0.061306684989616715,5.895322973868444e-99,0.0,0.0,-0.011225362351753611
35.400000000000006,1.7512931772371617e+18,3.812400932992538,-1.6126451490654328,-0.01261888426363279,0.7184521723606115,-0.841452734040844,0.6200894452168141,-0.09942326648638634,3.295258563343982e-99,0.0,0.0,-0.01261888426363279
35.425000000000004,1.7512931772621617e+18,3.849954605070585,-1.5900318745106647,-0.014557353184589832,0.6859010529985778,-0.8258637522845591,0.6507662501217888,-0.12814642596817263,6.225517521894308e-100,0.0,0.0,-0.014557353184589832
35.45,1.7512931772871619e+18,3.849882341460996,-1.5899789931951192,-0.01726139963314681,0.6603321807885516,-0.8076870255570467,0.6862343675902726,-0.14461412614714542,-1.2627009547679604e-99,0.0,0.0,-0.01726139963314681
35.475,1.7512931773121618e+18,3.879860453339242,-1.5779401009173637,-0.020753644534924398,0.6228237506295783,-0.7881051083992521,0.7302085113971938,-0.145629820918768,-2.06183129445047e-99,0.0,0.0,-0.020753644534924398
35.5,1.7512931773371617e+18,3.882906144643082,-1.568496170246202,-0.024672472265433443,0.5553296648676066,-0.7676838533986605,0.7847064336804963,-0.12820170239065085,-1.9245407710284664e-99,0.0,0.0,-0.024672472265433443
35.525000000000006,1.7512931773621617e+18,3.8854916277834017,-1.5712778497836428,-0.02828060382201269,0.4479089229216836,-0.7515110299443202,0.8489751963122255,-0.09087696532081814,-1.2375511082273995e-99,0.0,0.0,-0.02828060382201269
35.550000000000004,1.7512931773871616e+18,3.8853025274104747,-1.571115477400701,-0.030676268233557194,0.30211247261768864,-0.7272097105044204,0.9193172609800649,-0.03507897283315504,-4.1696627586398655e-100,0.0,0.0,-0.030676268233557194
35.575,1.7512931774121618e+18,3.8817478906835094,-1.5900568645264426,-0.031102085978777866,0.12967241312588568,-0.711199348244345,0.9898612853554681,0.03434441377451619,2.3227024036614306e-100,0.0,0.0,-0.031102085978777866
35.6,1.7512931774371617e+18,3.8812936484163423,-1.589658500258153,-0.029195939624528124,-0.052031080946014864,-0.6834726152133008,1.0540184830437604,0.10977118533457596,5.706396181433428e-100,0.0,0.0,-0.029195939624528124
35.625,1.7512931774621617e+18,3.8779109729305805,-1.5894693583575787,-0.025064300303519926,-0.22501998425988337,-0.6533591335766391,1.10613097911873,0.18251886231248032,6.067991442507637e-100,0.0,0.0,-0.025064300303519926
35.650000000000006,1.7512931774871619e+18,3.877710703438282,-1.5893730342628871,-0.01915922499613274,-0.37414522479114326,-0.62724552569837,1.1427355792280498,0.24504491829431638,4.404633162940343e-100,0.0,0.0,-0.01915922499613274
35.675000000000004,1.7512931775121618e+18,3.8554695388916147,-1.637184650183573,-0.012044155786673026,-0.4884705747165141,-0.5973200795900317,1.1630046994424554,0.2928994327119698,1.9786855221900768e-100,0.0,0.0,-0.012044155786673026
35.7,1.7512931775371617e+18,3.8556330215919554,-1.6374801484890744,-0.0041767293334546264,-0.5615514691935825,-0.5646991837443327,1.1682523680075192,0.32583868871958793,-1.7330998899250888e-101,0.0,0.0,-0.0041767293334546264
35.725,1.7512931775621617e+18,3.8533273074034824,-1.6557035393336323,0.004201312851480481,-0.5915432207811013,-0.5326244675969032,1.160761997840601,0.34783092313632247,-1.480918580965495e-100,0.0,0.0,0.004201312851480481
35.75,1.7512931775871616e+18,3.8531644012300514,-1.65559992094151,0.013057434116689842,-0.5811651212707137,-0.5028213322264632,1.1424471125298163,0.3660171357474847,-1.8465052903172878e-100,0.0,0.0,0.013057434116689842
35.775000000000006,1.7512931776121618e+18,3.862293364118858,-1.685242194651997,0.022497266097904776,-0.5369717224101946,-0.4625864117917944,1.1139096770071453,0.388912059283192,-1.5020390027777444e-100,0.0,0.0,0.022497266097904776
35.800000000000004,1.7512931776371617e+18,3.8554985127561543,-1.6812018388272385,0.0326957739946604,-0.4677784759855784,-0.4144588622594596,1.074294046953674,0.42422415996639545,-8.15707963932101e-101,0.0,0.0,0.0326957739946604
35.825,1.7512931776621617e+18,3.8731618967562413,-1.7051378057623878,0.04387349701229322,-0.38294509451753445,-0.39509685410114503,1.0219892754111637,0.47669618546434667,-1.2708125970008463e-101,0.0,0.0,0.04387349701229322
35.85,1.7512931776871619e+18,3.872717629268927,-1.704728200567197,0.05631791200929149,-0.291494833332435,-0.36435781700371406,0.9558430958312977,0.546382513477001,3.482667297020121e-101,0.0,0.0,0.05631791200929149
35.875,1.7512931777121618e+18,3.882787552691397,-1.7212039207086616,0.07040105845910591,-0.20230848965896361,-0.34121525549590137,0.8763157441858968,0.6277908325063588,5.404394436319192e-101,0.0,0.0,0.07040105845910591
35.900000000000006,1.7512931777371617e+18,3.895520299712628,-1.7175168890787251,0.08651688805628874,-0.12456014990496851,-0.3142401140892943,0.7860461533048345,0.710256762984673,4.9351184948422664e-101,0.0,0.0,0.08651688805628874
35.925000000000004,1.7512931777621617e+18,3.896174443705431,-1.7176242035315705,0.1048933392685894,-0.06719627280767294,-0.2927554559781167,0.6895795615803804,0.7797052446992225,3.099294290609991e-101,0.0,0.0,0.1048933392685894
35.95,1.7512931777871616e+18,3.9238953320250274,-1.7224552888137235,0.12532670626440084,-0.03693401408991704,-0.2673060222545729,0.5923522674082926,0.8215629448483737,9.712585353564038e-102,0.0,0.0,0.12532670626440084
35.975,1.7512931778121618e+18,3.9242811425797566,-1.7223219529816658,0.14698271170602142,-0.03542881316931562,-0.24707683888657694,0.49930141348030976,0.8241283276418264,-6.780952840865189e-102,0.0,0.0,0.14698271170602142
36.0,1.7512931778371617e+18,3.95312884905048,-1.746262803610726,0.1684284012417301,-0.057090477765288604,-0.2314076902919755,0.4135964296808676,0.7813923410828811,-1.5102581213661315e-101,0.0,0.0,0.1684284012417301
36.025000000000006,1.7512931778621617e+18,3.952704015411059,-1.745738284102132,0.18795438624021932,-0.08894534090842612,-0.216710074247231,0.3359475265234432,0.694343715537776,-1.5658630450025363e-101,0.0,0.0,0.18795438624021932
36.050000000000004,1.7512931778871619e+18,4.006361487786688,-1.756404957233315,0.2040640547554333,-0.11300341436348314,-0.2141055665569067,0.2647319750275773,0.5702605040132489,-1.1127706263092625e-101,0.0,0.0,0.2040640547554333
36.075,1.7512931779121618e+18,4.008290663314905,-1.7564319635356058,0.21587865434943215,-0.11044591975300175,-0.198713578458535,0.19686232817119617,0.42023663508136266,-4.790913727946811e-102,0.0,0.0,0.21587865434943215
36.1,1.7512931779371617e+18,4.086232412709797,-1.775293237290736,0.22324433146571993,-0.06632279479801886,-0.18953558152172167,0.1290636330376881,0.25589611386247424,7.125491393490551e-103,0.0,0.0,0.22324433146571993
36.125,1.7512931779621617e+18,4.088029416540911,-1.7754496783222116,0.22650980234854975,0.026481802700564293,-0.1795985189176128,0.05915835468486393,0.08656748361255816,3.9726126973235604e-102,0.0,0.0,0.22650980234854975
36.150000000000006,1.7512931779871616e+18,4.1507058604663385,-1.7623041469115512,0.22613534169304386,0.1648691750484568,-0.17909633414040016,-0.012954541289160853,-0.08204498060069633,4.7966199850353194e-102,0.0,0.0,0.22613534169304386
36.175000000000004,1.7512931780121618e+18,4.150963815587664,-1.7618389680343554,0.22235784190741978,0.33526779963307346,-0.16798780421765436,-0.08482980780025119,-0.2473497155419493,3.822293598064797e-102,0.0,0.0,0.22235784190741978
36.2,1.7512931780371617e+18,4.20469927600217,-1.7420250331094422,0.21506121393078317,0.5158269742753032,-0.164151693815223,-0.15163785444999237,-0.4079943535058802,2.0139114109582568e-102,0.0,0.0,0.21506121393078317
36.225,1.7512931780621617e+18,4.204935085188888,-1.741764398674497,0.20388885926601447,0.6810384823212655,-0.15810700058172023,-0.20696009204289023,-0.5616711671664573,2.4168919392261945e-103,0.0,0.0,0.20388885926601447
36.25,1.7512931780871619e+18,4.406865680218479,-1.7017427734400252,0.18854556970335912,0.8080053653697398,-0.15579609648192827,-0.24403244436484814,-0.7036928881970207,-9.550293728113048e-103,0.0,0.0,0.18854556970335912
36.275000000000006,1.7512931781121618e+18,4.488062504045848,-1.7022219371548082,0.1691454237820398,0.8825097957036958,-0.1594920573716765,-0.2571117505938728,-0.8269753514503952,-1.4144372541895207e-102,0.0,0.0,0.1691454237820398
36.300000000000004,1.7512931781371617e+18,4.5603169685568306,-1.7104237543411904,0.14640012633802604,0.9023497070829192,-0.15362563011483,-0.2426606349123466,-0.9233557202815148,-1.2640650335876815e-102,0.0,0.0,0.14640012633802604
36.325,1.7512931781621617e+18,4.564316466137754,-1.7110764792184756,0.1215139663985584,0.8761004586950868,-0.15146219483614098,-0.2001804747142542,-0.9855746035535784,-7.747511594673352e-103,0.0,0.0,0.1215139663985584
36.35,1.7512931781871616e+18,4.667924222918584,-1.6931426726252885,0.09585266747822535,0.8177090130556155,-0.14993364475842696,-0.13261803136520298,-1.0090346090004412,-2.2355622860256943e-103,0.0,0.0,0.09585266747822535
36.375,1.7512931782121618e+18,4.701316160832583,-1.669047232630747,0.07060808273615475,0.7398158433566112,-0.1479615841300106,-0.04626057989420642,-0.9926742504630739,1.949166885233589e-103,0.0,0.0,0.07060808273615475
36.400000000000006,1.7512931782371617e+18,4.702460338351005,-1.6691691263164115,0.04664676075734427,0.649455121657451,-0.14255663537145846,0.04999220235253459,-0.9387922510104759,3.989207699893268e-103,0.0,0.0,0.04664676075734427
36.425000000000004,1.7512931782621617e+18,4.737957160326013,-1.6452212145930067,0.02456587987912068,0.5480050421456684,-0.1390941336206808,0.14599749855097144,-0.8521379238634808,4.0360845270226367e-103,0.0,0.0,0.02456587987912068
36.45,1.7512931782871619e+18,4.738794952062815,-1.645310971726381,0.004844848407037433,0.43420860346186385,-0.1315328712935271,0.2321731149294229,-0.7388165979156701,2.8071917950675547e-103,0.0,0.0,0.004844848407037433
36.475,1.7512931783121618e+18,4.814067322575097,-1.6716882218254308,-0.012041147162293342,0.3072067474106386,-0.1278456962368293,0.3013091166003034,-0.6054801395608712,1.1542700933795803e-103,0.0,0.0,-0.012041147162293342
36.5,1.7512931783371617e+18,4.813664149475019,-1.671584470643469,-0.025614433002478575,0.16734210847556327,-0.11743135296811502,0.34988422553169346,-0.4589871517445829,-2.5152827867021868e-104,0.0,0.0,-0.025614433002478575
36.525000000000006,1.7512931783621617e+18,4.831446898221782,-1.6741445594582054,-0.03547901148997543,0.015076216494465444,-0.11428416795533858,0.37849315352286816,-0.30641237477746697,-1.0625985470749566e-103,0.0,0.0,-0.03547901148997543
36.550000000000004,1.7512931783871616e+18,4.831450213321882,-1.6741571697129036,-0.04142868510681298,-0.14976275322410593,-0.10311382860601848,0.39124831864241183,-0.1551152277423301,-1.2444489929782146e-103,0.0,0.0,-0.04142868510681298
36.575,1.7512931784121618e+18,4.8627708250410056,-1.700212407849285,-0.04351562007156299,-0.32657599974620133,-0.0971916780458888,0.39433729724034955,-0.012596193450992435,-9.714620667967776e-104,0.0,0.0,-0.04351562007156299
36.6,1.7512931784371617e+18,4.8629680158289075,-1.7002728227236288,-0.04205647357617576,-0.5106865670380833,-0.0878332463046112,0.39417895447450707,0.11397334918313802,-4.95806137939129e-104,0.0,0.0,-0.04205647357617576
36.625,1.7512931784621617e+18,4.896440244951648,-1.7559262039827628,-0.03759085964032857,-0.6903193660129244,-0.08249960074817997,0.3957263490734009,0.2184705214664135,-4.023525120767556e-105,0.0,0.0,-0.03759085964032857
36.650000000000006,1.7512931784871619e+18,4.919005793618419,-1.781079935966257,-0.030814417248307382,-0.846314679651565,-0.06125883460332737,0.40137837129706866,0.2965808853307603,2.6056849351210342e-104,0.0,0.0,-0.030814417248307382
36.675000000000004,1.7512931785121618e+18,4.91868972419249,-1.7810710032831147,-0.02249667408376606,-0.9554691776453321,-0.05261186996761369,0.4107343162562419,0.3463661587185544,3.696468270091026e-104,0.0,0.0,-0.02249667408376606
36.7,1.7512931785371617e+18,4.970582311056943,-1.8366340957477247,-0.013390188063104106,-0.9963834736204981,-0.03856326855943992,0.4211636414752691,0.368480656339847,3.233996644073255e-104,0.0,0.0,-0.013390188063104106
36.725,1.7512931785621617e+18,4.970878795146696,-1.8366898028830079,-0.004148249908176798,-0.9556474165781644,-0.02922022309353789,0.42896029503871075,0.3659998897623569,1.9329307312251908e-104,0.0,0.0,-0.004148249908176798
36.75,1.7512931785871616e+18,4.980406727655883,-1.846756713727067,0.004725621597303067,-0.8323725082003518,-0.019843313623046033,0.43073656724624515,0.34393567419897764,5.069590309530219e-105,0.0,0.0,0.004725621597303067
36.775000000000006,1.7512931786121618e+18,4.98037784646873,-1.8467620078451596,0.012886168892800172,-0.6398506297000138,-0.010899092184348369,0.4246757442765211,0.3085674279382363,-5.53391264745235e-105,0.0,0.0,0.012886168892800172
36.800000000000004,1.7512931786371617e+18,5.009810142143203,-1.8465766277929905,0.020125723463821858,-0.40382582131621314,0.004182748250087354,0.4113015628129255,0.26670911416657866,-1.0517545993876349e-104,0.0,0.0,0.020125723463821858
36.825,1.7512931786621617e+18,5.009793591072284,-1.8465743217095798,0.026351043077660112,-0.15733521510530205,0.013531150092908728,0.3935376944416178,0.22498067224528215,-1.0391246554090758e-104,0.0,0.0,0.026351043077660112
36.85,1.7512931786871619e+18,5.025448081368508,-1.8207219488812005,0.03157757261848723,0.06728518881702375,0.026949101726054803,0.3760116887105291,0.18910585554970472,-7.07107777997386e-105,0.0,0.0,0.03157757261848723
36.875,1.7512931787121618e+18,5.025414262490479,-1.8207015055792621,0.03593848778685999,0.24746305733409424,0.035723461526108835,0.3637755546437918,0.16325143996793132,-2.7653368087275992e-105,0.0,0.0,0.03593848778685999
36.900000000000006,1.7512931787371617e+18,5.029714648747152,-1.7890421538548749,0.03968552458556941,0.37755371373006835,0.04726413368812832,0.3608155844433669,0.14946189027204984,8.213746875109523e-106,0.0,0.0,0.03968552458556941
36.925000000000004,1.7512931787621617e+18,5.02981494959583,-1.7889967455879554,0.043156625528717824,0.47091137515800213,0.05489569627320279,0.36882418017469204,0.14729985119909741,2.834700730743857e-105,0.0,0.0,0.043156625528717824
36.95,1.7512931787871616e+18,5.036311613105888,-1.7571724810071703,0.04670148242139203,0.5548994926048986,0.06498104413345018,0.3866311978722701,0.1538291266714307,3.224678639311006e-105,0.0,0.0,0.04670148242139203
36.975,1.7512931788121618e+18,5.036388338480859,-1.7571225285714995,0.05057864571540388,0.6592972548613129,0.0720537532730594,0.4104499445438302,0.1640370872638118,2.4658962061805436e-105,0.0,0.0,0.05057864571540388
37.0,1.7512931788371617e+18,5.030514807519965,-1.733879266269025,0.0548578749158411,0.8015143696941077,0.0787080458949907,0.4348004523803123,0.1716873562720862,1.2168561480699682e-105,0.0,0.0,0.0548578749158411
37.025000000000006,1.7512931788621617e+18,5.030239297174906,-1.7338334241522655,0.05936965051102416,0.9744549111664044,0.08448606349275467,0.4537766007485122,0.17046110375621232,4.709344048175355e-107,0.0,0.0,0.05936965051102416
37.050000000000004,1.7512931788871619e+18,5.008287749001338,-1.6755826784998853,0.06372934973359312,1.1433460950279974,0.08960343517748903,0.4622958045453919,0.15514709055120185,-7.0774573220897595e-106,0.0,0.0,0.06372934973359312
37.075,1.7512931789121618e+18,4.955687518143586,-1.6062732121214345,0.06742971095059462,1.2551491883108514,0.09343608916083834,0.4570802536525233,0.12262498649842231,-9.646686899632054e-106,0.0,0.0,0.06742971095059462
37.1,1.7512931789371617e+18,4.920757592164363,-1.5807451470941545,0.06996345248231282,1.2585040456799668,0.10135173807008213,0.43727829860404344,0.072461052869586,-8.264256485957659e-106,0.0,0.0,0.06996345248231282
37.125,1.7512931789621617e+18,4.920866685103233,-1.5806855626308371,0.0709278067595363,1.126113687613847,0.10408694140157593,0.4047477533714345,0.007061434271574549,-4.812534363822633e-106,0.0,0.0,0.0709278067595363
37.150000000000006,1.7512931789871616e+18,4.9086738804533185,-1.5655515696055793,0.07007818794990359,0.8690079155455935,0.1069093998336661,0.364028190943615,-0.06855731091319929,-1.1278256044341753e-106,0.0,0.0,0.07007818794990359
37.175000000000004,1.7512931790121618e+18,4.9253115673897545,-1.593982799836605,0.06733103529563304,0.5355850822714925,0.11359898535358459,0.3219347091803932,-0.14726981729213856,1.555317195564904e-106,0.0,0.0,0.06733103529563304
37.2,1.7512931790371617e+18,4.924910225411147,-1.5939727965893158,0.06274765935540108,0.1961355843910582,0.1153277723138677,0.2866083366480488,-0.22052763321472763,2.768058384340872e-106,0.0,0.0,0.06274765935540108
37.225,1.7512931790621617e+18,4.933446710940292,-1.5930990751681053,0.0565377472394188,-0.07921208511886152,0.12033242388892251,0.2659124426249696,-0.2792016447208225,2.6722559722927274e-106,0.0,0.0,0.0565377472394188
37.25,1.7512931790871619e+18,4.919324746433481,-1.579336939036949,0.049093506373640794,-0.23922078847711023,0.12750026251123447,0.26535399261079956,-0.31459480671566614,1.778360883645075e-106,0.0,0.0,0.049093506373640794
37.275000000000006,1.7512931791121618e+18,4.9293542893341105,-1.5843463142189647,0.041023260462575734,-0.26093742470717357,0.13379054844631266,0.2861044142022867,-0.31961731648156616,6.582207578617103e-107,0.0,0.0,0.041023260462575734
37.300000000000004,1.7512931791371617e+18,4.930347077705326,-1.5842137673488275,0.03313409702425746,-0.1496700708950043,0.1371815251325823,0.3239012853077714,-0.29003052650111255,-2.557852793283047e-107,0.0,0.0,0.03313409702425746
37.325,1.7512931791621617e+18,4.937192004047336,-1.579080353474678,0.02633903365534494,0.06678624828275719,0.14346631265401344,0.36942326402017955,-0.22555495167268627,-7.543520186521074e-107,0.0,0.0,0.02633903365534494
37.35,1.7512931791871616e+18,4.936895257982653,-1.579094297212883,0.021515004790300846,0.34579808158653963,0.15199259047169011,0.41022404577913185,-0.13055889004599955,-8.345884441233005e-107,0.0,0.0,0.021515004790300846
37.375,1.7512931792121618e+18,4.9569051962845885,-1.4993724130805337,0.01936586178093444,0.6375307007259571,0.17171266509467253,0.43376175762168395,-0.014043720258588042,-6.251112993566497e-107,0.0,0.0,0.01936586178093444
37.400000000000006,1.7512931792371617e+18,4.95691350536155,-1.4993534711297987,0.020327149035828884,0.8926516961513783,0.1852516638993933,0.43071115431642576,0.11126175630710615,-2.9764142638660314e-107,0.0,0.0,0.020327149035828884
37.425000000000004,1.7512931792621617e+18,4.987441007585847,-1.4608020823841228,0.024513494519021788,1.0705540196354102,0.19890006042115882,0.39768069079338414,0.2307028978979048,2.373611291557928e-109,0.0,0.0,0.024513494519021788
37.45,1.7512931792871619e+18,4.987569851766627,-1.4607681619864676,0.031692994530824595,1.147427815103928,0.20949441215650522,0.3386215574990545,0.3301658428085994,1.914646118790749e-107,0.0,0.0,0.031692994530824595
37.475,1.7512931793121618e+18,5.002622565821576,-1.393464982947066,0.041285334985383434,1.1220777390483372,0.21870953711750873,0.26450881058839526,0.3987421260925943,2.514063014142997e-107,0.0,0.0,0.041285334985383434
37.5,1.7512931793371617e+18,5.002054111762923,-1.3935293400996749,0.052403416333694976,1.016711341133912,0.2271878277054844,0.19123039345634002,0.43095918010330875,2.1093887273017172e-107,0.0,0.0,0.052403416333694976
37.525000000000006,1.7512931793621617e+18,5.005700986884273,-1.3837304931168384,0.06396704891727369,0.8707956684879127,0.23119049783256296,0.1360296343812333,0.4279296061990672,1.195574703905575e-107,0.0,0.0,0.06396704891727369
37.550000000000004,1.7512931793871616e+18,5.00567140162045,-1.3836948890943905,0.07489915101607325,0.7287741137595047,0.23715249752693124,0.11328240354149752,0.39696442432826223,2.4455860689813427e-108,0.0,0.0,0.07489915101607325
37.575,1.7512931794121618e+18,4.9963846642057,-1.3649024727476444,0.0843739458454137,0.6257272407007036,0.23942714710290858,0.13071452196464495,0.3495898897671711,-4.33445746479152e-108,0.0,0.0,0.0843739458454137
37.6,1.7512931794371617e+18,5.009868032973658,-1.337146973259592,0.0920361915384851,0.5766822203538323,0.24681104426635025,0.18717056448565011,0.29840815227839756,-7.272860257742947e-108,0.0,0.0,0.0920361915384851
37.625,1.7512931794621617e+18,5.010073851228942,-1.3370551974178098,0.09807897433032765,0.5740110120539385,0.250832978955116,0.2726313905899564,0.2536752939743918,-6.864239410840733e-108,0.0,0.0,0.09807897433032765
37.650000000000006,1.7512931794871619e+18,5.020203091927548,-1.28456580465083,0.10310173453872401,0.5938720214305447,0.2526616754721962,0.3704866975998974,0.22064762821762957,-4.4652452098319756e-108,0.0,0.0,0.10310173453872401
37.675000000000004,1.7512931795121618e+18,5.020463110310384,-1.2803999633149943,0.10778550760419862,0.6086510591367195,0.2666919328761632,0.46139952897293735,0.19855701703730042,-1.5549318106782553e-108,0.0,0.0,0.10778550760419862
37.7,1.7512931795371617e+18,5.025799829880909,-1.267294703973069,0.11254675493584256,0.5997798230874729,0.2784916813940468,0.5276859275787137,0.18155471294660847,7.714035512725721e-109,0.0,0.0,0.11254675493584256
37.725,1.7512931795621617e+18,5.02591126739839,-1.2671952135110605,0.11735155735347758,0.5654881386420452,0.28811068069565104,0.5570489905426677,0.1612972216400708,2.0028229883652203e-108,0.0,0.0,0.11735155735347758
37.75,1.7512931795871616e+18,5.033563155439489,-1.2284547060944375,0.1217624527723949,0.5207196793262915,0.31209217180076987,0.5447475249123146,0.13029484472524774,2.157458833025897e-108,0.0,0.0,0.1217624527723949
37.775000000000006,1.7512931796121618e+18,5.033138149491337,-1.2284434030505555,0.1251517953334082,0.4899095154801272,0.3229626601246407,0.4937933134588316,0.08491345336339946,1.5825525489628212e-108,0.0,0.0,0.1251517953334082
37.800000000000004,1.7512931796371617e+18,5.0309185041612,-1.219937932309933,0.1269587733256765,0.49590521395674986,0.340922911047401,0.41338722319568194,0.027079782368108915,7.25307019194024e-109,0.0,0.0,0.1269587733256765
37.825,1.7512931796621617e+18,5.030283044166168,-1.2199657686595982,0.126895477571133,0.5493741401946999,0.3521342830462304,0.3162701064532778,-0.03580289884959366,-4.32746063872643e-110,0.0,0.0,0.126895477571133
37.85,1.7512931796871619e+18,5.032153233718634,-1.185327669555896,0.12505165849260888,0.6427205624092072,0.3684604668841316,0.21581903826668333,-0.09266102808428013,-5.160918965864074e-109,0.0,0.0,0.12505165849260888
37.875,1.7512931797121618e+18,5.018911648462582,-1.1412844566366487,0.12187619750220112,0.7510798827367262,0.3718943248835691,0.12359544066398415,-0.1317410712366914,-6.543311955299934e-109,0.0,0.0,0.12187619750220112
37.900000000000006,1.7512931797371617e+18,5.015324314158782,-1.1171413119352442,0.11804933262719845,0.8405169729335925,0.37553985158174763,0.04779571965452304,-0.14398484874942652,-5.377635007157444e-109,0.0,0.0,0.11804933262719845
37.925000000000004,1.7512931797621617e+18,5.013603867789807,-1.1175499649784473,0.11430821143390021,0.8806501628024301,0.3810423723258207,-0.007228482060991508,-0.12595344147270493,-2.963182998930712e-109,0.0,0.0,0.11430821143390021
37.95,1.7512931797871616e+18,5.013275829395359,-1.1001430794272828,0.11130442691134079,0.8567965613986754,0.38349521266193776,-0.040505505790385844,-0.08159156580100471,-5.11469938256957e-110,0.0,0.0,0.11130442691134079
37.975,1.7512931798121618e+18,5.038090145976722,-1.0607068310754466,0.10952413710316526,0.7766420939688904,0.38186892647099224,-0.053416737982842424,-0.022347090577968735,1.1993133229375951e-109,0.0,0.0,0.10952413710316526
38.0,1.7512931798371617e+18,5.039299953720701,-1.060133836767209,0.10923090215842549,0.6685230604810787,0.38535878548523606,-0.04860279182977896,0.034557079100552744,1.9078159473587594e-109,0.0,0.0,0.10923090215842549
38.025000000000006,1.7512931798621617e+18,5.059202921886651,-1.0437882177221722,0.11037376003471386,0.5717105242676821,0.3820683492716088,-0.029211407985468923,0.06955297495399448,1.7612076441509093e-109,0.0,0.0,0.11037376003471386
38.050000000000004,1.7512931798871619e+18,5.059359358609304,-1.0436172659481313,0.11245890038133939,0.5223097190834902,0.38478359325570954,0.001330912147540638,0.06529696670023237,1.1192536720417154e-109,0.0,0.0,0.11245890038133939
38.075,1.7512931799121618e+18,5.071404606244894,-0.9976008054342596,0.11446382606903881,0.5402227360858741,0.3838695816080109,0.03911501586966481,0.011393908879423119,3.640528091134954e-110,0.0,0.0,0.11446382606903881
38.1,1.7512931799371617e+18,5.068734464358533,-0.9985118771815724,0.1149139803872587,0.6222168152806481,0.38739251818886977,0.07944532880613321,-0.09198728824852677,-2.2731297229453127e-110,0.0,0.0,0.1149139803872587
38.125,1.7512931799621617e+18,5.065109101104176,-0.9502957709311455,0.11219877218856979,0.7437188054387881,0.3895355844967332,0.11687484477978163,-0.23282037831415217,-5.3061109308829765e-110,0.0,0.0,0.11219877218856979
38.150000000000006,1.7512931799871616e+18,5.064520095662063,-0.9504276793356684,0.1050745798046556,0.8686311887999283,0.39322685570485927,0.14588262177255457,-0.3889760405130956,-5.57061583705303e-110,0.0,0.0,0.1050745798046556
38.175000000000004,1.7512931800121618e+18,5.0672039904181885,-0.8759257372903092,0.09315878118571894,0.9634420300449748,0.397779702237393,0.1621224019115036,-0.5328883098972573,-4.00091905177648e-110,0.0,0.0,0.09315878118571894
38.2,1.7512931800371617e+18,5.06630563995463,-0.8454950560331808,0.07717431908549953,1.0101142775810321,0.403827781827764,0.16374146378774468,-0.6380311935330669,-1.7601229707483346e-110,0.0,0.0,0.07717431908549953
38.225,1.7512931800621617e+18,5.0661856435381605,-0.8454982656257057,0.05880920634607901,1.012383249354744,0.408482423490661,0.1520743925426042,-0.685404197010703,2.0656661929749424e-111,0.0,0.0,0.05880920634607901
38.25,1.7512931800871619e+18,5.066021654449511,-0.8455026519079617,0.04024357160090365,0.9925098305478394,0.41484353381951644,0.1312330090568472,-0.6681043377772562,1.3865547056299737e-110,0.0,0.0,0.04024357160090365
38.275000000000006,1.7512931801121618e+18,5.075080641369502,-0.7920061611955957,0.023545264372726585,0.9796873986761488,0.4203399709597231,0.10663386946396465,-0.5926110742558691,1.7008160198878203e-110,0.0,0.0,0.023545264372726585
38.300000000000004,1.7512931801371617e+18,5.0742884648145345,-0.7579329883840549,0.010166291546662813,0.9953499755871557,0.4257519330034336,0.08301406485218774,-0.47644693479005173,1.369303773312953e-110,0.0,0.0,0.010166291546662813
38.325,1.7512931801621617e+18,5.074191713318551,-0.7579541454357166,0.0006966709681019291,1.0423127006174808,0.4296099236597981,0.06272771645330263,-0.3430203207468934,7.325594696970383e-111,0.0,0.0,0.0006966709681019291
38.35,1.7512931801871616e+18,5.057791062199722,-0.6979398571120474,-0.005090669311568442,1.1029198391395696,0.431514753744616,0.04502867566257353,-0.2152962077436625,1.0123602577748121e-111,0.0,0.0,-0.005090669311568442
38.375,1.7512931802121618e+18,5.047032133044802,-0.668363829316368,-0.007980478748473572,1.1470328285097473,0.4327743120163343,0.026670847439656437,-0.1102008469837138,-3.2979476844052674e-111,0.0,0.0,-0.007980478748473572
38.400000000000006,1.7512931802371617e+18,5.0318783606606745,-0.6405435797640427,-0.008972402709694464,1.1460543046404303,0.4358165024589056,0.0035915514047471157,-0.03530459926205137,-4.9968629979402155e-111,0.0,0.0,-0.008972402709694464
38.425000000000004,1.7512931802621617e+18,5.031854860687014,-0.6405547747669597,-0.008971920228215713,1.086683776471117,0.43667184740583354,-0.027071731564335202,0.011481886457532392,-4.513684009114478e-111,0.0,0.0,-0.008971920228215713
38.45,1.7512931802871619e+18,5.0030788726865785,-0.6058602723178903,-0.008578213092202684,0.9787108343523587,0.4378578157006787,-0.06552332961403147,0.039418132464089,-2.800476768584394e-111,0.0,0.0,-0.008578213092202684
38.475,1.7512931803121618e+18,5.00303660940791,-0.6058818181896924,-0.007986982288697054,0.8539787451316253,0.4377790548881739,-0.10896366562541264,0.060666469426476986,-8.432044049282416e-112,0.0,0.0,-0.007986982288697054
38.5,1.7512931803371617e+18,4.99038987005574,-0.5828698288889984,-0.007010773997496111,0.7571021125701592,0.42904045651085676,-0.15231832202599002,0.08568229915347865,6.581702666615348e-112,0.0,0.0,-0.007010773997496111
38.525000000000006,1.7512931803621617e+18,4.990475819653904,-0.5828318545028647,-0.005213765348574597,0.7313248243531634,0.4264875455094641,-0.1895209704751264,0.11966133861657229,1.4029140823290699e-111,0.0,0.0,-0.005213765348574597
38.550000000000004,1.7512931803871616e+18,4.972081272290363,-0.5497702345882959,-0.0021353409222291137,0.8042567887856529,0.4181217901751384,-0.2147066612568617,0.16100607267597675,1.43667819359378e-111,0.0,0.0,-0.0021353409222291137
38.575,1.7512931804121618e+18,4.947915522977914,-0.5096232462822997,0.0024621411743819643,0.9779314288709453,0.4076207687078659,-0.2229497990938742,0.2020948276465825,1.0100493587087653e-111,0.0,0.0,0.0024621411743819643
38.6,1.7512931804371617e+18,4.947860637440068,-0.5096474585077971,0.008412957184784709,1.2261481352270318,0.3977727968930438,-0.21064642466002234,0.23193119784717917,4.251457377298285e-112,0.0,0.0,0.008412957184784709
38.625,1.7512931804621617e+18,4.8928509163422875,-0.43503196544268785,0.015112363109205247,1.500049705332768,0.3879278490184528,-0.1759332761859354,0.23972949144243588,-7.751669696096799e-113,0.0,0.0,0.015112363109205247
38.650000000000006,1.7512931804871619e+18,4.864899613432108,-0.4126810039464072,0.02164438943170619,1.7406826311550279,0.38162559129292184,-0.11943443555779523,0.2182981657153745,-3.713990470199941e-112,0.0,0.0,0.02164438943170619
38.675000000000004,1.7512931805121618e+18,4.829019434531557,-0.37491930135249246,0.027017420901288718,1.8951638301155398,0.37873495611119123,-0.04522262276025965,0.16625154799627834,-4.415381681387092e-112,0.0,0.0,0.027017420901288718
38.7,1.7512931805371617e+18,4.829200224905359,-0.3748604333898249,0.03040656251627705,1.931657901115887,0.37108552352243107,0.03853190354466829,0.08852399636133894,-3.4823511182365354e-112,0.0,0.0,0.03040656251627705
38.725,1.7512931805621617e+18,4.759537647067729,-0.31362240188272683,0.03131568428093185,1.8483483766082935,0.37640764016644557,0.11991098451492685,-0.004790406637695352,-1.806101087699051e-112,0.0,0.0,0.03131568428093185
38.75,1.7512931805871616e+18,4.759149352465911,-0.31381617055944816,0.029630469061841077,1.6731099601641402,0.3720015432592607,0.18507566899328132,-0.10078166176150768,-1.8228454120356747e-113,0.0,0.0,0.029630469061841077
38.775000000000006,1.7512931806121618e+18,4.7442043076073785,-0.2940051607304989,0.0255860992180494,1.4534625566622261,0.3715721566844383,0.22150947240217445,-0.1865059804967288,9.020081233529376e-113,0.0,0.0,0.0255860992180494
38.800000000000004,1.7512931806371617e+18,4.743914159585979,-0.2941528744401693,0.019687066100265802,1.2401843276204914,0.37127912422076026,0.22188338075356148,-0.2514604913557446,1.3068131454079157e-112,0.0,0.0,0.019687066100265802
38.825,1.7512931806621617e+18,4.698915913043429,-0.25103486235281774,0.012605672826295032,1.0710874141790798,0.37326922083082836,0.18712644173639517,-0.289209395268729,1.1554515041976462e-112,0.0,0.0,0.012605672826295032
38.85,1.7512931806871619e+18,4.658406353273875,-0.23069755011793813,0.005075446852097432,0.9615257731680315,0.39107795049033234,0.12722276337278593,-0.297929824808492,6.993800384031648e-113,0.0,0.0,0.005075446852097432
38.875,1.7512931807121618e+18,4.658471102485731,-0.23067409433848862,-0.0022080867776123002,0.9046039815077245,0.3959083584021932,0.05899874303054187,-0.279952904384164,1.9272149597025082e-113,0.0,0.0,-0.0022080867776123002
38.900000000000006,1.7512931807371617e+18,4.636103272669634,-0.19463759284813079,-0.008667905767852202,0.8791031588984775,0.3977155579591307,0.0014026310449220683,-0.24060074983825644,-1.8795646883256085e-113,0.0,0.0,-0.008667905767852202
38.925000000000004,1.7512931807621617e+18,4.636048674779823,-0.19465919304814058,-0.013896803154151401,0.8599875410762811,0.40074488136563335,-0.030176060802945277,-0.18672436253502156,-3.70216590813584e-113,0.0,0.0,-0.013896803154151401
38.95,1.7512931807871616e+18,4.6047169672514645,-0.17699386043663307,-0.017672190433625085,0.8265534531768346,0.3906395957293465,-0.028631219032774848,-0.12533006578276754,-3.700967179137495e-113,0.0,0.0,-0.017672190433625085
38.975,1.7512931808121618e+18,4.604742608666081,-0.17698452624038788,-0.01993431075917509,0.766073342641883,0.3893903888784189,0.002699000567148788,-0.06257125929897626,-2.5461532661697087e-113,0.0,0.0,-0.01993431075917509
39.0,1.7512931808371617e+18,4.602759470841198,-0.1403694629129586,-0.020739184281614156,0.6738609160658021,0.39426964691368527,0.05129113189122942,-0.0032227315199837804,-1.0215025407728325e-113,0.0,0.0,-0.020739184281614156
39.025000000000006,1.7512931808621617e+18,4.602527707397979,-0.14046523325370158,-0.020208321716247292,0.5519688552313282,0.3927077869200648,0.09991911824552008,0.04940274174340053,2.6173351841412293e-114,0.0,0.0,-0.020208321716247292
39.050000000000004,1.7512931808871619e+18,4.614213783383609,-0.13153162621901807,-0.01849627990554819,0.408006580287098,0.3985121451428064,0.132905546435266,0.09324640855519971,9.920716043466841e-114,0.0,0.0,-0.01849627990554819
39.075,1.7512931809121618e+18,4.614102291668314,-0.1315774750398558,-0.015781529514615544,0.25417911344102545,0.3981616816319322,0.14163614679306613,0.12719160706043148,1.1448317560171427e-113,0.0,0.0,-0.015781529514615544
39.1,1.7512931809371617e+18,4.613443134409959,-0.13487842687539867,-0.012270836873309378,0.10588773004517113,0.41689829346218543,0.12683800745234833,0.1507970662515617,8.845014531615519e-114,0.0,0.0,-0.012270836873309378
39.125,1.7512931809621617e+18,4.613487404439706,-0.1348611500033505,-0.008205781787991251,-0.020599966003262932,0.42085054119558585,0.09668137569191128,0.1641381638030466,4.4397038570137535e-114,0.0,0.0,-0.008205781787991251
39.150000000000006,1.7512931809871616e+18,4.604912965628736,-0.1511220991942573,-0.0038648828072127667,-0.11124479313200056,0.42291321133177195,0.062075520629278874,0.16772867811397751,2.678806358031426e-115,0.0,0.0,-0.0038648828072127667
39.175000000000004,1.7512931810121618e+18,4.6049939602861905,-0.1510788377862042,0.00044661275064714165,-0.15737083569896546,0.42540738489636976,0.03192146572128065,0.16244613091361562,-2.4553257295661725e-114,0.0,0.0,0.00044661275064714165
39.2,1.7512931810371617e+18,4.579406535353913,-0.16991922332766832,0.004429777799330833,-0.15796049803093679,0.4193122426185436,0.010613501538466514,0.14939966089075066,-3.412771203355886e-114,0.0,0.0,0.004429777799330833
39.225,1.7512931810621617e+18,4.579354876381985,-0.1699424339472829,0.007846095131709571,-0.12039009791707679,0.41898290168385754,-0.001681381706325381,0.12975112135162023,-2.9543954805607044e-114,0.0,0.0,0.007846095131709571
39.25,1.7512931810871619e+18,4.5867545396760105,-0.16510911525664151,0.010565755361074998,-0.05917446259776509,0.4211248711532538,-0.0071039061693797395,0.10458413096061685,-1.7431079386198105e-114,0.0,0.0,0.010565755361074998
39.275000000000006,1.7512931811121618e+18,4.586855255065516,-0.1650644940208202,0.012574074425260788,0.007295147808945024,0.42254420105006396,-0.008189096148835678,0.0749518215708526,-4.331340574151731e-115,0.0,0.0,0.012574074425260788
39.300000000000004,1.7512931811371617e+18,4.6012500884719785,-0.1410866930154267,0.013926396279218135,0.06141024955019226,0.4248391272846952,-0.006909052911454289,0.04217681503149524,5.307994191660288e-115,0.0,0.0,0.013926396279218135
39.325,1.7512931811621617e+18,4.6012631883412825,-0.14107905277805152,0.01468167953902927,0.09107862529173978,0.4261618071705633,-0.004585123503934602,0.008328380551557229,9.752008024939377e-115,0.0,0.0,0.01468167953902927
39.35,1.7512931811871616e+18,4.601871465203229,-0.14228540191537598,0.014858922202697064,0.09281698790611997,0.42307836130764054,-0.0021000778645125814,-0.023376536378813845,9.522984540128067e-115,0.0,0.0,0.014858922202697064
39.375,1.7512931812121618e+18,4.607567227861224,-0.15160114648873663,0.014442143103646886,0.07187438596761224,0.4167057852721556,-3.0000073939271783e-05,-0.048607491916513,6.408564394633248e-115,0.0,0.0,0.014442143103646886
39.400000000000006,1.7512931812371617e+18,4.6002418873714985,-0.14641587563336708,0.013431737931872337,0.03927445027233609,0.41885538302228786,0.0013283746638486098,-0.0626871831978374,2.4395970385564336e-115,0.0,0.0,0.013431737931872337
39.425000000000004,1.7512931812621617e+18,4.600247462531665,-0.14641240226038624,0.011917200429406333,0.007105308210235441,0.4190967334463851,0.0019286440957870159,-0.06212526247241857,-8.324508051713206e-116,0.0,0.0,0.011917200429406333
39.45,1.7512931812871619e+18,4.603556387805579,-0.15077095691861464,0.010130063011666586,-0.015839199846545877,0.41574682201722046,0.001900455038296734,-0.04655442255762981,-2.643223134349943e-115,0.0,0.0,0.010130063011666586
39.475,1.7512931813121618e+18,4.602320277212167,-0.14795934662048343,0.008433809521452167,-0.026321840807115054,0.4147950508364122,0.0014563247415893584,-0.02032162765655513,-2.9647450212149877e-115,0.0,0.0,0.008433809521452167
39.5,1.7512931813371617e+18,4.60211357697715,-0.14804917718988106,0.00722886764456398,-0.02628564296003211,0.41506580431766205,0.000816270724243932,0.007183073264216068,-2.243701702122885e-115,0.0,0.0,0.00722886764456398
39.525000000000006,1.7512931813621617e+18,4.596257296766067,-0.1481947915266842,0.0067902962505610245,-0.020573588435378175,0.4154703687497916,0.00016805105786655715,0.023183110071373577,-1.087826527150322e-115,0.0,0.0,0.0067902962505610245
39.550000000000004,1.7512931813871616e+18,4.596154905230012,-0.1482389912465271,0.0070947409140517,-0.014148044295007892,0.41559089369453917,-0.00034125246627697786,0.015289855366968096,-1.724756351863924e-117,0.0,0.0,0.0070947409140517
39.575,1.7512931814121618e+18,4.5991548631871115,-0.1528736828104648,0.007715294901856022,-0.01009214900724713,0.4164987894089469,-0.0006006812338326653,-0.02332072760054551,6.655275053569958e-116,0.0,0.0,0.007715294901856022
39.6,1.7512931814371617e+18,4.599236055195396,-0.15283785817992696,0.007861246010285315,-0.009028736687556261,0.41628806235307847,-0.000535503303169366,-0.08886037054787821,8.900174229267997e-116,0.0,0.0,0.007861246010285315
39.625,1.7512931814621617e+18,4.600768075284473,-0.14978250446381003,0.006611453410260177,-0.009817265409769162,0.41432461237978124,-0.0001208725672036809,-0.16396672919317068,7.545308972357684e-116,0.0,0.0,0.006611453410260177
39.650000000000006,1.7512931814871619e+18,4.600772403345623,-0.14978046123727684,0.003333042972391652,-0.010838120002431118,0.41443677722823136,0.000588971803949562,-0.21853588609517013,4.335214462973906e-116,0.0,0.0,0.003333042972391652
39.675000000000004,1.7512931815121618e+18,4.607817155152487,-0.14986602026947124,-0.0018034958560800406,-0.01107604574224637,0.4131441487116079,0.0014207362626063938,-0.21506356870104593,9.522333185088072e-117,0.0,0.0,-0.0018034958560800406
39.7,1.7512931815371617e+18,4.60375147082247,-0.14925640359416176,-0.007383973229209772,-0.0105439064058709,0.41381349431022985,0.0020460518182562697,-0.11770057597798232,-1.4852405865088696e-116,0.0,0.0,-0.007383973229209772
39.725,1.7512931815621617e+18,4.603730392447974,-0.14926558092527661,-0.010601185772178641,-0.010069454232696645,0.4137835525012967,0.0019725025763695104,0.09729091903485473,-2.564389199216094e-116,0.0,0.0,-0.010601185772178641
39.75,1.7512931815871616e+18,4.607842650203699,-0.14797104802234645,-0.007577598328577542,-0.010794603049116565,0.41349355756667494,0.0005821849697858566,0.43290094984854854,-2.4475667992409716e-116,0.0,0.0,-0.007577598328577542
39.775000000000006,1.7512931816121618e+18,4.6078664507042335,-0.14796057837554052,0.005799853227506391,-0.013772747577942347,0.41353551524919885,-0.002781527267017248,0.8675892222340238,-1.6104353315450825e-116,0.0,0.0,0.005799853227506391
39.800000000000004,1.7512931816371617e+18,4.612817557099515,-0.15036298898275566,0.03271833013301915,-0.01986123210227969,0.41129916833861957,-0.008708365419020024,1.358016715607334,-5.785751968462229e-117,0.0,0.0,0.03271833013301915
39.825,1.7512931816621617e+18,4.613404522416848,-0.15010710765475824,0.07435847920653384,-0.029844103910531238,0.41126275479057783,-0.01764531246904131,1.847807859228436,2.547371594484666e-117,0.0,0.0,0.07435847920653384
39.85,1.7512931816871619e+18,4.613859962404709,-0.1527006409333798,0.12937756466318293,-0.04451598115498789,0.4104795166656987,-0.02988877991611186,2.279764566175815,7.025727068901099e-117,0.0,0.0,0.12937756466318293
39.875,1.7512931817121618e+18,4.615201044140462,-0.15211491583080294,0.19425499237698732,-0.06442550061703776,0.41024237389822193,-0.045639795467924016,2.607795271406292,7.668556418858595e-117,0.0,0.0,0.19425499237698732
39.900000000000006,1.7512931817371617e+18,4.610140085400345,-0.15956131516322042,0.2643974045983171,-0.08918639259647873,0.404751447946162,-0.06505551982442112,2.8051343825277897,5.684049103948944e-117,0.0,0.0,0.2643974045983171
39.925000000000004,1.7512931817621617e+18,4.6123945709706184,-0.1585784109583214,0.33551114939069343,-0.11663620116076141,0.403934743035391,-0.08819508965230097,2.8670864174846504,2.655943671202055e-117,0.0,0.0,0.33551114939069343
39.95,1.7512931817871616e+18,4.618827545956706,-0.16375708072632683,0.40463107706971924,-0.14242259335827362,0.4004966378615147,-0.11481151070460072,2.8087599756726336,-8.824670194264859e-119,0.0,0.0,0.40463107706971924
39.975,1.7512931818121618e+18,4.622237264420568,-0.16229472845514567,0.4704223215882171,-0.1605832559747371,0.39897502677225205,-0.1440792066523756,2.6599864193247242,-1.797084846309245e-117,0.0,0.0,0.4704223215882171
40.0,1.7512931818371617e+18,4.66692898322587,-0.15944560485986523,0.5327887342181103,-0.16527033640891609,0.3948933088479478,-0.17445443512549216,2.460015639163184,-2.31795639814865e-117,0.0,0.0,0.5327887342181103
40.025000000000006,1.7512931818621617e+18,4.672193338748614,-0.15721506802464272,0.5921695031516402,-0.1531039559993072,0.3927870889786438,-0.20383855973744736,2.253505836381921,-1.9247344420022398e-117,0.0,0.0,0.5921695031516402
40.050000000000004,1.7512931818871619e+18,4.683720917336059,-0.1526354050176023,0.6490001102725032,-0.12508671457570428,0.38557601017478493,-0.23007021608728,2.0874321941555722,-1.0757466418762119e-117,0.0,0.0,0.6490001102725032
40.075,1.7512931819121618e+18,4.691713379387637,-0.1492791909610524,0.703641089563377,-0.08697994261395928,0.3823941311138328,-0.25160054665587744,2.006973714246285,-2.031140399559686e-118,0.0,0.0,0.703641089563377
40.1,1.7512931819371617e+18,4.712437571012123,-0.13601283213660187,0.756764611225875,-0.04768468778299372,0.37562731396317295,-0.2680909978683961,2.0482446659931504,4.1237056826531355e-118,0.0,0.0,0.756764611225875
40.125,1.7512931819621617e+18,4.721830195105474,-0.13213134566684287,0.8098961946540966,-0.01619268000634413,0.37157199320990797,-0.2806855024847611,2.2272971995678192,6.732239545560848e-118,0.0,0.0,0.8098961946540966
40.150000000000006,1.7512931819871616e+18,4.766710833081995,-0.11812688823242769,0.8656585928979722,0.0015351728413858835,0.3588405668677499,-0.29184956865662864,2.5275790423364763,6.283477079368907e-118,0.0,0.0,0.8656585928979722
40.175000000000004,1.7512931820121618e+18,4.7946036599362305,-0.11244406391166793,0.9273274671781369,0.004375376811121148,0.3543044948689138,-0.3048313161808872,2.890670413863063,4.040180142911726e-118,0.0,0.0,0.9273274671781369
40.2,1.7512931820371617e+18,4.82483583349267,-0.0980697038331618,0.9975886389415664,-0.004092841941168341,0.34411547467055525,-0.3228678214662534,3.216140566219526,1.3609285113798684e-118,0.0,0.0,0.9975886389415664
40.225,1.7512931820621617e+18,4.841909904892049,-0.09162408178252443,1.0767905913533355,-0.017294696977480595,0.33795931079706154,-0.3482335730825921,3.3747755423353962,-7.587099575982709e-119,0.0,0.0,1.0767905913533355
40.25,1.7512931820871619e+18,4.870741316102733,-0.08170473930568127,1.1613364926441532,-0.02800972232752698,0.3308035894032506,-0.3812195853922334,3.2353303041863017,-1.8633024365816462e-118,0.0,0.0,1.1613364926441532
40.275000000000006,1.7512931821121618e+18,4.917624252455921,-0.07161664100960421,1.242981672761683,-0.030513229922864277,0.3183712485072694,-0.41925323812838694,2.699639936527007,-1.9811959914384879e-118,0.0,0.0,1.242981672761683
40.300000000000004,1.7512931821371617e+18,4.94900923363053,-0.060361935540218896,1.309611626242875,-0.022060528896229555,0.3077624649339823,-0.45658633390776454,1.7364580698892302,-1.4380046596738413e-118,0.0,0.0,1.309611626242875
40.325,1.7512931821621617e+18,4.988092084406997,-0.04582061147601587,1.3476165330529803,-0.0035736989670418135,0.2975877111253027,-0.48506806371002387,0.40281684685412567,-6.459001084521563e-119,0.0,0.0,1.3476165330529803
40.35,1.7512931821871616e+18,5.024668926826259,-0.033450805681983456,1.3453898294464055,0.020525244782972595,0.28580158090274965,-0.49622855714409414,-1.1558669367690786,5.6703204303253286e-120,0.0,0.0,1.3453898294464055
40.375,1.7512931822121618e+18,5.053642794349285,-0.02331356706305746,1.296940102803258,0.04336286536976848,0.2788283455183529,-0.4842275249720006,-2.72969525995685,4.83586079081153e-119,0.0,0.0,1.296940102803258
40.400000000000006,1.7512931822371617e+18,5.092370461814178,-0.011389080314276117,1.204334731454197,0.05741958297724729,0.2628803534002766,-0.44853356571806496,-4.08728643373334,6.028970297720334e-119,0.0,0.0,1.204334731454197
40.425000000000004,1.7512931822621617e+18,5.14951904610504,0.001957642727827556,1.0779251887030565,0.056722480425435574,0.2463788864976193,-0.39498838734813624,-5.026419220638192,4.9039111209308623e-119,0.0,0.0,1.0779251887030565
40.45,1.7512931822871619e+18,5.188139942727649,0.01329700493936346,0.9340980830708266,0.0388861855160069,0.22940449368636306,-0.334439147862158,-5.418018301115509,2.662878674661576e-119,0.0,0.0,0.9340980830708266
40.475,1.7512931823121618e+18,5.2215722486873455,0.024183808517890114,0.7913166236612577,0.006427624576189722,0.22276060690021637,-0.27923140486716846,-5.231188639218106,4.1453740292863295e-120,0.0,0.0,0.7913166236612577
40.5,1.7512931823371617e+18,5.251352577856392,0.03178070670648677,0.6658823202886688,-0.03318236548158498,0.2085018705300863,-0.23899470511649756,-4.533186427740492,-1.1373386150998751e-119,0.0,0.0,0.6658823202886688
40.525000000000006,1.7512931823621617e+18,5.295069514977219,0.02579491203523016,0.5688189449788982,-0.06911284938819698,0.21308313362143538,-0.21761590333417918,-3.4662156354123894,-1.764619748009852e-119,0.0,0.0,0.5688189449788982
40.550000000000004,1.7512931823871616e+18,5.310174393719611,0.025899840358632197,0.5047027328999596,-0.09032059932037928,0.20738230199274899,-0.21269862369816445,-2.2097553919763855,-1.6112716630152983e-119,0.0,0.0,0.5047027328999596
40.575,1.7512931824121618e+18,5.3357347940250905,0.03276494619280483,0.47248714325046665,-0.0893699159216223,0.2012888886131643,-0.2174941277563531,-0.9403558494691112,-1.0118070111183852e-119,0.0,0.0,0.47248714325046665
40.6,1.7512931824371617e+18,5.361951558098451,0.03895879463157994,0.4676681838576287,-0.06539610353287807,0.1935607073654837,-0.224121566740803,0.2003289650468428,-3.1699538331698316e-120,0.0,0.0,0.4676681838576287
40.625,1.7512931824621617e+18,5.394629951189945,0.04790274471555167,0.48472098379125156,-0.024769341803617336,0.18765740461776925,-0.22655358617916152,1.1230649822626062,2.2148608751675167e-120,0.0,0.0,0.48472098379125156
40.650000000000006,1.7512931824871619e+18,5.418739877775081,0.053422896433707304,0.5188004836772279,0.02103035381758689,0.1806895034672502,-0.2223350602600165,1.7936033811792689,4.931392239307179e-120,0.0,0.0,0.5188004836772279
40.675000000000004,1.7512931825121618e+18,5.4196941855363745,0.0608923870133814,0.5662315618345914,0.059491501237532315,0.17657172374537966,-0.21279950751088278,2.2241699350610373,5.112513844977219e-120,0.0,0.0,0.5662315618345914
40.7,1.7512931825371617e+18,5.439520439585748,0.06509274663086081,0.6240144592608357,0.081357204623319,0.17061532112234712,-0.2021080605556451,2.4593854210764485,3.6329050303376306e-120,0.0,0.0,0.6240144592608357
40.725,1.7512931825621617e+18,5.463367213812337,0.06945931110735938,0.6890403096465938,0.0833812096989524,0.16552085429523977,-0.195613848922758,2.5610226219444683,1.5638672085842816e-120,0.0,0.0,0.6890403096465938
40.75,1.7512931825871616e+18,5.470674212525721,0.06840176631539106,0.7577347811981298,0.06864118778073543,0.16001155997070304,-0.19806317949457336,2.593560682160797,-2.3294674372561983e-121,0.0,0.0,0.7577347811981298
40.775000000000006,1.7512931826121618e+18,5.486244011097693,0.07115299498553988,0.8264795651187662,0.04461425903164804,0.15592641670352325,-0.21217268698860026,2.610575098667932,-1.2972219322453087e-120,0.0,0.0,0.8264795651187662
40.800000000000004,1.7512931826371617e+18,5.4945948843308905,0.07168873086176833,0.8926116720919244,0.02008795089033439,0.15176592241723608,-0.23806085771910432,2.6418841129779778,-1.5661234316248523e-120,0.0,0.0,0.8926116720919244
40.825,1.7512931826621617e+18,5.51121994761238,0.07447582384790764,0.955329892983206,0.002266482433377962,0.14811899594359446,-0.27366074744036917,2.6830344139547746,-1.247910835641074e-120,0.0,0.0,0.955329892983206
40.85,1.7512931826871619e+18,5.5158112538363735,0.08065543690196171,1.0157142067335165,-0.004931450505463575,0.1402711460417505,-0.31571081433817716,2.6908208570990415,-6.574351336277318e-121,0.0,0.0,1.0157142067335165
40.875,1.7512931827121618e+18,5.532941174729424,0.08333387872014289,1.0754475654759752,-0.001167886151918735,0.13409178226760154,-0.3606255869889305,2.589214301589165,-7.881330212944462e-122,0.0,0.0,1.0754475654759752
40.900000000000006,1.7512931827371617e+18,5.589766929736562,0.08370704684480305,1.1345937148362317,0.010939163182409568,0.11885493113950396,-0.40474358401459737,2.2880128272418463,3.118791635419695e-121,0.0,0.0,1.1345937148362317
40.925000000000004,1.7512931827621617e+18,5.609177161017203,0.08618844464920576,1.1895005407752284,0.026708068306467537,0.11099304531192233,-0.44397455913366324,1.7119093206853813,4.618336095680038e-121,0.0,0.0,1.1895005407752284
40.95,1.7512931827871616e+18,5.6271872787238335,0.09493225284642264,1.2320995692397458,0.04028482126197856,0.10011268432450082,-0.4733505232433938,0.832293446274872,4.1270417221657585e-121,0.0,0.0,1.2320995692397458
40.975,1.7512931828121618e+18,5.648224443032289,0.0975055489964789,1.2513808859956421,0.0457178900020885,0.09164022666424598,-0.4871515474901469,-0.3093301016095899,2.529264434041796e-121,0.0,0.0,1.2513808859956421
41.0,1.7512931828371617e+18,5.713070091174382,0.10396633804759939,1.2368349171971278,0.03842511238299671,0.07575953662446189,-0.48004002768395476,-1.5966929400058885,7.295999635493651e-122,0.0,0.0,1.2368349171971278
41.025000000000006,1.7512931828621617e+18,5.7372585897976505,0.10653294535269764,1.1826057980995381,0.016811597714837336,0.06680204749688068,-0.4490488350026229,-2.8578607086921566,-6.366253339055513e-122,0.0,0.0,1.1826057980995381
41.050000000000004,1.7512931828871619e+18,5.784682935836794,0.10373689183826114,1.0905292426569284,-0.016698002578668176,0.05032721347472968,-0.39556073016082627,-3.9046721850267567,-1.302573154181115e-121,0.0,0.0,1.0905292426569284
41.075,1.7512931829121618e+18,5.808466368135931,0.10547152196732601,0.970549518467797,-0.05597478191615495,0.0393414382873023,-0.32604991801465333,-4.581077395021004,-1.3177688286870756e-121,0.0,0.0,0.970549518467797
41.1,1.7512931829371617e+18,5.863063782598582,0.0938744977646097,0.8381783568943838,-0.0930122006299008,0.02453553972907807,-0.2507735989089473,-4.804711026848487,-9.164699793066163e-122,0.0,0.0,0.8381783568943838
41.125,1.7512931829621617e+18,5.881350818560457,0.0947436973765939,0.7100368996985762,-0.12057659818542055,0.015601179357178196,-0.18072801089289206,-4.587642302679023,-3.767740466436062e-122,0.0,0.0,0.7100368996985762
41.150000000000006,1.7512931829871616e+18,5.928909593249119,0.09335683041174167,0.599314773863335,-0.1344845947101784,0.018511830239131388,-0.12427476755403569,-4.029251551589933,8.220020982633882e-123,0.0,0.0,0.599314773863335
41.175000000000004,1.7512931830121618e+18,5.9476939813519385,0.09398947256308338,0.5128331607219152,-0.13449913425681326,0.014471737273754393,-0.08504549254785443,-3.283901189487191,3.469789166395626e-122,0.0,0.0,0.5128331607219152
41.2,1.7512931830371617e+18,5.975641319243687,0.09005766101137155,0.4505409073262247,-0.12360633670942703,0.014952783026839889,-0.06190404255810279,-2.5147136766453664,4.0631784965993847e-122,0.0,0.0,0.4505409073262247
41.225,1.7512931830621617e+18,5.9917319414140495,0.09055887411208564,0.40722212299902066,-0.1062935836582264,0.013018734534852694,-0.05059448685265856,-1.8490942548871478,3.171636839263233e-122,0.0,0.0,0.40722212299902066
41.25,1.7512931830871619e+18,6.0232391829340415,0.08410774903792799,0.37544078825835303,-0.08685625750591276,0.005527391385754754,-0.046033841201890226,-1.3502177494980256,1.6185270414487694e-122,0.0,0.0,0.37544078825835303
41.275000000000006,1.7512931831121618e+18,6.039894263021469,0.08450907331518918,0.3485453326955209,-0.06848897056852098,0.003902838908119932,-0.044227181835373226,-1.012366848816383,1.3111644204821592e-123,0.0,0.0,0.3485453326955209
41.300000000000004,1.7512931831371617e+18,6.032940667779302,0.08528324051342495,0.3228110145991478,-0.053213731324474794,0.0028849999255875503,-0.043204677524025514,-0.7793453568189075,-8.50911377155729e-123,0.0,0.0,0.3228110145991478
41.325,1.7512931831621617e+18,6.04905621528829,0.08553579680060411,0.2982200541383889,-0.04212234379200296,0.0009107137658657116,-0.04289165938826545,-0.5774145467274087,-1.2069427257910589e-122,0.0,0.0,0.2982200541383889
41.35,1.7512931831871616e+18,6.069079971629601,0.08606746967714558,0.2777857744553016,-0.03539735738117964,0.0015130444940503196,-0.044237931921686964,-0.3499610466078838,-1.0558622190933545e-122,0.0,0.0,0.2777857744553016
41.375,1.7512931832121618e+18,6.080731269533427,0.0862056401783256,0.2657216376328344,-0.03206186841777962,0.0008349042721600419,-0.048131147064052165,-0.0816033228124433,-6.310231028965161e-123,0.0,0.0,0.2657216376328344
41.400000000000006,1.7512931832371617e+18,6.071236186175279,0.0812927035472376,0.2651286359700958,-0.02989801214851089,-0.00015998873156330973,-0.054575269800256086,0.19585028021683495,-1.654419058110584e-123,0.0,0.0,0.2651286359700958
41.425000000000004,1.7512931832621617e+18,6.0776469583142125,0.08132192263270883,0.2760740959064119,-0.025992976021074626,-0.0006963909810417945,-0.0624191860125774,0.41621748091411026,1.8073836100327403e-123,0.0,0.0,0.2760740959064119
41.45,1.7512931832871619e+18,6.081869288486414,0.08124825436419035,0.29481429935143005,-0.017898327110383912,-0.0030282221992674607,-0.06967173543215456,0.504547767212334,3.434212402890436e-123,0.0,0.0,0.29481429935143005
41.475,1.7512931833121618e+18,6.090600891634933,0.08156680714043169,0.3144954239619611,-0.00485057634908928,-0.004671013129409207,-0.07420020742373759,0.4055877857073817,3.392695563571882e-123,0.0,0.0,0.3144954239619611
41.5,1.7512931833371617e+18,6.104052321313476,0.08448714396302033,0.32710497198366995,0.01165180031100595,-0.007779546580157337,-0.07447375567349758,0.10509426345791315,2.308497726287041e-123,0.0,0.0,0.32710497198366995
41.525000000000006,1.7512931833621617e+18,6.114666730718276,0.08451230938023377,0.32592845426868605,0.028288036994305186,-0.009624289360063543,-0.0700590435014903,-0.36254081213837275,9.026355561469519e-124,0.0,0.0,0.32592845426868605
41.550000000000004,1.7512931833871616e+18,6.123931050620986,0.08806916653099542,0.3075241869835311,0.04118206200290729,-0.010481134724684704,-0.061734237208260156,-0.921473755012133,-2.6837263545959893e-124,0.0,0.0,0.3075241869835311
41.575,1.7512931834121618e+18,6.133425544155272,0.08803586687958198,0.2724583413395684,0.047381769948473776,-0.011988352632868349,-0.05121746835042173,-1.472402119067483,-9.256295508547442e-124,0.0,0.0,0.2724583413395684
41.6,1.7512931834371617e+18,6.124921789821122,0.08766117506134183,0.22467413309945133,0.04588187982321475,-0.014408571433039974,-0.04058510186145683,-1.9144432970845322,-1.0528667282832385e-123,0.0,0.0,0.22467413309945133
41.625,1.7512931834621617e+18,6.1290375980798055,0.08760151475747895,0.17002310346183663,0.03782097150847672,-0.015679613468622122,-0.031557639473818955,-2.1640572398404987,-8.05064077585466e-124,0.0,0.0,0.17002310346183663
41.650000000000006,1.7512931834871619e+18,6.129731573170433,0.08862776724008468,0.11477251951452229,0.025916226597068447,-0.01457501128325056,-0.024933709617239348,-2.1667364738584647,-3.972303300298878e-124,0.0,0.0,0.11477251951452229
41.675000000000004,1.7512931835121618e+18,6.131948363269807,0.08857947480077054,0.06471256460422706,0.013508067392124724,-0.015005065015638586,-0.020429159331455407,-1.900748333194454,-1.5311605418585492e-125,0.0,0.0,0.06471256460422706
41.7,1.7512931835371617e+18,6.140314428683035,0.08931606660853407,0.02499982943102879,0.003631828584635306,-0.016336631254343814,-0.017001876493933137,-1.37510423177339,2.311177342757142e-124,0.0,0.0,0.02499982943102879
41.725,1.7512931835621617e+18,6.147151053879849,0.08814607070715774,0.0003993939973648967,-0.0016395368751750956,-0.01710175344127096,-0.01354198116010252,-0.6250732888511513,3.149747660350376e-124,0.0,0.0,0.0003993939973648967
41.75,1.7512931835871616e+18,6.149432384242119,0.08810919301307214,-0.004612275746365733,-0.001554183669647016,-0.017511826614230674,-0.009688781878191957,0.2921344814924335,2.69817242624892e-124,0.0,0.0,-0.004612275746365733
41.775000000000006,1.7512931836121618e+18,6.151057902197818,0.08797676720264574,0.013732248582386407,0.003193064227149809,-0.01702056160465437,-0.006482652316090648,1.300652128090579,1.5710846639955136e-124,0.0,0.0,0.013732248582386407
41.800000000000004,1.7512931836371617e+18,6.152217882012184,0.08795735084253964,0.05755692966630373,0.010565423852985631,-0.017294786391405026,-0.006531293428143064,2.3090843995557164,3.68028469645018e-125,0.0,0.0,0.05755692966630373
41.825,1.7512931836621617e+18,6.158466463042853,0.08881106287634837,0.12630780573459968,0.017615277017036655,-0.018909044885803805,-0.013429313012110549,3.215245364031849,-5.079524653390694e-125,0.0,0.0,0.12630780573459968
41.85,1.7512931836871619e+18,6.164958903233709,0.08872257767200528,0.2161953351901197,0.02131773804663616,-0.02024884671083438,-0.0304497066741991,3.9140526387016448,-9.038271233148215e-125,0.0,0.0,0.2161953351901197
41.875,1.7512931837121618e+18,6.162847129213057,0.09357598800339569,0.3204650477860445,0.0196842825279852,-0.019113091543862648,-0.05899863933825718,4.30908401148534,-8.724761565636912e-125,0.0,0.0,0.3204650477860445
41.900000000000006,1.7512931837371617e+18,6.171980256914829,0.09341269407096871,0.4303576358301664,0.012749625885352502,-0.019267603739319128,-0.09763771418102979,4.326928164610588,-5.805789902915003e-125,0.0,0.0,0.4303576358301664
41.925000000000004,1.7512931837621617e+18,6.161202782057911,0.0890404480417104,0.5362456152400021,0.002867912211475377,-0.019286239721282072,-0.1422269422157292,3.9321585768621405,-2.148450758023284e-125,0.0,0.0,0.5362456152400021
41.95,1.7512931837871616e+18,6.168938833307501,0.08890297773079246,0.6285027792121376,-0.006068880675810574,-0.020431420154824576,-0.18702016910732586,3.1397586437309455,8.356310331888348e-126,0.0,0.0,0.6285027792121376
41.975,1.7512931838121618e+18,6.19232678208415,0.08672617924894896,0.6981092638752833,-0.010360587432034052,-0.02996124848712922,-0.22599123820337894,2.021318850214489,2.4632043941537573e-125,0.0,0.0,0.6981092638752833
42.0,1.7512931838371617e+18,6.203245166012392,0.08653487230453269,0.7373959247093071,-0.008460666450192562,-0.03438983047345845,-0.2537855029771306,0.701620568272596,2.7249435958537464e-125,0.0,0.0,0.7373959247093071
42.025000000000006,1.7512931838621617e+18,6.227074723349899,0.08659068226302538,0.7412924290936862,-0.0021780964695422875,-0.04233025900467835,-0.26627109496132834,-0.656321455976755,2.040849619002038e-125,0.0,0.0,0.7412924290936862
42.050000000000004,1.7512931838871619e+18,6.2442943440601555,0.08610168622304552,0.708938505227165,0.0036215239027978957,-0.049014149556503295,-0.2610637466011258,-1.8769599248123938,9.716081505015348e-126,0.0,0.0,0.708938505227165
42.075,1.7512931839121618e+18,6.269046707057917,0.08474569407249322,0.6449104003198842,0.0028796057324598835,-0.053687615982436654,-0.23823828983696518,-2.804372768765362,-7.914468896628468e-128,0.0,0.0,0.6449104003198842
42.1,1.7512931839371617e+18,6.283539929676387,0.08419832859570195,0.5591105764353296,-0.00891328400094251,-0.0596784852874781,-0.20091724825528565,-3.333519190406594,-6.252284965691983e-126,0.0,0.0,0.5591105764353296
42.125,1.7512931839621617e+18,6.326797751170464,0.08623748968959076,0.46485750167046935,-0.032251549997803365,-0.06880232488094062,-0.15509074872057363,-3.432021093681282,-8.208649269533122e-126,0.0,0.0,0.46485750167046935
42.150000000000006,1.7512931839871616e+18,6.35099967426352,0.07225709263088385,0.3756657195753001,-0.06258647332592429,-0.07650392048886934,-0.1082999548346373,-3.145516890260097,-6.886851827045673e-126,0.0,0.0,0.3756657195753001
42.175000000000004,1.7512931840121618e+18,6.358346825438547,0.07169434588777529,0.3019598221230523,-0.09141224565272552,-0.08105083850493955,-0.0675784511243165,-2.583965290859966,-3.903004244384941e-126,0.0,0.0,0.3019598221230523
42.2,1.7512931840371617e+18,6.388483246625883,0.06164686989846421,0.24899042112021835,-0.1092747301046836,-0.07676002336565535,-0.03762241526146664,-1.8919754780809916,-7.979524151286521e-127,0.0,0.0,0.24899042112021835
42.225,1.7512931840621617e+18,6.397233668398677,0.06106124659779937,0.21658888256631675,-0.10957711567480867,-0.07799200060717304,-0.02000291570454407,-1.2112620748767091,1.4155561319200063e-126,0.0,0.0,0.21658888256631675
42.25,1.7512931840871619e+18,6.406548479617421,0.0604378514480995,0.20059025787965398,-0.09150740311593217,-0.0793034385845055,-0.013524999211853305,-0.6458150165664538,2.3747225546603288e-126,0.0,0.0,0.20059025787965398
42.275000000000006,1.7512931841121618e+18,6.430979541183893,0.0648274830018474,0.1951760920156218,-0.06062581089425883,-0.0802964018605894,-0.015242259366052672,-0.23946890641543922,2.2411256387482335e-126,0.0,0.0,0.1951760920156218
42.300000000000004,1.7512931841371617e+18,6.444338098001939,0.06474234841905695,0.19520993057426214,-0.026698130730758364,-0.08107670474352524,-0.021546861849386173,0.028322882713210394,1.4577538737030912e-126,0.0,0.0,0.19520993057426214
42.325,1.7512931841621617e+18,6.454632874307708,0.06402233381480045,0.1978542110753278,0.00021746539829835916,-0.08159123206221297,-0.02902652672903874,0.22812633676621186,5.075195392376569e-127,0.0,0.0,0.1978542110753278
42.35,1.7512931841871616e+18,6.458383507303223,0.060767235918550544,0.20318824307168978,0.01353053959340721,-0.0819503875680585,-0.03507775901523785,0.45237699761204,-2.519880505884223e-127,0.0,0.0,0.20318824307168978
42.375,1.7512931842121618e+18,6.469169244860924,0.059961020569432165,0.2139060872730934,0.012101214787052806,-0.0823772813838608,-0.038400459550991056,0.781724784313946,-6.539817010511791e-127,0.0,0.0,0.2139060872730934
42.400000000000006,1.7512931842371617e+18,6.4743008889527225,0.06057465340928679,0.23431178302581065,-3.042318285769954e-05,-0.08285291409486151,-0.039426427270609896,1.2552027359258764,-7.044105974778052e-127,0.0,0.0,0.23431178302581065
42.425000000000004,1.7512931842621617e+18,6.485143025482124,0.059752365080697534,0.2688537779085055,-0.015559844346595516,-0.08316493067303377,-0.04050079967131916,1.8521946309378594,-5.1666582692778646e-127,0.0,0.0,0.2688537779085055
42.45,1.7512931842871619e+18,6.476705713080493,0.05791611185784255,0.3205054782934782,-0.02648600630516986,-0.08582053438608916,-0.04545882358940008,2.4910144024314254,-2.367629188906349e-127,0.0,0.0,0.3205054782934782
42.475,1.7512931843121618e+18,6.483336524084386,0.05739393022974085,0.38938339656815224,-0.02654843221732176,-0.08716681279953908,-0.05841259766706509,3.04479958872938,1.417119217271136e-128,0.0,0.0,0.38938339656815224
42.5,1.7512931843371617e+18,6.4890229550056455,0.05577520140150119,0.4719624980084225,-0.013079251834298969,-0.0901068550016988,-0.08207493448697104,3.3712524523491756,1.6852800157051303e-127,0.0,0.0,0.4719624980084225
42.525000000000006,1.7512931843621617e+18,6.495723870516674,0.05521788237524619,0.561070157531625,0.012032720500938215,-0.09131610054915829,-0.11635634917399432,3.3493327447309964,2.136442377145417e-127,0.0,0.0,0.561070157531625
42.550000000000004,1.7512931843871616e+18,6.498254265385471,0.061287924601048226,0.6466565206418776,0.04254174539207654,-0.08997207620072922,-0.15786474981263882,2.9139741775141568,1.7557133873322204e-127,0.0,0.0,0.6466565206418776
42.575,1.7512931844121618e+18,6.512630035652495,0.06035067613980176,0.7172732653979129,0.06934763972635842,-0.09605842296819489,-0.20044349496817776,2.0797544755777317,9.673354232126566e-128,0.0,0.0,0.7172732653979129
42.6,1.7512931844371617e+18,6.531596137803803,0.062290321434894054,0.762161525757469,0.08307277505729771,-0.10346911677310677,-0.2364857855632819,0.9464444023200617,1.6685838327588101e-128,0.0,0.0,0.762161525757469
42.625,1.7512931844621617e+18,6.540621352916793,0.06139957074539269,0.7736752633525548,0.07702935649098826,-0.10719935034796846,-0.2586872614944792,-0.3166466203619665,-3.916651684848196e-128,0.0,0.0,0.7736752633525548
42.650000000000006,1.7512931844871619e+18,6.566828806209505,0.06420637832123925,0.749457622686689,0.04961485695492289,-0.11208783659360666,-0.2619308273776625,-1.5053022093444703,-6.22933553452523e-128,0.0,0.0,0.749457622686689
42.675000000000004,1.7512931845121618e+18,6.591496468351897,0.05334056473454615,0.6935853807099456,0.00525361883879721,-0.12026979781272695,-0.24488727579761052,-2.4263995171129222,-5.750195513412161e-128,0.0,0.0,0.6935853807099456
42.7,1.7512931845371617e+18,6.600699539301325,0.0522390363324137,0.6160463415676571,-0.04655081164192695,-0.12498123594542321,-0.21073022054454196,-2.9437866243600816,-3.6539682369108797e-128,0.0,0.0,0.6160463415676571
42.725,1.7512931845621617e+18,6.636389090365011,0.038620353067922754,0.5304573874078552,-0.09383921518125517,-0.13310455320578063,-0.1664321532138456,-3.0115756673665945,-1.1882039519124157e-128,0.0,0.0,0.5304573874078552
42.75,1.7512931845871616e+18,6.653633163307137,0.03646585251657441,0.45063892457860294,-0.1256946912194052,-0.1407532031779546,-0.12065751071460268,-2.685016019905465,7.424928928303054e-129,0.0,0.0,0.45063892457860294
42.775000000000006,1.7512931846121618e+18,6.672509588979771,0.025476581566638616,0.38715114887984337,-0.13549399034184936,-0.13933209187676487,-0.08105911836863665,-2.1048896193446844,1.732591568662099e-128,0.0,0.0,0.38715114887984337
42.800000000000004,1.7512931846371617e+18,6.682088014688977,0.02415403850155054,0.3449019170290185,-0.12282820651720333,-0.14148551625840566,-0.052188549003303226,-1.458757989312397,1.818799416434922e-128,0.0,0.0,0.3449019170290185
42.825,1.7512931846621617e+18,6.703846241669209,0.024202746168058595,0.32249000143597123,-0.09342258884674691,-0.13966861305297718,-0.03485028022701551,-0.9292089676792983,1.30619867941696e-128,0.0,0.0,0.32249000143597123
42.85,1.7512931846871619e+18,6.721029014163046,0.021943860985626198,0.3133161979136624,-0.05708836090632686,-0.14081218563598252,-0.026861933103361744,-0.6434034829851205,5.745504317049832e-129,0.0,0.0,0.3133161979136624
42.875,1.7512931847121618e+18,6.731826132542101,0.022889774756741123,0.3079778225027784,-0.024459288502074867,-0.14048130232334533,-0.024524351804536413,-0.6383700534139081,-6.7551193760417514e-130,0.0,0.0,0.3079778225027784
42.900000000000006,1.7512931847371617e+18,6.748553178775271,0.020682106887013267,0.2972267600468839,-0.003673009358774766,-0.14187439550455805,-0.02404829843730763,-0.8524520532259949,-4.527696257147464e-129,0.0,0.0,0.2972267600468839
42.925000000000004,1.7512931847621617e+18,6.754229418759211,0.020681682813115523,0.2747853834959512,0.0018873405376247817,-0.1409135166706852,-0.022540883806734704,-1.1460812393066273,-5.553272188757671e-129,0.0,0.0,0.2747853834959512
42.95,1.7512931847871616e+18,6.750880424670289,0.014557196266482098,0.23942526514419885,-0.00590140698803776,-0.14163109413206199,-0.018507541029153064,-1.3465475036973311,-4.4705427548273256e-129,0.0,0.0,0.23942526514419885
42.975,1.7512931848121618e+18,6.749662882497314,0.01390932264553687,0.19580387350084105,-0.021176037397023315,-0.14369152806207897,-0.01196272717622504,-1.3040323739708084,-2.391429226625982e-129,0.0,0.0,0.19580387350084105
43.0,1.7512931848371617e+18,6.757424041052105,0.012806141275334472,0.15365448070115423,-0.03646891816019298,-0.14398101716046918,-0.004223754154785239,-0.94213397010917,-3.3018515807290903e-130,0.0,0.0,0.15365448070115423
43.025000000000006,1.7512931848621617e+18,6.759448187781062,0.012321481720244956,0.12519411381738338,-0.045149365594538256,-0.1436554773325862,0.002565701375405284,-0.2869610766709615,1.0770040321701566e-129,0.0,0.0,0.12519411381738338
43.050000000000004,1.7512931848871619e+18,6.765290260725546,0.013522352626238958,0.1211761159204623,-0.04306465818392073,-0.14363721888224612,0.006095101394998991,0.5351743294803668,1.6315500494879256e-129,0.0,0.0,0.1211761159204623
43.075,1.7512931849121618e+18,6.769502333116441,0.012911234658131493,0.14673620376249263,-0.029135766275008145,-0.14339598305000756,0.004581779555691868,1.3318222398838242,1.4736741421747807e-129,0.0,0.0,0.14673620376249263
43.1,1.7512931849371617e+18,6.767027697003704,0.009741701976835358,0.19864601476581883,-0.0052358083138750195,-0.1438501970592725,-0.002632973249002953,1.900216566210729,9.142509582050608e-130,0.0,0.0,0.19864601476581883
43.125,1.7512931849621617e+18,6.772702080056961,0.008940838418927188,0.26536337031352397,0.02420971574863923,-0.14385779033153545,-0.014672388548201035,2.0873341319153425,2.7519557200667742e-130,0.0,0.0,0.26536337031352397
43.150000000000006,1.7512931849871616e+18,6.771606451210596,0.014053128238379387,0.33025799257372385,0.05281985621061346,-0.14294366055361296,-0.029044911631233374,1.8349157360729471,-2.149725205232242e-130,0.0,0.0,0.33025799257372385
43.175000000000004,1.7512931850121618e+18,6.776980134016709,0.013277075143953687,0.3769640163978059,0.07335954068931527,-0.142631962471802,-0.04215016071709237,1.1951483503649665,-4.58087003655111e-130,0.0,0.0,0.3769640163978059
43.2,1.7512931850371617e+18,6.775196315386002,0.02414920620842684,0.39467960776103705,0.07958505657707286,-0.14178877387070354,-0.050457794139661616,0.31278280341782655,-4.690718224724942e-130,0.0,0.0,0.39467960776103705
43.225,1.7512931850621617e+18,6.781303032940881,0.023277832717673773,0.38114009797193293,0.06848451444546853,-0.14211504069449177,-0.05193804473118748,-0.6191009993501102,-3.297538525936952e-130,0.0,0.0,0.38114009797193293
43.25,1.7512931850871619e+18,6.783364726010163,0.017718619510817962,0.34216014964463737,0.04191008926863475,-0.14598280239000028,-0.04692907684217881,-1.414011262606062,-1.3877635402771858e-130,0.0,0.0,0.34216014964463737
43.275000000000006,1.7512931851121618e+18,6.784452705867742,0.01754289570176566,0.2883949298298156,0.006512253938875771,-0.14766160820633623,-0.03785305024590096,-1.9395764800074342,2.533650472403922e-131,0.0,0.0,0.2883949298298156
43.300000000000004,1.7512931851371617e+18,6.789244205732806,0.00904777183184143,0.23115668973565662,-0.028380019131731837,-0.15230348518306602,-0.02794367023829317,-2.1438062187649267,1.2127651210852186e-130,0.0,0.0,0.23115668973565662
43.325,1.7512931851621617e+18,6.788709079236348,0.009087428150688788,0.17911429586841038,-0.05414312689932851,-0.15329259202138834,-0.0197860082731639,-2.054815978731858,1.4416438427206076e-130,0.0,0.0,0.17911429586841038
43.35,1.7512931851871616e+18,6.806839169759913,0.006731251436594409,0.13682107037939792,-0.06593055870117906,-0.15137454383743432,-0.014476221016793451,-1.7581365262474091,1.1369231755389527e-130,0.0,0.0,0.13682107037939792
43.375,1.7512931852121618e+18,6.809435179289429,0.006335171409850381,0.10500265583202725,-0.06398088895485035,-0.15155738886374426,-0.011664148641405503,-1.3623498152074371,5.895931075657464e-131,0.0,0.0,0.10500265583202725
43.400000000000006,1.7512931852371617e+18,6.815815243601026,0.00625233958241354,0.081907770653482,-0.052680257343458645,-0.15343248724750858,-0.010172090325733909,-0.9656871808110746,5.942605680834462e-132,0.0,0.0,0.081907770653482
43.425000000000004,1.7512931852621617e+18,6.8159944453386005,0.006217199206358497,0.06490321154743127,-0.038082127428674985,-0.15416855510917538,-0.008708876779148146,-0.6335176030991262,-2.945617545958492e-131,0.0,0.0,0.06490321154743127
43.45,1.7512931852871619e+18,6.809691742310168,0.005337289887827595,0.05172590601198915,-0.02526378611679057,-0.15409431527057915,-0.006379556476997756,-0.3911384156927923,-4.2669174930223734e-131,0.0,0.0,0.05172590601198915
43.475,1.7512931853121618e+18,6.817417781422294,0.0012157170680005837,0.04113532292346286,-0.01674519993606985,-0.15427389614576592,-0.002917760208198762,-0.23041572857934303,-3.772422134400145e-131,0.0,0.0,0.04113532292346286
43.5,1.7512931853371617e+18,6.8185195212602885,0.0010433734005191513,0.032966212242402974,-0.012425349203105814,-0.15456545114854459,0.0013306227885867333,-0.12468644785441227,-2.283198840173593e-131,0.0,0.0,0.032966212242402974
43.525000000000006,1.7512931853621617e+18,6.820634926480863,0.0030923635805803654,0.027736215763098725,-0.010647821845510542,-0.1532185781258968,0.005612683007561917,-0.04496499300881141,-6.289501856425898e-132,0.0,0.0,0.027736215763098725
43.550000000000004,1.7512931853871616e+18,6.821082270283224,0.0030208736913467757,0.026049085105702183,-0.009585506168662222,-0.15313556945054785,0.009073225193107656,0.02824271937891407,6.138797305168345e-132,0.0,0.0,0.026049085105702183
43.575,1.7512931854121618e+18,6.820368697025528,0.00074515658387653,0.028057617748923052,-0.008255955744306959,-0.1529642106066409,0.01105507935614063,0.10033200521714443,1.20884316219596e-131,0.0,0.0,0.028057617748923052
43.6,1.7512931854371617e+18,6.820078210089515,0.0007892663750719044,0.03319182185869226,-0.006887343290930625,-0.1529395327127987,0.011305040242068343,0.1648432539958834,1.2083516490349094e-131,0.0,0.0,0.03319182185869226
43.625,1.7512931854621617e+18,6.818948292263161,0.0013298716822526297,0.040227967506756286,-0.006702384389347653,-0.15327736834299133,0.010026311264967024,0.20989289923822269,8.312459591275214e-132,0.0,0.0,0.040227967506756286
43.650000000000006,1.7512931854871619e+18,6.818683945498042,0.001370007675162779,0.047628599108942245,-0.009317662915199375,-0.15295694315300778,0.0077703409918076435,0.22528911345957658,3.3343298793463676e-132,0.0,0.0,0.047628599108942245
43.675000000000004,1.7512931855121618e+18,6.815090438256724,0.0017853357569753024,0.05398532556953268,-0.01594931025123479,-0.15303886792145116,0.005226616743739835,0.20743391070118503,-8.552545272799842e-133,0.0,0.0,0.05398532556953268
43.7,1.7512931855371617e+18,6.815741464182431,0.001684873920922743,0.058379240806465525,-0.026634681262760238,-0.15286052218585722,0.0030033928316436998,0.16063158440262762,-3.239477054792181e-132,0.0,0.0,0.058379240806465525
43.725,1.7512931855621617e+18,6.814348970001918,0.0040291069296875155,0.06053187617107712,-0.03977415440314213,-0.15314850063847496,0.0014738506303503783,0.09510784570280487,-3.737916033305545e-132,0.0,0.0,0.06053187617107712
43.75,1.7512931855871616e+18,6.818904335659036,-0.006785746993778919,0.06071651196983571,-0.05233159501712336,-0.1571775050727373,0.0007226275449431107,0.023234765250091126,-2.88772069043981e-132,0.0,0.0,0.06071651196983571
43.775000000000006,1.7512931856121618e+18,6.822683299271348,-0.00799589215120971,0.05949564762104827,-0.060814405712990204,-0.15586776072543795,0.0005934961315343224,-0.04419426750029168,-1.4493045656368182e-132,0.0,0.0,0.05949564762104827
43.800000000000004,1.7512931856371617e+18,6.813093443852918,-0.006932145806983106,0.05741520583831558,-0.06269985632632126,-0.1567110733815693,0.0008056878103258806,-0.10024963441792907,-8.7232962238863e-134,0.0,0.0,0.05741520583831558
43.825,1.7512931856621617e+18,6.81189811541452,-0.006743835642245505,0.05479197102086152,-0.05759638932344636,-0.15675479277202964,0.0010812635315734077,-0.1422343657087284,8.018040299526841e-133,0.0,0.0,0.05479197102086152
43.85,1.7512931856871619e+18,6.810404141661817,-0.006508477363761795,0.05166917920340577,-0.047468475816248426,-0.1568094351780278,0.0012328974352679256,-0.17056794192755573,1.114309391276468e-132,0.0,0.0,0.05166917920340577
43.875,1.7512931857121618e+18,6.8182378583781675,-0.007788260129432963,0.04792423373506153,-0.03574645032414792,-0.15611058019219382,0.0011958943553250032,-0.18713480231557153,9.645737269824943e-133,0.0,0.0,0.04792423373506153
43.900000000000006,1.7512931857371617e+18,6.816060154762763,-0.007822050732373069,0.04344914073621663,-0.025777891201198635,-0.15677363845176062,0.0010166281936887364,-0.1940218221411695,5.6905161184972725e-133,0.0,0.0,0.04344914073621663
43.925000000000004,1.7512931857621617e+18,6.816270259713111,-0.007855562119385385,0.0383093819888049,-0.019435509089540462,-0.15685115789824788,0.0008148706884863074,-0.19310478724856897,1.4134470126199135e-133,0.0,0.0,0.0383093819888049
43.95,1.7512931857871616e+18,6.820298405532657,-0.010901760508672264,0.032806915400468116,-0.01655835250954548,-0.1569120988201238,0.0007320665572239433,-0.186330130253636,-1.7335691569909404e-133,0.0,0.0,0.032806915400468116
43.975,1.7512931858121618e+18,6.820072360871749,-0.01086621078553362,0.02741554770921879,-0.015401026596726262,-0.1569292769497177,0.0008758069915334636,-0.17610248128418562,-3.1842375392960727e-133,0.0,0.0,0.02741554770921879
44.0,1.7512931858371617e+18,6.8165852233090956,-0.011685410073184958,0.022614541644025515,-0.01374007100034668,-0.15804471286102428,0.0012730519664502374,-0.16514776291892408,-3.1092056767979904e-133,0.0,0.0,0.022614541644025515
44.025000000000006,1.7512931858621617e+18,6.816429766151502,-0.011660702766284368,0.01869888534988006,-0.01001574800036663,-0.15794374871997752,0.0018453997504333686,-0.15558876773230784,-2.0922009207882897e-133,0.0,0.0,0.01869888534988006
44.050000000000004,1.7512931858871619e+18,6.819910632052982,-0.008704177630133082,0.015663543309637443,-0.0039616279511040615,-0.15797551409590804,0.0024157258348411815,-0.1475528355973801,-7.963012494728112e-134,0.0,0.0,0.015663543309637443
44.075,1.7512931859121618e+18,6.820010963260323,-0.008720162249539608,0.013228634177490829,0.003486237654457309,-0.1579579907168358,0.0027480237343388398,-0.1381188628338432,2.7197166968612183e-134,0.0,0.0,0.013228634177490829
44.1,1.7512931859371617e+18,6.8198868228836975,-0.011048803553552627,0.011005215433104279,0.010811279943980984,-0.15758731805167736,0.002615159453150694,-0.12151634143469474,8.63101722655249e-134,0.0,0.0,0.011005215433104279
44.125,1.7512931859621617e+18,6.8199522910542365,-0.011059221469381484,0.00873260428079931,0.016661854715564976,-0.1575632074110347,0.0018846224004007536,-0.09108604460794154,9.679956316425133e-134,0.0,0.0,0.00873260428079931
44.150000000000006,1.7512931859871616e+18,6.822254327980205,-0.006251163188340683,0.006481605087816221,0.02036503887498957,-0.15506246902207899,0.000607218218700601,-0.04270986131452834,7.325204886810454e-134,0.0,0.0,0.006481605087816221
44.175000000000004,1.7512931860121618e+18,6.822294160650256,-0.0062574414411058306,0.004723690429640942,0.02205582923746495,-0.155042025622516,-0.0009169069214284469,0.02146042130813566,3.5510776436549796e-134,0.0,0.0,0.004723690429640942
44.2,1.7512931860371617e+18,6.815570958200061,-0.008907968952205315,0.004205086121211157,0.022449188997054247,-0.1575964840837738,-0.002133840073860361,0.09067941419622143,5.57248556686871e-136,0.0,0.0,0.004205086121211157
44.225,1.7512931860621617e+18,6.815480397394796,-0.008893786346558751,0.0056269482241353445,0.02238861809377335,-0.1576178465713327,-0.002333246026332086,0.1462434303953247,-2.1732968714049014e-134,0.0,0.0,0.0056269482241353445
44.25,1.7512931860871619e+18,6.821456608073773,-0.004055978914980831,0.009210700036128325,0.022361925669089514,-0.15604473768447935,-0.0008609609869337395,0.16571301847883912,-2.905996304506085e-134,0.0,0.0,0.009210700036128325
44.275000000000006,1.7512931861121618e+18,6.82139760910938,-0.004046611250989194,0.014303937823458636,0.02217691792968882,-0.1560818278112146,0.002594745301951246,0.1298977953012128,-2.46344030953962e-134,0.0,0.0,0.014303937823458636
44.300000000000004,1.7512931861371617e+18,6.819779289674617,-0.006521323384220531,0.01922460167859387,0.020918049272934315,-0.1561482778949963,0.007750108704157217,0.03034577763394489,-1.415254797050593e-134,0.0,0.0,0.01922460167859387
44.325,1.7512931861621617e+18,6.819969094249891,-0.006931257002120881,0.02150870487643956,0.0171963933249085,-0.1555536200420362,0.013659138713428224,-0.12567072184185976,-3.107148216527165e-135,0.0,0.0,0.02150870487643956
44.35,1.7512931861871616e+18,6.820015176303852,-0.0069385075983431485,0.018590639957479418,0.009634063224081708,-0.1555446920296606,0.018981496934628524,-0.3152522736681434,4.8505923083515505e-135,0.0,0.0,0.018590639957479418
44.375,1.7512931862121618e+18,6.827321639070848,-0.0060774717599676046,0.008725756285914064,-0.0024862130896610357,-0.15314408865773377,0.02265108245476718,-0.5059669529430554,8.37322573937202e-135,0.0,0.0,0.008725756285914064
44.400000000000006,1.7512931862371617e+18,6.8271062461038134,-0.006043722340379411,-0.008233150388387676,-0.018505268903805158,-0.15321908803969908,0.02483493008289787,-0.666457644798517,7.991148416454465e-135,0.0,0.0,-0.008233150388387676
44.425000000000004,1.7512931862621617e+18,6.823624037206284,-0.00793805163594714,-0.03062426609512271,-0.035842495786293706,-0.1533172238552023,0.027821610870629034,-0.7778888245804813,5.2575505240799155e-135,0.0,0.0,-0.03062426609512271
44.45,1.7512931862871619e+18,6.823260616312092,-0.007880646628150377,-0.05554160096867975,-0.05001902459462419,-0.1508886260850364,0.03630206257533573,-0.8416057295163932,1.8884594976743854e-135,0.0,0.0,-0.05554160096867975
44.475,1.7512931863121618e+18,6.818903502208547,-0.014494616273209148,-0.08002281546055605,-0.05557188322173601,-0.15097567538599144,0.056663616070696615,-0.8792912340288452,-8.321646581030798e-136,0.0,0.0,-0.08002281546055605
44.5,1.7512931863371617e+18,6.8191405621854555,-0.014535165509686117,-0.10237072203379466,-0.04774114884158486,-0.14897484287405405,0.09546671748503707,-0.9245610894385962,-2.2941190565128443e-135,0.0,0.0,-0.10237072203379466
44.525000000000006,1.7512931863621617e+18,6.8180448884508476,-0.012451341114824571,-0.12299610217684362,-0.024242725350305108,-0.1497303142620683,0.15782149675728213,-1.0084047148339157,-2.5037898123966774e-135,0.0,0.0,-0.12299610217684362
44.550000000000004,1.7512931863871616e+18,6.817678164929112,-0.012403662919884588,-0.14433598433897282,0.013796445441339915,-0.1493736497180973,0.24643149703594966,-1.1437425869815152,-1.855711468590578e-135,0.0,0.0,-0.14433598433897282
44.575,1.7512931864121618e+18,6.815250931075039,0.0023064702290517005,-0.16978743990528575,0.06228242431174195,-0.13963563907462184,0.3615811160190189,-1.3153288978211073,-8.669892590526101e-136,0.0,0.0,-0.16978743990528575
44.6,1.7512931864371617e+18,6.81459091036394,0.0023917460721810035,-0.20203691066456642,0.11568362988062011,-0.13491871725397386,0.501730327524541,-1.4796863931889714,2.896287792059067e-137,0.0,0.0,-0.20203691066456642
44.625,1.7512931864621617e+18,6.817926290042807,0.011115632000131855,-0.24147406780467656,0.1686055824330304,-0.11633454038699265,0.6640906147444603,-1.5761608388065138,5.8683519165794064e-136,0.0,0.0,-0.24147406780467656
44.650000000000006,1.7512931864871619e+18,6.8229157139536865,0.010223749082637115,-0.28540095793998244,0.2162970810551833,-0.10307293711415566,0.8447562574193809,-1.5458794679958339,7.56832549924508e-136,0.0,0.0,-0.28540095793998244
44.675000000000004,1.7512931865121618e+18,6.797918429993244,0.018714600852100683,-0.3284294389023817,0.2537525329322788,-0.08022954749994016,1.038477431701413,-1.3521193783724363,6.2839688928435145e-136,0.0,0.0,-0.3284294389023817
44.7,1.7512931865371617e+18,6.800920759331819,0.01803000806590549,-0.363943677699611,0.274260284219037,-0.059668981057146464,1.2385604201720823,-0.9947137467269849,3.511805768853289e-136,0.0,0.0,-0.363943677699611
44.725,1.7512931865621617e+18,6.762922358435569,0.04139762811115086,-0.3860688171065629,0.268992315979026,-0.034848410418564235,1.4373144489566623,-0.513074364491804,6.6268051472101655e-137,0.0,0.0,-0.3860688171065629
44.75,1.7512931865871616e+18,6.758821386136543,0.03887417494466792,-0.3914290497680436,0.2288671885869013,0.018731676717521406,1.627011113304451,0.023526891352327238,-1.3467121507944608e-136,0.0,0.0,-0.3914290497680436
44.775000000000006,1.7512931866121618e+18,6.695287815458547,0.04019221867600102,-0.3800885102964605,0.1485208033115115,0.05225762975832016,1.8009242805262131,0.5351691082186623,-2.198193836385291e-136,0.0,0.0,-0.3800885102964605
44.800000000000004,1.7512931866371617e+18,6.695631809956051,0.038786785102724604,-0.35534585314201045,0.030667847727195295,0.10319401407042683,1.954011825626634,0.95337366437764,-2.0515067413681904e-136,0.0,0.0,-0.35534585314201045
44.825,1.7512931866621617e+18,6.676513953381104,0.01678243992314444,-0.3224466308754593,-0.11151499814288884,0.14103147194715593,2.0831141221883422,1.2386131325734666,-1.3189802935275535e-136,0.0,0.0,-0.3224466308754593
44.85,1.7512931866871619e+18,6.673969127252044,0.015848470928293983,-0.28672158915631973,-0.2556397666989274,0.19049643860963528,2.1868776713169056,1.3876914864026715,-4.441908855773777e-137,0.0,0.0,-0.28672158915631973
44.875,1.7512931867121618e+18,6.614009843412325,-0.028039545843718164,-0.25193829696731673,-0.37497077992389355,0.2463518282180419,2.2657210252266573,1.4292927175800536,2.478322921593597e-137,0.0,0.0,-0.25193829696731673
44.900000000000006,1.7512931867371617e+18,6.615477562078801,-0.029102211752604683,-0.21952166558739,-0.4452024451983947,0.29070088050627785,2.3219631455668654,1.4102113456585381,6.084218080549352e-137,0.0,0.0,-0.21952166558739
44.925000000000004,1.7512931867621617e+18,6.536613966834177,-0.06892147276668122,-0.1888066330506163,-0.4506587388769421,0.3607902882835248,2.3598771096180795,1.3777643350807245,6.468594324842992e-137,0.0,0.0,-0.1888066330506163
44.95,1.7512931867871616e+18,6.5349221957338175,-0.06995833185470253,-0.15799829864947879,-0.38781219412326473,0.4063764617887653,2.385249653071658,1.364636896030499,4.694732318269857e-137,0.0,0.0,-0.15799829864947879
44.975,1.7512931868121618e+18,6.4826132118217705,-0.0976972390530394,-0.12531525768325547,-0.26525252938265526,0.48723526127130556,2.404249279612918,1.380880875190132,2.10840440853897e-137,0.0,0.0,-0.12531525768325547
45.0,1.7512931868371617e+18,6.480105848322319,-0.09882706085966139,-0.08986472506020593,-0.10061446107470357,0.5350008342920614,2.4218946090511397,1.4147776177043383,-1.8551955914355347e-138,0.0,0.0,-0.08986472506020593
45.025000000000006,1.7512931868621617e+18,6.439858929276338,-0.10963039873821308,-0.05200339111616759,0.08411353345426167,0.6094096416997976,2.440782656138843,1.4410517403440535,-1.5791245377253644e-137,0.0,0.0,-0.05200339111616759
45.050000000000004,1.7512931868871619e+18,6.353427944561069,-0.14339356231185346,-0.013177839681052446,0.2672429698731741,0.697056653286583,2.460692963272541,1.4326345407053618,-1.968501388908853e-137,0.0,0.0,-0.013177839681052446
45.075,1.7512931869121618e+18,6.353738716658279,-0.1435930120270231,0.024567892856805967,0.4306623847786326,0.7228952239805868,2.4792464348792764,1.371476188081446,-1.6010465693805329e-137,0.0,0.0,0.024567892856805967
45.1,1.7512931869371617e+18,6.331349372153727,-0.17151076947470947,0.05916498498446574,0.561122490505612,0.8007135577499178,2.493250498392777,1.254799664580768,-8.69296724250935e-138,0.0,0.0,0.05916498498446574
45.125,1.7512931869621617e+18,6.287608355597705,-0.1566383252413862,0.0889958909541128,0.6498647747341791,0.8707480398113581,2.500047307687311,1.0951587571802373,-1.352214447674401e-138,0.0,0.0,0.0889958909541128
45.150000000000006,1.7512931869871616e+18,6.253600420114866,-0.18086549567017135,0.1132134061128346,0.6916028654961875,0.9741925009595866,2.4982801276477535,0.9149359738785623,3.714219374335427e-138,0.0,0.0,0.1132134061128346
45.175000000000004,1.7512931870121618e+18,6.253922391033719,-0.18040892470990263,0.13188458603586845,0.6837895638989514,0.9993853854109811,2.4879131696890386,0.7377485484083023,5.761760793912923e-138,0.0,0.0,0.13188458603586845
45.2,1.7512931870371617e+18,6.229867292090492,-0.19086830508759559,0.1459134045956216,0.6265604850524421,1.0793466754348437,2.4697859827171413,0.58009959831916,5.260656534420276e-138,0.0,0.0,0.1459134045956216
45.225,1.7512931870621617e+18,6.23005119009112,-0.18980257259696895,0.1566969926591577,0.5234293300509483,1.1297247714507148,2.4451715044090263,0.4463159280935402,3.3031823016095425e-138,0.0,0.0,0.1566969926591577
45.25,1.7512931870871619e+18,6.229521563107806,-0.16023468622955844,0.16555871115000262,0.38277038043808254,1.2352578553385594,2.4156698021605694,0.32849550310679626,1.0345964012679378e-138,0.0,0.0,0.16555871115000262
45.275000000000006,1.7512931871121618e+18,6.228789091850569,-0.16031321058777773,0.17314046800285746,0.2197838143786118,1.2615534471178678,2.383460651840307,0.21129377619356696,-7.23439300288173e-139,0.0,0.0,0.17314046800285746
45.300000000000004,1.7512931871371617e+18,6.228114954689664,-0.16343985160786015,0.17903390222943544,0.057752550767385384,1.353513109139152,2.351659488825517,0.07955700444530757,-1.6102299661949862e-138,0.0,0.0,0.17903390222943544
45.325,1.7512931871621617e+18,6.22661393938587,-0.16344206129106142,0.18188610200196417,-0.07341135199711818,1.4082663204246848,2.3243939044910293,-0.07427547108677486,-1.669226279464763e-138,0.0,0.0,0.18188610200196417
45.35,1.7512931871871616e+18,6.263308155350304,-0.1691641366973231,0.1800001579339361,-0.1429486965563388,1.4679599448346656,2.306286747090789,-0.24599223545934057,-1.1860484465438331e-138,0.0,0.0,0.1800001579339361
45.375,1.7512931872121618e+18,6.263387051807072,-0.16721962307937005,0.17217215261877947,-0.12883709657647954,1.5192297850774268,2.3012913186219115,-0.42037833378382433,-5.1048310152135124e-139,0.0,0.0,0.17217215261877947
45.400000000000006,1.7512931872371617e+18,6.251642578517331,-0.16187143054024677,0.15835114385951227,-0.027672503962755134,1.570539584348738,2.3111885944302504,-0.5766739578408902,7.61548773636923e-140,0.0,0.0,0.15835114385951227
45.425000000000004,1.7512931872621617e+18,6.251642468917783,-0.15800097149027945,0.13978739258549117,0.14034253799598953,1.6371794863377764,2.334353156760369,-0.6965593338994108,4.23596461777059e-139,0.0,0.0,0.13978739258549117
45.45,1.7512931872871619e+18,6.190024934396488,-0.1597882665181397,0.1185973421698246,0.33515364995135055,1.6940584852307672,2.3654450099410504,-0.7714546292069819,5.1134811043347575e-139,0.0,0.0,0.1185973421698246
45.475,1.7512931873121618e+18,6.188673732342752,-0.16168775738002925,0.0969643050186295,0.5090272766977348,1.743517700770432,2.3964125861837866,-0.8061719883139705,4.0742067300042246e-139,0.0,0.0,0.0969643050186295
45.5,1.7512931873371617e+18,6.170958946696589,-0.14931595642021692,0.07635333442265956,0.6221860028385221,1.8417112482081044,2.4186666472466234,-0.8173943743889688,2.146176528199027e-139,0.0,0.0,0.07635333442265956
45.525000000000006,1.7512931873621617e+18,6.169722175776812,-0.15139786282610826,0.05707389465743846,0.6549750617765863,1.8947442791104883,2.4256936317047924,-0.8274856682156647,2.5700475269955424e-140,0.0,0.0,0.05707389465743846
45.550000000000004,1.7512931873871616e+18,6.1430741635485715,-0.13919243831466618,0.03832371030105574,0.6116809791737472,1.9605148806402073,2.4149955020337504,-0.8559380060582045,-1.018488116146104e-139,0.0,0.0,0.03832371030105574
45.575,1.7512931874121618e+18,6.1426803828761285,-0.13838395642635812,0.018630269890418005,0.5156374283025202,2.012780067372517,2.3883697837266946,-0.9116403401984213,-1.5079515087362631e-139,0.0,0.0,0.018630269890418005
45.6,1.7512931874371617e+18,6.116090807644128,-0.11702547197499204,-0.00350838425427342,0.39918423339737197,2.099753111014459,2.3502978644934367,-0.988806322538357,-1.347436459735865e-139,0.0,0.0,-0.00350838425427342
45.625,1.7512931874621617e+18,6.115759549685145,-0.11679163527197248,-0.02898633672988976,0.29330275224326025,2.156225862162304,2.305271428844628,-1.0680120108749038,-8.257074994735698e-140,0.0,0.0,-0.02898633672988976
45.650000000000006,1.7512931874871619e+18,6.090447720967157,-0.08935511989335873,-0.05762329086192213,0.22036851383329664,2.224664500773063,2.255546649497308,-1.121925216282712,-2.3811280696008157e-140,0.0,0.0,-0.05762329086192213
45.675000000000004,1.7512931875121618e+18,6.039538653233671,-0.047216550867133354,-0.08800797472117584,0.1910484759416703,2.289692756344649,2.200524121523669,-1.1236670126709236,2.0793076172954146e-140,0.0,0.0,-0.08800797472117584
45.7,1.7512931875371617e+18,6.039624008078903,-0.045974827258811544,-0.11774248701976328,0.20457344786266668,2.3609946335666723,2.1378952008612138,-1.0549246014776643,4.253217458955121e-140,0.0,0.0,-0.11774248701976328
45.725,1.7512931875621617e+18,6.039653575013354,-0.04554469396727326,-0.14405798816952123,0.2510414800884617,2.385693617250763,2.06568529129909,-0.9111992071092303,4.302473473924829e-140,0.0,0.0,-0.14405798816952123
45.75,1.7512931875871616e+18,5.992798947064833,-0.017811851102175397,-0.16459562106047854,0.31475828360229857,2.439457070378882,1.9840419636895192,-0.7027688484011299,2.9920193165937734e-140,0.0,0.0,-0.16459562106047854
45.775000000000006,1.7512931876121618e+18,5.952839902118751,-0.01995797383963422,-0.17803038534511204,0.3782142508208074,2.5240504212564683,1.8960414036814692,-0.45156071749834376,1.2298566282477549e-140,0.0,0.0,-0.17803038534511204
45.800000000000004,1.7512931876371617e+18,5.954606041878162,-0.021203928850746047,-0.1842754011877608,0.42643637483953123,2.570724468559011,1.807392351153664,-0.1854967897816869,-2.6863255243622373e-141,0.0,0.0,-0.1842754011877608
45.825,1.7512931876621617e+18,5.9140689392787165,-0.01800662260302895,-0.18422313405190535,0.4509783605113749,2.5954513182439025,1.7252522663009047,0.06753472940120739,-1.1330183448477548e-140,0.0,0.0,-0.18422313405190535
45.85,1.7512931876871619e+18,5.916139159874306,-0.01808937101032122,-0.17921308204449193,0.4523219898783441,2.661301659240087,1.6564072626126487,0.2842869381570724,-1.32664491211601e-140,0.0,0.0,-0.17921308204449193
45.875,1.7512931877121618e+18,5.899616970446047,-0.028024071177504273,-0.17052042179342874,0.43961320766701867,2.6836804081771874,1.6050981843901169,0.4485765956950172,-1.0354784225064534e-140,0.0,0.0,-0.17052042179342874
45.900000000000006,1.7512931877371617e+18,5.900277405683629,-0.02680392770781376,-0.1591016215729132,0.42748915697215967,2.737978861953113,1.571049204054472,0.5518896719901283,-5.283576553328087e-141,0.0,0.0,-0.1591016215729132
45.925000000000004,1.7512931877621617e+18,5.88450338362389,-0.04353050041730739,-0.14566621537734087,0.4308818825840811,2.762457927081828,1.548629290179774,0.5931913884574025,-4.272735608988401e-142,0.0,0.0,-0.14566621537734087
45.95,1.7512931877871616e+18,5.886052145313652,-0.04318030155027341,-0.13095389797852575,0.4596527664079216,2.812548766286016,1.5280155018556287,0.5788412661667997,2.778732465244449e-141,0.0,0.0,-0.13095389797852575
45.975,1.7512931878121618e+18,5.857405287685794,-0.07029891872722151,-0.11597225299872038,0.5151949362121989,2.8302634258963653,1.4983308480693307,0.5227608004927068,3.940817591150299e-141,0.0,0.0,-0.11597225299872038
46.0,1.7512931878371617e+18,5.859200572469021,-0.07019527181924719,-0.10196612594310024,0.590368666007319,2.8755878944782167,1.4513671434593256,0.4461155385832442,3.447267058749991e-141,0.0,0.0,-0.10196612594310024
46.025000000000006,1.7512931878621617e+18,5.847393375289557,-0.11226443850799403,-0.09005120788652798,0.6725651627797455,2.9133702569312017,1.3837513827226589,0.37534295986920396,2.0600331919187418e-141,0.0,0.0,-0.09005120788652798
46.050000000000004,1.7512931878871619e+18,5.833079728735137,-0.13185485436782407,-0.08066613803617675,0.7481615164633495,2.975557681524648,1.2961706124642578,0.33773839195815725,5.399059136326325e-142,0.0,0.0,-0.08066613803617675
46.075,1.7512931879121618e+18,5.816648709069568,-0.14111893366684325,-0.07314727534580341,0.8060018975735684,3.001487165360557,1.1903076945444537,0.3549186258092965,-5.9029394246209026e-142,0.0,0.0,-0.07314727534580341
46.1,1.7512931879371617e+18,5.816939486912209,-0.14090663666938966,-0.06571026501812759,0.838313536022992,3.027122304173322,1.0659799086141917,0.4358103274483316,-1.1213466127930585e-141,0.0,0.0,-0.06571026501812759
46.125,1.7512931879621617e+18,5.81065772328812,-0.1703958167573469,-0.055936810139162685,0.8393980958988271,3.0305551697862794,0.92098092090321,0.5716693426148075,-1.1076999248412673e-141,0.0,0.0,-0.055936810139162685
46.150000000000006,1.7512931879871616e+18,5.811552073999578,-0.17024277473516647,-0.041623320562832425,0.8042894066845897,3.0619020451110734,0.7541086627275608,0.7354999293173957,-7.536562058558248e-142,0.0,0.0,-0.041623320562832425
46.175000000000004,1.7512931880121618e+18,5.765108983457837,-0.2035980762808647,-0.02167882999783701,0.7297573614747211,3.0790440406336015,0.5693961354415652,0.8870165253444245,-2.946298912121935e-142,0.0,0.0,-0.02167882999783701
46.2,1.7512931880371617e+18,5.763380097696518,-0.23701290846897402,0.0032766156046308602,0.6180353017048713,3.096768472797845,0.37854079221213605,0.9823851623523926,8.768693752066e-143,0.0,0.0,0.0032766156046308602
46.225,1.7512931880621617e+18,5.764012711155823,-0.2370138506461401,0.030867259610881652,0.4807372624651506,3.112238975475288,0.19956894796849786,0.9861433314165153,3.0225061519198785e-142,0.0,0.0,0.030867259610881652
46.25,1.7512931880871619e+18,5.725453466257375,-0.20112411929619797,0.05752778197862979,0.33902705351347556,3.1096096608508517,0.05198977662591959,0.8816840778892686,3.437639700819021e-142,0.0,0.0,0.05752778197862979
46.275000000000006,1.7512931881121618e+18,5.713819945874223,-0.19642057916342417,0.07949987710516788,0.21785730178946267,3.104185728071698,-0.04940620696235869,0.6769420312612057,2.628367557075815e-142,0.0,0.0,0.07949987710516788
46.300000000000004,1.7512931881371617e+18,5.713334562912318,-0.1964236815395883,0.09390132137558055,0.13617246727243265,3.1070512720603616,-0.09936900361318672,0.4033696408920516,1.2967180126007592e-142,0.0,0.0,0.09390132137558055
46.325,1.7512931881621617e+18,5.696908534920666,-0.198010195079454,0.09948446886648397,0.09837805658829832,3.098241061223962,-0.10365867012638992,0.1084042819646345,4.978212350684211e-144,0.0,0.0,0.09948446886648397
46.35,1.7512931881871616e+18,5.659461063263637,-0.23757271366057028,0.09684644031344179,0.09238594994441679,3.086100791957993,-0.07670273610222593,-0.15637051945509267,-7.547259144507002e-143,0.0,0.0,0.09684644031344179
46.375,1.7512931882121618e+18,5.657708971242692,-0.23758050796342484,0.08808752733736117,0.09582766701851074,3.081462827563581,-0.03655760195136493,-0.34795806131359136,-1.0284266777203882e-142,0.0,0.0,0.08808752733736117
46.400000000000006,1.7512931882371617e+18,5.654007356497977,-0.21611697273499883,0.07610802678526919,0.08698400265089223,3.0823573112875375,0.000693125841859551,-0.44208633669360836,-8.809182471450903e-143,0.0,0.0,0.07610802678526919
46.425000000000004,1.7512931882621617e+18,5.652895372183943,-0.21613270361431206,0.06380852037334646,0.05418754723775647,3.0814043656634937,0.024952596929909934,-0.4382144861731182,-5.128912894760432e-143,0.0,0.0,0.06380852037334646
46.45,1.7512931882871619e+18,5.664069834678692,-0.20580452134675228,0.0534290708607107,-0.0010661322488794702,3.087338284204854,0.03334558904426974,-0.3584201034683991,-1.2009384449000206e-143,0.0,0.0,0.0534290708607107
46.475,1.7512931883121618e+18,5.663360671084094,-0.20578891619195194,0.04617643435410297,-0.06763558050263654,3.087045881176111,0.02883941407624858,-0.2407763868633015,1.6589264323886093e-143,0.0,0.0,0.04617643435410297
46.5,1.7512931883371617e+18,5.679564277726447,-0.2100494025032346,0.04217259940451262,-0.13132332668031915,3.0900789655035408,0.017402314122724354,-0.12903864115866698,2.951178547239027e-143,0.0,0.0,0.04217259940451262
46.525000000000006,1.7512931883621617e+18,5.678591676234491,-0.21001103453061,0.0406476613700899,-0.1802668393012377,3.08972240540573,0.005077723179427247,-0.06108967932312807,2.8485842714791443e-143,0.0,0.0,0.0406476613700899
46.550000000000004,1.7512931883871616e+18,5.69203470589667,-0.19771217647515396,0.04025275811649165,-0.20713871127709266,3.0915388712104774,-0.0040182463781623864,-0.05867705026363356,1.895408071448824e-143,0.0,0.0,0.04025275811649165
46.575,1.7512931884121618e+18,5.693087244323561,-0.18805538364469876,0.039408170002147566,-0.20898007416463024,3.0898449127276684,-0.00836520976634913,-0.12065656503862639,7.012602050925973e-144,0.0,0.0,0.039408170002147566
46.6,1.7512931884371617e+18,5.693024421803813,-0.18806061306714927,0.03667936675454498,-0.18654655462072312,3.089391508294414,-0.008536553786865143,-0.22135601533789387,-2.729941917475431e-144,0.0,0.0,0.03667936675454498
46.625,1.7512931884621617e+18,5.70702741417478,-0.18249526895194385,0.031211476317808,-0.14411944701690238,3.0899782859299125,-0.006104257891215094,-0.31481940677990217,-8.043162300837958e-144,0.0,0.0,0.031211476317808
46.650000000000006,1.7512931884871619e+18,5.706864795590431,-0.1824896546501619,0.023209448521571845,-0.08928813115751146,3.090189537773298,-0.002635217314407773,-0.34457103247073967,-8.896980955927018e-144,0.0,0.0,0.023209448521571845
46.675000000000004,1.7512931885121618e+18,5.695335078767192,-0.19970053690978393,0.014350600935940358,-0.03172319537105314,3.0923195029139534,0.0007863916203425342,-0.2572172757717567,-6.662920833216082e-144,0.0,0.0,0.014350600935940358
46.7,1.7512931885371617e+18,5.695043964631371,-0.19968753881101287,0.007926357517916087,0.0192163832810534,3.09210154350701,0.0035023618386621908,-0.01693881376340569,-3.1716766267051275e-144,0.0,0.0,0.007926357517916087
46.725,1.7512931885621617e+18,5.697631850810251,-0.18860282427844582,0.008504366956499448,0.05695902578414817,3.0906278429845675,0.004982557100337891,0.38284439659426245,2.637823066845117e-146,0.0,0.0,0.008504366956499448
46.75,1.7512931885871616e+18,5.697862161074356,-0.18861686811075914,0.021024535616657233,0.07882613621099101,3.0902926849233103,0.004603325944375059,0.9141690345330244,2.04168619937506e-144,0.0,0.0,0.021024535616657233
46.775000000000006,1.7512931886121618e+18,5.6859950498671195,-0.19882715478685314,0.04948063226769951,0.08522814065497746,3.0899531035006125,0.0016518353822578158,1.517756647930887,2.6802001924415814e-144,0.0,0.0,0.04948063226769951
46.800000000000004,1.7512931886371617e+18,5.68593986523047,-0.1988251786956596,0.0956030355338121,0.07778423845692008,3.0900220053393874,-0.004478784426497262,2.1146280067878536,2.2484583702377923e-144,0.0,0.0,0.0956030355338121
46.825,1.7512931886621617e+18,5.688059554973481,-0.19537598576130885,0.15808621291377326,0.057879906462888604,3.0898674087488573,-0.014041263330829178,2.623377629685682,1.2741522254290839e-144,0.0,0.0,0.15808621291377326
46.85,1.7512931886871619e+18,5.686675872790809,-0.19530350737600005,0.23275503138668227,0.02670693450269884,3.0898741494427173,-0.026786775946818577,2.97847683033441,2.6035795244067945e-145,0.0,0.0,0.23275503138668227
46.875,1.7512931887121618e+18,5.683388724517265,-0.20129321060258606,0.31366164129469304,-0.013359621402587892,3.0898631629027418,-0.04201566049320115,3.1445216586939173,-4.622952248705505e-145,0.0,0.0,0.31366164129469304
46.900000000000006,1.7512931887371617e+18,5.678689518672808,-0.2010676465874067,0.39467535197685,-0.057237794668905446,3.0894605105299333,-0.058808014618691666,3.1225893701179808,-7.753905480805966e-145,0.0,0.0,0.39467535197685
46.925000000000004,1.7512931887621617e+18,5.690565710133728,-0.18555876558646645,0.47093810505060096,-0.09688272757259052,3.086555205470901,-0.07630426848727552,2.9473763212190764,-7.317116665488777e-145,0.0,0.0,0.47093810505060096
46.95,1.7512931887871616e+18,5.6856391975296106,-0.18530774409906836,0.5397009492092134,-0.12302217790279969,3.085781765016678,-0.09389002359005669,2.6766170776121947,-4.7590808842450894e-145,0.0,0.0,0.5397009492092134
46.975,1.7512931888121618e+18,5.685468372257342,-0.1749137180093666,0.6003966724912375,-0.1284104290936429,3.0865426491008114,-0.11122571529376475,2.376395205902304,-1.6565102920332214e-145,0.0,0.0,0.6003966724912375
47.0,1.7512931888371617e+18,5.678393728140919,-0.17453057971702013,0.6541239884751596,-0.11105642634530402,3.0855950407678967,-0.12816036368010683,2.1066729754854023,8.231484009033418e-146,0.0,0.0,0.6541239884751596
47.025000000000006,1.7512931888621617e+18,5.655748230028798,-0.18433109537885692,0.7028882432386313,-0.07559357360060771,3.0822601000874736,-0.14461533460445153,1.9106204244854357,2.135446100893897e-145,0.0,0.0,0.7028882432386313
47.050000000000004,1.7512931888871619e+18,5.61954368407542,-0.17720789124806707,0.7489344555418781,-0.031824931059668805,3.076710896839215,-0.16051384070747277,1.8096061269142594,2.2999015099086985e-145,0.0,0.0,0.7489344555418781
47.075,1.7512931889121618e+18,5.607796679877144,-0.17655291881201085,0.7943509779583112,0.008902979960147765,3.074198615479227,-0.1757736400036427,1.8037888843333243,1.6867912058491022e-145,0.0,0.0,0.7943509779583112
47.1,1.7512931889371617e+18,5.57642431299329,-0.1835410679042398,0.8409089565761558,0.037617324059801345,3.0681905525856012,-0.1903187317052454,1.8768036713203846,7.728682536595183e-146,0.0,0.0,0.8409089565761558
47.125,1.7512931889621617e+18,5.561925292275875,-0.18263092358024036,0.8899716484449292,0.05011419686558409,3.0645827052141743,-0.20406608371624466,2.0024153803884888,-4.640617492565025e-147,0.0,0.0,0.8899716484449292
47.150000000000006,1.7512931889871616e+18,5.5410700569874205,-0.1727611132402373,0.9423525945582185,0.04716188582549395,3.0617135613045767,-0.21689978753035938,2.1511886771674233,-5.503222656121245e-146,0.0,0.0,0.9423525945582185
47.175000000000004,1.7512931890121618e+18,5.516427387532034,-0.17104882262877558,0.9981789007382019,0.033074076144472817,3.0559550178180968,-0.22869239591052984,2.295903975538009,-6.975650848211537e-146,0.0,0.0,0.9981789007382019
47.2,1.7512931890371617e+18,5.4767929749450905,-0.1719213862267375,1.0569376957499619,0.013757164439869872,3.0490160842373935,-0.23942006608218191,2.415276584753438,-5.73212843369649e-146,0.0,0.0,1.0569376957499619
47.225,1.7512931890621617e+18,5.453634608534942,-0.17018190433064023,1.117786515938406,-0.004914110206813949,3.0438967372201264,-0.2493266153162728,2.4962039020273346,-3.1578805379650964e-146,0.0,0.0,1.117786515938406
47.25,1.7512931890871619e+18,5.410647823200897,-0.16238654294452595,1.1799694838222234,-0.01814914280864962,3.0388522460673406,-0.2589832637394949,2.5350753467044855,-5.443467897208839e-147,0.0,0.0,1.1799694838222234
47.275000000000006,1.7512931891121618e+18,5.361130200143593,-0.1563494192019032,1.243064936643427,-0.022912931085469577,3.0298551383863104,-0.2691044755955221,2.538551366087773,1.2790785341021903e-146,0.0,0.0,1.243064936643427
47.300000000000004,1.7512931891371617e+18,5.33333256222556,-0.1492961354807545,1.3069360897991267,-0.018425375512068236,3.0261325097368847,-0.28015872407275466,2.523719676695213,2.0339813454073756e-146,0.0,0.0,1.3069360897991267
47.325,1.7512931891621617e+18,5.302273798018238,-0.1461115522431358,1.3715272092595725,-0.006419076980325296,3.0195935122961264,-0.29200174154927566,2.5169209658692298,1.877390669511481e-146,0.0,0.0,1.3715272092595725
47.35,1.7512931891871616e+18,5.252024067760535,-0.14748425000733212,1.4367989816319648,0.009174105337830574,3.010557309135097,-0.3037825940724646,2.5502027162757233,1.1928916490085566e-146,0.0,0.0,1.4367989816319648
47.375,1.7512931892121618e+18,5.193917340908919,-0.14031185226551382,1.5029948493645258,0.023356006034412985,2.9987248027925193,-0.314223631339184,2.6546928717135416,3.8780869468695914e-147,0.0,0.0,1.5029948493645258
47.400000000000006,1.7512931892371617e+18,5.162596318311391,-0.1364965928678408,1.5711254809441362,0.03178835258005925,2.9924191576761934,-0.32217274000216056,2.851305640090591,-2.4252710863604726e-147,0.0,0.0,1.5711254809441362
47.425000000000004,1.7512931892621617e+18,5.102793091094557,-0.12462537512384013,1.6432668464828892,0.032392404467644006,2.983822752201449,-0.32718032715440026,3.140777077960019,-5.65738920481799e-147,0.0,0.0,1.6432668464828892
47.45,1.7512931892871619e+18,5.069844402731973,-0.11984307847576493,1.7222519508736704,0.026043049139106322,2.9766358158809143,-0.32983283331250723,3.4963567031711698,-5.938358284413634e-147,0.0,0.0,1.7222519508736704
47.475,1.7512931893121618e+18,5.019707827135594,-0.11256606717922948,1.8106674425453542,0.016027891080439876,2.9656997697422782,-0.33170411925709276,3.8627412209026057,-4.2644075985610504e-147,0.0,0.0,1.8106674425453542
47.5,1.7512931893371617e+18,4.968963238693745,-0.09984809973254691,1.9095105943596662,0.0065830240149509275,2.9612688037184225,-0.3349929499955394,4.163560137126768,-1.8754836188275442e-147,0.0,0.0,1.9095105943596662
47.525000000000006,1.7512931893621617e+18,4.923887079037249,-0.09276811609956487,2.0171035404441136,0.0012435949929605018,2.952972794985786,-0.3420429601058485,4.31710803937168,2.2090461489319624e-148,0.0,0.0,2.0171035404441136
47.550000000000004,1.7512931893871616e+18,4.858348710919655,-0.0823559534861333,2.1287793345682413,0.0017299870475499402,2.944269870739556,-0.3548955000887255,4.25693535202002,1.4784871137954683e-147,0.0,0.0,2.1287793345682413
47.575,1.7512931894121618e+18,4.780871773000792,-0.06835615888106655,2.237543788510172,0.007701406507382506,2.928984287481303,-0.3748713482422531,3.951570999379893,1.8131785665355773e-147,0.0,0.0,2.237543788510172
47.6,1.7512931894371617e+18,4.735790084812283,-0.05320857161867155,2.3355528049358814,0.017253641330874016,2.9241862324961505,-0.4020928494703472,3.4170951265101803,1.4595557693313782e-147,0.0,0.0,2.3355528049358814
47.625,1.7512931894621617e+18,4.680267548077168,-0.04211282473784043,2.41597549575854,0.027806921272336756,2.9144946443730357,-0.434994109837471,2.717915089573223,7.806784012646204e-148,0.0,0.0,2.41597549575854
47.650000000000006,1.7512931894871619e+18,4.580376775886982,-0.024037552901003775,2.474705511130407,0.03706355284259822,2.9007505221566148,-0.4701554945805342,1.954502484361189,1.076910297455964e-148,0.0,0.0,2.474705511130407
47.675000000000004,1.7512931895121618e+18,4.501681806456316,-0.004675523612524186,2.511423219506524,0.04382494508963646,2.8876992108743598,-0.5029043247913919,1.2409107513006075,-3.517149816780515e-148,0.0,0.0,2.511423219506524
47.7,1.7512931895371617e+18,4.43451493916443,0.012645677707684683,2.529673756804504,0.04847566225531688,2.8785214052609844,-0.5287645606774074,0.6782123309600113,-5.327253352847481e-148,0.0,0.0,2.529673756804504
47.725,1.7512931895621617e+18,4.382796923001907,0.024463355342658987,2.5359057226885886,0.05290336192722921,2.8695423760003824,-0.5451921918133343,0.3313963549483339,-4.811403373687684e-148,0.0,0.0,2.5359057226885886
47.75,1.7512931895871616e+18,4.296008651467917,0.05364244778467152,2.5377561854411472,0.059707299966714596,2.848230115177319,-0.5526562545005336,0.2162329756706692,-2.9846874815192017e-148,0.0,0.0,2.5377561854411472
47.775000000000006,1.7512931896121618e+18,4.197530628121209,0.07935377190929589,2.542117517282259,0.07086559933757366,2.8304753191504504,-0.5544000099737657,0.299471189471992,-8.98152218386027e-149,0.0,0.0,2.542117517282259
47.800000000000004,1.7512931896371617e+18,4.1464017133770055,0.09309705654156558,2.5535539947942874,0.08643686746946128,2.8191271680357075,-0.5549718029446273,0.5115676773262905,7.021462260098943e-149,0.0,0.0,2.5535539947942874
47.825,1.7512931896621617e+18,4.079515115096413,0.11301632915720805,2.573483249903385,0.10401983178679967,2.8069842982593376,-0.5583068515246384,0.7673800768573784,1.4957701308244532e-148,0.0,0.0,2.573483249903385
47.85,1.7512931896871619e+18,4.004887160588188,0.13614577926426752,2.6003152458111436,0.11938329671138015,2.7895426089444135,-0.5663127810218497,0.9881779986720313,1.5315076997501e-148,0.0,0.0,2.6003152458111436
47.875,1.7512931897121618e+18,3.928973635351682,0.16206443136243584,2.6304844081333094,0.128077978695337,2.780938049446936,-0.578510476746078,1.1185823007354698,1.0765573029915566e-148,0.0,0.0,2.6304844081333094
47.900000000000006,1.7512931897371617e+18,3.8426532079726368,0.19194699861604575,2.6599975834870877,0.12732551911702247,2.7642128785703615,-0.5926558461680095,1.1344192475685784,4.52994667333901e-149,0.0,0.0,2.6599975834870877
47.925000000000004,1.7512931897621617e+18,3.759840365248433,0.22470468383859166,2.6858575310730712,0.11732837367488841,2.7462449562081885,-0.6058518902245608,1.0409632199488907,-8.281282819577915e-150,0.0,0.0,2.6858575310730712
47.95,1.7512931897871616e+18,3.6768769652564726,0.2546505401632959,2.706749776600416,0.10140352081504125,2.7283277747742667,-0.6156222328271775,0.8642447967765381,-3.9601587600026705e-149,0.0,0.0,2.706749776600416
47.975,1.7512931898121618e+18,3.653933856393637,0.2719599738564044,2.7227905648867745,0.08485303496461624,2.7212534790501626,-0.6206163156837159,0.6398201255733649,-4.707038004784608e-149,0.0,0.0,2.7227905648867745
48.0,1.7512931898371617e+18,3.5768158725840786,0.30272956550259383,2.7346715165287976,0.07301615219539287,2.7031696701219547,-0.620839180003612,0.4031397930738236,-3.7118436464593247e-149,0.0,0.0,2.7346715165287976
48.025000000000006,1.7512931898621617e+18,3.5178101307106635,0.32860715403391333,2.742828124080882,0.06930299864416534,2.6893815942718784,-0.6174544788186873,0.18382875988437414,-1.9246985804973434e-149,0.0,0.0,2.742828124080882
48.050000000000004,1.7512931898871619e+18,3.4530691854265605,0.3562314359093462,2.7471510860604718,0.07403216704151486,2.6728768517326205,-0.6123152915903783,0.0038614095229400087,-1.9373273701846937e-150,0.0,0.0,2.7471510860604718
48.075,1.7512931899121618e+18,3.375311108444988,0.39619495570293856,2.7473639841162556,0.08453466812544193,2.6567893597685033,-0.6074277530749436,-0.1220463219967747,9.619272821747909e-150,0.0,0.0,2.7473639841162556
48.1,1.7512931899371617e+18,3.2937439031926843,0.43415545899987396,2.7437452349145666,0.09640561551073532,2.637748962750734,-0.604494407707205,-0.18582601584113828,1.3932048846597374e-149,0.0,0.0,2.7437452349145666
48.125,1.7512931899621617e+18,3.2308442169953353,0.4681337818065799,2.7376421292824595,0.1052830558081128,2.6271574824805533,-0.6045565302212971,-0.18631549183548393,1.2316543366635853e-149,0.0,0.0,2.7376421292824595
48.150000000000006,1.7512931899871616e+18,3.161093932871309,0.5028991173792602,2.731366571685911,0.10836322175714312,2.6118804134767317,-0.6077225218019288,-0.13009244819226187,7.453739784644481e-150,0.0,0.0,2.731366571685911
48.175000000000004,1.7512931900121618e+18,3.1201153274700224,0.5280044949642106,2.727467880506837,0.10508064969526974,2.5989879203803974,-0.6130810395705801,-0.03164979666962938,2.0525902090456627e-150,0.0,0.0,2.727467880506837
48.2,1.7512931900371617e+18,3.0262881739276395,0.5855247700093917,2.7277595517777153,0.09683113661206141,2.577438355410519,-0.6189482327396458,0.08826815656161179,-2.0049763387200422e-150,0.0,0.0,2.7277595517777153
48.225,1.7512931900621617e+18,2.9827244847958427,0.6104464562054562,2.7326218787281995,0.08604506264387357,2.566107937267654,-0.6234317481625348,0.20640950525729443,-3.947153625450154e-150,0.0,0.0,2.7326218787281995
48.25,1.7512931900871619e+18,2.91588947521479,0.650803335991264,2.7409650408666892,0.07513761533169164,2.5494940438936653,-0.6250699887556515,0.3018844561319959,-3.9452219290394383e-150,0.0,0.0,2.7409650408666892
48.275000000000006,1.7512931901121618e+18,2.835794207734262,0.7075455396220632,2.7508762311563375,0.06580281488302606,2.5299175166015915,-0.623271579957603,0.36049977914492365,-2.713779413331444e-150,0.0,0.0,2.7508762311563375
48.300000000000004,1.7512931901371617e+18,2.763909621391265,0.7560731945754999,2.7605655371306774,0.058845416730257685,2.512786705487159,-0.6184422543696756,0.37707756470248066,-1.0883727143058291e-150,0.0,0.0,2.7605655371306774
48.325,1.7512931901621617e+18,2.71335196305367,0.789756599026926,2.7690488221699794,0.0544262958046883,2.5006917843211007,-0.6118481849482531,0.355191759751196,2.7946737408429022e-151,0.0,0.0,2.7690488221699794
48.35,1.7512931901871616e+18,2.657442043435216,0.8341555168002899,2.7762188035984243,0.05241053895556491,2.4870036368305874,-0.6052887433929883,0.3048343419690006,1.0578078453629197e-150,0.0,0.0,2.7762188035984243
48.375,1.7512931902121618e+18,2.611026841405819,0.8672797908537434,2.782394908110737,0.05254584472124135,2.474743506683956,-0.60060554337752,0.23916704196123842,1.2204427412371282e-150,0.0,0.0,2.782394908110737
48.400000000000006,1.7512931902371617e+18,2.5575525753330917,0.9124339412721245,2.7877658473237092,0.05441216660347312,2.4602206070928543,-0.5991047877695455,0.17146405182759983,9.42783149266691e-151,0.0,0.0,2.7877658473237092
48.425000000000004,1.7512931902621617e+18,2.4890746483712816,0.963448709924518,2.7921330221304252,0.05730136886049312,2.4424922741388815,-0.6011159455753218,0.11280460041584309,4.731134573406293e-151,0.0,0.0,2.7921330221304252
48.45,1.7512931902871619e+18,2.4052167462603715,1.0305390610016933,2.795085607087124,0.06024167375357176,2.4247683204949584,-0.6059358757497053,0.0705024015793668,2.8406448283064843e-152,0.0,0.0,2.795085607087124
48.475,1.7512931903121618e+18,2.3411301950419747,1.0878784293158348,2.796420628936273,0.06224307019273966,2.404477409065111,-0.6121967317699205,0.04705921526351044,-2.618347788365122e-151,0.0,0.0,2.796420628936273
48.5,1.7512931903371617e+18,2.3020709039294727,1.1270231554959,2.7964702875956444,0.06263630232231406,2.3947680471393658,-0.6184287180413928,0.039661390723836974,-3.638349378175678e-151,0.0,0.0,2.7964702875956444
48.525000000000006,1.7512931903621617e+18,2.2580140798938038,1.1649952980067846,2.796075613114224,0.06129810074730816,2.3824132875404564,-0.6235114487026491,0.040607593990805,-3.1492143406817804e-151,0.0,0.0,2.796075613114224
48.550000000000004,1.7512931903871616e+18,2.1987241684981393,1.2221435620956909,2.796178846567022,0.05866145815997175,2.3577156935775387,-0.6268471597976711,0.03914560831712601,-1.8577147254939322e-151,0.0,0.0,2.796178846567022
48.575,1.7512931904121618e+18,2.120518579658057,1.2981252575308053,2.797256902469754,0.05557470663288535,2.3406636001580874,-0.6282761461241395,0.02477568793956492,-4.612502510759645e-152,0.0,0.0,2.797256902469754
48.6,1.7512931904371617e+18,2.0775743872044825,1.3381934318187716,2.79894211437977,0.05313305818141365,2.32786410931706,-0.6278533323062433,-0.008710924302153105,5.661765213191615e-152,0.0,0.0,2.79894211437977
48.625,1.7512931904621617e+18,2.039265478344656,1.3868823673902717,2.800097063311942,0.05252605464656319,2.3157812900666106,-0.6256355416179773,-0.059893766497701464,1.0397210983089394e-151,0.0,0.0,2.800097063311942
48.650000000000006,1.7512931904871619e+18,1.9786070331109116,1.4475260920804787,2.799362346831648,0.054828084530381974,2.2966272843651105,-0.6216442845041179,-0.11864575288920291,1.0151397144031322e-151,0.0,0.0,2.799362346831648
48.675000000000004,1.7512931905121618e+18,1.9168105584852224,1.5183900955158818,2.7959187752507195,0.06064945073651411,2.282422231484001,-0.6161101650214337,-0.1682041886769844,6.830398102319418e-152,0.0,0.0,2.7959187752507195
48.7,1.7512931905371617e+18,1.8978544293324735,1.5395180718843657,2.7900659757537003,0.06971431347629328,2.276287044432871,-0.6098920032355037,-0.19003013563190774,2.5991818161838145e-152,0.0,0.0,2.7900659757537003
48.725,1.7512931905621617e+18,1.8283112255813003,1.6150075217257098,2.7832982258402534,0.08062406771593103,2.252308737946724,-0.6046978700234085,-0.1698505022374662,-8.885636800486491e-153,0.0,0.0,2.7832982258402534
48.75,1.7512931905871616e+18,1.7696897173573551,1.6811741978620425,2.777806563772305,0.09108634414376104,2.232348479402146,-0.6027146701590521,-0.10266224607547524,-2.8183188639761094e-152,0.0,0.0,2.777806563772305
48.775000000000006,1.7512931906121618e+18,1.7286288089696416,1.7366987832245604,2.775632727352254,0.09863906315343705,2.223075591194877,-0.6056473773610206,0.00517154888692419,-3.160526529442113e-152,0.0,0.0,2.775632727352254
48.800000000000004,1.7512931906371617e+18,1.6756988810234397,1.8060148015150312,2.777898312304384,0.10154513824631005,2.202633700931725,-0.6136908335323846,0.13743762399988668,-2.3915222652431513e-152,0.0,0.0,2.777898312304384
48.825,1.7512931906621617e+18,1.646340134129126,1.8430853226960506,2.784498005759949,0.09937976347627042,2.1921154468757655,-0.6250978652370749,0.27247980056012266,-1.159206139142283e-152,0.0,0.0,2.784498005759949
48.85,1.7512931906871619e+18,1.6095462896617045,1.889543946954444,2.794366011201467,0.09300225618507878,2.1789334467993764,-0.6366320535949681,0.3887593674956638,-1.800204701316096e-154,0.0,0.0,2.794366011201467
48.875,1.7512931907121618e+18,1.5546512087801951,1.9701720768756805,2.8060776021831355,0.08395971406360918,2.168495473026581,-0.6446681266148866,0.4696419217958056,7.096955475041625e-153,0.0,0.0,2.8060776021831355
48.900000000000006,1.7512931907371617e+18,1.516608961863964,2.029371001361932,2.8183892561623036,0.07369414183958962,2.1501015858349635,-0.6464364866329727,0.5061017536459181,9.488369739875654e-153,0.0,0.0,2.8183892561623036
48.925000000000004,1.7512931907621617e+18,1.4640500691300027,2.097377505153714,2.830456722639425,0.06304349524836661,2.1325114921249964,-0.6409584467474041,0.49704897144634075,8.04279598554398e-153,0.0,0.0,2.830456722639425
48.95,1.7512931907871616e+18,1.4271158959120231,2.161661466532893,2.8417460339486555,0.05233557337820171,2.117357969815614,-0.6293882838464966,0.44786032747049553,4.6201776229874935e-153,0.0,0.0,2.8417460339486555
48.975,1.7512931908121618e+18,1.3954676318435426,2.2098947999642364,2.8518203310230525,0.04195221943877304,2.105002359846478,-0.6146539309984534,0.3680705342020925,1.0138656516598979e-153,0.0,0.0,2.8518203310230525
49.0,1.7512931908371617e+18,1.3274538375391125,2.331773257707579,2.860171810602563,0.032881312193420914,2.077771129509395,-0.6005048462764134,0.26902858938198476,-1.584136855760631e-153,0.0,0.0,2.860171810602563
49.025000000000006,1.7512931908621617e+18,1.311881353541826,2.356943590269184,2.8661905715746014,0.02674550118057709,2.0714159197574555,-0.5902938669458925,0.16190111559540352,-2.7340197776094073e-153,0.0,0.0,2.8661905715746014
49.050000000000004,1.7512931908871619e+18,1.281448727330744,2.415377894633037,2.869302924529835,0.02513566949466644,2.057427073677713,-0.5859028491907413,0.05605744366104094,-2.609058602491151e-153,0.0,0.0,2.869302924529835
49.075,1.7512931909121618e+18,1.2513435747332609,2.474304776011711,2.8692271870430335,0.028588683897804845,2.0432240411111686,-0.5871566857640479,-0.04218725206543154,-1.716420176016477e-153,0.0,0.0,2.8692271870430335
49.1,1.7512931909371617e+18,1.2011312540099572,2.5678056718532365,2.866181003576721,0.03589859050328376,2.025371100857696,-0.5919579337429056,-0.13029954693141987,-6.163898727224113e-154,0.0,0.0,2.866181003576721
49.125,1.7512931909621617e+18,1.1725796419887677,2.6216952974465673,2.8608516865337537,0.04434805843079013,2.013642970050611,-0.5971917839322335,-0.20934841854813216,2.718479687564899e-154,0.0,0.0,2.8608516865337537
49.150000000000006,1.7512931909871616e+18,1.1308472692822038,2.7027298298357563,2.854085418228279,0.050898628482241755,1.9930712453271027,-0.6001048891232168,-0.28259801170939425,7.491014170845154e-154,0.0,0.0,2.854085418228279
49.175000000000004,1.7512931910121618e+18,1.1046654208802438,2.7548948394070782,2.84645793977223,0.05372572369661588,1.9808531050720624,-0.5995097867940152,-0.35297825398786464,8.174893672735057e-154,0.0,0.0,2.84645793977223
49.2,1.7512931910371617e+18,1.0727720918828882,2.8506035722612255,2.8379931000563823,0.05317509857025807,1.9622638443880045,-0.596175676951838,-0.4201714035301534,6.05847158388942e-154,0.0,0.0,2.8379931000563823
49.225,1.7512931910621617e+18,1.0483151679847504,2.9032628855661655,2.828233630498817,0.05151346719854562,1.9499993698377192,-0.5922285060041873,-0.47852443892391944,2.83014413094551e-154,0.0,0.0,2.828233630498817
49.25,1.7512931910871619e+18,1.0185996816385072,2.9688956033325473,2.816680886066606,0.0515965741755879,1.9358460936697157,-0.5899395235106719,-0.5169538712648432,-9.505460299924721e-156,0.0,0.0,2.816680886066606
49.275000000000006,1.7512931911121618e+18,0.9784049006421208,3.077465887859329,2.8033931406557464,0.05525712053833717,1.9168387840879624,-0.5905432862076233,-0.5213421034155007,-1.9163008828687293e-154,0.0,0.0,2.8033931406557464
49.300000000000004,1.7512931911371617e+18,0.9555157917003717,3.133151521971792,2.7893925352658764,0.062337356152363015,1.9038182560333836,-0.5936413062587376,-0.47887660420829853,-2.4711228389124968e-154,0.0,0.0,2.7893925352658764
49.325,1.7512931911621617e+18,0.93264634438821,3.188789322404326,2.776597571703556,0.0708130972158191,1.8908089125469867,-0.597459662862086,-0.38285110695768754,-2.0516214396927964e-154,0.0,0.0,2.776597571703556
49.35,1.7512931911871616e+18,0.9137284271106021,3.2521107332135606,2.7672603611683493,0.07776708222295058,1.8734050093748356,-0.599834768297726,-0.2361169336768637,-1.1464390324825699e-154,0.0,0.0,2.7672603611683493
49.375,1.7512931912121618e+18,0.8938209685945763,3.3062399695955467,2.7631798663204443,0.08056426552200996,1.8604255521824116,-0.599413254594712,-0.051839471106449576,-2.162062424130795e-155,0.0,0.0,2.7631798663204443
49.400000000000006,1.7512931912371617e+18,0.8612841166803715,3.411593792679067,2.7650954488913393,0.07766935639722265,1.840643797221197,-0.5964090405111098,0.1487334751733202,4.398067200991506e-155,0.0,0.0,2.7650954488913393
49.425000000000004,1.7512931912621617e+18,0.843484460812425,3.4898210497216273,2.772558948598634,0.06891984970548437,1.829894927017365,-0.5925310557675599,0.34065901293231715,7.177486803823233e-155,0.0,0.0,2.772558948598634
49.45,1.7512931912871619e+18,0.8220606549666195,3.5759088812848665,2.784295784129979,0.05539443846415149,1.812466085646006,-0.5901972517093914,0.5003339142471772,6.698010986915625e-155,0.0,0.0,2.784295784129979
49.475,1.7512931913121618e+18,0.8002695824957337,3.6496147964243506,2.7987741781074207,0.039144375810581306,1.797043666514638,-0.5914856662485557,0.609695288616938,4.306018336191823e-155,0.0,0.0,2.7987741781074207
49.5,1.7512931913371617e+18,0.7926377604366832,3.6986311757372725,2.8146201049442787,0.022970588678174874,1.7874083643052647,-0.5972680839727216,0.6587035153729544,1.4497860670371886e-155,0.0,0.0,2.8146201049442787
49.525000000000006,1.7512931913621617e+18,0.7727097666869929,3.7727261238789502,2.830702884577975,0.010195580823300434,1.7708604537707138,-0.6068031906163606,0.6459944976258345,-8.09542956419585e-156,0.0,0.0,2.830702884577975
49.550000000000004,1.7512931913871616e+18,0.7662624693845134,3.8266518219664856,2.845994950661259,0.004193588817861133,1.7558863767385087,-0.6179143805134845,0.5781267836500027,-1.9866720499588986e-155,0.0,0.0,2.845994950661259
49.575,1.7512931914121618e+18,0.7462097956913365,3.9456285434907437,2.8594488488542833,0.007505662123093111,1.7354526239278125,-0.627698187912593,0.46797249097272087,-2.1119925603905643e-155,0.0,0.0,2.8594488488542833
49.6,1.7512931914371617e+18,0.7341040908751586,4.00236549812968,2.8700592752064082,0.020663892989435086,1.722424672596874,-0.6334651677417604,0.33261078206137545,-1.5327148640606925e-155,0.0,0.0,2.8700592752064082
49.625,1.7512931914621617e+18,0.7267351950645149,4.078542457455017,2.8770855035615956,0.04118800057316779,1.7084263736248775,-0.6334976661742764,0.1908454703549947,-6.882440263101287e-156,0.0,0.0,2.8770855035615956
49.650000000000006,1.7512931914871619e+18,0.7163046136756569,4.139261663629206,2.880274543425476,0.06339728146756576,1.695903858548712,-0.6273959175169809,0.060417136356573066,6.06973748887964e-157,0.0,0.0,2.880274543425476
49.675000000000004,1.7512931915121618e+18,0.6997237026301317,4.220158930188215,2.8799501875891207,0.07954848910894195,1.6794502634678126,-0.6160943386487666,-0.04483015604548851,5.156546721240668e-156,0.0,0.0,2.8799501875891207
49.7,1.7512931915371617e+18,0.6912770532601735,4.277868417214608,2.876944622424914,0.08229389828147339,1.6679235781308557,-0.6017132960156416,-0.11727492162339184,6.427295983550255e-156,0.0,0.0,2.876944622424914
49.725,1.7512931915621617e+18,0.6792924331143754,4.404612725748726,2.872410276358484,0.06769438425019977,1.642101965303873,-0.5872511753141877,-0.1566212803266334,5.227154440668935e-156,0.0,0.0,2.872410276358484
49.75,1.7512931915871616e+18,0.6697291714862431,4.484264445876231,2.8675446460433314,0.0374283063614875,1.6250958652107772,-0.5760246926749001,-0.16921473863266143,2.8378190034990254e-156,0.0,0.0,2.8675446460433314
49.775000000000006,1.7512931916121618e+18,0.6892650170097787,4.531300969912431,2.86327240556261,-0.001104894665766481,1.6205231408628804,-0.5708714530472538,-0.16550310388961198,4.410898449426845e-157,0.0,0.0,2.86327240556261
49.800000000000004,1.7512931916371617e+18,0.6835741560444528,4.630568327756953,2.859982820376439,-0.03717362890979043,1.595883140678494,-0.5732946806689669,-0.15625909772250457,-1.2129566703180246e-156,0.0,0.0,2.859982820376439
49.825,1.7512931916621617e+18,0.6791293968111498,4.692158802734171,2.857454140533595,-0.06061902270789194,1.5877847094319306,-0.5828473595226803,-0.14876316854427785,-1.88130541286808e-156,0.0,0.0,2.857454140533595
49.85,1.7512931916871619e+18,0.6750561136283151,4.782020584581003,2.8550483199859187,-0.06540014725778297,1.569452239335249,-0.5970894228596811,-0.14432721092039094,-1.717556847931563e-156,0.0,0.0,2.8550483199859187
49.875,1.7512931917121618e+18,0.6827999923410691,4.865567695692241,2.852127416790657,-0.05116458629690738,1.552801876041125,-0.6122897631227818,-0.13816507635386474,-1.0783689926419949e-156,0.0,0.0,2.852127416790657
49.900000000000006,1.7512931917371617e+18,0.6827303353939302,4.950867500329389,2.8484965004278604,-0.022445868597750745,1.5367253394539016,-0.6246576873228308,-0.12176868092721888,-3.376672390879679e-157,0.0,0.0,2.8484965004278604
49.925000000000004,1.7512931917621617e+18,0.6828006561988267,5.010076172255428,2.844631358464493,0.013650471886853944,1.5246751453245877,-0.6315538646357188,-0.08694999983534428,2.3629670343019724e-157,0.0,0.0,2.844631358464493
49.95,1.7512931917871616e+18,0.6828914781900282,5.086546421550595,2.8415628095831162,0.049919395805254535,1.509111861786073,-0.6321623974916003,-0.029987322494060276,5.2578265047672804e-157,0.0,0.0,2.8415628095831162
49.975,1.7512931918121618e+18,0.6886869966198874,5.157497176502189,2.8404829639241784,0.0807234749619739,1.490655472923423,-0.6274584441667815,0.04579400055236415,5.449992738153535e-157,0.0,0.0,2.8404829639241784
50.0,1.7512931918371617e+18,0.6965403534734955,5.257595968491604,2.842268628859097,0.10263003257489081,1.4712196767241665,-0.6196497725029483,0.13009179770555282,3.872137809868686e-157,0.0,0.0,2.842268628859097
50.025000000000006,1.7512931918621617e+18,0.6917575479677418,5.299484323982174,2.8471232245176807,0.11430237894806775,1.4622463721728205,-0.6113888233040838,0.20838509728942048,1.6663370126664735e-157,0.0,0.0,2.8471232245176807
50.050000000000004,1.7512931918871619e+18,0.7086318803614154,5.411645770560096,2.8544645926389522,0.11604998010091948,1.4434747722284063,-0.6050094954945142,0.2663410228978322,-2.4896486339908815e-158,0.0,0.0,2.8544645926389522
50.075,1.7512931919121618e+18,0.7127188253107222,5.462160979932078,2.8630909367888053,0.10935490710685081,1.4325144547373951,-0.6019748400451833,0.29418172828867023,-1.383217101800624e-157,0.0,0.0,2.8630909367888053
50.1,1.7512931919371617e+18,0.7223871137570419,5.547895882432697,2.871564513182256,0.09655828427088552,1.415021951481957,-0.60263745539914,0.2893684579161809,-1.669580320369581e-157,0.0,0.0,2.871564513182256
50.125,1.7512931919621617e+18,0.7294676617972489,5.608019066919106,2.8786717858301363,0.08073046878627005,1.402558135228309,-0.6063032706877693,0.25667410878434527,-1.3301559497163844e-157,0.0,0.0,2.8786717858301363
50.150000000000006,1.7512931919871616e+18,0.7434708661303007,5.690170879082624,2.883777113702392,0.0655747741359591,1.386658614556882,-0.6115278843165415,0.2057878513280233,-7.0061262252908065e-158,0.0,0.0,2.883777113702392
50.175000000000004,1.7512931920121618e+18,0.7517435826289411,5.738741170433681,2.8869237933825986,0.055117593999824945,1.3767646337045298,-0.6165818137932665,0.14756716873063047,-8.380735292757026e-159,0.0,0.0,2.8869237933825986
50.2,1.7512931920371617e+18,0.7761403792823812,5.843490737310655,2.888651291701615,0.05300656167818743,1.3517760955784017,-0.619992907280817,0.09051638033818603,3.326025269757871e-158,0.0,0.0,2.888651291701615
50.225,1.7512931920621617e+18,0.7867257218332657,5.901987887975287,2.8896272827276133,0.061474985097699456,1.3386411270263792,-0.6209866584101345,0.03884619016145621,4.923673083330991e-158,0.0,0.0,2.8896272827276133
50.25,1.7512931920871619e+18,0.8026683164550847,5.993329217340326,2.890268670957002,0.08032139332605502,1.3242617516597854,-0.6196387821639001,-0.007318948391769291,4.399240690443482e-158,0.0,0.0,2.890268670957002
50.275000000000006,1.7512931921121618e+18,0.8147164892535416,6.051592298842684,2.890527416410455,0.10639373825271164,1.3113608331491133,-0.6167017778644576,-0.04999856448532392,2.6956171501055424e-158,0.0,0.0,2.890527416410455
50.300000000000004,1.7512931921371617e+18,0.839262179748728,6.139678285122832,2.8899484022633373,0.13393520003375065,1.2925273601053227,-0.6132271552996534,-0.09081743803099343,7.771066538385958e-159,0.0,0.0,2.8899484022633373
50.325,1.7512931921621617e+18,0.8527891439961733,6.197101957316834,2.8879738364574794,0.15584253703705794,1.2792874031052412,-0.6101453083134537,-0.1291657894766886,-6.791309254040877e-159,0.0,0.0,2.8879738364574794
50.35,1.7512931921871616e+18,0.8714944319998339,6.291313662696634,2.8843234707611436,0.1655852873423366,1.2580267657566266,-0.60796556099449,-0.16190395078626033,-1.3887786867440354e-158,0.0,0.0,2.8843234707611436
50.375,1.7512931922121618e+18,0.8868614832503888,6.3477832627204505,2.8792262912477935,0.15928461758010376,1.245136231271601,-0.6067952324201917,-0.1846496543421215,-1.4047439378047176e-158,0.0,0.0,2.8792262912477935
50.400000000000006,1.7512931922371617e+18,0.9205582950129804,6.440159292665342,2.8733761152298216,0.13725523793698152,1.2297621015880806,-0.6067831283556209,-0.19392827693144557,-9.768109844731995e-159,0.0,0.0,2.8733761152298216
50.425000000000004,1.7512931922621617e+18,0.9381391039445743,6.497401113537444,2.8676580642721254,0.1042996246384086,1.2176421338915397,-0.6087396270265971,-0.18911898809146355,-4.0144676524312756e-159,0.0,0.0,2.8676580642721254
50.45,1.7512931922871619e+18,0.9807340821340857,6.587523176959105,2.8628072618822036,0.06839699554596652,1.199388795512323,-0.6143271496501559,-0.1733330603190175,8.778977922399118e-160,0.0,0.0,2.8628072618822036
50.475,1.7512931923121618e+18,0.999377165555968,6.64328089251495,2.8591562734369713,0.03813508984130193,1.1871070889275113,-0.6252444747469486,-0.15297783743698798,3.6997364011327834e-159,0.0,0.0,2.8591562734369713
50.5,1.7512931923371617e+18,1.033519931446158,6.738341734391914,2.8565466505938577,0.019916818113836325,1.1686012233534853,-0.641324546017965,-0.13645854786242725,4.3315515134092946e-159,0.0,0.0,2.8565466505938577
50.525000000000006,1.7512931923621617e+18,1.0592437428721726,6.7910659429960365,2.8543847621227334,0.016115820574145755,1.155682587942255,-0.6581875117127642,-0.13288940622083126,3.380637825902076e-159,0.0,0.0,2.8543847621227334
50.550000000000004,1.7512931923871616e+18,1.097693179616266,6.879757891858074,2.85176419259658,0.02479979418331068,1.1343924987685354,-0.665703673928359,-0.15160271294882435,1.7247892330552475e-159,0.0,0.0,2.85176419259658
50.575,1.7512931924121618e+18,1.1208538595139057,6.9342440550513444,2.8475895652282643,0.04080961266369521,1.12166030909149,-0.6486717714189312,-0.2026709583264364,1.3923656613182819e-160,0.0,0.0,2.8475895652282643
50.6,1.7512931924371617e+18,1.1640505249030724,7.027989269367677,2.8406875660459012,0.057458227561933986,1.1054748583060863,-0.5905194158270071,-0.29783432543351057,-9.074216070401907e-160,0.0,0.0,2.8406875660459012
50.625,1.7512931924621617e+18,1.1956491497827666,7.081700228854704,2.8299056839137946,0.06814211632159936,1.09481489872728,-0.4794744067120118,-0.4505414666686039,-1.2867257649348794e-159,0.0,0.0,2.8299056839137946
50.650000000000006,1.7512931924871619e+18,1.2336156866516146,7.161066644213809,2.8141660172155496,0.0675594828536837,1.0773102417943696,-0.3149889345688812,-0.6736593950746999,-1.1254924924072536e-159,0.0,0.0,2.8141660172155496
50.675000000000004,1.7512931925121618e+18,1.2653316185271868,7.22145855628458,2.7924352344260894,0.0526023872326178,1.0655349996737704,-0.11114861058689665,-0.9740355075694369,-6.725168422278918e-160,0.0,0.0,2.7924352344260894
50.7,1.7512931925371617e+18,1.3045992096652128,7.298628512053129,2.763657769982949,0.023030076161156345,1.048358406784676,0.10559398898193799,-1.3444659887481645,-1.761937683038831e-160,0.0,0.0,2.763657769982949
50.725,1.7512931925621617e+18,1.3517757821395238,7.3652572042077775,2.726826543032739,-0.018228924980146874,1.0446875919909018,0.3044701507883003,-1.755360331623917,1.927907799670101e-160,0.0,0.0,2.726826543032739
50.75,1.7512931925871616e+18,1.3936820914655377,7.4418089605785696,2.6813651123286797,-0.06554551547390733,1.033276308891629,0.4610975857159985,-2.1498264238336073,3.661445628670845e-160,0.0,0.0,2.6813651123286797
50.775000000000006,1.7512931926121618e+18,1.4334546017622969,7.476757160375518,2.627774192841097,-0.1121407045114945,1.0687637941206751,0.565979122151786,-2.4462813946463324,3.6165906531690346e-160,0.0,0.0,2.627774192841097
50.800000000000004,1.7512931926371617e+18,1.4711521221386668,7.56100405035371,2.5682396703694206,-0.15252078358112567,1.1068426765113073,0.626946156369228,-2.5514656385148036,2.4604644802467198e-160,0.0,0.0,2.5682396703694206
50.825,1.7512931926621617e+18,1.5034495992037564,7.597985102630856,2.506894383808862,-0.18494185756164155,1.1223322787283574,0.6646021790593016,-2.3838235428067547,9.617033737656831e-161,0.0,0.0,2.506894383808862
50.85,1.7512931926871619e+18,1.541095088709199,7.669264286004415,2.449647756502108,-0.21271962512684994,1.143821661293392,0.7029550737434147,-1.9031821746478583,-2.865044222969639e-161,0.0,0.0,2.449647756502108
50.875,1.7512931927121618e+18,1.5675617833427682,7.71619433981316,2.4036170425160095,-0.24349363868779794,1.1562571687521221,0.7595741151525709,-1.1387083120750192,-9.869545712314173e-161,0.0,0.0,2.4036170425160095
50.900000000000006,1.7512931927371617e+18,1.6162069716621836,7.789240275539022,2.3760473151503807,-0.28635099680090453,1.1707742432180326,0.8398904430158838,-0.2048463438663181,-1.1223990864277333e-160,0.0,0.0,2.3760473151503807
50.925000000000004,1.7512931927621617e+18,1.640310656734311,7.841081887485074,2.3724619168241365,-0.34763849032187194,1.1819061976409997,0.9381840523566508,0.704169231304335,-8.58107583968274e-161,0.0,0.0,2.3724619168241365
50.95,1.7512931927871616e+18,1.6678322722929766,7.900274700104837,2.3940413045763442,-0.4270027739352327,1.1946166761063712,1.044252576522195,1.345846098690586,-4.233003896698801e-161,0.0,0.0,2.3940413045763442
50.975,1.7512931928121618e+18,1.7009251918201098,7.9426238793159705,2.4349229509348516,-0.5154524236125365,1.237643121338627,1.1518603602067583,1.4836284013515286,-1.6185213140253737e-162,0.0,0.0,2.4349229509348516
51.0,1.7512931928371617e+18,1.747423656843121,7.916111227539387,2.4807958914147195,-0.5967556361566204,1.297568211060733,1.2643228257130694,0.9514659283417742,2.4645931216995167e-161,0.0,0.0,2.4807958914147195
51.025000000000006,1.7512931928621617e+18,1.764212766255807,7.963003168899863,2.510230712419157,-0.6521291888589312,1.3240884562667588,1.3938751113467462,-0.2899157432055894,3.3579242782076262e-161,0.0,0.0,2.510230712419157
51.050000000000004,1.7512931928871619e+18,1.791713206136303,8.039811829953083,2.4993242106944447,-0.6664831742024252,1.3675284262483536,1.5540974581471303,-2.1243633265971575,2.876083601981578e-161,0.0,0.0,2.4993242106944447
51.075,1.7512931929121618e+18,1.8058722508308926,8.06697867965366,2.4286576471581536,-0.6336057313828194,1.4153017473475846,1.7481408345440235,-4.29206230673288,1.6743685036237252e-161,0.0,0.0,2.4286576471581536
51.1,1.7512931929371617e+18,1.8233332698460047,8.058492007368587,2.2900266266348397,-0.5582583876651552,1.4616396257757986,1.9587109316776985,-6.4423061113495415,3.91886178022643e-162,0.0,0.0,2.2900266266348397
51.125,1.7512931929621617e+18,1.830241134427569,8.042774064937081,2.0899297216964863,-0.4546940185162072,1.4914676423386024,2.1464361487501655,-8.214124214787098,-5.417901899254014e-162,0.0,0.0,2.0899297216964863
51.150000000000006,1.7512931929871616e+18,1.839405154135277,8.106549970837928,1.8480241424622814,-0.3425115334033522,1.5331828377889942,2.2596533624371036,-9.321698035747245,-9.63619525789143e-162,0.0,0.0,1.8480241424622814
51.175000000000004,1.7512931930121618e+18,1.836846158176928,8.037093716921676,1.591164791743426,-0.24133518252703032,1.6197244947466234,2.2522488705127834,-9.619453071258402,-9.300463030442432e-162,0.0,0.0,1.591164791743426
51.2,1.7512931930371617e+18,1.8354004290094756,8.037066754486974,1.3457181968123408,-0.16570929424738606,1.7276172579244586,2.101374047012675,-9.128487349955833,-6.187911974265908e-162,0.0,0.0,1.3457181968123408
51.225,1.7512931930621617e+18,1.8337283892698224,8.062746483614237,1.1312631840273493,-0.12142891551127208,1.7830379945271502,1.8170652071546944,-8.01887777043789,-2.288932284379906e-162,0.0,0.0,1.1312631840273493
51.25,1.7512931930871619e+18,1.8603181112307001,8.01462163014378,0.9575652881069348,-0.10443822433026351,1.8468312961384572,1.4402879403672058,-6.5563350991653815,8.918505564037522e-163,0.0,0.0,0.9575652881069348
51.275000000000006,1.7512931931121618e+18,1.8567440994426008,8.038633108510695,0.8249505325047501,-0.10292806206183872,1.8926859657801987,1.0310877671384384,-5.03154401655884,2.626353628852177e-162,0.0,0.0,0.8249505325047501
51.300000000000004,1.7512931931371617e+18,1.8618342007002744,8.025138946062002,0.7269649725075377,-0.1020726922581179,1.9235450770260587,0.6516944111607372,-3.6933080447567788,2.904877337939209e-162,0.0,0.0,0.7269649725075377
51.325,1.7512931931621617e+18,1.856734455117221,8.042362831091568,0.6538293207174889,-0.08955681462287132,1.956613261979863,0.35030342686881344,-2.7023604090282163,2.1752956657570922e-162,0.0,0.0,0.6538293207174889
51.35,1.7512931931871616e+18,1.8750787297715128,7.983432579752227,0.5954794008416452,-0.05961835811142754,1.9484496746725601,0.15048025133568368,-2.114007859017314,1.0353486806143789e-162,0.0,0.0,0.5954794008416452
51.375,1.7512931932121618e+18,1.869628020237064,7.997450727185338,0.543565053087951,-0.014143646732297739,1.9655050839750543,0.04903700100757582,-1.8883419169095383,-8.787975915010675e-165,0.0,0.0,0.543565053087951
51.400000000000006,1.7512931932371617e+18,1.8732772430053592,7.968884130045205,0.49235050745728287,0.03914829251185833,1.9294949587054382,0.022191561845302462,-1.919743408065209,-6.667134298031612e-163,0.0,0.0,0.49235050745728287
51.425000000000004,1.7512931932621617e+18,1.8694479899717475,7.97936837379954,0.4388181618124089,0.09017107279656696,1.9314330399528514,0.03682302493223121,-2.0744022000073006,-8.751102306623118e-163,0.0,0.0,0.4388181618124089
51.45,1.7512931932871619e+18,1.8706727597316073,7.951027592840177,0.3823628300400955,0.12997726099290977,1.92842103867437,0.06206311415821858,-2.2254038492119648,-7.34089406355279e-163,0.0,0.0,0.3823628300400955
51.475,1.7512931933121618e+18,1.867280983870507,7.9602097237983935,0.32433829557400273,0.15312935278266337,1.9314934607077148,0.0771384235797811,-2.2782318010411995,-4.1595236528612024e-163,0.0,0.0,0.32433829557400273
51.5,1.7512931933371617e+18,1.866124013881933,7.945366097284411,0.26752079934759543,0.15848738816102118,1.926669176814951,0.07377805873391417,-2.1835940823207634,-8.495022104043577e-164,0.0,0.0,0.26752079934759543
51.525000000000006,1.7512931933621617e+18,1.8671450146849202,7.937899623525776,0.21542995249613928,0.14858810370745074,1.9203414100919471,0.054036677140410806,-1.9379837006503375,1.5097730958552486e-163,0.0,0.0,0.21542995249613928
51.550000000000004,1.7512931933871616e+18,1.8644218550351854,7.944927188288222,0.1714808313840769,0.12815624554123636,1.9215783117073744,0.025729087570265704,-1.5746960624632527,2.5317925629696523e-163,0.0,0.0,0.1714808313840769
51.575,1.7512931934121618e+18,1.8657193587280845,7.929857161966983,0.13810392525465826,0.10240472609215574,1.9141599975553008,-0.002313957222518793,-1.1491361324444527,2.3889867942732362e-163,0.0,0.0,0.13810392525465826
51.6,1.7512931934371617e+18,1.863927238511164,7.934355762772279,0.11612009395569972,0.07569382032520638,1.9151120515945936,-0.023652016943209918,-0.7224341477116693,1.5536813724764255e-163,0.0,0.0,0.11612009395569972
51.625,1.7512931934621617e+18,1.8647849636447171,7.92849581839223,0.10463148984146041,0.05087839449876178,1.9049707603096961,-0.03565360667458361,-0.34694446239292287,5.40673971690756e-164,0.0,0.0,0.10463148984146041
51.650000000000006,1.7512931934871619e+18,1.8636245903984108,7.931680892710152,0.10145716949093818,0.029356597468689124,1.9045616544849548,-0.03909185800673136,-0.05631074878206083,-2.688909652482711e-164,0.0,0.0,0.10145716949093818
51.675000000000004,1.7512931935121618e+18,1.8669062107885182,7.921660388133117,0.10387138927962168,0.011563467766628026,1.8990009614866863,-0.03666661766392172,0.1384411095409208,-6.972870836145378e-164,0.0,0.0,0.10387138927962168
51.7,1.7512931935371617e+18,1.8661091731568327,7.923866402008556,0.10930762018374636,-0.0024661535586462256,1.8987754227780989,-0.031381549398428375,0.24672316485737286,-7.509181291144029e-164,0.0,0.0,0.10930762018374636
51.725,1.7512931935621617e+18,1.8712484993613245,7.917850692905075,0.11581446728403388,-0.012769961575545627,1.8971005698666992,-0.025466962700584614,0.29140938068578015,-5.506972546122527e-164,0.0,0.0,0.11581446728403388
51.75,1.7512931935871616e+18,1.871436307201886,7.917090925789449,0.1222358916313909,-0.019459824561947687,1.8969200174745189,-0.020074353583030904,0.2993773341954923,-2.5228836936119152e-164,0.0,0.0,0.1222358916313909
51.775000000000006,1.7512931936121618e+18,1.8695886641691217,7.92067326612868,0.12817692359202948,-0.022924806281262203,1.8948073410407633,-0.015538043645802675,0.292345260957111,1.5196420599863314e-165,0.0,0.0,0.12817692359202948
51.800000000000004,1.7512931936371617e+18,1.8725325229798406,7.917449901303694,0.1337998128209012,-0.0240020267499143,1.89042507335594,-0.011802709373227494,0.2805685139416533,1.7970579435933624e-164,0.0,0.0,0.1337998128209012
51.825,1.7512931936621617e+18,1.872229909546205,7.918312381602939,0.13947384696925333,-0.023931263982556985,1.8899219851618425,-0.00870823810804277,0.26109823360766543,2.2776043253878715e-164,0.0,0.0,0.13947384696925333
51.85,1.7512931936871619e+18,1.8759117373100558,7.910453938693866,0.1453428889290225,-0.02405539215560911,1.889612197461005,-0.006074418460900752,0.22097564211593798,1.871449869523099e-164,0.0,0.0,0.1453428889290225
51.875,1.7512931937121618e+18,1.8762342195461676,7.909432148749032,0.15095014511892219,-0.025378007162298547,1.8896144205204872,-0.0037083364363529655,0.14425155318761185,1.0308946562421184e-164,0.0,0.0,0.15095014511892219
51.900000000000006,1.7512931937371617e+18,1.876546538595089,7.91175756372901,0.15508915275342045,-0.028170991258328462,1.8880847708280997,-0.00144921810658818,0.0204856245561728,1.7758366580283524e-165,0.0,0.0,0.15508915275342045
51.925000000000004,1.7512931937621617e+18,1.8766817922862067,7.911308339951302,0.1559910455046429,-0.03181828983411949,1.8882021756019314,0.0007463245585228022,-0.14820547008144547,-4.177143911294076e-165,0.0,0.0,0.1559910455046429
51.95,1.7512931937871616e+18,1.8789166302824172,7.91136250305122,0.15184036683347904,-0.03500909769014915,1.8844970648447021,0.0027482718283273946,-0.344153599607708,-6.641286238256229e-165,0.0,0.0,0.15184036683347904
51.975,1.7512931938121618e+18,1.8787580101949384,7.911826342819482,0.1414799818552683,-0.03627246455167562,1.8845711401527772,0.004284209437953117,-0.5365660139990498,-6.129523193888589e-165,0.0,0.0,0.1414799818552683
52.0,1.7512931938371617e+18,1.8813962021887383,7.9185002455736075,0.1250477994302395,-0.03468196698737016,1.8813581759461075,0.005057737998637118,-0.6889366845354282,-3.894370073726781e-165,0.0,0.0,0.1250477994302395
52.025000000000006,1.7512931938621617e+18,1.8808255831053857,7.9202567295413155,0.10423960739727003,-0.030403089594308413,1.8816923279349038,0.0048986117425887255,-0.769231039318401,-1.2657386283035758e-165,0.0,0.0,0.10423960739727003
52.050000000000004,1.7512931938871619e+18,1.8774800713677524,7.918413026943683,0.08199738951217715,-0.024731403898819893,1.8802644968918343,0.0038666938922044874,-0.7595461124046556,7.921878654652774e-166,0.0,0.0,0.08199738951217715
52.075,1.7512931939121618e+18,1.8773038498979655,7.918948201472813,0.06168552922046224,-0.01948787573311807,1.88061909147766,0.002256337397282477,-0.6619969442277525,1.8472935230063278e-165,0.0,0.0,0.06168552922046224
52.1,1.7512931939371617e+18,1.880603974540697,7.911935244708737,0.046088256041535595,-0.016038725693161827,1.8785889790688137,0.0005019203886211398,-0.4987935830962565,1.9388668314719293e-165,0.0,0.0,0.046088256041535595
52.125,1.7512931939621617e+18,1.8812279323074095,7.909955279503195,0.03664487594458249,-0.014523732279554854,1.878767468271366,-0.0009666141785083973,-0.3064215522528537,1.392220964409762e-165,0.0,0.0,0.03664487594458249
52.150000000000006,1.7512931939871616e+18,1.8829912156193975,7.918980655584186,0.033188007756593585,-0.013826681749245503,1.8795535596026318,-0.0018532874828633297,-0.12580021253878032,6.122071120463781e-166,0.0,0.0,0.033188007756593585
52.175000000000004,1.7512931940121618e+18,1.8829983299180373,7.9189542435320845,0.0341997817091686,-0.01236354656355338,1.8796351596343546,-0.002063398962426499,0.008446763307473732,-7.223961570497573e-167,0.0,0.0,0.0341997817091686
52.2,1.7512931940371617e+18,1.8830098245871614,7.918911569220077,0.037413288627209926,-0.0091852057389035,1.8797670019160662,-0.0016953541756407617,0.07633572739128808,-4.827894676939443e-166,0.0,0.0,0.037413288627209926
52.225,1.7512931940621617e+18,1.878964978733756,7.916573404882871,0.04052004659557975,-0.0046342778864829695,1.8812095295189342,-0.0009743182432692865,0.07616892319590682,-5.920142848954307e-166,0.0,0.0,0.04052004659557975
52.25,1.7512931940871619e+18,1.8790639018934718,7.920630209028911,0.0417699403058626,-9.29151905005882e-05,1.8806433501602853,-0.00016177490608648882,0.022810707871174174,-4.765199951489415e-166,0.0,0.0,0.0417699403058626
52.275000000000006,1.7512931941121618e+18,1.878881082577286,7.921199835520477,0.04032227298664271,0.003002844724220764,1.8807401240292383,0.0005241461120134802,-0.05836778830625744,-2.548512576506697e-166,0.0,0.0,0.04032227298664271
52.300000000000004,1.7512931941371617e+18,1.8805701083674409,7.917172827828077,0.03629470740829583,0.00420834165048321,1.8814998751107601,0.0009551389917938375,-0.13963224266749086,-3.5123762575752484e-167,0.0,0.0,0.03629470740829583
52.325,1.7512931941621617e+18,1.880460953974476,7.917433996537827,0.0305418556649635,0.004482962973542633,1.8815984445677105,0.0011012808326599961,-0.19850792490528474,1.148588274039554e-166,0.0,0.0,0.0305418556649635
52.35,1.7512931941871616e+18,1.8808470127262156,7.916447652907478,0.024263215658462303,0.005702991907852798,1.8796403647149016,0.001010741083516335,-0.22276417894583628,1.7394273489982594e-166,0.0,0.0,0.024263215658462303
52.375,1.7512931942121618e+18,1.881071465432999,7.915742449819871,0.018579830998818943,0.009554518255280472,1.879545557533619,0.0007752866870271458,-0.211727570668735,1.570876589188461e-166,0.0,0.0,0.018579830998818943
52.400000000000006,1.7512931942371617e+18,1.8805819844156753,7.91741701410152,0.01421771826295635,0.01641880470916259,1.8802053361705506,0.0004952876668058902,-0.17414497236357684,9.743888237020534e-167,0.0,0.0,0.01421771826295635
52.425000000000004,1.7512931942621617e+18,1.8805603759110785,7.917484541979446,0.01138509980742907,0.024844707200553495,1.8801924236678738,0.0002537162349116471,-0.12381905596187603,2.931287272535365e-167,0.0,0.0,0.01138509980742907
52.45,1.7512931942871619e+18,1.8768140182789723,7.916493502579312,0.009845718066342048,0.03190851226833754,1.8800682635525727,0.00010293938537543875,-0.07470354269163593,-2.2933593532194186e-167,0.0,0.0,0.009845718066342048
52.475,1.7512931943121618e+18,1.8768323565597016,7.916435695318,0.009115893043276865,0.03434753009381237,1.880175082427646,6.224088862260489e-05,-0.03700677254863677,-4.884068341786892e-167,0.0,0.0,0.009115893043276865
52.5,1.7512931943371617e+18,1.8760961614336402,7.915493175540834,0.0086860506416275,0.029988931075147267,1.878895692125862,0.00012062644588577456,-0.015251606192082457,-5.000334040898062e-167,0.0,0.0,0.0086860506416275
52.525000000000006,1.7512931943621617e+18,1.876136523080207,7.915366334603243,0.008187632989387102,0.01884123822608663,1.8790065780406668,0.0002410301477756321,-0.00845013247294476,-3.514668886254393e-167,0.0,0.0,0.008187632989387102
52.550000000000004,1.7512931943871616e+18,1.8781712346153487,7.91659450741664,0.007466682149938323,0.0033503136846178014,1.8803317063373508,0.0003669090871304626,-0.011863533231324854,-1.478668011675585e-167,0.0,0.0,0.007466682149938323
52.575,1.7512931944121618e+18,1.8781663698366171,7.916609476628121,0.00656406524464243,-0.01232077092865149,1.8803952500627266,0.0004348288330572096,-0.01943654240282246,2.7067491213470917e-168,0.0,0.0,0.00656406524464243
52.6,1.7512931944371617e+18,1.8811479504698527,7.914194440458305,0.005631809655136546,-0.023713707861107533,1.881076728984803,0.00039362775737906416,-0.025987542606648886,1.293148739610289e-167,0.0,0.0,0.005631809655136546
52.625,1.7512931944621617e+18,1.881156894476815,7.914166306833884,0.004831451172618512,-0.027636336404107068,1.8810337142596922,0.00022468577127678587,-0.02852715424808419,1.5368710210300006e-167,0.0,0.0,0.004831451172618512
52.650000000000006,1.7512931944871619e+18,1.8809170949167353,7.916802500765976,0.0042582650523845635,-0.023260484636953346,1.882221883136388,-4.603365006521067e-05,-0.026510545766248016,1.211848200593562e-167,0.0,0.0,0.0042582650523845635
52.675000000000004,1.7512931945121618e+18,1.880904334268269,7.916842294992029,0.003915232777642219,-0.012359503879739771,1.8821846426269686,-0.000351851459953252,-0.021226295343286076,6.283086496115055e-168,0.0,0.0,0.003915232777642219
52.7,1.7512931945371617e+18,1.8780775277341857,7.913270470584055,0.0037338219777906544,0.0013632233419529083,1.8828272509066628,-0.0006059886461840578,-0.014760395828531196,6.315796636808931e-169,0.0,0.0,0.0037338219777906544
52.725,1.7512931945621617e+18,1.879304224838467,7.913210669274886,0.0036196448641487807,0.013557780053882553,1.8823162511758649,-0.0007314570971866086,-0.009003965750483317,-3.1412905047571164e-168,0.0,0.0,0.0036196448641487807
52.75,1.7512931945871616e+18,1.879318061315966,7.913167598928269,0.0034968161672753986,0.020619901765788432,1.8824127528735555,-0.0006878104965855642,-0.005034924599649682,-4.548997771847549e-168,0.0,0.0,0.0034968161672753986
52.775000000000006,1.7512931946121618e+18,1.878750775187758,7.913022374019651,0.0033327839692895993,0.020705107320745052,1.8826122584617067,-0.0004833262819247054,-0.002985483757859994,-4.0212158915190733e-168,0.0,0.0,0.0033327839692895993
52.800000000000004,1.7512931946371617e+18,1.878772796063583,7.91295382947291,0.0031386342375193696,0.01409081536800075,1.8826047837512525,-0.00016790935953488477,-0.0023048099684045975,-2.4333507203354255e-168,0.0,0.0,0.0031386342375193696
52.825,1.7512931946621617e+18,1.8783253544959495,7.916537325683983,0.002951516742873453,0.0028911985145770617,1.8810008255271193,0.00018814782337164997,-0.002207215222121583,-6.698663592543179e-169,0.0,0.0,0.002951516742873453
52.85,1.7512931946871619e+18,1.8783031950086575,7.916605985623057,0.0028112283666284995,-0.009670787401999599,1.8810757987584998,0.0005174269784985607,-0.0020823554101214786,6.548399266584176e-169,0.0,0.0,0.0028112283666284995
52.875,1.7512931947121618e+18,1.8783054681384073,7.916598863547734,0.00274144932810929,-0.02017628009838941,1.8811332944558345,0.0007702053178524782,-0.0017143585553966428,1.2888372857089453e-168,0.0,0.0,0.00274144932810929
52.900000000000006,1.7512931947371617e+18,1.8832613530320554,7.917067091988153,0.0027409071924786935,-0.025896503555437628,1.8800385994484103,0.0009190437450140233,-0.0012662385952149817,1.2880998561068706e-168,0.0,0.0,0.0027409071924786935
52.925000000000004,1.7512931947621617e+18,1.8802143375372404,7.917526274138728,0.002784796053040088,-0.02548335326077688,1.880093090299145,0.0009583816570777379,-0.0010865958692261467,8.859710517831212e-169,0.0,0.0,0.002784796053040088
52.95,1.7512931947871616e+18,1.8802049970503514,7.917555486350601,0.0028338797435890676,-0.019305727768315552,1.8800963445905574,0.0009037876085085579,-0.001454148835742088,3.55260313548778e-169,0.0,0.0,0.0028338797435890676
52.975,1.7512931948121618e+18,1.88019867929022,7.91757524503661,0.002847657384768508,-0.009317181990982354,1.8800985457426802,0.0007901572355349394,-0.002380622411013495,-9.132013423285008e-170,0.0,0.0,0.002847657384768508
53.0,1.7512931948371617e+18,1.8829445538413918,7.914348472433347,0.002797958300150116,0.0015370984325049908,1.879986634083807,0.0006649418867134928,-0.0035525711964961375,-3.454129737673037e-169,0.0,0.0,0.002797958300150116
53.025000000000006,1.7512931948621617e+18,1.8789282288806906,7.91526042666739,0.002679512747786889,0.010213912454877492,1.8809595702490962,0.0005747828763559957,-0.00442915507993838,-3.984788447278948e-169,0.0,0.0,0.002679512747786889
53.050000000000004,1.7512931948871619e+18,1.878924381522154,7.915272421249111,0.00251415813562197,0.014496749128848005,1.880969152731509,0.0005497007810618807,-0.0044506414902312115,-3.077998698300476e-169,0.0,0.0,0.00251415813562197
53.075,1.7512931949121618e+18,1.8805277307130552,7.912449901183445,0.0023462647825106017,0.013659883476787845,1.8797151083532397,0.0005929831237840871,-0.0032722057280926012,-1.544439588595331e-169,0.0,0.0,0.0023462647825106017
53.1,1.7512931949371617e+18,1.8805276965167297,7.9124499728878535,0.00222959666112433,0.008657853747898698,1.8796979070112223,0.0006826462119991712,-0.0009307686995416366,-9.250181479970422e-171,0.0,0.0,0.00222959666112433
53.125,1.7512931949621617e+18,1.8797217587662975,7.916473837198745,0.0022094279584309756,0.0017760999868862849,1.8788766670611028,0.0007831363174324378,0.0021210219623708647,8.550399514279445e-170,0.0,0.0,0.0022094279584309756
53.150000000000006,1.7512931949871616e+18,1.8797511090585048,7.916381471309715,0.002306225892888293,-0.004149544912493011,1.8790647593931973,0.0008600377744855622,0.005130688171161302,1.1879632423644255e-169,0.0,0.0,0.002306225892888293
53.175000000000004,1.7512931950121618e+18,1.8806026270414011,7.916743657566373,0.002506964309995001,-0.006689268602653575,1.8786470127292412,0.00089040004676499,0.007274781218359594,1.0281796554237609e-169,0.0,0.0,0.002506964309995001
53.2,1.7512931950371617e+18,1.8806129237328235,7.916711247113326,0.0027672753373650756,-0.004626933891252911,1.878731844989408,0.0008660804453871552,0.007923334003652867,6.064658881787903e-170,0.0,0.0,0.0027672753373650756
53.225,1.7512931950621617e+18,1.8791174420968813,7.916480490986099,0.0030237572116573303,0.0016518776776057792,1.8796327523145773,0.000792672384366104,0.006849211782782644,1.5051978298716683e-170,0.0,0.0,0.0030237572116573303
53.25,1.7512931950871619e+18,1.8791045547078307,7.916521015142226,0.0032125262016092664,0.010302610566862165,1.8795863368713541,0.0006875863659836014,0.0043098394913272985,-1.8491089106057063e-170,0.0,0.0,0.0032125262016092664
53.275000000000006,1.7512931951121618e+18,1.878474572859224,7.914007899606295,0.00328831559446848,0.018618265040524377,1.8808221182634557,0.000577987222958883,0.0009721218997761216,-3.3949098529934914e-170,0.0,0.0,0.00328831559446848
53.300000000000004,1.7512931951371617e+18,1.878464795976999,7.914038404895666,0.003238177109325242,0.023862600680567416,1.8807315853460627,0.0004970834988345829,-0.002295027344621385,-3.3143790812302426e-170,0.0,0.0,0.003238177109325242
53.325,1.7512931951621617e+18,1.876777615232229,7.915168126903949,0.0030852056768887618,0.024069944362228198,1.8828778590772628,0.0004778443424455169,-0.0046907927158394615,-2.2299166808865416e-170,0.0,0.0,0.0030852056768887618
53.35,1.7512931951871616e+18,1.876763741874561,7.915211394640254,0.0028806400014388077,0.018579894753140203,1.8829006561521564,0.00054478258686056,-0.0057242473162835055,-8.483906743694717e-171,0.0,0.0,0.0028806400014388077
53.375,1.7512931952121618e+18,1.878543614111761,7.914155516977453,0.0026864745902353128,0.008181804489434846,1.8836072905429915,0.0007055330362203214,-0.0053474830010754515,2.903041525423092e-171,0.0,0.0,0.0026864745902353128
53.400000000000006,1.7512931952371617e+18,1.8785312615743501,7.914193794588063,0.002554184406442675,-0.005124982857073058,1.8835719329031284,0.0009448943361789416,-0.003938611626649193,9.202763453114543e-171,0.0,0.0,0.002554184406442675
53.425000000000004,1.7512931952621617e+18,1.8799467443133664,7.91455712281073,0.002507162033547864,-0.01864243352972088,1.8819364544980508,0.0012247487321561158,-0.00214641853403157,1.0319186855381133e-170,0.0,0.0,0.002507162033547864
53.45,1.7512931952871619e+18,1.8799497758140176,7.914547723110206,0.0025338151277226953,-0.029596040593681053,1.8819472428478332,0.0014922468615428553,-0.000656579968266363,7.80780707387579e-171,0.0,0.0,0.0025338151277226953
53.475,1.7512931953121618e+18,1.8807891504161902,7.914995457715174,0.002594383407425335,-0.03572366075702758,1.881401009638147,0.0016948368636361191,3.548656915019291e-05,3.7840873946979857e-171,0.0,0.0,0.002594383407425335
53.5,1.7512931953371617e+18,1.882296630828836,7.917245447299019,0.0026387195342186818,-0.03573831663350742,1.8802152136166028,0.001796351066501107,-0.00023296789360733496,5.814944004576868e-173,0.0,0.0,0.0026387195342186818
53.525000000000006,1.7512931953621617e+18,1.882291437994815,7.91726164698859,0.00262735889923282,-0.029611211639764736,1.880245804498855,0.0017869685443079508,-0.0012768455051822751,-2.3175285139425114e-171,0.0,0.0,0.00262735889923282
53.550000000000004,1.7512931953871616e+18,1.8822836482634786,7.917285948021349,0.002546644979334985,-0.018623556468652373,1.880291693651762,0.0016825529260844226,-0.0026683115675087896,-3.0980479468751644e-171,0.0,0.0,0.002546644979334985
53.575,1.7512931954121618e+18,1.880896374467937,7.916524196164936,0.002411432355559956,-0.005134972966886183,1.8809401362818732,0.001514150798748579,-0.003911992617193438,-2.6258629479607593e-171,0.0,0.0,0.002411432355559956
53.6,1.7512931954371617e+18,1.8807271564127264,7.916144909356645,0.002255015461090239,0.007932347667491691,1.8801338268190464,0.0013135039994862235,-0.004619575120048517,-1.5082825172459564e-171,0.0,0.0,0.002255015461090239
53.625,1.7512931954621617e+18,1.8807196994351,7.9161681543953355,0.0021124787858828923,0.01778744402708209,1.8800728518284795,0.0011022173952675545,-0.004621596421094352,-3.3082528252544974e-172,0.0,0.0,0.0021124787858828923
53.650000000000006,1.7512931954871619e+18,1.8787291186256583,7.916366417988015,0.002006691623297123,0.02243930355771758,1.8803698076047737,0.0008895521979348819,-0.003985402378823811,5.173573003496771e-172,0.0,0.0,0.002006691623297123
53.675000000000004,1.7512931955121618e+18,1.878740555349998,7.916330588038974,0.0019433941845756458,0.021126512262133454,1.8804106693439073,0.0006782562822636122,-0.0029471659731628787,8.927101964854538e-172,0.0,0.0,0.0019433941845756458
53.7,1.7512931955371617e+18,1.880223705542508,7.916638232164931,0.0019152672312218396,0.014388244421541135,1.8797042169259117,0.0004728017059930874,-0.0017962818275540796,8.518408546534461e-172,0.0,0.0,0.0019152672312218396
53.725,1.7512931955621617e+18,1.880229317441336,7.9166206473592755,0.0019098373828237891,0.003807555358889752,1.8797538026059253,0.00028373985775119546,-0.0007619931398883268,5.603556537118525e-172,0.0,0.0,0.0019098373828237891
53.75,1.7512931955871616e+18,1.880297632165805,7.917266859956893,0.0019159676709947335,-0.008421076313951418,1.879834706727776,0.0001265019948058818,5.640311251903064e-05,2.0118855491980222e-172,0.0,0.0,0.0019159676709947335
53.775000000000006,1.7512931956121618e+18,1.8802960762746914,7.91727170772516,0.0019269727836623185,-0.01992501636290321,1.8799077826740098,1.780764311198484e-05,0.000696352437188872,-8.880609559535887e-173,0.0,0.0,0.0019269727836623185
53.800000000000004,1.7512931956371617e+18,1.8822932837372606,7.916848462344288,0.0019413231158787799,-0.02849043537239925,1.8783245080551088,-2.7820868027993947e-05,0.0012817098195086465,-2.446049677928321e-172,0.0,0.0,0.0019413231158787799
53.825,1.7512931956621617e+18,1.8823102544225712,7.916794872216782,0.0019624789338175213,-0.03232040026061497,1.8783899405832192,-2.6152448480982973e-06,0.0019408354916804263,-2.6691092547484306e-172,0.0,0.0,0.0019624789338175213
53.85,1.7512931956871619e+18,1.8827654802479195,7.91959164996676,0.001998142921720166,-0.030296775771794897,1.878079329331546,8.807011467937426e-05,0.002727460025042187,-1.977951742371844e-172,0.0,0.0,0.001998142921720166
53.875,1.7512931957121618e+18,1.8827582523064497,7.9196143954133005,0.002057919954803039,-0.022289560212099834,1.8780782293656926,0.00022121156777380914,0.003575303712183573,-9.238540540832103e-173,0.0,0.0,0.002057919954803039
53.900000000000006,1.7512931957371617e+18,1.8837962288183163,7.917944969657535,0.0021487175436479336,-0.009432142771758589,1.8772567619305502,0.00035850138521203615,0.004304041635298577,3.1195569698203195e-174,0.0,0.0,0.0021487175436479336
53.925000000000004,1.7512931957621617e+18,1.8837963787655427,7.917944474406415,0.0022692631590904805,0.00583635843332344,1.8772486118330307,0.0004571508016031264,0.004675284716672213,6.257649459792012e-173,0.0,0.0,0.0022692631590904805
53.95,1.7512931957871616e+18,1.8812711906008246,7.9159303753343595,0.002406809754748442,0.020161922286940047,1.8784557667691044,0.0004860103379934728,0.004478796951259236,8.068426745657107e-173,0.0,0.0,0.002406809754748442
53.975,1.7512931958121618e+18,1.8812712312941178,7.915930229768217,0.0025384799301367967,0.030141635042570367,1.8784854731752962,0.00044101470559046495,0.003617360354246212,6.69823568843315e-173,0.0,0.0,0.0025384799301367967
54.0,1.7512931958371617e+18,1.8774604876959642,7.9153876606383475,0.002637275943984689,0.033443704949435445,1.8797239693164243,0.0003523667620329515,0.0021579932515442975,3.742582884114993e-173,0.0,0.0,0.002637275943984689
54.025000000000006,1.7512931958621617e+18,1.8774564640112612,7.9154003040873535,0.002680593276262291,0.029729275395254374,1.8798233421680268,0.0002767890009528201,0.00032848773197941255,7.053944336221237e-174,0.0,0.0,0.002680593276262291
54.050000000000004,1.7512931958871619e+18,1.8810151322363107,7.916095316143941,0.002658069900902084,0.020890845957943976,1.8802312491454605,0.00027411578434964834,-0.0015421410448880168,-1.4363123949712963e-173,0.0,0.0,0.002658069900902084
54.075,1.7512931959121618e+18,1.880313138910953,7.916611219071644,0.0025755437791745565,0.010380283350945787,1.8802476049192545,0.0003773152821701412,-0.003119843131148957,-2.3435747558080606e-173,0.0,0.0,0.0025755437791745565
54.1,1.7512931959371617e+18,1.880305224685079,7.9166359625540785,0.002453009382648193,0.001854502133085781,1.880219223879052,0.0005720738964450283,-0.004164870298141437,-2.186848800075928e-173,0.0,0.0,0.002453009382648193
54.125,1.7512931959621617e+18,1.8802999477429563,7.916652460683757,0.002317132300207734,-0.002252217716110789,1.8802003003470547,0.0007990765940715488,-0.00459921666735543,-1.405767289165241e-173,0.0,0.0,0.002317132300207734
54.150000000000006,1.7512931959871616e+18,1.87995777176023,7.915114129841072,0.0021917305022946818,-0.0015653003406963745,1.8793797208782759,0.0009793316509387033,-0.00451883429931317,-4.731928228823249e-174,0.0,0.0,0.0021917305022946818
54.175000000000004,1.7512931960121618e+18,1.8799657722752223,7.915089074031822,0.002090279485524471,0.002342031739065545,1.879415326745757,0.001049327361204934,-0.004147714809250171,2.6443674251140135e-174,0.0,0.0,0.002090279485524471
54.2,1.7512931960371617e+18,1.8792883604200956,7.918520151501848,0.0020127865065189725,0.006893358110359538,1.8792102511734172,0.0009874845804203637,-0.0037519958967261046,6.487055003379874e-174,0.0,0.0,0.0020127865065189725
54.225,1.7512931960621617e+18,1.8758464427024084,7.912480582615475,0.001947556023664903,0.009791346222882014,1.8815130092444146,0.00081892076448422,-0.0035457885155580657,6.895644227917048e-174,0.0,0.0,0.001947556023664903
54.25,1.7512931960871619e+18,1.8795408940043736,7.91307443861241,0.0018773672890097179,0.010024821465173719,1.882165994889362,0.0005986801217359659,-0.0036215060053658554,5.003937722589105e-174,0.0,0.0,0.0018773672890097179
54.275000000000006,1.7512931961121618e+18,1.8795429264377879,7.913068077199797,0.001788076243174054,0.008143573124547724,1.882124408186168,0.0003856924138653208,-0.003926382133569045,2.24662693981336e-174,0.0,0.0,0.001788076243174054
54.300000000000004,1.7512931961371617e+18,1.879506360981266,7.913181766171782,0.0016757022342217612,0.005695703302944975,1.8824213220518096,0.0002219117577901138,-0.004288755278243851,-1.985858154239196e-175,0.0,0.0,0.0016757022342217612
54.325,1.7512931961621617e+18,1.8808222926766873,7.91583076651443,0.0015482333349198067,0.004137502637279891,1.881966955092055,0.00012400855187324556,-0.004480234513771171,-1.6838426887247347e-174,0.0,0.0,0.0015482333349198067
54.35,1.7512931961871616e+18,1.880831084586944,7.915803419978841,0.0014216911468082547,0.0038215806534787613,1.882007883953277,8.712906456237901e-05,-0.004289754564744968,-2.09855747378813e-174,0.0,0.0,0.0014216911468082547
54.375,1.7512931962121618e+18,1.8774066702646537,7.912728001422927,0.0013136307410047754,0.003667828870934234,1.8825725762542391,9.609061403377688e-05,-0.0035856086832595576,-1.7065801622008413e-174,0.0,0.0,0.0013136307410047754
54.400000000000006,1.7512931962371617e+18,1.8774074416913602,7.912725581539896,0.0012380081044414248,0.001762114058290782,1.8825815535157324,0.0001376974060824252,-0.0023499075230186796,-9.264059342560097e-175,0.0,0.0,0.0012380081044414248
54.425000000000004,1.7512931962621617e+18,1.8789952768286629,7.913657547280785,0.0012032849456160822,-0.003422201306411945,1.8825515319793307,0.00020826429561753801,-0.0006814425848936316,-1.4388256915666163e-175,0.0,0.0,0.0012032849456160822
54.45,1.7512931962871619e+18,1.8799769969007616,7.915299830099914,0.0012131584562120757,-0.011873722909998913,1.8820850326546297,0.0003133091114766374,0.0012276518392379413,3.961165545030655e-175,0.0,0.0,0.0012131584562120757
54.475,1.7512931963121618e+18,1.8799775152999854,7.915298213796484,0.0012681237366491268,-0.021627206438358373,1.8820773034135079,0.0004600301863358917,0.003131571094093258,6.142757601384332e-175,0.0,0.0,0.0012681237366491268
54.5,1.7512931963371617e+18,1.8799783124527942,7.915295728374554,0.001366218687962925,-0.029342542185500118,1.8820654180056855,0.0006460385577630044,0.004776993739150863,5.607667912555245e-175,0.0,0.0,0.001366218687962925
54.525000000000006,1.7512931963621617e+18,1.8840383116446138,7.9180848761571845,0.0015021776609218573,-0.0316275396509003,1.8807872842276274,0.0008498429577457208,0.005947826782622573,3.5204828315825786e-175,0.0,0.0,0.0015021776609218573
54.550000000000004,1.7512931963871616e+18,1.8825755046334565,7.916884663226259,0.0016655752844390484,-0.026507229731142973,1.8798852166994027,0.0010291816816883675,0.006502144400097131,1.1020640293149277e-175,0.0,0.0,0.0016655752844390484
54.575,1.7512931964121618e+18,1.882581353288347,7.916866379060721,0.0018398768309855382,-0.014398314304186957,1.879912570772627,0.001130756420952847,0.006395330650644026,-7.718148792838409e-176,0.0,0.0,0.0018398768309855382
54.6,1.7512931964371617e+18,1.8804079679157624,7.916557954199638,0.002004347365827857,0.0018214590813689239,1.8794028671646372,0.0011091128548423492,0.005684118702863687,-1.7168193037433124e-175,0.0,0.0,0.002004347365827857
54.625,1.7512931964621617e+18,1.880410172702131,7.916551029798716,0.0021389380635913006,0.017684399328701854,1.879445835069642,0.0009464378351964937,0.004509110331706387,-1.7794124615556451e-175,0.0,0.0,0.0021389380635913006
54.650000000000006,1.7512931964871619e+18,1.8777082519713855,7.915686944799289,0.0022300078281433772,0.028610941128950972,1.8815471491969524,0.0006631237294692514,0.003059065069642462,-1.2641516455836235e-175,0.0,0.0,0.0022300078281433772
54.675000000000004,1.7512931965121618e+18,1.8777020834856455,7.915706206964563,0.002273964522237102,0.03142986748367841,1.881626254267116,0.0003132305658038731,0.001526990189064747,-5.439315942741498e-176,0.0,0.0,0.002273964522237102
54.7,1.7512931965371617e+18,1.8797630766634972,7.91547635416833,0.0022770017842304517,0.025385295596618694,1.8821126571710596,-3.228040590650458e-05,7.232582039155018e-05,8.139123792677092e-177,0.0,0.0,0.0022770017842304517
54.725,1.7512931965621617e+18,1.8797605838025493,7.915484099353532,0.0022511083829829266,0.012332201756597725,1.8821353685505806,-0.0003048322869911344,-0.0011978850876247242,4.5167739970168104e-176,0.0,0.0,0.0022511083829829266
54.75,1.7512931965871616e+18,1.878981094656094,7.917919100799181,0.002208298664813882,-0.0038220303885177836,1.879844313882519,-0.0004517282476365999,-0.0022236604504056678,5.4512735002632166e-176,0.0,0.0,0.002208298664813882
54.775000000000006,1.7512931966121618e+18,1.878983560574749,7.917911418092517,0.0021558321582787567,-0.018134594070119366,1.8798724610926114,-0.00044287406036529,-0.002968530602626103,4.342722254959686e-176,0.0,0.0,0.0021558321582787567
54.800000000000004,1.7512931966371617e+18,1.8807496802396502,7.9173511215855426,0.0020948308805233485,-0.025793785547500832,1.8808677314518154,-0.00027424619860584294,-0.003392958417727624,2.2871279386506286e-176,0.0,0.0,0.0020948308805233485
54.825,1.7512931966621617e+18,1.8807513691210842,7.917345800953841,0.002023241692164035,-0.023269174529919535,1.8809747786914826,2.9905040831273583e-05,-0.0034420927412866275,2.732891747267441e-177,0.0,0.0,0.002023241692164035
54.85,1.7512931966871619e+18,1.8770913801416202,7.914694320906975,0.00194180791092169,-0.009420196546898527,1.8807025847690881,0.00041743508402156484,-0.003058354545351247,-1.086163229681878e-176,0.0,0.0,0.00194180791092169
54.875,1.7512931967121618e+18,1.8770917186830411,7.914693236248952,0.0018594656154348153,0.013468759451356367,1.880726459974397,0.0008142225467661188,-0.002216098440713621,-1.6076482606742122e-176,0.0,0.0,0.0018594656154348153
54.900000000000006,1.7512931967371617e+18,1.8823967679141276,7.918188404216041,0.0017940544798404308,0.03898283959153428,1.8797198489917615,0.0011379152486024877,-0.0009623635786583844,-1.436306568732772e-176,0.0,0.0,0.0017940544798404308
54.925000000000004,1.7512931967621617e+18,1.8830912351146893,7.915323812842737,0.001766699656504171,0.05682764378620015,1.8800405776716516,0.0013181810777737116,0.0005584308352137453,-8.800152175701673e-177,0.0,0.0,0.001766699656504171
54.95,1.7512931967871616e+18,1.8799596769521476,7.916026500923746,0.001792456184577333,0.054896581979557546,1.8808842109353177,0.0013170440516038294,0.0021132358751871838,-2.536170357007446e-177,0.0,0.0,0.001792456184577333
54.975,1.7512931968121618e+18,1.8799716725686149,7.915988919497958,0.0018725058218415564,0.023693430228705424,1.8808942584888828,0.0011409177007552917,0.003425981953650542,2.2181361774429934e-177,0.0,0.0,0.0018725058218415564
55.0,1.7512931968371617e+18,1.8783088456105765,7.91382299044598,0.0019922662145657336,-0.037460821507551804,1.8815985912308437,0.0008392792866684922,0.004246842268853244,4.534699238415233e-177,0.0,0.0,0.0019922662145657336
55.025000000000006,1.7512931968621617e+18,1.8791856452489666,7.913581820347121,0.002126250335744669,-0.1146351714208817,1.8820013462758074,0.000490654202889708,0.004420771848284222,4.586444321378866e-177,0.0,0.0,0.002126250335744669
55.050000000000004,1.7512931968871619e+18,1.8791760491395892,7.9136116456720655,0.0022470258002732224,-0.17743711633614848,1.8820104251369165,0.0001808517835968262,0.003930539267919592,3.1890157816021976e-177,0.0,0.0,0.0022470258002732224
55.075,1.7512931969121618e+18,1.879169660833592,7.913631500937888,0.0023340599745944345,-0.1846311963616236,1.8820164691012669,-2.0344823759977034e-05,0.0028997117527613824,1.3103925334686562e-177,0.0,0.0,0.0023340599745944345
55.1,1.7512931969371617e+18,1.8803244805755868,7.914504034672596,0.0023788832291850135,-0.09876920726747856,1.8815841985584494,-7.855731420023239e-05,0.0015566828072495623,-2.868988990388318e-178,0.0,0.0,0.0023788832291850135
55.125,1.7512931969621617e+18,1.877663670110356,7.915161145299218,0.002385000380248219,0.0924287186781178,1.8822248985303953,-5.0185149593210145e-06,0.00017443110335420544,-1.208104798860539e-177,0.0,0.0,0.002385000380248219
55.150000000000006,1.7512931969871616e+18,1.8776698659472435,7.915141806381783,0.0023633459284620557,0.35474695706413195,1.8822331962468115,0.00014791292283311013,-0.0009934020794614207,-1.4142697915943435e-177,0.0,0.0,0.0023633459284620557
55.175000000000004,1.7512931970121618e+18,1.8777428639638736,7.9150454451479,0.002326090705958338,0.5965424327086476,1.88156183208844,0.0003080097665252613,-0.0017625987555346249,-1.1037131904092327e-177,0.0,0.0,0.002326090705958338
55.2,1.7512931970371617e+18,1.8777359867090977,7.915066779596103,0.002282317018014513,0.6790055211831427,1.8816063365023248,0.00041420635048006524,-0.0020458835583972274,-5.630462162365972e-178,0.0,0.0,0.002282317018014513
55.225,1.7512931970621617e+18,1.8821987767329904,7.919126365428268,0.002237633022391883,0.45397650429244135,1.879474255141425,0.00044222080404701615,-0.0018582106617620955,-4.537315740788387e-179,0.0,0.0,0.002237633022391883
55.25,1.7512931970871619e+18,1.8804630424675173,7.9171250381536025,0.002196816311816645,-0.17426084020729488,1.879158253410942,0.0004109805388558718,-0.0013051557485495937,2.9632717018141014e-178,0.0,0.0,0.002196816311816645
55.275000000000006,1.7512931971121618e+18,1.8814749935809172,7.918415502582939,0.002166249104286672,-1.180534367816182,1.8788556894406585,0.00036718714550580006,-0.0005597758822319393,4.2013189585699723e-178,0.0,0.0,0.002166249104286672
55.300000000000004,1.7512931971371617e+18,1.8814821418356942,7.918393022311571,0.002153163614207206,-2.3737099865066695,1.878771369413974,0.00035789937229463074,0.00016916315349407404,3.674601679934411e-178,0.0,0.0,0.002153163614207206
55.325,1.7512931971621617e+18,1.8760271820576273,7.914685169285924,0.0021615242237318947,-3.408722145206125,1.8814122856625342,0.00040639369429202433,0.000675953712201576,2.1954932255654e-178,0.0,0.0,0.0021615242237318947
55.35,1.7512931971871616e+18,-3.3337804934097686,-3.768511242450166,0.0021875340937008527,-3.875467075770453,4.339691240512984,0.0005023934829121056,0.0008000723309916384,5.7499345762649146e-179,0.0,0.0,0.0021875340937008527
55.375,1.7512931972121618e+18,-3.3337635749514836,-3.7684679973531168,0.0022184840135645403,-3.4500216247061295,4.3397535544771735,0.0006088327420372557,0.0004638677730465353,-6.296571525199223e-179,0.0,0.0,0.0022184840135645403
55.400000000000006,1.7512931972371617e+18,-3.334963875555843,-3.7722576782137516,0.002236295507631282,-2.051530433894239,4.337392334328815,0.000680153006969834,-0.00030488371769078206,-1.1955432558706013e-178,0.0,0.0,0.002236295507631282
55.425000000000004,1.7512931972621617e+18,-3.334970509761281,-3.772274664325974,0.0022239847264644286,0.07477038275541133,4.337392301373567,0.0006838515560211972,-0.001374617178704248,-1.180800637188029e-178,0.0,0.0,0.0022239847264644286
55.45,1.7512931972871619e+18,-2.2039364013114757,-2.8179641278443057,0.0021719977490020866,2.407364763099286,4.428008660325011,0.0006163481184043296,-0.0025380368353264556,-8.032688242201071e-179,0.0,0.0,0.0021719977490020866
55.475,1.7512931973121618e+18,-2.2039323898354892,-2.817950411636458,0.002082009709083573,4.326869643449443,4.428051966856142,0.0005057560008110527,-0.0035594460583767236,-3.139102086583499e-179,0.0,0.0,0.002082009709083573
55.5,1.7512931973371617e+18,-2.2019622533522742,-2.820712144354489,0.0019668345395814487,5.346572952820983,4.427029227008665,0.00039895260759114363,-0.004226912052304353,9.36111355112629e-180,0.0,0.0,0.0019668345395814487
55.525000000000006,1.7512931973621617e+18,-2.201957926519259,-2.8206973657391283,0.0018461505089664427,5.285635502509529,4.427037876155158,0.0003383823580707384,-0.0043935485184674,3.222753726719341e-179,0.0,0.0,0.0018461505089664427
55.550000000000004,1.7512931973871616e+18,-2.199774760166823,-2.81709791107023,0.0017395183521296909,4.306761750385806,4.4279692017569285,0.00034103585661069156,-0.003997816478167045,3.664664713006771e-179,0.0,0.0,0.0017395183521296909
55.575,1.7512931974121618e+18,-2.199767580611599,-2.817073462366139,0.0016601558650768495,2.814445050387118,4.427970028533755,0.00039199702746405457,-0.0030623849553180773,2.801543536049739e-179,0.0,0.0,0.0016601558650768495
55.6,1.7512931974371617e+18,-2.1984895740558588,-2.8169034295120983,0.0016130112488063693,1.2781027314248972,4.429493868415632,0.0004565649228458915,-0.001679561785150927,1.3818209569562737e-179,0.0,0.0,0.0016130112488063693
55.625,1.7512931974621617e+18,-2.1984885675112262,-2.816899993346331,0.0015978748834833334,0.06779367731654451,4.429485317501252,0.0005034427515032682,5.995166219803674e-06,5.262058581563176e-181,0.0,0.0,0.0015978748834833334
55.650000000000006,1.7512931974871619e+18,-2.2006763137583665,-2.818890448450937,0.0016146335337654284,-0.63557724923924,4.42977327673537,0.0005244086096829687,0.00181083024201801,-8.048244857466372e-180,0.0,0.0,0.0016146335337654284
55.675000000000004,1.7512931975121618e+18,-2.2006774180658435,-2.818894254149051,0.0016663373520168232,-0.8421199732706589,4.429850695910661,0.0005382844060138082,0.0035241140760980116,-1.0963985586249707e-179,0.0,0.0,0.0016663373520168232
55.7,1.7512931975371617e+18,-2.2017922904633243,-2.8172175707985367,0.00175748584612976,-0.6924477769390734,4.430399450440438,0.0005774831595158102,0.004924702999792908,-9.390039080229436e-180,0.0,0.0,0.00175748584612976
55.725,1.7512931975621617e+18,-2.2017915407464637,-2.8172150064075256,0.0018884095324685254,-0.37500678344308563,4.430465205118789,0.000666201823467815,0.005811085929652826,-5.466089731939146e-180,0.0,0.0,0.0018884095324685254
55.75,1.7512931975871616e+18,-2.1970656290070134,-2.8188193325478945,0.002049571682082643,-0.055447970933030985,4.43079417631491,0.0008029218980800399,0.006043670300326638,-1.27878934821263e-180,0.0,0.0,0.002049571682082643
55.775000000000006,1.7512931976121618e+18,-2.197063924373551,-2.818813475594541,0.002220145379170911,0.1635673066850459,4.430837837149394,0.0009556586213732312,0.005588016403627112,1.7694369935468957e-180,0.0,0.0,0.002220145379170911
55.800000000000004,1.7512931976371617e+18,-2.2004503434994036,-2.8177798332303023,0.0023727964226726113,0.24987045470819128,4.429978658703282,0.0010717110359923577,0.004540559479090035,3.1464127183074484e-180,0.0,0.0,0.0023727964226726113
55.825,1.7512931976621617e+18,-2.202124785437988,-2.818858726582377,0.0024828302945611174,0.2253891219311917,4.427390322487479,0.0010988000259478826,0.003120397830586791,3.0365473911299507e-180,0.0,0.0,0.0024828302945611174
55.85,1.7512931976871619e+18,-2.2021323739228613,-2.8188849133805265,0.0025373448578229216,0.13906981124108114,4.427434364767045,0.0010104982480571352,0.0016223671698132986,2.020158846962502e-180,0.0,0.0,0.0025373448578229216
55.875,1.7512931977121618e+18,-2.199437722958693,-2.81667826901507,0.0025400564215689444,0.04118889461824955,4.4275091018163355,0.0008241346394951208,0.00034286579486014654,7.471136225389508e-181,0.0,0.0,0.0025400564215689444
55.900000000000006,1.7512931977371617e+18,-2.199443840435782,-2.8166991946130318,0.002509518007243333,-0.03336142925092178,4.427512402502089,0.0005984082561802805,-0.0004972581182956978,-2.9136045190371333e-181,0.0,0.0,0.002509518007243333
55.925000000000004,1.7512931977621617e+18,-2.199422665041971,-2.817923851477798,0.002471393257356951,-0.0706241685737896,4.4292126234706455,0.00040761880888271125,-0.0008057372253476,-8.575897058026767e-181,0.0,0.0,0.002471393257356951
55.95,1.7512931977871616e+18,-2.199418295513093,-2.8179088916061352,0.0024481596476180153,-0.07414426864433969,4.429179733956637,0.00030618030657851716,-0.0006300526050788492,-9.484466998951733e-181,0.0,0.0,0.0024481596476180153
55.975,1.7512931978121618e+18,-2.2005744990782756,-2.819503248434274,0.002450949620439267,-0.05696328211723125,4.429175450908906,0.000305718588243501,-0.0001259433164515418,-7.101857090674717e-181,0.0,0.0,0.002450949620439267
56.0,1.7512931978371617e+18,-2.2005618228612995,-2.8194597468954172,0.002477322302716861,-0.0334477327880621,4.429175959883956,0.00037817335593942684,0.0005008995594356292,-3.3797482147554517e-181,0.0,0.0,0.002477322302716861
56.025000000000006,1.7512931978621617e+18,-2.2033091354449836,-2.817735959746797,0.002515608096834264,-0.013827038788229348,4.427223947425318,0.000480388730766153,0.0010556201169916414,2.9265673138807955e-183,0.0,0.0,0.002515608096834264
56.050000000000004,1.7512931978871619e+18,-2.203300170598672,-2.817705199570537,0.002552710338139964,-0.0023173114255909664,4.427214797501769,0.0005833700795338581,0.0013962498096338194,2.177155226371557e-181,0.0,0.0,0.002552710338139964
56.075,1.7512931979121618e+18,-2.2033930496820027,-2.819972754751791,0.0025805630477469445,0.0018865167068110441,4.4265802225896635,0.0006882691020142707,0.0014479861605885738,2.857316052798074e-181,0.0,0.0,0.0025805630477469445
56.1,1.7512931979371617e+18,-2.2031455273829827,-2.82084343979865,0.0025980155815422583,0.0022237036431896023,4.42660518493331,0.0008193388325687604,0.0011949130730143655,2.3966965803787154e-181,0.0,0.0,0.0025980155815422583
56.125,1.7512931979621617e+18,-2.203144983966272,-2.820841610644461,0.0026080949660393943,0.0023929148773177223,4.426571387915109,0.0009981017556063784,0.0006632092304893356,1.3578939924820587e-181,0.0,0.0,0.0026080949660393943
56.150000000000006,1.7512931979871616e+18,-2.2031441639286804,-2.820838850377546,0.002613030407248617,0.004828233724624159,4.426520386861412,0.0012157030499588364,-9.067499202853018e-05,2.77177511117465e-182,0.0,0.0,0.002613030407248617
56.175000000000004,1.7512931980121618e+18,-2.2014099409722854,-2.819951896546112,0.0026102557556300465,0.010204105245632174,4.425985904915718,0.001422682711670741,-0.0009818729554470604,-4.93064708513107e-182,0.0,0.0,0.0026102557556300465
56.2,1.7512931980371617e+18,-2.19951842269744,-2.8183544603002093,0.0025919917703455166,0.017695044915480452,4.428290682491358,0.0015444944420117278,-0.0018945704917005962,-8.266767595374392e-182,0.0,0.0,0.0025919917703455166
56.225,1.7512931980621617e+18,-2.1995143150530168,-2.8183405615073336,0.0025491084770221076,0.025569006091248632,4.428275751634734,0.0015145024776529537,-0.0026866323471882053,-7.799872661403708e-182,0.0,0.0,0.0025491084770221076
56.25,1.7512931980871619e+18,-2.1987964985980555,-2.8176143041097474,0.0024773687821919286,0.03178259354495801,4.4293453789237205,0.0013060293539667014,-0.003210466992867833,-5.072252007769108e-182,0.0,0.0,0.0024773687821919286
56.275000000000006,1.7512931981121618e+18,-2.198806436235572,-2.817648340958307,0.0023823396909551458,0.034439009407780004,4.4293763649117945,0.0009479330410375512,-0.003349525776922537,-1.764723789127562e-182,0.0,0.0,0.0023823396909551458
56.300000000000004,1.7512931981371617e+18,-2.1981844414061436,-2.8208582614495645,0.0022796484819367076,0.0321439788815345,4.430225286805005,0.0005191787534737552,-0.0030584554547738174,8.783632578606024e-183,0.0,0.0,0.0022796484819367076
56.325,1.7512931981621617e+18,-2.1981902122762316,-2.8208781196912236,0.002189896535009823,0.02435969018721926,4.430241998371322,0.00012669614244562933,-0.002388615172827603,2.2768510245548842e-182,0.0,0.0,0.002189896535009823
56.35,1.7512931981871616e+18,-2.1958161825297853,-2.8211555922052973,0.002130781511044166,0.011769832795415817,4.429562747213815,-0.0001262779923056414,-0.0014836578891152142,2.4517485908160226e-182,0.0,0.0,0.002130781511044166
56.375,1.7512931982121618e+18,-2.1958116583222544,-2.821140011866453,0.0021105031332404613,-0.003514506097417071,4.42961667309852,-0.00017327286922753408,-0.0005414928763990621,1.7978956737450238e-182,0.0,0.0,0.0021105031332404613
56.400000000000006,1.7512931982371617e+18,-2.201419138725992,-2.8180617236952727,0.0021253634474236375,-0.018189687380586416,4.428750243697641,-9.265006534301563e-06,0.00024608355523801623,8.23548098850835e-183,0.0,0.0,0.0021253634474236375
56.425000000000004,1.7512931982621617e+18,-2.201425743208368,-2.818084493905679,0.002162025471409462,-0.028586667318040406,4.428727033212381,0.0003032284662978549,0.0007536655525254758,-4.976259364121539e-184,0.0,0.0,0.002162025471409462
56.45,1.7512931982871619e+18,-2.20043817626995,-2.818233607605371,0.00220310055934092,-0.031892906348356176,4.428543171513086,0.000652786337638439,0.0009582292451691762,-5.868229082429333e-183,0.0,0.0,0.00220310055934092
56.475,1.7512931983121618e+18,-2.200442072358017,-2.818246980545116,0.0022338928950910355,-0.027254061829442903,4.428557581648487,0.0009191130406352417,0.0009354908328274176,-7.4365553757922385e-183,0.0,0.0,0.0022338928950910355
56.5,1.7512931983371617e+18,-2.2022649446191833,-2.8172195060494927,0.0022477197113347012,-0.01620926516058143,4.428097134224853,0.001019263578902337,0.0008172005506141392,-6.109989688925766e-183,0.0,0.0,0.0022477197113347012
56.525000000000006,1.7512931983621617e+18,-2.2022670177039045,-2.8172266314764123,0.0022475247228411327,-0.002202150805298253,4.428120774150129,0.0009388174785470722,0.0007262341007936566,-3.3653703705669573e-183,0.0,0.0,0.0022475247228411327
56.550000000000004,1.7512931983871616e+18,-2.195562103506139,-2.8206166834346313,0.0022430001345912103,0.010653119452249843,4.4299716478464966,0.0007332168144831154,0.0007161222628557615,-5.793354218512672e-184,0.0,0.0,0.0022430001345912103
56.575,1.7512931984121618e+18,-2.19557054449163,-2.820645551020059,0.0022446495170623153,0.019014665522110813,4.429985079484053,0.0004997680048168102,0.0007407705507036765,1.3641484462116364e-183,0.0,0.0,0.0022446495170623153
56.6,1.7512931984371617e+18,-2.2042856542808873,-2.817695764953337,0.002257822462511609,0.02133819678450076,4.427535085536313,0.0003342924391426654,0.0006688079227286688,2.168489999730256e-183,0.0,0.0,0.002257822462511609
56.625,1.7512931984621617e+18,-2.1984375932189772,-2.8203749120659283,0.0022795248460520086,0.018098397290867985,4.428087595787236,0.0002914449834832775,0.0003396662410764325,2.0012379240690322e-183,0.0,0.0,0.0022795248460520086
56.650000000000006,1.7512931984871619e+18,-2.1984571262562715,-2.820441742312419,0.0022989523002749563,0.011251717457996975,4.428152153908053,0.0003645779364597034,-0.0003582349062512014,1.2713743073548547e-183,0.0,0.0,0.0022989523002749563
56.675000000000004,1.7512931985121618e+18,-2.198470151579239,-2.82048630709418,0.002300904971263331,0.0033350161303734123,4.428195203555726,0.000492656121028696,-0.0014167036174070734,4.1311452983209533e-184,0.0,0.0,0.002300904971263331
56.7,1.7512931985371617e+18,-2.1996219068801346,-2.818158271064578,0.002270721498216713,-0.0033390951850669724,4.428912196879002,0.0005911474837443488,-0.0026732922903622,-2.587593136191996e-184,0.0,0.0,0.002270721498216713
56.725,1.7512931985621617e+18,-2.1984403009299625,-2.8182055015432703,0.002199605763794402,-0.0071392609213556685,4.430676524094881,0.0005937255493641096,-0.0038309345767476802,-6.031922416385466e-184,0.0,0.0,0.002199605763794402
56.75,1.7512931985871616e+18,-2.198450391902674,-2.8182401459931072,0.0020892996982184004,-0.007270990901375453,4.430682803867384,0.0004851926861115672,-0.0045314317091718,-6.330376775991986e-184,0.0,0.0,0.0020892996982184004
56.775000000000006,1.7512931986121618e+18,-2.199463556578585,-2.818410088161562,0.001954751684708482,-0.0038192811166390043,4.43080319396973,0.00030825177756702027,-0.004463250880022126,-4.5452483970338135e-184,0.0,0.0,0.001954751684708482
56.800000000000004,1.7512931986371617e+18,-2.1994552453925573,-2.8183814090422588,0.0018230522622665305,0.0022279632023063027,4.430856893216923,0.0001403591906651038,-0.003470178233129471,-1.9984046943022723e-184,0.0,0.0,0.0018230522622665305
56.825,1.7512931986621617e+18,-2.198080453120293,-2.816850836172222,0.0017274254016253741,0.009055921847403796,4.43095259701364,5.4958805220234225e-05,-0.001624021744823708,2.362353831864556e-185,0.0,0.0,0.0017274254016253741
56.85,1.7512931986871619e+18,-2.1980809583267478,-2.816852612238202,0.0016972440106955498,0.014340279282360273,4.4309462333088465,9.011897420710071e-05,0.0007661960161081967,1.5765146644548565e-184,0.0,0.0,0.0016972440106955498
56.875,1.7512931987121618e+18,-2.1968165645417206,-2.8192335055172637,0.0017476920203811318,0.01585918743359436,4.431662066435949,0.00023981729135921055,0.003216620888828508,1.9329641029680153e-184,0.0,0.0,0.0017476920203811318
56.900000000000006,1.7512931987371617e+18,-2.1967653159579252,-2.8179332858415544,0.0018735216100088485,0.012281159743100137,4.4327495689025085,0.0004661788697992836,0.005187198458076474,1.5557562591491747e-184,0.0,0.0,0.0018735216100088485
56.925000000000004,1.7512931987621617e+18,-2.1967570710079154,-2.817904596293581,0.002049587929698758,0.0038430727411570705,4.43283597767083,0.0007194550571994014,0.006222186925744923,8.319579645889795e-185,0.0,0.0,0.002049587929698758
56.95,1.7512931987871616e+18,-2.1967446999541376,-2.8178615493446926,0.00223776743030128,-0.007431491546625206,4.432965628853818,0.0009539367847556264,0.006070469223060122,1.1455711186501298e-185,0.0,0.0,0.00223776743030128
56.975,1.7512931988121618e+18,-2.197829314643722,-2.8176159937293863,0.002397422078866501,-0.018205982675179786,4.432348894029916,0.0011365600028493382,0.004750024805186715,-3.7509205058694405e-185,0.0,0.0,0.002397422078866501
57.0,1.7512931988371617e+18,-2.202643671915103,-2.815406365565035,0.002495906367486363,-0.02493819548801163,4.431541599528481,0.0012502937754132826,0.0025390583062172003,-5.679488560917863e-185,0.0,0.0,0.002495906367486363
57.025000000000006,1.7512931988621617e+18,-2.2026409775363587,-2.815397025308553,0.00251625515987673,-0.025217335798206154,4.431621323199888,0.0012940727068723346,-0.00010059057249400696,-5.1287598072092423e-185,0.0,0.0,0.00251625515987673
57.050000000000004,1.7512931988871619e+18,-2.1977572899248257,-2.819199438996148,0.0024600683426813856,-0.01873400264497354,4.432323697856731,0.0012801203512460527,-0.002642214651387972,-3.181014976548635e-185,0.0,0.0,0.0024600683426813856
57.075,1.7512931989121618e+18,-2.1977579312489324,-2.819201705509903,0.00234481064184398,-0.0074231338968563905,4.432372496579834,0.0012297611676489234,-0.004619443475083622,-9.566801167487331e-186,0.0,0.0,0.00234481064184398
57.1,1.7512931989371617e+18,-2.201144844771056,-2.8178316403119044,0.0021968112975803626,0.005258609459312304,4.431242217278374,0.0011674216703349484,-0.005724142428585205,7.490599612000732e-186,0.0,0.0,0.0021968112975803626
57.12500000000001,1.7512931989621617e+18,-2.2011454073402956,-2.817833627130049,0.0020431986233473806,0.015545168823488408,4.431238545268737,0.0011112579374913576,-0.005855324108904717,1.594771985487196e-185,0.0,0.0,0.0020431986233473806
57.150000000000006,1.7512931989871616e+18,-2.1961770129353537,-2.8175714591438843,0.0019060633886118605,0.02055051659627332,4.432413071756963,0.0010627641112529397,-0.00511405293975709,1.632596439076175e-185,0.0,0.0,0.0019060633886118605
57.175000000000004,1.7512931990121618e+18,-2.1961774583637292,-2.8175730424279064,0.0018001705297216006,0.0190673084417433,4.432485124108831,0.0010036507703959359,-0.0037543787449502842,1.147444462459265e-185,0.0,0.0,0.0018001705297216006
57.2,1.7512931990371617e+18,-2.19817738585194,-2.819478918265911,0.0017332322468467034,0.011831629036565063,4.431112012032987,0.0009063849915223705,-0.002109386324793306,4.826677014519604e-186,0.0,0.0,0.0017332322468467034
57.225,1.7512931990621617e+18,-2.1981809960550303,-2.8194914939116256,0.001706791475003548,0.0012480829886250841,4.431033779729491,0.0007538568989648276,-0.0005132829543025524,-8.847037460873508e-187,0.0,0.0,0.001706791475003548
57.25000000000001,1.7512931990871619e+18,-2.200580468879202,-2.8164581179919566,0.0017165315591195962,-0.009365347130512543,4.431083840231542,0.0005551239947803033,0.0007633374616013934,-4.222642848317289e-186,0.0,0.0,0.0017165315591195962
57.275000000000006,1.7512931991121618e+18,-2.200578894941975,-2.816452685109971,0.0017524300425064887,-0.016838350514310364,4.431134037337181,0.0003472109452979759,0.00155449033848139,-5.0179592715355146e-186,0.0,0.0,0.0017524300425064887
57.300000000000004,1.7512931991371617e+18,-2.197864617454201,-2.8171974495695293,0.0018001543952547102,-0.019170936874589484,4.431188408817539,0.0001829601103963171,0.001812438649099306,-3.956459858446199e-186,0.0,0.0,0.0018001543952547102
57.325,1.7512931991621617e+18,-2.200606189559627,-2.8172695034494937,0.0018445442462829526,-0.016122447533159168,4.431897038671433,0.00011162760283400383,0.0015963546137905858,-2.051083473300646e-186,0.0,0.0,0.0018445442462829526
57.35,1.7512931991871616e+18,-2.2006075790160455,-2.8172743514838348,0.0018742651018009825,-0.009154458669000947,4.431976022917011,0.00015949128960291323,0.0010428833116848323,-2.058980726822792e-187,0.0,0.0,0.0018742651018009825
57.37500000000001,1.7512931992121618e+18,-2.200608504928297,-2.81727758213896,0.0018851242568317717,-0.0008081092009423061,4.432028656797048,0.00031680185945245605,0.00032800651955951985,1.0258265514173365e-186,0.0,0.0,0.0018851242568317717
57.400000000000006,1.7512931992371617e+18,-2.197165834408488,-2.8189998677803505,0.0018797498072507593,0.00620096181448765,4.4319624929061785,0.0005372052190989248,-0.000370409101759998,1.4853077674247265e-186,0.0,0.0,0.0018797498072507593
57.425000000000004,1.7512931992621617e+18,-2.1991739420111633,-2.817038973975904,0.0018638380437058818,0.009842974836975504,4.431714414548045,0.0007527394985085015,-0.0009026039912231472,1.3128827250382672e-186,0.0,0.0,0.0018638380437058818
57.45,1.7512931992871619e+18,-2.1991657374519753,-2.817010518627449,0.001842043731249481,0.009331298037224083,4.431727754452144,0.0008994295440639718,-0.0011667833602176565,7.943925807704087e-187,0.0,0.0,0.001842043731249481
57.475,1.7512931993121618e+18,-2.1988951996493538,-2.817393597023942,0.0018168272996152614,0.005240928811740896,4.431632880592746,0.0009406618448457798,-0.0011196577829766542,2.186119986422926e-187,0.0,0.0,0.0018168272996152614
57.50000000000001,1.7512931993371617e+18,-2.198894290821362,-2.8173904610846936,0.0017906869117607332,-0.0008077464991233433,4.4316055531359915,0.0008761926637407459,-0.0007795067484927876,-2.1387547748880583e-187,0.0,0.0,0.0017906869117607332
57.525000000000006,1.7512931993621617e+18,-2.2001739971450074,-2.817265647505361,0.0017690556799812168,-0.006763738035612504,4.431189641155365,0.0007345386932944793,-0.0002220263311483442,-4.2083528286904365e-187,0.0,0.0,0.0017690556799812168
57.550000000000004,1.7512931993871616e+18,-2.200171590942747,-2.817257323400448,0.001760581311906937,-0.010835661645225134,4.431210323342393,0.0005565273204660883,0.00043295450944796964,-4.20559665850383e-187,0.0,0.0,0.001760581311906937
57.575,1.7512931994121618e+18,-2.199475185126859,-2.81625893952335,0.0017736552776002664,-0.012036673784751501,4.4312544485643865,0.00037964973381668236,0.0010457304060756548,-2.89244102196608e-187,0.0,0.0,0.0017736552776002664
57.6,1.7512931994371617e+18,-2.1994641504564325,-2.8162208787449545,0.0018110961404275167,-0.010447626492969415,4.431210178859317,0.00022825096877555898,0.001490013643378228,-1.159620040703992e-187,0.0,0.0,0.0018110961404275167
57.62500000000001,1.7512931994621617e+18,-2.2026242549737747,-2.8171634906088094,0.0018667059479405784,-0.007153720549692641,4.430423505341318,0.0001104055517575297,0.0016873180029170164,2.984019543174041e-188,0.0,0.0,0.0018667059479405784
57.650000000000006,1.7512931994871619e+18,-2.2026117482026346,-2.8171202435965763,0.0019266263961337177,-0.0038576830169088166,4.430506585734236,2.1117097510668557e-05,0.0016301145376287813,1.1278997340012465e-187,0.0,0.0,0.0019266263961337177
57.675000000000004,1.7512931995121618e+18,-2.19788749100203,-2.817487816688314,0.0019753474949623187,-0.002220292126434906,4.431500129801368,-4.930821822765434e-05,0.0013825823016398427,1.3010474148905052e-187,0.0,0.0,0.0019753474949623187
57.7,1.7512931995371617e+18,-2.1985113158719454,-2.818038058988118,0.0020030459888477833,-0.0031015757271041213,4.431516482110736,-0.00010518524013903561,0.001055494747690816,1.0049050882741902e-187,0.0,0.0,0.0020030459888477833
57.725,1.7512931995621617e+18,-2.198516210277991,-2.818055034220713,0.00201002400839412,-0.006038644503516867,4.431478007653295,-0.0001391922756759126,0.0007631091356507977,5.041694570158308e-188,0.0,0.0,0.00201002400839412
57.75000000000001,1.7512931995871616e+18,-2.204546007243896,-2.8163789058733064,0.0020058654826133216,-0.009324053269135263,4.4294264779540065,-0.00013397676654125604,0.0005791603978356225,3.0121774662264277e-189,0.0,0.0,0.0020058654826133216
57.775000000000006,1.7512931996121618e+18,-2.204546863532323,-2.8163818910380054,0.0020039542307121617,-0.01079234959823763,4.4294669237324005,-7.06186303204833e-05,0.000510921656241794,-2.7921931693032163e-188,0.0,0.0,0.0020039542307121617
57.800000000000004,1.7512931996371617e+18,-2.2004634110054946,-2.818135106309878,0.0020143163292698925,-0.008974935159799984,4.429845117446531,6.12716248937533e-05,0.0005030439413028603,-3.878837612168519e-188,0.0,0.0,0.0020143163292698925
57.825,1.7512931996621617e+18,-2.200455528869605,-2.8181080275958723,0.0020384475383658065,-0.003980540470994045,4.429827369643096,0.0002565633668593812,0.0004695479213929675,-3.3568797624335214e-188,0.0,0.0,0.0020384475383658065
57.85,1.7512931996871619e+18,-2.2024060651678434,-2.8185016716789146,0.0020687280607097854,0.002419473075482601,4.428979188234798,0.0004921790890441522,0.0003392641764966488,-1.9798565353228466e-188,0.0,0.0,0.0020687280607097854
57.87500000000001,1.7512931997121618e+18,-2.2024102214828276,-2.818515990119721,0.0020926183317029365,0.007550326258142111,4.428985368520465,0.0007291568452521394,9.362754460964594e-05,-4.911910398603622e-189,0.0,0.0,0.0020926183317029365
57.900000000000006,1.7512931997371617e+18,-2.1994216717901196,-2.8178165337409604,0.0020992560081981087,0.009025107111025388,4.430194791721581,0.0009195262586166148,-0.00022079267844834585,6.0391119259649325e-189,0.0,0.0,0.0020992560081981087
57.925000000000004,1.7512931997621617e+18,-2.1994217257808,-2.8178167302062613,0.0020848687141392847,0.005796355279239101,4.430201264777958,0.001017464335339506,-0.0005109465413159652,1.1085100309601966e-188,0.0,0.0,0.0020848687141392847
57.95,1.7512931997871616e+18,-2.201814310072251,-2.8168988384153537,0.0020543251584918707,-0.0013500960317828366,4.430404481539734,0.00099203096309182,-0.0006787040136496347,1.0821277490799704e-188,0.0,0.0,0.0020543251584918707
57.975,1.7512931998121618e+18,-2.201807938689872,-2.816876883469278,0.0020185284995271734,-0.009995641797657363,4.430439389420364,0.0008379312618926187,-0.0006662109282362373,7.279997787311525e-189,0.0,0.0,0.0020185284995271734
58.00000000000001,1.7512931998371617e+18,-2.202188427847421,-2.817038411769673,0.00198959037120404,-0.016877900977139697,4.429616099899228,0.0005815685306784327,-0.0004846346328830146,2.769204796590284e-189,0.0,0.0,0.00198959037120404
58.025000000000006,1.7512931998621617e+18,-2.202177423301095,-2.8170004409944283,0.0019762986641237625,-0.019000722069112953,4.429568586790754,0.0002805391672734117,-0.00021307916701535247,-9.48457203645294e-190,0.0,0.0,0.0019762986641237625
58.050000000000004,1.7512931998871619e+18,-2.20457666710947,-2.819093392130147,0.001981264013433712,-0.01470362899842285,4.42940316064994,1.5142562894878605e-05,3.252952275649266e-05,-3.0050131590991584e-189,0.0,0.0,0.001981264013433712
58.075,1.7512931999121618e+18,-2.2045819676574627,-2.819111636162615,0.0019999554344512687,-0.0043236935996632505,4.429464574576899,-0.00012893476190121902,0.0001477735858279007,-3.3692365755053243e-189,0.0,0.0,0.0019999554344512687
58.1,1.7512931999371617e+18,-2.200946076204234,-2.8181902213606174,0.0020219046540779642,0.00980149920135121,4.430448505103694,-8.53461532652153e-05,8.493306094917516e-05,-2.54908144530026e-189,0.0,0.0,0.0020219046540779642
58.12500000000001,1.7512931999621617e+18,-2.200951342901874,-2.8182083423757227,0.002034638861328873,0.024024655526012552,4.43046959732105,0.000167551042289706,-0.00012427979383493632,-1.2352692336195455e-189,0.0,0.0,0.002034638861328873
58.150000000000006,1.7512931999871616e+18,-2.197944986727344,-2.8161357107803355,0.002029575641289384,0.03456182812723394,4.432398003047018,0.0005925758593148575,-0.00037856114637272126,-1.8781004700533718e-191,0.0,0.0,0.002029575641289384
58.175000000000004,1.7512932000121618e+18,-2.197947587437867,-2.816144689850703,0.002006821503249076,0.03874199748935871,4.432439129489804,0.0011000499892485029,-0.0005460190423057019,7.567946824155351e-190,0.0,0.0,0.002006821503249076
58.2,1.7512932000371617e+18,-2.194833407758659,-2.8181621761623252,0.0019755016154754126,0.03586212956041085,4.433524082964837,0.0015729798217724012,-0.000516771246699636,1.0115437306187918e-189,0.0,0.0,0.0019755016154754126
58.225,1.7512932000621617e+18,-2.198339368240529,-2.8154113817401276,0.0019491971607869666,0.027299781599003623,4.432417617074314,0.001900489054993061,-0.00024795200734121456,8.573083458219481e-190,0.0,0.0,0.0019491971607869666
58.25000000000001,1.7512932000871619e+18,-2.198339935965581,-2.8154133916563744,0.0019396458280744276,0.015841414021051475,4.432459998114908,0.002007863448763078,0.00021685549061150662,4.923871492873931e-190,0.0,0.0,0.0019396458280744276
58.275000000000006,1.7512932001121618e+18,-2.1983403145410643,-2.8154147319267153,0.0019525278322514036,0.0045500365437150525,4.432488259019683,0.0018747768390345693,0.0007613234155386417,1.0794855079075469e-190,0.0,0.0,0.0019525278322514036
58.300000000000004,1.7512932001371617e+18,-2.199670015486898,-2.817449232484675,0.0019867033546786456,-0.0042846581944314495,4.432571553022703,0.001537190830955102,0.001237708035402492,-1.689617598953267e-190,0.0,0.0,0.0019867033546786456
58.325,1.7512932001621617e+18,-2.1969204963807942,-2.818921512654993,0.00203563331783446,-0.00964665419788587,4.432310507542779,0.0010738312957034029,0.0015198520939098724,-2.914870936616812e-190,0.0,0.0,0.00203563331783446
58.35,1.7512932001871616e+18,-2.196927301390183,-2.8189452208216137,0.0020893377195538576,-0.01162477377463446,4.4323391786333435,0.0005833942354424961,0.0015478897482181946,-2.7812055692829367e-190,0.0,0.0,0.0020893377195538576
58.37500000000001,1.7512932002121618e+18,-2.199321035524024,-2.8167229604402966,0.0021366644475959897,-0.01086257537058465,4.4321961666865715,0.0001599494964198954,0.0013481761122625681,-1.8293798724843215e-190,0.0,0.0,0.0021366644475959897
58.400000000000006,1.7512932002371617e+18,-2.1993191401833783,-2.8167164080918146,0.0021684951052674153,-0.008096160771850271,4.432254697953649,-0.00012795327279744114,0.0010214061032753096,-6.566757889613744e-191,0.0,0.0,0.0021684951052674153
58.425000000000004,1.7512932002621617e+18,-2.2015722524549504,-2.818325020247221,0.0021814812998638394,-0.004063436433135085,4.43105646689326,-0.0002507564683459565,0.0007038143962724399,2.9010774291132945e-191,0.0,0.0,0.0021814812998638394
58.45,1.7512932002871619e+18,-2.1991639641854337,-2.817633699419695,0.0021802647240509515,0.00032122760738742713,4.431515912599513,-0.00022108714270017152,0.000516458457865883,7.987114600206916e-191,0.0,0.0,0.0021802647240509515
58.475,1.7512932003121618e+18,-2.1974494335782837,-2.817436121135033,0.0021760674037315957,0.00388507896551348,4.432048639166293,-8.493819083646605e-05,0.0005220341697059457,8.714662718343383e-191,0.0,0.0,0.0021760674037315957
58.50000000000001,1.7512932003371617e+18,-2.1974493327496867,-2.8174358002465807,0.002181588445978887,0.005467563301332184,4.43197560080648,9.809731815282989e-05,0.0007055067378882188,6.45755777894981e-191,0.0,0.0,0.002181588445978887
58.525000000000006,1.7512932003621617e+18,-2.197844516080127,-2.8168412420846156,0.0022047899600590127,0.004454948674634832,4.432566407219056,0.00027886493476878514,0.0009850852091972844,3.015769631700347e-191,0.0,0.0,0.0022047899600590127
58.550000000000004,1.7512932003871616e+18,-2.1981674219864864,-2.815840828433291,0.002245187475861554,0.0012079737206409744,4.432664528406985,0.00043529881033074964,0.0012476851174053074,-1.0237670326929687e-192,0.0,0.0,0.002245187475861554
58.575,1.7512932004121618e+18,-2.198170456012015,-2.8158513999089014,0.0022946610693952503,-0.002963929672976529,4.432686238960242,0.00057271727321191,0.0013933437426076056,-2.0434251987335903e-191,0.0,0.0,0.0022946610693952503
58.6,1.7512932004371617e+18,-2.200231120714169,-2.8160265560492093,0.0023418741827060125,-0.006328942082289568,4.431708025017654,0.000709233572335945,0.001370292016281844,-2.6344100782358726e-191,0.0,0.0,0.0023418741827060125
58.62500000000001,1.7512932004621617e+18,-2.200235192567626,-2.8160407378114933,0.0023775250807449213,-0.0074748025405681935,4.431723911943575,0.0008568607985428971,0.0011875480973859121,-2.186873261029777e-191,0.0,0.0,0.0023775250807449213
58.650000000000006,1.7512932004871619e+18,-2.197560738078324,-2.8162367513704774,0.002397846584031073,-0.005857350154181238,4.432800857913039,0.0010098935225345087,0.000902294163059311,-1.2217768091263391e-191,0.0,0.0,0.002397846584031073
58.675000000000004,1.7512932005121618e+18,-2.1975600445466634,-2.8162343552646507,0.002405113191322553,-0.0019009184714797254,4.432823998704796,0.0011461815935658757,0.0005899840174855889,-2.3014184926161566e-192,0.0,0.0,0.002405113191322553
58.7,1.7512932005371617e+18,-2.198768032175036,-2.815815624715504,0.0024053458514406993,0.003307020365680945,4.432423037672795,0.0012384218979603165,0.000311394735592267,4.690681236985363e-192,0.0,0.0,0.0024053458514406993
58.725,1.7512932005621617e+18,-2.1987759845491417,-2.8158433324224563,0.0024046031701590365,0.008469801592825149,4.432471722175471,0.0012667617780707347,9.040293350252024e-05,7.652180604568442e-192,0.0,0.0,0.0024046031701590365
58.75000000000001,1.7512932005871616e+18,-2.197025583911545,-2.817214608851272,0.0024058589845293355,0.012423868407730623,4.432614312702475,0.0012252421604670189,-8.989186453018362e-05,7.139892151930635e-192,0.0,0.0,0.0024058589845293355
58.775000000000006,1.7512932006121618e+18,-2.197022948942661,-2.817205485939549,0.0024078894319335925,0.014271059348086649,4.432655553264006,0.001121244454598709,-0.0002735499698851346,4.589347919412625e-192,0.0,0.0,0.0024078894319335925
58.800000000000004,1.7512932006371617e+18,-2.199325882856445,-2.816768185336712,0.002406180519016712,0.013386837700178107,4.431681891013504,0.0009719895711404992,-0.0005083491359039795,1.5444445639116704e-192,0.0,0.0,0.002406180519016712
58.825,1.7512932006621617e+18,-2.199320345781451,-2.816748954489201,0.0023949929331755124,0.009474249042140557,4.431672349773395,0.0008016205204764087,-0.0008226898961232233,-8.63780895032728e-193,0.0,0.0,0.0023949929331755124
58.85,1.7512932006871619e+18,-2.1947209049408483,-2.8178067776436566,0.002369853313775978,0.002763894986002634,4.432900043025661,0.0006393162611536677,-0.0012109223616085906,-2.118209774581657e-192,0.0,0.0,0.002369853313775978
58.87500000000001,1.7512932007121618e+18,-2.194719847700207,-2.817803131307518,0.0023298445864090305,-0.005728899788859454,4.432916710708527,0.0005168657867621389,-0.0016303431684315738,-2.25142405969753e-192,0.0,0.0,0.0023298445864090305
58.900000000000006,1.7512932007371617e+18,-2.200330076480075,-2.8171505259079295,0.0022786087385279204,-0.014154825877329812,4.431426105163142,0.00046395323600885224,-0.002008424832155121,-1.6336627830778742e-192,0.0,0.0,0.0022786087385279204
58.925000000000004,1.7512932007621617e+18,-2.2003292117943047,-2.81714753817615,0.002223027445922035,-0.02024293184054563,4.431469407894607,0.0005000892465317132,-0.0022565767485307393,-7.3336376979152235e-193,0.0,0.0,0.002223027445922035
58.95,1.7512932007871616e+18,-2.2016305906755402,-2.817092133234074,0.002169998725070278,-0.022162788305432658,4.43029281077459,0.0006240109956779796,-0.002287377577166728,6.497176415230886e-194,0.0,0.0,0.002169998725070278
58.975,1.7512932008121618e+18,-2.20134591824032,-2.8157912983846702,0.0021235185542397357,-0.01945381078786292,4.430582391040685,0.0008056930519676865,-0.0020341936142027383,5.498497823365016e-193,0.0,0.0,0.0021235185542397357
59.00000000000001,1.7512932008371617e+18,-2.198914502958699,-2.816601642803824,0.0020844483753322614,-0.013452206970331273,4.431613322969371,0.000989334507110013,-0.0014728064872518325,6.85193806800065e-193,0.0,0.0,0.0020844483753322614
59.025000000000006,1.7512932008621617e+18,-2.198913920598045,-2.816599650266487,0.002053341234230167,-0.006850720037884616,4.431608187402446,0.001111414823736115,-0.0006423709924393726,5.571704145726671e-193,0.0,0.0,0.002053341234230167
59.050000000000004,1.7512932008871619e+18,-2.1999767144418936,-2.8167943236661226,0.002033988830196066,-0.002532304360620331,4.431427770089746,0.0011275263348185045,0.00034153240566806286,3.0242518165712313e-193,0.0,0.0,0.002033988830196066
59.075,1.7512932009121618e+18,-2.199989941908514,-2.816514879737103,0.0020342053240076006,-0.0022605287946809633,4.430938665830256,0.0010342252110045471,0.0012924011187349974,4.693414872080001e-194,0.0,0.0,0.0020342053240076006
59.1,1.7512932009371617e+18,-2.199995778162853,-2.8165351122406346,0.0020619999741368564,-0.005872986468285051,4.43092985929168,0.0008733660230861924,0.001985637827221522,-1.293601969704578e-193,0.0,0.0,0.0020619999741368564
59.12500000000001,1.7512932009621617e+18,-2.201270208301977,-2.817289137028048,0.002118776310181828,-0.011322917273362688,4.430818265924506,0.0007151358092966597,0.002218366503653249,-2.005706781984216e-193,0.0,0.0,0.002118776310181828
59.150000000000006,1.7512932009871616e+18,-2.201266579313569,-2.8172766150824473,0.0021940078346014747,-0.015500982250885835,4.430897187610476,0.000627288340438628,0.0018820847793536925,-1.8308528778236725e-193,0.0,0.0,0.0021940078346014747
59.175000000000004,1.7512932010121618e+18,-2.2026984314241083,-2.8168886324912856,0.0022657257517819003,-0.01547357104366415,4.429669900136281,0.0006453761354129868,0.0010220550671186906,-1.1493096680571822e-193,0.0,0.0,0.0022657257517819003
59.2,1.7512932010371617e+18,-2.2027073664960364,-2.8169194931265946,0.002307925736456494,-0.009672706351371463,4.429645494596556,0.0007579141421960353,-0.00014522346605155535,-3.596869368426628e-194,0.0,0.0,0.002307925736456494
59.225,1.7512932010621617e+18,-2.2009619904246036,-2.81524436726379,0.002301823787461769,0.001375115468427469,4.4312583516010875,0.0009126173580697336,-0.001274223736771329,2.5209750625210814e-194,0.0,0.0,0.002301823787461769
59.25000000000001,1.7512932010871619e+18,-2.2009681588355092,-2.815265618407443,0.0022455157926087373,0.015044510419854114,4.431293629165554,0.0010395256463873427,-0.0019880887769676294,5.60586860118924e-194,0.0,0.0,0.0022455157926087373
59.275000000000006,1.7512932011121618e+18,-2.1982508011603565,-2.8175345489890122,0.0021572231309098743,0.02737145952060024,4.430761296865212,0.0010789172662187547,-0.002003228454654601,5.809748408766312e-194,0.0,0.0,0.0021572231309098743
59.300000000000004,1.7512932011371617e+18,-2.197935537280696,-2.818096052378779,0.0020702287838970128,0.03435349579146782,4.431328265902167,0.0010009307359698885,-0.0012365257102244752,4.1271241710312623e-194,0.0,0.0,0.0020702287838970128
59.325,1.7512932011621617e+18,-2.1979327825239547,-2.818086557575828,0.002021215257816007,0.033344561718002985,4.43136652589566,0.0008104717906646905,0.00014777715382503448,1.7755205530447346e-194,0.0,0.0,0.002021215257816007
59.35,1.7512932011871616e+18,-2.1960792273170386,-2.814646422545002,0.0020364183222519186,0.024031308909190967,4.433593005960512,0.0005401509002408033,0.0017747539013238127,-2.660826208532433e-195,0.0,0.0,0.0020364183222519186
59.37500000000001,1.7512932012121618e+18,-2.1960731167706697,-2.8146252942760137,0.0021208871729867583,0.008609818481154238,4.433592320928135,0.00023883714415589934,0.003171207783713803,-1.4749128390692073e-194,0.0,0.0,0.0021208871729867583
59.400000000000006,1.7512932012371617e+18,-2.1982415866546705,-2.818289283241263,0.002255168474831172,-0.008933597810089814,4.432833189372571,-3.8627936235419304e-05,0.003916070053779621,-1.7798713820880964e-194,0.0,0.0,0.002255168474831172
59.425000000000004,1.7512932012621617e+18,-2.2043314362730304,-2.8174450772898445,0.0024012683864485444,-0.0241928612386908,4.430092070036771,-0.00024016651635515657,0.0037749923697650706,-1.417821444327656e-194,0.0,0.0,0.0024012683864485444
59.45,1.7512932012871619e+18,-2.202852528150652,-2.816736605193363,0.0025162187154242305,-0.03383127953819609,4.430385860666812,-0.0003255457882525786,0.0027705106156761506,-7.466257185227283e-195,0.0,0.0,0.0025162187154242305
59.475,1.7512932013121618e+18,-2.202860675905088,-2.816764698770083,0.002568031020938418,-0.03655970910713314,4.430434119263177,-0.00027540944851571166,0.0011639102455921636,-8.911731018113656e-196,0.0,0.0,0.002568031020938418
59.50000000000001,1.7512932013371617e+18,-2.199104631813828,-2.8169963201693795,0.002547125813812205,-0.03318754178289159,4.4310257531508235,-9.652287580407417e-05,-0.0006409233599155025,3.547028039384092e-195,0.0,0.0,0.002547125813812205
59.525000000000006,1.7512932013621617e+18,-2.199107440130168,-2.817006029287524,0.002467972875253438,-0.025813633677258318,4.431021737102192,0.00018055112215350984,-0.002232250516886951,5.249196769407496e-195,0.0,0.0,0.002467972875253438
59.550000000000004,1.7512932013871616e+18,-2.2058097036338324,-2.815789404774249,0.002360357527790234,-0.016699679910063693,4.429154748524853,0.0005107939259502147,-0.003312461846587757,4.689392273754185e-195,0.0,0.0,0.002360357527790234
59.575,1.7512932014121618e+18,-2.20580854682407,-2.8157854192096723,0.0022550149687258795,-0.007481620466106716,4.429172069921082,0.0008457841317759952,-0.003765535783279277,2.872910809290559e-195,0.0,0.0,0.0022550149687258795
59.6,1.7512932014371617e+18,-2.2001060139042306,-2.8170157369767215,0.002171170483992504,0.0009710934696746694,4.430897676584356,0.0011415251299128641,-0.0036538854312694042,8.27706066877441e-196,0.0,0.0,0.002171170483992504
59.62500000000001,1.7512932014621617e+18,-2.2001099676727827,-2.8170293301915263,0.0021119468943038293,0.008233330688217888,4.4309416199632405,0.001363093898595659,-0.0031579258974063556,-7.244740570284375e-196,0.0,0.0,0.0021119468943038293
59.650000000000006,1.7512932014871619e+18,-2.2022409582491056,-2.81581556800034,0.0020686605200941474,0.013952533522254241,4.431434225246646,0.0014890541872363344,-0.002491748848784707,-1.4806892498289542e-195,0.0,0.0,0.0020686605200941474
59.675000000000004,1.7512932015121618e+18,-2.202244651571973,-2.815828351062036,0.0020299640449342495,0.017702020066133074,4.431447272576852,0.0015160516128601067,-0.0018314384970810715,-1.4974594766481336e-195,0.0,0.0,0.0020299640449342495
59.7,1.7512932015371617e+18,-2.2000735803244154,-2.81691945876085,0.001989743413472953,0.019067210768839164,4.4312177979309855,0.0014603296112799175,-0.0012798734118810765,-1.04112480623737e-195,0.0,0.0,0.001989743413472953
59.725,1.7512932015621617e+18,-2.200074017969706,-2.8169209961763038,0.0019495368621766376,0.017836701454382896,4.4312194598055505,0.0013532650301817386,-0.000871499035817094,-4.277350380692561e-196,0.0,0.0,0.0019495368621766376
59.75000000000001,1.7512932015871616e+18,-2.199004339525549,-2.8170707282368492,0.0019152872366431217,0.014196585665063079,4.431827267911631,0.0012321999929558927,-0.0006028845525494908,9.375909652381251e-197,0.0,0.0,0.0019152872366431217
59.775000000000006,1.7512932016121618e+18,-2.1990104627990705,-2.8170919784313395,0.001891636405430142,0.008867214664827244,4.431832245969897,0.0011309431756054017,-0.00046713223828118714,3.9449220152247796e-196,0.0,0.0,0.001891636405430142
59.800000000000004,1.7512932016371617e+18,-2.20148970981096,-2.817055605942971,0.0018778622317553373,0.0030947006037874585,4.429656919651352,0.0010724945878181188,-0.0004736489258271085,4.617650297880735e-196,0.0,0.0,0.0018778622317553373
59.825,1.7512932016621617e+18,-2.2014943274307734,-2.8170716308882993,0.001867864981424207,-0.0015879874118847337,4.429667134638768,0.001062891215463469,-0.0006454038995321208,3.603411103358105e-196,0.0,0.0,0.001867864981424207
59.85,1.7512932016871619e+18,-2.199291918889387,-2.817693064486902,0.001853600914769121,-0.0037981689446790405,4.430385868131648,0.0010864784793490048,-0.0009974841344825463,1.8380276477421708e-196,0.0,0.0,0.001853600914769121
59.87500000000001,1.7512932017121618e+18,-2.1992958105569107,-2.817706465304744,0.0018290117946482528,-0.0027709687349577474,4.430453276436264,0.0011083924782988193,-0.0015087126841313674,1.4785741431185637e-197,0.0,0.0,0.0018290117946482528
59.900000000000006,1.7512932017371617e+18,-2.2017324083915484,-2.8160365149510485,0.001791542592648324,0.0013282157442027175,4.4304358186993,0.0010893219941788392,-0.002100465575683911,-9.676845507113857e-197,0.0,0.0,0.001791542592648324
59.925000000000004,1.7512932017621617e+18,-2.1989799494377174,-2.815750228374386,0.0017408636874566947,0.007345133283604569,4.4315782115687306,0.0010071160395019331,-0.0026342063517995644,-1.3717826416819565e-196,0.0,0.0,0.0017408636874566947
59.95,1.7512932017871616e+18,-2.1989759434003946,-2.815736390026661,0.001677315113002063,0.01334603212466649,4.43170615619394,0.0008709413629732519,-0.0029331766135755827,-1.199714561051797e-196,0.0,0.0,0.001677315113002063
59.975,1.7512932018121618e+18,-2.1989732729581277,-2.815727165322645,0.0016030258459308756,0.01707245237764763,4.431791444649058,0.0007178441214312035,-0.0028255867414952803,-7.167389840441345e-197,0.0,0.0,0.0016030258459308756
60.00000000000001,1.7512932018371617e+18,-2.1990913620195855,-2.8182824156912294,0.001525756796364494,0.016589858965459586,4.43161651856777,0.0005948275435143702,-0.002198165375493204,-1.876442072489641e-197,0.0,0.0,0.001525756796364494
60.025000000000006,1.7512932018621617e+18,-2.1964325185981655,-2.8178368172890247,0.0014617799588873463,0.01099505965666945,4.432795004030444,0.0005390593303675894,-0.001042578877191328,2.0564680600728492e-197,0.0,0.0,0.0014617799588873463
60.050000000000004,1.7512932018871619e+18,-2.1964284715664584,-2.8178228200694364,0.0014334017866939376,0.0009209296301866933,4.43280366391469,0.0005673880770633697,0.0005237235291925213,3.903713972467643e-197,0.0,0.0,0.0014334017866939376
60.075,1.7512932019121618e+18,-2.202013160738011,-2.8171067584453855,0.001460394070228178,-0.01146348050059447,4.4310083947666286,0.0006770432687070617,0.0022740079364842567,3.855261098372348e-197,0.0,0.0,0.001460394070228178
60.1,1.7512932019371617e+18,-2.2020126680938517,-2.8171050597413956,0.0015497861414016593,-0.023085457687075976,4.431033102317306,0.0008510930977726201,0.003924612243338167,2.622434897447124e-197,0.0,0.0,0.0015497861414016593
60.12500000000001,1.7512932019621617e+18,-2.2018586125272495,-2.8158845149530545,0.001690673267534261,-0.03102711112886785,4.430012852071195,0.0010618629067631162,0.00520696954394599,1.0246362238457856e-197,0.0,0.0,0.001690673267534261
60.150000000000006,1.7512932019871616e+18,-2.2018627312440033,-2.81589877136585,0.0018578550413161535,-0.03353762264832414,4.430094507437444,0.0012716104688207982,0.005934130329112907,-3.0586054164891977e-198,0.0,0.0,0.0018578550413161535
60.175000000000004,1.7512932020121618e+18,-2.2027657271880616,-2.8177978194896545,0.0020224433890933106,-0.030534415064027758,4.42946953680535,0.0014350738934727845,0.006038561868178698,-1.0523423848444736e-197,0.0,0.0,0.0020224433890933106
60.2,1.7512932020371617e+18,-2.2023094313675244,-2.816760207460336,0.0021632922589243223,-0.023413971170806434,4.428902212223893,0.0015084185089101892,0.005570581359355021,-1.1965233600474365e-197,0.0,0.0,0.0021632922589243223
60.225,1.7512932020621617e+18,-2.2044412552169756,-2.8177238305978025,0.002272920168654139,-0.01435795956100678,4.427979447088475,0.001463979149116348,0.004663817400619264,-9.146459262873414e-198,0.0,0.0,0.002272920168654139
60.25000000000001,1.7512932020871619e+18,-2.204452612918325,-2.8177628198406577,0.0023553000782681587,-0.005515399122708824,4.428001646795925,0.0013037907336879277,0.003486830750877097,-4.5108134198177345e-198,0.0,0.0,0.0023553000782681587
60.275000000000006,1.7512932021121618e+18,-2.1994936782536723,-2.8164026596941683,0.0024179818501994053,0.001616143616609711,4.428133614286374,0.0010634444087589,0.0022021644699460616,-1.7107443699286372e-199,0.0,0.0,0.0024179818501994053
60.300000000000004,1.7512932021371617e+18,-2.2030625940017807,-2.8185589873743266,0.002464242694034656,0.006461443680715968,4.427439430649699,0.0008037016182769806,0.0009454477364636673,2.6281921166924416e-198,0.0,0.0,0.002464242694034656
60.325,1.7512932021621617e+18,-2.203057238130943,-2.818540704670581,0.0024903255388698175,0.009276822018628735,4.427476477889426,0.0005939792942851657,-0.00017640108219719566,3.579859698469181e-198,0.0,0.0,0.0024903255388698175
60.35,1.7512932021871616e+18,-2.203048919509897,-2.818512308376415,0.0024890340274265144,0.010771526370140996,4.427534018849004,0.0004927785501764645,-0.0010791425837859928,3.0657256487705513e-198,0.0,0.0,0.0024890340274265144
60.37500000000001,1.7512932022121618e+18,-2.2030211939637905,-2.81693491987635,0.0024567531031387895,0.011607516986025654,4.428881765264693,0.0005287409203648063,-0.0017000975650189947,1.7844420803605828e-198,0.0,0.0,0.0024567531031387895
60.400000000000006,1.7512932022371617e+18,-2.200874615799076,-2.8191332213397255,0.0023989140150105642,0.012015416306132967,4.42865189517228,0.0006882290776630735,-0.0020074829536014947,4.172899641471423e-199,0.0,0.0,0.0023989140150105642
60.425000000000004,1.7512932022621617e+18,-2.2008703532694285,-2.819118633677224,0.0023299943298844003,0.011727305929087526,4.428662655456305,0.0009180720157079787,-0.002015295554346492,-5.778818097129301e-199,0.0,0.0,0.0023299943298844003
60.45,1.7512932022871619e+18,-2.2011019460746275,-2.818321038469182,0.0022676576546969314,0.010249939449745117,4.429670897753278,0.0011469371019522034,-0.0017921596306359974,-1.027367392073649e-198,0.0,0.0,0.0022676576546969314
60.475,1.7512932023121618e+18,-2.2010953484553593,-2.8182984485898874,0.0022244827474402307,0.007291366772709383,4.4297109793738425,0.0013155098206444672,-0.0014538641974773422,-9.91415147867892e-199,0.0,0.0,0.0022244827474402307
60.50000000000001,1.7512932023371617e+18,-2.2018513323145177,-2.817461886719336,0.002202277942655733,0.003078523317976394,4.430396777142374,0.0013966492275491289,-0.001137610166556717,-6.595183808261507e-199,0.0,0.0,0.002202277942655733
60.525000000000006,1.7512932023621617e+18,-2.201857001994921,-2.8174814785438076,0.002192152070369786,-0.0015867451095824573,4.430360666569898,0.0013935718831945957,-0.0009659801419488998,-2.438598631954356e-199,0.0,0.0,0.002192152070369786
60.550000000000004,1.7512932023871616e+18,-2.2000060332760425,-2.817550577990095,0.002179882476044829,-0.005513050939185728,4.430855089585057,0.0013221152137244223,-0.0010142687905028195,9.518509563695223e-200,0.0,0.0,0.002179882476044829
60.575,1.7512932024121618e+18,-2.2000117242861545,-2.817570232534777,0.002153254617520805,-0.007444005117544721,4.430833839103277,0.0011947366325577359,-0.0012929778184346916,2.800308667121307e-199,0.0,0.0,0.002153254617520805
60.6,1.7512932024371617e+18,-2.202757186829123,-2.8164925546860595,0.002107363869104825,-0.00644751440286558,4.43013343509093,0.0010185936642088014,-0.0017495515758843745,3.096692303700635e-199,0.0,0.0,0.002107363869104825
60.62500000000001,1.7512932024621617e+18,-2.202760059778173,-2.816502504076907,0.0020453568524851124,-0.0023155767047289993,4.430187429864768,0.000805106888985913,-0.00228474637671163,2.3185985293328064e-199,0.0,0.0,0.0020453568524851124
60.650000000000006,1.7512932024871619e+18,-2.202290644031588,-2.8191240016732184,0.001974896321371573,0.004151496722900689,4.42963562482811,0.0005789840695114917,-0.0027744402801297063,1.1032705878932065e-199,0.0,0.0,0.001974896321371573
60.675000000000004,1.7512932025121618e+18,-2.2022870373655112,-2.819111602818619,0.001903213309027399,0.011187237641175381,4.4296637284749885,0.0003775355098587421,-0.003089249580384214,-9.742297259437182e-202,0.0,0.0,0.001903213309027399
60.7,1.7512932025371617e+18,-2.1980429354407542,-2.818278767018316,0.0018342639632844544,0.016576265604734918,4.4318006497952425,0.00024057916280254476,-0.0031100115240506087,-7.109508313064032e-200,0.0,0.0,0.0018342639632844544
60.725,1.7512932025621617e+18,-2.1980365570680367,-2.818256852320262,0.0017697383319982862,0.01853581172106657,4.431796110584493,0.00019776470098845637,-0.0027424899246599973,-9.329401723169987e-200,0.0,0.0,0.0017697383319982862
60.75000000000001,1.7512932025871616e+18,-2.1996449760674075,-2.8187209669357665,0.0017127816375724113,0.01654901076453968,4.4314438433505465,0.0002597974519938893,-0.001935576161724943,-7.824870329629161e-200,0.0,0.0,0.0017127816375724113
60.775000000000006,1.7512932026121618e+18,-2.199647888863054,-2.818731082570762,0.001671312513819769,0.011656430418683701,4.431469091073987,0.0004162129188451422,-0.0007029513419043663,-4.4329019281671923e-200,0.0,0.0,0.001671312513819769
60.800000000000004,1.7512932026371617e+18,-2.1999328248188013,-2.8161310497086487,0.0016580044096315197,0.005977305545428,4.431839718917301,0.0006393712772133028,0.000858530138975863,-9.04380687568004e-201,0.0,0.0,0.0016580044096315197
60.825,1.7512932026621617e+18,-2.199928963274041,-2.8161176983977434,0.0016861705941526681,0.001684976670229729,4.431831625746174,0.0008925788079253667,0.002564900040275422,1.61026041822504e-200,0.0,0.0,0.0016861705941526681
60.85,1.7512932026871619e+18,-2.200727443190334,-2.8179856372704193,0.0017635362980752806,-8.272935107857119e-06,4.431092098871762,0.0011387676717942129,0.004165278915619887,2.699251358110896e-200,0.0,0.0,0.0017635362980752806
60.87500000000001,1.7512932027121618e+18,-2.2007268564533122,-2.8179836202724537,0.0018873669308650685,0.0006897213926347802,4.431118707187423,0.001346040869546919,0.005388240368144944,2.546603138827605e-200,0.0,0.0,0.0018873669308650685
60.900000000000006,1.7512932027371617e+18,-2.1945067385730592,-2.8189722653289233,0.002043700030948619,0.002455491861221692,4.43243605526154,0.0014891209916781773,0.006005613748354559,1.6559212430192576e-200,0.0,0.0,0.002043700030948619
60.925000000000004,1.7512932027621617e+18,-2.19962781957182,-2.816117641343985,0.0022110152234226625,0.0036727420595584178,4.43140321796772,0.0015497303830149646,0.0058960852047155714,5.7599401426369955e-201,0.0,0.0,0.0022110152234226625
60.95,1.7512932027871616e+18,-2.1996334767933394,-2.8161372687047184,0.00236619160096271,0.0032583527299430487,4.431487500111299,0.001519482273642891,0.005087953413993269,-2.869273789085761e-201,0.0,0.0,0.00236619160096271
60.975,1.7512932028121618e+18,-2.199637255996439,-2.816150380403168,0.0024898621537274143,0.0010585855244216516,4.431543803251952,0.001404488647227088,0.0037647973835611996,-7.434599857645115e-201,0.0,0.0,0.0024898621537274143
61.00000000000001,1.7512932028371617e+18,-2.199209175189976,-2.8175955106311172,0.0025697288501356193,-0.0022800349304961504,4.430773007701248,0.001227215408326335,0.0022282205126367086,-8.00496197096814e-201,0.0,0.0,0.0025697288501356193
61.025000000000006,1.7512932028621617e+18,-2.1995203715945437,-2.8193311961939416,0.002602358016713349,-0.005742514236926901,4.430965441397268,0.0010231579464559637,0.0008248986160314848,-5.86970204113914e-201,0.0,0.0,0.002602358016713349
61.050000000000004,1.7512932028871619e+18,-2.19951909011885,-2.819326817278437,0.0025943330469580987,-0.008372719313850899,4.431046994747936,0.0008342478243180543,-0.00014312326427792774,-2.688318286445959e-201,0.0,0.0,0.0025943330469580987
61.075,1.7512932029121618e+18,-2.2002779205426775,-2.81558261564594,0.0025622184335539243,-0.00953552000215467,4.430630192646353,0.0007015039277262874,-0.0004992224092195077,1.629524532226976e-202,0.0,0.0,0.0025622184335539243
61.1,1.7512932029371617e+18,-2.2002842424497366,-2.8156045156423306,0.0025294956563935065,-0.009041281372088261,4.430619723764998,0.0006567415497328278,-0.00023926787442868737,1.916249351504073e-201,0.0,0.0,0.0025294956563935065
61.12500000000001,1.7512932029621617e+18,-2.2009693998336735,-2.8191333344651954,0.0025195608940347548,-0.007205447747655696,4.429385294016495,0.000712462779596063,0.0004707299757292696,2.428093166650926e-201,0.0,0.0,0.0025195608940347548
61.150000000000006,1.7512932029871616e+18,-2.20096025641846,-2.8191018259843488,0.0025468824792785594,-0.004824837660579976,4.429496201204826,0.000853009286944214,0.0013467300171495396,1.9948155735722e-201,0.0,0.0,0.0025468824792785594
61.175000000000004,1.7512932030121618e+18,-2.202097140714029,-2.8191924883426065,0.00261072253406688,-0.002983098446644615,4.428665592421508,0.001034428387137277,0.0020721348453473214,1.098629943859581e-201,0.0,0.0,0.00261072253406688
61.2,1.7512932030371617e+18,-2.199348712273068,-2.8175679382211767,0.0026950231207939243,-0.0026569787124197802,4.4298507805836405,0.0011978495833789718,0.002388522182656372,1.8899785029368754e-202,0.0,0.0,0.0026950231207939243
61.225,1.7512932030621617e+18,-2.2004347022606976,-2.8184764920313032,0.0027748219096891914,-0.004243131566529393,4.4299008505488775,0.0012912934619324053,0.002162073596453355,-4.454959856564e-202,0.0,0.0,0.0027748219096891914
61.25000000000001,1.7512932030871619e+18,-2.2004425605179514,-2.818503562286457,0.0028263052204591348,-0.007240841280814369,4.429984504699611,0.001287897561860949,0.0014061605343675357,-7.080479024824176e-202,0.0,0.0,0.0028263052204591348
61.275000000000006,1.7512932031121618e+18,-2.2020575158883187,-2.8168287701259573,0.0028358637990111017,-0.010306416180086323,4.429861173424003,0.0011920820436821138,0.0002580264985530176,-6.533873918530817e-202,0.0,0.0,0.0028358637990111017
61.300000000000004,1.7512932031371617e+18,-2.2024603754801757,-2.817437871009395,0.002803832220300614,-0.011727071651763944,4.429091601902861,0.0010340221052770433,-0.0010752959419873848,-4.150588063051336e-202,0.0,0.0,0.002803832220300614
61.325,1.7512932031621617e+18,-2.2024578297360065,-2.8174291544659282,0.0027411982691675344,-0.010135295535804915,4.429149493286262,0.0008576700713686256,-0.0023775127423200427,-1.3483320222075097e-202,0.0,0.0,0.0027411982691675344
61.35,1.7512932031871616e+18,-2.2024540136256636,-2.817416088230854,0.0026616172050156813,-0.0051365430579061065,4.42923627337596,0.0007066980303318482,-0.0034682700146297166,8.452082034413309e-203,0.0,0.0,0.0026616172050156813
61.37500000000001,1.7512932032121618e+18,-2.1987578083006007,-2.817355653235784,0.0025740086938616387,0.0024441255548042847,4.430741690691772,0.0006109455135597865,-0.004223205762329266,1.969588843904561e-202,0.0,0.0,0.0025740086938616387
61.400000000000006,1.7512932032371617e+18,-2.2020317414393014,-2.8186511717733596,0.00248033161049665,0.010790043730462945,4.429858805213769,0.0005770542417664907,-0.0045732720908103295,2.066860338723444e-202,0.0,0.0,0.00248033161049665
61.425000000000004,1.7512932032621617e+18,-2.202036053518544,-2.81866609685706,0.0023791653695303984,0.01766252545428498,4.429892108217423,0.0005885334539670649,-0.004496428523904482,1.4839083134753094e-202,0.0,0.0,0.0023791653695303984
61.45,1.7512932032871619e+18,-2.1989035336003626,-2.8178655244347186,0.0022717776529343763,0.021079449670193342,4.430786153324922,0.0006171326902094576,-0.0040137409725168145,6.523317055878154e-203,0.0,0.0,0.0022717776529343763
61.475,1.7512932033121618e+18,-2.1989027720641707,-2.8178629264957555,0.002166293648101981,0.019910985326895565,4.430749605928845,0.000639911297699881,-0.0031928753815336592,-7.725264376050395e-204,0.0,0.0,0.002166293648101981
61.50000000000001,1.7512932033371617e+18,-2.1985336541941103,-2.8172274117626444,0.0020772876829996258,0.014272789295728418,4.431110223667115,0.0006521748354483337,-0.0021514405176427747,-5.147996306639856e-203,0.0,0.0,0.0020772876829996258
61.525000000000006,1.7512932033621617e+18,-2.1985177134145895,-2.8171723218377553,0.0020207481127730714,0.005622737944619623,4.431155800365605,0.0006691628474156352,-0.0010478751457555725,-6.311250017647208e-203,0.0,0.0,0.0020207481127730714
61.550000000000004,1.7512932033871616e+18,-2.200795186458336,-2.8189692088779106,0.002006680901741352,-0.0035244145619239132,4.4305162964595155,0.0007157475824768446,-5.228325079420999e-05,-5.07927794472837e-203,0.0,0.0,0.002006680901741352
61.575,1.7512932034121618e+18,-2.199880122712806,-2.8186669580295716,0.0020331268134039875,-0.010278758452269523,4.430650319719346,0.00081014750367006,0.0006983578567031861,-2.7159137382933176e-203,0.0,0.0,0.0020331268134039875
61.6,1.7512932034371617e+18,-2.2018889219070013,-2.817982812642437,0.002085307805549903,-0.01230516078844308,4.429509424479795,0.000952368938601764,0.0011438036115757153,-3.736307383823985e-204,0.0,0.0,0.002085307805549903
61.62500000000001,1.7512932034621617e+18,-2.20189084711131,-2.817989489394375,0.0021413551843098145,-0.00868349234944513,4.4295137850016975,0.0011255018597023506,0.0013212908654319892,1.2249301198519668e-203,0.0,0.0,0.0021413551843098145
61.650000000000006,1.7512932034871619e+18,-2.1995108243026973,-2.817986860235576,0.0021823635496172286,-0.0003394609890535454,4.4304979326061495,0.0013069510410478812,0.001348696187962328,1.854437309516628e-203,0.0,0.0,0.0021823635496172286
61.675000000000004,1.7512932035121618e+18,-2.1995117816801075,-2.8179901742146627,0.0022014897747778006,0.01016704098599634,4.430516446585019,0.0014777346038687168,0.0013719520994364444,1.6744903433492057e-203,0.0,0.0,0.0022014897747778006
61.7,1.7512932035371617e+18,-2.197730481722264,-2.817866619755655,0.0022067359756997493,0.01944100457187793,4.431864390180278,0.0016218541264024643,0.0014968880060375498,1.0384823596024274e-203,0.0,0.0,0.0022067359756997493
61.725,1.7512932035621617e+18,-2.1977349491311604,-2.8178820661778534,0.0022156473040528756,0.024337189861667524,4.431883403800885,0.0017197552758897177,0.0017360282322122463,3.1223029791906653e-204,0.0,0.0,0.0022156473040528756
61.75000000000001,1.7512932035871616e+18,-2.197599450298666,-2.816611013239294,0.0022451675499363024,0.02293137365657052,4.432389614263393,0.001746220022093879,0.0019970094668168383,-2.4465888061744846e-204,0.0,0.0,0.0022451675499363024
61.775000000000006,1.7512932036121618e+18,-2.1976072000018148,-2.8166379222444604,0.00230238155411858,0.015066982060593185,4.432413504182005,0.001678334028829926,0.0021218550421836764,-5.207334231843554e-204,0.0,0.0,0.00230238155411858
61.800000000000004,1.7512932036371617e+18,-2.19874487141143,-2.8200005828852874,0.002380363275627631,0.002369483225403217,4.432415792563793,0.00151021498637896,0.0019629555380047204,-5.330386077702444e-204,0.0,0.0,0.002380363275627631
61.825,1.7512932036621617e+18,-2.198753944993254,-2.82003215147084,0.0024602500939240415,-0.012193259070433855,4.4324168682442675,0.00126607087898621,0.0014631529633187714,-3.7460961854831764e-204,0.0,0.0,0.0024602500939240415
61.85,1.7512932036871619e+18,-2.2001181216061023,-2.817157496808629,0.0025184946081180737,-0.02504656427495068,4.431476922596758,0.001003111398553861,0.0007027941296486407,-1.5755267121282227e-204,0.0,0.0,0.0025184946081180737
61.87500000000001,1.7512932037121618e+18,-2.2011333085081755,-2.816498288018986,0.002536865400135874,-0.032885040570031075,4.431020968000542,0.000798268772649915,-0.00011117602284656791,2.891659837698209e-205,0.0,0.0,0.002536865400135874
61.900000000000006,1.7512932037371617e+18,-2.201086631513845,-2.8154827322928178,0.002511406090513655,-0.03353846251535243,4.430392604095676,0.0007185532171702883,-0.0007148168003443527,1.3788601016881876e-204,0.0,0.0,0.002511406090513655
61.925000000000004,1.7512932037621617e+18,-2.2010957771771915,-2.8155143969270284,0.002456022712678495,-0.026646985765752685,4.430366778978486,0.0007862138995597284,-0.0008903763245287997,1.638388292026966e-204,0.0,0.0,0.002456022712678495
61.95,1.7512932037871616e+18,-2.2031897444204853,-2.8173069092023386,0.0023979832506988256,-0.013935550289822966,4.4301706506944285,0.0009596915552890458,-0.0005618641303550253,1.2917108235358654e-204,0.0,0.0,0.0023979832506988256
61.975,1.7512932038121618e+18,-2.2031926106815725,-2.8173168085168303,0.0023663730060980064,0.0010922967900672308,4.430196124574531,0.0011471073510176894,0.0001571066473728104,6.695663453688333e-205,0.0,0.0,0.0023663730060980064
62.00000000000001,1.7512932038371617e+18,-2.198131043919337,-2.816206411048586,0.002378645563023145,0.014086121351728674,4.431670965800379,0.0012498382589924257,0.0009852257440938377,6.71236311814396e-206,0.0,0.0,0.002378645563023145
62.025000000000006,1.7512932038621617e+18,-2.1981322740199083,-2.816210684945026,0.002432094250006345,0.021213192021632913,4.431641492323601,0.0012136141682761827,0.0015597704278658925,-3.349960951723493e-205,0.0,0.0,0.002432094250006345
62.050000000000004,1.7512932038871619e+18,-2.1978626808585884,-2.817413386027971,0.0025047122826605235,0.020507359674350294,4.432673083103088,0.001058025999329704,0.001556993988737399,-4.8497256675304e-205,0.0,0.0,0.0025047122826605235
62.075,1.7512932039121618e+18,-2.197858774513344,-2.8173998695175833,0.002564719449484637,0.012637082518237266,4.432671647468085,0.0008668754571171833,0.0008041752154307755,-4.286417521224279e-205,0.0,0.0,0.002564719449484637
62.1,1.7512932039371617e+18,-2.2018120840440742,-2.8164111127358598,0.0025833387729276326,0.0006849500696709603,4.431330236441211,0.0007445322920063323,-0.0006545047854531368,-2.5933769091869345e-205,0.0,0.0,0.0025833387729276326
62.12500000000001,1.7512932039621617e+18,-2.201817738611649,-2.816430817291121,0.002544270514556559,-0.011043773390756538,4.431381982318397,0.0007623838610581365,-0.0025582117001759427,-7.134437423402421e-206,0.0,0.0,0.002544270514556559
62.150000000000006,1.7512932039871616e+18,-2.201566658717337,-2.8159327608681597,0.002446402906234447,-0.01867597526929444,4.431431297761769,0.0009228471666571308,-0.004493145608416559,6.985327536241922e-206,0.0,0.0,0.002446402906234447
62.175000000000004,1.7512932040121618e+18,-2.2015607515558164,-2.8159123431435376,0.002301042811088633,-0.020135334887684146,4.431450261526823,0.0011575012428212978,-0.005998409279444162,1.3741248284493928e-205,0.0,0.0,0.002301042811088633
62.2,1.7512932040371617e+18,-2.201224219330189,-2.8159788184610397,0.00212743083950394,-0.015638378708842337,4.43164353562771,0.0013590937526592386,-0.006683482414256704,1.3731111702022435e-205,0.0,0.0,0.00212743083950394
62.225,1.7512932040621617e+18,-2.2002878897691653,-2.816220493276902,0.0019491738350267034,-0.007221856995639905,4.431422748623843,0.0014312342822306527,-0.006327016804393389,9.442989015015652e-206,0.0,0.0,0.0019491738350267034
62.25000000000001,1.7512932040871619e+18,-2.200294153893759,-2.816242256987235,0.0017917341395407176,0.0023258652017763472,4.431518397198044,0.0013311800792148117,-0.004933721585659431,3.785163973703891e-206,0.0,0.0,0.0017917341395407176
62.275000000000006,1.7512932041121618e+18,-2.2002983152132907,-2.816256714833834,0.001679800721718331,0.010552278960605222,4.431581937485618,0.0010861585073712345,-0.0027366050180638772,-9.75071539870645e-207,0.0,0.0,0.001679800721718331
62.300000000000004,1.7512932041371617e+18,-2.199652471267554,-2.8164300282875803,0.0016335281327813653,0.015995850886424176,4.431671448704176,0.0007789428420137313,-0.00014372536912095725,-3.683005176619162e-206,0.0,0.0,0.0016335281327813653
62.325,1.7512932041621617e+18,-2.200293254394739,-2.8179297000833428,0.0016635254596527056,0.018273314850421836,4.4314588371622765,0.0005125819870182947,0.00235906491281562,-4.247965414459192e-206,0.0,0.0,0.0016635254596527056
62.35,1.7512932041871616e+18,-2.200301538463821,-2.8179584371147106,0.001765919061809315,0.017757200638562308,4.431520853412811,0.0003701330035634142,0.004326385840031075,-3.2808143199713276e-206,0.0,0.0,0.001765919061809315
62.37500000000001,1.7512932042121618e+18,-2.1982955608299224,-2.8173076383023115,0.001920359179432831,0.015133383152101264,4.4324288887799845,0.0003845475638151725,0.00546167395309392,-1.6458191907115167e-206,0.0,0.0,0.001920359179432831
62.400000000000006,1.7512932042371617e+18,-2.1982942280466657,-2.817303044548845,0.0020938768611138687,0.011077834278434829,4.4324502607823515,0.0005295321677675737,0.005684141737808882,-9.808618121181308e-208,0.0,0.0,0.0020938768611138687
62.425000000000004,1.7512932042621617e+18,-2.1991498890450343,-2.8159155157239293,0.00225083481986519,0.0061360799051882525,4.432464215700904,0.0007342330614901221,0.0051325610342134505,9.118102938977564e-207,0.0,0.0,0.00225083481986519
62.45,1.7512932042871619e+18,-2.1991450647684965,-2.8158987983821855,0.0023652098776284223,0.0007499156417217119,4.432530849664568,0.0009141161245734601,0.004103099488044045,1.266485395467644e-206,0.0,0.0,0.0023652098776284223
62.475,1.7512932043121618e+18,-2.199298814960002,-2.816701826173394,0.002429185829941691,-0.004668430940522694,4.431528560417123,0.001002881949668239,0.0029411715954277776,1.0959798241086276e-206,0.0,0.0,0.002429185829941691
62.50000000000001,1.7512932043371617e+18,-2.199306474284532,-2.8167285003664384,0.002453502792628381,-0.00968169792549841,4.431539024100836,0.0009714064567308195,0.0019248796226983848,6.463400292371691e-207,0.0,0.0,0.002453502792628381
62.525000000000006,1.7512932043621617e+18,-2.2002149904960833,-2.81737873707548,0.002459481617694036,-0.013816580658373486,4.431888281989435,0.0008290180230194314,0.0011820321081267714,1.6029027456248583e-207,0.0,0.0,0.002459481617694036
62.550000000000004,1.7512932043871616e+18,-2.200213784285337,-2.8173745910147963,0.00246721996432412,-0.016606958036876375,4.431950317883963,0.0006124927407213414,0.0006708387626739629,-1.9723483339364037e-207,0.0,0.0,0.00246721996432412
62.575,1.7512932044121618e+18,-2.201789170188775,-2.815129125312764,0.0024860664567738955,-0.017700168186087176,4.431779661863596,0.0003718153430859848,0.00023012024737674019,-3.619520152930086e-207,0.0,0.0,0.0024860664567738955
62.6,1.7512932044371617e+18,-2.2017883672029086,-2.8151263680597003,0.0025114102656682443,-0.017001933721462817,4.431770243169035,0.00015869073705579797,-0.0003222356985051765,-3.533091479162729e-207,0.0,0.0,0.0025114102656682443
62.62500000000001,1.7512932044621617e+18,-2.201648493805477,-2.8167035872198043,0.0025281972432841314,-0.014774609126380754,4.431354082394014,1.873745331893132e-05,-0.0010828767859674055,-2.3766971747508047e-207,0.0,0.0,0.0025281972432841314
62.650000000000006,1.7512932044871619e+18,-2.2016560681380106,-2.8167298628674633,0.0025188279531100925,-0.011585571923672032,4.431426067693401,-1.4575607253237256e-05,-0.0019923686966267064,-9.038871814402374e-208,0.0,0.0,0.0025188279531100925
62.675000000000004,1.7512932045121618e+18,-2.201885455272861,-2.8164335850967706,0.0024719196230588406,-0.00808217646264905,4.431254070519341,7.43304932643872e-05,-0.0028307011720631373,3.098717834957506e-208,0.0,0.0,0.0024719196230588406
62.7,1.7512932045371617e+18,-2.2007976244675262,-2.8167414996860765,0.002388568034950939,-0.004704876749273206,4.432074647374705,0.000278999465681808,-0.003284388990530071,9.812382847404812e-208,0.0,0.0,0.002388568034950939
62.725,1.7512932045621617e+18,-2.2007948122973104,-2.816731790943951,0.0022840205679765966,-0.001532552918123392,4.432104011553982,0.0005716272944152855,-0.003063589295225178,1.1000629309096122e-207,0.0,0.0,0.0022840205679765966
62.75000000000001,1.7512932045871616e+18,-2.2038293164016545,-2.8170993504407127,0.002184487433539589,0.0016033005605094468,4.429674976882497,0.0009100741307256006,-0.0020281152770565505,8.322203723655802e-208,0.0,0.0,0.002184487433539589
62.775000000000006,1.7512932046121618e+18,-2.203832714694731,-2.81711117624867,0.0021201955514794876,0.004789088063875856,4.429672223207236,0.0012479975893527238,-0.00027592491607126624,4.032385762576529e-208,0.0,0.0,0.0021201955514794876
62.800000000000004,1.7512932046371617e+18,-2.1998357438730216,-2.8155317757802116,0.0021163940619067277,0.007731129463004689,4.432078469481507,0.001542608376479802,0.0018415976745899767,6.06513737810515e-210,0.0,0.0,0.0021163940619067277
62.825,1.7512932046621617e+18,-2.199847157609529,-2.8155714139631978,0.0021844008086710615,0.009758213633413905,4.432115874116187,0.0017582015049941299,0.003789910145482357,-2.4713316856354047e-208,0.0,0.0,0.0021844008086710615
62.85,1.7512932046871619e+18,-2.2001207511567387,-2.816313028984277,0.002315323683598324,0.010193307133396378,4.431894652840667,0.0018694283346699385,0.004991024269617302,-3.3027916925984717e-208,0.0,0.0,0.002315323683598324
62.87500000000001,1.7512932047121618e+18,-2.2001216606638514,-2.8163161971593076,0.0024792511092300226,0.008880261431254569,4.431965477228129,0.0018686759584633668,0.004992290565446183,-2.798994478364063e-208,0.0,0.0,0.0024792511092300226
62.900000000000006,1.7512932047371617e+18,-2.199777999859554,-2.8150180207932753,0.0026314979535925656,0.006500412615006752,4.4315326974241,0.0017747993009122507,0.003612016062988144,-1.6074249705342253e-208,0.0,0.0,0.0026314979535925656
62.925000000000004,1.7512932047621617e+18,-2.199785917222189,-2.8150455224735658,0.00272478923663327,0.0044118855654281235,4.4315492601325435,0.0016337236501461402,0.0010146200134759926,-3.5223684508054373e-209,0.0,0.0,0.00272478923663327
62.95,1.7512932047871616e+18,-2.200416254238541,-2.816205203634753,0.002723383666030592,0.004028537866316891,4.43163824048656,0.0015044662783877437,-0.0023113427076508464,5.518057560131281e-209,0.0,0.0,0.002723383666030592
62.975,1.7512932048121618e+18,-2.2004183499966183,-2.8162124913250275,0.002613895180195717,0.006035089591796592,4.431647286556251,0.0014349506258348702,-0.005669201567721009,9.51761550487192e-209,0.0,0.0,0.002613895180195717
63.00000000000001,1.7512932048371617e+18,-2.200999911287254,-2.817365833534886,0.0024088821897553987,0.009845940362766883,4.431730783681285,0.0014401426444385632,-0.00833202310431983,9.080457070091612e-209,0.0,0.0,0.0024088821897553987
63.025000000000006,1.7512932048621617e+18,-2.201009181709191,-2.817397998032933,0.0021425444158569467,0.013626914631489566,4.431765068348213,0.0014948843581040572,-0.009731089039453678,5.972333156164387e-209,0.0,0.0,0.0021425444158569467
63.050000000000004,1.7512932048871619e+18,-2.197558017508163,-2.8181669187377185,0.0018610956886584275,0.014968940479249175,4.43257277965842,0.001546820612297316,-0.009600772183520852,2.1433776339293787e-209,0.0,0.0,0.0018610956886584275
63.075,1.7512932049121618e+18,-2.1975531668734183,-2.818150130448693,0.0016114960973429957,0.012000248983910987,4.432556057013288,0.0015442536763167862,-0.00803897214784679,-9.477105679648834e-210,0.0,0.0,0.0016114960973429957
63.1,1.7512932049371617e+18,-2.1981430075718347,-2.817273265273246,0.001431247097492119,0.00445234649249688,4.432937042323669,0.0014646907471632085,-0.00546742485533247,-2.608041794544094e-209,0.0,0.0,0.001431247097492119
63.12500000000001,1.7512932049621617e+18,-2.198146307057882,-2.8172847591872694,0.001340790425910821,-0.0058894759877251915,4.432921521139953,0.0013284169520606885,-0.0025053318135268713,-2.845344193772972e-209,0.0,0.0,0.001340790425910821
63.150000000000006,1.7512932049871616e+18,-2.201726327265819,-2.81703841561731,0.0013397338012108295,-0.015704093381348743,4.430757289463074,0.0011892029551568146,0.00020555607162734508,-2.108244143984611e-209,0.0,0.0,0.0013397338012108295
63.175000000000004,1.7512932050121618e+18,-2.201724903412798,-2.817033469792685,0.0014079747649937907,-0.021505801774831593,4.430763977381783,0.0011067348867084502,0.0021728994471398614,-9.844483547246364e-210,0.0,0.0,0.0014079747649937907
63.2,1.7512932050371617e+18,-2.2040028061374537,-2.816194716918949,0.0015121111876788573,-0.021260254523307133,4.430071325256749,0.0011155175200791023,0.0031730003954117216,3.359680106841687e-211,0.0,0.0,0.0015121111876788573
63.225,1.7512932050621617e+18,-2.2040022730684456,-2.81619289477609,0.0016161345024164277,-0.015411789596321385,4.4300729035565105,0.0012068708127385929,0.00328403712723564,6.672771293902031e-210,0.0,0.0,0.0016161345024164277
63.25000000000001,1.7512932050871619e+18,-2.198349334889023,-2.81670668304769,0.001693368958320681,-0.00671700764707071,4.432507284679501,0.0013329982280798906,0.0028267311830275474,8.601573229373141e-210,0.0,0.0,0.001693368958320681
63.275000000000006,1.7512932051121618e+18,-2.1983549619096,-2.816726081946237,0.0017350212816458664,0.0011062234398678138,4.43253973468471,0.0014301446701666509,0.00223470332791563,7.139812351152706e-210,0.0,0.0,0.0017350212816458664
63.300000000000004,1.7512932051371617e+18,-2.199256379463003,-2.817182315854173,0.0017513952594047407,0.005227537829904932,4.431875266283498,0.0014487901332789974,0.0018984712481688586,3.988524966100157e-210,0.0,0.0,0.0017513952594047407
63.325,1.7512932051621617e+18,-2.1992598962641323,-2.8171945666808096,0.0017652348772285772,0.005039500673547628,4.431938002107859,0.0013762632330580392,0.002034269064790846,7.508599483845357e-211,0.0,0.0,0.0017652348772285772
63.35,1.7512932051871616e+18,-2.2035661880453516,-2.817078391550308,0.0018006555433267844,0.0022371966482804973,4.429900969711879,0.0012411985785855254,0.0026191148591361004,-1.531873481957494e-210,0.0,0.0,0.0018006555433267844
63.37500000000001,1.7512932052121618e+18,-2.203566261302752,-2.8170786661962195,0.0018728318801530907,-0.0003692798750841916,4.429925693093596,0.001098469532051218,0.0034103279838805078,-2.4985704740005115e-210,0.0,0.0,0.0018728318801530907
63.400000000000006,1.7512932052371617e+18,-2.2002201022211283,-2.8160780863884316,0.001982181732071089,-0.0005763452916713559,4.431755856905228,0.0010031280150818755,0.004039265010273039,-2.3311195191293898e-210,0.0,0.0,0.001982181732071089
63.425000000000004,1.7512932052621617e+18,-2.2002238041195117,-2.816090852425457,0.002114029067500469,0.001965807649647552,4.43173277454097,0.000986078059245604,0.0041452059194966966,-1.4982646160054581e-210,0.0,0.0,0.002114029067500469
63.45,1.7512932052871619e+18,-2.200045299270238,-2.815019124426896,0.002242858605495285,0.005637501584627482,4.432110302688358,0.0010411916542025293,0.003503784978616776,-5.040881035978836e-211,0.0,0.0,0.002242858605495285
63.475,1.7512932053121618e+18,-2.200042344429705,-2.815008894013673,0.002339611237473196,0.007833169416617925,4.4321578294963615,0.0011276703529354538,0.0021082123137800926,2.8215339819527746e-211,0.0,0.0,0.002339611237473196
63.50000000000001,1.7512932053371617e+18,-2.197965702006018,-2.8156579902195733,0.0023800855884808644,0.0064420475354978425,4.432191848000588,0.0011859289768775406,0.00017863805532836337,6.916563114058371e-211,0.0,0.0,0.0023800855884808644
63.525000000000006,1.7512932053621617e+18,-2.1979697580063924,-2.815672092022892,0.002352181374041209,0.0010466092558701658,4.432203679071238,0.0011607647201370874,-0.0019008347649700024,7.350887106644352e-211,0.0,0.0,0.002352181374041209
63.550000000000004,1.7512932053871616e+18,-2.2011879656080944,-2.8177116195605874,0.0022598784278581407,-0.0067299554464654385,4.431417179307816,0.0010233700957992954,-0.0036948281899942324,5.333507711899752e-211,0.0,0.0,0.0022598784278581407
63.575,1.7512932054121618e+18,-2.203397279220794,-2.8164459382809044,0.002122546959927379,-0.013863338746235602,4.429575690944299,0.0007844111510978216,-0.004841587158777998,2.3939105355332774e-211,0.0,0.0,0.002122546959927379
63.6,1.7512932054371617e+18,-2.202480988936684,-2.8155208751052214,0.0019693695556956617,-0.017235902946719353,4.4303325760287535,0.0004927256620999226,-0.005150574721480937,-2.125686529057338e-212,0.0,0.0,0.0019693695556956617
63.62500000000001,1.7512932054621617e+18,-2.2024816001167133,-2.8155229972633062,0.0018304510736812125,-0.014993236193337351,4.430368865811724,0.00021861440515843236,-0.004644090003711389,-1.795504851123051e-211,0.0,0.0,0.0018304510736812125
63.650000000000006,1.7512932054871619e+18,-2.201393442457246,-2.816442672913702,0.001727956606874021,-0.0073157327849098785,4.430562296052678,2.7796603734645898e-05,-0.003533815843896984,-2.237206040105051e-211,0.0,0.0,0.001727956606874021
63.675000000000004,1.7512932055121618e+18,-2.201389757331159,-2.816429970152291,0.0016708354145553185,0.0037288002056521485,4.43055340554036,-4.211194323692505e-05,-0.0021444968648605157,-1.819069933765849e-211,0.0,0.0,0.0016708354145553185
63.7,1.7512932055371617e+18,-2.1974633577314395,-2.8153141905717445,0.0016548245985825833,0.015112213789829524,4.432954060280432,8.53398719322885e-06,-0.0008126373728700336,-9.872668578593942e-212,0.0,0.0,0.0016548245985825833
63.725,1.7512932055621617e+18,-2.1990821770153524,-2.8157756955093727,0.0016668593257167198,0.024033966464823413,4.432316504184062,0.00014896130621858968,0.00020669798831515372,-1.5309793828446316e-212,0.0,0.0,0.0016668593257167198
63.75000000000001,1.7512932055871616e+18,-2.1990697787550575,-2.815732607520977,0.0016914167254738972,0.02878968629121021,4.432379515162131,0.0003369392565671404,0.0007979460791133828,4.224529169868828e-212,0.0,0.0,0.0016914167254738972
63.775000000000006,1.7512932056121618e+18,-2.199061506068962,-2.815703857245154,0.0017161296094535866,0.029008791706698928,4.432421558967537,0.0005368959835025864,0.0009948890047950772,6.548947366001543e-212,0.0,0.0,0.0017161296094535866
63.800000000000004,1.7512932056371617e+18,-2.1974768773364186,-2.8176032607648622,0.0017348409210183352,0.0253398961687828,4.433263601210163,0.0007273614646563309,0.000945377008319033,5.977569046029508e-212,0.0,0.0,0.0017348409210183352
63.825,1.7512932056621617e+18,-2.1980524414404203,-2.81877682994912,0.0017476617627430263,0.018915130585527164,4.432300490599744,0.0008975525808626595,0.0008468888676165105,3.7520781855178157e-212,0.0,0.0,0.0017476617627430263
63.85,1.7512932056871619e+18,-2.1980584471496982,-2.8187977984870844,0.001758980090786891,0.010918914913344622,4.432387222093718,0.0010409172918795263,0.0008750648269214686,1.1739306461619601e-212,0.0,0.0,0.001758980090786891
63.87500000000001,1.7512932057121618e+18,-2.1972743602956597,-2.8162005991159664,0.0017750146451489966,0.0023934342407273823,4.432315669435182,0.0011527964973510416,0.0011263768360945706,-8.234246645498628e-213,0.0,0.0,0.0017750146451489966
63.900000000000006,1.7512932057371617e+18,-2.197274310119351,-2.81620044413181,0.0018019698897041182,-0.00579275983892481,4.432328391700688,0.0012326603297071709,0.0015897864395024435,-1.8304641586554478e-212,0.0,0.0,0.0018019698897041182
63.925000000000004,1.7512932057621617e+18,-2.1999912872688414,-2.8144955759048607,0.0018446531885075845,-0.012955144268533792,4.432586787032935,0.0012867876781069755,0.0021532802244352235,-1.8968719635223193e-212,0.0,0.0,0.0018446531885075845
63.95,1.7512932057871616e+18,-2.1999944762801884,-2.8145066679831627,0.001904884763332862,-0.018636110371316135,4.43263326232344,0.00132832773851723,0.002641963867734313,-1.3473979709940366e-212,0.0,0.0,0.001904884763332862
63.975,1.7512932058121618e+18,-2.198813843830676,-2.815383800734567,0.0019797947573675615,-0.022610707639516257,4.432775149550732,0.001374434722377111,0.0028765914796083413,-5.795716000878293e-213,0.0,0.0,0.0019797947573675615
64.0,1.7512932058371617e+18,-2.198809707592175,-2.8153694219360816,0.0020611849541149934,-0.02477399589491778,4.432750558428596,0.0014406517894419914,0.002736147101962,8.69870550253194e-214,0.0,0.0,0.0020611849541149934
64.025,1.7512932058621617e+18,-2.2027314284139576,-2.8178511644233843,0.002137078364589341,-0.02494505615613249,4.431112141870841,0.001533049342073634,0.002206357236128911,4.816198039205351e-213,0.0,0.0,0.002137078364589341
64.05,1.7512932058871619e+18,-2.202729522674517,-2.8178445468949715,0.0021952598994004076,-0.022742732335228347,4.431133008698101,0.0016415825100398196,0.0013985731144785826,5.811379833538882e-213,0.0,0.0,0.0021952598994004076
64.075,1.7512932059121618e+18,-2.1999825039459004,-2.817532785626864,0.0022273561706581462,-0.017688515869309585,4.430631346209674,0.001740189896696918,0.0005304255673483161,4.628934340091445e-213,0.0,0.0,0.0022273561706581462
64.10000000000001,1.7512932059371617e+18,-2.203143353188792,-2.8165405478093613,0.0022318965402885766,-0.00956030147240534,4.430568463151674,0.0017956585534051508,-0.00013004682991001631,2.4373360793368146e-213,0.0,0.0,0.0022318965402885766
64.125,1.7512932059621617e+18,-2.2021631335903478,-2.816328954488541,0.0022155331636007644,0.0011617609842611684,4.430520046589338,0.001780873563339671,-0.0003438254739319292,2.9060363592209383e-214,0.0,0.0,0.0022155331636007644
64.15,1.7512932059871616e+18,-2.202161951080433,-2.8163249036936153,0.0021922470172143936,0.013036690025343951,4.430363221570026,0.0016852459603909709,1.810150399613871e-05,-1.1583348429608593e-213,0.0,0.0,0.0021922470172143936
64.175,1.7512932060121618e+18,-2.199747287975828,-2.8154517254893303,0.0021805568877502663,0.02383906612650048,4.431649925631527,0.0015178937480363737,0.0009177578502647053,-1.7139362452545305e-213,0.0,0.0,0.0021805568877502663
64.2,1.7512932060371617e+18,-2.195631909178317,-2.8156387177025417,0.002198813267679346,0.03121953263866561,4.433689104079624,0.0013041628432923246,0.002138715473707643,-1.5310380156329182e-213,0.0,0.0,0.002198813267679346
64.22500000000001,1.7512932060621617e+18,-2.195634139514388,-2.815646471182658,0.0022591188910023544,0.033612753101657254,4.433757623970928,0.0010788922903913554,0.003329880480867094,-9.378947270399696e-214,0.0,0.0,0.0022591188910023544
64.25,1.7512932060871619e+18,-2.197958255791854,-2.8167095158946727,0.0023614208102344515,0.030938623792296092,4.433783285441885,0.0008791859993662988,0.004097321044312327,-2.701305957687734e-214,0.0,0.0,0.0023614208102344515
64.275,1.7512932061121618e+18,-2.1979529207587714,-2.816690918433181,0.0024903350167418104,0.024667994330496493,4.433840611941221,0.000737819996858765,0.004119884837607007,2.3662324541451086e-214,0.0,0.0,0.0024903350167418104
64.3,1.7512932061371617e+18,-2.1963312488305853,-2.8155517997355948,0.0026172343464118918,0.01714291331020073,4.432766832996149,0.0006776842341116505,0.0032534122988782123,4.834809300002232e-214,0.0,0.0,0.0026172343464118918
64.325,1.7512932061621617e+18,-2.1963273313795186,-2.8155381435287388,0.002708232696513524,0.010472097015377402,4.4327951577895135,0.0007072605528214769,0.0015885500086599603,4.889157473101877e-214,0.0,0.0,0.002708232696513524
64.35000000000001,1.7512932061871616e+18,-2.1985489774059466,-2.8159896819654824,0.002735504632484129,0.005577589273135987,4.43280671228988,0.0008174291612314017,-0.0005600716777162314,3.3989823712975122e-214,0.0,0.0,0.002735504632484129
64.375,1.7512932062121618e+18,-2.198547139857105,-2.8159833239257255,0.0026870983502656695,0.001893548214960231,4.432807421199261,0.0009816832671317088,-0.0027336806970734524,1.3962018676088295e-214,0.0,0.0,0.0026870983502656695
64.4,1.7512932062371617e+18,-2.1948076134055188,-2.8170979779075136,0.0025710389073859653,-0.0021254937568639665,4.4347992906599885,0.0011625555371532253,-0.004455186086199677,-3.0640620359346e-215,0.0,0.0,0.0025710389073859653
64.425,1.7512932062621617e+18,-2.194805831418204,-2.8170918071187874,0.0024125777656251396,-0.00795033696819577,4.4348171213825545,0.0013235304726509302,-0.005361669918032449,-1.2881671539479778e-214,0.0,0.0,0.0024125777656251396
64.45,1.7512932062871619e+18,-2.19926101291787,-2.8161622607353416,0.002246370764973914,-0.015928788568731953,4.4330824438698215,0.0014400711979327082,-0.005301432918319649,-1.5076822033960373e-214,0.0,0.0,0.002246370764973914
64.47500000000001,1.7512932063121618e+18,-2.199264383445359,-2.816174114962866,0.0021065017910136047,-0.024804140251458943,4.4330838299331266,0.001502174402133259,-0.004365410708001573,-1.1764443418497482e-214,0.0,0.0,0.0021065017910136047
64.5,1.7512932063371617e+18,-2.2001166327803263,-2.814848356817192,0.0020172019400717584,-0.03207594140888066,4.432716612785089,0.001507368179268012,-0.0028451435264334013,-6.000121143294313e-215,0.0,0.0,0.0020172019400717584
64.525,1.7512932063621617e+18,-2.2001040864789023,-2.814804696096525,0.0019868567125997817,-0.03504435528537313,4.432791559835888,0.0014519571129708597,-0.0011341220425425073,-4.8182087713383804e-216,0.0,0.0,0.0019868567125997817
64.55,1.7512932063871616e+18,-2.203286654517356,-2.8162042578552122,0.002007236644066968,-0.032029516876678946,4.430905847155296,0.0013305232092432962,0.0003926427634699237,3.1600657415181885e-215,0.0,0.0,0.002007236644066968
64.575,1.7512932064121618e+18,-2.203281945274294,-2.8161879148640234,0.0020583275495219063,-0.02317798070090959,4.430904980266131,0.0011464509822262546,0.0014808600881287296,4.4790400404283174e-215,0.0,0.0,0.0020583275495219063
64.60000000000001,1.7512932064371617e+18,-2.2010711318824363,-2.8157251962808485,0.002117109777269642,-0.01048818902084008,4.4309970484533245,0.0009257366455687026,0.0020501917413050354,3.916927963853417e-215,0.0,0.0,0.002117109777269642
64.625,1.7512932064621617e+18,-2.1982007947518754,-2.815296634885371,0.0021669322194190132,0.0029291364469029085,4.432288516570432,0.0007213692411951638,0.0021869880924444973,2.339860366540731e-215,0.0,0.0,0.0021669322194190132
64.65,1.7512932064871619e+18,-2.1989668324886917,-2.816050077874441,0.00220336799687478,0.013986989798852155,4.432261522356825,0.0006002927632212241,0.0020866688674465116,6.123607127385197e-216,0.0,0.0,0.00220336799687478
64.675,1.7512932065121618e+18,-2.1989672194313705,-2.816051438361754,0.002233605964048842,0.020620841344099267,4.432260595648069,0.0006161589770305853,0.0019714215365233875,-6.716449338826191e-216,0.0,0.0,0.002233605964048842
64.7,1.7512932065371617e+18,-2.201583300969934,-2.816635076334705,0.0022699559140282937,0.02222247351011522,4.431185357216403,0.0007812942008493246,0.0020130274767701374,-1.2746491920959185e-215,0.0,0.0,0.0022699559140282937
64.72500000000001,1.7512932065621617e+18,-2.1993181383856313,-2.8161092071308644,0.002321840325856297,0.01942189789561793,4.431583259112786,0.0010540992479839211,0.002283403734884903,-1.2587254327102316e-215,0.0,0.0,0.002321840325856297
64.75,1.7512932065871616e+18,-2.199220185179701,-2.8164591008864184,0.0023913269330380115,0.013506447567957242,4.43265740929912,0.0013514009402514058,0.0027418178926624957,-8.56147338621976e-216,0.0,0.0,0.0023913269330380115
64.775,1.7512932066121618e+18,-2.1980105440884796,-2.817985565429611,0.002474049044616828,0.005910545855069743,4.432614818232942,0.0015824662015187574,0.0032546318833173767,-3.3445210747900673e-216,0.0,0.0,0.002474049044616828
64.8,1.7512932066371617e+18,-2.19801164556884,-2.8179894365024785,0.002563206898258252,-0.0019828592446782616,4.432628041484561,0.0016892452111852247,0.003635985313291995,9.993535283672852e-217,0.0,0.0,0.002563206898258252
64.825,1.7512932066621617e+18,-2.200141481825359,-2.816420416768772,0.002652767714498586,-0.0088349264976099,4.431379331385026,0.0016721843684309407,0.0036969755530313134,3.436267725399162e-216,0.0,0.0,0.002652767714498586
64.85000000000001,1.7512932066871619e+18,-2.2001486574649944,-2.8164454187959547,0.002737693176995558,-0.01342652873557254,4.43142184002761,0.001586761876797494,0.003293768408801831,3.906682445166312e-216,0.0,0.0,0.002737693176995558
64.875,1.7512932067121618e+18,-2.201707675096695,-2.8128159103359263,0.0028118106899806027,-0.01496789051233664,4.431503754887469,0.0015121329837749743,0.002367704069681261,2.986129419166955e-216,0.0,0.0,0.0028118106899806027
64.9,1.7512932067371617e+18,-2.2017194442249797,-2.8128566984094676,0.0028655369122367875,-0.013478775036861143,4.4315958263241555,0.0015105130398488477,0.0009707806488142372,1.4725089214020064e-216,0.0,0.0,0.0028655369122367875
64.925,1.7512932067621617e+18,-2.1987697284281884,-2.8173391528094602,0.0028857408875723614,-0.009893311470483444,4.431960520264882,0.0016008783372340268,-0.0007309263154027963,5.561688719842205e-218,0.0,0.0,0.0028857408875723614
64.95,1.7512932067871616e+18,-2.1987673865131767,-2.817331090404054,0.0028591197188754846,-0.00568762797276826,4.431987576399097,0.0017590986915131742,-0.0024820453708785085,-8.582484241599452e-217,0.0,0.0,0.0028591197188754846
64.97500000000001,1.7512932068121618e+18,-2.2008794739317556,-2.8152408132268487,0.0027785294685198116,-0.0021944569649343126,4.431500093988033,0.0019384911864246588,-0.003990989803188196,-1.1688628325224486e-216,0.0,0.0,0.0027785294685198116
65.0,1.7512932068371617e+18,-2.200888594329817,-2.8152724350829588,0.0026492287306999003,-3.453830667830584e-05,4.431589950972988,0.0020941734158150885,-0.005001242137866251,-1.000919542365888e-216,0.0,0.0,0.0026492287306999003
65.025,1.7512932068621617e+18,-2.200793859154026,-2.815953965001726,0.0024908287553621834,0.0009773343360701136,4.431342270870809,0.002197481623865081,-0.005360693117298858,-5.825432089820176e-217,0.0,0.0,0.0024908287553621834
65.05,1.7512932068871619e+18,-2.2008012645503756,-2.8159796594684754,0.0023324518214398043,0.0014385336219831484,4.43131570011313,0.002237290437562115,-0.005064929366197735,-1.3616852576512068e-217,0.0,0.0,0.0023324518214398043
65.075,1.7512932069121618e+18,-2.20173981155961,-2.8160507041287506,0.002202398966631452,0.0018003174737025432,4.430609771525882,0.0022133237383710185,-0.004256521328383308,1.8873085231676736e-217,0.0,0.0,0.002202398966631452
65.10000000000001,1.7512932069371617e+18,-2.1996985175705754,-2.8160734660806876,0.0021171343556124094,0.002047580467738533,4.431320245116218,0.002128182918990646,-0.0031777100028772924,3.3545622625680523e-217,0.0,0.0,0.0021171343556124094
65.125,1.7512932069621617e+18,-2.199692679130188,-2.8160533170447626,0.0020755163263038523,0.0018069601010321475,4.431315077608234,0.0019827183657525286,-0.0020922233281043742,3.236913030394932e-217,0.0,0.0,0.0020755163263038523
65.15,1.7512932069871616e+18,-2.200188478337796,-2.8162723177904465,0.002061863196901194,0.0007560779821694862,4.431603050775285,0.0017769901262399653,-0.0012046734052212817,2.153120219567261e-217,0.0,0.0,0.002061863196901194
65.175,1.7512932070121618e+18,-2.2001920128158847,-2.8162845656036666,0.0020562332538076765,-0.0009807823594846492,4.431646491561564,0.0015164074272476069,-0.0006067451902100969,7.959649726685531e-218,0.0,0.0,0.0020562332538076765
65.2,1.7512932070371617e+18,-2.2009408673711737,-2.817127468346643,0.002045467039674596,-0.0027277169931782053,4.431323470762985,0.0012195289140312468,-0.0002677237083833065,-3.1096186580616253e-218,0.0,0.0,0.002045467039674596
65.22500000000001,1.7512932070621617e+18,-2.2009428944577105,-2.817134521013439,0.0020282329241712712,-0.0035236092651518016,4.431371968660171,0.0009223017272992282,-6.856424493602322e-05,-9.14391621001291e-218,0.0,0.0,0.0020282329241712712
65.25,1.7512932070871619e+18,-2.202355659333893,-2.81608604776832,0.0020122002527200402,-0.002611219722030212,4.430658880424408,0.000674301451066585,0.00013762664684826596,-1.0110745376058073e-217,0.0,0.0,0.0020122002527200402
65.275,1.7512932071121618e+18,-2.2023462312132636,-2.816053517616605,0.0020071922533454385,0.0001424929424076745,4.430705872998345,0.0005256711928111201,0.0004633130478365466,-7.569708857862837e-218,0.0,0.0,0.0020071922533454385
65.3,1.7512932071371617e+18,-2.198515131152337,-2.8181020716167,0.0020197545315919284,0.004155520799441964,4.43189746848644,0.0005089587986990278,0.0009439641552936798,-3.601469273326421e-218,0.0,0.0,0.0020197545315919284
65.325,1.7512932071621617e+18,-2.1985107130045236,-2.8180868358310383,0.0020516349201705744,0.008421936326165266,4.431920212742572,0.0006251763909962948,0.0015263811758745452,3.241931139677302e-220,0.0,0.0,0.0020516349201705744
65.35000000000001,1.7512932071871616e+18,-2.2005048539176553,-2.817819874684861,0.0021009451783404287,0.011977016264557983,4.431234451459703,0.0008423406924393542,0.00208720269083466,2.321612424459892e-218,0.0,0.0,0.0021009451783404287
65.375,1.7512932072121618e+18,-2.200501733319361,-2.8178090688910435,0.002163435485729736,0.014212627736296796,4.431214498666712,0.0011065212868948838,0.0024720663884933145,3.046136076666958e-218,0.0,0.0,0.002163435485729736
65.4,1.7512932072371617e+18,-2.198904798733009,-2.8157191706221725,0.002232558548143126,0.014852610022799235,4.432334284439591,0.0013577661249433316,0.002542057786486391,2.5547078127727665e-218,0.0,0.0,0.002232558548143126
65.425,1.7512932072621617e+18,-2.1988986474970904,-2.815697903232364,0.0022990683467629387,0.013683574963025268,4.432384837774478,0.0015434790889516294,0.002214608258658016,1.447139397596324e-218,0.0,0.0,0.0022990683467629387
65.45,1.7512932072871619e+18,-2.1993967376926378,-2.8160091377445604,0.0023517399257675575,0.010349582647405575,4.432267646232713,0.00162741842485274,0.0014892964758277734,2.950831289244921e-219,0.0,0.0,0.0023517399257675575
65.47500000000001,1.7512932073121618e+18,-2.1988901427905523,-2.8190888197599087,0.0023797869271285975,0.00448435916190388,4.431997707614775,0.0015957860755804725,0.00045358409163991705,-5.258819673672432e-219,0.0,0.0,0.0023797869271285975
65.5,1.7512932073371617e+18,-2.198890787166612,-2.8190910846637816,0.0023760800514095377,-0.003816235167279879,4.432010347470285,0.0014605037931695228,-0.0007316427533292316,-8.81355096517629e-219,0.0,0.0,0.0023760800514095377
65.525,1.7512932073621617e+18,-2.198891216648263,-2.8190925942398284,0.00233972799315015,-0.0134870036031913,4.43201877203226,0.0012575973735547766,-0.0018625795057807602,-8.314478630792046e-219,0.0,0.0,0.00233972799315015
65.55,1.7512932073871616e+18,-2.2013183556007303,-2.818031729134278,0.0022768099773357456,-0.022371518658822163,4.431274581436185,0.0010391128897320751,-0.002732019669234173,-5.40603089493582e-219,0.0,0.0,0.0022768099773357456
65.575,1.7512932074121618e+18,-2.201323535246999,-2.8180497133910785,0.0021986645442942532,-0.027737460596042623,4.431271701682983,0.0008601822971724755,-0.003169907580883526,-1.8800056442277e-219,0.0,0.0,0.0021986645442942532
65.60000000000001,1.7512932074371617e+18,-2.206002421058358,-2.8171248690357418,0.0021184146410265867,-0.027319367339845437,4.429672322126503,0.0007660095875169211,-0.003077858230552993,9.372807572855063e-220,0.0,0.0,0.0021184146410265867
65.625,1.7512932074621617e+18,-2.2029701033511775,-2.8168146200654633,0.002047755478294398,-0.020422113914212833,4.43065929772612,0.0007829040991988588,-0.0024524204081401942,2.4276192426931714e-219,0.0,0.0,0.002047755478294398
65.65,1.7512932074871619e+18,-2.2003746048692925,-2.8163318231268004,0.0019957830671806795,-0.008490736387485041,4.432594705016843,0.0009133573447982338,-0.0013934832100903325,2.613620967629667e-219,0.0,0.0,0.0019957830671806795
65.675,1.7512932075121618e+18,-2.2003806711773994,-2.816352972953444,0.001969548239732536,0.005223806188296866,4.43263534876319,0.001133632242304155,-9.51185000672168e-05,1.9163181700065464e-219,0.0,0.0,0.001969548239732536
65.7,1.7512932075371617e+18,-2.201446083374935,-2.8148162996291157,0.001974237403579984,0.0168090756975498,4.431000477953159,0.0013961024687222045,0.0011829680211401495,8.775510323673078e-220,0.0,0.0,0.001974237403579984
65.72500000000001,1.7512932075621617e+18,-2.1979962355151494,-2.817001942028228,0.002011394082974076,0.023138100782498165,4.431859015794821,0.0016409459432545426,0.0021628055119986655,-5.33599007906344e-221,0.0,0.0,0.002011394082974076
65.75,1.7512932075871616e+18,-2.1979852486045033,-2.8169639704289895,0.002075870324195998,0.022980273417847717,4.431816119427285,0.0018163797111883447,0.0026088490383432785,-6.2574439053686006e-220,0.0,0.0,0.002075870324195998
65.775,1.7512932076121618e+18,-2.199299268074858,-2.8171719253283842,0.0021540018752599275,0.017318140074569086,4.432190789552397,0.0018975800215409028,0.0023899031727346266,-7.92791290505311e-220,0.0,0.0,0.0021540018752599275
65.8,1.7512932076371617e+18,-2.199295210365101,-2.817157871741377,0.00222524095487746,0.008777650773472078,4.432270989487934,0.0018919817511507627,0.001524883989802499,-6.5127591314210485e-220,0.0,0.0,0.00222524095487746
65.825,1.7512932076621617e+18,-2.2025980139461043,-2.8148724499849296,0.0022674736183384446,0.0004557521474248768,4.431093019072712,0.0018274554297097766,0.00019473188899454027,-3.586492966743012e-220,0.0,0.0,0.0022674736183384446
65.85000000000001,1.7512932076871619e+18,-2.1992426655447206,-2.8149181837217356,0.002264133145266425,-0.0053288541415034705,4.432458517416622,0.0017329690133166902,-0.001290216359107051,-6.165713781423372e-221,0.0,0.0,0.002264133145266425
65.875,1.7512932077121618e+18,-2.199243184904939,-2.8149199957540656,0.0022103296875257907,-0.00781695961216375,4.432499487075697,0.001626048585798263,-0.0025647340009969525,1.4548758160214518e-220,0.0,0.0,0.0022103296875257907
65.9,1.7512932077371617e+18,-2.1992439642284354,-2.81492271479048,0.0021156475781704633,-0.007809196589230145,4.43256096390059,0.0015132195451043038,-0.003307061103517914,2.311893635090503e-220,0.0,0.0,0.0021156475781704633
65.925,1.7512932077621617e+18,-2.2001259278298013,-2.8169495833597704,0.0020023843075590055,-0.006968478119823958,4.432114589334782,0.0013978442834367984,-0.0033318833627986725,2.1332549855895967e-220,0.0,0.0,0.0020023843075590055
65.95,1.7512932077871616e+18,-2.200133464061918,-2.816975831802649,0.0018993653282346852,-0.006849166413320249,4.432135631275923,0.001286007818078861,-0.0026470130115177856,1.3550203738814808e-220,0.0,0.0,0.0018993653282346852
65.97500000000001,1.7512932078121618e+18,-2.2012172001903654,-2.816255370996672,0.0018329455078202955,-0.00815928646526145,4.431037038847455,0.0011868796917158186,-0.0014526471685387219,4.4007142639554827e-221,0.0,0.0,0.0018329455078202955
66.0,1.7512932078371617e+18,-2.201058280412975,-2.8172661054943675,0.0018181464903643104,-0.010559788130505586,4.430994270561509,0.0011111034622676777,-8.072222613625626e-05,-2.7607769805898293e-221,0.0,0.0,0.0018181464903643104
66.025,1.7512932078621617e+18,-2.201865830206829,-2.814611507368229,0.001853419903776848,-0.012983022261182415,4.431587674583257,0.0010710894114285092,0.0011072089730632779,-6.4312500243664235e-221,0.0,0.0,0.001853419903776848
66.05,1.7512932078871619e+18,-2.2018515367022133,-2.81456214211318,0.001921542169387144,-0.01421849905008261,4.43167475350176,0.00108123937460324,0.0018300335175395986,-6.748273840019506e-221,0.0,0.0,0.001921542169387144
66.075,1.7512932079121618e+18,-2.2010176925819365,-2.814912037927522,0.0019966070759676454,-0.013464681479968437,4.431727077973909,0.0011525714187654308,0.00196838191158885,-4.844584172968133e-221,0.0,0.0,0.0019966070759676454
66.10000000000001,1.7512932079371617e+18,-2.203138738829752,-2.816823589725904,0.0020541799967434835,-0.010640088311253945,4.430332553025529,0.001280779309191244,0.0015908557962318695,-2.1293816572155955e-221,0.0,0.0,0.0020541799967434835
66.125,1.7512932079621617e+18,-2.2031395896015677,-2.816826561769619,0.0020802096847980824,-0.00638706238635041,4.430328139866212,0.0014352187431414653,0.0009187534354426133,2.5262751127836808e-222,0.0,0.0,0.0020802096847980824
66.15,1.7512932079871616e+18,-2.2016997200551516,-2.815417263744481,0.0020751092229139077,-0.001813101197998049,4.430725991936445,0.0015595279451461894,0.0002444261653190348,1.681041452020731e-221,0.0,0.0,0.0020751092229139077
66.175,1.7512932080121618e+18,-2.20170441229285,-2.8154334679806077,0.002051785660608204,0.0019200315047142949,4.430700165126874,0.0015890147819154722,-0.00016672786660760656,2.0606630052024896e-221,0.0,0.0,0.002051785660608204
66.2,1.7512932080371617e+18,-2.200982023972546,-2.816395676209371,0.0020290159695880478,0.004014004821065492,4.430976150137612,0.0014798770475520264,-0.0001576564887294795,1.65829730082298e-221,0.0,0.0,0.0020290159695880478
66.22500000000001,1.7512932080621617e+18,-2.2009786661410575,-2.8163840794910677,0.0020234329315322354,0.004304905004354447,4.43099344922833,0.0012368054397569163,0.0002795992760407997,8.866057544935069e-222,0.0,0.0,0.0020234329315322354
66.25,1.7512932080871619e+18,-2.2031286946963884,-2.81548460372397,0.0020437228981739627,0.0032770656015437957,4.431536166408421,0.0009227939134182476,0.0010117532766681263,1.2186041658461874e-222,0.0,0.0,0.0020437228981739627
66.275,1.7512932081121618e+18,-2.203132698087391,-2.8154984995604506,0.0020891871173200458,0.0018215964438442398,4.431580530802515,0.0006413741925927062,0.0018124204909890876,-4.000227939114885e-222,0.0,0.0,0.0020891871173200458
66.3,1.7512932081371617e+18,-2.2004872829164706,-2.815179505195015,0.002152351193412927,0.0008781560317028794,4.4320867988731845,0.0004963459638524546,0.0024316816515286273,-6.055012940018454e-222,0.0,0.0,0.002152351193412927
66.325,1.7512932081621617e+18,-2.200488144038516,-2.8151825103111334,0.0022231882448132943,0.0011500818411733084,4.432097151995093,0.000548357391836163,0.002665593669573275,-5.467048518794286e-222,0.0,0.0,0.0022231882448132943
66.35000000000001,1.7512932081871616e+18,-2.201239798329642,-2.8167922749448002,0.0022919846951284686,0.0029878924676315145,4.431414969761233,0.0007899397729674022,0.0024081468134227067,-3.3902562368448157e-222,0.0,0.0,0.0022919846951284686
66.375,1.7512932082121618e+18,-2.2012391947787755,-2.816790193278916,0.0023495005868905618,0.00637821082743818,4.431385492502963,0.001149311271171343,0.0016752735288875342,-1.019021316740506e-222,0.0,0.0,0.0023495005868905618
66.4,1.7512932082371617e+18,-2.2015938699990474,-2.8154636785746154,0.0023858789509755723,0.010911193019038824,4.431815931549929,0.0015182622284880148,0.0005977230093574606,7.99107695299139e-223,0.0,0.0,0.0023858789509755723
66.425,1.7512932082621617e+18,-2.2015853360131414,-2.815434121803187,0.002391262274624392,0.015697542609064006,4.431865807234011,0.0017903411828065323,-0.0006142225742812751,1.7003264052705433e-222,0.0,0.0,0.002391262274624392
66.45,1.7512932082871619e+18,-2.19818580827687,-2.8163193830361024,0.00235954447948756,0.019366419321645057,4.4317533684637525,0.0018943315761411658,-0.001725750447865509,1.7403575469898625e-222,0.0,0.0,0.00235954447948756
66.47500000000001,1.7512932083121618e+18,-2.198182324872835,-2.8163073257165596,0.0022932367871151757,0.020316067391732452,4.431786426646681,0.0018123043278357792,-0.00253882604501125,1.222999181065014e-222,0.0,0.0,0.0022932367871151757
66.5,1.7512932083371617e+18,-2.200997358296851,-2.8179305309792717,0.002205243521228085,0.01724095653025445,4.43197966658145,0.0015787382158104612,-0.002943182479089627,5.1428431067878876e-223,0.0,0.0,0.002205243521228085
66.525,1.7512932083621617e+18,-2.19933421140444,-2.8183082661101806,0.002114802437122192,0.009750056326912601,4.4318192205145674,0.0012642886665360801,-0.0029413187913145265,-9.451397229143727e-224,0.0,0.0,0.002114802437122192
66.55,1.7512932083871616e+18,-2.1993161797202436,-2.818245737912362,0.002039192191102913,-0.0012093437383882517,4.4318206612407245,0.0009516970041761478,-0.0026385763972726225,-4.502524093385889e-223,0.0,0.0,0.002039192191102913
66.575,1.7512932084121618e+18,-2.1993094221782665,-2.818222320357753,0.001986353927225681,-0.013354842936668844,4.431841895257211,0.0007113101324349486,-0.002200732671954435,-5.349417980156723e-223,0.0,0.0,0.001986353927225681
66.60000000000001,1.7512932084371617e+18,-2.2009860529080294,-2.8167063122838143,0.0019529506100996637,-0.023583277177708663,4.432037603267581,0.000582100427121794,-0.0017933442905358247,-4.217196397270085e-223,0.0,0.0,0.0019529506100996637
66.625,1.7512932084621617e+18,-2.2040441462357627,-2.814876601181161,0.0019283309856300086,-0.028893964115141228,4.430636166385632,0.0005631616460809015,-0.0015240222829414807,-2.1857670861541954e-223,0.0,0.0,0.0019283309856300086
66.65,1.7512932084871619e+18,-2.2040555008349947,-2.814916045426543,0.0019013412236589678,-0.02742976268376811,4.430643085078767,0.0006188741707596094,-0.0014075841241296154,-2.1882534297530845e-224,0.0,0.0,0.0019013412236589678
66.675,1.7512932085121618e+18,-2.2018182625381275,-2.8157887124354684,0.0018662783128335205,-0.019218940816045343,4.431389175098122,0.0006959862696690563,-0.0013651557873560895,1.0939702930818218e-223,0.0,0.0,0.0018662783128335205
66.7,1.7512932085371617e+18,-2.2018233068279356,-2.8158061585263505,0.0018255292835286036,-0.00625293695501604,4.431392613751665,0.0007452671709817242,-0.0012558830672918934,1.583499336416146e-223,0.0,0.0,0.0018255292835286036
66.72500000000001,1.7512932085621617e+18,-2.199464399246831,-2.8177335464975743,0.0017881593142012862,0.008177047549058652,4.43164830246363,0.0007390841602140497,-0.0009292596734338482,1.3994680984687917e-223,0.0,0.0,0.0017881593142012862
66.75,1.7512932085871616e+18,-2.199457381545109,-2.817709252547896,0.0017655873661048599,0.020573316515214785,4.431621495344212,0.0006796087213785579,-0.0002809297353632092,8.466347486121607e-224,0.0,0.0,0.0017655873661048599
66.775,1.7512932086121618e+18,-2.2024747708535015,-2.8180585971704133,0.0017669961540014427,0.028233225338716163,4.430026049049751,0.0005963950617935129,0.0007042005581169291,2.3283345513363376e-224,0.0,0.0,0.0017669961540014427
66.8,1.7512932086371617e+18,-2.202469525470048,-2.818040423739467,0.001797048233480214,0.0297824539992583,4.430060338258013,0.0005346915381073991,0.0019326751851057517,-2.281458108214804e-224,0.0,0.0,0.001797048233480214
66.825,1.7512932086621617e+18,-2.196728994063882,-2.8178158845508148,0.0018564882319294517,0.025233555895476625,4.432595674659408,0.0005381891555194503,0.003211954903317494,-4.486836250438463e-224,0.0,0.0,0.0018564882319294517
66.85000000000001,1.7512932086871619e+18,-2.1967300003895733,-2.8178193622117758,0.0019438453186516685,0.015812980464309803,4.432633075748967,0.0006320047244684487,0.004287929836721887,-4.483155215681489e-224,0.0,0.0,0.0019438453186516685
66.875,1.7512932087121618e+18,-2.1995225115311925,-2.816037700871184,0.0020557508013779933,0.003729196938347933,4.432837545454348,0.000811702927519206,0.004904601598121237,-3.0828645838655133e-224,0.0,0.0,0.0020557508013779933
66.9,1.7512932087371617e+18,-2.1995283948515234,-2.8160581846820563,0.0021849272861536725,-0.008179593814953055,4.4328706408314265,0.001042078873815975,0.004874483209345177,-1.2355310147378658e-224,0.0,0.0,0.0021849272861536725
66.925,1.7512932087621617e+18,-2.2013497894044334,-2.8168900369741063,0.002317503763074744,-0.017068992433309612,4.432765346450118,0.0012666336197844502,0.004142501153769404,3.186185038626314e-225,0.0,0.0,0.002317503763074744
66.95,1.7512932087871616e+18,-2.2013514965095227,-2.816895998369209,0.002432879673396912,-0.020951861730503705,4.432766505110582,0.0014251982083527044,0.002822654646951834,1.2026358638972975e-224,0.0,0.0,0.002432879673396912
66.97500000000001,1.7512932088121618e+18,-2.2032880364508847,-2.818177899549174,0.0025082852940423203,-0.019474180264367577,4.431579920658459,0.0014737637062637212,0.0011891705024863702,1.3869755774821091e-224,0.0,0.0,0.0025082852940423203
67.0,1.7512932088371617e+18,-2.2018762332281154,-2.8156514510093333,0.002527053436927898,-0.014149220757229538,4.431966758821021,0.0013999512775762397,-0.00038507552145861026,1.0711203037117298e-224,0.0,0.0,0.002527053436927898
67.025,1.7512932088621617e+18,-2.201883191261299,-2.815675654079006,0.00248692958019524,-0.007791430891963703,4.432018987049247,0.0012297603920597318,-0.001531948873636254,5.372639425388179e-225,0.0,0.0,0.00248692958019524
67.05,1.7512932088871619e+18,-2.1984595465048753,-2.8167924607995096,0.002404167047900863,-0.0033027024322471684,4.433532363839241,0.0010231723667120027,-0.0020033125836827715,3.1939789589050493e-226,0.0,0.0,0.002404167047900863
67.075,1.7512932089121618e+18,-2.198621310421119,-2.8158151982520976,0.002310428451639186,-0.00234247099774876,4.433379507740915,0.0008577791787071542,-0.00175728518306148,-2.977580414170727e-225,0.0,0.0,0.002310428451639186
67.10000000000001,1.7512932089371617e+18,-2.202622137530575,-2.816730461299912,0.002242154908624947,-0.004544644915253186,4.432599364880401,0.000803877659205027,-0.0009791739151665847,-4.135221399518835e-225,0.0,0.0,0.002242154908624947
67.125,1.7512932089621617e+18,-2.202616712573602,-2.8167115509103815,0.00222580072299463,-0.007727260243622156,4.432602353837078,0.0009003375016497306,-2.2023440585088096e-05,-3.5782388490551016e-225,0.0,0.0,0.00222580072299463
67.15,1.7512932089871616e+18,-2.203647552313063,-2.8160781039521146,0.0022655557724958002,-0.009042456878195139,4.431384420674581,0.001142112595223274,0.0007171151965941511,-2.110028757751813e-225,0.0,0.0,0.0022655557724958002
67.175,1.7512932090121618e+18,-2.2036407920483203,-2.816054604355757,0.0023401894761120594,-0.006492480878071201,4.431390687289404,0.001484471502471974,0.000940947417275867,-5.2307479552326746e-226,0.0,0.0,0.0023401894761120594
67.2,1.7512932090371617e+18,-2.201499934688925,-2.8154463926733917,0.0024115663934264255,-1.0253049647694035e-05,4.431910936320897,0.0018599761948158748,0.000559747994652437,6.441605264032968e-226,0.0,0.0,0.0024115663934264255
67.22500000000001,1.7512932090621617e+18,-2.201502860609886,-2.8154565691516225,0.002441524303152128,0.008468675775158661,4.431906640322509,0.002199015831313913,-0.00028095119328400863,1.1818500056379343e-225,0.0,0.0,0.002441524303152128
67.25,1.7512932090871619e+18,-2.198631266027517,-2.81715695234828,0.002409469344382379,0.01595646404975835,4.4334894382518915,0.0024462156936866874,-0.0012650818221093792,1.153536191760397e-225,0.0,0.0,0.002409469344382379
67.275,1.7512932091121618e+18,-2.198632716812038,-2.8171620095966996,0.002322189010951634,0.019846946349112327,4.433539816494763,0.0025697834220898053,-0.0020368220225076535,7.75919102693798e-226,0.0,0.0,0.002322189010951634
67.3,1.7512932091371617e+18,-2.1998745278828005,-2.815802826752088,0.0022105768059518882,0.019071050981719066,4.432930239005966,0.002564087063648231,-0.0023431014922438162,2.950348664536426e-226,0.0,0.0,0.0022105768059518882
67.325,1.7512932091621617e+18,-2.1998668603123064,-2.815776117098677,0.0021143794914393567,0.014417816651658862,4.432973813562089,0.0024467489868151096,-0.002129158070404321,-1.0123859875646894e-226,0.0,0.0,0.0021143794914393567
67.35000000000001,1.7512932091871616e+18,-2.2006982736794587,-2.8162571374876513,0.0020627094578323027,0.007949553102420603,4.433081939768522,0.0022519830514667045,-0.0015498744364079243,-3.2040743007370573e-226,0.0,0.0,0.0020627094578323027
67.375,1.7512932092121618e+18,-2.200693512209737,-2.816240589142501,0.0020606750752884444,0.0019121826721831047,4.433083932128181,0.002022251824762988,-0.0008966140365460932,-3.5917288894812926e-226,0.0,0.0,0.0020606750752884444
67.4,1.7512932092371617e+18,-2.1997497289516565,-2.8162377038120914,0.002088959975246152,-0.0022533003548293623,4.433094857235984,0.0018000612691406437,-0.000474524038709861,-2.7170208246148807e-226,0.0,0.0,0.002088959975246152
67.425,1.7512932092621617e+18,-2.1997526275724795,-2.8162478251012297,0.002115677141249096,-0.004336410865012147,4.4331218266295505,0.001621214603818404,-0.0004829847857748418,-1.3163230971482996e-226,0.0,0.0,0.002115677141249096
67.45,1.7512932092871619e+18,-2.199677601059644,-2.814850254013925,0.002113080372256239,-0.005123869707597464,4.434097202469976,0.0015106551593296875,-0.0009455548580705032,-1.958438151003348e-228,0.0,0.0,0.002113080372256239
67.47500000000001,1.7512932093121618e+18,-2.1996860795039694,-2.814879827196804,0.002069742530544056,-0.005755995214205624,4.43415506503624,0.0014813024729209414,-0.0017107612850590023,8.0701941496573035e-227,0.0,0.0,0.002069742530544056
67.5,1.7512932093371617e+18,-2.200833961511843,-2.8156750393339314,0.0019925594098907273,-0.0070568632701788064,4.432359499606605,0.0015346199319150808,-0.002514892473315746,1.0783945820763334e-226,0.0,0.0,0.0019925594098907273
67.525,1.7512932093621617e+18,-2.2008278678603275,-2.8156538522207857,0.0018996081100476436,-0.009133128447775862,4.432327053512646,0.0016608667325730122,-0.0030764891999103426,9.13833396727133e-227,0.0,0.0,0.0018996081100476436
67.55,1.7512932093871616e+18,-2.201180630999386,-2.816094326400977,0.0018097818114784817,-0.011343378367700113,4.4323768329914355,0.001838198035763808,-0.0031868735298625126,5.247527211512056e-227,0.0,0.0,0.0018097818114784817
67.575,1.7512932094121618e+18,-2.2011818824156557,-2.8160986856845063,0.0017354608046842592,-0.012579457713518686,4.432422771595991,0.0020316460729460613,-0.002770114364490946,1.1493507688429004e-227,0.0,0.0,0.0017354608046842592
67.60000000000001,1.7512932094371617e+18,-2.200478333955949,-2.8140217762820243,0.0016812006973319698,-0.01173220329559286,4.433587399945717,0.0021943496714305483,-0.0019013152717316758,-1.8021211661575624e-227,0.0,0.0,0.0016812006973319698
67.625,1.7512932094621617e+18,-2.2022445824745875,-2.8143472552759996,0.001647275637408718,-0.008202897069379463,4.432482617446457,0.002273768593161,-0.0007854692570350445,-3.107684870420916e-227,0.0,0.0,0.001647275637408718
67.65,1.7512932094871619e+18,-2.20224331456331,-2.8143428513844504,0.0016341028596604237,-0.002305210779359915,4.432503053407631,0.00222427817692759,0.00029388881979042355,-2.964710712785775e-227,0.0,0.0,0.0016341028596604237
67.675,1.7512932095121618e+18,-2.202242461982885,-2.8143398900796446,0.001643337987500514,0.004627732892420772,4.432516795142405,0.002024362711696483,0.001045088194980347,-1.949773425434998e-227,0.0,0.0,0.001643337987500514
67.7,1.7512932095371617e+18,-2.2005241246238025,-2.8144705127311047,0.0016741648262117894,0.010589859386619131,4.433910559072418,0.001692403931691045,0.001245602875483178,-6.995944270497689e-228,0.0,0.0,0.0016741648262117894
67.72500000000001,1.7512932095621617e+18,-2.198852062769563,-2.816667005610602,0.0017176605806470467,0.013698397511179291,4.433388939423901,0.0012914710041572563,0.0008110414099243521,3.095936087930709e-228,0.0,0.0,0.0017176605806470467
67.75,1.7512932095871616e+18,-2.1988436731984833,-2.8166377294454037,0.0017548115179317047,0.013158926183198359,4.433427652983269,0.0009144641532682897,-0.00016291621959388166,8.516068892313604e-228,0.0,0.0,0.0017548115179317047
67.775,1.7512932096121618e+18,-2.1986236771205188,-2.8165013877259146,0.0017619915856455553,0.009887709526777188,4.433711924506847,0.0006502395313891265,-0.0014038908837085667,9.290070914513313e-228,0.0,0.0,0.0017619915856455553
67.8,1.7512932096371617e+18,-2.1986198329477493,-2.816488009622271,0.0017222899930368883,0.006304879909749649,4.433699653283593,0.0005457381896700814,-0.002520800066699436,6.88293229319518e-228,0.0,0.0,0.0017222899930368883
67.825,1.7512932096621617e+18,-2.2025891960470636,-2.816607224204175,0.00163625726693221,0.005181305398092166,4.432421375070788,0.0005868486140588026,-0.003108555880635824,3.2135694532344937e-228,0.0,0.0,0.00163625726693221
67.85000000000001,1.7512932096871619e+18,-2.2025914217908737,-2.816615018752882,0.0015253684807683056,0.007996843228421533,4.432460323077093,0.000711488828888116,-0.0028720181576977312,-1.1025121905892802e-229,0.0,0.0,0.0015253684807683056
67.875,1.7512932097121618e+18,-2.20472991743826,-2.8158667873650236,0.0014257855363715756,0.013717253812440818,4.430965175766552,0.0008466946561993795,-0.0017292351132627989,-2.178982372711747e-228,0.0,0.0,0.0014257855363715756
67.9,1.7512932097371617e+18,-2.1944294876214694,-2.816339158988658,0.0013753546493181178,0.01886679463740819,4.434500076947435,0.000945570627041911,0.00014399723318649635,-2.808486858372253e-228,0.0,0.0,0.0013753546493181178
67.925,1.7512932097621617e+18,-2.19442582350071,-2.816326502083472,0.001399729227972982,0.01913666725927721,4.4345117281238995,0.0010030861116896073,0.0023484550160419162,-2.331041335275839e-228,0.0,0.0,0.001399729227972982
67.95,1.7512932097871616e+18,-2.194420206129768,-2.816307098102022,0.0015031110009724347,0.011817871646449348,4.4345295902480615,0.0010464202869246877,0.004367551734044297,-1.3020652229604834e-228,0.0,0.0,0.0015031110009724347
67.97500000000001,1.7512932098121618e+18,-2.198798834878578,-2.815532680543966,0.0016665828903961533,-0.002303734901842643,4.433521978953477,0.0011106110261380278,0.005712089087586135,-2.449751601632754e-229,0.0,0.0,0.0016665828903961533
68.0,1.7512932098371617e+18,-2.2016133380588054,-2.8157998027505524,0.0018541157225108967,-0.01878892442099283,4.432590711126197,0.0012150380797225756,0.006056777763278203,5.002761981571048e-229,0.0,0.0,0.0018541157225108967
68.025,1.7512932098621617e+18,-2.201616589510502,-2.815811166861739,0.002024075214216784,-0.031367428751251925,4.432611636731153,0.0013523204811141996,0.005325364609166793,8.158268363935892e-229,0.0,0.0,0.002024075214216784
68.05,1.7512932098871619e+18,-2.2049495376373023,-2.8158875187076164,0.0021424155538293244,-0.03483151706077033,4.431418120085064,0.001493506137630507,0.0037006266358938474,7.61092467684053e-229,0.0,0.0,0.0021424155538293244
68.075,1.7512932099121618e+18,-2.204951602261602,-2.8158947160681342,0.002192677159834517,-0.02747629655152935,4.431430857942662,0.0016050869048354981,0.001562216688279132,4.891319749962721e-229,0.0,0.0,0.002192677159834517
68.10000000000001,1.7512932099371617e+18,-2.1987952879046557,-2.8160128294900484,0.0021785368805768493,-0.011848546775513098,4.4327023359176305,0.0016668882687561428,-0.000621575216682859,1.645282659393234e-229,0.0,0.0,0.0021785368805768493
68.125,1.7512932099621617e+18,-2.1988038224792756,-2.8160424133071014,0.002118138301641634,0.006475117432597151,4.43270093729538,0.001679778855961194,-0.0024112362471244387,-9.216517919205014e-230,0.0,0.0,0.002118138301641634
68.15,1.7512932099871616e+18,-2.1980821198856373,-2.81656157420061,0.0020341799678260273,0.021337764876003907,4.433504929399312,0.0016601508997312105,-0.0034896147131885623,-2.2584563943461365e-229,0.0,0.0,0.0020341799678260273
68.175,1.7512932100121618e+18,-2.19808157614253,-2.8165596934181054,0.001945868262403803,0.028419683255574327,4.43349005139666,0.0016276441101378395,-0.0037130881139541814,-2.4000605419314976e-229,0.0,0.0,0.001945868262403803
68.2,1.7512932100371617e+18,-2.199952232367582,-2.8152443837935595,0.0018664368854561116,0.026558285644857935,4.433066545007515,0.0015952513666674189,-0.003118462012149167,-1.7412592318744576e-229,0.0,0.0,0.0018664368854561116
68.22500000000001,1.7512932100621617e+18,-2.199952628498893,-2.815245772611243,0.0018053519343704855,0.017603127927371738,4.433086351421133,0.0015664240408368739,-0.001895265246532965,-7.814412957679698e-230,0.0,0.0,0.0018053519343704855
68.25,1.7512932100871619e+18,-2.198327677210004,-2.8164612029082763,0.0017713745040463269,0.005193919800728115,4.4334323672083915,0.0015379770289393748,-0.00033641274284978593,6.954596149974232e-231,0.0,0.0,0.0017713745040463269
68.275,1.7512932101121618e+18,-2.1983245576174535,-2.8164503507106162,0.0017729536056097126,-0.006766093581969376,4.433481136956919,0.0015048591676236208,0.0012223616336584726,5.863124167991932e-230,0.0,0.0,0.0017729536056097126
68.3,1.7512932101371617e+18,-2.201438893727459,-2.8162317899968103,0.0018149908910876753,-0.015290126367985614,4.4318272351994565,0.0014635066943848483,0.0024671651294829997,7.304635182768598e-230,0.0,0.0,0.0018149908910876753
68.325,1.7512932101621617e+18,-2.2014373493988244,-2.8162264195483253,0.0018939707788107277,-0.018884517330773502,4.431848688140677,0.001412814518495784,0.003167506996267299,5.938964611563457e-230,0.0,0.0,0.0018939707788107277
68.35000000000001,1.7512932101871616e+18,-2.2003153762081924,-2.815807977043793,0.001995104588107734,-0.017592977693693387,4.43294316192444,0.0013540125324705587,0.00322418248096517,3.2229320725631265e-230,0.0,0.0,0.001995104588107734
68.375,1.7512932102121618e+18,-2.200658091259519,-2.8161873233846704,0.0020944918993859485,-0.012693078972779272,4.433131943233365,0.0012911979007058042,0.0026900808070625627,4.9940096195828816e-231,0.0,0.0,0.0020944918993859485
68.4,1.7512932102371617e+18,-2.200666280835029,-2.81621587749428,0.002166632245655436,-0.00620063842064011,4.433138306042816,0.001232059665454841,0.0017531501493433478,-1.3796087111299909e-230,0.0,0.0,0.002166632245655436
68.425,1.7512932102621617e+18,-2.2015473401857535,-2.8164940626701642,0.002194422711856709,-0.0002912043821724315,4.432364882713651,0.0011862761214164314,0.0006809092959019653,-2.138334037642316e-230,0.0,0.0,0.002194422711856709
68.45,1.7512932102871619e+18,-2.2015532463855885,-2.8165146699182375,0.0021767714329883614,0.003263263849647537,4.432482585100992,0.0011611902843669394,-0.00025939187673866836,-1.951622199365665e-230,0.0,0.0,0.0021767714329883614
68.47500000000001,1.7512932103121618e+18,-2.1993714220106795,-2.8166134509691467,0.0021293794431746582,0.0035426904480792085,4.432847098728047,0.0011584012585943917,-0.0008786583288027453,-1.2249170772641555e-230,0.0,0.0,0.0021293794431746582
68.5,1.7512932103371617e+18,-2.199191359197615,-2.8156212214146126,0.002077453811934933,0.0007192029569653173,4.433229091997745,0.001174385021799343,-0.001113254663866967,-3.8314234440355954e-231,0.0,0.0,0.002077453811934933
68.525,1.7512932103621617e+18,-2.201127430191921,-2.8147827129143166,0.002043743988867269,-0.003992904911994212,4.432617878165988,0.0012033618889912654,-0.00102380418057521,2.6895468421438e-231,0.0,0.0,0.002043743988867269
68.55000000000001,1.7512932103871616e+18,-2.2011171086877948,-2.8147467525898913,0.0020383129588495237,-0.008723567875187287,4.432703074585223,0.0012385440764958143,-0.0007476819608246449,5.976948791617162e-231,0.0,0.0,0.0020383129588495237
68.575,1.7512932104121618e+18,-2.202189179462197,-2.814986338495961,0.002055495976902675,-0.01160923729498866,4.431796384128868,0.0012712157218337378,-0.0004278068980538993,6.193251311860583e-231,0.0,0.0,0.002055495976902675
68.60000000000001,1.7512932104371617e+18,-2.202194693355418,-2.8145619396131236,0.002079166692402089,-0.011513845797295717,4.431898099189279,0.0012902975679622173,-0.00015088008498631415,4.3989014747317295e-231,0.0,0.0,0.002079166692402089
68.625,1.7512932104621617e+18,-2.202202105657562,-2.814587673316837,0.002092777096745728,-0.008492453809515882,4.431893171339238,0.0012841852122476452,7.683226977952748e-05,1.8918576797227097e-231,0.0,0.0,0.002092777096745728
68.65,1.7512932104871619e+18,-2.2013119427306256,-2.815910004276021,0.002088540675793045,-0.0037502788871382436,4.4320110772716745,0.0012444225030139946,0.0003067768156715696,-2.8437539079840827e-232,0.0,0.0,0.002088540675793045
68.67500000000001,1.7512932105121618e+18,-2.201311530755078,-2.815908598613829,0.0020713045117154924,0.0009141247834686301,4.432017365655685,0.0011698726851372375,0.0005925584714899111,-1.5726870176786264e-231,0.0,0.0,0.0020713045117154924
68.7,1.7512932105371617e+18,-2.200820614279582,-2.8170913575648466,0.002055737526262703,0.003923620158121352,4.431780048018526,0.001069323308304232,0.0009325194113256098,-1.8974480626269868e-231,0.0,0.0,0.002055737526262703
68.72500000000001,1.7512932105621617e+18,-2.20081024546034,-2.8170554159503287,0.002058546256053494,0.00460317888448609,4.431829398854811,0.0009597394905385492,0.0012432372877325577,-1.5112645450539798e-231,0.0,0.0,0.002058546256053494
68.75,1.7512932105871616e+18,-2.202620602809187,-2.8157043757292612,0.002089389980033099,0.0034131237698334484,4.431884102779824,0.0008592245261742716,0.001382231845196605,-7.956606383739251e-232,0.0,0.0,0.002089389980033099
68.775,1.7512932106121618e+18,-2.2026157726236564,-2.815687642136218,0.0021446376130941215,0.0016629397412577464,4.4319264205388595,0.0007784188372135832,0.0012138536552478425,-9.476311963472503e-233,0.0,0.0,0.0021446376130941215
68.80000000000001,1.7512932106371617e+18,-2.2003773159661306,-2.8161778930845216,0.00220702540457192,0.0008945171979328899,4.432278437046321,0.0007172601124811027,0.0006895026844738498,3.782714743991774e-232,0.0,0.0,0.00220702540457192
68.825,1.7512932106621617e+18,-2.200381719896455,-2.8161931951552517,0.0022519516888025956,0.0022465311967446396,4.432293385350645,0.0006711863326976786,-9.704608010133592e-05,5.596241729574665e-232,0.0,0.0,0.0022519516888025956
68.85000000000001,1.7512932106871619e+18,-2.20175089295879,-2.8167136093279557,0.0022583217909728903,0.006043539377352107,4.431989732566615,0.0006428963036938666,-0.0009107716580323989,4.998680501764962e-232,0.0,0.0,0.0022583217909728903
68.875,1.7512932107121618e+18,-2.201750628703094,-2.8167127132344913,0.002219450720636944,0.011690193654607182,4.43193044248142,0.000649745487895279,-0.0014413995468502974,3.061864974491846e-232,0.0,0.0,0.002219450720636944
68.9,1.7512932107371617e+18,-2.1991186634263844,-2.817523302198387,0.002148675992215635,0.017828568748773043,4.432562841196399,0.0007190560639597335,-0.0014138173041618202,8.81599501456651e-233,0.0,0.0,0.002148675992215635
68.92500000000001,1.7512932107621617e+18,-2.1991129517372814,-2.817503499694141,0.002076154293865824,0.02268273264810626,4.432573114157238,0.0008723900826451275,-0.0007007777616711323,-7.728441258593265e-233,0.0,0.0,0.002076154293865824
68.95,1.7512932107871616e+18,-2.1989665783299426,-2.8164248053894605,0.0020375953236054798,0.024524253548687775,4.432673125821097,0.0011077486021521354,0.0006086600754420194,-1.578682390137416e-232,0.0,0.0,0.0020375953236054798
68.97500000000001,1.7512932108121618e+18,-2.1989605193035313,-2.8164037441610317,0.0020599576565323787,0.022184402404386697,4.432688281889538,0.0013905298519652806,0.0022159633866194873,-1.5962943128467708e-232,0.0,0.0,0.0020599576565323787
69.0,1.7512932108371617e+18,-2.196795051932161,-2.8173732063053754,0.0021505067130057646,0.015496726383407952,4.433684725627673,0.001659926263543994,0.0036969304750456857,-1.1096730074969695e-232,0.0,0.0,0.0021505067130057646
69.025,1.7512932108621617e+18,-2.1967972865770453,-2.8173809971755017,0.0022936087382403924,0.005514691242257241,4.433691583459469,0.0018497448564578248,0.00463343864135465,-4.557446428226385e-233,0.0,0.0,0.0022936087382403924
69.05000000000001,1.7512932108871619e+18,-2.2002808228515556,-2.8151573983571674,0.0024560502683419645,-0.0056294372691399015,4.432656882706324,0.0019147859844346085,0.004744975935031017,1.0013393953040061e-233,0.0,0.0,0.0024560502683419645
69.075,1.7512932109121618e+18,-2.2002782972099695,-2.815148587467794,0.0025984424223452277,-0.015250225462140457,4.432680366586991,0.0018502211740300308,0.003972207244709088,4.206355807693385e-233,0.0,0.0,0.0025984424223452277
69.10000000000001,1.7512932109371617e+18,-2.1986176511643327,-2.816803053409939,0.0026882749444551756,-0.02088803942028023,4.433187397097097,0.0016942110156911623,0.002484287040097734,4.92264560095305e-233,0.0,0.0,0.0026882749444551756
69.125,1.7512932109621617e+18,-2.201608327040781,-2.8169310007598094,0.0027097845771982946,-0.02108684202994743,4.4316097577637485,0.001511503799352473,0.0006116572701406932,3.840864193308131e-233,0.0,0.0,0.0027097845771982946
69.15,1.7512932109871616e+18,-2.2016023503902256,-2.8169103740346513,0.0026671464479246297,-0.01589247079162502,4.431761237439458,0.0013647618054649533,-0.00126598914805377,1.95870026362194e-233,0.0,0.0,0.0026671464479246297
69.17500000000001,1.7512932110121618e+18,-2.2015983645618054,-2.816896618071015,0.0025801575065341757,-0.006881408467069496,4.431862259239782,0.0012875162114901935,-0.0028323686715897678,1.5700971193760615e-234,0.0,0.0,0.0025801575065341757
69.2,1.7512932110371617e+18,-2.198811946311871,-2.8171421697298156,0.002474525551663466,0.003302765021207156,4.432222230556773,0.0012731122965157654,-0.003907808004149547,-1.0319494031154073e-233,0.0,0.0,0.002474525551663466
69.22500000000001,1.7512932110621617e+18,-2.1991871595338126,-2.8172959758953353,0.002371081162812151,0.01174938233894539,4.432610161335338,0.0012852686792495791,-0.00446280146924072,-1.4624619621355275e-233,0.0,0.0,0.002371081162812151
69.25,1.7512932110871619e+18,-2.199174586255647,-2.8172523346154237,0.002278795241321309,0.01614358221033443,4.4326555184412015,0.0012827611419049373,-0.004577903291411904,-1.2788312283391105e-233,0.0,0.0,0.002278795241321309
69.275,1.7512932111121618e+18,-2.1982286767751105,-2.8157419403569355,0.002194664429166152,0.01539975052507959,4.433855672331822,0.0012425091602269696,-0.004376631448957496,-7.638689289396151e-234,0.0,0.0,0.002194664429166152
69.30000000000001,1.7512932111371617e+18,-2.1982252590015348,-2.815730085008397,0.0021099079022208656,0.009859723036404372,4.4338918600601325,0.0011680219641074796,-0.003964697626156064,-1.998386001767967e-234,0.0,0.0,0.0021099079022208656
69.325,1.7512932111621617e+18,-2.2009785917960847,-2.8166717293237094,0.002018708382998078,0.0010249064720453545,4.43228968274623,0.0010812125780575161,-0.003399829002696603,2.1936001284485347e-234,0.0,0.0,0.002018708382998078
69.35000000000001,1.7512932111871616e+18,-2.1990128184350763,-2.817200007223282,0.001924688749530834,-0.009015906938554951,4.433349338361674,0.0010057281190129336,-0.0026975468271582185,4.162012218101936e-234,0.0,0.0,0.001924688749530834
69.375,1.7512932112121618e+18,-2.201456128645232,-2.816961585700084,0.001841579963511155,-0.018201763639959744,4.432452585773666,0.0009525336331564495,-0.0018596803926946833,4.109681944250948e-234,0.0,0.0,0.001841579963511155
69.4,1.7512932112371617e+18,-2.201455120773396,-2.8169581141265785,0.0017875275908226943,-0.02494271047932122,4.432457114497572,0.0009149101542735079,-0.0009033964744480823,2.795067496778855e-234,0.0,0.0,0.0017875275908226943
69.42500000000001,1.7512932112621617e+18,-2.2022926480149363,-2.816139554457683,0.0017761099433476531,-0.02830887248533982,4.43174087235152,0.0008743812716777359,0.00012719590342947024,1.0916870132799391e-234,0.0,0.0,0.0017761099433476531
69.45,1.7512932112871619e+18,-2.2022910360511614,-2.816133976152998,0.0018093516451220116,-0.028006441633785833,4.431762089517656,0.0008136428460470525,0.0011708656157485599,-3.265235876523563e-235,0.0,0.0,0.0018093516451220116
69.47500000000001,1.7512932113121618e+18,-2.2033072801520417,-2.8149798311986807,0.001877000958876514,-0.024242332856770195,4.430818169870902,0.0007293383590990224,0.00216965473575372,-1.1220621129580898e-234,0.0,0.0,0.001877000958876514
69.5,1.7512932113371617e+18,-2.202502904942186,-2.814925162121257,0.0019624545050221315,-0.017575340450837206,4.431838377071246,0.0006380637777143206,0.0030821709331965985,-1.2755427823803172e-234,0.0,0.0,0.0019624545050221315
69.525,1.7512932113621617e+18,-2.2025040536299927,-2.8149291420867852,0.0020515599724365776,-0.00881107984319935,4.431855968652538,0.0005724167690450945,0.0038773723654980307,-9.749093862045744e-235,0.0,0.0,0.0020515599724365776
69.55000000000001,1.7512932113871616e+18,-2.2025057993617034,-2.8149351906858744,0.0021389339790661645,0.001043026065367695,4.431882703663579,0.0005679761981965979,0.004510725537016721,-4.806855315642776e-235,0.0,0.0,0.0021389339790661645
69.575,1.7512932114121618e+18,-2.2000461603871346,-2.815421210558897,0.0022282926422042054,0.010776687243896467,4.432307715523809,0.0006457090205216611,0.004899355430743232,-1.8081016812429771e-236,0.0,0.0,0.0022282926422042054
69.60000000000001,1.7512932114371617e+18,-2.2035556186493563,-2.8161594874608986,0.0023270197681067176,0.018977720354160378,4.430959137556792,0.0007975131851490525,0.0049187402958701,2.8026490889353645e-235,0.0,0.0,0.0023270197681067176
69.625,1.7512932114621617e+18,-2.2035520733326286,-2.8161471851817375,0.002438209883887769,0.024126263193736366,4.430957962626859,0.0009838753225102483,0.004435859400381035,3.8164625736543814e-235,0.0,0.0,0.002438209883887769
69.65,1.7512932114871619e+18,-2.1969963386105356,-2.8150826219685268,0.002554362560684849,0.02488312936168968,4.433774501067738,0.001148187819235771,0.003375022502551721,3.26787242354334e-235,0.0,0.0,0.002554362560684849
69.67500000000001,1.7512932115121618e+18,-2.197002124045558,-2.8151026351672144,0.002656181401532567,0.020575394354493272,4.4337832724701975,0.0012418037912145885,0.001791771874154416,1.901753581873467e-235,0.0,0.0,0.002656181401532567
69.7,1.7512932115371617e+18,-2.200394956430747,-2.815228352666718,0.002718130878791326,0.011686708363982525,4.432467017278279,0.001245293311515437,-8.178282590377365e-05,4.443432616722498e-236,0.0,0.0,0.002718130878791326
69.72500000000001,1.7512932115621617e+18,-2.2003942564986962,-2.8152259271022135,0.0027193889767754774,2.8584157529685053e-05,4.432491147523708,0.0011736632661299687,-0.0018524328487549344,-6.1637352724838425e-236,0.0,0.0,0.0027193889767754774
69.75,1.7512932115871616e+18,-2.2029883612373724,-2.817425558788214,0.002655358580272414,-0.011632074952014468,4.431514803383179,0.001064784414678242,-0.003053264863917205,-1.0953293952603267e-235,0.0,0.0,0.002655358580272414
69.775,1.7512932116121618e+18,-2.202985877777828,-2.817416968975116,0.002543646772734904,-0.0204109724801165,4.4314564201326725,0.0009600437077762245,-0.003284019828166781,-1.056833283704527e-235,0.0,0.0,0.002543646772734904
69.80000000000001,1.7512932116371617e+18,-2.201516810224186,-2.817097872388501,0.0024211658071000915,-0.024243113675336877,4.431906206770309,0.0008876491858485735,-0.0023590573462806616,-7.029306681391476e-236,0.0,0.0,0.0024211658071000915
69.825,1.7512932116621617e+18,-2.2015083179604598,-2.8170684671320556,0.002333588555709162,-0.02250595197835937,4.431902540736605,0.000854780960952429,-0.00040696864342188723,-2.598147287824438e-236,0.0,0.0,0.002333588555709162
69.85000000000001,1.7512932116871619e+18,-2.2052545828391663,-2.8159028866324767,0.0023210949397392596,-0.01613194028861052,4.430399390498305,0.0008500503476744096,0.0021227188802506736,1.015756621389574e-236,0.0,0.0,0.0023210949397392596
69.875,1.7512932117121618e+18,-2.2052531237627626,-2.8158978340464307,0.00240459560419754,-0.007264644939086853,4.4304265614914335,0.0008541769232975978,0.004559526294886052,2.9856675858708e-236,0.0,0.0,0.00240459560419754
69.9,1.7512932117371617e+18,-2.2005143994105607,-2.81599127160627,0.002576421576219837,0.0013938288437545594,4.432340818085741,0.0008538112660477892,0.006193095060169579,3.3011326252793234e-236,0.0,0.0,0.002576421576219837
69.92500000000001,1.7512932117621617e+18,-2.200503791976673,-2.815954415728783,0.0027991597865545626,0.007401897836200782,4.432324641170409,0.0008517660025270581,0.0064767969385736085,2.4714431947720574e-236,0.0,0.0,0.0027991597865545626
69.95,1.7512932117871616e+18,-2.2018046111410183,-2.816802349273254,0.003014235360732776,0.009373349759036531,4.432712703786674,0.0008685967269119591,0.005182500398593558,1.1759239628956824e-236,0.0,0.0,0.003014235360732776
69.97500000000001,1.7512932118121618e+18,-2.201802639255045,-2.81679551609586,0.0031579329318399693,0.007462110980256584,4.432743792841361,0.0009349875502637224,0.0024492591108393525,-1.036897004919373e-238,0.0,0.0,0.0031579329318399693
70.0,1.7512932118371617e+18,-2.2008035878477097,-2.8150193998275883,0.0031792290208061745,0.0032631492443502713,4.432412291238487,0.0010786529377409166,-0.0012934614691323348,-7.576920816851387e-237,0.0,0.0,0.0031792290208061745
70.025,1.7512932118621617e+18,-2.2039122689517705,-2.8152826304032366,0.0030531774892375574,-0.0009204340336933989,4.431397844113182,0.0013120235675140467,-0.005499029844874247,-9.943475450621948e-237,0.0,0.0,0.0030531774892375574
70.05000000000001,1.7512932118871619e+18,-2.203921122567111,-2.815313443510481,0.002785805839153235,-0.0031437522664715333,4.431445068798935,0.0016273615816790258,-0.009704443434160364,-8.342468933662458e-237,0.0,0.0,0.002785805839153235
70.075,1.7512932119121618e+18,-2.2010411553840106,-2.81598643799257,0.002410359320851913,-0.0026900103185685835,4.432527507758264,0.0020018074202281418,-0.01367606266909861,-4.7316744810220727e-237,0.0,0.0,0.002410359320851913
70.10000000000001,1.7512932119371617e+18,-2.2010365224172412,-2.815970420124227,0.0019781946400220826,-0.0003033488634844256,4.4325377301355715,0.0024070823977275363,-0.017439207634963844,-9.755793710846318e-238,0.0,0.0,0.0019781946400220826
