,Time,original_time,x,y,vx,vy,theta,omega,ax,steering_angle,cmd_steering_angle,cmd_velocity,velocity_error,cmd_velocity_k-1,velocity_error_k-1,cmd_steering_k-1,cmd_velocity_k-2,velocity_error_k-2,cmd_steering_k-2,cmd_velocity_k-3,velocity_error_k-3,cmd_steering_k-3,cmd_velocity_k-4,velocity_error_k-4,cmd_steering_k-4,velocity_error_sum,new_bag
99,2.475,1.7543337510372828e+18,1.8968736182694923,0.701692037254979,0.0019392351287601042,-0.016177480162705687,-0.15701067774869346,0.0018884012954964201,0.07070635020866865,-0.0008216928605322095,0.0,0.0,0.0019392351287601042,0.0,0.0016123231926680678,0.0,0.0,0.0018121971526039273,0.0,0.0,0.002283998941113413,0.0,0.0,0.0027841345934273456,0.0,0.2881989890212812,0.0
100,2.5,1.7543337510622828e+18,1.8977310415731317,0.699378623981146,0.0029261950857329905,-0.01858534918120847,-0.15613329607168724,0.001764318244350721,0.0837451099319244,0.0010589323654909303,0.0,0.0,0.0029261950857329905,0.0,0.0019392351287601042,0.0,0.0,0.0016123231926680678,0.0,0.0,0.0018121971526039273,0.0,0.0,0.002283998941113413,0.0,0.2878857706775781,0.0
101,2.5250000000000004,1.7543337510872827e+18,1.897785036847584,0.699370083787295,0.004436205108035245,-0.01676730593388054,-0.15602656652455382,0.0015409053754141583,0.06631581286793924,0.003504704124856782,0.0,0.0,0.004436205108035245,0.0,0.0029261950857329905,0.0,0.0,0.0019392351287601042,0.0,0.0,0.0016123231926680678,0.0,0.0,0.0018121971526039273,0.0,0.2890659210014015,0.0
102,2.5500000000000003,1.7543337511122826e+18,1.895234271284025,0.7005887771049472,0.005967851632812681,-0.011330477465106048,-0.15730684310951756,0.0012554520958697388,0.011399638863193312,0.005569676704689795,0.0,0.0,0.005967851632812681,0.0,0.004436205108035245,0.0,0.0,0.0029261950857329905,0.0,0.0,0.0019392351287601042,0.0,0.0,0.0016123231926680678,0.0,0.2917870268608798,0.0
103,2.575,1.7543337511372828e+18,1.895222358117541,0.7005906605058668,0.006698347782468393,-0.0041886047207169985,-0.1573288085551041,0.0009518070984152623,-0.07543765495364826,0.005844542868261515,0.0,0.0,0.006698347782468393,0.0,0.005967851632812681,0.0,0.0,0.004436205108035245,0.0,0.0,0.0029261950857329905,0.0,0.0,0.0019392351287601042,0.0,0.295288459436806,0.0
104,2.6,1.7543337511622828e+18,1.8947981950971944,0.7025016809810233,0.005725080854731112,0.0020944286239885823,-0.15680901908533773,0.0006792152301630389,-0.17222176380765652,0.002782478742619301,0.0,0.0,0.005725080854731112,0.0,0.006698347782468393,0.0,0.0,0.005967851632812681,0.0,0.0,0.004436205108035245,0.0,0.0,0.0029261950857329905,0.0,0.2979033633009573,0.0
105,2.625,1.7543337511872827e+18,1.8947543937223783,0.7025086298542186,0.0025057477708364654,0.005296249945496209,-0.15680606655768167,0.0004922827276538669,-0.2411023206179412,-0.004786559768313471,0.0,0.0,0.0025057477708364654,0.0,0.005725080854731112,0.0,0.0,0.006698347782468393,0.0,0.0,0.005967851632812681,0.0,0.0,0.004436205108035245,0.0,0.29740373048320623,0.0
106,2.6500000000000004,1.754333751212283e+18,1.9006726970231025,0.6999131703571908,-0.0025933034892650897,0.004395180233152302,-0.15507667354619534,0.00044272464058125246,-0.23442702733932516,-0.01711926364704812,0.0,0.0,-0.0025933034892650897,0.0,0.0025057477708364654,0.0,0.0,0.005725080854731112,0.0,0.0,0.006698347782468393,0.0,0.0,0.005967851632812681,0.0,0.29190429458953954,0.0
107,2.6750000000000003,1.7543337512372828e+18,1.9007005348711323,0.6999088177636037,-0.007822143463577767,-0.00011190034204779591,-0.15499927939711974,0.0005531053872824105,-0.10585415999644786,-0.03325056819475679,0.0,0.0,-0.007822143463577767,0.0,-0.0025933034892650897,0.0,0.0,0.0025057477708364654,0.0,0.0,0.005725080854731112,0.0,0.0,0.006698347782468393,0.0,0.281253243842952,0.0
108,2.7,1.7543337512622828e+18,1.8978363043454087,0.698392002616264,-0.00987722792922889,-0.006551255654246153,-0.15497963308523938,0.0007666476797442452,0.1759316668387736,-0.05112970045134533,-0.0823519900441169,3.136117935180664,-3.145995163109893,0.0,-0.007822143463577767,0.0,0.0,-0.0025933034892650897,0.0,0.0,0.0025057477708364654,0.0,0.0,0.005725080854731112,0.0,-2.8675184896406103,0.0
109,2.725,1.7543337512872827e+18,1.897841472680554,0.6983911973889607,-0.004232390333283729,-0.012838632077696662,-0.15489723702725003,0.0008753375769085586,0.6148134229241712,-0.06821956519279446,-0.0866877362132072,3.136117935180664,-3.140350325513948,3.136117935180664,-3.145995163109893,-0.0823519900441169,0.0,-0.007822143463577767,0.0,0.0,-0.0025933034892650897,0.0,0.0,0.0025057477708364654,0.0,-6.010609373925567,0.0
110,2.75,1.7543337513122826e+18,1.8979871592381796,0.7002346641591242,0.0139753987138148,-0.017243115368719305,-0.15424999960712585,0.0004409734450172507,1.1804108274572107,-0.08230856126385752,-0.0866877362132072,3.136117935180664,-3.1221425364668494,3.136117935180664,-3.140350325513948,-0.0866877362132072,3.136117935180664,-3.145995163109893,-0.0823519900441169,0.0,-0.007822143463577767,0.0,0.0,-0.0025933034892650897,0.0,-9.135461417214682,0.0
111,2.7750000000000004,1.7543337513372828e+18,1.904766518320436,0.6977696259211346,0.04867334797849675,-0.01881181413683793,-0.15583992487015094,-0.0012629591278291677,1.8099620756409216,-0.0921476444859445,-0.0866877362132072,3.136117935180664,-3.0874445872021674,3.136117935180664,-3.1221425364668494,-0.0866877362132072,3.136117935180664,-3.140350325513948,-0.0866877362132072,3.136117935180664,-3.145995163109893,-0.0823519900441169,0.0,-0.007822143463577767,0.0,-12.225584053430378,0.0
112,2.8000000000000003,1.7543337513622828e+18,1.9051528210707045,0.6977095846424781,0.10157507230732861,-0.017401705906406016,-0.15584380675098353,-0.005250635216214802,2.419617967550557,-0.09764012981997136,-0.0989422872662544,3.136117935180664,-3.0345428628733355,3.136117935180664,-3.0874445872021674,-0.0866877362132072,3.136117935180664,-3.1221425364668494,-0.0866877362132072,3.136117935180664,-3.140350325513948,-0.0866877362132072,3.136117935180664,-3.145995163109893,-0.0823519900441169,-15.262776259736254,0.0
113,2.825,1.7543337513872827e+18,1.9048275355709376,0.6959905223177789,0.17136809083467155,-0.013502317860492044,-0.1556526941875191,-0.012718322598631662,2.922820958634988,-0.09956925956988123,-0.1014615818858146,3.136117935180664,-2.9647498443459925,3.136117935180664,-3.0345428628733355,-0.0989422872662544,3.136117935180664,-3.0874445872021674,-0.0866877362132072,3.136117935180664,-3.1221425364668494,-0.0866877362132072,3.136117935180664,-3.140350325513948,-0.0866877362132072,-18.230155324064462,0.0
114,2.85,1.754333751412283e+18,1.906582143813758,0.6957165304442707,0.25372047984802243,-0.008048735867507227,-0.15597996911415968,-0.024790092784300683,3.2508773525182906,-0.099055285945904,-0.0854433327913284,3.1290290355682373,-2.8753085557202147,3.136117935180664,-2.9647498443459925,-0.1014615818858146,3.136117935180664,-3.0345428628733355,-0.0989422872662544,3.136117935180664,-3.0874445872021674,-0.0866877362132072,3.136117935180664,-3.1221425364668494,-0.0866877362132072,-21.10808032533157,0.0
115,2.875,1.7543337514372828e+18,1.897867073022664,0.6970597128252498,0.34217549109564377,-0.002255190825147652,-0.16155022599428678,-0.04212914014205724,3.3697273998336446,-0.09700861475348033,-0.0854433327913284,3.1290290355682373,-2.7868535444725935,3.1290290355682373,-2.8753085557202147,-0.0854433327913284,3.136117935180664,-2.9647498443459925,-0.1014615818858146,3.136117935180664,-3.0345428628733355,-0.0989422872662544,3.136117935180664,-3.0874445872021674,-0.0866877362132072,-23.89753119972162,0.0
116,2.9000000000000004,1.7543337514622828e+18,1.9028826520440496,0.6962655554744264,0.4296942857191301,0.0026551449237856533,-0.1625429818946644,-0.06457224834235704,3.2878062475326266,-0.0938105275085789,-0.0925322324037551,3.1290290355682373,-2.699334749849107,3.1290290355682373,-2.7868535444725935,-0.0854433327913284,3.1290290355682373,-2.8753085557202147,-0.0854433327913284,3.136117935180664,-2.9647498443459925,-0.1014615818858146,3.136117935180664,-3.0345428628733355,-0.0989422872662544,-26.599416076917542,0.0
117,2.9250000000000003,1.7543337514872827e+18,1.9182987492047487,0.6990432375289621,0.5104012017829448,0.005902657535633032,-0.1610204733949685,-0.09106076011370397,3.0525746386497787,-0.08933175471920074,-0.1036385670304298,3.1290290355682373,-2.6186278337852924,3.1290290355682373,-2.699334749849107,-0.0925322324037551,3.1290290355682373,-2.7868535444725935,-0.0854433327913284,3.1290290355682373,-2.8753085557202147,-0.0854433327913284,3.136117935180664,-2.9647498443459925,-0.1014615818858146,-29.220501293190093,0.0
118,2.95,1.7543337515122826e+18,1.923669580582581,0.6981707585953909,0.5810025264306918,0.007618290486696561,-0.162328371873971,-0.12003021591507322,2.7368849881649977,-0.08322283527668413,-0.0824171751737594,3.1290290355682373,-2.5480265091375456,3.1290290355682373,-2.6186278337852924,-0.1036385670304298,3.1290290355682373,-2.699334749849107,-0.0925322324037551,3.1290290355682373,-2.7868535444725935,-0.0854433327913284,3.1290290355682373,-2.8753085557202147,-0.0854433327913284,-31.770846294791955,0.0
119,2.975,1.7543337515372828e+18,1.923133356065116,0.692991775554149,0.6413881510872834,0.008941221353630402,-0.1692141547704499,-0.15008340472765008,2.419550829551481,-0.07526309216277004,-0.0824171751737594,3.1290290355682373,-2.487640884480954,3.1290290355682373,-2.5480265091375456,-0.0824171751737594,3.1290290355682373,-2.6186278337852924,-0.1036385670304298,3.1290290355682373,-2.699334749849107,-0.0925322324037551,3.1290290355682373,-2.7868535444725935,-0.0854433327913284,-34.26064184626077,0.0
120,3.0,1.7543337515622828e+18,1.9296628121462025,0.6919297356077969,0.6941582524761994,0.011460025070364773,-0.17159773121260377,-0.18048469612958432,2.1661322225651882,-0.06552352259612576,-0.0776674374938011,3.115884065628052,-2.421725813151853,3.1290290355682373,-2.487640884480954,-0.0824171751737594,3.1290290355682373,-2.5480265091375456,-0.0824171751737594,3.1290290355682373,-2.6186278337852924,-0.1036385670304298,3.1290290355682373,-2.699334749849107,-0.0925322324037551,-36.68437120496025,0.0
121,3.0250000000000004,1.7543337515872827e+18,1.958394177025935,0.6884701109969167,0.7432627636805259,0.016150097642477542,-0.17912714672152125,-0.21102340893791297,2.015460484069083,-0.05419480247875202,-0.0747865214943885,3.115884065628052,-2.372621301947526,3.115884065628052,-2.421725813151853,-0.0776674374938011,3.1290290355682373,-2.487640884480954,-0.0824171751737594,3.1290290355682373,-2.5480265091375456,-0.0824171751737594,3.1290290355682373,-2.6186278337852924,-0.1036385670304298,-39.058899167744435,0.0
122,3.0500000000000003,1.754333751612283e+18,1.9665184851437776,0.6870334340254429,0.7923854798360311,0.02242256010644552,-0.18284552204031523,-0.24111542073540482,1.9750775269161915,-0.04111385980007318,-0.0,3.102739095687866,-2.310353615851835,3.115884065628052,-2.372621301947526,-0.0747865214943885,3.115884065628052,-2.421725813151853,-0.0776674374938011,3.1290290355682373,-2.487640884480954,-0.0824171751737594,3.1290290355682373,-2.5480265091375456,-0.0824171751737594,-41.37114849697295,0.0
123,3.075,1.7543337516372828e+18,2.008238735990703,0.6842931600069255,0.8438131969119471,0.027973410041165162,-0.19076257432127602,-0.26851694225510236,2.0255677571354123,-0.025238243450846617,-0.0,3.102739095687866,-2.258925898775919,3.102739095687866,-2.310353615851835,-0.0,3.115884065628052,-2.372621301947526,-0.0747865214943885,3.115884065628052,-2.421725813151853,-0.0776674374938011,3.1290290355682373,-2.487640884480954,-0.0824171751737594,-43.63205705311852,0.0
124,3.1,1.7543337516622828e+18,2.0206101577949607,0.6820538871486272,0.8981898232170443,0.02966987008277515,-0.19485414878956142,-0.28845303764292285,2.1310017126834224,-0.00445803992041134,0.0056810532696545,3.076004981994629,-2.1778151587775847,3.102739095687866,-2.258925898775919,-0.0,3.102739095687866,-2.310353615851835,-0.0,3.115884065628052,-2.372621301947526,-0.0747865214943885,3.115884065628052,-2.421725813151853,-0.0776674374938011,-45.81202830120586,0.0
125,3.125,1.7543337516872827e+18,2.064659039501381,0.6740487837459186,0.9550181647249967,0.025018662382543983,-0.20325369062479898,-0.2939298858536826,2.2513730966847083,0.023957112803111448,0.0056810532696545,3.076004981994629,-2.1209868172696322,3.076004981994629,-2.1778151587775847,0.0056810532696545,3.102739095687866,-2.258925898775919,-0.0,3.102739095687866,-2.310353615851835,-0.0,3.115884065628052,-2.372621301947526,-0.0747865214943885,-47.935399447693854,0.0
126,3.1500000000000004,1.7543337517122826e+18,2.076612600365096,0.671792756608588,1.0134221314608167,0.013340914877240298,-0.20654217785906034,-0.2773433593716921,2.3532581538618143,0.06233071796420334,0.0193411856889724,3.076004981994629,-2.062582850533812,3.076004981994629,-2.1209868172696322,0.0056810532696545,3.076004981994629,-2.1778151587775847,0.0056810532696545,3.102739095687866,-2.258925898775919,-0.0,3.102739095687866,-2.310353615851835,-0.0,-50.000606409670915,0.0
127,3.1750000000000003,1.7543337517372828e+18,2.122308243402794,0.6562813576415145,1.0727002618289991,-0.004048001761556465,-0.2201570026450508,-0.2326209550606662,2.4164679873748414,0.1114143117651338,0.1319539099931717,3.076004981994629,-2.0033047201656298,3.076004981994629,-2.062582850533812,0.0193411856889724,3.076004981994629,-2.1209868172696322,0.0056810532696545,3.076004981994629,-2.1778151587775847,0.0056810532696545,3.102739095687866,-2.258925898775919,-0.0,-52.00674360667516,0.0
128,3.2,1.7543337517622828e+18,2.150086768938979,0.6459799940648667,1.1324799044514808,-0.02471533785163319,-0.2277550932861173,-0.15673289596964252,2.4362941137422327,0.16965091491481404,0.132243350148201,3.045245885848999,-1.9127659813975182,3.076004981994629,-2.0033047201656298,0.1319539099931717,3.076004981994629,-2.062582850533812,0.0193411856889724,3.076004981994629,-2.1209868172696322,0.0056810532696545,3.076004981994629,-2.1778151587775847,0.0056810532696545,-53.92248800296091,0.0
129,3.225,1.7543337517872827e+18,2.1838954591556288,0.6386876328543369,1.192584932101637,-0.04643768088146339,-0.23841291804577092,-0.04982243123260054,2.4222423734547482,0.23321251195052067,0.2831525206565857,3.0079541206359863,-1.8153691885343493,3.045245885848999,-1.9127659813975182,0.132243350148201,3.076004981994629,-2.0033047201656298,0.1319539099931717,3.076004981994629,-2.062582850533812,0.0193411856889724,3.076004981994629,-2.1209868172696322,0.0056810532696545,-55.740907865587225,0.0
130,3.25,1.754333751812283e+18,2.1996058762415824,0.6352989764046284,1.2528726836806139,-0.06811158654154231,-0.24336545750027738,0.0858800264616458,2.3945505657182875,0.29678222563272766,0.2831525206565857,3.0079541206359863,-1.7550814369553724,3.0079541206359863,-1.8153691885343493,0.2831525206565857,3.045245885848999,-1.9127659813975182,0.132243350148201,3.076004981994629,-2.0033047201656298,0.1319539099931717,3.076004981994629,-2.062582850533812,0.0193411856889724,-57.49904845184424,0.0
131,3.2750000000000004,1.7543337518372828e+18,2.258802900457864,0.6229952564435786,1.3132338957102632,-0.08970345551655047,-0.24027972426376185,0.24747485967407162,2.379474390657479,0.3547768791907446,0.3218149542808532,2.9681873321533203,-1.6549534364430571,3.0079541206359863,-1.7550814369553724,0.2831525206565857,3.0079541206359863,-1.8153691885343493,0.2831525206565857,3.045245885848999,-1.9127659813975182,0.132243350148201,3.076004981994629,-2.0033047201656298,0.1319539099931717,-59.157031061962236,0.0
132,3.3000000000000003,1.7543337518622828e+18,2.29679695654057,0.603152870519827,1.3737805415104476,-0.1113660162154949,-0.22674797719465303,0.4322225076788911,2.403817441157259,0.4026300625433156,0.4510188400745392,2.9681873321533203,-1.5944067906428727,2.9681873321533203,-1.6549534364430571,0.3218149542808532,3.0079541206359863,-1.7550814369553724,0.2831525206565857,3.0079541206359863,-1.8153691885343493,0.2831525206565857,3.045245885848999,-1.9127659813975182,0.132243350148201,-60.75442859795731,0.0
133,3.325,1.7543337518872827e+18,2.3224804106408508,0.5968841771368705,1.4351040349962267,-0.13240451679651097,-0.22337590764887555,0.6373944126469482,2.4889681570398157,0.4377965678972431,0.4510188400745392,2.9681873321533203,-1.5330832971570936,2.9681873321533203,-1.5944067906428727,0.4510188400745392,2.9681873321533203,-1.6549534364430571,0.3218149542808532,3.0079541206359863,-1.7550814369553724,0.2831525206565857,3.0079541206359863,-1.8153691885343493,0.2831525206565857,-62.29047913283354,0.0
134,3.35,1.7543337519122826e+18,2.385479348066445,0.5790869573499215,1.4984316358731933,-0.15087251670287363,-0.19769687231759409,0.8593608755558341,2.644982944611245,0.4602043920156097,0.4548482894897461,2.9332621097564697,-1.4348304738832764,2.9681873321533203,-1.5330832971570936,0.4510188400745392,2.9681873321533203,-1.5944067906428727,0.4510188400745392,2.9681873321533203,-1.6549534364430571,0.3218149542808532,3.0079541206359863,-1.7550814369553724,0.2831525206565857,-63.728278002827956,0.0
135,3.375,1.7543337519372828e+18,2.429928469434177,0.5642807354960857,1.565535600660885,-0.16418141233625339,-0.1722227689507428,1.0924722424184232,2.8658296462387205,0.47201382365145417,0.4590917229652405,2.8994810581207275,-1.3339454574598426,2.9332621097564697,-1.4348304738832764,0.4548482894897461,2.9681873321533203,-1.5330832971570936,0.4510188400745392,2.9681873321533203,-1.5944067906428727,0.4510188400745392,2.9681873321533203,-1.6549534364430571,0.3218149542808532,-65.06521318832344,0.0
136,3.4000000000000004,1.7543337519622828e+18,2.452376396160111,0.559172960032873,1.6383348114455198,-0.17044632759590464,-0.16034624171927883,1.3283437411646681,3.127337039451845,0.4767904945678525,0.4590917229652405,2.8994810581207275,-1.2611462466752077,2.8994810581207275,-1.3339454574598426,0.4590917229652405,2.9332621097564697,-1.4348304738832764,0.4548482894897461,2.9681873321533203,-1.5330832971570936,0.4510188400745392,2.9681873321533203,-1.5944067906428727,0.4510188400745392,-66.32937647991616,0.0
137,3.4250000000000003,1.7543337519872827e+18,2.5208767742042832,0.5498768543966372,1.7182498522814313,-0.16976841122985897,-0.11018689451060672,1.5560301576185291,3.3892491045565016,0.47842985535931154,0.4846551120281219,2.8450264930725098,-1.1267766407910784,2.8994810581207275,-1.2611462466752077,0.4590917229652405,2.8994810581207275,-1.3339454574598426,0.4590917229652405,2.9332621097564697,-1.4348304738832764,0.4548482894897461,2.9681873321533203,-1.5330832971570936,0.4510188400745392,-67.45918651489261,0.0
138,3.45,1.754333752012283e+18,2.550096345764784,0.5437360317690426,1.8054972069348072,-0.16465973938991388,-0.08881558820282703,1.7633693314930083,3.6018818182171404,0.48020508787925137,0.4846551120281219,2.8450264930725098,-1.0395292861377026,2.8450264930725098,-1.1267766407910784,0.4846551120281219,2.8994810581207275,-1.2611462466752077,0.4590917229652405,2.8994810581207275,-1.3339454574598426,0.4590917229652405,2.9332621097564697,-1.4348304738832764,0.4548482894897461,-68.50174155908284,0.0
139,3.475,1.7543337520372828e+18,2.613733796356904,0.5400177596539548,1.8985870801497056,-0.15937020799615623,-0.05066897569095521,1.939423510964454,3.7164343314089545,0.48415383855162536,0.4846551120281219,2.8450264930725098,-0.9464394129228042,2.8450264930725098,-1.0395292861377026,0.4846551120281219,2.8450264930725098,-1.1267766407910784,0.4846551120281219,2.8994810581207275,-1.2611462466752077,0.4590917229652405,2.8994810581207275,-1.3339454574598426,0.4590917229652405,-69.45117036083758,0.0
140,3.5,1.7543337520622828e+18,2.670762421412772,0.529627713517478,1.9942749048641062,-0.15854077816092735,-0.004285463936464482,2.0773410010635707,3.6965487473634404,0.4908350806873233,0.4901666343212127,2.823695659637451,-0.829420754773345,2.8450264930725098,-0.9464394129228042,0.4846551120281219,2.8450264930725098,-1.0395292861377026,0.4846551120281219,2.8450264930725098,-1.1267766407910784,0.4846551120281219,2.8994810581207275,-1.2611462466752077,0.4590917229652405,-70.28351960812924,0.0
141,3.5250000000000004,1.7543337520872827e+18,2.7027359126724093,0.537501843877448,2.088085344270072,-0.1659205272131544,0.07986860515645773,2.1763941192623113,3.527876979267532,0.49940179121332057,0.4990647733211517,2.809197187423706,-0.7211118431536341,2.823695659637451,-0.829420754773345,0.4901666343212127,2.8450264930725098,-0.9464394129228042,0.4846551120281219,2.8450264930725098,-1.0395292861377026,0.4846551120281219,2.8450264930725098,-1.1267766407910784,0.4846551120281219,-71.007485077007,0.0
142,3.5500000000000003,1.7543337521122826e+18,2.776351779930064,0.5324880212424381,2.1752989076571816,-0.1837311965291609,0.1545530449157729,2.242080886794029,3.22264478914173,0.5079420110943195,0.5008804202079773,2.809197187423706,-0.6338982797665245,2.809197187423706,-0.7211118431536341,0.4990647733211517,2.823695659637451,-0.829420754773345,0.4901666343212127,2.8450264930725098,-0.9464394129228042,0.4846551120281219,2.8450264930725098,-1.0395292861377026,0.4846551120281219,-71.64416122166155,0.0
143,3.575,1.7543337521372828e+18,2.7964582571238825,0.5313298133652289,2.252065672696303,-0.21279619431286953,0.17619999270023465,2.284147628647709,2.817538735604369,0.5140641557772591,0.5008804202079773,2.809197187423706,-0.557131514727403,2.809197187423706,-0.6338982797665245,0.5008804202079773,2.809197187423706,-0.7211118431536341,0.4990647733211517,2.823695659637451,-0.829420754773345,0.4901666343212127,2.8450264930725098,-0.9464394129228042,0.4846551120281219,-72.20400681490753,0.0
144,3.6,1.7543337521622828e+18,2.8845625391365237,0.5470291844395297,2.3162413382964413,-0.25302550664702,0.24514769003973114,2.3134537468020704,2.3652645450833414,0.5156783665717263,0.5059565305709839,2.79380202293396,-0.47756068463751866,2.809197187423706,-0.557131514727403,0.5008804202079773,2.809197187423706,-0.6338982797665245,0.5008804202079773,2.809197187423706,-0.7211118431536341,0.4990647733211517,2.823695659637451,-0.829420754773345,0.4901666343212127,-72.68424151177103,0.0
145,3.6250000000000004,1.7543337521872827e+18,2.9292830283897717,0.5499147910859934,2.367686114473559,-0.30359901577408727,0.2908161002305113,2.3389632243616414,1.9221227988044702,0.5118251643108847,0.5501014590263367,2.775808811187744,-0.4081226967141851,2.79380202293396,-0.47756068463751866,0.5059565305709839,2.809197187423706,-0.557131514727403,0.5008804202079773,2.809197187423706,-0.6338982797665245,0.5008804202079773,2.809197187423706,-0.7211118431536341,0.4990647733211517,-73.09503190580563,0.0
146,3.6500000000000004,1.754333752212283e+18,3.003773855275685,0.5726995709125884,2.408010169257117,-0.3624591682070877,0.33824692424577857,2.3657711093530986,1.5351994735803385,0.5032559713835801,0.5501014590263367,2.762229681015014,-0.354219511757897,2.775808811187744,-0.4081226967141851,0.5501014590263367,2.79380202293396,-0.47756068463751866,0.5059565305709839,2.809197187423706,-0.557131514727403,0.5008804202079773,2.809197187423706,-0.6338982797665245,0.5008804202079773,-73.45195254493288,0.0
147,3.6750000000000003,1.7543337522372828e+18,3.0579914068477985,0.5860642998083028,2.439928451207622,-0.425372479933979,0.39601068647920423,2.3944924354837234,1.2328316335888447,0.4924127953761543,0.4618868231773376,2.748650550842285,-0.3087220996346631,2.762229681015014,-0.354219511757897,0.5501014590263367,2.775808811187744,-0.4081226967141851,0.5501014590263367,2.79380202293396,-0.47756068463751866,0.5059565305709839,2.809197187423706,-0.557131514727403,0.5008804202079773,-73.76344676338219,0.0
148,3.7,1.7543337522622828e+18,3.145875472396201,0.6044867128130411,2.466449350081096,-0.4853930436732803,0.48676376069447813,2.421989230886837,1.020876303045816,0.4826496764547115,0.4638395607471466,2.7355527877807617,-0.2691034376996657,2.748650550842285,-0.3087220996346631,0.4618868231773376,2.762229681015014,-0.354219511757897,0.5501014590263367,2.775808811187744,-0.4081226967141851,0.5501014590263367,2.79380202293396,-0.47756068463751866,0.5059565305709839,-74.03541728571615,0.0
149,3.725,1.7543337522872827e+18,3.19474688718617,0.6183024568210067,2.490110202572361,-0.5336196610110685,0.536528598055791,2.4432373919582817,0.8853970157947427,0.4769501782315016,0.4638403654098511,2.7355527877807617,-0.24544258520840057,2.7355527877807617,-0.2691034376996657,0.4638395607471466,2.748650550842285,-0.3087220996346631,0.4618868231773376,2.762229681015014,-0.354219511757897,0.5501014590263367,2.775808811187744,-0.4081226967141851,0.5501014590263367,-74.28382216570098,0.0
150,3.7500000000000004,1.7543337523122826e+18,3.27748296888809,0.660498955605173,2.5124395668576263,-0.561511954295362,0.6115697105479736,2.4538487812550667,0.800355672866542,0.4767286223808207,0.4638403654098511,2.7355527877807617,-0.22311322092313546,2.7355527877807617,-0.24544258520840057,0.4638403654098511,2.7355527877807617,-0.2691034376996657,0.4638395607471466,2.748650550842285,-0.3087220996346631,0.4618868231773376,2.762229681015014,-0.354219511757897,0.5501014590263367,-74.50996633825255,0.0
151,3.7750000000000004,1.7543337523372828e+18,3.344745802711154,0.6875566643323643,2.5337818526417584,-0.5639914422916162,0.6887798466741452,2.452373723823077,0.7374406084092786,0.481293767461588,0.4650862216949463,2.7271370887756348,-0.1933552361338764,2.7355527877807617,-0.22311322092313546,0.4638403654098511,2.7355527877807617,-0.24544258520840057,0.4638403654098511,2.7355527877807617,-0.2691034376996657,0.4638395607471466,2.748650550842285,-0.3087220996346631,0.4618868231773376,-74.70637514216041,0.0
152,3.8000000000000003,1.7543337523622828e+18,3.3792228170755503,0.7069610500136754,2.553534727771085,-0.5417700646773385,0.7301788698724941,2.4413949885558175,0.6747446338887786,0.48822455973221235,0.4818965494632721,2.7219882011413574,-0.16845347337027228,2.7271370887756348,-0.1933552361338764,0.4650862216949463,2.7355527877807617,-0.22311322092313546,0.4638403654098511,2.7355527877807617,-0.24544258520840057,0.4638403654098511,2.7355527877807617,-0.2691034376996657,0.4638395607471466,-74.87785495746287,0.0
153,3.825,1.7543337523872827e+18,3.4263418430754577,0.7542150635635179,2.5707058834707177,-0.5014594323664601,0.7894882009137866,2.426883599798567,0.6017305466896263,0.494465951130051,0.5782758593559265,2.7219882011413574,-0.1512823176706397,2.7219882011413574,-0.16845347337027228,0.4818965494632721,2.7271370887756348,-0.1933552361338764,0.4650862216949463,2.7355527877807617,-0.22311322092313546,0.4638403654098511,2.7355527877807617,-0.24544258520840057,0.4638403654098511,-75.03209987463651,0.0
154,3.85,1.754333752412283e+18,3.478030973221201,0.8062940880354861,2.584551242396803,-0.4531336583650874,0.8617047522516109,2.4161480625930216,0.519485188874146,0.49760614143551846,0.4818965494632721,2.730113983154297,-0.14556274075749398,2.7219882011413574,-0.1512823176706397,0.5782758593559265,2.7219882011413574,-0.16845347337027228,0.4818965494632721,2.7271370887756348,-0.1933552361338764,0.4650862216949463,2.7355527877807617,-0.22311322092313546,0.4638403654098511,-75.18054888171679,0.0
155,3.8750000000000004,1.7543337524372828e+18,3.544311464919633,0.8519758460719615,2.5950208263448635,-0.4065373402814188,0.9340035742739846,2.4153739489036528,0.43706684022736136,0.49672796103565564,0.4818965494632721,2.74482536315918,-0.1498045368143166,2.730113983154297,-0.14556274075749398,0.4818965494632721,2.7219882011413574,-0.1512823176706397,0.5782758593559265,2.7219882011413574,-0.16845347337027228,0.4818965494632721,2.7271370887756348,-0.1933552361338764,0.4650862216949463,-75.33317477426998,0.0
156,3.9000000000000004,1.7543337524622828e+18,3.560202140334457,0.8673695113016535,2.6028533225151373,-0.36799488237432665,0.9560146558834139,2.4277416693121405,0.36611223885801003,0.4925114708329103,0.4818965494632721,2.74482536315918,-0.14197204064404279,2.74482536315918,-0.1498045368143166,0.4818965494632721,2.730113983154297,-0.14556274075749398,0.4818965494632721,2.7219882011413574,-0.1512823176706397,0.5782758593559265,2.7219882011413574,-0.16845347337027228,0.4818965494632721,-75.4779303778219,0.0
157,3.9250000000000003,1.7543337524872827e+18,3.605559769163773,0.9361219077910364,2.6093398822839684,-0.3396026162855122,1.0340206275289943,2.452590602682952,0.3162813187084232,0.48670679197841155,0.4818965494632721,2.7695114612579346,-0.16017157897396617,2.74482536315918,-0.14197204064404279,0.4818965494632721,2.74482536315918,-0.1498045368143166,0.4818965494632721,2.730113983154297,-0.14556274075749398,0.4818965494632721,2.7219882011413574,-0.1512823176706397,0.5782758593559265,-75.64087964541126,0.0
158,3.95,1.7543337525122826e+18,3.636631071617771,0.9742531028572416,2.6159044089617347,-0.32080488266828827,1.0850654788832963,2.485612040335999,0.2934461384241939,0.48135807258553187,0.4818965494632721,2.8131580352783203,-0.1972536263165856,2.7695114612579346,-0.16017157897396617,0.4818965494632721,2.74482536315918,-0.14197204064404279,0.4818965494632721,2.74482536315918,-0.1498045368143166,0.4818965494632721,2.730113983154297,-0.14556274075749398,0.4818965494632721,-75.8409336961867,0.0
159,3.975,1.7543337525372828e+18,3.676813035318856,1.0413965327300694,2.62369145387076,-0.3110048205032785,1.1519926550023865,2.5198682720330625,0.30107321422591454,0.47811488658809703,0.4818965494632721,2.8131580352783203,-0.18946658140756023,2.8131580352783203,-0.1972536263165856,0.4818965494632721,2.7695114612579346,-0.16017157897396617,0.4818965494632721,2.74482536315918,-0.14197204064404279,0.4818965494632721,2.74482536315918,-0.1498045368143166,0.4818965494632721,-76.03324578851472,0.0
160,4.0,1.7543337525622828e+18,3.705104654149648,1.0842302545365323,2.633345186080341,-0.31133084899543373,1.2059256250838575,2.5474088678159097,0.34362325093855717,0.47777242142363485,0.4818965494632721,2.878873348236084,-0.2455281621557428,2.8131580352783203,-0.18946658140756023,0.4818965494632721,2.8131580352783203,-0.1972536263165856,0.4818965494632721,2.7695114612579346,-0.16017157897396617,0.4818965494632721,2.74482536315918,-0.14197204064404279,0.4818965494632721,-76.28168199017894,0.0
161,4.025,1.7543337525872827e+18,3.730985772575751,1.158905994191162,2.6451027468955113,-0.3243307720769373,1.2835135304049932,2.561205299201439,0.4296957173254504,0.48003058011563476,0.4818965494632721,2.878873348236084,-0.2337706013405727,2.878873348236084,-0.2455281621557428,0.4818965494632721,2.8131580352783203,-0.18946658140756023,0.4818965494632721,2.8131580352783203,-0.1972536263165856,0.4818965494632721,2.7695114612579346,-0.16017157897396617,0.4818965494632721,-76.51843814144738,0.0
162,4.05,1.754333752612283e+18,3.751500354609476,1.206031216573082,2.6591901095037147,-0.3517642790294796,1.3375605645277313,2.5570528810371487,0.5725730175692062,0.4834220474243317,0.4818965494632721,2.968813180923462,-0.3096230714197472,2.878873348236084,-0.2337706013405727,0.4818965494632721,2.878873348236084,-0.2455281621557428,0.4818965494632721,2.8131580352783203,-0.18946658140756023,0.4818965494632721,2.8131580352783203,-0.1972536263165856,0.4818965494632721,-76.8311365637192,0.0
163,4.075,1.7543337526372828e+18,3.7794706314796422,1.281505940413517,2.676340254332488,-0.3919222788185145,1.3942867172148097,2.5350189529926035,0.7868520444381116,0.4853983403280213,0.4676807224750519,3.0814170837402344,-0.40507682940774625,2.968813180923462,-0.3096230714197472,0.4818965494632721,2.878873348236084,-0.2337706013405727,0.4818965494632721,2.878873348236084,-0.2455281621557428,0.4818965494632721,2.8131580352783203,-0.18946658140756023,0.4818965494632721,-77.23938354740132,0.0
164,4.1000000000000005,1.7543337526622828e+18,3.806659757054663,1.362446366372037,2.6981529191684253,-0.4382578574510864,1.4775982225583568,2.499919152215183,1.0816037551622086,0.48260901927820604,0.4676807224750519,3.0814170837402344,-0.3832641645718091,3.0814170837402344,-0.40507682940774625,0.4676807224750519,2.968813180923462,-0.3096230714197472,0.4818965494632721,2.878873348236084,-0.2337706013405727,0.4818965494632721,2.878873348236084,-0.2455281621557428,0.4818965494632721,-77.62590360698675,0.0
165,4.125,1.7543337526872827e+18,3.8206907608674663,1.4164598747261303,2.7270439531025086,-0.48043509819073094,1.5334202112547781,2.4603478658076208,1.452257877343684,0.4713859294006034,0.5177586078643799,3.0814170837402344,-0.3543731306377258,3.0814170837402344,-0.3832641645718091,0.4676807224750519,3.0814170837402344,-0.40507682940774625,0.4676807224750519,2.968813180923462,-0.3096230714197472,0.4818965494632721,2.878873348236084,-0.2337706013405727,0.4818965494632721,-77.98359120087935,0.0
166,4.15,1.7543337527122826e+18,3.832223570539744,1.4647922694024849,2.7656794835334675,-0.5076360277968796,1.5829583704602586,2.426236499094018,1.8744104959188923,0.4483342386907875,0.4572413861751556,3.213452100753784,-0.4477726172203167,3.0814170837402344,-0.3543731306377258,0.5177586078643799,3.0814170837402344,-0.3832641645718091,0.4676807224750519,3.0814170837402344,-0.40507682940774625,0.4676807224750519,2.968813180923462,-0.3096230714197472,0.4818965494632721,-78.43469439516029,0.0
167,4.175,1.7543337527372828e+18,3.825277613162941,1.548114146235264,2.816012878975479,-0.5127991377832607,1.6574215868985693,2.4055818794442985,2.3025181539280335,0.41084296478780674,0.396724134683609,3.36747670173645,-0.5514638227609714,3.213452100753784,-0.4477726172203167,0.4572413861751556,3.0814170837402344,-0.3543731306377258,0.5177586078643799,3.0814170837402344,-0.3832641645718091,0.4676807224750519,3.0814170837402344,-0.40507682940774625,0.4676807224750519,-78.98945710206408,0.0
168,4.2,1.7543337527622828e+18,3.831380495400311,1.601736286024393,2.8782646005856534,-0.4959746184872486,1.709670620212419,2.401334566152771,2.6749932755460297,0.35740608247397193,0.3160344958305359,3.4935407638549805,-0.6152761632693271,3.36747670173645,-0.5514638227609714,0.396724134683609,3.213452100753784,-0.4477726172203167,0.4572413861751556,3.0814170837402344,-0.3543731306377258,0.5177586078643799,3.0814170837402344,-0.3832641645718091,0.4676807224750519,-79.60796013172565,0.0
169,4.2250000000000005,1.7543337527872827e+18,3.824362394926232,1.6871415889348031,2.950285330289052,-0.465310630597907,1.7756258213626759,2.4092897235525585,2.925077871860792,0.2878545209038866,0.295862078666687,3.4935407638549805,-0.5432554335659283,3.4935407638549805,-0.6152761632693271,0.3160344958305359,3.36747670173645,-0.5514638227609714,0.396724134683609,3.213452100753784,-0.4477726172203167,0.4572413861751556,3.0814170837402344,-0.3543731306377258,0.5177586078643799,-80.15434730826354,0.0
170,4.25,1.754333752812283e+18,3.8026292690754673,1.779909035061869,3.027622013995397,-0.43503310011502794,1.8638920498659177,2.41752275967171,2.9948576277403447,0.20369444354697794,0.1949999928474426,3.609878063201904,-0.582256049206507,3.4935407638549805,-0.5432554335659283,0.295862078666687,3.4935407638549805,-0.6152761632693271,0.3160344958305359,3.36747670173645,-0.5514638227609714,0.396724134683609,3.213452100753784,-0.4477726172203167,0.4572413861751556,-80.7396370175157,0.0
171,4.275,1.7543337528372828e+18,3.792876198837256,1.831617689546868,3.1042896389841332,-0.4208426226055241,1.885300302846541,2.407711626394131,2.848636549001937,0.10856479877799564,0.1305979937314987,3.597515821456909,-0.49322618247277594,3.609878063201904,-0.582256049206507,0.1949999928474426,3.4935407638549805,-0.5432554335659283,0.295862078666687,3.4935407638549805,-0.6152761632693271,0.3160344958305359,3.36747670173645,-0.5514638227609714,0.396724134683609,-81.23581284770928,0.0
172,4.300000000000001,1.7543337528622828e+18,3.778934188741972,1.907060486634454,3.173923565196653,-0.43422281057238504,1.9479202622745118,2.3584207661753336,2.4820010710309313,0.008500359628305929,0.0780000016093254,3.538461923599243,-0.3645383584025903,3.597515821456909,-0.49322618247277594,0.1305979937314987,3.609878063201904,-0.582256049206507,0.1949999928474426,3.4935407638549805,-0.5432554335659283,0.295862078666687,3.4935407638549805,-0.6152761632693271,0.3160344958305359,-81.60324237192722,0.0
173,4.325,1.7543337528872827e+18,3.765422994534012,1.9965614999056016,3.2308760281851776,-0.4777954699441787,2.0089979046500095,2.2497958881348574,1.9241448110316728,-0.08848322489684872,-0.1065838783979415,3.288322687149048,-0.057446658963870245,3.538461923599243,-0.3645383584025903,0.0780000016093254,3.597515821456909,-0.49322618247277594,0.1305979937314987,3.609878063201904,-0.582256049206507,0.1949999928474426,3.4935407638549805,-0.5432554335659283,0.295862078666687,-81.66355361369317,0.0
174,4.3500000000000005,1.7543337529122826e+18,3.74968274658963,2.055363351260152,3.270979989778036,-0.5435813569383029,2.055671616199025,2.0682143619967124,1.23289895868135,-0.17376495161311908,-0.1689999997615814,3.1533944606781006,0.11758552909993547,3.288322687149048,-0.057446658963870245,-0.1065838783979415,3.538461923599243,-0.3645383584025903,0.0780000016093254,3.597515821456909,-0.49322618247277594,0.1305979937314987,3.609878063201904,-0.582256049206507,0.1949999928474426,-81.54884035658081,0.0
175,4.375,1.7543337529372828e+18,3.7032143121172183,2.1387151559113398,3.2919507201983396,-0.6149153612955128,2.131411501561857,1.8089561137018078,0.4837887338656606,-0.24020521134006304,-0.3160344958305359,3.0385241508483887,0.2534265693499509,3.1533944606781006,0.11758552909993547,-0.1689999997615814,3.288322687149048,-0.057446658963870245,-0.1065838783979415,3.538461923599243,-0.3645383584025903,0.0780000016093254,3.597515821456909,-0.49322618247277594,0.1305979937314987,-81.29832683897541,0.0
176,4.4,1.7543337529622828e+18,3.616001022927876,2.3248273697324056,3.2935137356990825,-0.6713702778172718,2.2718566366883137,1.4757749131233473,-0.24419389626444882,-0.2841528780754045,-0.3160344958305359,3.0385241508483887,0.2549895848506938,3.0385241508483887,0.2534265693499509,-0.3160344958305359,3.1533944606781006,0.11758552909993547,-0.1689999997615814,3.288322687149048,-0.057446658963870245,-0.1065838783979415,3.538461923599243,-0.3645383584025903,0.0780000016093254,-81.0463195218101,0.0
177,4.425000000000001,1.7543337529872827e+18,3.616001022927876,2.3248273697324056,3.277304991076035,-0.6948353593122569,2.2718566366883137,1.0782886262959785,-0.8828058597566415,-0.306446094292872,-0.2824729084968567,3.0385241508483887,0.23878084022764634,3.0385241508483887,0.2549895848506938,-0.3160344958305359,3.0385241508483887,0.2534265693499509,-0.3160344958305359,3.1533944606781006,0.11758552909993547,-0.1689999997615814,3.288322687149048,-0.057446658963870245,-0.1065838783979415,-80.8106107760499,0.0
178,4.45,1.754333753012283e+18,3.5782408506131294,2.341446207366892,3.246516699171562,-0.6743644222883056,2.2723078411128856,0.6297538425940878,-1.3856455876795453,-0.311914831800693,-0.2975431084632873,2.9406566619873047,0.30586003718425747,3.0385241508483887,0.23878084022764634,-0.2824729084968567,3.0385241508483887,0.2549895848506938,-0.3160344958305359,3.0385241508483887,0.2534265693499509,-0.3160344958305359,3.1533944606781006,0.11758552909993547,-0.1689999997615814,-80.5079228012292,0.0
179,4.4750000000000005,1.7543337530372828e+18,3.5175227605697774,2.427132486555794,3.2052772454601337,-0.6081114316480228,2.296781737113053,0.14716832145407255,-1.7338574866219885,-0.30763169115076267,-0.2824137806892395,2.865763664245605,0.3395135812145287,2.9406566619873047,0.30586003718425747,-0.2975431084632873,3.0385241508483887,0.23878084022764634,-0.2824729084968567,3.0385241508483887,0.2549895848506938,-0.3160344958305359,3.0385241508483887,0.2534265693499509,-0.3160344958305359,-80.17167885287463,0.0
180,4.5,1.7543337530622828e+18,3.501685623022336,2.447788244653135,3.1578595783999726,-0.5023714408864891,2.307499257684823,-0.3470239046833591,-1.935482751191925,-0.30071083564200235,-0.2824137806892395,2.865763664245605,0.29209591415436753,2.865763664245605,0.3395135812145287,-0.2824137806892395,2.9406566619873047,0.30586003718425747,-0.2975431084632873,3.0385241508483887,0.23878084022764634,-0.2824729084968567,3.0385241508483887,0.2549895848506938,-0.3160344958305359,-79.88293409259143,0.0
181,4.525,1.7543337530872827e+18,3.4393483140756125,2.5186597701691773,3.107921918124081,-0.369093799951066,2.295387712060706,-0.8245267595790661,-2.018978633058033,-0.2965237980494874,-0.2975431084632873,2.865763664245605,0.2421582538784759,2.865763664245605,0.29209591415436753,-0.2824137806892395,2.865763664245605,0.3395135812145287,-0.2824137806892395,2.9406566619873047,0.30586003718425747,-0.2975431084632873,3.0385241508483887,0.23878084022764634,-0.2824729084968567,-79.64417981228912,0.0
182,4.550000000000001,1.7543337531122826e+18,3.383112865244623,2.5880191687832967,3.057997532265933,-0.22319659746267906,2.2549293318705925,-1.2545254678273359,-2.022792746638928,-0.29785671550436843,-0.2975431084632873,2.865763664245605,0.19223386802032794,2.865763664245605,0.2421582538784759,-0.2975431084632873,2.865763664245605,0.29209591415436753,-0.2824137806892395,2.865763664245605,0.3395135812145287,-0.2824137806892395,2.9406566619873047,0.30586003718425747,-0.2975431084632873,-79.45536586162281,0.0
183,4.575,1.7543337531372828e+18,3.352933872593703,2.621248021932388,3.009352041457521,-0.08010277865544874,2.2492361199494977,-1.610482924035796,-1.9837995870391472,-0.3050507744117192,-0.3278017342090606,2.776258945465088,0.23309309599243333,2.865763664245605,0.19223386802032794,-0.2975431084632873,2.865763664245605,0.2421582538784759,-0.2975431084632873,2.865763664245605,0.29209591415436753,-0.2824137806892395,2.865763664245605,0.3395135812145287,-0.2824137806892395,-79.22567152663193,0.0
184,4.6000000000000005,1.7543337531622828e+18,3.293205209595782,2.687012807208907,2.962203332070011,0.046620521716980584,2.237968416612142,-1.8774129598613543,-1.9276290784223986,-0.31679323468968434,-0.3278017342090606,2.776258945465088,0.1859443866049233,2.776258945465088,0.23309309599243333,-0.3278017342090606,2.865763664245605,0.19223386802032794,-0.2975431084632873,2.865763664245605,0.2421582538784759,-0.2975431084632873,2.865763664245605,0.29209591415436753,-0.2824137806892395,-79.04307649210452,0.0
185,4.625,1.7543337531872827e+18,3.238835154574817,2.7557939264869304,2.916216810035361,0.14742383781493895,2.1556491952748438,-2.0559889981413995,-1.8633436357729518,-0.331090489787767,-0.3278017342090606,2.776258945465088,0.13995786457027304,2.776258945465088,0.1859443866049233,-0.3278017342090606,2.776258945465088,0.23309309599243333,-0.3278017342090606,2.865763664245605,0.19223386802032794,-0.2975431084632873,2.865763664245605,0.2421582538784759,-0.2975431084632873,-78.90640581971138,0.0
186,4.65,1.754333753212283e+18,3.208220364208977,2.807179473845396,2.8711271797921807,0.21829856385917534,2.0784933648328763,-2.1615250005588473,-1.7836679137121152,-0.3460595168795879,-0.3278017342090606,2.776258945465088,0.09486823432709279,2.776258945465088,0.13995786457027304,-0.3278017342090606,2.776258945465088,0.1859443866049233,-0.3278017342090606,2.776258945465088,0.23309309599243333,-0.3278017342090606,2.865763664245605,0.19223386802032794,-0.2975431084632873,-78.81476743874887,0.0
187,4.675000000000001,1.7543337532372828e+18,3.1609972289593107,2.863556349444909,2.8272808567043546,0.26124433369348576,2.032068049064501,-2.2184570620182296,-1.6703703479781447,-0.36040054203385896,-0.3731896579265594,2.7802438735961914,0.04703698310816318,2.776258945465088,0.09486823432709279,-0.3278017342090606,2.776258945465088,0.13995786457027304,-0.3278017342090606,2.776258945465088,0.1859443866049233,-0.3278017342090606,2.776258945465088,0.23309309599243333,-0.3278017342090606,-78.77092336191546,0.0
188,4.7,1.7543337532622828e+18,3.1049136967713515,2.983152788610111,2.785895331923963,0.28346346215382295,1.9155041601219305,-2.252778028012142,-1.5028934807046088,-0.3735916658694351,-0.3731896579265594,2.7802438735961914,0.005651458327771586,2.7802438735961914,0.04703698310816318,-0.3731896579265594,2.776258945465088,0.09486823432709279,-0.3278017342090606,2.776258945465088,0.13995786457027304,-0.3278017342090606,2.776258945465088,0.1859443866049233,-0.3278017342090606,-78.76845950055734,0.0
189,4.7250000000000005,1.7543337532872827e+18,3.0899389105896145,3.051816197259704,2.748945631481886,0.29521181806867314,1.8580868750312531,-2.285223883707195,-1.267382271088947,-0.3858886235346491,-0.3731896579265594,2.7802438735961914,-0.03129824211430554,2.7802438735961914,0.005651458327771586,-0.3731896579265594,2.7802438735961914,0.04703698310816318,-0.3731896579265594,2.776258945465088,0.09486823432709279,-0.3278017342090606,2.776258945465088,0.13995786457027304,-0.3278017342090606,-78.80297668810691,0.0
190,4.75,1.7543337533122826e+18,3.071626804595633,3.090470159309832,2.718761408074429,0.30655123094065967,1.822782714884745,-2.327201955153144,-0.9631692039293069,-0.3981695564741004,-0.4185775816440582,2.822084426879883,-0.10332301880545369,2.7802438735961914,-0.03129824211430554,-0.3731896579265594,2.7802438735961914,0.005651458327771586,-0.3731896579265594,2.7802438735961914,0.04703698310816318,-0.3731896579265594,2.776258945465088,0.09486823432709279,-0.3278017342090606,-78.90958177663654,0.0
191,4.775,1.7543337533372828e+18,3.045061072174275,3.1736259873352,2.697520019208437,0.32388626229650425,1.754932736916447,-2.3801897295296515,-0.6045952087192842,-0.4116253772914842,-0.4185775816440582,2.822084426879883,-0.12456440767144583,2.822084426879883,-0.10332301880545369,-0.4185775816440582,2.7802438735961914,-0.03129824211430554,-0.3731896579265594,2.7802438735961914,0.005651458327771586,-0.3731896579265594,2.7802438735961914,0.04703698310816318,-0.3731896579265594,-79.03750251106317,0.0
192,4.800000000000001,1.7543337533622828e+18,3.0301435549482907,3.225461962378775,2.686788993437454,0.3476840542710184,1.707645997835493,-2.438150026504464,-0.21755618716643793,-0.4273048436928515,-0.4185775816440582,2.8941521644592285,-0.20736317102177448,2.822084426879883,-0.12456440767144583,-0.4185775816440582,2.822084426879883,-0.10332301880545369,-0.4185775816440582,2.7802438735961914,-0.03129824211430554,-0.3731896579265594,2.7802438735961914,0.005651458327771586,-0.3731896579265594,-79.2482659920049,0.0
193,4.825,1.7543337533872827e+18,3.01497002429923,3.278187542924952,2.687190154479578,0.3725646714491807,1.6595477269322647,-2.4916766988722774,0.16806998499270837,-0.44559028851427035,-0.4185775816440582,2.8941521644592285,-0.2069620099796503,2.8941521644592285,-0.20736317102177448,-0.4185775816440582,2.822084426879883,-0.12456440767144583,-0.4185775816440582,2.822084426879883,-0.10332301880545369,-0.4185775816440582,2.7802438735961914,-0.03129824211430554,-0.3731896579265594,-79.45858229416528,0.0
194,4.8500000000000005,1.754333753412283e+18,2.999823481591965,3.3286791571583403,2.6982410208128025,0.3899712988190217,1.6163918567585338,-2.532264076943954,0.5274821417239233,-0.46577128320040584,-0.4818965494632721,2.9899802207946777,-0.29173919998187525,2.8941521644592285,-0.2069620099796503,-0.4185775816440582,2.8941521644592285,-0.20736317102177448,-0.4185775816440582,2.822084426879883,-0.12456440767144583,-0.4185775816440582,2.822084426879883,-0.10332301880545369,-0.4185775816440582,-79.75347920728593,0.0
195,4.875,1.7543337534372828e+18,2.988614055475679,3.4067544280468085,2.718465470630084,0.3924145069951384,1.5413569514951975,-2.5553309881816193,0.848177769621854,-0.4859038126850674,-0.4818965494632721,3.1107447147369385,-0.39227924410685455,2.9899802207946777,-0.29173919998187525,-0.4818965494632721,2.8941521644592285,-0.2069620099796503,-0.4185775816440582,2.8941521644592285,-0.20736317102177448,-0.4185775816440582,2.822084426879883,-0.12456440767144583,-0.4185775816440582,-80.14854258598622,0.0
196,4.9,1.7543337534622828e+18,2.980564881564746,3.457613648180301,2.745842018779227,0.3774392753314133,1.4931795958108598,-2.561270479014468,1.1324353937265321,-0.5030348920641147,-0.4818965494632721,3.1107447147369385,-0.3649026959577113,3.1107447147369385,-0.39227924410685455,-0.4818965494632721,2.9899802207946777,-0.29173919998187525,-0.4818965494632721,2.8941521644592285,-0.2069620099796503,-0.4185775816440582,2.8941521644592285,-0.20736317102177448,-0.4185775816440582,-80.51572928088504,0.0
197,4.925000000000001,1.7543337534872827e+18,3.000504805114614,3.5536390910806825,2.7785121528736254,0.3494110665502763,1.4039036457967147,-2.5545596115320155,1.3936765400559497,-0.513705086304821,-0.5782758593559265,3.257436752319336,-0.47892459944571053,3.1107447147369385,-0.3649026959577113,-0.4818965494632721,3.1107447147369385,-0.39227924410685455,-0.4818965494632721,2.9899802207946777,-0.29173919998187525,-0.4818965494632721,2.8941521644592285,-0.2069620099796503,-0.4185775816440582,-80.99646607748335,0.0
198,4.95,1.7543337535122826e+18,2.9975094038226486,3.65101771064648,2.8154732683292187,0.31810924156025705,1.3080177832002897,-2.5416341722424103,1.647547960084693,-0.5145315012846742,-0.4818965494632721,3.419985771179199,-0.6045125028499805,3.257436752319336,-0.47892459944571053,-0.5782758593559265,3.1107447147369385,-0.3649026959577113,-0.4818965494632721,3.1107447147369385,-0.39227924410685455,-0.4818965494632721,2.9899802207946777,-0.29173919998187525,-0.4818965494632721,-81.602590903526,0.0
199,4.9750000000000005,1.7543337535372828e+18,3.02532472265551,3.686303718530503,2.856884030163865,0.29464527639279453,1.2675121661778617,-2.528638526134821,1.9007447393337202,-0.5026898190850444,-0.4650862216949463,3.419985771179199,-0.5631017410153341,3.419985771179199,-0.6045125028499805,-0.4818965494632721,3.257436752319336,-0.47892459944571053,-0.5782758593559265,3.1107447147369385,-0.3649026959577113,-0.4818965494632721,3.1107447147369385,-0.39227924410685455,-0.4818965494632721,-82.1676318796701,0.0
200,5.0,1.7543337535622828e+18,3.036414840663888,3.741692564558983,2.903732828360011,0.28665143242548585,1.2160589169291178,-2.5200632045138853,2.1418776601543175,-0.47623388558449237,-0.5177586078643799,3.558140516281128,-0.6544076879211169,3.419985771179199,-0.5631017410153341,-0.4650862216949463,3.419985771179199,-0.6045125028499805,-0.4818965494632721,3.257436752319336,-0.47892459944571053,-0.5782758593559265,3.1107447147369385,-0.3649026959577113,-0.4818965494632721,-82.82496576267695,0.0
201,5.025,1.7543337535872827e+18,3.050605783695008,3.8214144474538063,2.9569272697024536,0.2952297605150148,1.1521922595474603,-2.5186060328629067,2.338441662146721,-0.4342908231189524,-0.4572413861751556,3.649017572402954,-0.6920903027005005,3.558140516281128,-0.6544076879211169,-0.5177586078643799,3.419985771179199,-0.5631017410153341,-0.4650862216949463,3.419985771179199,-0.6045125028499805,-0.4818965494632721,3.257436752319336,-0.47892459944571053,-0.5782758593559265,-83.52149227048548,0.0
202,5.050000000000001,1.754333753612283e+18,3.0658144013628825,3.8771287960919274,3.016166209074234,0.3153714482004595,1.100711126836814,-2.5257321751008535,2.4420693775666944,-0.3771601070060172,-0.3362068831920624,3.692185640335083,-0.676019431260849,3.649017572402954,-0.6920903027005005,-0.4572413861751556,3.558140516281128,-0.6544076879211169,-0.5177586078643799,3.419985771179199,-0.5631017410153341,-0.4650862216949463,3.419985771179199,-0.6045125028499805,-0.4818965494632721,-84.20347955337914,0.0
203,5.075,1.7543337536372828e+18,3.098400039148389,3.9585987915319256,3.0790821044669205,0.3396464701878428,1.0121348391101739,-2.541944418507203,2.4013147896379747,-0.3063183120869127,-0.2756896615028381,3.6877920627594,-0.6087099582924793,3.692185640335083,-0.676019431260849,-0.3362068831920624,3.649017572402954,-0.6920903027005005,-0.4572413861751556,3.558140516281128,-0.6544076879211169,-0.5177586078643799,3.419985771179199,-0.5631017410153341,-0.4650862216949463,-84.8188878594541,0.0
204,5.1000000000000005,1.7543337536622828e+18,3.1267857339825498,4.029007361894305,3.141060338242207,0.36292803347274116,0.9386769064300067,-2.565910237852053,2.1782663614429,-0.22437190764694465,-0.2756896615028381,3.6877920627594,-0.5467317245171928,3.6877920627594,-0.6087099582924793,-0.2756896615028381,3.692185640335083,-0.676019431260849,-0.3362068831920624,3.649017572402954,-0.6920903027005005,-0.4572413861751556,3.558140516281128,-0.6544076879211169,-0.5177586078643799,-85.37134466482601,0.0
205,5.125,1.7543337536872827e+18,3.202281294096233,4.091360244659369,3.1959097189843177,0.38517249244825985,0.8801698846805394,-2.5922056877035025,1.7634963611304544,-0.1349966997677359,-0.1624999940395355,3.541661739349365,-0.34575202036504704,3.6877920627594,-0.5467317245171928,-0.2756896615028381,3.6877920627594,-0.6087099582924793,-0.2756896615028381,3.692185640335083,-0.676019431260849,-0.3362068831920624,3.649017572402954,-0.6920903027005005,-0.4572413861751556,-85.7196024329619,0.0
206,5.15,1.7543337537122826e+18,3.235649601214674,4.147424513359214,3.2372429140043097,0.4105473642586362,0.8250185765636563,-2.608403386874704,1.1839963512585274,-0.04279378131255106,0.0219989214092493,3.2629308700561523,-0.025687956051842598,3.541661739349365,-0.34575202036504704,-0.1624999940395355,3.6877920627594,-0.5467317245171928,-0.2756896615028381,3.6877920627594,-0.6087099582924793,-0.2756896615028381,3.692185640335083,-0.676019431260849,-0.3362068831920624,-85.74269708552448,0.0
207,5.175000000000001,1.7543337537372828e+18,3.2771049096871274,4.2276453605274416,3.260128407480675,0.44363358777325507,0.7649630455270648,-2.593216787211393,0.5008847472543011,0.0470515765907299,0.0219989214092493,3.2629308700561523,-0.002802462575477449,3.2629308700561523,-0.025687956051842598,0.0219989214092493,3.541661739349365,-0.34575202036504704,-0.1624999940395355,3.6877920627594,-0.5467317245171928,-0.2756896615028381,3.6877920627594,-0.6087099582924793,-0.2756896615028381,-85.73767740463637,0.0
208,5.2,1.7543337537622828e+18,3.316549249884525,4.279730389528282,3.2624275092686856,0.48515603471325885,0.7139654921974293,-2.5177149883597325,-0.20292813069779664,0.12931286366958913,0.1354166716337204,3.0374233722686768,0.22500413700000887,3.2629308700561523,-0.002802462575477449,0.0219989214092493,3.2629308700561523,-0.025687956051842598,0.0219989214092493,3.541661739349365,-0.34575202036504704,-0.1624999940395355,3.6877920627594,-0.5467317245171928,-0.2756896615028381,-82.36667810452649,0.0
209,5.2250000000000005,1.7543337537872827e+18,3.372559662101734,4.320984611454844,3.245321095793528,0.529618663668442,0.6452061616352538,-2.350726314626322,-0.8415157733652584,0.19938181369259134,0.1354166716337204,3.0374233722686768,0.20789772352485114,3.0374233722686768,0.22500413700000887,0.1354166716337204,3.2629308700561523,-0.002802462575477449,0.0219989214092493,3.2629308700561523,-0.025687956051842598,0.0219989214092493,3.541661739349365,-0.34575202036504704,-0.1624999940395355,-79.01843005548768,0.0
210,5.25,1.754333753812283e+18,3.4165428827956834,4.369481010974541,3.212844782871443,0.5659024999480357,0.5945673068353676,-2.0676421499415003,-1.3453888975496795,0.25397907591564806,0.3137930929660797,2.960325002670288,0.25251978020115473,3.0374233722686768,0.20789772352485114,0.1354166716337204,3.0374233722686768,0.22500413700000887,0.1354166716337204,3.2629308700561523,-0.002802462575477449,0.0219989214092493,3.2629308700561523,-0.025687956051842598,0.0219989214092493,-75.64376773881968,0.0
211,5.275,1.7543337538372828e+18,3.467094376245966,4.422664782419062,3.170644906125718,0.5804874739350654,0.5410252154915275,-1.659758260845069,-1.6757438158911044,0.2918228890852097,0.3137930929660797,2.960325002670288,0.21031990345542972,2.960325002670288,0.25251978020115473,0.3137930929660797,3.0374233722686768,0.20789772352485114,0.1354166716337204,3.0374233722686768,0.22500413700000887,0.1354166716337204,3.2629308700561523,-0.002802462575477449,0.0219989214092493,-72.34600324816208,0.0
212,5.300000000000001,1.7543337538622828e+18,3.537304118880533,4.485268429792927,3.1244439901231353,0.5620061467574005,0.47117916406660454,-1.1402817165581418,-1.8295385694286563,0.3140179063995269,0.3137930929660797,2.904935359954834,0.21950863016830136,2.960325002670288,0.21031990345542972,0.3137930929660797,2.960325002670288,0.25251978020115473,0.3137930929660797,3.0374233722686768,0.20789772352485114,0.1354166716337204,3.0374233722686768,0.22500413700000887,0.1354166716337204,-69.09195175512043,0.0
213,5.325,1.7543337538872827e+18,3.599930779221026,4.517405097167957,3.078750214698626,0.5053697581514689,0.43263448336736743,-0.5441426356113404,-1.8346054050542098,0.32387743551885706,0.3137930929660797,2.960325002670288,0.11842521202833778,2.904935359954834,0.21950863016830136,0.3137930929660797,2.960325002670288,0.21031990345542972,0.3137930929660797,2.960325002670288,0.25251978020115473,0.3137930929660797,3.0374233722686768,0.20789772352485114,0.1354166716337204,-66.0087766987461,0.0
214,5.3500000000000005,1.7543337539122826e+18,3.6394929537091376,4.532131980180797,3.036185221734882,0.4138255474545646,0.451549539710184,0.07861748936642897,-1.7372376847149913,0.32611239138112874,0.3137930929660797,2.904935359954834,0.13124986178004816,2.960325002670288,0.11842521202833778,0.3137930929660797,2.904935359954834,0.21950863016830136,0.3137930929660797,2.960325002670288,0.21031990345542972,0.3137930929660797,2.960325002670288,0.25251978020115473,0.3137930929660797,-63.002218281245845,0.0
215,5.375,1.7543337539372828e+18,3.7291932243950536,4.569954207853242,2.99753653355154,0.2980546622685088,0.459647533900402,0.6735870200973961,-1.5868273429015836,0.3256575153918236,0.3137930929660797,2.904935359954834,0.09260117359670605,2.904935359954834,0.13124986178004816,0.3137930929660797,2.960325002670288,0.11842521202833778,0.3137930929660797,2.904935359954834,0.21950863016830136,0.3137930929660797,2.960325002670288,0.21031990345542972,0.3137930929660797,-60.12276356317655,0.0
216,5.4,1.7543337539622828e+18,3.822381444070312,4.617174403782901,2.962373241384995,0.17257751442624933,0.48431855332339924,1.193500108048133,-1.4225251361430291,0.32657724440217506,0.3306034505367279,2.8753550052642822,0.0870182361207128,2.904935359954834,0.09260117359670605,0.3137930929660797,2.904935359954834,0.13124986178004816,0.3137930929660797,2.960325002670288,0.11842521202833778,0.3137930929660797,2.904935359954834,0.21950863016830136,0.3137930929660797,-57.33641057720673,0.0
217,5.425000000000001,1.7543337539872827e+18,3.875311948789781,4.641913162801259,2.929892114634365,0.05090656097374186,0.4956348016736248,1.6074117538338424,-1.265596055946769,0.3314069797198995,0.3126724064350128,2.8753550052642822,0.054537109370082604,2.8753550052642822,0.0870182361207128,0.3306034505367279,2.904935359954834,0.09260117359670605,0.3137930929660797,2.904935359954834,0.13124986178004816,0.3137930929660797,2.960325002670288,0.11842521202833778,0.3137930929660797,-54.66324563405135,0.0
218,5.45,1.754333754012283e+18,3.925525320628842,4.67273309038982,2.899641426158977,-0.058416739240542644,0.5416045451197246,1.905256798459111,-1.1187988404310865,0.3410524393073239,0.3642241358757019,2.868069648742676,0.03157177741630113,2.8753550052642822,0.054537109370082604,0.3126724064350128,2.8753550052642822,0.0870182361207128,0.3306034505367279,2.904935359954834,0.09260117359670605,0.3137930929660797,2.904935359954834,0.13124986178004816,0.3137930929660797,-52.083647347497504,0.0
219,5.4750000000000005,1.7543337540372828e+18,4.00384286327945,4.71093138727174,2.871889722376161,-0.15307021093807502,0.5821799603175549,2.09682261188573,-0.9716763511075939,0.3551353370031257,0.3642241358757019,2.868069648742676,0.0038200736334852436,2.868069648742676,0.03157177741630113,0.3642241358757019,2.8753550052642822,0.054537109370082604,0.3126724064350128,2.8753550052642822,0.0870182361207128,0.3306034505367279,2.904935359954834,0.09260117359670605,0.3137930929660797,-49.592186389383066,0.0
220,5.5,1.7543337540622828e+18,4.057295616392514,4.748959960392144,2.847591298894371,-0.23506943678709005,0.6453980701465891,2.2058903216541514,-0.8089523846183033,0.3725325909606051,0.3731896579265594,2.9123072624206543,-0.06471596352628328,2.868069648742676,0.0038200736334852436,0.3642241358757019,2.868069648742676,0.03157177741630113,0.3642241358757019,2.8753550052642822,0.054537109370082604,0.3126724064350128,2.8753550052642822,0.0870182361207128,0.3306034505367279,-47.2351765397575,0.0
221,5.525,1.7543337540872827e+18,4.120309972651625,4.78333590491841,2.82805571974412,-0.30710980646840697,0.6962243029748721,2.2618266335302617,-0.6187459458023972,0.3918577411102307,0.3731896579265594,2.9123072624206543,-0.08425154267653445,2.9123072624206543,-0.06471596352628328,0.3731896579265594,2.868069648742676,0.0038200736334852436,0.3642241358757019,2.868069648742676,0.03157177741630113,0.3642241358757019,2.8753550052642822,0.054537109370082604,0.3126724064350128,-44.9468067804865,0.0
222,5.550000000000001,1.7543337541122826e+18,4.194019993817014,4.835867069102648,2.8145037945873614,-0.3694104352066914,0.7705401672222878,2.2914930694437046,-0.3979920429714512,0.41175451360373194,0.4314655065536499,2.958277463912964,-0.14377366932560243,2.9123072624206543,-0.08425154267653445,0.3731896579265594,2.9123072624206543,-0.06471596352628328,0.3731896579265594,2.868069648742676,0.0038200736334852436,0.3642241358757019,2.868069648742676,0.03157177741630113,0.3642241358757019,-42.78022683396027,0.0
223,5.575,1.7543337541372828e+18,4.2650602766152526,4.884396781743535,2.8076930513137746,-0.41881683333596575,0.838290231251271,2.313791613639759,-0.1538544175919723,0.43100934625360104,0.4314655065536499,2.958277463912964,-0.1505844125991893,2.958277463912964,-0.14377366932560243,0.4314655065536499,2.9123072624206543,-0.08425154267653445,0.3731896579265594,2.9123072624206543,-0.06471596352628328,0.3731896579265594,2.868069648742676,0.0038200736334852436,0.3642241358757019,-40.671885347783544,0.0
224,5.6000000000000005,1.7543337541622828e+18,4.341150264896704,4.9707767479682055,2.8077440362104165,-0.45041817824499875,0.9324934144747118,2.337869689349922,0.09858032820604205,0.44855813390878835,0.4314655065536499,2.958277463912964,-0.1505334277025474,2.958277463912964,-0.1505844125991893,0.4314655065536499,2.958277463912964,-0.14377366932560243,0.4314655065536499,2.9123072624206543,-0.08425154267653445,0.3731896579265594,2.9123072624206543,-0.06471596352628328,0.3731896579265594,-38.6446036167085,0.0
225,5.625,1.7543337541872827e+18,4.341150264896704,4.9707767479682055,2.814204089276971,-0.4605050309837421,0.9324934144747118,2.3645856337670645,0.3409474618383591,0.4634789261166002,0.4650862216949463,3.017014980316162,-0.20281089103919125,2.958277463912964,-0.1505334277025474,0.4314655065536499,2.958277463912964,-0.1505844125991893,0.4314655065536499,2.958277463912964,-0.14377366932560243,0.4314655065536499,2.9123072624206543,-0.08425154267653445,0.3731896579265594,-36.72642769047806,0.0
226,5.65,1.754333754212283e+18,4.381208433254107,5.038701697419066,2.8262703613315816,-0.4491590819060789,1.0072661726632501,2.389853918584345,0.5567903585323989,0.47506211944239773,0.4650862216949463,3.017014980316162,-0.1907446189845805,3.017014980316162,-0.20281089103919125,0.4650862216949463,2.958277463912964,-0.1505334277025474,0.4314655065536499,2.958277463912964,-0.1505844125991893,0.4314655065536499,2.958277463912964,-0.14377366932560243,0.4314655065536499,-34.85458945892883,0.0
227,5.675000000000001,1.7543337542372828e+18,4.438584582746615,5.096581612666764,2.843022909285547,-0.4212469201378591,1.0807077837367018,2.4082443955694437,0.7357069293108784,0.4830021683290042,0.4650862216949463,3.088398694992065,-0.2453757857065182,3.017014980316162,-0.1907446189845805,0.4650862216949463,3.017014980316162,-0.20281089103919125,0.4650862216949463,2.958277463912964,-0.1505334277025474,0.4314655065536499,2.958277463912964,-0.1505844125991893,0.4314655065536499,-33.09666052446972,0.0
228,5.7,1.7543337542622828e+18,4.468816988904608,5.155210382488957,2.8635567059341267,-0.38555891148539395,1.1249243568308638,2.415622034707419,0.8754809228396675,0.48762690095121136,0.5581034421920776,3.1646206378936768,-0.30106393195955006,3.088398694992065,-0.2453757857065182,0.4650862216949463,3.017014980316162,-0.1907446189845805,0.4650862216949463,3.017014980316162,-0.20281089103919125,0.4650862216949463,2.958277463912964,-0.1505334277025474,0.4314655065536499,-31.48495847503175,0.0
229,5.7250000000000005,1.7543337542872827e+18,4.500595901848715,5.2270860854608765,2.887027332802865,-0.35262820429840397,1.1909481040324355,2.4103318218334673,0.9819263014738705,0.4899362336796504,0.5177586078643799,3.245649576187134,-0.35862224338426874,3.1646206378936768,-0.30106393195955006,0.5581034421920776,3.088398694992065,-0.2453757857065182,0.4650862216949463,3.017014980316162,-0.1907446189845805,0.4650862216949463,3.017014980316162,-0.20281089103919125,0.4650862216949463,-30.028211529881673,0.0
230,5.75,1.7543337543122826e+18,4.536596700812838,5.29221900292679,2.9127156101925555,-0.33209094503853875,1.2556199262181076,2.393126094218432,1.066762909503891,0.49123068982314577,0.4314655065536499,3.245649576187134,-0.33293396599457825,3.245649576187134,-0.35862224338426874,0.5177586078643799,3.1646206378936768,-0.30106393195955006,0.5581034421920776,3.088398694992065,-0.2453757857065182,0.4650862216949463,3.017014980316162,-0.1907446189845805,0.4650862216949463,-28.60606405892088,0.0
231,5.775,1.7543337543372828e+18,4.570062493800732,5.369770143782047,2.940168426825133,-0.33039142780542174,1.3231071631105473,2.3664790428995013,1.1442327125411567,0.49239368583869353,0.4314655065536499,3.245649576187134,-0.3054811493620009,3.245649576187134,-0.33293396599457825,0.4314655065536499,3.245649576187134,-0.35862224338426874,0.5177586078643799,3.1646206378936768,-0.30106393195955006,0.5581034421920776,3.088398694992065,-0.2453757857065182,0.4650862216949463,-27.25659177183982,0.0
232,5.800000000000001,1.7543337543622828e+18,4.57861657725244,5.393249285588045,2.9693399587340132,-0.34937120527182625,1.3437284572935373,2.333904541895247,1.2273581096376913,0.49327269395850915,0.5177586078643799,3.3323769569396973,-0.363036998205684,3.245649576187134,-0.3054811493620009,0.4314655065536499,3.245649576187134,-0.33293396599457825,0.4314655065536499,3.245649576187134,-0.35862224338426874,0.5177586078643799,3.1646206378936768,-0.30106393195955006,0.5581034421920776,-26.025221979402634,0.0
233,5.825,1.7543337543872827e+18,4.608455995888185,5.475152150519462,3.000599539527482,-0.3859917526475946,1.415662222425835,2.2993892427281266,1.3247553278829247,0.49266433466381143,0.5177586078643799,3.3323769569396973,-0.3317774174122152,3.3323769569396973,-0.363036998205684,0.5177586078643799,3.245649576187134,-0.3054811493620009,0.4314655065536499,3.245649576187134,-0.33293396599457825,0.4314655065536499,3.245649576187134,-0.35862224338426874,0.5177586078643799,-24.823916099657755,0.0
234,5.8500000000000005,1.754333754412283e+18,4.627036870011899,5.572515214489182,3.0345592800313828,-0.4332358515314547,1.5050367051345173,2.266628491743982,1.4387498222765567,0.4889957157895478,0.4975862205028534,3.4190337657928467,-0.3844744857614639,3.3323769569396973,-0.3317774174122152,0.5177586078643799,3.3323769569396973,-0.363036998205684,0.5177586078643799,3.245649576187134,-0.3054811493620009,0.4314655065536499,3.245649576187134,-0.33293396599457825,0.4314655065536499,-23.77356011153594,0.0
235,5.875,1.7543337544372828e+18,4.645369199529853,5.659035323578557,3.0718042692758067,-0.48199912919288374,1.5666900062302458,2.2379651204121664,1.565205058083246,0.48128153253335876,0.4975862205028534,3.504605293273926,-0.43280102399811904,3.4190337657928467,-0.3844744857614639,0.4975862205028534,3.3323769569396973,-0.3317774174122152,0.5177586078643799,3.3323769569396973,-0.363036998205684,0.5177586078643799,3.245649576187134,-0.3054811493620009,0.4314655065536499,-22.87241567807422,0.0
236,5.9,1.7543337544622828e+18,4.652564208242167,5.695636116414936,3.1126511466578695,-0.5234263370948735,1.5980600732885122,2.2135183415041504,1.6950246500991644,0.4697756405240228,0.4774138033390045,3.5892014503479004,-0.47655030369003093,3.504605293273926,-0.43280102399811904,0.4975862205028534,3.4190337657928467,-0.3844744857614639,0.4975862205028534,3.3323769569396973,-0.3317774174122152,0.5177586078643799,3.3323769569396973,-0.363036998205684,0.5177586078643799,-22.087819735089038,0.0
237,5.925000000000001,1.7543337544872827e+18,4.659554272830592,5.786648381249947,3.1570148919741152,-0.5509167073766981,1.6579545983637338,2.1911873809220586,1.8168334989308783,0.4559782161659253,0.4370689690113067,3.6729345321655273,-0.5159196401914121,3.5892014503479004,-0.47655030369003093,0.4774138033390045,3.504605293273926,-0.43280102399811904,0.4975862205028534,3.4190337657928467,-0.3844744857614639,0.4975862205028534,3.3323769569396973,-0.3317774174122152,0.5177586078643799,-21.476962734489373,0.0
238,5.95,1.7543337545122826e+18,4.665910499979782,5.846706230228619,3.2044087616456,-0.5612045045920487,1.7062648947327237,2.1677433789699974,1.920026438439756,0.44204666680673826,0.4370689690113067,3.6729345321655273,-0.4685257705199275,3.6729345321655273,-0.5159196401914121,0.4370689690113067,3.5892014503479004,-0.47655030369003093,0.4774138033390045,3.504605293273926,-0.43280102399811904,0.4975862205028534,3.4190337657928467,-0.3844744857614639,0.4975862205028534,-20.9059592188716,0.0
239,5.9750000000000005,1.7543337545372828e+18,4.654717264790838,5.939245658773631,3.254065203987587,-0.5543947053352833,1.7563988647886282,2.140530235402244,1.9973013377484,0.4299448415691562,0.4168965518474579,3.755963087081909,-0.5018978830943222,3.6729345321655273,-0.4685257705199275,0.4370689690113067,3.6729345321655273,-0.5159196401914121,0.4370689690113067,3.5892014503479004,-0.47655030369003093,0.4774138033390045,3.504605293273926,-0.43280102399811904,0.4975862205028534,-20.461417689043117,0.0
240,6.0,1.7543337545622828e+18,4.650896004369571,6.017890914044434,3.3051225520292085,-0.5332513758416131,1.815062597010551,2.1089553624391764,2.045994859460845,0.4207404962177247,0.4168965518474579,3.755963087081909,-0.4508405350527007,3.755963087081909,-0.5018978830943222,0.4168965518474579,3.6729345321655273,-0.4685257705199275,0.4370689690113067,3.6729345321655273,-0.5159196401914121,0.4370689690113067,3.5892014503479004,-0.47655030369003093,0.4774138033390045,-20.08283746932247,0.0
241,6.025,1.7543337545872827e+18,4.632549835840791,6.112862530921554,3.3567904503687154,-0.5022040454763724,1.8771569973328497,2.075117003113397,2.067946712563638,0.4143345228056015,0.4168965518474579,3.920802593231201,-0.5640121428624858,3.755963087081909,-0.4508405350527007,0.4168965518474579,3.755963087081909,-0.5018978830943222,0.4168965518474579,3.6729345321655273,-0.4685257705199275,0.4370689690113067,3.6729345321655273,-0.5159196401914121,0.4370689690113067,-19.925737769031326,0.0
242,6.050000000000001,1.754333754612283e+18,4.6237905452462815,6.176783971945451,3.408434091193013,-0.4664561883517367,1.922769835688978,2.0433363588091282,2.068099383476257,0.40967376618071827,0.4168965518474579,3.920802593231201,-0.5123685020381883,3.920802593231201,-0.5640121428624858,0.4168965518474579,3.755963087081909,-0.4508405350527007,0.4168965518474579,3.755963087081909,-0.5018978830943222,0.4168965518474579,3.6729345321655273,-0.4685257705199275,0.4370689690113067,-19.804207991302988,0.0
243,6.075,1.7543337546372828e+18,4.595449872877931,6.264282814384668,3.459593152734811,-0.4313474110762275,1.974523160924544,2.018755074258183,2.05244493715963,0.4052857925504703,0.4168965518474579,3.920802593231201,-0.46120944049639023,3.920802593231201,-0.5123685020381883,0.4168965518474579,3.920802593231201,-0.5640121428624858,0.4168965518474579,3.755963087081909,-0.4508405350527007,0.4168965518474579,3.755963087081909,-0.5018978830943222,0.4168965518474579,-19.708285917071976,0.0
244,6.1000000000000005,1.7543337546622828e+18,4.579431764530142,6.328689339726971,3.509994762898563,-0.4018888265234447,2.0162824253001292,2.0054331192212045,2.026136664341565,0.399868714839929,0.396724134683609,4.082621574401856,-0.5726268115032935,3.920802593231201,-0.46120944049639023,0.4168965518474579,3.920802593231201,-0.5123685020381883,0.4168965518474579,3.920802593231201,-0.5640121428624858,0.4168965518474579,3.755963087081909,-0.4508405350527007,0.4168965518474579,-19.80335204393775,0.0
245,6.125,1.7543337546872827e+18,4.532104793487303,6.437275407175252,3.559576592348734,-0.3822902033946963,2.0949288032143176,2.004577834168651,1.992522979836479,0.3927000423501748,0.396724134683609,4.162062644958496,-0.6024860526097622,4.082621574401856,-0.5726268115032935,0.396724134683609,3.920802593231201,-0.46120944049639023,0.4168965518474579,3.920802593231201,-0.5123685020381883,0.4168965518474579,3.920802593231201,-0.5640121428624858,0.4168965518474579,-19.99771539983333,0.0
246,6.15,1.7543337547122826e+18,4.492928202263256,6.502696392334068,3.608465423283289,-0.3753848254427345,2.1229964629320723,2.013594839425765,1.953529677557605,0.38375513434675357,0.3765517175197601,4.162062644958496,-0.553597221675207,4.162062644958496,-0.6024860526097622,0.396724134683609,4.082621574401856,-0.5726268115032935,0.396724134683609,3.920802593231201,-0.46120944049639023,0.4168965518474579,3.920802593231201,-0.5123685020381883,0.4168965518474579,-20.19709310975064,0.0
247,6.175000000000001,1.7543337547372828e+18,4.4589573364976935,6.56975658142366,3.6568639055523007,-0.3821174087373553,2.164291500339658,2.026407713715354,1.91128271855636,0.37356585132198816,0.3765517175197601,4.240648746490479,-0.5837848409381787,4.162062644958496,-0.553597221675207,0.3765517175197601,4.162062644958496,-0.6024860526097622,0.396724134683609,4.082621574401856,-0.5726268115032935,0.396724134683609,3.920802593231201,-0.46120944049639023,0.4168965518474579,-20.472155851054154,0.0
248,6.2,1.7543337547622828e+18,4.421014169085442,6.644658292757228,3.704888943691841,-0.40151996062361206,2.210415273824394,2.034986080697039,1.870277797473703,0.36293570734854325,0.3563793003559112,4.3184332847595215,-0.6135443410676804,4.240648746490479,-0.5837848409381787,0.3765517175197601,4.162062644958496,-0.553597221675207,0.3765517175197601,4.162062644958496,-0.6024860526097622,0.396724134683609,4.082621574401856,-0.5726268115032935,0.396724134683609,-20.816596754422168,0.0
249,6.2250000000000005,1.7543337547872827e+18,4.39162437471666,6.721551833500129,3.7524820274216326,-0.43151055870380345,2.2709470416668838,2.031598266173508,1.83898589187502,0.35264304863581036,0.3563793003559112,4.395420074462891,-0.642938047041258,4.3184332847595215,-0.6135443410676804,0.3563793003559112,4.240648746490479,-0.5837848409381787,0.3765517175197601,4.162062644958496,-0.553597221675207,0.3765517175197601,4.162062644958496,-0.6024860526097622,0.396724134683609,-21.214092216255025,0.0
250,6.25,1.754333754812283e+18,4.296204353112296,6.826692038033502,3.799500105454409,-0.4702515454988195,2.3407350626211643,2.0111965280799446,1.8297647790127958,0.3432314433587486,0.3362068831920624,4.472123622894287,-0.6726235174398782,4.395420074462891,-0.642938047041258,0.3563793003559112,4.3184332847595215,-0.6135443410676804,0.3563793003559112,4.240648746490479,-0.5837848409381787,0.3765517175197601,4.162062644958496,-0.553597221675207,0.3765517175197601,-21.663602512771767,0.0
251,6.275,1.7543337548372828e+18,4.261076168228251,6.875032928382697,3.845994554219422,-0.5171440763190838,2.3730006534648913,1.9733994976473166,1.8564512212741975,0.33493519770148744,0.3362068831920624,4.472123622894287,-0.6261290686748651,4.472123622894287,-0.6726235174398782,0.3362068831920624,4.395420074462891,-0.642938047041258,0.3563793003559112,4.3184332847595215,-0.6135443410676804,0.3563793003559112,4.240648746490479,-0.5837848409381787,0.3765517175197601,-22.096376345312756,0.0
252,6.300000000000001,1.7543337548622828e+18,4.212528430886032,6.9541050099788455,3.8925446579467144,-0.5725421265224726,2.428076709847307,1.9235368835334794,1.9299511544974126,0.3277340990215443,0.3362068831920624,4.548973560333252,-0.6564289023865375,4.472123622894287,-0.6261290686748651,0.3362068831920624,4.472123622894287,-0.6726235174398782,0.3362068831920624,4.395420074462891,-0.642938047041258,0.3563793003559112,4.3184332847595215,-0.6135443410676804,0.3563793003559112,-22.584351774329022,0.0
253,6.325,1.7543337548872827e+18,4.16432856543359,7.010795506507988,3.9404199637500987,-0.6361127332069147,2.470292521356226,1.8721952992252682,2.053196522171913,0.321485392563779,0.3160344958305359,4.62641191482544,-0.6859919510753416,4.548973560333252,-0.6564289023865375,0.3362068831920624,4.472123622894287,-0.6261290686748651,0.3362068831920624,4.472123622894287,-0.6726235174398782,0.3362068831920624,4.395420074462891,-0.642938047041258,0.3563793003559112,-23.119061407733724,0.0
254,6.3500000000000005,1.7543337549122826e+18,4.071975351119954,7.099496108782364,3.991391908535028,-0.7048641980009756,2.526241642790571,1.8328889139483218,2.2175230829269337,0.3160580708012724,0.3160344958305359,4.704615116119385,-0.713223207584357,4.62641191482544,-0.6859919510753416,0.3160344958305359,4.548973560333252,-0.6564289023865375,0.3362068831920624,4.472123622894287,-0.6261290686748651,0.3362068831920624,4.472123622894287,-0.6726235174398782,0.3362068831920624,-23.686721874560586,0.0
255,6.375,1.7543337549372828e+18,4.0175022184790325,7.1531128232073184,4.047201544468278,-0.7724141018705112,2.5669340396532094,1.818086530249528,2.4024315037101105,0.3114041303297159,0.3160344958305359,4.783729076385498,-0.7365275319172202,4.704615116119385,-0.713223207584357,0.3160344958305359,4.62641191482544,-0.6859919510753416,0.3160344958305359,4.548973560333252,-0.6564289023865375,0.3362068831920624,4.472123622894287,-0.6261290686748651,0.3362068831920624,-24.27344486966349,0.0
256,6.4,1.7543337549622828e+18,3.923347045130803,7.237586730291446,4.1089017627336295,-0.8305566875002612,2.641445283656921,1.834717333097888,2.5796967889038958,0.3075300965130303,0.3160344958305359,4.783729076385498,-0.6748273136518685,4.783729076385498,-0.7365275319172202,0.3160344958305359,4.704615116119385,-0.713223207584357,0.3160344958305359,4.62641191482544,-0.6859919510753416,0.3160344958305359,4.548973560333252,-0.6564289023865375,0.3362068831920624,-24.80630014267132,0.0
257,6.425000000000001,1.7543337549872827e+18,3.825000132092653,7.317196828387052,4.17637791574015,-0.8727120630583403,2.7068179533415746,1.880905493585781,2.721162646300845,0.30436490179953757,0.295862078666687,4.863910675048828,-0.6875327593086782,4.783729076385498,-0.6748273136518685,0.3160344958305359,4.783729076385498,-0.7365275319172202,0.3160344958305359,4.704615116119385,-0.713223207584357,0.3160344958305359,4.62641191482544,-0.6859919510753416,0.3160344958305359,-25.33366132300603,0.0
258,6.45,1.754333755012283e+18,3.767769012788869,7.344020042823619,4.248256063149763,-0.8973311642034348,2.728399049128485,1.945556867636361,2.807909157183693,0.3015645748613263,0.295862078666687,4.945434093475342,-0.6971780303255786,4.863910675048828,-0.6875327593086782,0.295862078666687,4.783729076385498,-0.6748273136518685,0.3160344958305359,4.783729076385498,-0.7365275319172202,0.3160344958305359,4.704615116119385,-0.713223207584357,0.3160344958305359,-25.83358572701502,0.0
259,6.4750000000000005,1.7543337550372828e+18,3.715649860947975,7.37423720039251,4.322234156403902,-0.9090258231251135,2.7576682855823473,2.0114284094442287,2.837530818734148,0.2983475269360051,0.295862078666687,5.028482913970947,-0.7062487575670451,4.945434093475342,-0.6971780303255786,0.295862078666687,4.863910675048828,-0.6875327593086782,0.295862078666687,4.783729076385498,-0.6748273136518685,0.3160344958305359,4.783729076385498,-0.7365275319172202,0.3160344958305359,-26.350367903174508,0.0
260,6.5,1.7543337550622828e+18,3.631072907816967,7.410951220195716,4.395757578894845,-0.9165116704505796,2.788621457746507,2.0607206372274076,2.826524796184164,0.2934747796694758,0.295862078666687,5.113198757171631,-0.7174411782767862,5.028482913970947,-0.7062487575670451,0.295862078666687,4.945434093475342,-0.6971780303255786,0.295862078666687,4.863910675048828,-0.6875327593086782,0.295862078666687,4.783729076385498,-0.6748273136518685,0.3160344958305359,-26.82228091929555,0.0
261,6.525,1.7543337550872827e+18,3.5162426535091766,7.467884381102961,4.466906800134342,-0.9285211162493445,2.8486908740068126,2.0808310738987372,2.8063321573140594,0.28544295312229273,0.2756896615028381,5.199639797210693,-0.7327329970763516,5.113198757171631,-0.7174411782767862,0.295862078666687,5.028482913970947,-0.7062487575670451,0.295862078666687,4.945434093475342,-0.6971780303255786,0.295862078666687,4.863910675048828,-0.6875327593086782,0.295862078666687,-27.321243315031328,0.0
262,6.550000000000001,1.7543337551122826e+18,3.3870983793461,7.551230733003567,4.535265049413673,-0.9501525332444021,2.922807969755158,2.0677605652440874,2.8139208062529844,0.27286494566313796,0.2756896615028381,5.288052558898926,-0.7527875094852527,5.199639797210693,-0.7327329970763516,0.2756896615028381,5.113198757171631,-0.7174411782767862,0.295862078666687,5.028482913970947,-0.7062487575670451,0.295862078666687,4.945434093475342,-0.6971780303255786,0.295862078666687,-27.764407753096833,0.0
263,6.575,1.7543337551372828e+18,3.292017574557452,7.590486528839718,4.602396774671693,-0.9816846278909597,2.9711971538463318,2.0260500034915943,2.8800502025014945,0.2549194762999443,0.2756896615028381,5.378564834594727,-0.7761680599230338,5.288052558898926,-0.7527875094852527,0.2756896615028381,5.199639797210693,-0.7327329970763516,0.2756896615028381,5.113198757171631,-0.7174411782767862,0.295862078666687,5.028482913970947,-0.7062487575670451,0.295862078666687,-28.13549898361212,0.0
264,6.6000000000000005,1.7543337551622828e+18,3.1812482825815938,7.602868843909147,4.671575266008562,-1.0200830756323291,3.0211479144075213,1.9659569827093877,3.019524178883662,0.2316899791546773,0.2354069501161575,5.563438892364502,-0.8918636263559403,5.378564834594727,-0.7761680599230338,0.2756896615028381,5.288052558898926,-0.7527875094852527,0.2756896615028381,5.199639797210693,-0.7327329970763516,0.2756896615028381,5.113198757171631,-0.7174411782767862,0.295862078666687,-28.644098445396253,0.0
265,6.625,1.7543337551872827e+18,3.0436959585283567,7.650899977526572,4.746685363284739,-1.0617062879213195,3.092801234355108,1.8994880410517416,3.2271731245653776,0.2042242099310855,0.1949999928474426,5.656428813934326,-0.9097434506495876,5.563438892364502,-0.8918636263559403,0.2354069501161575,5.378564834594727,-0.7761680599230338,0.2756896615028381,5.288052558898926,-0.7527875094852527,0.2756896615028381,5.199639797210693,-0.7327329970763516,0.2756896615028381,-29.199468765408113,0.0
266,6.65,1.754333755212283e+18,3.015993387387855,7.656024871919853,4.8306886029580385,-1.1042618880562107,3.0986618121263203,1.836642157458794,3.4810759400316775,0.17425629174620305,0.176490381360054,5.748841285705566,-0.9181526827475279,5.656428813934326,-0.9097434506495876,0.1949999928474426,5.563438892364502,-0.8918636263559403,0.2354069501161575,5.378564834594727,-0.7761680599230338,0.2756896615028381,5.288052558898926,-0.7527875094852527,0.2756896615028381,-29.669848830935326,0.0
267,6.675000000000001,1.7543337552372828e+18,2.876805798550368,7.678020895419716,4.92438774072822,-1.1469870310375212,3.162288611181606,1.7826259085915719,3.751499823955626,0.1436964282068233,0.1365000009536743,5.839874744415283,-0.9154870036870628,5.748841285705566,-0.9181526827475279,0.176490381360054,5.656428813934326,-0.9097434506495876,0.1949999928474426,5.563438892364502,-0.8918636263559403,0.2354069501161575,5.378564834594727,-0.7761680599230338,0.2756896615028381,-30.033872011861416,0.0
268,6.7,1.7543337552622828e+18,2.7657188776065498,7.697652232232397,5.026202619150964,-1.1896491428549858,3.2163797850816533,1.7365243686001108,4.011552335653082,0.1141059465274218,0.1040000021457672,5.928373336791992,-0.9021707176410283,5.839874744415283,-0.9154870036870628,0.1365000009536743,5.748841285705566,-0.9181526827475279,0.176490381360054,5.656428813934326,-0.9097434506495876,0.1949999928474426,5.563438892364502,-0.8918636263559403,0.2354069501161575,-30.32076656623312,0.0
269,6.7250000000000005,1.7543337552872827e+18,2.467667283841403,7.727640438803012,5.13318328781553,-1.2320627536075333,3.315823516047226,1.691744175475668,4.244812510846021,0.08637440574205704,0.0792798399925232,6.013320446014404,-0.880137158198874,5.928373336791992,-0.9021707176410283,0.1040000021457672,5.839874744415283,-0.9154870036870628,0.1365000009536743,5.748841285705566,-0.9181526827475279,0.176490381360054,5.656428813934326,-0.9097434506495876,0.1949999928474426,-30.657648290866067,0.0
270,6.75,1.7543337553122826e+18,2.467667283841403,7.727640438803012,5.242724839314334,-1.275150542184181,3.315823516047226,1.6380404180610244,4.446656247361267,0.06071311794394797,0.0663361549377441,6.094348907470703,-0.8516240681563687,6.013320446014404,-0.880137158198874,0.0792798399925232,5.928373336791992,-0.9021707176410283,0.1040000021457672,5.839874744415283,-0.9154870036870628,0.1365000009536743,5.748841285705566,-0.9181526827475279,0.176490381360054,-30.927016309815926,0.0
271,6.775,1.7543337553372828e+18,2.3755863476874564,7.700349640269562,5.3539019629914435,-1.3225527617119173,3.3412369787479625,1.5642778190473086,4.618965159878481,0.03692074893799203,0.0655560493469238,6.171295166015625,-0.8173932030241815,6.094348907470703,-0.8516240681563687,0.0663361549377441,6.013320446014404,-0.880137158198874,0.0792798399925232,5.928373336791992,-0.9021707176410283,0.1040000021457672,5.839874744415283,-0.9154870036870628,0.1365000009536743,-31.251183330367333,0.0
272,6.800000000000001,1.7543337553622828e+18,2.309032431095407,7.693184262488978,5.467523795905995,-1.3807337195269562,3.3642701654692226,1.4608765549568572,4.760978114951806,0.01473623566407474,0.0130000002682209,6.3113789558410645,-0.8438551599350692,6.171295166015625,-0.8173932030241815,0.0655560493469238,6.094348907470703,-0.8516240681563687,0.0663361549377441,6.013320446014404,-0.880137158198874,0.0792798399925232,5.928373336791992,-0.9021707176410283,0.1040000021457672,-31.73050013189981,0.0
273,6.825,1.7543337553872827e+18,2.1608211890317848,7.67722743237145,5.584889180338036,-1.4567941959876263,3.4155635736929115,1.3213441969722366,4.860748088117339,-0.005927357664577479,-0.0273144077509641,6.431342601776123,-0.8464534214380874,6.3113789558410645,-0.8438551599350692,0.0130000002682209,6.171295166015625,-0.8173932030241815,0.0655560493469238,6.094348907470703,-0.8516240681563687,0.0663361549377441,6.013320446014404,-0.880137158198874,0.0792798399925232,-32.519506894374025,0.0
274,6.8500000000000005,1.754333755412283e+18,2.053991816106682,7.697292334334389,5.7060992836880695,-1.5551580098559812,3.452530805000814,1.1429295367159165,4.891283838647373,-0.024944319237320735,-0.0195000004023313,6.431342601776123,-0.7252433180880535,6.431342601776123,-0.8464534214380874,-0.0273144077509641,6.3113789558410645,-0.8438551599350692,0.0130000002682209,6.171295166015625,-0.8173932030241815,0.0655560493469238,6.094348907470703,-0.8516240681563687,0.0663361549377441,-33.36233574156201,0.0
275,6.875,1.7543337554372828e+18,1.8732341359779403,7.661400224891202,5.8289794560333466,-1.6746989841090212,3.4902126878406654,0.9266986593560466,4.813346397469542,-0.04203916728987729,-0.0520000010728836,6.534070014953613,-0.7050905589202667,6.431342601776123,-0.7252433180880535,-0.0195000004023313,6.431342601776123,-0.8464534214380874,-0.0273144077509641,6.3113789558410645,-0.8438551599350692,0.0130000002682209,6.171295166015625,-0.8173932030241815,0.0655560493469238,-34.32085286983224,0.0
276,6.9,1.7543337554622828e+18,1.8187614600207616,7.647484699698055,5.949156235372318,-1.806845284451667,3.5040766916915054,0.6771245216796455,4.584180861647775,-0.05680077575752151,-0.0520000010728836,6.534070014953613,-0.5849137795812949,6.534070014953613,-0.7050905589202667,-0.0520000010728836,6.431342601776123,-0.7252433180880535,-0.0195000004023313,6.431342601776123,-0.8464534214380874,-0.0273144077509641,6.3113789558410645,-0.8438551599350692,0.0130000002682209,-35.16075623426422,0.0
277,6.925000000000001,1.7543337554872827e+18,1.4127528903221331,7.546733212802789,6.06109848781692,-1.9346027054158115,3.583126829897583,0.4010772607744425,4.169418840652835,-0.06858398816433359,-0.0737584307789802,6.527561187744141,-0.466462699927221,6.534070014953613,-0.5849137795812949,-0.0520000010728836,6.534070014953613,-0.7050905589202667,-0.0520000010728836,6.431342601776123,-0.7252433180880535,-0.0195000004023313,6.431342601776123,-0.8464534214380874,-0.0273144077509641,-35.865999774419095,0.0
278,6.95,1.7543337555122826e+18,1.4127528903221331,7.546733212802789,6.159413343918058,-2.0330805012466553,3.583126829897583,0.1065411973144911,3.5546386523936087,-0.07636879895289073,-0.0584999993443489,6.509597301483154,-0.350183957565096,6.527561187744141,-0.466462699927221,-0.0737584307789802,6.534070014953613,-0.5849137795812949,-0.0520000010728836,6.534070014953613,-0.7050905589202667,-0.0520000010728836,6.431342601776123,-0.7252433180880535,-0.0195000004023313,-36.52204376916844,0.0
279,6.9750000000000005,1.7543337555372828e+18,1.4127528903221331,7.546733212802789,6.239652698393624,-2.072875362328031,3.583126829897583,-0.19781886535802104,2.7535026856189404,-0.07873281288040028,-0.0584999993443489,6.509597301483154,-0.26994460308953006,6.509597301483154,-0.350183957565096,-0.0584999993443489,6.527561187744141,-0.466462699927221,-0.0737584307789802,6.534070014953613,-0.5849137795812949,-0.0520000010728836,6.534070014953613,-0.7050905589202667,-0.0520000010728836,-37.1315019534725,0.0
280,7.0,1.7543337555622828e+18,1.31086041735295,7.522452404729998,6.298386355270809,-2.0271034400412082,3.5790933532457303,-0.5013158646952026,1.8104292071535444,-0.07407861166068626,-0.090999998152256,6.414504051208496,-0.11611769593768706,6.509597301483154,-0.26994460308953006,-0.0584999993443489,6.509597301483154,-0.350183957565096,-0.0584999993443489,6.527561187744141,-0.466462699927221,-0.0737584307789802,6.534070014953613,-0.5849137795812949,-0.0520000010728836,-37.539715563564556,0.0
281,7.025,1.7543337555872827e+18,1.1618587183253417,7.483836928819111,6.332985487326542,-1.8807081640045205,3.552987597561284,-0.7888138629432683,0.796886609266972,-0.06112618704216146,-0.0844999998807907,6.345060348510742,-0.012074861184200536,6.414504051208496,-0.11611769593768706,-0.090999998152256,6.509597301483154,-0.26994460308953006,-0.0584999993443489,6.509597301483154,-0.350183957565096,-0.0584999993443489,6.527561187744141,-0.466462699927221,-0.0737584307789802,-37.79394867862724,0.0
282,7.050000000000001,1.754333755612283e+18,1.0521278624471848,7.434836633419906,6.341813602953997,-1.6382201989335363,3.555252246848957,-1.0392776871977147,-0.19850928257560121,-0.039495011415118964,-0.0390000008046627,6.236019134521484,0.10579446843251272,6.345060348510742,-0.012074861184200536,-0.0844999998807907,6.414504051208496,-0.11611769593768706,-0.090999998152256,6.509597301483154,-0.26994460308953006,-0.0584999993443489,6.509597301483154,-0.350183957565096,-0.0584999993443489,-37.88038807821505,0.0
283,7.075,1.7543337556372828e+18,0.9104886110650444,7.413593833086946,6.325068066394356,-1.32552344626176,3.500581279728917,-1.2269038235372254,-1.0847102848926495,-0.01011086944423779,0.0075289672240614,6.19795036315918,0.12711770323517602,6.236019134521484,0.10579446843251272,-0.0390000008046627,6.345060348510742,-0.012074861184200536,-0.0844999998807907,6.414504051208496,-0.11611769593768706,-0.090999998152256,6.509597301483154,-0.26994460308953006,-0.0584999993443489,-37.98636347097231,0.0
284,7.1000000000000005,1.7543337556622828e+18,0.7748020071945487,7.350283964859287,6.28575623949172,-0.9835600551339626,3.482998480440144,-1.3248361449296273,-1.7850220172265736,0.024735847179562395,0.0292176436632871,6.120898723602295,0.164857515889425,6.19795036315918,0.12711770323517602,0.0075289672240614,6.236019134521484,0.10579446843251272,-0.0390000008046627,6.345060348510742,-0.012074861184200536,-0.0844999998807907,6.414504051208496,-0.11611769593768706,-0.090999998152256,-38.00745034168781,0.0
285,7.125,1.7543337556872827e+18,0.5457548419705192,7.293426345732243,6.229908701996088,-0.6561234018546003,3.402143043264806,-1.3103977648778782,-2.2520783396732518,0.061685443086395494,0.0293725878000259,6.120898723602295,0.109009978393793,6.120898723602295,0.164857515889425,0.0292176436632871,6.19795036315918,0.12711770323517602,0.0075289672240614,6.236019134521484,0.10579446843251272,-0.0390000008046627,6.345060348510742,-0.012074861184200536,-0.0844999998807907,-38.038398227864285,0.0
286,7.15,1.7543337557122826e+18,0.5032317139559841,7.275857474647779,6.1654905065520085,-0.3771895596394591,3.392128642387305,-1.170629760132946,-2.476881148234176,0.0968749940500847,0.1029166653752327,6.039592266082764,0.1258982404692448,6.120898723602295,0.109009978393793,0.0293725878000259,6.120898723602295,0.164857515889425,0.0292176436632871,6.19795036315918,0.12711770323517602,0.0075289672240614,6.236019134521484,0.10579446843251272,-0.0390000008046627,-38.00736822172213,0.0
287,7.175000000000001,1.7543337557372828e+18,0.3718621595495297,7.27244063334554,6.100328283855077,-0.163430467521591,3.356918712255775,-0.9069658735110615,-2.488983208441496,0.126680144350537,0.1408333331346511,5.996464252471924,0.10386403138315359,6.039592266082764,0.1258982404692448,0.1029166653752327,6.120898723602295,0.109009978393793,0.0293725878000259,6.120898723602295,0.164857515889425,0.0292176436632871,6.19795036315918,0.12711770323517602,0.0075289672240614,-37.95054117344714,0.0
288,7.2,1.7543337557622828e+18,0.2568413723935268,7.238725099080618,6.040058191358441,-0.014549058444503136,3.328124939653094,-0.5377179739410086,-2.3474291733594423,0.14848768778474644,0.1624999940395355,5.955124378204346,0.08493381315409554,5.996464252471924,0.10386403138315359,0.1408333331346511,6.039592266082764,0.1258982404692448,0.1029166653752327,6.120898723602295,0.109009978393793,0.0293725878000259,6.120898723602295,0.164857515889425,0.0292176436632871,-37.87125881862082,0.0
289,7.2250000000000005,1.7543337557872827e+18,0.0710147155655085,7.207402171688238,5.987083910362611,0.08006776117175148,3.3148580578485376,-0.09713374703766024,-2.1250692816851777,0.16126846904365866,0.1624999940395355,5.880413055419922,0.10667085494268935,5.955124378204346,0.08493381315409554,0.1624999940395355,5.996464252471924,0.10386403138315359,0.1408333331346511,6.039592266082764,0.1258982404692448,0.1029166653752327,6.120898723602295,0.109009978393793,0.0293725878000259,-37.73328972156383,0.0
290,7.250000000000001,1.754333755812283e+18,-0.0942972575076237,7.175138699788321,5.940880392283794,0.13259732156623052,3.316690719337875,0.3694728710373288,-1.891058507215782,0.1657290922399467,0.1624999940395355,5.8463053703308105,0.09457502195298328,5.880413055419922,0.10667085494268935,0.1624999940395355,5.955124378204346,0.08493381315409554,0.1624999940395355,5.996464252471924,0.10386403138315359,0.1408333331346511,6.039592266082764,0.1258982404692448,0.1029166653752327,-37.53539168080539,0.0
291,7.275,1.7543337558372828e+18,-0.2078438569819476,7.153025009049538,5.899231648812578,0.15031000561294425,3.306957977845394,0.8137967944310979,-1.696769419305352,0.1639786455740159,0.1624999940395355,5.814889907836914,0.08434174097566416,5.8463053703308105,0.09457502195298328,0.1624999940395355,5.880413055419922,0.10667085494268935,0.1624999940395355,5.955124378204346,0.08493381315409554,0.1624999940395355,5.996464252471924,0.10386403138315359,0.1408333331346511,-37.32648553215827,0.0
292,7.300000000000001,1.7543337558622828e+18,-0.3967162455955546,7.100195208870937,5.859644609005375,0.1339123942671086,3.3497549713012473,1.193889613259106,-1.5688110177893981,0.1588507160101835,0.1462499946355819,5.742222309112549,0.11742229989282649,5.814889907836914,0.08434174097566416,0.1624999940395355,5.8463053703308105,0.09457502195298328,0.1624999940395355,5.880413055419922,0.10667085494268935,0.1624999940395355,5.955124378204346,0.08493381315409554,0.1624999940395355,-37.00170006124368,0.0
293,7.325,1.7543337558872827e+18,-0.4962551174255858,7.085039995025685,5.820327852016437,0.08053457626740768,3.3586547625852026,1.4821252401888128,-1.5100777950789988,0.15313938870308394,0.1462499946355819,5.742222309112549,0.07810554290388794,5.742222309112549,0.11742229989282649,0.1462499946355819,5.814889907836914,0.08434174097566416,0.1624999940395355,5.8463053703308105,0.09457502195298328,0.1624999940395355,5.880413055419922,0.10667085494268935,0.1624999940395355,-36.716632508360135,0.0
294,7.3500000000000005,1.7543337559122826e+18,-0.6079909022501151,7.056956803521994,5.780515564103158,-0.011144997078561212,3.419564433656352,1.6693190612269706,-1.5069649600799635,0.1489926844946872,0.1624999940395355,5.650563716888428,0.12995184721473052,5.742222309112549,0.07810554290388794,0.1462499946355819,5.742222309112549,0.11742229989282649,0.1462499946355819,5.814889907836914,0.08434174097566416,0.1624999940395355,5.8463053703308105,0.09457502195298328,0.1624999940395355,-36.29494146116353,0.0
295,7.375000000000001,1.7543337559372828e+18,-0.7668056201797353,7.028714280932479,5.740247916497789,-0.13696721872875178,3.4620732628413986,1.7638111873719202,-1.5391749746052732,0.14759316983004026,0.1462499946355819,5.6042022705078125,0.13604564598997637,5.650563716888428,0.12995184721473052,0.1624999940395355,5.742222309112549,0.07810554290388794,0.1462499946355819,5.742222309112549,0.11742229989282649,0.1462499946355819,5.814889907836914,0.08434174097566416,0.1624999940395355,-35.7666165710667,0.0
296,7.4,1.7543337559622828e+18,-1.0794403589163202,6.920127121808005,5.6998628854886135,-0.286772920264174,3.5644497923406147,1.786241295290121,-1.5884131548906928,0.14912471109244654,0.1462499946355819,5.55407190322876,0.14579098225985376,5.6042022705078125,0.13604564598997637,0.1462499946355819,5.650563716888428,0.12995184721473052,0.1624999940395355,5.742222309112549,0.07810554290388794,0.1462499946355819,5.742222309112549,0.11742229989282649,0.1462499946355819,-35.255922892849135,0.0
297,7.425000000000001,1.7543337559872827e+18,-1.0794403589163202,6.920127121808005,5.659477571519118,-0.4472542837504682,3.5644497923406147,1.762342700286191,-1.643503224314821,0.1529541828217165,0.1462499946355819,5.497666835784912,0.161810735734206,5.55407190322876,0.14579098225985376,0.1462499946355819,5.6042022705078125,0.13604564598997637,0.1462499946355819,5.650563716888428,0.12995184721473052,0.1624999940395355,5.742222309112549,0.07810554290388794,0.1462499946355819,-34.615187557669216,0.0
298,7.45,1.754333756012283e+18,-1.2423781220252803,6.85952617321739,5.6187047169344355,-0.6062516893946727,3.6134327266273925,1.7164976599114778,-1.7013068332011358,0.15795532788226202,0.1624999940395355,5.349052906036377,0.26965181089805856,5.497666835784912,0.161810735734206,0.1462499946355819,5.55407190322876,0.14579098225985376,0.1462499946355819,5.6042022705078125,0.13604564598997637,0.1462499946355819,5.650563716888428,0.12995184721473052,0.1624999940395355,-33.741023243921184,0.0
299,7.4750000000000005,1.7543337560372828e+18,-1.348419160155832,6.820074584932222,5.576725597984383,-0.7562114474183234,3.648548035265495,1.6678192082334746,-1.7644499769944075,0.16290859209286063,0.1613793075084686,5.301349639892578,0.2753759580918045,5.349052906036377,0.26965181089805856,0.1624999940395355,5.497666835784912,0.161810735734206,0.1462499946355819,5.55407190322876,0.14579098225985376,0.1462499946355819,5.6042022705078125,0.13604564598997637,0.1462499946355819,-32.90254554481404,0.0
300,7.500000000000001,1.7543337560622828e+18,-1.5445453754062286,6.73858312800793,5.532632010319908,-0.8955291119663128,3.7092623899275887,1.6288541622406678,-1.8376627570301496,0.16688417778992334,0.1793103516101837,5.248806476593018,0.28382553372689046,5.301349639892578,0.2753759580918045,0.1613793075084686,5.349052906036377,0.26965181089805856,0.1624999940395355,5.497666835784912,0.161810735734206,0.1462499946355819,5.55407190322876,0.14579098225985376,0.1462499946355819,-31.964312323166034,0.0
301,7.525,1.7543337560872827e+18,-1.5929490003603726,6.716454663335531,5.485797309528767,-1.0277735958101257,3.7251473385536866,1.6058433942007198,-1.9244203719595037,0.16948502620776743,0.1793103516101837,5.146114826202393,0.3396824833263743,5.248806476593018,0.28382553372689046,0.1793103516101837,5.301349639892578,0.2753759580918045,0.1613793075084686,5.349052906036377,0.26965181089805856,0.1624999940395355,5.497666835784912,0.161810735734206,0.1462499946355819,-30.93253953713916,0.0
302,7.550000000000001,1.7543337561122826e+18,-1.7128454564520736,6.655391376790932,5.4360494824397545,-1.159537579351304,3.770937848778443,1.5995080984932637,-2.0248525845201337,0.17085083456440192,0.1613793075084686,5.146114826202393,0.2899346562373619,5.146114826202393,0.3396824833263743,0.1793103516101837,5.248806476593018,0.28382553372689046,0.1793103516101837,5.301349639892578,0.2753759580918045,0.1613793075084686,5.349052906036377,0.26965181089805856,0.1624999940395355,-29.96658544964095,0.0
303,7.575,1.7543337561372828e+18,-1.859068283515375,6.576572397688465,5.3835657772317225,-1.2979203398169081,3.823050371464509,1.6060944717200878,-2.135072107632555,0.1714261462769761,0.1613793075084686,5.04817008972168,0.3353956875100428,5.146114826202393,0.2899346562373619,0.1613793075084686,5.146114826202393,0.3396824833263743,0.1793103516101837,5.248806476593018,0.28382553372689046,0.1793103516101837,5.301349639892578,0.2753759580918045,0.1613793075084686,-29.022479803838426,0.0
304,7.6000000000000005,1.7543337561622828e+18,-2.0317535932097344,6.495352598222467,5.328598472506496,-1.448556957373179,3.880887091096688,1.6189263418716806,-2.24756213143872,0.17162590539423697,0.1613793075084686,4.998316287994385,0.3302821845121109,5.04817008972168,0.3353956875100428,0.1613793075084686,5.146114826202393,0.2899346562373619,0.1613793075084686,5.146114826202393,0.3396824833263743,0.1793103516101837,5.248806476593018,0.28382553372689046,0.1793103516101837,-28.145465894809124,0.0
305,7.625000000000001,1.7543337561872827e+18,-2.0701816859974573,6.470099898061118,5.271274848664763,-1.6145437825678919,3.8962863495429336,1.6305258508530502,-2.352177867392711,0.17159205327400756,0.1793103516101837,4.900591850280762,0.37068299838400165,4.998316287994385,0.3302821845121109,0.1613793075084686,5.04817008972168,0.3353956875100428,0.1613793075084686,5.146114826202393,0.2899346562373619,0.1613793075084686,5.146114826202393,0.3396824833263743,0.1793103516101837,-27.429030876060075,0.0
306,7.65,1.754333756212283e+18,-2.189643071641329,6.378624247679307,5.211665253097614,-1.7958063070857173,3.945756830264711,1.6348176413576805,-2.4375002508516084,0.17116615076786337,0.1793103516101837,4.900591850280762,0.31107340281685225,4.900591850280762,0.37068299838400165,0.1793103516101837,4.998316287994385,0.3302821845121109,0.1613793075084686,5.04817008972168,0.3353956875100428,0.1613793075084686,5.146114826202393,0.2899346562373619,0.1613793075084686,-27.09226951719138,0.0
307,7.675000000000001,1.7543337562372828e+18,-2.2845966735286853,6.312686378909438,5.150064773677015,-1.9881885529655212,3.970932185072831,1.6286643636753777,-2.4924668679289748,0.17005867015626033,0.1613793075084686,4.853231430053711,0.2968333436233044,4.900591850280762,0.31107340281685225,0.1793103516101837,4.900591850280762,0.37068299838400165,0.1793103516101837,4.998316287994385,0.3302821845121109,0.1613793075084686,5.04817008972168,0.3353956875100428,0.1613793075084686,-26.792633710992597,0.0
308,7.7,1.7543337562622828e+18,-2.4415313404796426,6.179738251438094,5.087215822286223,-2.182208213429428,4.037010210152369,1.6122333175444725,-2.508217897933439,0.16808941220647086,0.1765086203813552,4.806305885314941,0.2809099369712813,4.853231430053711,0.2968333436233044,0.1613793075084686,4.900591850280762,0.31107340281685225,0.1793103516101837,4.900591850280762,0.37068299838400165,0.1793103516101837,4.998316287994385,0.3302821845121109,0.1613793075084686,-26.736727911021326,0.0
309,7.7250000000000005,1.7543337562872827e+18,-2.515397314152497,6.128593541981802,5.024263301635196,-2.3624222081651935,4.070550941727366,1.5881766169409384,-2.4799392315601585,0.16536241864802964,0.1765086203813552,4.713517665863037,0.3107456357721592,4.806305885314941,0.2809099369712813,0.1765086203813552,4.853231430053711,0.2968333436233044,0.1613793075084686,4.900591850280762,0.31107340281685225,0.1793103516101837,4.900591850280762,0.37068299838400165,0.1793103516101837,-26.633879998774017,0.0
310,7.750000000000001,1.7543337563122826e+18,-2.6153676407390463,6.045105338699486,4.962499273789377,-2.508751653940287,4.109085694678999,1.559963913337598,-2.4083046686354392,0.16229445107970228,0.1462499946355819,4.667427062988281,0.2950722108010959,4.713517665863037,0.3107456357721592,0.1765086203813552,4.806305885314941,0.2809099369712813,0.1765086203813552,4.853231430053711,0.2968333436233044,0.1613793075084686,4.900591850280762,0.31107340281685225,0.1793103516101837,-26.591327568174073,0.0
311,7.775,1.7543337563372828e+18,-2.6911836613523312,5.963821223824183,4.903098091720327,-2.6004951368535503,4.146184306955077,1.5299445874520479,-2.3000700051812326,0.15949483633219252,0.1654310077428817,4.621340751647949,0.28175734007237807,4.667427062988281,0.2950722108010959,0.1462499946355819,4.713517665863037,0.3107456357721592,0.1765086203813552,4.806305885314941,0.2809099369712813,0.1765086203813552,4.853231430053711,0.2968333436233044,0.1613793075084686,-26.519890131557126,0.0
312,7.800000000000001,1.7543337563622828e+18,-2.800373083084852,5.878262921839722,4.846947222754118,-2.6223157739003513,4.18608654097989,1.4979931516343457,-2.1675192918582185,0.15756826179225597,0.1462499946355819,4.528940200805664,0.3180070219484543,4.621340751647949,0.28175734007237807,0.1654310077428817,4.667427062988281,0.2950722108010959,0.1462499946355819,4.713517665863037,0.3107456357721592,0.1765086203813552,4.806305885314941,0.2809099369712813,0.1765086203813552,-26.421391739776976,0.0
313,7.825,1.7543337563872827e+18,-2.8779612959039915,5.795658805007525,4.794540191458668,-2.5699476633529326,4.219359442555972,1.4616772653426813,-2.0267614643300265,0.1569448888291827,0.1621220260858535,4.482649326324463,0.31189086513420516,4.528940200805664,0.3180070219484543,0.1462499946355819,4.621340751647949,0.28175734007237807,0.1654310077428817,4.667427062988281,0.2950722108010959,0.1462499946355819,4.713517665863037,0.3107456357721592,0.1765086203813552,-26.227926086671108,0.0
314,7.8500000000000005,1.754333756412283e+18,-2.932216490482628,5.715423143154329,4.7458903841190185,-2.452841059435796,4.250356988651706,1.4182455416390405,-1.8952097785878896,0.1578094992535267,0.1624999940395355,4.482649326324463,0.26324105779455564,4.482649326324463,0.31189086513420516,0.1621220260858535,4.528940200805664,0.3180070219484543,0.1462499946355819,4.621340751647949,0.28175734007237807,0.1654310077428817,4.667427062988281,0.2950722108010959,0.1462499946355819,-26.095934890656597,0.0
315,7.875000000000001,1.7543337564372828e+18,-3.086225286655502,5.534281647475261,4.70049072873214,-2.2921711735926773,4.313464278949103,1.3674217385385798,-1.7888229562752005,0.16013100689211496,0.1570833325386047,4.436233043670654,0.2642576850614855,4.482649326324463,0.26324105779455564,0.1624999940395355,4.482649326324463,0.31189086513420516,0.1621220260858535,4.528940200805664,0.3180070219484543,0.1462499946355819,4.621340751647949,0.28175734007237807,0.1654310077428817,-25.924278379191822,0.0
316,7.9,1.7543337564622828e+18,-3.086225286655502,5.534281647475261,4.657367208280904,-2.1149026708203453,4.313464278949103,1.3131177757203996,-1.719753675482737,0.16374200388687835,0.1624999940395355,4.436233043670654,0.22113416461025004,4.436233043670654,0.2642576850614855,0.1570833325386047,4.482649326324463,0.26324105779455564,0.1624999940395355,4.482649326324463,0.31189086513420516,0.1621220260858535,4.528940200805664,0.3180070219484543,0.1462499946355819,-25.790162450702283,0.0
317,7.925000000000001,1.7543337564872827e+18,-3.172069594001148,5.4240238354000665,4.6152436136709305,-1.946289612816603,4.363365129740796,1.262771518803127,-1.694903381090607,0.1684125298518014,0.1793103516101837,4.296603202819824,0.3186404108511063,4.436233043670654,0.22113416461025004,0.1624999940395355,4.436233043670654,0.2642576850614855,0.1570833325386047,4.482649326324463,0.26324105779455564,0.1624999940395355,4.482649326324463,0.31189086513420516,0.1621220260858535,-25.526059149221258,0.0
318,7.95,1.7543337565122826e+18,-3.213649815611844,5.341304934038944,4.572788246140902,-1.8034383025032092,4.395104964371567,1.2246687562526337,-1.7155639642514686,0.17388744866706163,0.1621941924095153,4.249499797821045,0.3232884483198575,4.296603202819824,0.3186404108511063,0.1793103516101837,4.436233043670654,0.22113416461025004,0.1624999940395355,4.436233043670654,0.2642576850614855,0.1570833325386047,4.482649326324463,0.26324105779455564,0.1624999940395355,-25.2343424783177,0.0
319,7.9750000000000005,1.7543337565372828e+18,-3.277292075955278,5.236529847468982,4.528869633873812,-1.691905926895661,4.418352552377113,1.2048791247022952,-1.7779538236527967,0.17988801589393666,0.1793103516101837,4.249499797821045,0.27936983605276744,4.249499797821045,0.3232884483198575,0.1621941924095153,4.296603202819824,0.3186404108511063,0.1793103516101837,4.436233043670654,0.22113416461025004,0.1624999940395355,4.436233043670654,0.2642576850614855,0.1570833325386047,-24.958792715898422,0.0
320,8.0,1.7543337565622828e+18,-3.320329566608484,5.127320669470373,4.482731055261003,-1.6063600777230382,4.453912306515055,1.205398825385334,-1.874188902778907,0.1861020816854907,0.1961206942796707,4.152318000793457,0.3304130544675461,4.249499797821045,0.27936983605276744,0.1793103516101837,4.249499797821045,0.3232884483198575,0.1621941924095153,4.296603202819824,0.3186404108511063,0.1793103516101837,4.436233043670654,0.22113416461025004,0.1624999940395355,-24.563663697904587,0.0
321,8.025,1.7543337565872827e+18,-3.3825560913719355,5.023685179203143,4.434021194945441,-1.5349281310575509,4.484516728514205,1.2240915031719037,-1.9932058207168855,0.1921928894984117,0.1767785400152206,4.152318000793457,0.28170319415198364,4.152318000793457,0.3304130544675461,0.1961206942796707,4.249499797821045,0.27936983605276744,0.1793103516101837,4.249499797821045,0.3232884483198575,0.1621941924095153,4.296603202819824,0.3186404108511063,0.1793103516101837,-24.19770896107607,0.0
322,8.05,1.754333756612283e+18,-3.4004402530992475,4.938821552597763,4.382682754514607,-1.4651845554309695,4.511523728133886,1.2560473314571505,-2.1214093798864324,0.19784041422192003,0.2067672461271286,4.048735618591309,0.3339471359232986,4.152318000793457,0.28170319415198364,0.1767785400152206,4.152318000793457,0.3304130544675461,0.1961206942796707,4.249499797821045,0.27936983605276744,0.1793103516101837,4.249499797821045,0.3232884483198575,0.1621941924095153,-23.719988155827174,0.0
323,8.075000000000001,1.7543337566372828e+18,-3.4664278034870235,4.830623667199505,4.328781752148414,-1.388998644536704,4.546803853905061,1.2955803232310406,-2.2432369591479335,0.20280455133509115,0.2067672461271286,4.048735618591309,0.2800461335571054,4.048735618591309,0.3339471359232986,0.2067672461271286,4.152318000793457,0.28170319415198364,0.1767785400152206,4.152318000793457,0.3304130544675461,0.1961206942796707,4.249499797821045,0.27936983605276744,0.1793103516101837,-23.289357609670876,0.0
324,8.1,1.7543337566622828e+18,-3.489265336232036,4.747040435841361,4.272414092251384,-1.3045280424026142,4.574222166301939,1.338083360453742,-2.3421813063789263,0.20698030321402686,0.2067672461271286,3.993905782699585,0.27850830955179884,4.048735618591309,0.2800461335571054,0.2067672461271286,4.048735618591309,0.3339471359232986,0.2067672461271286,4.152318000793457,0.28170319415198364,0.1767785400152206,4.152318000793457,0.3304130544675461,0.1961206942796707,-22.86031587241653,0.0
325,8.125,1.7543337566872827e+18,-3.527239353280537,4.63255266982167,4.21378680660902,-1.2154866172314338,4.617046210699816,1.3811417090828697,-2.402839055346693,0.2104137077198752,0.2067672461271286,3.93703293800354,0.27675386860548024,3.993905782699585,0.27850830955179884,0.2067672461271286,4.048735618591309,0.2800461335571054,0.2067672461271286,4.048735618591309,0.3339471359232986,0.2067672461271286,4.152318000793457,0.28170319415198364,0.1767785400152206,-22.380751112771858,0.0
326,8.15,1.7543337567122826e+18,-3.548748700780304,4.51595277685527,4.153434162318852,-1.1288576591843071,4.655927027322836,1.4246402658261579,-2.4141336366841175,0.213272863047514,0.2067672461271286,3.8781588077545166,0.27527535456433583,3.93703293800354,0.27675386860548024,0.2067672461271286,3.993905782699585,0.27850830955179884,0.2067672461271286,4.048735618591309,0.2800461335571054,0.2067672461271286,4.048735618591309,0.3339471359232986,0.2067672461271286,-21.914731139222944,0.0
327,8.175,1.7543337567372828e+18,-3.5591684918744684,4.4477071718259245,4.09239752520296,-1.0522239429510505,4.6806918049619135,1.4699769352288943,-2.373113929588259,0.21580135702301176,0.2218965590000152,3.8174502849578857,0.27494724024507455,3.8781588077545166,0.27527535456433583,0.2067672461271286,3.93703293800354,0.27675386860548024,0.2067672461271286,3.993905782699585,0.27850830955179884,0.2067672461271286,4.048735618591309,0.2800461335571054,0.2067672461271286,-21.39440811327135,0.0
328,8.200000000000001,1.7543337567622828e+18,-3.571985157456498,4.36376296515231,4.032181853566455,-0.9915178797580747,4.711153248031646,1.5188348041918718,-2.287998001261201,0.2182826101010045,0.2218965590000152,3.8174502849578857,0.21473156860856957,3.8174502849578857,0.27494724024507455,0.2218965590000152,3.8781588077545166,0.27527535456433583,0.2067672461271286,3.93703293800354,0.27675386860548024,0.2067672461271286,3.993905782699585,0.27850830955179884,0.2067672461271286,-20.878612612703233,0.0
329,8.225,1.7543337567872827e+18,-3.586858103012156,4.239452105506648,3.9744045844150846,-0.9495707843704712,4.757430184238253,1.572233503346005,-2.1788423417250016,0.22101083611144495,0.2218965590000152,3.6906075477600098,0.28379703665507483,3.8174502849578857,0.21473156860856957,0.2218965590000152,3.8174502849578857,0.27494724024507455,0.2218965590000152,3.8781588077545166,0.27527535456433583,0.2067672461271286,3.93703293800354,0.27675386860548024,0.2067672461271286,-20.236193332663884,0.0
330,8.25,1.754333756812283e+18,-3.6007492725951287,4.048937777145688,3.920210058434875,-0.9254687936954331,4.823336660433972,1.630478483317103,-2.074661184118581,0.22424225375087245,0.2218965590000152,3.6906075477600098,0.22960251067486537,3.6906075477600098,0.28379703665507483,0.2218965590000152,3.8174502849578857,0.21473156860856957,0.2218965590000152,3.8174502849578857,0.27494724024507455,0.2218965590000152,3.8781588077545166,0.27527535456433583,0.2067672461271286,-19.67365685599444,0.0
331,8.275,1.7543337568372828e+18,-3.6007492725951287,4.048937777145688,3.8696794805975805,-0.9146751410831018,4.823336660433972,1.693925163633232,-2.006965693787166,0.22812064146945088,0.2218965590000152,3.6906075477600098,0.17907193283757072,3.6906075477600098,0.22960251067486537,0.2218965590000152,3.6906075477600098,0.28379703665507483,0.2218965590000152,3.8174502849578857,0.21473156860856957,0.2218965590000152,3.8174502849578857,0.27494724024507455,0.2218965590000152,-19.189103773794873,0.0
332,8.3,1.7543337568622828e+18,-3.5917288061893173,3.933018373881159,3.8215492298682285,-0.9100786532340078,4.891611945308851,1.7636324877045273,-2.0011455709033523,0.23261124291335342,0.2370258569717407,3.5568418502807617,0.2647073795874668,3.6906075477600098,0.17907193283757072,0.2218965590000152,3.6906075477600098,0.22960251067486537,0.2218965590000152,3.6906075477600098,0.28379703665507483,0.2218965590000152,3.8174502849578857,0.21473156860856957,0.2218965590000152,-18.56135939600172,0.0
333,8.325000000000001,1.7543337568872827e+18,-3.586252688493475,3.8503462714556536,3.77345656102092,-0.9040858401336281,4.932802718153362,1.8408530764253783,-2.068266907152239,0.23749051779419417,0.2370258569717407,3.486940622329712,0.28651593869120795,3.5568418502807617,0.2647073795874668,0.2370258569717407,3.6906075477600098,0.17907193283757072,0.2218965590000152,3.6906075477600098,0.22960251067486537,0.2218965590000152,3.6906075477600098,0.28379703665507483,0.2218965590000152,-17.943066039898298,0.0
334,8.35,1.7543337569122826e+18,-3.5834784182473824,3.741568714672424,3.722666313241092,-0.8913706884733122,4.982688375699493,1.92520788465508,-2.200157118728872,0.2424137426027136,0.2370258569717407,3.414787530899048,0.30787878234204413,3.486940622329712,0.28651593869120795,0.2370258569717407,3.5568418502807617,0.2647073795874668,0.2370258569717407,3.6906075477600098,0.17907193283757072,0.2218965590000152,3.6906075477600098,0.22960251067486537,0.2218965590000152,-17.250712771794788,0.0
335,8.375,1.7543337569372828e+18,-3.574404282918635,3.669852199400702,3.6669774249331666,-0.8712588982455369,5.0184749289192805,2.0126660687309377,-2.3698590150488896,0.2470438290013533,0.2521551847457886,3.340594291687012,0.3263831332461544,3.414787530899048,0.30787878234204413,0.2370258569717407,3.486940622329712,0.28651593869120795,0.2370258569717407,3.5568418502807617,0.2647073795874668,0.2370258569717407,3.6906075477600098,0.17907193283757072,0.2218965590000152,-16.491528614550514,0.0
336,8.4,1.7543337569622828e+18,-3.546115846077003,3.546896088923372,3.6054459740735054,-0.8485236578683782,5.077747332407032,2.0949885883706045,-2.5378749522734076,0.25119621349984755,0.2521551847457886,3.2644660472869877,0.3409799267865177,3.340594291687012,0.3263831332461544,0.2521551847457886,3.414787530899048,0.30787878234204413,0.2370258569717407,3.486940622329712,0.28651593869120795,0.2370258569717407,3.5568418502807617,0.2647073795874668,0.2370258569717407,-15.673998384073968,0.0
337,8.425,1.7543337569872827e+18,-3.5337529069183105,3.492538268633544,3.538690110730369,-0.8319650730018172,5.10718961405469,2.1615498876149832,-2.6626676081243765,0.25493883232179165,0.2558243870735168,3.1870787143707275,0.35161139635964167,3.2644660472869877,0.3409799267865177,0.2521551847457886,3.340594291687012,0.3263831332461544,0.2521551847457886,3.414787530899048,0.30787878234204413,0.2370258569717407,3.486940622329712,0.28651593869120795,0.2370258569717407,-14.806467347522913,0.0
338,8.450000000000001,1.754333757012283e+18,-3.5023349528649024,3.411381083266352,3.4687263350164024,-0.831229307472773,5.162578014096043,2.2029839623583616,-2.712344790113859,0.25858584356956654,0.267284482717514,3.1870787143707275,0.28164762064567483,3.1870787143707275,0.35161139635964167,0.2558243870735168,3.2644660472869877,0.3409799267865177,0.2521551847457886,3.340594291687012,0.3263831332461544,0.2521551847457886,3.414787530899048,0.30787878234204413,0.2370258569717407,-14.056293956357312,0.0
339,8.475,1.7543337570372828e+18,-3.451516543259283,3.279261396503412,3.398424079447599,-0.853102424291092,5.259030886696865,2.2150011492156616,-2.6738942509384085,0.26255170632493813,0.267284482717514,3.1087656021118164,0.28965847733578265,3.1870787143707275,0.28164762064567483,0.267284482717514,3.1870787143707275,0.35161139635964167,0.2558243870735168,3.2644660472869877,0.3409799267865177,0.2521551847457886,3.340594291687012,0.3263831332461544,0.2521551847457886,-13.264737595927206,0.0
340,8.5,1.7543337570622828e+18,-3.438180445952043,3.2323440112884736,3.330748238433453,-0.8985719581871687,5.2834134972160784,2.2005934264972202,-2.556968632804357,0.26709673303968484,0.2521551847457886,3.02937912940979,0.30136910902366276,3.1087656021118164,0.28965847733578265,0.267284482717514,3.1870787143707275,0.28164762064567483,0.267284482717514,3.1870787143707275,0.35161139635964167,0.2558243870735168,3.2644660472869877,0.3409799267865177,0.2521551847457886,-12.512527951850844,0.0
341,8.525,1.7543337570872827e+18,-3.411163198425014,3.168687401913014,3.2679987281006264,-0.9615920025502557,5.327266686421308,2.16956769209652,-2.390864238787964,0.2720816204965468,0.2521551847457886,2.9506938457489014,0.31730488235172505,3.02937912940979,0.30136910902366276,0.2521551847457886,3.1087656021118164,0.28965847733578265,0.267284482717514,3.1870787143707275,0.28164762064567483,0.267284482717514,3.1870787143707275,0.35161139635964167,0.2558243870735168,-11.631210926636633,0.0
342,8.55,1.7543337571122826e+18,-3.344329149542229,3.036645122525228,3.2112389036384204,-1.0300572119620546,5.429322979938871,2.1355311543562427,-2.2154752019518744,0.27689873914869423,0.2734941840171814,2.9506938457489014,0.260545057889519,2.9506938457489014,0.31730488235172505,0.2521551847457886,3.02937912940979,0.30136910902366276,0.2521551847457886,3.1087656021118164,0.28965847733578265,0.267284482717514,3.1870787143707275,0.28164762064567483,0.267284482717514,-10.858297366708925,0.0
343,8.575000000000001,1.7543337571372828e+18,-3.296507620023886,2.965491622009912,3.160047940193968,-1.0888769900704658,5.4802838729683225,2.111591969367486,-2.068958296568659,0.2806816350650186,0.3126724064350128,2.883214235305786,0.27683370488818193,2.9506938457489014,0.260545057889519,0.2734941840171814,2.9506938457489014,0.31730488235172505,0.2521551847457886,3.02937912940979,0.30136910902366276,0.2521551847457886,3.1087656021118164,0.28965847733578265,0.267284482717514,-10.120254221324352,0.0
344,8.600000000000001,1.7543337571622828e+18,-3.276072362198605,2.935220418360908,3.112680488619555,-1.1242030671732863,5.504359620675536,2.1064899002229747,-1.9759741927802994,0.2827106202954879,0.2894680202007293,2.8266079425811768,0.2860725460383784,2.883214235305786,0.27683370488818193,0.3126724064350128,2.9506938457489014,0.260545057889519,0.2734941840171814,2.9506938457489014,0.31730488235172505,0.2521551847457886,3.02937912940979,0.30136910902366276,0.2521551847457886,-9.26155486378268,0.0
345,8.625,1.7543337571872827e+18,-3.203602950038546,2.839155372935729,3.066651786862652,-1.1273052791613638,5.589870936249081,2.1223967956217336,-1.9402727396966852,0.2827736091278914,0.274542361497879,2.7816176414489746,0.28503414541367755,2.8266079425811768,0.2860725460383784,0.2894680202007293,2.883214235305786,0.27683370488818193,0.3126724064350128,2.9506938457489014,0.260545057889519,0.2734941840171814,2.9506938457489014,0.31730488235172505,0.2521551847457886,-8.374034665759241,0.0
346,8.65,1.754333757212283e+18,-3.203602950038546,2.839155372935729,3.019633103013914,-1.0967918004062602,5.589870936249081,2.1547514240404864,-1.9440329011733504,0.2812654616983768,0.2864620685577392,2.7478299140930176,0.2718031889208965,2.7816176414489746,0.28503414541367755,0.274542361497879,2.8266079425811768,0.2860725460383784,0.2894680202007293,2.883214235305786,0.27683370488818193,0.3126724064350128,2.9506938457489014,0.260545057889519,0.2734941840171814,-7.548634255163137,0.0
347,8.675,1.7543337572372828e+18,-3.13094473587547,2.750901810975411,2.970372446511115,-1.0386259060783838,5.676521509407609,2.1938645200743987,-1.954145028514873,0.2790002319717336,0.2521551847457886,2.731593132019043,0.23877931449207201,2.7478299140930176,0.2718031889208965,0.2864620685577392,2.7816176414489746,0.28503414541367755,0.274542361497879,2.8266079425811768,0.2860725460383784,0.2894680202007293,2.883214235305786,0.27683370488818193,0.3126724064350128,-6.726070099732887,0.0
348,8.700000000000001,1.7543337572622828e+18,-3.0762907379018336,2.6962356224486697,2.919272692369614,-0.9641582773701188,5.735763874631448,2.227722533302412,-1.933262657168926,0.2768938030922893,0.2861064076423645,2.731593132019043,0.18767956035057098,2.731593132019043,0.23877931449207201,0.2521551847457886,2.7478299140930176,0.2718031889208965,0.2864620685577392,2.7816176414489746,0.28503414541367755,0.274542361497879,2.8266079425811768,0.2860725460383784,0.2894680202007293,-5.924846198314636,0.0
349,8.725000000000001,1.7543337572872827e+18,-3.014838750536976,2.656023153451784,2.868362680710811,-0.8869367649135258,5.796456443876622,2.2452170926205848,-1.8517907073239697,0.2757084621585754,0.2861064076423645,2.731593132019043,0.13676954869176816,2.731593132019043,0.18767956035057098,0.2861064076423645,2.731593132019043,0.23877931449207201,0.2521551847457886,2.7478299140930176,0.2718031889208965,0.2864620685577392,2.7816176414489746,0.28503414541367755,0.274542361497879,-5.145138602581609,0.0
350,8.75,1.7543337573122826e+18,-2.951681399260468,2.6123362688315748,2.820658399271655,-0.8193630875075918,5.857706394922294,2.238961929325315,-1.6966563380658894,0.2759492464371539,0.2747555673122406,2.755547523498535,0.06511087577312002,2.731593132019043,0.13676954869176816,0.2861064076423645,2.731593132019043,0.18767956035057098,0.2861064076423645,2.731593132019043,0.23877931449207201,0.2521551847457886,2.7478299140930176,0.2718031889208965,0.2864620685577392,-4.407404209368611,0.0
351,8.775,1.7543337573372828e+18,-2.9121350650876674,2.567295276407297,2.779181044280921,-0.7701942780336368,5.884769996580011,2.207084821702916,-1.473898126561404,0.2778847042058048,0.2695931494235992,2.755547523498535,0.023633520782385897,2.755547523498535,0.06511087577312002,0.2747555673122406,2.731593132019043,0.13676954869176816,0.2861064076423645,2.731593132019043,0.18767956035057098,0.2861064076423645,2.731593132019043,0.23877931449207201,0.2521551847457886,-3.75764161991136,0.0
352,8.8,1.7543337573622828e+18,-2.866531625902058,2.538661313807709,2.7460281410236904,-0.7433598363644148,5.928969166832758,2.153778869571666,-1.2044040113080081,0.2816277349348253,0.2734522521495819,2.755547523498535,-0.00951938247484474,2.755547523498535,0.023633520782385897,0.2695931494235992,2.755547523498535,0.06511087577312002,0.2747555673122406,2.731593132019043,0.13676954869176816,0.2861064076423645,2.731593132019043,0.18767956035057098,0.2861064076423645,-3.1107320999996673,0.0
353,8.825000000000001,1.7543337573872827e+18,-2.7743338634457406,2.4930849329141687,2.721846122467168,-0.7379253370493163,6.010892692682481,2.088630077712962,-0.9146753958418073,0.287233691879762,0.2994259595870971,2.85239839553833,-0.1305522730711619,2.755547523498535,-0.00951938247484474,0.2734522521495819,2.755547523498535,0.023633520782385897,0.2695931494235992,2.755547523498535,0.06511087577312002,0.2747555673122406,2.731593132019043,0.13676954869176816,0.2861064076423645,-2.5552924219954876,0.0
354,8.850000000000001,1.754333757412283e+18,-2.7233648760018734,2.4672351377042703,2.7058836968516315,-0.7487498957984817,6.057387162031282,2.02472670953951,-0.6263150292954287,0.294769257819855,0.3137930929660797,2.85239839553833,-0.14651469868669853,2.85239839553833,-0.1305522730711619,0.2994259595870971,2.755547523498535,-0.00951938247484474,0.2734522521495819,2.755547523498535,0.023633520782385897,0.2695931494235992,2.755547523498535,0.06511087577312002,0.2747555673122406,-1.9885839130978291,0.0
355,8.875,1.7543337574372828e+18,-2.651636904336553,2.445886168112694,2.6965886755692066,-0.7675247594003266,6.113007286460403,1.975624962405426,-0.3483152711868214,0.30427072267302313,0.2969827651977539,2.85239839553833,-0.15580971996912352,2.85239839553833,-0.14651469868669853,0.3137930929660797,2.85239839553833,-0.1305522730711619,0.2994259595870971,2.755547523498535,-0.00951938247484474,0.2734522521495819,2.755547523498535,0.023633520782385897,0.2695931494235992,-1.4078661011497324,0.0
356,8.9,1.7543337574622828e+18,-2.583061917018733,2.421252466062698,2.6925103347597026,-0.7841518265178686,6.171298708799444,1.9516470396001857,-0.07500703695358932,0.3155323731393751,0.3137930929660797,2.928806066513061,-0.2362957317533585,2.85239839553833,-0.15580971996912352,0.2969827651977539,2.85239839553833,-0.14651469868669853,0.3137930929660797,2.85239839553833,-0.1305522730711619,0.2994259595870971,2.755547523498535,-0.00951938247484474,0.2734522521495819,-0.9693345192512224,0.0
357,8.925,1.7543337574872827e+18,-2.4615745954351484,2.3923738177286413,2.693146587713501,-0.7885443153023786,6.257191685270507,1.9565254509051413,0.2097985587640682,0.3277896408574305,0.3137930929660797,2.928806066513061,-0.23565947879956006,2.928806066513061,-0.2362957317533585,0.3137930929660797,2.85239839553833,-0.15580971996912352,0.2969827651977539,2.85239839553833,-0.14651469868669853,0.3137930929660797,2.85239839553833,-0.1305522730711619,0.2994259595870971,-0.5174612387421043,0.0
358,8.950000000000001,1.7543337575122826e+18,-2.4615745954351484,2.3923738177286413,2.6993820831061006,-0.7727589795632951,6.257191685270507,1.9856885179365062,0.5244433621661818,0.3395035856853741,0.3328321278095245,3.026057481765747,-0.32667539865964645,2.928806066513061,-0.23565947879956006,0.3137930929660797,2.928806066513061,-0.2362957317533585,0.3137930929660797,2.85239839553833,-0.15580971996912352,0.2969827651977539,2.85239839553833,-0.14651469868669853,0.3137930929660797,-0.14695860707617214,0.0
359,8.975000000000001,1.7543337575372828e+18,-2.4011615382619174,2.4019159430199064,2.713314917028759,-0.7329853083205008,6.287830911777915,2.0272301284997836,0.8804436819374273,0.3484837879622536,0.3137930929660797,3.268884420394897,-0.5555695033661379,3.026057481765747,-0.32667539865964645,0.3328321278095245,2.928806066513061,-0.23565947879956006,0.3137930929660797,2.928806066513061,-0.2362957317533585,0.3137930929660797,2.85239839553833,-0.15580971996912352,0.2969827651977539,0.003720647124735077,0.0
360,9.0,1.7543337575622828e+18,-2.3385046376085543,2.394502243054608,2.7375236522795836,-0.6707410096868901,6.335762157562181,2.065705876157212,1.2766203690979232,0.35244611694982086,0.3765517175197601,3.268884420394897,-0.5313607681153134,3.268884420394897,-0.5555695033661379,0.3137930929660797,3.026057481765747,-0.32667539865964645,0.3328321278095245,2.928806066513061,-0.23565947879956006,0.3137930929660797,2.928806066513061,-0.2362957317533585,0.3137930929660797,0.18980105728620789,0.0
361,9.025,1.7543337575872827e+18,-2.2589120704026207,2.392253343131724,2.7740766882257124,-0.592941174283452,6.40145031576424,2.0875992729307993,1.6985775871175786,0.34982632541375264,0.4008681178092956,3.408074140548706,-0.6339974523229936,3.268884420394897,-0.5313607681153134,0.3765517175197601,3.268884420394897,-0.5555695033661379,0.3137930929660797,3.026057481765747,-0.32667539865964645,0.3328321278095245,2.928806066513061,-0.23565947879956006,0.3137930929660797,0.2885366020395659,0.0
362,9.05,1.754333757612283e+18,-2.204478044981785,2.389094991562923,2.82370110005952,-0.5109606952623084,6.442926513406869,2.0863571428739336,2.1233370240598166,0.34040013514062906,0.362801730632782,3.556581258773804,-0.7328801587142841,3.408074140548706,-0.6339974523229936,0.4008681178092956,3.268884420394897,-0.5313607681153134,0.3765517175197601,3.268884420394897,-0.5555695033661379,0.3137930929660797,3.026057481765747,-0.32667539865964645,0.3328321278095245,0.3084439528105345,0.0
363,9.075000000000001,1.7543337576372828e+18,-2.1269088409344934,2.403677716236948,2.885448144642712,-0.4389128497858702,6.522576128625141,2.0649558294369315,2.526614300638139,0.32522744032900514,0.3160344958305359,3.7119064331054688,-0.8264582884627569,3.556581258773804,-0.7328801587142841,0.362801730632782,3.408074140548706,-0.6339974523229936,0.4008681178092956,3.268884420394897,-0.5313607681153134,0.3765517175197601,3.268884420394897,-0.5555695033661379,0.3137930929660797,0.2581537242708114,0.0
364,9.100000000000001,1.7543337576622828e+18,-2.0686700986380573,2.4066288607625195,2.9569812948045398,-0.39127977117472323,6.570637854312107,2.034935660181238,2.8890675740746317,0.3057869260312072,0.256313145160675,4.030330181121826,-1.0733488863172864,3.7119064331054688,-0.8264582884627569,0.3160344958305359,3.556581258773804,-0.7328801587142841,0.362801730632782,3.408074140548706,-0.6339974523229936,0.4008681178092956,3.268884420394897,-0.5313607681153134,0.3765517175197601,0.07666846430946528,0.0
365,9.125,1.7543337576872827e+18,-1.9984224092901832,2.4405591753588256,3.0353743184338553,-0.38014787468422145,6.59415373078726,2.0121647009344197,3.1984193482554177,0.28272131968156977,0.256313145160675,4.030330181121826,-0.9949558626879709,4.030330181121826,-1.0733488863172864,0.256313145160675,3.7119064331054688,-0.8264582884627569,0.3160344958305359,3.556581258773804,-0.7328801587142841,0.362801730632782,3.408074140548706,-0.6339974523229936,0.4008681178092956,-0.008543947728917978,0.0
366,9.15,1.7543337577122826e+18,-1.8353152966577533,2.468626411915843,3.1180902943154907,-0.41253498108518866,6.709805954708254,2.0107725194019834,3.446447124186446,0.2549497999779362,0.256313145160675,4.030330181121826,-0.9122398868063355,4.030330181121826,-0.9949558626879709,0.256313145160675,4.030330181121826,-1.0733488863172864,0.256313145160675,3.7119064331054688,-0.8264582884627569,0.3160344958305359,3.556581258773804,-0.7328801587142841,0.362801730632782,-0.0026311517877255497,0.0
367,9.175,1.7543337577372828e+18,-1.8353152966577533,2.468626411915843,3.2036566068945027,-0.4883648033590429,6.709805954708254,2.037327993778599,3.6225273261465185,0.21974473381948376,0.2377072423696518,4.151521682739258,-0.9478650758447551,4.030330181121826,-0.9122398868063355,0.256313145160675,4.030330181121826,-0.9949558626879709,0.256313145160675,4.030330181121826,-1.0733488863172864,0.256313145160675,3.7119064331054688,-0.8264582884627569,0.3160344958305359,-0.03500922394541783,0.0
368,9.200000000000001,1.7543337577622828e+18,-1.6547187236751406,2.540098781211311,3.291581107077499,-0.5995558409604954,6.845853286994141,2.0871230630909534,3.7074284078054496,0.17384415791359017,0.156833529472351,4.2563886642456055,-0.9648075571681063,4.151521682739258,-0.9478650758447551,0.2377072423696518,4.030330181121826,-0.9122398868063355,0.256313145160675,4.030330181121826,-0.9949558626879709,0.256313145160675,4.030330181121826,-1.0733488863172864,0.256313145160675,-0.09764606347249583,0.0
369,9.225000000000001,1.7543337577872827e+18,-1.6547187236751406,2.540098781211311,3.381398200927851,-0.7305410366458142,6.845853286994141,2.143504891755022,3.671352586383393,0.11515385014578951,0.151782602071762,4.2563886642456055,-0.8749904633177543,4.2563886642456055,-0.9648075571681063,0.156833529472351,4.151521682739258,-0.9478650758447551,0.2377072423696518,4.030330181121826,-0.9122398868063355,0.256313145160675,4.030330181121826,-0.9949558626879709,0.256313145160675,-0.0924993685913762,0.0
370,9.25,1.754333757812283e+18,-1.5967408222242292,2.5580844573667205,3.4712922309941217,-0.8603353541598673,6.883079334929299,2.180154082369841,3.4785548356614573,0.04434407035081127,0.0390000008046627,4.175683498382568,-0.7043912673884467,4.2563886642456055,-0.8749904633177543,0.151782602071762,4.2563886642456055,-0.9648075571681063,0.156833529472351,4.151521682739258,-0.9478650758447551,0.2377072423696518,4.030330181121826,-0.9122398868063355,0.256313145160675,0.054733432176545804,0.0
371,9.275,1.7543337578372828e+18,-1.500149891627244,2.6119828716444378,3.5571428986240123,-0.9660590503756278,6.942934016862987,2.165556024814387,3.09790887931038,-0.03432241037237402,0.0,4.175683498382568,-0.618540599758556,4.175683498382568,-0.7043912673884467,0.0390000008046627,4.2563886642456055,-0.8749904633177543,0.151782602071762,4.2563886642456055,-0.9648075571681063,0.156833529472351,4.151521682739258,-0.9478650758447551,0.2377072423696518,0.2535860354421713,0.0
372,9.3,1.7543337578622828e+18,-1.4000996757111142,2.686078696088167,3.6326987836392397,-1.0275416016616314,7.024948910265836,2.068762869005739,2.515895894944216,-0.1133711279768763,-0.0850151926279068,3.922311544418335,-0.28961276077909526,4.175683498382568,-0.618540599758556,0.0,4.175683498382568,-0.7043912673884467,0.0390000008046627,4.2563886642456055,-0.8749904633177543,0.151782602071762,4.2563886642456055,-0.9648075571681063,0.156833529472351,0.8078284345981452,0.0
373,9.325000000000001,1.7543337578872827e+18,-1.3693958078119457,2.704351644659801,3.6909257826491673,-1.0321008044799251,7.0470442654734855,1.865665908237999,1.7470298671585365,-0.18377519624814678,-0.1885000020265579,3.772225856781006,-0.0813000741318386,3.922311544418335,-0.28961276077909526,-0.0850151926279068,4.175683498382568,-0.618540599758556,0.0,4.175683498382568,-0.7043912673884467,0.0390000008046627,4.2563886642456055,-0.8749904633177543,0.151782602071762,1.572981781904394,0.0
374,9.350000000000001,1.7543337579122826e+18,-1.2888025474966436,2.7582139920306448,3.725881037215705,-0.9779791912268669,7.101167749153622,1.5449984795150713,0.8374014760362614,-0.2374724994969893,-0.3160344958305359,3.4848804473876958,0.2410005898280092,3.772225856781006,-0.0813000741318386,-0.1885000020265579,3.922311544418335,-0.28961276077909526,-0.0850151926279068,4.175683498382568,-0.618540599758556,0.0,4.175683498382568,-0.7043912673884467,0.0390000008046627,2.539225689820457,0.0
375,9.375,1.7543337579372828e+18,-1.2126870447495717,2.81537603141283,3.7342447786195323,-0.874859067090935,7.1556376215308894,1.1128917856109348,-0.14049271001580702,-0.26984924847289066,-0.3160344958305359,3.4848804473876958,0.24936433123183654,3.4848804473876958,0.2410005898280092,-0.3160344958305359,3.772225856781006,-0.0813000741318386,-0.1885000020265579,3.922311544418335,-0.28961276077909526,-0.0850151926279068,4.175683498382568,-0.618540599758556,0.0,3.49368057997256,0.0
376,9.4,1.7543337579622828e+18,-1.1642129700372703,2.879981124594111,3.71595542719832,-0.7408223482050442,7.172863720756224,0.594317107885276,-1.1003019189196157,-0.28114711774013473,-0.2633620798587799,3.4848804473876958,0.2310749798106242,3.4848804473876958,0.24936433123183654,-0.3160344958305359,3.4848804473876958,0.2410005898280092,-0.3160344958305359,3.772225856781006,-0.0813000741318386,-0.1885000020265579,3.922311544418335,-0.28961276077909526,-0.0850151926279068,4.309669339364479,0.0
377,9.425,1.7543337579872827e+18,-1.0859631347185394,2.960264919457108,3.6738889099003282,-0.5967167376245549,7.223401095915969,0.030029734183019845,-1.957934209325214,-0.27616220141620423,-0.2465517222881317,3.3520448207855225,0.3218440891148058,3.4848804473876958,0.2310749798106242,-0.2633620798587799,3.4848804473876958,0.24936433123183654,-0.3160344958305359,3.4848804473876958,0.2410005898280092,-0.3160344958305359,3.772225856781006,-0.0813000741318386,-0.1885000020265579,5.097976128406506,0.0
378,9.450000000000001,1.754333758012283e+18,-1.0173027961230543,3.0450268399875227,3.612884593394211,-0.4601193868270379,7.208821117383071,-0.5308493283172271,-2.646543911038873,-0.2624160036978328,-0.2465517222881317,3.2304039001464844,0.3824806932477265,3.3520448207855225,0.3218440891148058,-0.2465517222881317,3.4848804473876958,0.2310749798106242,-0.2633620798587799,3.4848804473876958,0.24936433123183654,-0.3160344958305359,3.4848804473876958,0.2410005898280092,-0.3160344958305359,5.830640779219328,0.0
379,9.475000000000001,1.7543337580372828e+18,-0.9950560646908482,3.071664901164029,3.538563025273264,-0.34110517031635945,7.216422124790584,-1.0405200601976132,-3.1265920378504486,-0.2476651251615425,-0.2218965590000152,3.1199796199798584,0.41858340529340543,3.2304039001464844,0.3824806932477265,-0.2465517222881317,3.3520448207855225,0.3218440891148058,-0.2465517222881317,3.4848804473876958,0.2310749798106242,-0.2633620798587799,3.4848804473876958,0.24936433123183654,-0.3160344958305359,6.519168787602264,0.0
380,9.5,1.7543337580622828e+18,-0.9262944960440852,3.1524413919312604,3.4563403255441894,-0.2409528644302841,7.166872095963084,-1.4614550568182383,-3.389202532468147,-0.23777050851984227,-0.2370258569717407,3.1199796199798584,0.33636070556433095,3.1199796199798584,0.41858340529340543,-0.2218965590000152,3.2304039001464844,0.3824806932477265,-0.2465517222881317,3.3520448207855225,0.3218440891148058,-0.2465517222881317,3.4848804473876958,0.2310749798106242,-0.2633620798587799,6.9716471891042815,0.0
381,9.525,1.7543337580872827e+18,-0.8242864078041361,3.2734600725543137,3.3708688925791606,-0.15369395016494122,7.086702965869561,-1.7722920419935984,-3.453230181332577,-0.2356046515931727,-0.2370258569717407,3.0188820362091064,0.3519868563700541,3.1199796199798584,0.33636070556433095,-0.2370258569717407,3.1199796199798584,0.41858340529340543,-0.2218965590000152,3.2304039001464844,0.3824806932477265,-0.2465517222881317,3.3520448207855225,0.3218440891148058,-0.2465517222881317,7.335708906658537,0.0
382,9.55,1.7543337581122826e+18,-0.8242864078041361,3.2734600725543137,3.285900000455654,-0.06968724387292861,7.086702965869561,-1.9697334093122876,-3.357982414585954,-0.24114410166764824,-0.2370258569717407,3.0188820362091064,0.26701796424654756,3.0188820362091064,0.3519868563700541,-0.2370258569717407,3.1199796199798584,0.33636070556433095,-0.2370258569717407,3.1199796199798584,0.41858340529340543,-0.2218965590000152,3.2304039001464844,0.3824806932477265,-0.2465517222881317,7.496932402472572,0.0
383,9.575000000000001,1.7543337581372828e+18,-0.7567305200068306,3.326156324619878,3.2043723974986986,0.019954059251738515,7.008113514439953,-2.0666352409075994,-3.1540363001945884,-0.2524445694732047,-0.2824137806892395,2.848189115524292,0.35618328197440663,3.0188820362091064,0.26701796424654756,-0.2370258569717407,3.0188820362091064,0.3519868563700541,-0.2370258569717407,3.1199796199798584,0.33636070556433095,-0.2370258569717407,3.1199796199798584,0.41858340529340543,-0.2218965590000152,7.725997981211802,0.0
384,9.600000000000001,1.7543337581622828e+18,-0.7017961693357515,3.3810410549198187,3.1284608985024884,0.1195032406041702,6.954549099649085,-2.0871922423865765,-2.8942282540198576,-0.26695071409726073,-0.2824137806892395,2.848189115524292,0.28027178297819644,2.848189115524292,0.35618328197440663,-0.2824137806892395,3.0188820362091064,0.26701796424654756,-0.2370258569717407,3.0188820362091064,0.3519868563700541,-0.2370258569717407,3.1199796199798584,0.33636070556433095,-0.2370258569717407,7.841412248300573,0.0
385,9.625,1.7543337581872827e+18,-0.5877516216513858,3.4886588664874227,3.059421168509389,0.22665988523337544,6.858912679690558,-2.0606526244557557,-2.626140297999897,-0.2825816925450379,-0.2824137806892395,2.7861480712890625,0.27327309722032656,2.848189115524292,0.28027178297819644,-0.2824137806892395,2.848189115524292,0.35618328197440663,-0.2824137806892395,3.0188820362091064,0.26701796424654756,-0.2370258569717407,3.0188820362091064,0.3519868563700541,-0.2370258569717407,8.005675367127107,0.0
386,9.65,1.754333758212283e+18,-0.5578345419083948,3.5142903919616204,2.9973223076444317,0.33313796097543147,6.833465393371346,-2.015207977770824,-2.3867171391373865,-0.29823760961163,-0.2824137806892395,2.848189115524292,0.14913319212013976,2.7861480712890625,0.27327309722032656,-0.2824137806892395,2.848189115524292,0.28027178297819644,-0.2824137806892395,2.848189115524292,0.35618328197440663,-0.2824137806892395,3.0188820362091064,0.26701796424654756,-0.2370258569717407,8.028910318778003,0.0
387,9.675,1.7543337582372828e+18,-0.491318799180422,3.563105154170069,2.9409839411811762,0.4274773872862564,6.789170558418213,-1.9734017917701616,-2.1992196588760504,-0.3136960946743093,-0.3126724064350128,2.7861480712890625,0.15483586989211373,2.848189115524292,0.14913319212013976,-0.2824137806892395,2.7861480712890625,0.27327309722032656,-0.2824137806892395,2.848189115524292,0.28027178297819644,-0.2824137806892395,2.848189115524292,0.35618328197440663,-0.2824137806892395,8.079882157286962,0.0
388,9.700000000000001,1.7543337582622828e+18,-0.4431859082583358,3.5985870018880544,2.8883860282046614,0.499046452147012,6.75107052435646,-1.9496984130127033,-2.0724728309686338,-0.3291407819468554,-0.3278017342090606,2.738467216491699,0.14991881171296217,2.7861480712890625,0.15483586989211373,-0.3126724064350128,2.848189115524292,0.14913319212013976,-0.2824137806892395,2.7861480712890625,0.27327309722032656,-0.2824137806892395,2.848189115524292,0.28027178297819644,-0.2824137806892395,8.144867155845828,0.0
389,9.725000000000001,1.7543337582872827e+18,-0.3768323156656712,3.640095255509322,2.8374820803069936,0.5419188075222724,6.700376617187488,-1.950152603908414,-2.0021229264479974,-0.3446528417712451,-0.3278017342090606,2.738467216491699,0.09901486381529434,2.738467216491699,0.14991881171296217,-0.3278017342090606,2.7861480712890625,0.15483586989211373,-0.3126724064350128,2.848189115524292,0.14913319212013976,-0.2824137806892395,2.7861480712890625,0.27327309722032656,-0.2824137806892395,8.137211164718433,0.0
390,9.75,1.7543337583122826e+18,-0.3075461101578431,3.685210944302733,2.787003304851528,0.5572764604182828,6.646714768637714,-1.9737771096862744,-1.9733264622805697,-0.35991412301959796,-0.3731896579265594,2.7007739543914795,0.08622935046004843,2.738467216491699,0.09901486381529434,-0.3278017342090606,2.738467216491699,0.14991881171296217,-0.3278017342090606,2.7861480712890625,0.15483586989211373,-0.3126724064350128,2.848189115524292,0.14913319212013976,-0.2824137806892395,8.128865493225499,0.0
391,9.775,1.7543337583372828e+18,-0.2325211496042269,3.7043567023994255,2.736800506887855,0.5532763302550348,6.588534892234447,-2.0151637244001246,-1.9640974675067349,-0.3742151286269191,-0.3731896579265594,2.7007739543914795,0.03602655249637543,2.7007739543914795,0.08622935046004843,-0.3731896579265594,2.738467216491699,0.09901486381529434,-0.3278017342090606,2.738467216491699,0.14991881171296217,-0.3278017342090606,2.7861480712890625,0.15483586989211373,-0.3126724064350128,8.08055030474621,0.0
392,9.8,1.7543337583622828e+18,-0.177688539136811,3.733093763603869,2.687574368977033,0.5421778544744821,6.548574863125491,-2.067761002589333,-1.9486505513768335,-0.3867171248496034,-0.3883189558982849,2.67223858833313,0.015335780643903174,2.7007739543914795,0.03602655249637543,-0.3731896579265594,2.7007739543914795,0.08622935046004843,-0.3731896579265594,2.738467216491699,0.09901486381529434,-0.3278017342090606,2.738467216491699,0.14991881171296217,-0.3278017342090606,7.978463785497286,0.0
393,9.825000000000001,1.7543337583872827e+18,-0.1113144713682312,3.752411616971568,2.640257424669995,0.535765610621244,6.5009191272597295,-2.1267993841487782,-1.9005332018056575,-0.3968318495464067,-0.3883189558982849,2.67223858833313,-0.03198116366313508,2.67223858833313,0.015335780643903174,-0.3883189558982849,2.7007739543914795,0.03602655249637543,-0.3731896579265594,2.7007739543914795,0.08622935046004843,-0.3731896579265594,2.738467216491699,0.09901486381529434,-0.3278017342090606,7.868377078930264,0.0
394,9.850000000000001,1.754333758412283e+18,-0.0301324623782233,3.7854837148100255,2.595535813113125,0.5409744638023894,6.437295262434611,-2.1906624061908646,-1.7958783139492722,-0.404564576969806,-0.4185775816440582,2.6541662216186523,-0.05863040850552714,2.67223858833313,-0.03198116366313508,-0.3883189558982849,2.67223858833313,0.015335780643903174,-0.3883189558982849,2.7007739543914795,0.03602655249637543,-0.3731896579265594,2.7007739543914795,0.08622935046004843,-0.3731896579265594,7.679794823210006,0.0
395,9.875,1.7543337584372828e+18,0.042080870177894,3.796778092483705,2.553880989613711,0.5575512464382815,6.372756789436155,-2.2600885386048795,-1.6172820597867321,-0.41068610009566714,-0.4185775816440582,2.6541662216186523,-0.10028523200494144,2.6541662216186523,-0.05863040850552714,-0.4185775816440582,2.67223858833313,-0.03198116366313508,-0.3883189558982849,2.67223858833313,0.015335780643903174,-0.3883189558982849,2.7007739543914795,0.03602655249637543,-0.3731896579265594,7.443463945215088,0.0
396,9.9,1.7543337584622828e+18,0.0642787902772914,3.804274307512357,2.5160605736984176,0.5786565002901668,6.353196628658888,-2.335777441820186,-1.3583177017184251,-0.41663285489338747,-0.4185775816440582,2.652397871017456,-0.13633729731903843,2.6541662216186523,-0.10028523200494144,-0.4185775816440582,2.6541662216186523,-0.05863040850552714,-0.4185775816440582,2.67223858833313,-0.03198116366313508,-0.3883189558982849,2.67223858833313,0.015335780643903174,-0.3883189558982849,7.161335665636196,0.0
397,9.925,1.7543337584872827e+18,0.1980786882530374,3.8245934809414246,2.4836725691229407,0.5940625074938207,6.238064897576341,-2.415912891375935,-1.0276681488654187,-0.4241052389357477,-0.4185775816440582,2.652397871017456,-0.1687253018945154,2.652397871017456,-0.13633729731903843,-0.4185775816440582,2.6541662216186523,-0.10028523200494144,-0.4185775816440582,2.6541662216186523,-0.05863040850552714,-0.4185775816440582,2.67223858833313,-0.03198116366313508,-0.3883189558982849,6.830799628007474,0.0
398,9.950000000000001,1.7543337585122826e+18,0.2347766648276663,3.8228489841555735,2.459133699242222,0.5945622066850291,6.191171495400344,-2.495109820273269,-0.6509093460341778,-0.43445908642472675,-0.4337069094181061,2.673725128173828,-0.2145914289316062,2.652397871017456,-0.1687253018945154,-0.4185775816440582,2.652397871017456,-0.13633729731903843,-0.4185775816440582,2.6541662216186523,-0.10028523200494144,-0.4185775816440582,2.6541662216186523,-0.05863040850552714,-0.4185775816440582,6.3465563881778095,0.0
399,9.975000000000001,1.7543337585372828e+18,0.2890752776917438,3.828583144940197,2.444891837117318,0.5757333400243835,6.139563006311044,-2.5654121168436044,-0.26787439583295225,-0.44811477791894894,-0.432037204504013,2.673725128173828,-0.2288332910565103,2.673725128173828,-0.2145914289316062,-0.4337069094181061,2.652397871017456,-0.1687253018945154,-0.4185775816440582,2.652397871017456,-0.13633729731903843,-0.4185775816440582,2.6541662216186523,-0.10028523200494144,-0.4185775816440582,5.842347139029496,0.0
400,10.0,1.7543337585622828e+18,0.3558877087232388,3.8117170033888383,2.44219423956466,0.5395340340411106,6.0755526111277645,-2.618846381142016,0.07529366048896417,-0.46425970128216476,-0.432037204504013,2.7096405029296875,-0.26744626336502764,2.673725128173828,-0.2288332910565103,-0.432037204504013,2.673725128173828,-0.2145914289316062,-0.4337069094181061,2.652397871017456,-0.1687253018945154,-0.4185775816440582,2.652397871017456,-0.13633729731903843,-0.4185775816440582,5.291075341937577,0.0
401,10.025,1.7543337585872827e+18,0.4052672484356798,3.812387709548657,2.4501108611526616,0.4932612817080046,6.024939816529635,-2.6503024285818175,0.3381118529544992,-0.4810362783319208,-0.5124039649963379,2.755999803543091,-0.3058889423904292,2.7096405029296875,-0.26744626336502764,-0.432037204504013,2.673725128173828,-0.2288332910565103,-0.432037204504013,2.673725128173828,-0.2145914289316062,-0.4337069094181061,2.652397871017456,-0.1687253018945154,-0.4185775816440582,4.645503916220774,0.0
402,10.05,1.754333758612283e+18,0.4873872882395034,3.79643554336224,2.465436109978747,0.4466470486464197,5.937495890726872,-2.6594319643412856,0.4982376653145272,-0.49618853221328096,-0.5135644674301147,2.755999803543091,-0.29056369356434386,2.755999803543091,-0.3058889423904292,-0.5124039649963379,2.7096405029296875,-0.26744626336502764,-0.432037204504013,2.673725128173828,-0.2288332910565103,-0.432037204504013,2.673725128173828,-0.2145914289316062,-0.4337069094181061,4.065005566419067,0.0
403,10.075000000000001,1.7543337586372828e+18,0.5392591387861034,3.791409784896201,2.4836395814003542,0.4085823997723772,5.883567961824829,-2.6507604339268322,0.5598673819915376,-0.5078817392668284,-0.5135644674301147,2.8163020610809326,-0.3326624796805784,2.755999803543091,-0.29056369356434386,-0.5135644674301147,2.755999803543091,-0.3058889423904292,-0.5124039649963379,2.7096405029296875,-0.26744626336502764,-0.432037204504013,2.673725128173828,-0.2288332910565103,-0.432037204504013,3.3969473992284467,0.0
404,10.100000000000001,1.7543337586622828e+18,0.5779588518338237,3.763894843521366,2.5004893007699063,0.3847990710882996,5.8264174534569015,-2.632026809588191,0.5542969593158744,-0.5152938810464562,-0.5135644674301147,2.8163020610809326,-0.31581276031102634,2.8163020610809326,-0.3326624796805784,-0.5135644674301147,2.755999803543091,-0.29056369356434386,-0.5135644674301147,2.755999803543091,-0.3058889423904292,-0.5124039649963379,2.7096405029296875,-0.26744626336502764,-0.432037204504013,2.7508524544053095,0.0
405,10.125,1.7543337586872827e+18,0.6385324483619801,3.749071386485324,2.513634425663778,0.3770840572930619,5.758929255299813,-2.6115312116466427,0.5315362910361002,-0.5187073903400024,-0.5155172348022461,2.8163020610809326,-0.30266763541715447,2.8163020610809326,-0.31581276031102634,-0.5135644674301147,2.8163020610809326,-0.3326624796805784,-0.5135644674301147,2.755999803543091,-0.29056369356434386,-0.5135644674301147,2.755999803543091,-0.3058889423904292,-0.5124039649963379,2.0775018206041533,0.0
406,10.15,1.7543337587122826e+18,0.7287095117729243,3.685741026047945,2.5234616009503505,0.3838484267231453,5.655199655649559,-2.5956320010512477,0.5453124014411772,-0.5191007445155159,-0.5155172348022461,2.892751216888428,-0.36928961593807763,2.8163020610809326,-0.30266763541715447,-0.5155172348022461,2.8163020610809326,-0.31581276031102634,-0.5135644674301147,2.8163020610809326,-0.3326624796805784,-0.5135644674301147,2.755999803543091,-0.29056369356434386,-0.5135644674301147,1.3971388018492235,0.0
407,10.175,1.7543337587372828e+18,0.7709735586335182,3.664497294758058,2.5328793700539203,0.40147437386957674,5.607370423655287,-2.5873457530294113,0.6365690310930727,-0.517457908921364,-0.5155172348022461,2.9870338439941406,-0.45415447394022035,2.892751216888428,-0.36928961593807763,-0.5155172348022461,2.8163020610809326,-0.30266763541715447,-0.5155172348022461,2.8163020610809326,-0.31581276031102634,-0.5135644674301147,2.8163020610809326,-0.3326624796805784,-0.5135644674301147,0.6461509842856987,0.0
408,10.200000000000001,1.7543337587622828e+18,0.828883305985487,3.6265358896836606,2.5461586454412206,0.42582474828273226,5.549770660927986,-2.586394219926747,0.8214204874705852,-0.5140893275299807,-0.5155172348022461,2.9870338439941406,-0.44087519855292,2.9870338439941406,-0.45415447394022035,-0.5155172348022461,2.892751216888428,-0.36928961593807763,-0.5155172348022461,2.8163020610809326,-0.30266763541715447,-0.5155172348022461,2.8163020610809326,-0.31581276031102634,-0.5135644674301147,-0.07563415123850259,0.0
409,10.225000000000001,1.7543337587872827e+18,0.8715676397888306,3.5991955211022475,2.567353258455667,0.45348395062026514,5.499888243031106,-2.590369264989751,1.0879998668596198,-0.5082257865362141,-0.4818965494632721,3.093471050262451,-0.5261177918067843,2.9870338439941406,-0.44087519855292,-0.5155172348022461,2.9870338439941406,-0.45415447394022035,-0.5155172348022461,2.892751216888428,-0.36928961593807763,-0.5155172348022461,2.8163020610809326,-0.30266763541715447,-0.5155172348022461,-0.9124975788174461,0.0
410,10.25,1.754333758812283e+18,0.9466644588834056,3.530112985443121,2.5989682857385965,0.4825254059808929,5.391012637533466,-2.59634502045516,1.403314239126982,-0.498058205942434,-0.4818965494632721,3.093471050262451,-0.49450276452385467,3.093471050262451,-0.5261177918067843,-0.4818965494632721,2.9870338439941406,-0.44087519855292,-0.5155172348022461,2.9870338439941406,-0.45415447394022035,-0.5155172348022461,2.892751216888428,-0.36928961593807763,-0.5155172348022461,-1.7020725541423967,0.0
411,10.275,1.7543337588372828e+18,0.9833914769780496,3.487359615639525,2.6413734447267707,0.5127150762774214,5.332049361472219,-2.602345220211752,1.7273948302327375,-0.481249326971291,-0.5177586078643799,3.206087112426758,-0.5647136676999871,3.093471050262451,-0.49450276452385467,-0.4818965494632721,3.093471050262451,-0.5261177918067843,-0.4818965494632721,2.9870338439941406,-0.44087519855292,-0.5155172348022461,2.9870338439941406,-0.45415447394022035,-0.5155172348022461,-2.548543561914762,0.0
412,10.3,1.7543337588622828e+18,1.012948155794816,3.460228004490668,2.6930854176681582,0.5451427036665242,5.288786578637515,-2.6082958198522364,2.029211331348736,-0.45572706826063647,-0.4865776002407074,3.325731039047241,-0.632645621379083,3.206087112426758,-0.5647136676999871,-0.5177586078643799,3.093471050262451,-0.49450276452385467,-0.4818965494632721,3.093471050262451,-0.5261177918067843,-0.4818965494632721,2.9870338439941406,-0.44087519855292,-0.5155172348022461,-3.499196205242299,0.0
413,10.325000000000001,1.7543337588872827e+18,1.090014208111708,3.3525509984208144,2.7516840121696107,0.5814733114972382,5.174426048253318,-2.616213717131862,2.2980897979166324,-0.4203818776044572,-0.396724134683609,3.4574735164642334,-0.7057895042946227,3.325731039047241,-0.632645621379083,-0.4865776002407074,3.206087112426758,-0.5647136676999871,-0.5177586078643799,3.093471050262451,-0.49450276452385467,-0.4818965494632721,3.093471050262451,-0.5261177918067843,-0.4818965494632721,-4.516876574671127,0.0
414,10.350000000000001,1.7543337589122826e+18,1.1204732579454593,3.301419439686213,2.814938507497439,0.6231801395570097,5.128149493958483,-2.6294266701173723,2.5460008006377794,-0.3753097361717237,-0.396724134683609,3.4574735164642334,-0.6425350089667945,3.4574735164642334,-0.7057895042946227,-0.396724134683609,3.325731039047241,-0.632645621379083,-0.4865776002407074,3.206087112426758,-0.5647136676999871,-0.5177586078643799,3.093471050262451,-0.49450276452385467,-0.4818965494632721,-5.422652641432477,0.0
415,10.375,1.7543337589372828e+18,1.1383901364412825,3.277771556451406,2.8817208161793455,0.6710124080778941,5.100045516636754,-2.650715410294679,2.799466598424571,-0.3215087028108092,-0.3052559494972229,3.748255968093872,-0.8665351519145266,3.4574735164642334,-0.6425350089667945,-0.396724134683609,3.4574735164642334,-0.7057895042946227,-0.396724134683609,3.325731039047241,-0.632645621379083,-0.4865776002407074,3.206087112426758,-0.5647136676999871,-0.5177586078643799,-6.55344547840849,0.0
416,10.4,1.7543337589622828e+18,1.1963140142625557,3.177818845638136,2.952412723215684,0.7246847906479528,4.960845636478666,-2.67950631327832,3.0837628579127467,-0.26026759102084973,-0.2353448271751403,3.748255968093872,-0.795843244878188,3.748255968093872,-0.8665351519145266,-0.3052559494972229,3.4574735164642334,-0.6425350089667945,-0.396724134683609,3.4574735164642334,-0.7057895042946227,-0.396724134683609,3.325731039047241,-0.632645621379083,-0.4865776002407074,-7.570422887896927,0.0
417,10.425,1.7543337589872827e+18,1.1963140142625557,3.177818845638136,3.0286951105302213,0.7826771687427473,4.960845636478666,-2.708669967283769,3.4051807674215526,-0.19266584575974693,-0.1624999940395355,3.902097463607788,-0.8734023530775668,3.748255968093872,-0.795843244878188,-0.2353448271751403,3.748255968093872,-0.8665351519145266,-0.3052559494972229,3.4574735164642334,-0.6425350089667945,-0.396724134683609,3.4574735164642334,-0.7057895042946227,-0.396724134683609,-8.7624656518256,0.0
418,10.450000000000001,1.754333759012283e+18,1.219111447782978,3.078921751484052,3.112767673784373,0.8421771687948622,4.902968765397351,-2.7220539376552666,3.7382674988741713,-0.11954045640957406,-0.1459536403417587,4.037249565124512,-0.9244818913401387,3.902097463607788,-0.8734023530775668,-0.1624999940395355,3.748255968093872,-0.795843244878188,-0.2353448271751403,3.748255968093872,-0.8665351519145266,-0.3052559494972229,3.4574735164642334,-0.6425350089667945,-0.396724134683609,-10.010235991485597,0.0
419,10.475000000000001,1.7543337590372828e+18,1.2637406321629443,2.964701295877194,3.206168687393888,0.8993262292413345,4.785328495806946,-2.694343503648337,4.023693722592312,-0.04198800202255339,-0.0723045840859413,4.127719879150391,-0.9215511917565027,4.037249565124512,-0.9244818913401387,-0.1459536403417587,3.902097463607788,-0.8734023530775668,-0.1624999940395355,3.748255968093872,-0.795843244878188,-0.2353448271751403,3.748255968093872,-0.8665351519145266,-0.3052559494972229,-11.211157019294866,0.0
420,10.5,1.7543337590622828e+18,1.2758296920567744,2.874477004215768,3.3084641037720215,0.9497697807923321,4.715091635213608,-2.5946672815329794,4.179003950400078,0.037892233747339146,0.0324999988079071,4.1723175048828125,-0.863853401110791,4.127719879150391,-0.9215511917565027,-0.0723045840859413,4.037249565124512,-0.9244818913401387,-0.1459536403417587,3.902097463607788,-0.8734023530775668,-0.1624999940395355,3.748255968093872,-0.795843244878188,-0.2353448271751403,-12.405423474873203,0.0
421,10.525,1.7543337590872827e+18,1.2804911701390966,2.856067732585041,3.4161788552298913,0.989166714418099,4.699654816418605,-2.3940411821835923,4.120022885918334,0.11649156748385585,0.1494999974966049,4.124284744262695,-0.708105889032804,4.1723175048828125,-0.863853401110791,0.0324999988079071,4.127719879150391,-0.9215511917565027,-0.0723045840859413,4.037249565124512,-0.9244818913401387,-0.1459536403417587,3.902097463607788,-0.8734023530775668,-0.1624999940395355,-13.395232558057991,0.0
422,10.55,1.7543337591122826e+18,1.281698859458024,2.7724007906060395,3.522451789203657,1.0132465139856357,4.658970797067641,-2.0745717473889598,3.786626174443143,0.18877939920795778,0.1627891063690185,4.124284744262695,-0.6018329550590384,4.124284744262695,-0.708105889032804,0.1494999974966049,4.1723175048828125,-0.863853401110791,0.0324999988079071,4.127719879150391,-0.9215511917565027,-0.0723045840859413,4.037249565124512,-0.9244818913401387,-0.1459536403417587,-14.331012649040328,0.0
423,10.575000000000001,1.7543337591372828e+18,1.2967714928574248,2.675180172541864,3.617878919743402,1.0174175343330019,4.583385899887926,-1.6367375332813714,3.16445611064009,0.249070922736424,0.1885000020265579,4.032718181610107,-0.4148392618667054,4.124284744262695,-0.6018329550590384,0.1627891063690185,4.124284744262695,-0.708105889032804,0.1494999974966049,4.1723175048828125,-0.863853401110791,0.0324999988079071,4.127719879150391,-0.9215511917565027,-0.0723045840859413,-15.025898044464139,0.0
424,10.600000000000001,1.7543337591622828e+18,1.2669286132761086,2.508324515271053,3.6926290525314682,0.9963962697993155,4.489659730010969,-1.1015427464311718,2.2949376982032637,0.2923315097460382,0.3563793003559112,3.898738622665405,-0.2061095701339366,4.032718181610107,-0.4148392618667054,0.1885000020265579,4.124284744262695,-0.6018329550590384,0.1627891063690185,4.124284744262695,-0.708105889032804,0.1494999974966049,4.1723175048828125,-0.863853401110791,0.0324999988079071,-15.510515924149875,0.0
425,10.625,1.7543337591872827e+18,1.2669286132761086,2.508324515271053,3.739192444230815,0.9443701539042,4.489659730010969,-0.5068166182455613,1.269572099784759,0.31567300313922864,0.3563793003559112,3.898738622665405,-0.15954617843458996,3.898738622665405,-0.2061095701339366,0.3563793003559112,4.032718181610107,-0.4148392618667054,0.1885000020265579,4.124284744262695,-0.6018329550590384,0.1627891063690185,4.124284744262695,-0.708105889032804,0.1494999974966049,-15.946815971189944,0.0
426,10.65,1.754333759212283e+18,1.262200533848434,2.436875525688252,3.75457453942793,0.8559088405053419,4.449226360994746,0.10053107346547976,0.20975584436430866,0.3194900458024719,0.3160344958305359,3.6021392345428467,0.1524353048850835,3.898738622665405,-0.15954617843458996,0.3563793003559112,3.898738622665405,-0.2061095701339366,0.3563793003559112,4.032718181610107,-0.4148392618667054,0.1885000020265579,4.124284744262695,-0.6018329550590384,0.1627891063690185,-16.069656020869196,0.0
427,10.675,1.7543337592372828e+18,1.243008204288028,2.3278948135083164,3.740926510069035,0.7275309052063986,4.451734189482201,0.6736673710381168,-0.76165984585805,0.30766749440183455,0.3160344958305359,3.6021392345428467,0.1387872755261883,3.6021392345428467,0.1524353048850835,0.3160344958305359,3.898738622665405,-0.15954617843458996,0.3563793003559112,3.898738622665405,-0.2061095701339366,0.3563793003559112,4.032718181610107,-0.4148392618667054,0.1885000020265579,-16.20581598558808,0.0
428,10.700000000000001,1.7543337592622828e+18,1.2141677033842846,2.252394886070097,3.7044334947194706,0.5596275613352437,4.521886840814304,1.1742875839399671,-1.5481159244710225,0.28664385602708603,0.2633620798587799,3.4691972732543945,0.23523622146507606,3.6021392345428467,0.1387872755261883,0.3160344958305359,3.6021392345428467,0.1524353048850835,0.3160344958305359,3.898738622665405,-0.15954617843458996,0.3563793003559112,3.898738622665405,-0.2061095701339366,0.3563793003559112,-16.185311332731576,0.0
429,10.725000000000001,1.7543337592872827e+18,1.213784928322474,2.1903506275357807,3.653118885526584,0.35827169785275964,4.546557789001049,1.5786727704150365,-2.097976471275619,0.26366141658031617,0.2370258569717407,3.35589337348938,0.29722551203720426,3.4691972732543945,0.23523622146507606,0.2633620798587799,3.6021392345428467,0.1387872755261883,0.3160344958305359,3.6021392345428467,0.1524353048850835,0.3160344958305359,3.898738622665405,-0.15954617843458996,0.3563793003559112,-16.171882857349445,0.0
430,10.75,1.7543337593122826e+18,1.1965451628209725,2.1239452388640183,3.5945535901685903,0.13620475680811187,4.566141733892344,1.879945724148057,-2.4091284469473857,0.24489598825091727,0.2370258569717407,3.35589337348938,0.23866021667921045,3.35589337348938,0.29722551203720426,0.2370258569717407,3.4691972732543945,0.23523622146507606,0.2633620798587799,3.6021392345428467,0.1387872755261883,0.3160344958305359,3.6021392345428467,0.1524353048850835,0.3160344958305359,-16.162825151345103,0.0
431,10.775,1.7543337593372828e+18,1.178511210815396,2.0080215281534755,3.5342699685592756,-0.08788357210833982,4.643350713758152,2.0861171544319297,-2.519641617850477,0.23414356514808193,0.2370258569717407,3.19411849975586,0.34015146880341574,3.35589337348938,0.23866021667921045,0.2370258569717407,3.35589337348938,0.29722551203720426,0.2370258569717407,3.4691972732543945,0.23523622146507606,0.2633620798587799,3.6021392345428467,0.1387872755261883,0.3160344958305359,-16.00174561537926,0.0
432,10.8,1.7543337593622828e+18,1.1609707001404828,1.9245021914740013,3.475241790871622,-0.29233920630123245,4.6846633072787425,2.2150493158138183,-2.489117253059861,0.23242408932804237,0.2370258569717407,3.19411849975586,0.2811232911157622,3.19411849975586,0.34015146880341574,0.2370258569717407,3.35589337348938,0.23866021667921045,0.2370258569717407,3.35589337348938,0.29722551203720426,0.2370258569717407,3.4691972732543945,0.23523622146507606,0.2633620798587799,-15.985329703850963,0.0
433,10.825000000000001,1.7543337593872827e+18,1.145012153651371,1.8283076515048848,3.4183438652338625,-0.45732061003553964,4.749418342431499,2.2884041968136595,-2.377809645076482,0.2384593487657063,0.2370258569717407,3.19411849975586,0.22422536547800265,3.19411849975586,0.2811232911157622,0.2370258569717407,3.19411849975586,0.34015146880341574,0.2370258569717407,3.35589337348938,0.23866021667921045,0.2370258569717407,3.35589337348938,0.29722551203720426,0.2370258569717407,-16.04762027706417,0.0
434,10.850000000000001,1.754333759412283e+18,1.1287239914487632,1.712311640057122,3.3633826368926028,-0.5697648878157658,4.827505433013953,2.3264538650109117,-2.2303335014236154,0.24969202261497778,0.267284482717514,3.150099039077759,0.21328359781484396,3.19411849975586,0.22422536547800265,0.2370258569717407,3.19411849975586,0.2811232911157622,0.2370258569717407,3.19411849975586,0.34015146880341574,0.2370258569717407,3.35589337348938,0.23866021667921045,0.2370258569717407,-16.14221546159137,0.0
435,10.875,1.7543337594372828e+18,1.131127488094943,1.6647206761434394,3.31017020808222,-0.6265494442776558,4.862355063251391,2.344755649498761,-2.0682292851295596,0.2634134498983252,0.267284482717514,3.124584674835205,0.1855855332470151,3.150099039077759,0.21328359781484396,0.267284482717514,3.19411849975586,0.22422536547800265,0.2370258569717407,3.19411849975586,0.2811232911157622,0.2370258569717407,3.19411849975586,0.34015146880341574,0.2370258569717407,-16.28301306159051,0.0
436,10.9,1.7543337594622828e+18,1.1494477910522334,1.5357524191835346,3.259216480958646,-0.634527180478072,4.957556927569641,2.352828567949845,-1.8920734644910677,0.2776266885022518,0.2824137806892395,3.114842653274536,0.14437382768411,3.124584674835205,0.1855855332470151,0.267284482717514,3.150099039077759,0.21328359781484396,0.267284482717514,3.19411849975586,0.22422536547800265,0.2370258569717407,3.19411849975586,0.2811232911157622,0.2370258569717407,-16.479619160692913,0.0
437,10.925,1.7543337594872827e+18,1.1543777559694042,1.477013996146017,3.2118625072438567,-0.6075246472536168,5.0032152329156245,2.3545065323532,-1.6906002141843413,0.2914293595824796,0.2824137806892395,3.114842653274536,0.09701985396932056,3.114842653274536,0.14437382768411,0.2824137806892395,3.124584674835205,0.1855855332470151,0.267284482717514,3.150099039077759,0.21328359781484396,0.267284482717514,3.19411849975586,0.22422536547800265,0.2370258569717407,-16.73421070308324,0.0
438,10.950000000000001,1.7543337595122826e+18,1.1743045646938275,1.3774936370149335,3.169940581428771,-0.5618220022863631,5.063864876787415,2.34953113844764,-1.4524784901248295,0.3048972590111978,0.3126724064350128,3.1252214908599854,0.044719090568785536,3.114842653274536,0.09701985396932056,0.2824137806892395,3.114842653274536,0.14437382768411,0.2824137806892395,3.124584674835205,0.1855855332470151,0.267284482717514,3.150099039077759,0.21328359781484396,0.267284482717514,-16.971139233160127,0.0
439,10.975000000000001,1.7543337595372828e+18,1.1866535413816222,1.3052660291713838,3.135209883300894,-0.5122193632927777,5.11955076944052,2.3358373426389614,-1.176310560687146,0.318614639415536,0.3126724064350128,3.1252214908599854,0.009988392440908545,3.1252214908599854,0.044719090568785536,0.3126724064350128,3.114842653274536,0.09701985396932056,0.2824137806892395,3.114842653274536,0.14437382768411,0.2824137806892395,3.124584674835205,0.1855855332470151,0.267284482717514,-17.250809318054998,0.0
440,11.0,1.7543337595622828e+18,1.1965111865782216,1.2476099051441565,3.1088291615243633,-0.47005312799568333,5.164002369448218,2.31176576102776,-0.8757609518733501,0.3330837266780401,0.3278017342090606,3.1252214908599854,-0.01639232933562207,3.1252214908599854,0.009988392440908545,0.3126724064350128,3.1252214908599854,0.044719090568785536,0.3126724064350128,3.114842653274536,0.09701985396932056,0.2824137806892395,3.114842653274536,0.14437382768411,0.2824137806892395,-17.568570756414285,0.0
441,11.025,1.7543337595872827e+18,1.255445280880087,1.136764674366405,3.091020143342161,-0.4429391994839975,5.2442348087304405,2.2774409807019644,-0.5787596707155607,0.3482573387219218,0.3278017342090606,3.1318929195404053,-0.04087277619824414,3.1252214908599854,-0.01639232933562207,0.3278017342090606,3.1252214908599854,0.009988392440908545,0.3126724064350128,3.1252214908599854,0.044719090568785536,0.3126724064350128,3.114842653274536,0.09701985396932056,0.2824137806892395,-17.926748414964255,0.0
442,11.05,1.754333759612283e+18,1.3040533848127007,1.0956552236526642,3.080948470617283,-0.4349051194362642,5.2797559286535645,2.2350405758700838,-0.3216706486669899,0.36338611607939125,0.3642241358757019,3.1318929195404053,-0.05094444892312211,3.1318929195404053,-0.04087277619824414,0.3278017342090606,3.1252214908599854,-0.01639232933562207,0.3278017342090606,3.1252214908599854,0.009988392440908545,0.3126724064350128,3.1252214908599854,0.044719090568785536,0.3126724064350128,-18.238237921776896,0.0
443,11.075000000000001,1.7543337596372828e+18,1.3511260108123933,0.9881622301174962,3.0767905017174906,-0.4459169706632864,5.365797653730261,2.1883292687652225,-0.14062222668762775,0.3772436663330508,0.3978448212146759,3.136117935180664,-0.059327433463173485,3.1318929195404053,-0.05094444892312211,0.3642241358757019,3.1318929195404053,-0.04087277619824414,0.3278017342090606,3.1252214908599854,-0.01639232933562207,0.3278017342090606,3.1252214908599854,0.009988392440908545,0.3126724064350128,-18.574399060128247,0.0
444,11.100000000000001,1.7543337596622828e+18,1.348446033336916,0.9579000470726302,3.0759565993023057,-0.47116078375224973,5.385526466331038,2.142074703118571,-0.06264854564241586,0.38860656996037723,0.3978448212146759,3.1290290355682373,-0.05307243626593161,3.136117935180664,-0.059327433463173485,0.3978448212146759,3.1318929195404053,-0.05094444892312211,0.3642241358757019,3.1318929195404053,-0.04087277619824414,0.3278017342090606,3.1252214908599854,-0.01639232933562207,0.3278017342090606,-18.91354404243256,0.0
445,11.125,1.7543337596872827e+18,1.3914450388122976,0.8910567267634593,3.075444842531217,-0.501375284992949,5.4420960852897124,2.1016426284232352,-0.0989758198102132,0.39672431885358195,0.3978448212146759,3.1290290355682373,-0.053584193037020444,3.1290290355682373,-0.05307243626593161,0.3978448212146759,3.136117935180664,-0.059327433463173485,0.3978448212146759,3.1318929195404053,-0.05094444892312211,0.3642241358757019,3.1318929195404053,-0.04087277619824414,0.3278017342090606,-19.25216238088326,0.0
446,11.15,1.7543337597122826e+18,1.4256995350332355,0.83243835456009,3.0722821227948813,-0.5251839876431645,5.490433887508968,2.072597459774425,-0.2419665949816946,0.4015320355474742,0.3978448212146759,3.115884065628052,-0.04360194283317087,3.1290290355682373,-0.053584193037020444,0.3978448212146759,3.1290290355682373,-0.05307243626593161,0.3978448212146759,3.136117935180664,-0.059327433463173485,0.3978448212146759,3.1318929195404053,-0.05094444892312211,0.3642241358757019,-19.567567512637325,0.0
447,11.175,1.7543337597372828e+18,1.4785664896367696,0.7586088466767367,3.063987058152973,-0.5330668556122466,5.555744712340774,2.0599732452887287,-0.4662126709173431,0.40353044863773396,0.3978448212146759,3.102739095687866,-0.03875203753489309,3.115884065628052,-0.04360194283317087,0.3978448212146759,3.1290290355682373,-0.053584193037020444,0.3978448212146759,3.1290290355682373,-0.05307243626593161,0.3978448212146759,3.136117935180664,-0.059327433463173485,0.3978448212146759,-19.845098864664287,0.0
448,11.200000000000001,1.7543337597622828e+18,1.5145731256760326,0.7224754213828086,3.048968625924808,-0.5212859178209513,5.597592963666908,2.0671120678579844,-0.7333034917712068,0.403451799772326,0.3978448212146759,3.102739095687866,-0.053770469763058326,3.102739095687866,-0.03875203753489309,0.3978448212146759,3.115884065628052,-0.04360194283317087,0.3978448212146759,3.1290290355682373,-0.053584193037020444,0.3978448212146759,3.1290290355682373,-0.05307243626593161,0.3978448212146759,-20.08654889477792,0.0
449,11.225000000000001,1.7543337597872827e+18,1.565443754491592,0.6662670852845678,3.0267675244363743,-0.4936777704827977,5.655197785610424,2.094338823508725,-0.9990696785004246,0.4019228110044351,0.3978448212146759,3.076004981994629,-0.049237457558254594,3.102739095687866,-0.053770469763058326,0.3978448212146759,3.102739095687866,-0.03875203753489309,0.3978448212146759,3.115884065628052,-0.04360194283317087,0.3978448212146759,3.1290290355682373,-0.053584193037020444,0.3978448212146759,-20.272555901027943,0.0
450,11.25,1.754333759812283e+18,1.638311735177976,0.6128999862007212,2.9980783160056164,-0.4601928881999923,5.70351509258688,2.1379818865521263,-1.2217036259849732,0.3993009950952908,0.3978448212146759,3.076004981994629,-0.07792666598901254,3.076004981994629,-0.049237457558254594,0.3978448212146759,3.102739095687866,-0.053770469763058326,0.3978448212146759,3.102739095687866,-0.03875203753489309,0.3978448212146759,3.115884065628052,-0.04360194283317087,0.3978448212146759,-20.415593442790072,0.0
451,11.275,1.7543337598372828e+18,1.707245841645574,0.5564941908437729,2.964555600550062,-0.4328257698921839,5.770981900851458,2.190305753392752,-1.3691088012949466,0.3957467613709532,0.3978448212146759,3.045245885848999,-0.08069028529893707,3.076004981994629,-0.07792666598901254,0.3978448212146759,3.076004981994629,-0.049237457558254594,0.3978448212146759,3.102739095687866,-0.053770469763058326,0.3978448212146759,3.102739095687866,-0.03875203753489309,0.3978448212146759,-20.519917248871398,0.0
452,11.3,1.7543337598622828e+18,1.7637485493744725,0.5199082286688694,2.9284677926218126,-0.4209061509448823,5.81446907862264,2.240820402389455,-1.4240861866828254,0.39146434007851405,0.3978448212146759,3.0079541206359863,-0.07948632801417377,3.045245885848999,-0.08069028529893707,0.3978448212146759,3.076004981994629,-0.07792666598901254,0.3978448212146759,3.076004981994629,-0.049237457558254594,0.3978448212146759,3.102739095687866,-0.053770469763058326,0.3978448212146759,-20.589884194410725,0.0
453,11.325000000000001,1.7543337598872827e+18,1.8122514398159535,0.4857585045512615,2.892288059676603,-0.4278321709104484,5.8571664083791575,2.279026416437639,-1.3864510239298582,0.38695164196216075,0.3978448212146759,3.0079541206359863,-0.11566606095938337,3.0079541206359863,-0.07948632801417377,0.3978448212146759,3.045245885848999,-0.08069028529893707,0.3978448212146759,3.076004981994629,-0.07792666598901254,0.3978448212146759,3.076004981994629,-0.049237457558254594,0.3978448212146759,-20.57499798229895,0.0
454,11.350000000000001,1.7543337599122826e+18,1.893405884880555,0.4401542938239943,2.8582993163102617,-0.4503938877037646,5.930579807512096,2.2979099699584458,-1.2717889353145746,0.3830819753118245,0.3978448212146759,2.9681873321533203,-0.10988801584305863,3.0079541206359863,-0.11566606095938337,0.3978448212146759,3.0079541206359863,-0.07948632801417377,0.3978448212146759,3.045245885848999,-0.08069028529893707,0.3978448212146759,3.076004981994629,-0.07792666598901254,0.3978448212146759,-20.53837129945531,0.0
455,11.375,1.7543337599372828e+18,1.951475413899551,0.4100419041452352,2.828254955233364,-0.48055627390025907,5.9932508810633935,2.2968515691625817,-1.1072094895561602,0.3809223012946844,0.3580603301525116,2.9681873321533203,-0.13993237691995652,2.9681873321533203,-0.10988801584305863,0.3978448212146759,3.0079541206359863,-0.11566606095938337,0.3978448212146759,3.0079541206359863,-0.07948632801417377,0.3978448212146759,3.045245885848999,-0.08069028529893707,0.3978448212146759,-20.52249395640614,0.0
456,11.4,1.7543337599622828e+18,1.988144715150999,0.3918117176553448,2.80312005687886,-0.5086180762107569,6.025545731742952,2.282544177225013,-0.9250419071415721,0.38135448746338396,0.3580603301525116,2.9681873321533203,-0.1650672752744602,2.9681873321533203,-0.13993237691995652,0.3580603301525116,2.9681873321533203,-0.10988801584305863,0.3978448212146759,3.0079541206359863,-0.11566606095938337,0.3978448212146759,3.0079541206359863,-0.07948632801417377,0.3978448212146759,-20.451265499927246,0.0
457,11.425,1.7543337599872827e+18,2.0642200249499787,0.3672596817500138,2.7829412837581757,-0.5263811666102447,6.096709298066746,2.2670965735842876,-0.7558442572364561,0.38471213396063214,0.3978448212146759,2.8994810581207275,-0.1165397743625518,2.9681873321533203,-0.1650672752744602,0.3580603301525116,2.9681873321533203,-0.13993237691995652,0.3580603301525116,2.9681873321533203,-0.10988801584305863,0.3978448212146759,3.0079541206359863,-0.11566606095938337,0.3978448212146759,-20.332145795490234,0.0
458,11.450000000000001,1.754333760012283e+18,2.1358579794042094,0.3401021067938585,2.7669119808249514,-0.5292982855789011,6.161866643953725,2.2635899693095416,-0.6222655580967944,0.3906476775046491,0.3978448212146759,2.8994810581207275,-0.13256907729577616,2.8994810581207275,-0.1165397743625518,0.3978448212146759,2.9681873321533203,-0.1650672752744602,0.3580603301525116,2.9681873321533203,-0.13993237691995652,0.3580603301525116,2.9681873321533203,-0.10988801584305863,0.3978448212146759,-20.138039474126366,0.0
459,11.475000000000001,1.7543337600372828e+18,2.193595210170041,0.3412618929973579,2.7536533525827878,-0.517198093442158,6.202485191762435,2.280691012881124,-0.5351325216162932,0.3982835963313357,0.3978448212146759,2.8994810581207275,-0.14582770553793978,2.8994810581207275,-0.13256907729577616,0.3978448212146759,2.8994810581207275,-0.1165397743625518,0.3978448212146759,2.9681873321533203,-0.1650672752744602,0.3580603301525116,2.9681873321533203,-0.13993237691995652,0.3580603301525116,-19.72829767629817,0.0
460,11.5,1.7543337600622828e+18,2.2994508185794045,0.3122949367770207,2.741638668515114,-0.49375603122599276,6.291758077527007,2.318765400962314,-0.4926162231478549,0.40651987289825,0.4146551787853241,2.8656997680664062,-0.1240610995512923,2.8994810581207275,-0.14582770553793978,0.3978448212146759,2.8994810581207275,-0.13256907729577616,0.3978448212146759,2.8994810581207275,-0.1165397743625518,0.3978448212146759,2.9681873321533203,-0.1650672752744602,0.3580603301525116,-19.320998007734147,0.0
461,11.525,1.7543337600872827e+18,2.3295294361189045,0.318799574499633,2.7296229371894674,-0.4651713562971393,6.3127862248316005,2.3694506980738677,-0.4825585247976346,0.41431519396095573,0.4146551787853241,2.8656997680664062,-0.1360768308769389,2.8656997680664062,-0.1240610995512923,0.4146551787853241,2.8994810581207275,-0.14582770553793978,0.3978448212146759,2.8994810581207275,-0.13256907729577616,0.3978448212146759,2.8994810581207275,-0.1165397743625518,0.3978448212146759,-18.82307738628809,0.0
462,11.55,1.7543337601122826e+18,2.412056245390563,0.3118264378361222,2.716952022979891,-0.43853248864757727,6.383953350373299,2.418922734235244,-0.4871993401807616,0.420836215232921,0.4146551787853241,2.8450264930725098,-0.12807447009261885,2.8656997680664062,-0.1360768308769389,0.4146551787853241,2.8656997680664062,-0.1240610995512923,0.4146551787853241,2.8994810581207275,-0.14582770553793978,0.3978448212146759,2.8994810581207275,-0.13256907729577616,0.3978448212146759,-18.218271697666427,0.0
463,11.575000000000001,1.7543337601372828e+18,2.46093638530616,0.3062264797517321,2.7036778865649724,-0.4202443717444672,6.430811600455805,2.453270745475553,-0.488896543396748,0.42548544802289834,0.4146551787853241,2.8450264930725098,-0.14134860650753733,2.8450264930725098,-0.12807447009261885,0.4146551787853241,2.8656997680664062,-0.1360768308769389,0.4146551787853241,2.8656997680664062,-0.1240610995512923,0.4146551787853241,2.8994810581207275,-0.14582770553793978,0.3978448212146759,-17.533162015711206,0.0
464,11.600000000000001,1.7543337601622828e+18,2.5160473190754007,0.3054376792832983,2.6904488096328207,-0.41476161744591594,6.4785489071053055,2.4635962236936115,-0.47519194554117117,0.42789175316922023,0.4314655065536499,2.823695659637451,-0.13324685000463043,2.8450264930725098,-0.14134860650753733,0.4146551787853241,2.8450264930725098,-0.12807447009261885,0.4146551787853241,2.8656997680664062,-0.1360768308769389,0.4146551787853241,2.8656997680664062,-0.1240610995512923,0.4146551787853241,-16.59305997939855,0.0
465,11.625,1.7543337601872827e+18,2.5916581909322645,0.3215283967477864,2.678188298831453,-0.42376374253775795,6.552454388981277,2.4488799452434127,-0.441846840150627,0.4279375557684197,0.4314655065536499,2.809197187423706,-0.13100888859225313,2.823695659637451,-0.13324685000463043,0.4314655065536499,2.8450264930725098,-0.14134860650753733,0.4146551787853241,2.8450264930725098,-0.12807447009261885,0.4146551787853241,2.8656997680664062,-0.1360768308769389,0.4146551787853241,-15.729113005302832,0.0
466,11.65,1.754333760212283e+18,2.6599730566929827,0.3304098499308353,2.6676589994446283,-0.44585228226609197,6.6220524824921645,2.415825684700156,-0.3931674375942542,0.4258155624390263,0.4314655065536499,2.809197187423706,-0.1415381879790778,2.809197187423706,-0.13100888859225313,0.4314655065536499,2.823695659637451,-0.13324685000463043,0.4314655065536499,2.8450264930725098,-0.14134860650753733,0.4146551787853241,2.8450264930725098,-0.12807447009261885,0.4146551787853241,-14.958411306475574,0.0
467,11.675,1.7543337602372828e+18,2.745314146005819,0.3419975623479797,2.6590934384378717,-0.476827561689186,6.683681297430799,2.3761373088043376,-0.3398167932025837,0.42202371987819626,0.4314655065536499,2.79380202293396,-0.13470858449608825,2.809197187423706,-0.1415381879790778,0.4314655065536499,2.809197187423706,-0.13100888859225313,0.4314655065536499,2.823695659637451,-0.13324685000463043,0.4314655065536499,2.8450264930725098,-0.14134860650753733,0.4146551787853241,-14.145254815126908,0.0
468,11.700000000000001,1.7543337602622828e+18,2.803417291653764,0.3550776645390273,2.652076796608194,-0.5105456667318449,6.743232665292375,2.342499551129425,-0.2950433178898309,0.41719808744540277,0.4314655065536499,2.79380202293396,-0.14172522632576579,2.79380202293396,-0.13470858449608825,0.4314655065536499,2.809197187423706,-0.1415381879790778,0.4314655065536499,2.809197187423706,-0.13100888859225313,0.4314655065536499,2.823695659637451,-0.13324685000463043,0.4314655065536499,-13.322172484284566,0.0
469,11.725000000000001,1.7543337602872827e+18,2.8570223506152,0.3816697785774554,2.6457482835117516,-0.540243821180158,6.808992145770276,2.324712971875616,-0.27058806139446695,0.41177756997228243,0.3810344934463501,2.762229681015014,-0.11648139750326258,2.79380202293396,-0.14172522632576579,0.4314655065536499,2.79380202293396,-0.13470858449608825,0.4314655065536499,2.809197187423706,-0.1415381879790778,0.4314655065536499,2.809197187423706,-0.13100888859225313,0.4314655065536499,-12.563663418470075,0.0
470,11.75,1.7543337603122826e+18,2.9110237249483744,0.3996390167596026,2.6391997592113534,-0.5601039425596845,6.866954987715826,2.327142412644022,-0.27339100450235454,0.4056507280923147,0.3810344934463501,2.762229681015014,-0.12302992180366079,2.762229681015014,-0.11648139750326258,0.3810344934463501,2.79380202293396,-0.14172522632576579,0.4314655065536499,2.79380202293396,-0.13470858449608825,0.4314655065536499,2.809197187423706,-0.1415381879790778,0.4314655065536499,-11.98230207288529,0.0
471,11.775,1.7543337603372828e+18,2.995804558588705,0.4393015874774122,2.631819996117243,-0.5667106948473687,6.934526155469078,2.3481178574689268,-0.30374679902559026,0.39803939990609966,0.4042855203151703,2.748650550842285,-0.11683055472504211,2.762229681015014,-0.12302992180366079,0.3810344934463501,2.762229681015014,-0.11648139750326258,0.3810344934463501,2.79380202293396,-0.14172522632576579,0.4314655065536499,2.79380202293396,-0.13470858449608825,0.4314655065536499,-11.480592027851774,0.0
472,11.8,1.7543337603622828e+18,3.084290961864369,0.5125567145388626,2.623381368221258,-0.5599569521885379,7.0232779286103195,2.3812660915827557,-0.3550389142238083,0.3877959846654252,0.4042855203151703,2.748650550842285,-0.12526918262102704,2.748650550842285,-0.11683055472504211,0.4042855203151703,2.762229681015014,-0.12302992180366079,0.3810344934463501,2.762229681015014,-0.11648139750326258,0.3810344934463501,2.79380202293396,-0.14172522632576579,0.4314655065536499,-11.316248449693706,0.0
473,11.825000000000001,1.7543337603872827e+18,3.1070882334247454,0.5267083750803198,2.6138793165263787,-0.5429846771649532,7.048164704040073,2.4180672215818846,-0.41484639462227485,0.37403064230540745,0.3878900408744812,2.7355527877807617,-0.12167347125438299,2.748650550842285,-0.12526918262102704,0.4042855203151703,2.748650550842285,-0.11683055472504211,0.4042855203151703,2.762229681015014,-0.12302992180366079,0.3810344934463501,2.762229681015014,-0.11648139750326258,0.3810344934463501,-11.35662184681625,0.0
474,11.850000000000001,1.754333760412283e+18,3.164187405790404,0.573423879874088,2.603334041777214,-0.5210398269018186,7.114579915935815,2.450549816464665,-0.46712840127802013,0.3567320856928483,0.3652189671993255,2.7355527877807617,-0.13221874600354777,2.7355527877807617,-0.12167347125438299,0.3878900408744812,2.748650550842285,-0.12526918262102704,0.4042855203151703,2.748650550842285,-0.11683055472504211,0.4042855203151703,2.762229681015014,-0.12302992180366079,0.3810344934463501,-11.729841182647808,0.0
475,11.875,1.7543337604372828e+18,3.2063946340499445,0.6055070465334786,2.591771965819046,-0.499535534846612,7.1669783647622225,2.473202948252176,-0.49521156476524153,0.33700977509399926,0.3474137783050537,2.7271370887756348,-0.13536512295658865,2.7355527877807617,-0.13221874600354777,0.3652189671993255,2.7355527877807617,-0.12167347125438299,0.3878900408744812,2.748650550842285,-0.12526918262102704,0.4042855203151703,2.748650550842285,-0.11683055472504211,0.4042855203151703,-12.114570636836234,0.0
476,11.9,1.7543337604622828e+18,3.274079315865752,0.6712842158979557,2.5794300332389803,-0.48194264720009405,7.262380617424561,2.4837146868530837,-0.48522792550397265,0.31679157488748316,0.2969827651977539,2.7271370887756348,-0.14770705553665442,2.7271370887756348,-0.13536512295658865,0.3474137783050537,2.7355527877807617,-0.13221874600354777,0.3652189671993255,2.7355527877807617,-0.12167347125438299,0.3878900408744812,2.748650550842285,-0.12526918262102704,0.4042855203151703,-12.493352672183512,0.0
477,11.925,1.7543337604872827e+18,3.287870157460468,0.7039152453497235,2.5670272706439383,-0.46833551194804646,7.294011973606678,2.48265021423359,-0.4293854777002922,0.2981129176694894,0.2801724076271057,2.730113983154297,-0.16308671251035856,2.7271370887756348,-0.14770705553665442,0.2969827651977539,2.7271370887756348,-0.13536512295658865,0.3474137783050537,2.7355527877807617,-0.13221874600354777,0.3652189671993255,2.7355527877807617,-0.12167347125438299,0.3878900408744812,-12.978283473808677,0.0
478,11.950000000000001,1.7543337605122826e+18,3.3295193788336364,0.7504305147106323,2.555868951912781,-0.45546410876097915,7.355677858914515,2.4724469523605577,-0.3281291643723606,0.28234961540149095,0.2801724076271057,2.730113983154297,-0.17424503124151602,2.730113983154297,-0.16308671251035856,0.2801724076271057,2.7271370887756348,-0.14770705553665442,0.2969827651977539,2.7271370887756348,-0.13536512295658865,0.3474137783050537,2.7355527877807617,-0.13221874600354777,0.3652189671993255,-13.535009198297919,0.0
479,11.975000000000001,1.7543337605372828e+18,3.3797448022623344,0.8059124387444254,2.547633634174488,-0.4387614257745196,7.4275517459978175,2.4561608801514687,-0.19016265367282145,0.2697581753479959,0.2633620798587799,2.74482536315918,-0.19719172898469228,2.730113983154297,-0.17424503124151602,0.2801724076271057,2.730113983154297,-0.16308671251035856,0.2801724076271057,2.7271370887756348,-0.14770705553665442,0.2969827651977539,2.7271370887756348,-0.13536512295658865,0.3474137783050537,-14.150784332576018,0.0
480,12.0,1.7543337605622828e+18,3.409808132668316,0.8806447965936615,2.543892297967329,-0.4155777421005607,7.484587513939751,2.4363284920816577,-0.029715137755127886,0.2594970851076506,0.2826388776302337,2.74482536315918,-0.20093306519185106,2.74482536315918,-0.19719172898469228,0.2633620798587799,2.730113983154297,-0.17424503124151602,0.2801724076271057,2.730113983154297,-0.16308671251035856,0.2801724076271057,2.7271370887756348,-0.14770705553665442,0.2969827651977539,-14.688078103332199,0.0
481,12.025,1.7543337605872827e+18,3.435643511457445,0.925362312688334,2.5455985349132653,-0.387843639566235,7.537009439212663,2.414170953981791,0.13862445274140342,0.25004023894721344,0.2465517222881317,2.7695114612579346,-0.2239129263446693,2.74482536315918,-0.20093306519185106,0.2826388776302337,2.74482536315918,-0.19719172898469228,0.2633620798587799,2.730113983154297,-0.17424503124151602,0.2801724076271057,2.730113983154297,-0.16308671251035856,0.2801724076271057,-15.263977886046922,0.0
482,12.05,1.754333760612283e+18,3.461117547109754,1.0124237628386883,2.5528361279716187,-0.36233397591809147,7.626601540338378,2.389251601817771,0.306027858662928,0.23972617974891322,0.2495012581348419,2.8131580352783203,-0.26032190730670157,2.7695114612579346,-0.2239129263446693,0.2465517222881317,2.74482536315918,-0.20093306519185106,0.2826388776302337,2.74482536315918,-0.19719172898469228,0.2633620798587799,2.730113983154297,-0.17424503124151602,0.2801724076271057,-15.791317757600172,0.0
483,12.075000000000001,1.7543337606372828e+18,3.4810559664682468,1.056700203069905,2.5649811113130374,-0.3479420549985052,7.672760662634309,2.359653407179289,0.47418296128664145,0.22719243436521147,0.215888574719429,2.878873348236084,-0.3138922369230466,2.8131580352783203,-0.26032190730670157,0.2495012581348419,2.7695114612579346,-0.2239129263446693,0.2465517222881317,2.74482536315918,-0.20093306519185106,0.2826388776302337,2.74482536315918,-0.19719172898469228,0.2633620798587799,-16.461393276497624,0.0
484,12.100000000000001,1.7543337606622828e+18,3.4841881095898914,1.1098917746316888,2.581221905492651,-0.3510836405891179,7.719992479586437,2.322672195426788,0.6563405192726939,0.2115720430442303,0.2151724100112915,2.878873348236084,-0.29765144274343314,2.878873348236084,-0.3138922369230466,0.215888574719429,2.8131580352783203,-0.26032190730670157,0.2495012581348419,2.7695114612579346,-0.2239129263446693,0.2465517222881317,2.74482536315918,-0.20093306519185106,0.2826388776302337,-17.039316502219254,0.0
485,12.125,1.7543337606872827e+18,3.5019817772683624,1.1844236334881597,2.6012051942875756,-0.37156336315858945,7.792576358061067,2.275796144717532,0.8733080975695077,0.19246611151741108,0.1961206942796707,2.968813180923462,-0.36760798663588634,2.878873348236084,-0.29765144274343314,0.2151724100112915,2.878873348236084,-0.3138922369230466,0.215888574719429,2.8131580352783203,-0.26032190730670157,0.2495012581348419,2.7695114612579346,-0.2239129263446693,0.2465517222881317,-17.680197586075465,0.0
486,12.15,1.7543337607122826e+18,3.526455776782949,1.2744870588444273,2.625508813699151,-0.4012793213269664,7.862909297664927,2.2174600463082332,1.1448354447346103,0.16977742945448743,0.1624999940395355,3.0814170837402344,-0.45590827004108325,2.968813180923462,-0.36760798663588634,0.1961206942796707,2.878873348236084,-0.29765144274343314,0.2151724100112915,2.878873348236084,-0.3138922369230466,0.215888574719429,2.8131580352783203,-0.26032190730670157,0.2495012581348419,-18.28523904823669,0.0
487,12.175,1.7543337607372828e+18,3.536199326256008,1.3259498218927463,2.6557110685512617,-0.42680868629358887,7.912187657333353,2.1470736237270343,1.4787890198020497,0.14350084164379065,0.1462499946355819,3.213452100753784,-0.5577410322025225,3.0814170837402344,-0.45590827004108325,0.1624999940395355,2.968813180923462,-0.36760798663588634,0.1961206942796707,2.878873348236084,-0.29765144274343314,0.2151724100112915,2.878873348236084,-0.3138922369230466,0.215888574719429,-18.997815950331326,0.0
488,12.200000000000001,1.7543337607622828e+18,3.533031169188913,1.4033517370670103,2.6939919764806146,-0.4348302298606766,7.9774420504605965,2.064278497311841,1.8618508149644069,0.11355460130909437,0.1105000004172325,3.36747670173645,-0.6734847252558356,3.213452100753784,-0.5577410322025225,0.1462499946355819,3.0814170837402344,-0.45590827004108325,0.1624999940395355,2.968813180923462,-0.36760798663588634,0.1961206942796707,2.878873348236084,-0.29765144274343314,0.2151724100112915,-19.821219487300123,0.0
489,12.225000000000001,1.7543337607872827e+18,3.5367558052415244,1.4568674789135847,2.7423614534997705,-0.41776807883149336,8.026224649631237,1.9679145617932474,2.2555693175451506,0.07971860310516111,0.0715000033378601,3.4935407638549805,-0.75117931035521,3.36747670173645,-0.6734847252558356,0.1105000004172325,3.213452100753784,-0.5577410322025225,0.1462499946355819,3.0814170837402344,-0.45590827004108325,0.1624999940395355,2.968813180923462,-0.36760798663588634,0.1961206942796707,-20.671413661470627,0.0
490,12.25,1.754333760812283e+18,3.52236262857394,1.494750407197447,2.8016961858886984,-0.3769345793656369,8.034257629764987,1.855312359659856,2.600229235534055,0.041711907646758604,0.0540891475975513,3.5750410556793213,-0.7733448697906229,3.4935407638549805,-0.75117931035521,0.0715000033378601,3.36747670173645,-0.6734847252558356,0.1105000004172325,3.213452100753784,-0.5577410322025225,0.1462499946355819,3.0814170837402344,-0.45590827004108325,0.1624999940395355,-21.5309878817213,0.0
491,12.275,1.7543337608372828e+18,3.517744529261604,1.5759084271917088,2.8708308804914258,-0.32179681491403755,8.09961708023649,1.7222477209616534,2.8265271357484543,-0.000606518282209445,0.0065000001341104,3.5750410556793213,-0.7042101751878955,3.5750410556793213,-0.7733448697906229,0.0540891475975513,3.4935407638549805,-0.75117931035521,0.0715000033378601,3.36747670173645,-0.6734847252558356,0.1105000004172325,3.213452100753784,-0.5577410322025225,0.1462499946355819,-22.27122460940557,0.0
492,12.3,1.7543337608622828e+18,3.4897098334606134,1.653910612044375,2.946034862625176,-0.26597947390940485,8.139990368655285,1.5634876879233621,2.8722545437962785,-0.04696885850246533,-0.0727797746658325,3.597515821456909,-0.651480958831733,3.5750410556793213,-0.7042101751878955,0.0065000001341104,3.5750410556793213,-0.7733448697906229,0.0540891475975513,3.4935407638549805,-0.75117931035521,0.0715000033378601,3.36747670173645,-0.6734847252558356,0.1105000004172325,-22.938041348881207,0.0
493,12.325000000000001,1.7543337608872827e+18,3.479728326429018,1.7235261393064665,3.021216348942692,-0.22212264950967364,8.186414681001821,1.3735957484531662,2.6991283688225884,-0.09642201647458114,-0.1040000021457672,3.538461923599243,-0.5172455746565512,3.597515821456909,-0.651480958831733,-0.0727797746658325,3.5750410556793213,-0.7042101751878955,0.0065000001341104,3.5750410556793213,-0.7733448697906229,0.0540891475975513,3.4935407638549805,-0.75117931035521,0.0715000033378601,-23.423305759874623,0.0
494,12.350000000000001,1.7543337609122826e+18,3.460046099381084,1.8082767726813067,3.0889980786196833,-0.19790386869167173,8.202326533855318,1.147689773641326,2.30443520638353,-0.14710526990309764,-0.1040000021457672,3.538461923599243,-0.4494638449795598,3.538461923599243,-0.5172455746565512,-0.1040000021457672,3.597515821456909,-0.651480958831733,-0.0727797746658325,3.5750410556793213,-0.7042101751878955,0.0065000001341104,3.5750410556793213,-0.7733448697906229,0.0540891475975513,-23.814139196348656,0.0
495,12.375,1.7543337609372828e+18,3.436183299574634,1.8957564986768736,3.14241912782549,-0.19443795079101095,8.24456888763162,0.8821332328369287,1.7235926591545874,-0.19619212113217283,-0.2129310369491577,3.288322687149048,-0.1459035593235578,3.538461923599243,-0.4494638449795598,-0.1040000021457672,3.538461923599243,-0.5172455746565512,-0.1040000021457672,3.597515821456909,-0.651480958831733,-0.0727797746658325,3.5750410556793213,-0.7042101751878955,0.0065000001341104,-23.85975752366727,0.0
496,12.4,1.7543337609622828e+18,3.404719976806499,1.9452749867593704,3.176650422421917,-0.20678830022226297,8.256445942844064,0.5754584853202459,1.0226542537215642,-0.24016299308844638,-0.2129310369491577,3.288322687149048,-0.11167226472713088,3.288322687149048,-0.1459035593235578,-0.2129310369491577,3.538461923599243,-0.4494638449795598,-0.1040000021457672,3.538461923599243,-0.5172455746565512,-0.1040000021457672,3.597515821456909,-0.651480958831733,-0.0727797746658325,-23.835092491075365,0.0
497,12.425,1.7543337609872827e+18,3.379727994086421,2.016291417891426,3.1900250111864303,-0.22552674989972255,8.286587236246316,0.22979459247083817,0.2831331959123864,-0.275515315428995,-0.2686464786529541,3.288322687149048,-0.09829767596261751,3.288322687149048,-0.11167226472713088,-0.2129310369491577,3.288322687149048,-0.1459035593235578,-0.2129310369491577,3.538461923599243,-0.4494638449795598,-0.1040000021457672,3.538461923599243,-0.5172455746565512,-0.1040000021457672,-23.764664865143466,0.0
498,12.450000000000001,1.754333761012283e+18,3.348516928325983,2.1137526483636697,3.183989355201998,-0.23855043250774044,8.290023716562274,-0.14746836356008008,-0.41599202539181107,-0.2997974222982211,-0.3474137783050537,3.0385241508483887,0.14546520435360932,3.288322687149048,-0.09829767596261751,-0.2686464786529541,3.288322687149048,-0.11167226472713088,-0.2129310369491577,3.288322687149048,-0.1459035593235578,-0.2129310369491577,3.538461923599243,-0.4494638449795598,-0.1040000021457672,-23.40460823185825,0.0
499,12.475000000000001,1.7543337610372828e+18,3.3162773670489782,2.196304932882306,3.1621181505526113,-0.23313846296197652,8.269592228561667,-0.5426966315079643,-1.013557369964754,-0.31258572712159244,-0.3306034505367279,2.9406566619873047,0.22146148856530656,3.0385241508483887,0.14546520435360932,-0.3474137783050537,3.288322687149048,-0.09829767596261751,-0.2686464786529541,3.288322687149048,-0.11167226472713088,-0.2129310369491577,3.288322687149048,-0.1459035593235578,-0.2129310369491577,-22.954313452236434,0.0
500,12.5,1.7543337610622828e+18,3.2828584302017285,2.272215398472192,3.1287513202399193,-0.19857459729674654,8.274223175850045,-0.9367176775821088,-1.4745968688438844,-0.3159026604698527,-0.3306034505367279,2.9406566619873047,0.18809465825261462,2.9406566619873047,0.22146148856530656,-0.3306034505367279,3.0385241508483887,0.14546520435360932,-0.3474137783050537,3.288322687149048,-0.09829767596261751,-0.2686464786529541,3.288322687149048,-0.11167226472713088,-0.2129310369491577,-22.498772530618794,0.0
501,12.525,1.7543337610872827e+18,3.24907426582029,2.3489770284069342,3.0878544822110983,-0.1291813447523125,8.233529857030234,-1.3075542048603777,-1.7903926011895148,-0.31374464812687947,-0.2824137806892395,2.9406566619873047,0.14719782022379357,2.9406566619873047,0.18809465825261462,-0.3306034505367279,2.9406566619873047,0.22146148856530656,-0.3306034505367279,3.0385241508483887,0.14546520435360932,-0.3474137783050537,3.288322687149048,-0.09829767596261751,-0.2686464786529541,-22.045685768004567,0.0
502,12.55,1.7543337611122826e+18,3.208858274376144,2.4360888111724286,3.042433653192989,-0.026787023047904493,8.216322453144215,-1.6345572711505567,-1.9717342518607632,-0.3108159318774377,-0.2975431084632873,2.811631917953491,0.23080173523949776,2.9406566619873047,0.14719782022379357,-0.2824137806892395,2.9406566619873047,0.18809465825261462,-0.3306034505367279,2.9406566619873047,0.22146148856530656,-0.3306034505367279,3.0385241508483887,0.14546520435360932,-0.3474137783050537,-21.524320339200727,0.0
503,12.575000000000001,1.7543337611372828e+18,3.181597468183766,2.497375057078409,2.994512285641342,0.09868497924644605,8.147228272877536,-1.902614869476723,-2.0389889717902188,-0.31098151426251464,-0.2975431084632873,2.811631917953491,0.18288036768785076,2.811631917953491,0.23080173523949776,-0.2975431084632873,2.9406566619873047,0.14719782022379357,-0.2824137806892395,2.9406566619873047,0.18809465825261462,-0.3306034505367279,2.9406566619873047,0.22146148856530656,-0.3306034505367279,-21.008777491832298,0.0
504,12.600000000000001,1.7543337611622828e+18,3.159795934439381,2.554078834387029,2.94548976550823,0.23124535579923008,8.111018885842274,-2.105035590875472,-2.0130315101427043,-0.3160831976941165,-0.3126724064350128,2.776258945465088,0.16923082004314205,2.811631917953491,0.18288036768785076,-0.2975431084632873,2.811631917953491,0.23080173523949776,-0.2975431084632873,2.9406566619873047,0.14719782022379357,-0.2824137806892395,2.9406566619873047,0.18809465825261462,-0.3306034505367279,-20.523733911478132,0.0
505,12.625,1.7543337611872827e+18,3.118526249770957,2.659455033040412,2.896648683478708,0.3530791298981113,8.04341489816378,-2.24423180114849,-1.909945120530584,-0.3255575828413433,-0.3126724064350128,2.776258945465088,0.1203897380136203,2.776258945465088,0.16923082004314205,-0.3126724064350128,2.811631917953491,0.18288036768785076,-0.2975431084632873,2.811631917953491,0.23080173523949776,-0.2975431084632873,2.9406566619873047,0.14719782022379357,-0.2824137806892395,-20.100676538047356,0.0
506,12.65,1.754333761212283e+18,3.0981505288041804,2.7164232756618287,2.8495882950035387,0.44956616685510903,8.00325824846792,-2.3301385276261404,-1.7403172709604386,-0.3369209446294403,-0.3580603301525116,2.7654197216033936,0.08416857340014516,2.776258945465088,0.1203897380136203,-0.3126724064350128,2.776258945465088,0.16923082004314205,-0.3126724064350128,2.811631917953491,0.18288036768785076,-0.2975431084632873,2.811631917953491,0.23080173523949776,-0.2975431084632873,-19.64721834870913,0.0
507,12.675,1.7543337612372828e+18,3.075472248593858,2.8278276173024315,2.806398630169263,0.5132667728457665,7.922579798151109,-2.3770176262767624,-1.511868893747817,-0.3468392998149224,-0.3649818897247314,2.822084426879883,-0.01568579671061965,2.7654197216033936,0.08416857340014516,-0.3580603301525116,2.776258945465088,0.1203897380136203,-0.3126724064350128,2.776258945465088,0.16923082004314205,-0.3126724064350128,2.811631917953491,0.18288036768785076,-0.2975431084632873,-19.20874967147953,0.0
508,12.700000000000001,1.7543337612622828e+18,3.060716466969013,2.8865549821774024,2.769476020856938,0.545420449787071,7.8735106277729345,-2.399683831837988,-1.2329277256700852,-0.35230685490762,-0.3649818897247314,2.822084426879883,-0.05260840602294481,2.822084426879883,-0.01568579671061965,-0.3649818897247314,2.7654197216033936,0.08416857340014516,-0.3580603301525116,2.776258945465088,0.1203897380136203,-0.3126724064350128,2.776258945465088,0.16923082004314205,-0.3126724064350128,-18.82048287894956,0.0
509,12.725000000000001,1.7543337612872827e+18,3.065609407780088,2.9822964835353125,2.7410384147651965,0.5544434572882764,7.780042470059317,-2.410212019583331,-0.9143193687528921,-0.35147812228315767,-0.3429310321807861,2.822084426879883,-0.08104601211468632,2.822084426879883,-0.05260840602294481,-0.3649818897247314,2.822084426879883,-0.01568579671061965,-0.3649818897247314,2.7654197216033936,0.08416857340014516,-0.3580603301525116,2.776258945465088,0.1203897380136203,-0.3126724064350128,-18.37541109925746,0.0
510,12.75,1.7543337613122826e+18,3.0563705067895945,3.042365737134534,2.722577740891856,0.5520921764471944,7.7267650452919066,-2.4159164380041993,-0.5684676892773125,-0.34392611126457784,-0.3278017342090606,2.8941521644592285,-0.1715744235673724,2.822084426879883,-0.08104601211468632,-0.3429310321807861,2.822084426879883,-0.05260840602294481,-0.3649818897247314,2.822084426879883,-0.01568579671061965,-0.3649818897247314,2.7654197216033936,0.08416857340014516,-0.3580603301525116,-18.052482758300975,0.0
511,12.775,1.7543337613372828e+18,3.0568654298670994,3.106386318571866,2.7145571084454234,0.5489162073877141,7.690835030616036,-2.418958397305021,-0.20624207048815493,-0.33039604373085196,-0.3278017342090606,2.8941521644592285,-0.1795950560138051,2.8941521644592285,-0.1715744235673724,-0.3278017342090606,2.822084426879883,-0.08104601211468632,-0.3429310321807861,2.822084426879883,-0.05260840602294481,-0.3649818897247314,2.822084426879883,-0.01568579671061965,-0.3649818897247314,-17.667364146614794,0.0
512,12.8,1.7543337613622828e+18,3.067112189237891,3.207308877499728,2.7165323877606453,0.5508739883089443,7.605203881279607,-2.417449519356634,0.16647748582657862,-0.3123026969236954,-0.3126724064350128,2.9899802207946777,-0.2734478330340324,2.8941521644592285,-0.1795950560138051,-0.3278017342090606,2.8941521644592285,-0.1715744235673724,-0.3278017342090606,2.822084426879883,-0.08104601211468632,-0.3429310321807861,2.822084426879883,-0.05260840602294481,-0.3649818897247314,-17.308166358269744,0.0
513,12.825000000000001,1.7543337613872827e+18,3.0690655364175337,3.2325681373205084,2.7276337708285348,0.5583475386177831,7.584621347818847,-2.4074443534017256,0.5501137107048394,-0.2911957326646332,-0.2969827651977539,3.1107447147369385,-0.3831109439084037,2.9899802207946777,-0.2734478330340324,-0.3126724064350128,2.8941521644592285,-0.1795950560138051,-0.3278017342090606,2.8941521644592285,-0.1715744235673724,-0.3278017342090606,2.822084426879883,-0.08104601211468632,-0.3429310321807861,-16.985487797883525,0.0
514,12.850000000000001,1.754333761412283e+18,3.0893035960946955,3.3430747930469806,2.7471702947206107,0.5675915643924971,7.485566375258731,-2.3849080517057772,0.9489837778444616,-0.26827499966570456,-0.2969827651977539,3.1107447147369385,-0.3635744200163278,3.1107447147369385,-0.3831109439084037,-0.2969827651977539,2.9899802207946777,-0.2734478330340324,-0.3126724064350128,2.8941521644592285,-0.1795950560138051,-0.3278017342090606,2.8941521644592285,-0.1715744235673724,-0.3278017342090606,-16.706527208933057,0.0
515,12.875,1.7543337614372828e+18,3.0978642850221134,3.397156827164273,2.775092484191908,0.5734974569433335,7.439362164265732,-2.346850099049515,1.365285287772889,-0.24393861334113456,-0.2374686598777771,3.419985771179199,-0.6448932869872914,3.1107447147369385,-0.3635744200163278,-0.2969827651977539,3.1107447147369385,-0.3831109439084037,-0.2969827651977539,2.9899802207946777,-0.2734478330340324,-0.3126724064350128,2.8941521644592285,-0.1795950560138051,-0.3278017342090606,-16.48488534400582,0.0
516,12.9,1.7543337614622828e+18,3.1296923731257817,3.4687052429002074,2.812092818134284,0.5720323249810655,7.36017273428007,-2.291389118327214,1.7914715146248135,-0.2173977308574,-0.1793103516101837,3.419985771179199,-0.6078929530449151,3.419985771179199,-0.6448932869872914,-0.2374686598777771,3.1107447147369385,-0.3635744200163278,-0.2969827651977539,3.1107447147369385,-0.3831109439084037,-0.2969827651977539,2.9899802207946777,-0.2734478330340324,-0.3126724064350128,-16.29693505217255,0.0
517,12.925,1.7543337614872827e+18,3.146043609261814,3.5246020264666296,2.8592091944463327,0.5611462619988097,7.31130529348412,-2.217176042833669,2.204196557194682,-0.18655508797261292,-0.1624999940395355,3.558140516281128,-0.6989313218347952,3.419985771179199,-0.6078929530449151,-0.1793103516101837,3.419985771179199,-0.6448932869872914,-0.2374686598777771,3.1107447147369385,-0.3635744200163278,-0.2969827651977539,3.1107447147369385,-0.3831109439084037,-0.2969827651977539,-16.12246402092978,0.0
518,12.950000000000001,1.7543337615122826e+18,3.1605276121274057,3.559435674639761,2.916978877903143,0.5400862696464945,7.289253455209261,-2.1228195107734145,2.562911140351449,-0.14843087750095155,-0.158970445394516,3.649017572402954,-0.7320386944998112,3.558140516281128,-0.6989313218347952,-0.1624999940395355,3.419985771179199,-0.6078929530449151,-0.1793103516101837,3.419985771179199,-0.6448932869872914,-0.2374686598777771,3.1107447147369385,-0.3635744200163278,-0.2969827651977539,-15.93002082408945,0.0
519,12.975000000000001,1.7543337615372828e+18,3.1910154578037675,3.628841852923872,2.9844417805356236,0.5081168326297878,7.227441181470162,-2.0066257873686784,2.814747268665118,-0.10024483920445963,-0.0988235548138618,3.692185640335083,-0.7077438597994594,3.649017572402954,-0.7320386944998112,-0.158970445394516,3.558140516281128,-0.6989313218347952,-0.1624999940395355,3.419985771179199,-0.6078929530449151,-0.1793103516101837,3.419985771179199,-0.6448932869872914,-0.2374686598777771,-15.716213492132407,0.0
520,13.0,1.7543337615622828e+18,3.2154863239852727,3.684550259447231,3.0584487691130016,0.4638945504220238,7.177827971829153,-1.866530890952406,2.9050717518451177,-0.04086798081517193,-0.0988235548138618,3.692185640335083,-0.6337368712220814,3.692185640335083,-0.7077438597994594,-0.0988235548138618,3.649017572402954,-0.7320386944998112,-0.158970445394516,3.558140516281128,-0.6989313218347952,-0.1624999940395355,3.419985771179199,-0.6078929530449151,-0.1793103516101837,-15.486096962243698,0.0
521,13.025,1.7543337615872827e+18,3.2867362561230493,3.766814604619481,3.1336605891901317,0.40610945824368516,7.101638858805178,-1.699999210326918,2.790916796126307,0.027985437202646627,0.0390000008046627,3.636752843856812,-0.5030922546666803,3.692185640335083,-0.6337368712220814,-0.0988235548138618,3.692185640335083,-0.7077438597994594,-0.0988235548138618,3.649017572402954,-0.7320386944998112,-0.158970445394516,3.558140516281128,-0.6989313218347952,-0.1624999940395355,-15.281083327877575,0.0
522,13.05,1.754333761612283e+18,3.3290993425362454,3.8190424457876473,3.203345679547893,0.3350156448679037,7.0768024123704585,-1.503869917655085,2.4532976057208087,0.10147754110678661,0.0390000008046627,3.636752843856812,-0.4334071643089188,3.636752843856812,-0.5030922546666803,0.0390000008046627,3.692185640335083,-0.6337368712220814,-0.0988235548138618,3.692185640335083,-0.7077438597994594,-0.0988235548138618,3.649017572402954,-0.7320386944998112,-0.158970445394516,-15.112657537127454,0.0
523,13.075000000000001,1.7543337616372828e+18,3.381957104817051,3.877454817816136,3.260733793514644,0.25378777542994657,7.041870168858391,-1.2743846874753455,1.904678081499991,0.1725741332313283,0.2508494257926941,3.2629308700561523,-0.002197076541508469,3.636752843856812,-0.4334071643089188,0.0390000008046627,3.636752843856812,-0.5030922546666803,0.0390000008046627,3.692185640335083,-0.6337368712220814,-0.0988235548138618,3.692185640335083,-0.7077438597994594,-0.0988235548138618,-14.700015351802257,0.0
524,13.100000000000001,1.7543337616622828e+18,3.477595541683703,3.942411928195868,3.3004263343061186,0.16866161224806905,7.0037561323783315,-1.0077477494903804,1.1894009520397113,0.23391275775824336,0.2508494257926941,3.2629308700561523,0.037495464249966304,3.2629308700561523,-0.002197076541508469,0.2508494257926941,3.636752843856812,-0.4334071643089188,0.0390000008046627,3.636752843856812,-0.5030922546666803,0.0390000008046627,3.692185640335083,-0.6337368712220814,-0.0988235548138618,-14.456410317418356,0.0
525,13.125,1.7543337616872827e+18,3.5126437728988518,3.979736538736709,3.3193412436554164,0.08750997723872432,6.979861644083587,-0.701440389390836,0.3770796027681,0.2798871465060258,0.2633620798587799,3.2629308700561523,0.05641037359926404,3.2629308700561523,0.037495464249966304,0.2508494257926941,3.2629308700561523,-0.002197076541508469,0.2508494257926941,3.636752843856812,-0.4334071643089188,0.0390000008046627,3.636752843856812,-0.5030922546666803,0.0390000008046627,-14.240453765384501,0.0
526,13.15,1.7543337617122826e+18,3.627913290401744,4.069594072405235,3.3169114656782703,0.01743336934606421,6.95645980018883,-0.3561149466140658,-0.4491125100245327,0.3081453075886275,0.3306034505367279,3.1383235454559326,0.17858792022233771,3.2629308700561523,0.05641037359926404,0.2633620798587799,3.2629308700561523,0.037495464249966304,0.2508494257926941,3.2629308700561523,-0.002197076541508469,0.2508494257926941,3.636752843856812,-0.4334071643089188,0.0390000008046627,-14.214301150047246,0.0
527,13.175,1.7543337617372828e+18,3.6768649021841537,4.113500982062624,3.294642454921719,-0.03747472284503228,6.937485752363239,0.022531620930933548,-1.206263865908182,0.32000942011498,0.3306034505367279,3.1383235454559326,0.15631890946578642,3.1383235454559326,0.17858792022233771,0.3306034505367279,3.2629308700561523,0.05641037359926404,0.2633620798587799,3.2629308700561523,0.037495464249966304,0.2508494257926941,3.2629308700561523,-0.002197076541508469,0.2508494257926941,-14.196769516107649,0.0
528,13.200000000000001,1.7543337617622828e+18,3.726438040468475,4.146559047466803,3.255430565189649,-0.07714639812393387,6.954355297105118,0.42265120534194345,-1.8246472502651625,0.3197768783118565,0.3137930929660797,3.0374233722686768,0.21800719292097215,3.1383235454559326,0.15631890946578642,0.3306034505367279,3.1383235454559326,0.17858792022233771,0.3306034505367279,3.2629308700561523,0.05641037359926404,0.2633620798587799,3.2629308700561523,0.037495464249966304,0.2508494257926941,-14.213998544651751,0.0
529,13.225000000000001,1.7543337617872827e+18,3.789916250819129,4.198590968651,3.2030480950392177,-0.10501065809501542,6.943445542363756,0.8265167638240064,-2.257436138656317,0.3132308012948505,0.2824137806892395,2.904935359954834,0.29811273508438374,3.0374233722686768,0.21800719292097215,0.3137930929660797,3.1383235454559326,0.15631890946578642,0.3306034505367279,3.1383235454559326,0.17858792022233771,0.3306034505367279,3.2629308700561523,0.05641037359926404,0.2633620798587799,-14.213111321604572,0.0
530,13.25,1.754333761812283e+18,3.865905874137165,4.246512301117497,3.141923358003672,-0.12640897205417992,6.972012645631839,1.2125042228930345,-2.4858454036961675,0.3059169353859261,0.2824137806892395,2.904935359954834,0.23698799804883786,2.904935359954834,0.29811273508438374,0.2824137806892395,3.0374233722686768,0.21800719292097215,0.3137930929660797,3.1383235454559326,0.15631890946578642,0.3306034505367279,3.1383235454559326,0.17858792022233771,0.3306034505367279,-14.214783540234945,0.0
531,13.275,1.7543337618372828e+18,3.9572199895967177,4.324565772328183,3.0770131424483744,-0.14684925914001257,7.027344742893385,1.558636486347944,-2.5191546638260247,0.30179048415579945,0.3126724064350128,2.8753550052642822,0.2016581371840922,2.904935359954834,0.23698799804883786,0.2824137806892395,2.904935359954834,0.29811273508438374,0.2824137806892395,3.0374233722686768,0.21800719292097215,0.3137930929660797,3.1383235454559326,0.15631890946578642,0.3306034505367279,-14.35327687185427,0.0
532,13.3,1.7543337618622828e+18,4.003055128651832,4.36007346230612,3.0134372512517333,-0.17076706513296747,7.0456065489340345,1.8468716801270433,-2.389767647399732,0.30263779241953737,0.3126724064350128,2.8753550052642822,0.1380822459874511,2.8753550052642822,0.2016581371840922,0.3126724064350128,2.904935359954834,0.23698799804883786,0.2824137806892395,2.904935359954834,0.29811273508438374,0.2824137806892395,3.0374233722686768,0.21800719292097215,0.3137930929660797,-14.49631791698258,0.0
533,13.325000000000001,1.7543337618872827e+18,4.078787505651762,4.432127458300504,2.9557260997628405,-0.20091126903921205,7.116067860988442,2.0668189702658717,-2.144205932819744,0.3083101852284859,0.3126724064350128,2.8753550052642822,0.08037109449855828,2.8753550052642822,0.1380822459874511,0.3126724064350128,2.8753550052642822,0.2016581371840922,0.3126724064350128,2.904935359954834,0.23698799804883786,0.2824137806892395,2.904935359954834,0.29811273508438374,0.2824137806892395,-14.640172187962024,0.0
534,13.350000000000001,1.7543337619122826e+18,4.152621284662977,4.510913967878163,2.90690623254758,-0.23811991462572443,7.200322608442698,2.2176205791678574,-1.831834840606879,0.3174953495927455,0.3126724064350128,2.868069648742676,0.03883658380490429,2.8753550052642822,0.08037109449855828,0.3126724064350128,2.8753550052642822,0.1380822459874511,0.3126724064350128,2.8753550052642822,0.2016581371840922,0.3126724064350128,2.904935359954834,0.23698799804883786,0.2824137806892395,-14.814619201971965,0.0
535,13.375,1.7543337619372828e+18,4.170895274106856,4.528393306161954,2.8679313676198386,-0.2813258499768897,7.217392183848455,2.3073425775389635,-1.4939691236686496,0.32865103113944905,0.3278017342090606,2.880596160888672,-0.012664793268833296,2.868069648742676,0.03883658380490429,0.3126724064350128,2.8753550052642822,0.08037109449855828,0.3126724064350128,2.8753550052642822,0.1380822459874511,0.3126724064350128,2.8753550052642822,0.2016581371840922,0.3126724064350128,-15.012869528487812,0.0
536,13.4,1.7543337619622828e+18,4.214459755211729,4.570063369764015,2.837898620561176,-0.32788783300053215,7.258085388663747,2.3501006494895504,-1.1563214095059342,0.34079052906439844,0.3580603301525116,2.880596160888672,-0.042697540327496064,2.880596160888672,-0.012664793268833296,0.3278017342090606,2.868069648742676,0.03883658380490429,0.3126724064350128,2.8753550052642822,0.08037109449855828,0.3126724064350128,2.8753550052642822,0.1380822459874511,0.3126724064350128,-15.199940896499418,0.0
537,13.425,1.7543337619872827e+18,4.276293985458287,4.646010536919477,2.815058115906624,-0.37438428893291875,7.347885442553635,2.361979046395116,-0.82707424250317,0.35390905009164464,0.3580603301525116,2.880596160888672,-0.06553804498204796,2.880596160888672,-0.042697540327496064,0.3580603301525116,2.880596160888672,-0.012664793268833296,0.3278017342090606,2.868069648742676,0.03883658380490429,0.3126724064350128,2.8753550052642822,0.08037109449855828,0.3126724064350128,-15.362498795450787,0.0
538,13.450000000000001,1.754333762012283e+18,4.320220308926997,4.729226904466387,2.7981178622919467,-0.41772123136668304,7.418198825041197,2.357187399203238,-0.5011216386927991,0.36893000333189707,0.3731896579265594,2.9123072624206543,-0.1141894001287076,2.880596160888672,-0.06553804498204796,0.3580603301525116,2.880596160888672,-0.042697540327496064,0.3580603301525116,2.880596160888672,-0.012664793268833296,0.3278017342090606,2.868069648742676,0.03883658380490429,0.3126724064350128,-15.52140728614828,0.0
539,13.475000000000001,1.7543337620372828e+18,4.353388727571831,4.7871099896873845,2.7871390120057327,-0.45607368966132444,7.479360663654222,2.3456143943363883,-0.1687778399606525,0.3871748323600308,0.3883189558982849,3.017014980316162,-0.22987596831042945,2.9123072624206543,-0.1141894001287076,0.3731896579265594,2.880596160888672,-0.06553804498204796,0.3580603301525116,2.880596160888672,-0.042697540327496064,0.3580603301525116,2.880596160888672,-0.012664793268833296,0.3278017342090606,-15.761271646899617,0.0
540,13.5,1.7543337620622828e+18,4.378519495211819,4.8324137889781325,2.78355081926126,-0.48914297325557565,7.522516976579752,2.332221489006529,0.17455521120631992,0.40953524887402254,0.3883189558982849,3.017014980316162,-0.23346416105490198,3.017014980316162,-0.22987596831042945,0.3883189558982849,2.9123072624206543,-0.1141894001287076,0.3731896579265594,2.880596160888672,-0.06553804498204796,0.3580603301525116,2.880596160888672,-0.042697540327496064,0.3580603301525116,-15.978343478618898,0.0
541,13.525,1.7543337620872827e+18,4.420425171318991,4.919743204270139,2.7893095007391295,-0.5175284651305149,7.595908735805697,2.318033699987701,0.5217396458821149,0.4356861666322081,0.4185775816440582,3.088398694992065,-0.29908919425293545,3.017014980316162,-0.23346416105490198,0.3883189558982849,3.017014980316162,-0.22987596831042945,0.3883189558982849,2.9123072624206543,-0.1141894001287076,0.3731896579265594,2.880596160888672,-0.06553804498204796,0.3580603301525116,-16.23655989667359,0.0
542,13.55,1.7543337621122826e+18,4.443950893324876,4.986157651856552,2.8056779452830214,-0.5414948558698565,7.65592247488409,2.302037232012363,0.8530513010038756,0.4637195102184952,0.4650862216949463,3.088398694992065,-0.2827207497090436,3.088398694992065,-0.29908919425293545,0.4185775816440582,3.017014980316162,-0.23346416105490198,0.3883189558982849,3.017014980316162,-0.22987596831042945,0.3883189558982849,2.9123072624206543,-0.1141894001287076,0.3731896579265594,-16.46833619745951,0.0
543,13.575000000000001,1.7543337621372828e+18,4.462753318321596,5.0402505192832665,2.832286584522082,-0.5598323741012267,7.703043500110292,2.283089259912427,1.1414926238266216,0.49044125820720497,0.4650862216949463,3.1646206378936768,-0.3323340533715946,3.088398694992065,-0.2827207497090436,0.4650862216949463,3.088398694992065,-0.29908919425293545,0.4185775816440582,3.017014980316162,-0.23346416105490198,0.3883189558982849,3.017014980316162,-0.22987596831042945,0.3883189558982849,-16.741342817367933,0.0
544,13.600000000000001,1.7543337621622828e+18,4.487256171395575,5.137954200023221,2.8669616175450257,-0.569623598831348,7.776313382662371,2.2610712223518856,1.3620557651733767,0.5122848658608987,0.5581034421920776,3.1646206378936768,-0.2976590203486511,3.1646206378936768,-0.3323340533715946,0.4650862216949463,3.088398694992065,-0.2827207497090436,0.4650862216949463,3.088398694992065,-0.29908919425293545,0.4185775816440582,3.017014980316162,-0.23346416105490198,0.3883189558982849,-16.98592940145065,0.0
545,13.625,1.7543337621872827e+18,4.502822825970168,5.196097910825624,2.906370940664503,-0.5673451725541363,7.823744625783829,2.237019911407827,1.5011119752584035,0.5264773547973369,0.5581034421920776,3.245649576187134,-0.3392786355226307,3.1646206378936768,-0.2976590203486511,0.5581034421920776,3.1646206378936768,-0.3323340533715946,0.4650862216949463,3.088398694992065,-0.2827207497090436,0.4650862216949463,3.088398694992065,-0.29908919425293545,0.4185775816440582,-17.27162384393626,0.0
546,13.65,1.754333762212283e+18,4.507631481933503,5.256163109992371,2.9471131863347035,-0.550939866339366,7.869649470426988,2.212570669360105,1.5621324266397776,0.5319277496329101,0.5177586078643799,3.3323769569396973,-0.3852637706049937,3.245649576187134,-0.3392786355226307,0.5581034421920776,3.1646206378936768,-0.2976590203486511,0.5581034421920776,3.1646206378936768,-0.3323340533715946,0.4650862216949463,3.088398694992065,-0.2827207497090436,0.4650862216949463,-17.613285671708088,0.0
547,13.675,1.7543337622372828e+18,4.51974951316976,5.330436568627188,2.986723808154117,-0.521802297516059,7.925879011576594,2.1893181887766207,1.5655302151693316,0.5294293320454108,0.5177586078643799,3.4190337657928467,-0.4323099576387297,3.3323769569396973,-0.3852637706049937,0.5177586078643799,3.245649576187134,-0.3392786355226307,0.5581034421920776,3.1646206378936768,-0.2976590203486511,0.5581034421920776,3.1646206378936768,-0.3323340533715946,0.4650862216949463,-18.006843591811922,0.0
548,13.700000000000001,1.7543337622622828e+18,4.506363799478763,5.383070715776987,3.0242270818253276,-0.4855373395495471,7.97492473200934,2.1685026733354427,1.542799672174919,0.5211330478349276,0.5177586078643799,3.4190337657928467,-0.39480668396751906,3.4190337657928467,-0.4323099576387297,0.5177586078643799,3.3323769569396973,-0.3852637706049937,0.5177586078643799,3.245649576187134,-0.3392786355226307,0.5581034421920776,3.1646206378936768,-0.2976590203486511,0.5581034421920776,-18.34787980601638,0.0
549,13.725000000000001,1.7543337622872827e+18,4.503830652442529,5.496073684579946,3.0601386843505938,-0.4509156847687365,8.066859128547245,2.1510159218812768,1.5272832967160141,0.5096101860134024,0.4975862205028534,3.504605293273926,-0.444466608923332,3.4190337657928467,-0.39480668396751906,0.5177586078643799,3.4190337657928467,-0.4323099576387297,0.5177586078643799,3.3323769569396973,-0.3852637706049937,0.5177586078643799,3.245649576187134,-0.3392786355226307,0.5581034421920776,-18.74310895738146,0.0
550,13.75,1.7543337623122826e+18,4.4959004276417165,5.521318347656052,3.0960277205777027,-0.4273306627043819,8.106550985841933,2.137469651449063,1.5449764346488117,0.49694879406711756,0.4975862205028534,3.5892014503479004,-0.4931737297701977,3.504605293273926,-0.444466608923332,0.4975862205028534,3.4190337657928467,-0.39480668396751906,0.5177586078643799,3.4190337657928467,-0.4323099576387297,0.5177586078643799,3.3323769569396973,-0.3852637706049937,0.5177586078643799,-19.158356021162643,0.0
551,13.775,1.7543337623372828e+18,4.488760115386572,5.608570818495282,3.1338353876348455,-0.4218361670059791,8.18042181484287,2.128115042868753,1.6084645029828784,0.48421538777426965,0.4795716404914856,3.6729345321655273,-0.5390991445306819,3.5892014503479004,-0.4931737297701977,0.4975862205028534,3.504605293273926,-0.444466608923332,0.4975862205028534,3.4190337657928467,-0.39480668396751906,0.5177586078643799,3.4190337657928467,-0.4323099576387297,0.5177586078643799,-19.616764880394392,0.0
552,13.8,1.7543337623622828e+18,4.464312021179733,5.6975947720597615,3.175178779598497,-0.43710143608260027,8.214187093438497,2.1225903912351756,1.7156461388404234,0.4714041357816726,0.4662502110004425,3.6729345321655273,-0.4977557525670302,3.6729345321655273,-0.5390991445306819,0.4795716404914856,3.5892014503479004,-0.4931737297701977,0.4975862205028534,3.504605293273926,-0.444466608923332,0.4975862205028534,3.4190337657928467,-0.39480668396751906,0.5177586078643799,-20.035034304947246,0.0
553,13.825000000000001,1.7543337623872827e+18,4.45254777173338,5.756535753193854,3.2208659334797787,-0.4711086128306528,8.258684386306989,2.119655073849583,1.853009553421766,0.4578025168214166,0.4774138033390045,3.755963087081909,-0.5350971536021305,3.6729345321655273,-0.4977557525670302,0.4662502110004425,3.6729345321655273,-0.5390991445306819,0.4795716404914856,3.5892014503479004,-0.4931737297701977,0.4975862205028534,3.504605293273926,-0.444466608923332,0.4975862205028534,-20.454465397589992,0.0
554,13.850000000000001,1.754333762412283e+18,4.431434900860068,5.823032604843669,3.2707752714898044,-0.5183982369656022,8.30092593472832,2.1172004259083597,2.0016762474839287,0.4425678238173608,0.4370689690113067,3.838641881942749,-0.5678666104529446,3.755963087081909,-0.5350971536021305,0.4774138033390045,3.6729345321655273,-0.4977557525670302,0.4662502110004425,3.6729345321655273,-0.5390991445306819,0.4795716404914856,3.5892014503479004,-0.4931737297701977,0.4975862205028534,-20.91244399219988,0.0
555,13.875,1.7543337624372828e+18,4.400057562099555,5.911164269827009,3.3241093424411154,-0.571859108678746,8.36912702914691,2.1127613257562747,2.143762570766242,0.42525467941325357,0.4370689690113067,3.920802593231201,-0.5966932507900857,3.838641881942749,-0.5678666104529446,0.4370689690113067,3.755963087081909,-0.5350971536021305,0.4774138033390045,3.6729345321655273,-0.4977557525670302,0.4662502110004425,3.6729345321655273,-0.5390991445306819,0.4795716404914856,-21.369204866070007,0.0
556,13.9,1.7543337624622828e+18,4.36391656443301,5.996028871461737,3.379883079585823,-0.6240677123393849,8.425228487659387,2.10438150840573,2.266970349791606,0.40607684033372815,0.4168965518474579,3.920802593231201,-0.5409195136453784,3.920802593231201,-0.5966932507900857,0.4370689690113067,3.838641881942749,-0.5678666104529446,0.4370689690113067,3.755963087081909,-0.5350971536021305,0.4774138033390045,3.6729345321655273,-0.4977557525670302,0.4662502110004425,-21.745057104440924,0.0
557,13.925,1.7543337624872827e+18,4.336590827483434,6.057226216827355,3.4374093877881817,-0.6679184784595015,8.474637449472501,2.091324996074132,2.366401440317729,0.38581537993532705,0.3660988211631775,4.082621574401856,-0.6452121866136746,3.920802593231201,-0.5409195136453784,0.4168965518474579,3.920802593231201,-0.5966932507900857,0.4370689690113067,3.838641881942749,-0.5678666104529446,0.4370689690113067,3.755963087081909,-0.5350971536021305,0.4774138033390045,-22.27372951669205,0.0
558,13.950000000000001,1.7543337625122826e+18,4.287520967863324,6.1532817392816845,3.496538854732074,-0.6970412610056874,8.554153291554023,2.0742007664141666,2.443828670298703,0.36545115979695714,0.3609918653964996,4.082621574401856,-0.5860827196697822,4.082621574401856,-0.6452121866136746,0.3660988211631775,3.920802593231201,-0.5409195136453784,0.4168965518474579,3.920802593231201,-0.5966932507900857,0.4370689690113067,3.838641881942749,-0.5678666104529446,0.4370689690113067,-22.727243159066056,0.0
559,13.975000000000001,1.7543337625372828e+18,4.215178321871324,6.246212215803235,3.5575336157279156,-0.7066400201992641,8.608040258013116,2.054479479292236,2.5054892713245804,0.34572757081152694,0.3362068831920624,4.240648746490479,-0.6831151307625638,4.082621574401856,-0.5860827196697822,0.3609918653964996,4.082621574401856,-0.6452121866136746,0.3660988211631775,3.920802593231201,-0.5409195136453784,0.4168965518474579,3.920802593231201,-0.5966932507900857,0.4370689690113067,-23.26453058429068,0.0
560,14.0,1.7543337625622828e+18,4.197946457346104,6.271734483162207,3.620682281061694,-0.6948930720919875,8.627604317601977,2.033703760276339,2.559610249384874,0.32686528729586717,0.3421612381935119,4.240648746490479,-0.6199664654287855,4.240648746490479,-0.6831151307625638,0.3362068831920624,4.082621574401856,-0.5860827196697822,0.3609918653964996,4.082621574401856,-0.6452121866136746,0.3660988211631775,3.920802593231201,-0.5409195136453784,0.4168965518474579,-23.76043595016817,0.0
561,14.025,1.7543337625872827e+18,4.115230417685494,6.381863229859604,3.6859497215318506,-0.664396275897106,8.708268005010257,2.012807892028324,2.6144287936590755,0.30854214964225296,0.295862078666687,4.3184332847595215,-0.6324835632276709,4.240648746490479,-0.6199664654287855,0.3421612381935119,4.240648746490479,-0.6831151307625638,0.3362068831920624,4.082621574401856,-0.5860827196697822,0.3609918653964996,4.082621574401856,-0.6452121866136746,0.3660988211631775,-24.256842682518904,0.0
562,14.05,1.754333762612283e+18,4.075866403657427,6.430071308200067,3.7529379304914787,-0.6227668175153562,8.746359261164885,1.9919496699310932,2.6768293112682247,0.2901002310867498,0.3047023415565491,4.395420074462891,-0.6424821439714119,4.3184332847595215,-0.6324835632276709,0.295862078666687,4.240648746490479,-0.6199664654287855,0.3421612381935119,4.240648746490479,-0.6831151307625638,0.3362068831920624,4.082621574401856,-0.5860827196697822,0.3609918653964996,-24.771250356397697,0.0
563,14.075000000000001,1.7543337626372828e+18,4.006269867694966,6.480487125357512,3.821198588712082,-0.5816883563583871,8.78523262022987,1.9710041050928495,2.7513180782012086,0.27084805023557534,0.2649113237857818,4.548973560333252,-0.7277749716211699,4.395420074462891,-0.6424821439714119,0.3047023415565491,4.3184332847595215,-0.6324835632276709,0.295862078666687,4.240648746490479,-0.6199664654287855,0.3421612381935119,4.240648746490479,-0.6831151307625638,0.3362068831920624,-25.35767672151133,0.0
564,14.100000000000001,1.7543337626622828e+18,3.92373555430886,6.5564699342825135,3.8906590232172107,-0.5543328576841886,8.849125098038169,1.9503767850125087,2.8391090082931374,0.2503171813686669,0.2631390392780304,4.548973560333252,-0.6583145371160413,4.548973560333252,-0.7277749716211699,0.2649113237857818,4.395420074462891,-0.6424821439714119,0.3047023415565491,4.3184332847595215,-0.6324835632276709,0.295862078666687,4.240648746490479,-0.6199664654287855,0.3421612381935119,-25.882744408622738,0.0
565,14.125,1.7543337626872827e+18,3.869134783660407,6.614810318812485,3.961816433297374,-0.5518610617967905,8.892809311951567,1.931474000682805,2.937472560691091,0.22838163813735635,0.2227599620819091,4.704615116119385,-0.7427986828220106,4.548973560333252,-0.6583145371160413,0.2631390392780304,4.548973560333252,-0.7277749716211699,0.2649113237857818,4.395420074462891,-0.6424821439714119,0.3047023415565491,4.3184332847595215,-0.6324835632276709,0.295862078666687,-26.4945342028525,0.0
566,14.15,1.7543337627122826e+18,3.808972438242376,6.662873144762293,4.0355090457464815,-0.5800859977296098,8.93605941219204,1.916301771533727,3.039845504263034,0.20522680214848837,0.1949999928474426,4.783729076385498,-0.7482200306390165,4.704615116119385,-0.7427986828220106,0.2227599620819091,4.548973560333252,-0.6583145371160413,0.2631390392780304,4.548973560333252,-0.7277749716211699,0.2649113237857818,4.395420074462891,-0.6424821439714119,0.3047023415565491,-27.101216045512437,0.0
567,14.175,1.7543337627372828e+18,3.7147832604791127,6.71406684981604,4.112387084433529,-0.6372955217680362,8.974790502743481,1.9060893782053672,3.1371796927729454,0.1812333049101775,0.1755000054836273,4.945434093475342,-0.8330470090418132,4.783729076385498,-0.7482200306390165,0.1949999928474426,4.704615116119385,-0.7427986828220106,0.2227599620819091,4.548973560333252,-0.6583145371160413,0.2631390392780304,4.548973560333252,-0.7277749716211699,0.2649113237857818,-27.799554470058162,0.0
568,14.200000000000001,1.7543337627622828e+18,3.649470372686341,6.757600574731211,4.192443924872118,-0.7139821966403567,9.014397158942236,1.899393777568661,3.220551283790157,0.1568734934712339,0.1755000054836273,4.945434093475342,-0.7529901686032234,4.945434093475342,-0.8330470090418132,0.1755000054836273,4.783729076385498,-0.7482200306390165,0.1949999928474426,4.704615116119385,-0.7427986828220106,0.2227599620819091,4.548973560333252,-0.6583145371160413,0.2631390392780304,-28.41081941233562,0.0
569,14.225000000000001,1.7543337627872827e+18,3.517787927198836,6.844206811342461,4.274931821821138,-0.7948941682965796,9.101463943171456,1.8907326336044308,3.28439911147684,0.1326761863769514,0.1169999986886978,5.113198757171631,-0.838266935350493,4.945434093475342,-0.7529901686032234,0.1755000054836273,4.945434093475342,-0.8330470090418132,0.1755000054836273,4.783729076385498,-0.7482200306390165,0.1949999928474426,4.704615116119385,-0.7427986828220106,0.2227599620819091,-29.132604950182852,0.0
570,14.25,1.754333762812283e+18,3.490321072480462,6.859374789040317,4.358713597032546,-0.8631235138253344,9.117182293341374,1.8709096227538031,3.3293060669430665,0.10923819099726889,0.1169999986886978,5.113198757171631,-0.754485160139085,5.113198757171631,-0.838266935350493,0.1169999986886978,4.945434093475342,-0.7529901686032234,0.1755000054836273,4.945434093475342,-0.8330470090418132,0.1755000054836273,4.783729076385498,-0.7482200306390165,0.1949999928474426,-29.764060188518275,0.0
571,14.275,1.7543337628372828e+18,3.367763288323056,6.913469748842739,4.442830139250099,-0.9049969677042219,9.172030882886542,1.8293887461621203,3.363268206662407,0.08721654704721639,0.0974999964237213,5.199639797210693,-0.7568096579605941,5.113198757171631,-0.754485160139085,0.1169999986886978,5.113198757171631,-0.838266935350493,0.1169999986886978,4.945434093475342,-0.7529901686032234,0.1755000054836273,4.945434093475342,-0.8330470090418132,0.1755000054836273,-30.404039291753826,0.0
572,14.3,1.7543337628622828e+18,3.251403800429707,6.954678208339578,4.526987845974827,-0.914036380524016,9.225275191025865,1.7577829566468512,3.400912623289613,0.06724667537551797,0.0715000033378601,5.378564834594727,-0.8515769886198994,5.199639797210693,-0.7568096579605941,0.0974999964237213,5.113198757171631,-0.754485160139085,0.1169999986886978,5.113198757171631,-0.838266935350493,0.1169999986886978,4.945434093475342,-0.7529901686032234,0.1755000054836273,-31.130347097752697,0.0
573,14.325000000000001,1.7543337628872827e+18,3.186785609009048,6.990440544460733,4.611774567012087,-0.8926297142410907,9.261430187824036,1.6527568740929517,3.4608462143637952,0.04978510507061967,0.0260000005364418,5.563438892364502,-0.9516643253524153,5.378564834594727,-0.8515769886198994,0.0715000033378601,5.199639797210693,-0.7568096579605941,0.0974999964237213,5.113198757171631,-0.754485160139085,0.1169999986886978,5.113198757171631,-0.838266935350493,0.1169999986886978,-31.960337951850732,0.0
574,14.350000000000001,1.7543337629122826e+18,3.101868667804116,7.016911468585271,4.698557616863173,-0.8509222813324109,9.299723491611342,1.5169575217369164,3.5618631026201752,0.034953296333327256,0.0260000005364418,5.563438892364502,-0.8648812755013289,5.563438892364502,-0.9516643253524153,0.0260000005364418,5.378564834594727,-0.8515769886198994,0.0715000033378601,5.199639797210693,-0.7568096579605941,0.0974999964237213,5.113198757171631,-0.754485160139085,0.1169999986886978,-32.69300048134851,0.0
575,14.375000000000002,1.7543337629372828e+18,2.9759285335563326,7.0471157958423865,4.789122501371445,-0.8033287892866683,9.333374182043288,1.3576746177534638,3.7188612993586676,0.022505972521438062,0.040589477866888,5.656428813934326,-0.8673063125628815,5.563438892364502,-0.8648812755013289,0.0260000005364418,5.563438892364502,-0.9516643253524153,0.0260000005364418,5.378564834594727,-0.8515769886198994,0.0715000033378601,5.199639797210693,-0.7568096579605941,0.0974999964237213,-33.42494167095481,0.0
576,14.4,1.7543337629622828e+18,2.8635801305528856,7.077062553761672,4.885189825574281,-0.763830588110504,9.367432479745833,1.1840770208131006,3.9390490643799447,0.011991350517813335,0.0148368012160062,5.839874744415283,-0.9546849188410018,5.656428813934326,-0.8673063125628815,0.040589477866888,5.563438892364502,-0.8648812755013289,0.0260000005364418,5.563438892364502,-0.9516643253524153,0.0260000005364418,5.378564834594727,-0.8515769886198994,0.0715000033378601,-34.231919534259156,0.0
577,14.425,1.7543337629872827e+18,2.769981184279219,7.091112734921052,4.987998721409903,-0.7416143292570389,9.396336705514955,1.0044984718123742,4.21864082618889,0.0030380191668972867,-0.0,6.013320446014404,-1.0253217246045017,5.839874744415283,-0.9546849188410018,0.0148368012160062,5.656428813934326,-0.8673063125628815,0.040589477866888,5.563438892364502,-0.8648812755013289,0.0260000005364418,5.563438892364502,-0.9516643253524153,0.0260000005364418,-35.094154546353295,0.0
578,14.450000000000001,1.754333763012283e+18,2.6164134022538823,7.11153811323214,5.098110017688628,-0.7383716392976339,9.42842272949915,0.8250541044743019,4.5401075171444365,-0.004380903088529228,-0.0,6.013320446014404,-0.9152104283257767,6.013320446014404,-1.0253217246045017,-0.0,5.839874744415283,-0.9546849188410018,0.0148368012160062,5.656428813934326,-0.8673063125628815,0.040589477866888,5.563438892364502,-0.8648812755013289,0.0260000005364418,-35.835119943437554,0.0
579,14.475000000000001,1.7543337630372828e+18,2.5202520342131525,7.120192035914696,5.215442420264393,-0.7479519774641278,9.453083159468784,0.649915639497113,4.870347419870024,-0.009824775634948251,-0.0130000002682209,6.243721961975098,-1.0282795417107042,6.013320446014404,-0.9152104283257767,-0.0,6.013320446014404,-1.0253217246045017,-0.0,5.839874744415283,-0.9546849188410018,0.0148368012160062,5.656428813934326,-0.8673063125628815,0.040589477866888,-36.66620775616357,0.0
580,14.500000000000002,1.7543337630622828e+18,2.385014282415301,7.140921897558148,5.339392434069225,-0.7584398571681791,9.466737324499729,0.48248121662941834,5.160741318985317,-0.012434882988215304,-0.0130000002682209,6.243721961975098,-0.9043295279058725,6.243721961975098,-1.0282795417107042,-0.0130000002682209,6.013320446014404,-0.9152104283257767,-0.0,6.013320446014404,-1.0253217246045017,-0.0,5.839874744415283,-0.9546849188410018,0.0148368012160062,-37.36960421887758,0.0
581,14.525,1.7543337630872827e+18,2.282143173700641,7.140709100909135,5.46881263343213,-0.7561277710932658,9.483856005281265,0.32632558784167415,5.350498402491623,-0.011124076728572333,-0.0093065612018108,6.431342601776123,-0.9625299683439934,6.243721961975098,-0.9043295279058725,-0.0130000002682209,6.243721961975098,-1.0282795417107042,-0.0130000002682209,6.013320446014404,-0.9152104283257767,-0.0,6.013320446014404,-1.0253217246045017,-0.0,-38.10822126087692,0.0
582,14.55,1.7543337631122826e+18,2.1423837449835386,7.158153254745089,5.601686616748575,-0.7302156398802513,9.489226908239694,0.18544696850664522,5.374450880260338,-0.004853450772857222,-0.0093065612018108,6.431342601776123,-0.8296559850275482,6.431342601776123,-0.9625299683439934,-0.0093065612018108,6.243721961975098,-0.9043295279058725,-0.0130000002682209,6.243721961975098,-1.0282795417107042,-0.0130000002682209,6.013320446014404,-0.9152104283257767,-0.0,-38.677555338597756,0.0
583,14.575000000000001,1.7543337631372828e+18,2.036836966776659,7.1548802898190695,5.734546977343251,-0.6766341382546539,9.500300234761351,0.06419844921840107,5.175237054341671,0.007054171904540668,0.0209257490932941,6.534070014953613,-0.7995230376103626,6.431342601776123,-0.8296559850275482,-0.0093065612018108,6.431342601776123,-0.9625299683439934,-0.0093065612018108,6.243721961975098,-0.9043295279058725,-0.0130000002682209,6.243721961975098,-1.0282795417107042,-0.0130000002682209,-39.163186139285074,0.0
584,14.600000000000001,1.7543337631622828e+18,1.901942430954489,7.148760875876805,5.861977763290983,-0.599506915954997,9.49113661781517,-0.03249749998285652,4.717875181296242,0.024610214843533856,0.0209257490932941,6.534070014953613,-0.6720922516626304,6.534070014953613,-0.7995230376103626,0.0209257490932941,6.431342601776123,-0.8296559850275482,-0.0093065612018108,6.431342601776123,-0.9625299683439934,-0.0093065612018108,6.243721961975098,-0.9043295279058725,-0.0130000002682209,-39.53762694820428,0.0
585,14.625000000000002,1.7543337631872827e+18,1.7724271150178454,7.142077381656392,5.976738650294524,-0.5095915267928078,9.497132524666782,-0.09860005461824549,4.002867238200427,0.046928681977057816,0.0324999988079071,6.509597301483154,-0.5328586511886302,6.534070014953613,-0.6720922516626304,0.0209257490932941,6.534070014953613,-0.7995230376103626,0.0209257490932941,6.431342601776123,-0.8296559850275482,-0.0093065612018108,6.431342601776123,-0.9625299683439934,-0.0093065612018108,-39.702877612757014,0.0
586,14.65,1.754333763212283e+18,1.5948523348854158,7.15577726993931,6.070893905061157,-0.420376129370081,9.479698986427868,-0.12664874782280833,3.0731998601625112,0.07216702322939184,0.0608144104480743,6.480990409851074,-0.41009650478991766,6.509597301483154,-0.5328586511886302,0.0324999988079071,6.534070014953613,-0.6720922516626304,0.0209257490932941,6.534070014953613,-0.7995230376103626,0.0209257490932941,6.431342601776123,-0.8296559850275482,-0.0093065612018108,-39.65706584750585,0.0
587,14.675,1.7543337632372828e+18,1.5073875286956555,7.150268972628583,6.137778718482467,-0.3436743997561104,9.478561125564084,-0.10840778406534862,2.0116372815919394,0.09774788902885505,0.0999503210186958,6.414504051208496,-0.27672533272602884,6.480990409851074,-0.41009650478991766,0.0608144104480743,6.509597301483154,-0.5328586511886302,0.0324999988079071,6.534070014953613,-0.6720922516626304,0.0209257490932941,6.534070014953613,-0.7995230376103626,0.0209257490932941,-39.37605014802936,0.0
588,14.700000000000001,1.7543337632622828e+18,1.3446809344569406,7.1503690827333335,6.174023901320892,-0.28671739856609657,9.474140831634529,-0.03675372690865167,0.9274617426928405,0.12088460394550023,0.132475346326828,6.345060348510742,-0.17103644718985045,6.414504051208496,-0.27672533272602884,0.0999503210186958,6.480990409851074,-0.41009650478991766,0.0608144104480743,6.509597301483154,-0.5328586511886302,0.0324999988079071,6.534070014953613,-0.6720922516626304,0.0209257490932941,-38.87360186996337,0.0
589,14.725000000000001,1.7543337632872827e+18,1.104959247267832,7.142486805861393,6.180679447696476,-0.25170189710015595,9.472679328385093,0.09147529684143299,-0.06463175965659014,0.1392684380191723,0.1561238765716552,6.273166179656982,-0.0924867319605065,6.345060348510742,-0.17103644718985045,0.132475346326828,6.414504051208496,-0.27672533272602884,0.0999503210186958,6.480990409851074,-0.41009650478991766,0.0608144104480743,6.509597301483154,-0.5328586511886302,0.0324999988079071,-38.21490929156867,0.0
590,14.750000000000002,1.7543337633122826e+18,1.0453029237273368,7.139307461030295,6.162909442576301,-0.2372956874889676,9.472224791897467,0.27250247727626875,-0.8678799804218823,0.1516490887957,0.1486154645681381,6.236019134521484,-0.07310969194518346,6.273166179656982,-0.0924867319605065,0.1561238765716552,6.345060348510742,-0.17103644718985045,0.132475346326828,6.414504051208496,-0.27672533272602884,0.0999503210186958,6.480990409851074,-0.41009650478991766,0.0608144104480743,-37.51467411372323,0.0
591,14.775,1.7543337633372828e+18,0.8708785446354943,7.146214306467102,6.128454719185701,-0.24077855866924977,9.476845593786042,0.4937629361457063,-1.4224420394342026,0.15806463414414726,0.1624999940395355,6.19795036315918,-0.06949564397347885,6.236019134521484,-0.07310969194518346,0.1486154645681381,6.273166179656982,-0.0924867319605065,0.1561238765716552,6.345060348510742,-0.17103644718985045,0.132475346326828,6.414504051208496,-0.27672533272602884,0.0999503210186958,-36.87995958250882,0.0
592,14.8,1.7543337633622828e+18,0.7537247455272711,7.1406739161013375,6.085568234224771,-0.2597003463419718,9.477883854710436,0.7344734281313916,-1.714827413420743,0.159648490689626,0.1462499946355819,6.159493923187256,-0.0739256889624853,6.19795036315918,-0.06949564397347885,0.1624999940395355,6.236019134521484,-0.07310969194518346,0.1486154645681381,6.273166179656982,-0.0924867319605065,0.1561238765716552,6.345060348510742,-0.17103644718985045,0.132475346326828,-36.30240431263957,0.0
593,14.825000000000001,1.7543337633872827e+18,0.5493120386620278,7.134826625921953,6.041187324408953,-0.2926714044468183,9.51314010638018,0.96921663174523,-1.7757448717689024,0.15814223236412822,0.1462499946355819,6.08139705657959,-0.04020973217063695,6.159493923187256,-0.0739256889624853,0.1462499946355819,6.19795036315918,-0.06949564397347885,0.1624999940395355,6.236019134521484,-0.07310969194518346,0.1486154645681381,6.273166179656982,-0.0924867319605065,0.1561238765716552,-35.82536847015365,0.0
594,14.850000000000001,1.754333763412283e+18,0.4186577168668197,7.128438869572635,5.999852506690593,-0.3394311436793154,9.527926419506995,1.1737416729821941,-1.6680571539537237,0.1553484158273732,0.1624999940395355,5.996464252471924,0.0033882542186693954,6.08139705657959,-0.04020973217063695,0.1462499946355819,6.159493923187256,-0.0739256889624853,0.1462499946355819,6.19795036315918,-0.06949564397347885,0.1624999940395355,6.236019134521484,-0.07310969194518346,0.1486154645681381,-35.372516370955424,0.0
595,14.875000000000002,1.7543337634372828e+18,0.2386422007686515,7.120363992419214,5.963531690208401,-0.4003817339033254,9.567941134981726,1.3308592354839341,-1.4693175392751836,0.1527191949006231,0.1624999940395355,5.955124378204346,0.008407312004055534,5.996464252471924,0.0033882542186693954,0.1624999940395355,6.08139705657959,-0.04020973217063695,0.1462499946355819,6.159493923187256,-0.0739256889624853,0.1462499946355819,6.19795036315918,-0.06949564397347885,0.1624999940395355,-35.218205499627814,0.0
596,14.9,1.7543337634622828e+18,0.1200753121441606,7.112401756677256,5.9321645201348225,-0.4755991162857608,9.588525882884943,1.4340818800622301,-1.2543236016399866,0.15114974763200423,0.1462499946355819,5.880413055419922,0.05175146471490066,5.955124378204346,0.008407312004055534,0.1624999940395355,5.996464252471924,0.0033882542186693954,0.1624999940395355,6.08139705657959,-0.04020973217063695,0.1462499946355819,6.159493923187256,-0.0739256889624853,0.1462499946355819,-35.05478177018578,0.0
597,14.925,1.7543337634872827e+18,-0.031181352896342,7.094537170128502,5.904501657263108,-0.5633887063585951,9.634384777538887,1.4877727026967973,-1.0821525988514822,0.1509417454533768,0.1462499946355819,5.880413055419922,0.024088601843185842,5.880413055419922,0.05175146471490066,0.1462499946355819,5.955124378204346,0.008407312004055534,0.1624999940395355,5.996464252471924,0.0033882542186693954,0.1624999940395355,6.08139705657959,-0.04020973217063695,0.1462499946355819,-34.932395492379975,0.0
598,14.950000000000001,1.7543337635122826e+18,-0.1491616195214988,7.081993712782393,5.878817825028304,-0.6588651393962675,9.660343769192941,1.5042078577997025,-0.9898965486295269,0.15188461540569276,0.1462499946355819,5.814889907836914,0.06392791719139002,5.880413055419922,0.024088601843185842,0.1462499946355819,5.880413055419922,0.05175146471490066,0.1462499946355819,5.955124378204346,0.008407312004055534,0.1624999940395355,5.996464252471924,0.0033882542186693954,0.1624999940395355,-35.013932779542195,0.0
599,14.975000000000001,1.7543337635372828e+18,-0.404690267677434,7.039051021581914,5.853313249369319,-0.7534199224999386,9.72374923612497,1.4990629331295933,-0.9928177734608783,0.15342814153438367,0.1624999940395355,5.814889907836914,0.0384233415324049,5.814889907836914,0.06392791719139002,0.1462499946355819,5.880413055419922,0.024088601843185842,0.1462499946355819,5.880413055419922,0.05175146471490066,0.1462499946355819,5.955124378204346,0.008407312004055534,0.1624999940395355,-35.19697092657509,0.0
600,15.000000000000002,1.7543337635622828e+18,-0.5277139891387956,7.01581663271882,5.826264699627317,-0.8358026040905949,9.758690606607283,1.4869361033566875,-1.0888204605840914,0.15491449842576208,0.1624999940395355,5.696968078613281,0.12929662101403583,5.814889907836914,0.0384233415324049,0.1624999940395355,5.814889907836914,0.06392791719139002,0.1462499946355819,5.880413055419922,0.024088601843185842,0.1462499946355819,5.880413055419922,0.05175146471490066,0.1462499946355819,-35.25576896381367,0.0
601,15.025,1.7543337635872827e+18,-0.6426685165141142,6.989782660873971,5.79606782015281,-0.8948548944072441,9.789886799989189,1.4780037876170151,-1.2644631437135323,0.15580128525719988,0.1462499946355819,5.6042022705078125,0.1918655496449979,5.696968078613281,0.12929662101403583,0.1624999940395355,5.814889907836914,0.0384233415324049,0.1624999940395355,5.814889907836914,0.06392791719139002,0.1462499946355819,5.880413055419922,0.024088601843185842,0.1462499946355819,-35.21110123439247,0.0
602,15.05,1.754333763612283e+18,-0.8297925499644339,6.939464352561285,5.76126988812715,-0.9231263547664945,9.836655833914357,1.4764582015272403,-1.5001766435478203,0.15579989273629666,0.1624999940395355,5.55407190322876,0.20719798489839025,5.6042022705078125,0.1918655496449979,0.1462499946355819,5.696968078613281,0.12929662101403583,0.1624999940395355,5.814889907836914,0.0384233415324049,0.1624999940395355,5.814889907836914,0.06392791719139002,0.1462499946355819,-35.234704984733575,0.0
603,15.075000000000001,1.7543337636372828e+18,-0.9283182844056664,6.902863193552811,5.720647121729916,-0.9200508369606066,9.863822250037703,1.4811087044916256,-1.7734732996987217,0.15489838153864574,0.1462499946355819,5.442553043365479,0.278094078364437,5.55407190322876,0.20719798489839025,0.1624999940395355,5.6042022705078125,0.1918655496449979,0.1462499946355819,5.696968078613281,0.12929662101403583,0.1624999940395355,5.814889907836914,0.0384233415324049,0.1624999940395355,-35.139491274056994,0.0
604,15.100000000000001,1.7543337636622828e+18,-1.080294064057433,6.852220223436348,5.67335093197291,-0.8933042038170697,9.90288601261644,1.4879635331864838,-2.0601763027905884,0.15329166094747174,0.1624999940395355,5.393991947174072,0.27935898479883736,5.442553043365479,0.278094078364437,0.1462499946355819,5.55407190322876,0.20719798489839025,0.1624999940395355,5.6042022705078125,0.1918655496449979,0.1462499946355819,5.696968078613281,0.12929662101403583,0.1624999940395355,-35.02936310930129,0.0
605,15.125000000000002,1.7543337636872827e+18,-1.1793081845175457,6.810010792443864,5.619092788775279,-0.8575970934566066,9.931177748481641,1.493687357446237,-2.3346023565647993,0.1512618989733196,0.1462499946355819,5.349052906036377,0.2700398827389021,5.393991947174072,0.27935898479883736,0.1624999940395355,5.442553043365479,0.278094078364437,0.1462499946355819,5.55407190322876,0.20719798489839025,0.1624999940395355,5.6042022705078125,0.1918655496449979,0.1462499946355819,-34.879712964576015,0.0
606,15.15,1.7543337637122826e+18,-1.3545642794716577,6.7416820195498754,5.558284529432549,-0.8313438210098112,9.985129086915315,1.49822170776844,-2.5699632944444923,0.1490460131352101,0.1531882882118225,5.301349639892578,0.2569348895399708,5.349052906036377,0.2700398827389021,0.1462499946355819,5.393991947174072,0.27935898479883736,0.1624999940395355,5.442553043365479,0.278094078364437,0.1462499946355819,5.55407190322876,0.20719798489839025,0.1624999940395355,-34.70694664843619,0.0
607,15.175,1.7543337637372828e+18,-1.4549071799028763,6.692136030329117,5.492066287860936,-0.8326288338681563,10.016779913877485,1.5051337831600686,-2.7400148558156507,0.146724017861181,0.1413750052452087,5.248806476593018,0.24325981126791874,5.301349639892578,0.2569348895399708,0.1531882882118225,5.349052906036377,0.2700398827389021,0.1462499946355819,5.393991947174072,0.27935898479883736,0.1624999940395355,5.442553043365479,0.278094078364437,0.1462499946355819,-34.44800104045765,0.0
608,15.200000000000001,1.7543337637622828e+18,-1.596105519013368,6.634982245666448,5.422224450412606,-0.875857437974416,10.060273488567969,1.5193953478528068,-2.8223409194194304,0.14417001147343259,0.1370491832494735,5.146114826202393,0.27610962421021323,5.248806476593018,0.24325981126791874,0.1413750052452087,5.301349639892578,0.2569348895399708,0.1531882882118225,5.349052906036377,0.2700398827389021,0.1462499946355819,5.393991947174072,0.27935898479883736,0.1624999940395355,-34.11928301022449,0.0
609,15.225000000000001,1.7543337637872827e+18,-1.716169906900646,6.565706446632606,5.351042167089635,-0.9694829657316716,10.101454870963625,1.5437798785911947,-2.8028602676590357,0.14110670112415385,0.1420292854309082,5.097426414489746,0.253615752599889,5.146114826202393,0.27610962421021323,0.1370491832494735,5.248806476593018,0.24325981126791874,0.1413750052452087,5.301349639892578,0.2569348895399708,0.1531882882118225,5.349052906036377,0.2700398827389021,0.1462499946355819,-33.78462124550992,0.0
610,15.250000000000002,1.754333763812283e+18,-1.84465244341171,6.474375405301652,5.281099326355145,-1.1142718553009703,10.138663096424427,1.5760137958888982,-2.6804275883996445,0.13726943124821633,0.1429713815450668,4.998316287994385,0.28278303836076013,5.097426414489746,0.253615752599889,0.1420292854309082,5.146114826202393,0.27610962421021323,0.1370491832494735,5.248806476593018,0.24325981126791874,0.1413750052452087,5.301349639892578,0.2569348895399708,0.1531882882118225,-33.330263783581785,0.0
611,15.275,1.7543337638372828e+18,-1.9326106679411843,6.413865972468403,5.214995298973611,-1.3017318708218628,10.167985988754296,1.6084200025999156,-2.469987741034838,0.13261905424650405,0.1413750052452087,4.948822021484375,0.26617327748923625,4.998316287994385,0.28278303836076013,0.1429713815450668,5.097426414489746,0.253615752599889,0.1420292854309082,5.146114826202393,0.27610962421021323,0.1370491832494735,5.248806476593018,0.24325981126791874,0.1413750052452087,-32.88449545007874,0.0
612,15.3,1.7543337638622828e+18,-2.1585909038837627,6.283061893347626,5.1549669244980825,-1.5134298414806737,10.248608438690102,1.6302559109502992,-2.202792114838532,0.12748928243804658,0.1267500072717666,4.948822021484375,0.20614490301370747,4.948822021484375,0.26617327748923625,0.1413750052452087,4.998316287994385,0.28278303836076013,0.1429713815450668,5.097426414489746,0.253615752599889,0.1420292854309082,5.146114826202393,0.27610962421021323,0.1370491832494735,-32.404902714030996,0.0
613,15.325000000000001,1.7543337638872827e+18,-2.1585909038837627,6.283061893347626,5.10243415868908,-1.722622375350017,10.248608438690102,1.6315178361416576,-1.9227611598330099,0.12256689638967133,0.1223611682653427,4.948822021484375,0.15361213720470523,4.948822021484375,0.20614490301370747,0.1267500072717666,4.948822021484375,0.26617327748923625,0.1413750052452087,4.998316287994385,0.28278303836076013,0.1429713815450668,5.097426414489746,0.253615752599889,0.1420292854309082,-31.868179632917894,0.0
614,15.350000000000001,1.7543337639122826e+18,-2.2966797728381065,6.174888211178126,5.057584467040253,-1.8989535359237035,10.31396230116598,1.6066164272703691,-1.679095141971158,0.11868754186958913,0.1169999986886978,4.759773254394531,0.29781121264572175,4.948822021484375,0.15361213720470523,0.1223611682653427,4.948822021484375,0.20614490301370747,0.1267500072717666,4.948822021484375,0.26617327748923625,0.1413750052452087,4.998316287994385,0.28278303836076013,0.1429713815450668,-31.206794000255847,0.0
615,15.375000000000002,1.7543337639372828e+18,-2.452792167129447,6.053417246789163,5.019140316421038,-2.0154901173982176,10.36663773625415,1.5567375807776929,-1.516442751589035,0.11653243250316084,0.1072499975562095,4.759773254394531,0.2593670620265067,4.759773254394531,0.29781121264572175,0.1169999986886978,4.948822021484375,0.15361213720470523,0.1223611682653427,4.948822021484375,0.20614490301370747,0.1267500072717666,4.948822021484375,0.26617327748923625,0.1413750052452087,-30.302533651242044,0.0
616,15.4,1.7543337639622828e+18,-2.452792167129447,6.053417246789163,4.984432448852816,-2.0562110248698553,10.36663773625415,1.490079530292229,-1.4649491224228486,0.11636857059603986,0.1121250018477439,4.713517665863037,0.2709147829897791,4.759773254394531,0.2593670620265067,0.1072499975562095,4.759773254394531,0.29781121264572175,0.1169999986886978,4.948822021484375,0.15361213720470523,0.1223611682653427,4.948822021484375,0.20614490301370747,0.1267500072717666,-29.423725915207353,0.0
617,15.425,1.7543337639872827e+18,-2.5335202169943605,5.971700830373802,4.949849323098251,-2.0216341826133903,10.403935898240134,1.419472978856241,-1.5329181208447171,0.11795709832580414,0.1255110800266266,4.621340751647949,0.32850857145030155,4.713517665863037,0.2709147829897791,0.1121250018477439,4.759773254394531,0.2593670620265067,0.1072499975562095,4.759773254394531,0.29781121264572175,0.1169999986886978,4.948822021484375,0.15361213720470523,0.1223611682653427,-28.396286021922254,0.0
618,15.450000000000001,1.754333764012283e+18,-2.609106412146612,5.8975336272181735,4.911632003170504,-1.930407257972372,10.435265785622244,1.3578211768329775,-1.7043791580178673,0.12067252702165024,0.1144731789827346,4.575145244598389,0.3364867585721152,4.621340751647949,0.32850857145030155,0.1255110800266266,4.713517665863037,0.2709147829897791,0.1121250018477439,4.759773254394531,0.2593670620265067,0.1072499975562095,4.759773254394531,0.29781121264572175,0.1169999986886978,-27.32776056885033,0.0
619,15.475000000000001,1.7543337640372828e+18,-2.7565395168159714,5.760235612739654,4.866826517216716,-1.8155262504748328,10.487395051997684,1.3132332914120208,-1.9425731155874284,0.12377482947342386,0.135556936264038,4.528940200805664,0.33788631641105216,4.575145244598389,0.3364867585721152,0.1144731789827346,4.621340751647949,0.32850857145030155,0.1255110800266266,4.713517665863037,0.2709147829897791,0.1121250018477439,4.759773254394531,0.2593670620265067,0.1072499975562095,-26.282130392639818,0.0
620,15.500000000000002,1.7543337640622828e+18,-2.8118023829825063,5.68164952507486,4.814077249550616,-1.7156128072282701,10.51662828527665,1.2863282439376744,-2.1986251381365842,0.12671143973068588,0.1267500072717666,4.436233043670654,0.3778442058799616,4.528940200805664,0.33788631641105216,0.135556936264038,4.575145244598389,0.3364867585721152,0.1144731789827346,4.621340751647949,0.32850857145030155,0.1255110800266266,4.713517665863037,0.2709147829897791,0.1121250018477439,-25.270549315537775,0.0
621,15.525,1.7543337640872827e+18,-2.938935456165926,5.518636256930588,4.753953306279118,-1.6639344189240444,10.576343014898574,1.271073933927993,-2.4230501416197683,0.1293256517834025,0.1243048310279846,4.436233043670654,0.3177202626084634,4.436233043670654,0.3778442058799616,0.1267500072717666,4.528940200805664,0.33788631641105216,0.135556936264038,4.575145244598389,0.3364867585721152,0.1144731789827346,4.621340751647949,0.32850857145030155,0.1255110800266266,-24.449736798262627,0.0
622,15.55,1.7543337641122826e+18,-2.938935456165926,5.518636256930588,4.688666268111233,-1.6792559623648025,10.576343014898574,1.2585139182751803,-2.576848051257465,0.13190023563090225,0.1381164789199829,4.436233043670654,0.2524332244405789,4.436233043670654,0.3177202626084634,0.1243048310279846,4.436233043670654,0.3778442058799616,0.1267500072717666,4.528940200805664,0.33788631641105216,0.135556936264038,4.575145244598389,0.3364867585721152,0.1144731789827346,-23.763896409513134,0.0
623,15.575000000000001,1.7543337641372828e+18,-3.1290942174708265,5.217662553202799,4.621288570366402,-1.7619261420107246,10.66947359703752,1.2413034834751573,-2.639147824523024,0.1350344857846826,0.1365000009536743,4.343276500701904,0.27801206966449765,4.436233043670654,0.2524332244405789,0.1381164789199829,4.436233043670654,0.3177202626084634,0.1243048310279846,4.436233043670654,0.3778442058799616,0.1267500072717666,4.528940200805664,0.33788631641105216,0.135556936264038,-23.483687263307125,0.0
624,15.600000000000001,1.7543337641622828e+18,-3.1290942174708265,5.217662553202799,4.554800695966941,-1.8959967635022477,10.66947359703752,1.2168700208603536,-2.6095861651162817,0.1394084219844928,0.1365000009536743,4.296603202819824,0.25819749314711693,4.343276500701904,0.27801206966449765,0.1365000009536743,4.436233043670654,0.2524332244405789,0.1381164789199829,4.436233043670654,0.3177202626084634,0.1243048310279846,4.436233043670654,0.3778442058799616,0.1267500072717666,-23.262985234409975,0.0
625,15.625000000000002,1.7543337641872827e+18,-3.1290942174708265,5.217662553202799,4.491357997574198,-2.0553497592239554,10.66947359703752,1.1880199479305038,-2.505380701085766,0.14552346051068316,0.1276522576808929,4.296603202819824,0.19475479475437396,4.296603202819824,0.25819749314711693,0.1365000009536743,4.343276500701904,0.27801206966449765,0.1365000009536743,4.436233043670654,0.2524332244405789,0.1381164789199829,4.436233043670654,0.3177202626084634,0.1243048310279846,-23.124640813254864,0.0
626,15.65,1.754333764212283e+18,-3.1985243760830704,5.078174764591108,4.432005515568045,-2.21063458558429,10.70793083440963,1.1611894000559477,-2.3546925901595697,0.15352236887204443,0.1613793075084686,4.201496601104736,0.230508914463309,4.296603202819824,0.19475479475437396,0.1276522576808929,4.296603202819824,0.25819749314711693,0.1365000009536743,4.343276500701904,0.27801206966449765,0.1365000009536743,4.436233043670654,0.2524332244405789,0.1381164789199829,-23.072719819013894,0.0
627,15.675,1.7543337642372828e+18,-3.264524776304106,4.979191224708507,4.376793725162628,-2.334688873253287,10.732544571336671,1.1435487686021553,-2.1887752208660207,0.16315852938722925,0.1774300187826156,4.152318000793457,0.22447572436917085,4.201496601104736,0.230508914463309,0.1613793075084686,4.296603202819824,0.19475479475437396,0.1276522576808929,4.296603202819824,0.25819749314711693,0.1365000009536743,4.343276500701904,0.27801206966449765,0.1365000009536743,-23.00456300411051,0.0
628,15.700000000000001,1.7543337642622828e+18,-3.307978526898167,4.859369230908637,4.325096153643825,-2.4058166458534216,10.767625214000628,1.1405003310278423,-2.0353162317880686,0.17390178226910175,0.1619461625814438,4.152318000793457,0.17277815285036802,4.152318000793457,0.22447572436917085,0.1774300187826156,4.201496601104736,0.230508914463309,0.1613793075084686,4.296603202819824,0.19475479475437396,0.1276522576808929,4.296603202819824,0.25819749314711693,0.1365000009536743,-23.04979204418111,0.0
629,15.725000000000001,1.7543337642872827e+18,-3.358593222228426,4.745088589789229,4.275970356125907,-2.409524401381897,10.793020286707488,1.1546954211763487,-1.9144592142899368,0.18509655198277347,0.1931559741497039,3.993905782699585,0.28206457342632163,4.152318000793457,0.17277815285036802,0.1619461625814438,4.152318000793457,0.22447572436917085,0.1774300187826156,4.201496601104736,0.230508914463309,0.1613793075084686,4.296603202819824,0.19475479475437396,0.1276522576808929,-23.065840205839173,0.0
630,15.750000000000002,1.7543337643122826e+18,-3.358593222228426,4.745088589789229,4.228479044663332,-2.339632666839723,10.793020286707488,1.1866385256266803,-1.8377108918207679,0.19608941294970347,0.1931559741497039,3.993905782699585,0.23457326196374684,3.993905782699585,0.28206457342632163,0.1931559741497039,4.152318000793457,0.17277815285036802,0.1619461625814438,4.152318000793457,0.22447572436917085,0.1774300187826156,4.201496601104736,0.230508914463309,0.1613793075084686,-23.068254941924266,0.0
631,15.775,1.7543337643372828e+18,-3.395028943224654,4.625045225592787,4.181890938690314,-2.1991534583535084,10.834386580251515,1.235836895406943,-1.8088608414920067,0.2062991452463075,0.2067672461271286,3.93703293800354,0.244858000686774,3.993905782699585,0.23457326196374684,0.1931559741497039,3.993905782699585,0.28206457342632163,0.1931559741497039,4.152318000793457,0.17277815285036802,0.1619461625814438,4.152318000793457,0.22447572436917085,0.1774300187826156,-23.025055078421587,0.0
632,15.8,1.7543337643622828e+18,-3.4230041447288317,4.520864438062235,4.135682379026623,-2.000398273816111,10.866851589244137,1.3012626299354333,-1.825580841976548,0.21525212987854014,0.2067672461271286,3.8781588077545166,0.257523571272106,3.93703293800354,0.244858000686774,0.2067672461271286,3.993905782699585,0.23457326196374684,0.1931559741497039,3.993905782699585,0.28206457342632163,0.1931559741497039,4.152318000793457,0.17277815285036802,0.1619461625814438,-22.90561375313693,0.0
633,15.825000000000001,1.7543337643872827e+18,-3.451465494789184,4.406265630935412,4.089355554821952,-1.7634391447655686,10.901724070305045,1.3808674333451993,-1.8806426737077981,0.2226207733354334,0.2218965590000152,3.8174502849578857,0.2719052698640665,3.8781588077545166,0.257523571272106,0.2067672461271286,3.93703293800354,0.244858000686774,0.2067672461271286,3.993905782699585,0.23457326196374684,0.1931559741497039,3.993905782699585,0.28206457342632163,0.1931559741497039,-22.71407957777142,0.0
634,15.850000000000001,1.754333764412283e+18,-3.472319108365247,4.276353350869238,4.042237955473481,-1.5128273702626742,10.94078840385129,1.47101150288808,-1.9624730481414536,0.22828207592785105,0.2465517222881317,3.754849672317505,0.287388283155976,3.8174502849578857,0.2719052698640665,0.2218965590000152,3.8781588077545166,0.257523571272106,0.2067672461271286,3.93703293800354,0.244858000686774,0.2067672461271286,3.993905782699585,0.23457326196374684,0.1931559741497039,-22.46552787842035,0.0
635,15.875000000000002,1.7543337644372828e+18,-3.483215595625513,4.226220825912369,3.993473257447816,-1.2735272776222728,10.965763284507403,1.5667992872535792,-2.0555984598149246,0.23237035697480077,0.2218965590000152,3.6906075477600098,0.302865709687806,3.754849672317505,0.287388283155976,0.2465517222881317,3.8174502849578857,0.2719052698640665,0.2218965590000152,3.8781588077545166,0.257523571272106,0.2067672461271286,3.93703293800354,0.244858000686774,0.2067672461271286,-22.149997375463713,0.0
636,15.9,1.7543337644622828e+18,-3.4951201078532046,4.120648805522575,3.9422753449452888,-1.0672062384307393,11.004483243846499,1.663448408293916,-2.1419482510474395,0.23527226301188872,0.2370258569717407,3.624704599380493,0.3175707455647956,3.6906075477600098,0.302865709687806,0.2218965590000152,3.754849672317505,0.287388283155976,0.2465517222881317,3.8174502849578857,0.2719052698640665,0.2218965590000152,3.8781588077545166,0.257523571272106,0.2067672461271286,-21.78972908957142,0.0
637,15.925,1.7543337644872827e+18,-3.508050087577256,4.0124967395347575,3.888318092886132,-0.9095244335555129,11.047209803747494,1.7577839473784382,-2.203720009870512,0.2375389183470151,0.2370258569717407,3.486940622329712,0.40137747055642015,3.624704599380493,0.3175707455647956,0.2370258569717407,3.6906075477600098,0.302865709687806,0.2218965590000152,3.754849672317505,0.287388283155976,0.2465517222881317,3.8174502849578857,0.2719052698640665,0.2218965590000152,-21.322813574032953,0.0
638,15.950000000000001,1.7543337645122826e+18,-3.5054500606324144,3.8703612810901262,3.8320398492933676,-0.8087657622922522,11.120269836580565,1.8485875272777244,-2.227658988655801,0.23974688482898524,0.2370258569717407,3.486940622329712,0.3450992269636557,3.486940622329712,0.40137747055642015,0.2370258569717407,3.624704599380493,0.3175707455647956,0.2370258569717407,3.6906075477600098,0.302865709687806,0.2218965590000152,3.754849672317505,0.287388283155976,0.2465517222881317,-20.863524946940586,0.0
639,15.975000000000001,1.7543337645372828e+18,-3.5057212234343584,3.83098392642662,3.774673496954997,-0.7660578808527451,11.140075230247682,1.9353059803748738,-2.2095785667369414,0.24237176779094585,0.2370258569717407,3.414787530899048,0.35988596605594925,3.486940622329712,0.3450992269636557,0.2370258569717407,3.486940622329712,0.40137747055642015,0.2370258569717407,3.624704599380493,0.3175707455647956,0.2370258569717407,3.6906075477600098,0.302865709687806,0.2218965590000152,-20.273763012574207,0.0
640,16.0,1.7543337645622828e+18,-3.503076462870496,3.624785048669637,3.717918140525369,-0.7770259074633142,11.244751684795132,2.016091998595871,-2.157299808870641,0.24572491781555128,0.2521551847457886,3.340594291687012,0.377323848838357,3.414787530899048,0.35988596605594925,0.2370258569717407,3.486940622329712,0.3450992269636557,0.2370258569717407,3.486940622329712,0.40137747055642015,0.2370258569717407,3.624704599380493,0.3175707455647956,0.2370258569717407,-19.66297500268095,0.0
641,16.025000000000002,1.7543337645872827e+18,-3.503076462870496,3.624785048669637,3.6633269331419913,-0.8341063534673346,11.244751684795132,2.0868990867116253,-2.090326196757264,0.24996219007121895,0.2521551847457886,3.340594291687012,0.32273264145497915,3.340594291687012,0.377323848838357,0.2521551847457886,3.414787530899048,0.35988596605594925,0.2370258569717407,3.486940622329712,0.3450992269636557,0.2370258569717407,3.486940622329712,0.40137747055642015,0.2370258569717407,-19.041153166973036,0.0
642,16.05,1.754333764612283e+18,-3.4799977614807034,3.5000167906324946,3.611645270296049,-0.9284581549785025,11.32583904282824,2.142525463251012,-2.0355550036618077,0.25513143941534433,0.2521551847457886,3.2644660472869877,0.3471792230090611,3.340594291687012,0.32273264145497915,0.2521551847457886,3.340594291687012,0.377323848838357,0.2521551847457886,3.414787530899048,0.35988596605594925,0.2370258569717407,3.486940622329712,0.3450992269636557,0.2370258569717407,-18.411253194254932,0.0
643,16.075,1.7543337646372828e+18,-3.4696134790603006,3.4269419465962154,3.562388824850478,-1.0507305205846111,11.37077629553693,2.1789604035939263,-2.0198147599135745,0.2612088283479124,0.267284482717514,3.1870787143707275,0.3753101104797505,3.2644660472869877,0.3471792230090611,0.2521551847457886,3.340594291687012,0.32273264145497915,0.2521551847457886,3.340594291687012,0.377323848838357,0.2521551847457886,3.414787530899048,0.35988596605594925,0.2370258569717407,-17.703609030403584,0.0
644,16.1,1.7543337646622828e+18,-3.439086733955816,3.2763681967685305,3.513861336027788,-1.1907341866899948,11.4512624501588,2.1955794235773194,-2.0613955779573936,0.26809383582977486,0.267284482717514,3.1087656021118164,0.40509573391597176,3.1870787143707275,0.3753101104797505,0.267284482717514,3.2644660472869877,0.3471792230090611,0.2521551847457886,3.340594291687012,0.32273264145497915,0.2521551847457886,3.340594291687012,0.377323848838357,0.2521551847457886,-17.000854276138963,0.0
645,16.125,1.7543337646872827e+18,-3.439086733955816,3.2763681967685305,3.463641367053077,-1.3368145461896925,11.4512624501588,2.19603712579049,-2.1633924815142027,0.27557388911695624,0.267284482717514,3.1087656021118164,0.3548757649412604,3.1087656021118164,0.40509573391597176,0.267284482717514,3.1870787143707275,0.3753101104797505,0.267284482717514,3.2644660472869877,0.3471792230090611,0.2521551847457886,3.340594291687012,0.32273264145497915,0.2521551847457886,-16.306699875675072,0.0
646,16.150000000000002,1.7543337647122826e+18,-3.4106050638667504,3.163368594798278,3.409389290899414,-1.4759120686367235,11.523358661392619,2.1875019942522385,-2.3112761261169847,0.2833067331196336,0.2824137806892395,2.9506938457489014,0.4586954451505125,3.1087656021118164,0.3548757649412604,0.267284482717514,3.1087656021118164,0.40509573391597176,0.267284482717514,3.1870787143707275,0.3753101104797505,0.267284482717514,3.2644660472869877,0.3471792230090611,0.2521551847457886,-15.462740659919566,0.0
647,16.175,1.7543337647372828e+18,-3.3739534378262555,3.099653161052579,3.3496870582153306,-1.5948329525969178,11.578177076991693,2.1786006457070397,-2.475743164590466,0.2908777314964346,0.2824137806892395,2.9506938457489014,0.39899321246642927,2.9506938457489014,0.4586954451505125,0.2824137806892395,3.1087656021118164,0.3548757649412604,0.267284482717514,3.1087656021118164,0.40509573391597176,0.267284482717514,3.1870787143707275,0.3753101104797505,0.267284482717514,-14.631437489814406,0.0
648,16.2,1.7543337647622828e+18,-3.345025041979305,3.02657707521724,3.284580337717456,-1.6825137853043042,11.63043174731499,2.1769327940987475,-2.620087334884072,0.29794979301570784,0.3126724064350128,2.883214235305786,0.4013661024116697,2.9506938457489014,0.39899321246642927,0.2824137806892395,2.9506938457489014,0.4586954451505125,0.2824137806892395,3.1087656021118164,0.3548757649412604,0.267284482717514,3.1087656021118164,0.40509573391597176,0.267284482717514,-13.835264703435218,0.0
649,16.225,1.7543337647872827e+18,-3.2776971387146894,2.9000581691464493,3.215598671628447,-1.7324467078139714,11.726890444376084,2.1871585333742454,-2.7097704448962543,0.3044443528527562,0.3126724064350128,2.883214235305786,0.3323844363226609,2.883214235305786,0.4013661024116697,0.3126724064350128,2.9506938457489014,0.39899321246642927,0.2824137806892395,2.9506938457489014,0.4586954451505125,0.2824137806892395,3.1087656021118164,0.3548757649412604,0.267284482717514,-13.058413658189226,0.0
650,16.25,1.754333764812283e+18,-3.2049782766194124,2.833045462467428,3.145270589759566,-1.7441691411444338,11.804866560834014,2.210250842984875,-2.7211520220266543,0.3106300208038144,0.3126724064350128,2.7816176414489746,0.3636529483105915,2.883214235305786,0.3323844363226609,0.3126724064350128,2.883214235305786,0.4013661024116697,0.3126724064350128,2.9506938457489014,0.39899321246642927,0.2824137806892395,2.9506938457489014,0.4586954451505125,0.2824137806892395,-12.201586980108436,0.0
651,16.275000000000002,1.7543337648372828e+18,-3.19588703467136,2.819379290781657,3.0763966240951266,-1.7230138870404448,11.816876564133041,2.243744063403682,-2.646700277607087,0.3170193421129939,0.3126724064350128,2.7478299140930176,0.328566710002109,2.7816176414489746,0.3636529483105915,0.3126724064350128,2.883214235305786,0.3323844363226609,0.3126724064350128,2.883214235305786,0.4013661024116697,0.3126724064350128,2.9506938457489014,0.39899321246642927,0.2824137806892395,-11.333921125575646,0.0
652,16.3,1.7543337648622828e+18,-3.1819908418006104,2.774652107795379,3.011405524646447,-1.6781574378919504,11.831815326957411,2.282366397008327,-2.4952693422193395,0.3240904206767781,0.3126724064350128,2.7478299140930176,0.2635756105534295,2.7478299140930176,0.328566710002109,0.3126724064350128,2.7816176414489746,0.3636529483105915,0.3126724064350128,2.883214235305786,0.3323844363226609,0.3126724064350128,2.883214235305786,0.4013661024116697,0.3126724064350128,-10.572589762455186,0.0
653,16.325,1.7543337648872827e+18,-3.0492113888534504,2.632397627979528,2.9519665242732813,-1.6198498833163166,11.996363243646051,2.3187026633001153,-2.2876840084794576,0.331979987131471,0.3278017342090606,2.7478299140930176,0.20413661018026374,2.7478299140930176,0.2635756105534295,0.3126724064350128,2.7478299140930176,0.328566710002109,0.3126724064350128,2.7816176414489746,0.3636529483105915,0.3126724064350128,2.883214235305786,0.3323844363226609,0.3126724064350128,-9.833355998672792,0.0
654,16.35,1.7543337649122826e+18,-3.0492113888534504,2.632397627979528,2.898865931313801,-1.5569096854214817,11.996363243646051,2.344069748996259,-2.0493290921075937,0.3403365162261547,0.3278017342090606,2.7478299140930176,0.15103601722078341,2.7478299140930176,0.20413661018026374,0.3278017342090606,2.7478299140930176,0.2635756105534295,0.3126724064350128,2.7478299140930176,0.328566710002109,0.3126724064350128,2.7816176414489746,0.3636529483105915,0.3126724064350128,-9.114453370999064,0.0
655,16.375,1.7543337649372828e+18,-3.004075684993502,2.591977588545041,2.8521253761849885,-1.495161496790865,12.045319916781764,2.3499513092524373,-1.8022404923501603,0.34843823417875297,0.3810344934463501,2.7311978340148926,0.12092754217009594,2.7478299140930176,0.15103601722078341,0.3278017342090606,2.7478299140930176,0.20413661018026374,0.3278017342090606,2.7478299140930176,0.2635756105534295,0.3126724064350128,2.7478299140930176,0.328566710002109,0.3126724064350128,-8.39683257803888,0.0
656,16.400000000000002,1.7543337649622828e+18,-2.9699302286562466,2.5429182888657667,2.8113298287652415,-1.4370025805179572,12.090197830691189,2.330016526386675,-1.5591571669712032,0.355526602167761,0.3429310321807861,2.7311978340148926,0.08013199475034893,2.7311978340148926,0.12092754217009594,0.3810344934463501,2.7478299140930176,0.15103601722078341,0.3278017342090606,2.7478299140930176,0.20413661018026374,0.3278017342090606,2.7478299140930176,0.2635756105534295,0.3126724064350128,-7.775781069643154,0.0
657,16.425,1.7543337649872827e+18,-2.9136276907228744,2.496949713976749,2.7760399036975887,-1.3819719814532239,12.150801362477845,2.28227659609779,-1.3212207305912318,0.3611913042831002,0.3580603301525116,2.755547523498535,0.020492380199053528,2.7311978340148926,0.08013199475034893,0.3429310321807861,2.7311978340148926,0.12092754217009594,0.3810344934463501,2.7478299140930176,0.15103601722078341,0.3278017342090606,2.7478299140930176,0.20413661018026374,0.3278017342090606,-7.110076502830426,0.0
658,16.45,1.754333765012283e+18,-2.8540628497179625,2.4576097583759604,2.746104732235902,-1.3280682889895146,12.20915172285406,2.2105890914955357,-1.079806591907183,0.36564074283565073,0.3655238747596741,2.755547523498535,-0.009442791262633143,2.755547523498535,0.020492380199053528,0.3580603301525116,2.7311978340148926,0.08013199475034893,0.3429310321807861,2.7311978340148926,0.12092754217009594,0.3810344934463501,2.7478299140930176,0.15103601722078341,0.3278017342090606,-6.533436574423277,0.0
659,16.475,1.7543337650372828e+18,-2.7277748373732216,2.387383756315113,2.7217843446779257,-1.2735321230747167,12.33640740848586,2.1246618583219496,-0.8217159701486055,0.3697646438717319,0.3810344934463501,2.7952823638916016,-0.07349801921367582,2.755547523498535,-0.009442791262633143,0.3655238747596741,2.755547523498535,0.020492380199053528,0.3580603301525116,2.7311978340148926,0.08013199475034893,0.3429310321807861,2.7311978340148926,0.12092754217009594,0.3810344934463501,-5.923819462874389,0.0
660,16.5,1.7543337650622828e+18,-2.7277748373732216,2.387383756315113,2.703724884563603,-1.218589207289382,12.33640740848586,2.0381316610947655,-0.535987160916228,0.3749532043604006,0.3810344934463501,2.7952823638916016,-0.09155747932799851,2.7952823638916016,-0.07349801921367582,0.3810344934463501,2.755547523498535,-0.009442791262633143,0.3655238747596741,2.755547523498535,0.020492380199053528,0.3580603301525116,2.7311978340148926,0.08013199475034893,0.3429310321807861,-5.395410476773602,0.0
661,16.525000000000002,1.7543337650872827e+18,-2.665659874116918,2.365551433697664,2.6928454509360398,-1.1661756963551833,12.383233623631392,1.9651577180961617,-0.22011847784168817,0.3826669951228295,0.3810344934463501,2.928806066513061,-0.2359606155770213,2.7952823638916016,-0.09155747932799851,0.3810344934463501,2.7952823638916016,-0.07349801921367582,0.3810344934463501,2.755547523498535,-0.009442791262633143,0.3655238747596741,2.755547523498535,0.020492380199053528,0.3580603301525116,-4.998887529122952,0.0
662,16.55,1.7543337651122826e+18,-2.601484406931676,2.339983217805914,2.690119718639222,-1.1206924707256665,12.419511444914942,1.9167466619199691,0.1163762611168389,0.3938150181565745,0.4020743370056152,2.928806066513061,-0.23868634787383902,2.928806066513061,-0.2359606155770213,0.3810344934463501,2.7952823638916016,-0.09155747932799851,0.3810344934463501,2.7952823638916016,-0.07349801921367582,0.3810344934463501,2.755547523498535,-0.009442791262633143,0.3655238747596741,-4.595091733025379,0.0
663,16.575,1.7543337651372828e+18,-2.566203637479353,2.3291796948140693,2.696228327771053,-1.0850570660581562,12.446992098883047,1.8981712863572027,0.45246784676975277,0.4081176154068934,0.3810344934463501,3.026057481765747,-0.32982915399469404,2.928806066513061,-0.23868634787383902,0.4020743370056152,2.928806066513061,-0.2359606155770213,0.3810344934463501,2.7952823638916016,-0.09155747932799851,0.3810344934463501,2.7952823638916016,-0.07349801921367582,0.3810344934463501,-4.197145915398904,0.0
664,16.6,1.7543337651622828e+18,-2.500722010481276,2.316007395937683,2.7111786880500373,-1.0579598293561712,12.499335928459825,1.9083250841620683,0.7604436540659084,0.4237422754614309,0.3810344934463501,3.026057481765747,-0.3148787937157098,3.026057481765747,-0.32982915399469404,0.3810344934463501,2.928806066513061,-0.23868634787383902,0.4020743370056152,2.928806066513061,-0.2359606155770213,0.3810344934463501,2.7952823638916016,-0.09155747932799851,0.3810344934463501,-3.8537101719985722,0.0
665,16.625,1.7543337651872827e+18,-2.2790016183065207,2.2866372048871004,2.7341025883136214,-1.033566865890984,12.672160121634674,1.9409921427041432,1.0140578411475512,0.4374915797849235,0.4663140177726745,3.1384077072143555,-0.40430511890073406,3.026057481765747,-0.3148787937157098,0.3810344934463501,3.026057481765747,-0.32982915399469404,0.3810344934463501,2.928806066513061,-0.23868634787383902,0.4020743370056152,2.928806066513061,-0.2359606155770213,0.3810344934463501,-3.5152166080772957,0.0
666,16.650000000000002,1.754333765212283e+18,-2.2790016183065207,2.2866372048871004,2.7633811052331962,-1.0043009786022417,12.672160121634674,1.9872561470656018,1.1978350630340657,0.4456095915912859,0.4663140177726745,3.1384077072143555,-0.3750266019811592,3.1384077072143555,-0.40430511890073406,0.4663140177726745,3.026057481765747,-0.3148787937157098,0.3810344934463501,3.026057481765747,-0.32982915399469404,0.3810344934463501,2.928806066513061,-0.23868634787383902,0.4020743370056152,-3.1420231794194384,0.0
667,16.675,1.7543337652372828e+18,-2.2790016183065207,2.2866372048871004,2.797043962116712,-0.9649967479975784,12.672160121634674,2.0380640691376177,1.314680095977063,0.4449225169103387,0.4616964161396026,3.1384077072143555,-0.34136374509764345,3.1384077072143555,-0.3750266019811592,0.4663140177726745,3.1384077072143555,-0.40430511890073406,0.4663140177726745,3.026057481765747,-0.3148787937157098,0.3810344934463501,3.026057481765747,-0.32982915399469404,0.3810344934463501,-2.6503399154752687,0.0
668,16.7,1.7543337652622828e+18,-2.181764087424712,2.291415816210333,2.833263680510018,-0.9156088262522741,12.754081577492238,2.086316746897749,1.3889899396646401,0.43378714657355977,0.4370689690113067,3.268884420394897,-0.4356207398848788,3.1384077072143555,-0.34136374509764345,0.4616964161396026,3.1384077072143555,-0.3750266019811592,0.4663140177726745,3.1384077072143555,-0.40430511890073406,0.4663140177726745,3.026057481765747,-0.3148787937157098,0.3810344934463501,-2.332970486756924,0.0
669,16.725,1.7543337652872827e+18,-2.1344490644985594,2.313603723584813,2.870822741818865,-0.860720756669745,12.798495434414047,2.128260676861526,1.4633481254074912,0.41239506564991946,0.424514502286911,3.408074140548706,-0.5372513987298411,3.268884420394897,-0.4356207398848788,0.4370689690113067,3.1384077072143555,-0.34136374509764345,0.4616964161396026,3.1384077072143555,-0.3750266019811592,0.4663140177726745,3.1384077072143555,-0.40430511890073406,0.4663140177726745,-2.031954950136272,0.0
670,16.75,1.7543337653122826e+18,-2.059482890357785,2.325849067866214,2.9095344070106828,-0.8065308277205517,12.842268426581525,2.1639878323357427,1.5885133844638257,0.3823236491571865,0.3563793003559112,3.556581258773804,-0.6470468517631214,3.408074140548706,-0.5372513987298411,0.424514502286911,3.268884420394897,-0.4356207398848788,0.4370689690113067,3.1384077072143555,-0.34136374509764345,0.4616964161396026,3.1384077072143555,-0.3750266019811592,0.4663140177726745,-1.9245166417603086,0.0
671,16.775000000000002,1.7543337653372828e+18,-2.011963341100261,2.330950018700195,2.9505734114594095,-0.7578199288401712,12.884820951992985,2.196696359409982,1.80847431490116,0.345605639351887,0.3233515322208404,3.870647430419922,-0.9200740189605123,3.556581258773804,-0.6470468517631214,0.3563793003559112,3.408074140548706,-0.5372513987298411,0.424514502286911,3.268884420394897,-0.4356207398848788,0.4370689690113067,3.1384077072143555,-0.34136374509764345,0.4616964161396026,-2.087781002760227,0.0
672,16.8,1.7543337653622828e+18,-1.930028762827648,2.343610250737071,2.9965421395404945,-0.717200065920456,12.951497455005304,2.2305030686087544,2.144283083150106,0.3038009280518211,0.298125684261322,3.870647430419922,-0.8741052908794273,3.870647430419922,-0.9200740189605123,0.3233515322208404,3.556581258773804,-0.6470468517631214,0.3563793003559112,3.408074140548706,-0.5372513987298411,0.424514502286911,3.268884420394897,-0.4356207398848788,0.4370689690113067,-2.1103093050197548,0.0
673,16.825,1.7543337653872827e+18,-1.8113190858900048,2.393679855762265,3.0510271532466837,-0.6869870509285523,13.039352343252697,2.267206684108929,2.5815292974122572,0.25750420720462996,0.2804589867591858,4.030330181121826,-0.9793030278751425,3.870647430419922,-0.8741052908794273,0.298125684261322,3.870647430419922,-0.9200740189605123,0.3233515322208404,3.556581258773804,-0.6470468517631214,0.3563793003559112,3.408074140548706,-0.5372513987298411,0.424514502286911,-2.137948007542482,0.0
674,16.85,1.754333765412283e+18,-1.8113190858900048,2.393679855762265,3.11752689627421,-0.6719344986831821,13.039352343252697,2.3031316628363094,3.0660724208356913,0.20645834883604647,0.1949999928474426,4.151521682739258,-1.0339947864650476,4.030330181121826,-0.9793030278751425,0.2804589867591858,3.870647430419922,-0.8741052908794273,0.298125684261322,3.870647430419922,-0.9200740189605123,0.3233515322208404,3.556581258773804,-0.6470468517631214,0.3563793003559112,-2.3070615185062007,0.0
675,16.875,1.7543337654372828e+18,-1.7111957861998768,2.4409890986225635,3.197943302976244,-0.6803115279717862,13.118724479754187,2.327478502151573,3.5107792677239997,0.15014657866437528,0.1560000032186508,4.22717809677124,-1.0292347937949962,4.151521682739258,-1.0339947864650476,0.1949999928474426,4.030330181121826,-0.9793030278751425,0.2804589867591858,3.870647430419922,-0.8741052908794273,0.298125684261322,3.870647430419922,-0.9200740189605123,0.3233515322208404,-2.4689899997383153,0.0
676,16.900000000000002,1.7543337654622828e+18,-1.651579912320221,2.4627307061700137,3.2911573995446926,-0.721807427803907,13.168124671661428,2.3231687897670543,3.8128583631640547,0.0885791939437197,0.0804563611745834,4.238500118255615,-0.9473427187109227,4.22717809677124,-1.0292347937949962,0.1560000032186508,4.151521682739258,-1.0339947864650476,0.1949999928474426,4.030330181121826,-0.9793030278751425,0.2804589867591858,3.870647430419922,-0.8741052908794273,0.298125684261322,-2.461647799608236,0.0
677,16.925,1.7543337654872827e+18,-1.572616054910685,2.5002498584064883,3.3923270115821427,-0.8027331837961789,13.211474147604823,2.2701315424527464,3.8778850981925985,0.022983116466690576,0.0352178066968917,4.238500118255615,-0.8461731066734726,4.238500118255615,-0.9473427187109227,0.0804563611745834,4.22717809677124,-1.0292347937949962,0.1560000032186508,4.151521682739258,-1.0339947864650476,0.1949999928474426,4.030330181121826,-0.9793030278751425,0.2804589867591858,-2.282499181677207,0.0
678,16.95,1.7543337655122826e+18,-1.425532401528656,2.5927177870419342,3.4933371283896486,-0.9206604948299023,13.350566054339048,2.1498547016355256,3.6440213896511375,-0.04385238678154228,0.0,4.175683498382568,-0.6823463699929198,4.238500118255615,-0.8461731066734726,0.0352178066968917,4.238500118255615,-0.9473427187109227,0.0804563611745834,4.22717809677124,-1.0292347937949962,0.1560000032186508,4.151521682739258,-1.0339947864650476,0.1949999928474426,-2.04963512334435,0.0
679,16.975,1.7543337655372828e+18,-1.425532401528656,2.5927177870419342,3.5843742923642137,-1.0611035139624991,13.350566054339048,1.949530282207054,3.099319133687682,-0.1077543263797366,-0.1568614095449447,3.922311544418335,-0.3379372520541213,4.175683498382568,-0.6823463699929198,0.0,4.238500118255615,-0.8461731066734726,0.0352178066968917,4.238500118255615,-0.9473427187109227,0.0804563611745834,4.22717809677124,-1.0292347937949962,0.1560000032186508,-1.3592928336877672,0.0
680,17.0,1.7543337655622828e+18,-1.3150748572994695,2.6716262051506554,3.6561118293555257,-1.1981126269934275,13.434606501695292,1.6645766930535042,2.2867602964379876,-0.16390741399051573,-0.1568614095449447,3.922311544418335,-0.26619971506280926,3.922311544418335,-0.3379372520541213,-0.1568614095449447,4.175683498382568,-0.6823463699929198,0.0,4.238500118255615,-0.8461731066734726,0.0352178066968917,4.238500118255615,-0.9473427187109227,0.0804563611745834,-0.721163020844704,0.0
681,17.025000000000002,1.7543337655872827e+18,-1.2196543600201917,2.7414331311986797,3.7017474754325397,-1.299226513465088,13.518308720937823,1.2993336162758136,1.295335042056414,-0.20798742981798307,-0.1568614095449447,3.922311544418335,-0.22056406898579528,3.922311544418335,-0.26619971506280926,-0.1568614095449447,3.922311544418335,-0.3379372520541213,-0.1568614095449447,4.175683498382568,-0.6823463699929198,0.0,4.238500118255615,-0.8461731066734726,0.0352178066968917,0.02080287851349416,0.0
682,17.05,1.754333765612283e+18,-1.2196543600201917,2.7414331311986797,3.718255366958151,-1.3335984966177674,13.518308720937823,0.8665812093029025,0.23975858767965857,-0.23734917199914662,-0.3160344958305359,3.625900983810425,0.09235438314772626,3.922311544418335,-0.22056406898579528,-0.1568614095449447,3.922311544418335,-0.26619971506280926,-0.1568614095449447,3.922311544418335,-0.3379372520541213,-0.1568614095449447,4.175683498382568,-0.6823463699929198,0.0,0.9428132466887686,0.0
683,17.075,1.7543337656372828e+18,-1.1855058893564232,2.815719492032839,3.7065857173480152,-1.280775983177753,13.522412327713603,0.38666495886160174,-0.7651234000465493,-0.2518711518979254,-0.2633620798587799,3.4848804473876958,0.22170526996031947,3.625900983810425,0.09235438314772626,-0.3160344958305359,3.922311544418335,-0.22056406898579528,-0.1568614095449447,3.922311544418335,-0.26619971506280926,-0.1568614095449447,3.922311544418335,-0.3379372520541213,-0.1568614095449447,1.9640415542594507,0.0
684,17.1,1.7543337656622828e+18,-1.1053415870158592,2.9081732404565432,3.670925656539779,-1.1371732325259334,13.530960624362788,-0.11369386136513072,-1.627779993741086,-0.2541043750515634,-0.2465517222881317,3.3520448207855225,0.3188808357542565,3.4848804473876958,0.22170526996031947,-0.2633620798587799,3.625900983810425,0.09235438314772626,-0.3160344958305359,3.922311544418335,-0.22056406898579528,-0.1568614095449447,3.922311544418335,-0.26619971506280926,-0.1568614095449447,2.9550146416763377,0.0
685,17.125,1.7543337656872827e+18,-1.064500618211314,2.9628280009010703,3.617351917937403,-0.9179424563017955,13.54814882335477,-0.6036330244073,-2.2948959444641224,-0.24858119116380703,-0.2218965590000152,3.3520448207855225,0.2653070971518807,3.3520448207855225,0.3188808357542565,-0.2465517222881317,3.4848804473876958,0.22170526996031947,-0.2633620798587799,3.625900983810425,0.09235438314772626,-0.3160344958305359,3.922311544418335,-0.22056406898579528,-0.1568614095449447,3.7531803900168486,0.0
686,17.150000000000002,1.7543337657122826e+18,-1.0009678299921525,3.0492309015571384,3.552260223009266,-0.6533153820562697,13.51321652029698,-1.0520456578565518,-2.754433891988286,-0.24051244316471054,-0.2218965590000152,3.2304039001464844,0.32185632286278176,3.3520448207855225,0.2653070971518807,-0.2218965590000152,3.3520448207855225,0.3188808357542565,-0.2465517222881317,3.4848804473876958,0.22170526996031947,-0.2633620798587799,3.625900983810425,0.09235438314772626,-0.3160344958305359,4.4851332176695475,0.0
687,17.175,1.7543337657372828e+18,-0.9501052664018768,3.123413081645165,3.480964138915484,-0.38019464326556074,13.472015597038029,-1.4326221556038519,-3.027561734847937,-0.23440618282283754,-0.2370258569717407,3.2304039001464844,0.2505602387689998,3.2304039001464844,0.32185632286278176,-0.2218965590000152,3.3520448207855225,0.2653070971518807,-0.2218965590000152,3.3520448207855225,0.3188808357542565,-0.2465517222881317,3.4848804473876958,0.22170526996031947,-0.2633620798587799,5.012418789164577,0.0
688,17.200000000000003,1.7543337657622828e+18,-0.9102653231937778,3.180978049534146,3.4068600607775235,-0.13164784075455624,13.458132441156252,-1.7284167627220535,-3.153631387787973,-0.2331301904848863,-0.2370258569717407,3.1199796199798584,0.28688044079766506,3.2304039001464844,0.2505602387689998,-0.2370258569717407,3.2304039001464844,0.32185632286278176,-0.2218965590000152,3.3520448207855225,0.2653070971518807,-0.2218965590000152,3.3520448207855225,0.3188808357542565,-0.2465517222881317,5.470335677152092,0.0
689,17.225,1.7543337657872827e+18,-0.8155245209779629,3.2878160470832007,3.331433307376231,0.07175161317879535,13.377198575579609,-1.9342658083858701,-3.174167707153092,-0.23765117113407472,-0.2370258569717407,3.0188820362091064,0.31255127116712433,3.1199796199798584,0.28688044079766506,-0.2370258569717407,3.2304039001464844,0.2505602387689998,-0.2370258569717407,3.2304039001464844,0.32185632286278176,-0.2218965590000152,3.3520448207855225,0.2653070971518807,-0.2218965590000152,5.875373680279723,0.0
690,17.25,1.754333765812283e+18,-0.7757057688526379,3.3427731119941075,3.2550521168971094,0.22527825550217578,13.34947746267062,-2.056397306803647,-3.1213409826849845,-0.24736265829953047,-0.2521551847457886,2.928188800811768,0.32686331608534136,3.0188820362091064,0.31255127116712433,-0.2370258569717407,3.1199796199798584,0.28688044079766506,-0.2370258569717407,3.2304039001464844,0.2505602387689998,-0.2370258569717407,3.2304039001464844,0.32185632286278176,-0.2218965590000152,6.275346688310248,0.0
691,17.275000000000002,1.7543337658372828e+18,-0.7205131026339213,3.389007085041285,3.1781166401673557,0.33711696658232104,13.298400525296826,-2.10977051368637,-3.013959609364076,-0.26073854042556255,-0.267284482717514,2.928188800811768,0.2499278393555877,2.928188800811768,0.32686331608534136,-0.2521551847457886,3.0188820362091064,0.31255127116712433,-0.2370258569717407,3.1199796199798584,0.28688044079766506,-0.2370258569717407,3.2304039001464844,0.2505602387689998,-0.2370258569717407,6.594770171639315,0.0
692,17.3,1.7543337658622828e+18,-0.6813834173097457,3.4220530871518644,3.101949601534182,0.42122964495189513,13.258914750061646,-2.114269307760863,-2.860686564378908,-0.2760286334006029,-0.2824137806892395,2.848189115524292,0.2537604860098899,2.928188800811768,0.2499278393555877,-0.267284482717514,2.928188800811768,0.32686331608534136,-0.2521551847457886,3.0188820362091064,0.31255127116712433,-0.2370258569717407,3.1199796199798584,0.28688044079766506,-0.2370258569717407,6.922456346611689,0.0
693,17.325000000000003,1.7543337658872827e+18,-0.6139328826070725,3.496640561765495,3.0289429604271914,0.48995709236199003,13.193804505580523,-2.0908107045242015,-2.6673399042789865,-0.2917829726112417,-0.2824137806892395,2.848189115524292,0.18075384490289936,2.848189115524292,0.2537604860098899,-0.2824137806892395,2.928188800811768,0.2499278393555877,-0.267284482717514,2.928188800811768,0.32686331608534136,-0.2521551847457886,3.0188820362091064,0.31255127116712433,-0.2370258569717407,7.143419923685226,0.0
694,17.35,1.7543337659122826e+18,-0.4765027555032781,3.615026714978849,2.9618597078840523,0.549857470129095,13.057616699038691,-2.058130128854615,-2.4439153184795437,-0.30710179129848447,-0.3126724064350128,2.7861480712890625,0.17571163659498978,2.848189115524292,0.18075384490289936,-0.2824137806892395,2.848189115524292,0.2537604860098899,-0.2824137806892395,2.928188800811768,0.2499278393555877,-0.267284482717514,2.928188800811768,0.32686331608534136,-0.2521551847457886,7.315743306061546,0.0
695,17.375,1.7543337659372828e+18,-0.4765027555032781,3.615026714978849,2.9026790073558293,0.6019298254249572,13.057616699038691,-2.0306929445944095,-2.207749582021274,-0.3216185695317355,-0.3278017342090606,2.738467216491699,0.16421179086413007,2.7861480712890625,0.17571163659498978,-0.3126724064350128,2.848189115524292,0.18075384490289936,-0.2824137806892395,2.848189115524292,0.2537604860098899,-0.2824137806892395,2.928188800811768,0.2499278393555877,-0.267284482717514,7.47154778492162,0.0
696,17.400000000000002,1.7543337659622828e+18,-0.4279845471877914,3.6317008016282815,2.8516907539345127,0.6446828196911277,13.020908458106094,-2.017841725895907,-1.981501851850385,-0.335300543325384,-0.3278017342090606,2.738467216491699,0.11322353744281344,2.738467216491699,0.16421179086413007,-0.3278017342090606,2.7861480712890625,0.17571163659498978,-0.3126724064350128,2.848189115524292,0.18075384490289936,-0.2824137806892395,2.848189115524292,0.2537604860098899,-0.2824137806892395,7.533019857649533,0.0
697,17.425,1.7543337659872827e+18,-0.356826780161565,3.6722308837015847,2.80741383080106,0.677318313544413,12.979548806626154,-2.02396644402983,-1.7872111792138887,-0.3481917381849711,-0.3278017342090606,2.738467216491699,0.06894661430936067,2.738467216491699,0.11322353744281344,-0.3278017342090606,2.738467216491699,0.16421179086413007,-0.3278017342090606,2.7861480712890625,0.17571163659498978,-0.3126724064350128,2.848189115524292,0.18075384490289936,-0.2824137806892395,7.577877870115708,0.0
698,17.450000000000003,1.754333766012283e+18,-0.3054171703119319,3.7051491871775664,2.767365817087503,0.7011203893784754,12.93598440417732,-2.0493287633239348,-1.6393947490784446,-0.36023444094693524,-0.3731896579265594,2.7007739543914795,0.06659186269602335,2.738467216491699,0.06894661430936067,-0.3278017342090606,2.738467216491699,0.11322353744281344,-0.3278017342090606,2.738467216491699,0.16421179086413007,-0.3278017342090606,2.7861480712890625,0.17571163659498978,-0.3126724064350128,7.580541815620341,0.0
699,17.475,1.7543337660372828e+18,-0.1976658473148664,3.741794609576951,2.7291731635982717,0.718829370179509,12.86692666258171,-2.091221405776409,-1.5403179472659085,-0.3712621390833971,-0.3731896579265594,2.67223858833313,0.056934575265141785,2.7007739543914795,0.06659186269602335,-0.3731896579265594,2.738467216491699,0.06894661430936067,-0.3278017342090606,2.738467216491699,0.11322353744281344,-0.3278017342090606,2.738467216491699,0.16421179086413007,-0.3278017342090606,7.599053049353079,0.0
700,17.5,1.7543337660622828e+18,-0.1741103056823778,3.751723436062463,2.691395121647546,0.7329723509873511,12.848819797568613,-2.145257687646252,-1.4793290480861496,-0.381151644166214,-0.3883189558982849,2.67223858833313,0.019156533314415913,2.67223858833313,0.056934575265141785,-0.3731896579265594,2.7007739543914795,0.06659186269602335,-0.3731896579265594,2.738467216491699,0.06894661430936067,-0.3278017342090606,2.738467216491699,0.11322353744281344,-0.3278017342090606,7.488912961653458,0.0
701,17.525000000000002,1.7543337660872827e+18,-0.0269814386691145,3.835030668221231,2.6537506660966246,0.7444081284025823,12.710363457164595,-2.2066217999958764,-1.4362719975388887,-0.39002226287570935,-0.3883189558982849,2.6541662216186523,-0.00041555552202776624,2.67223858833313,0.019156533314415913,-0.3883189558982849,2.67223858833313,0.056934575265141785,-0.3731896579265594,2.7007739543914795,0.06659186269602335,-0.3731896579265594,2.738467216491699,0.06894661430936067,-0.3278017342090606,7.296631856486433,0.0
702,17.55,1.7543337661122826e+18,-0.0269814386691145,3.835030668221231,2.616855222170053,0.7519439769460993,12.710363457164595,-2.2710822932414723,-1.3873988388892882,-0.3983568422528508,-0.3883189558982849,2.6541662216186523,-0.03731099944859917,2.6541662216186523,-0.00041555552202776624,-0.3883189558982849,2.67223858833313,0.019156533314415913,-0.3883189558982849,2.67223858833313,0.056934575265141785,-0.3731896579265594,2.7007739543914795,0.06659186269602335,-0.3731896579265594,7.052122872139444,0.0
703,17.575000000000003,1.7543337661372828e+18,0.077886603033844,3.8470467075442887,2.581786604477548,0.7530928198282456,12.637013667700447,-2.335576563358551,-1.311523762013278,-0.40698419455574286,-0.4185775816440582,2.6541662216186523,-0.07237961714110419,2.6541662216186523,-0.03731099944859917,-0.3883189558982849,2.6541662216186523,-0.00041555552202776624,-0.3883189558982849,2.67223858833313,0.019156533314415913,-0.3883189558982849,2.67223858833313,0.056934575265141785,-0.3731896579265594,6.701649176633902,0.0
704,17.6,1.7543337661622828e+18,0.1239197455326346,3.859357440847648,2.5497420033301736,0.745339577299404,12.599576860924731,-2.398250703222028,-1.194490437792234,-0.4169269706617666,-0.4185775816440582,2.652397871017456,-0.10265586768728241,2.6541662216186523,-0.07237961714110419,-0.4185775816440582,2.6541662216186523,-0.03731099944859917,-0.3883189558982849,2.6541662216186523,-0.00041555552202776624,-0.3883189558982849,2.67223858833313,0.019156533314415913,-0.3883189558982849,6.319634324147783,0.0
705,17.625,1.7543337661872827e+18,0.1817149709634353,3.852797330352332,2.521854572811581,0.7271722289316476,12.53458221053122,-2.457994638819868,-1.031011418814442,-0.4291438488827082,-0.4337069094181061,2.673725128173828,-0.15187055536224703,2.652397871017456,-0.10265586768728241,-0.4185775816440582,2.6541662216186523,-0.07237961714110419,-0.4185775816440582,2.6541662216186523,-0.03731099944859917,-0.3883189558982849,2.6541662216186523,-0.00041555552202776624,-0.3883189558982849,5.8977238860466334,0.0
706,17.650000000000002,1.754333766212283e+18,0.2649669995111776,3.8567330487905274,2.4990927735444877,0.6985348896906871,12.466813253858565,-2.51374033526808,-0.8240467187009033,-0.4442138015610455,-0.4333469867706299,2.673725128173828,-0.17463235462934046,2.673725128173828,-0.15187055536224703,-0.4337069094181061,2.652397871017456,-0.10265586768728241,-0.4185775816440582,2.6541662216186523,-0.07237961714110419,-0.4185775816440582,2.6541662216186523,-0.03731099944859917,-0.3883189558982849,5.466156641877323,0.0
707,17.675,1.7543337662372828e+18,0.3186901446166281,3.860848912041409,2.4821662855790345,0.6607202739611204,12.416411409055577,-2.5639373207783756,-0.5826652695931926,-0.46205561165035747,-0.4333469867706299,2.7096405029296875,-0.22747421735065299,2.673725128173828,-0.17463235462934046,-0.4333469867706299,2.673725128173828,-0.15187055536224703,-0.4337069094181061,2.652397871017456,-0.10265586768728241,-0.4185775816440582,2.6541662216186523,-0.07237961714110419,-0.4185775816440582,4.99542261325875,0.0
708,17.700000000000003,1.7543337662622828e+18,0.3749339950450503,3.859996353978072,2.47145917539519,0.6158082700423365,12.35629160833195,-2.606489834144755,-0.3195584671072293,-0.48180445770175323,-0.5135602355003357,2.7096405029296875,-0.23818132753449728,2.7096405029296875,-0.22747421735065299,-0.4333469867706299,2.673725128173828,-0.17463235462934046,-0.4333469867706299,2.673725128173828,-0.15187055536224703,-0.4337069094181061,2.652397871017456,-0.10265586768728241,-0.4185775816440582,4.4811316615140395,0.0
709,17.725,1.7543337662872827e+18,0.4354026322836599,3.8609443955639904,2.4670569643165803,0.565914967733232,12.29596998266317,-2.639139012238453,-0.04908052306890848,-0.5019062389999192,-0.5135602355003357,2.7096405029296875,-0.24258353861310722,2.7096405029296875,-0.23818132753449728,-0.5135602355003357,2.7096405029296875,-0.22747421735065299,-0.4333469867706299,2.673725128173828,-0.17463235462934046,-0.4333469867706299,2.673725128173828,-0.15187055536224703,-0.4337069094181061,3.9849323703010437,0.0
710,17.75,1.7543337663122826e+18,0.5068032783663075,3.840839665210535,2.4688524346511733,0.5128411114165816,12.216799812114825,-2.6601184869432855,0.21391015929443444,-0.5203652069370458,-0.5147829651832581,2.755999803543091,-0.2871473688919175,2.7096405029296875,-0.24258353861310722,-0.5135602355003357,2.7096405029296875,-0.23818132753449728,-0.5135602355003357,2.7096405029296875,-0.22747421735065299,-0.4333469867706299,2.673725128173828,-0.17463235462934046,-0.4333469867706299,3.415001963048366,0.0
711,17.775000000000002,1.7543337663372828e+18,0.5873925648876059,3.833191808049912,2.4766153870893866,0.4586177581214506,12.13828614199442,-2.668945049056682,0.4547441407634537,-0.5350275677706615,-0.5147829651832581,2.8163020610809326,-0.33968667399154606,2.755999803543091,-0.2871473688919175,-0.5147829651832581,2.7096405029296875,-0.24258353861310722,-0.5135602355003357,2.7096405029296875,-0.23818132753449728,-0.5135602355003357,2.7096405029296875,-0.22747421735065299,-0.4333469867706299,2.809142011567584,0.0
712,17.8,1.7543337663622828e+18,0.6078555911714729,3.802510087460045,2.489946015174681,0.4066413023868617,12.103210698840002,-2.6671480253421795,0.6598500215480018,-0.5438648485611944,-0.5134581327438354,2.8163020610809326,-0.3263560459062518,2.8163020610809326,-0.33968667399154606,-0.5147829651832581,2.755999803543091,-0.2871473688919175,-0.5147829651832581,2.7096405029296875,-0.24258353861310722,-0.5135602355003357,2.7096405029296875,-0.23818132753449728,-0.5135602355003357,2.2766410626476246,0.0
713,17.825000000000003,1.7543337663872827e+18,0.723396192558424,3.752024984751992,2.5081651045954567,0.3623337978249172,11.962806156379289,-2.6585261755147327,0.8184890438703921,-0.5453023132425191,-0.6161497831344604,2.892751216888428,-0.38458611229297146,2.8163020610809326,-0.3263560459062518,-0.5134581327438354,2.8163020610809326,-0.33968667399154606,-0.5147829651832581,2.755999803543091,-0.2871473688919175,-0.5147829651832581,2.7096405029296875,-0.24258353861310722,-0.5135602355003357,1.7384428131499479,0.0
714,17.85,1.754333766412283e+18,0.723396192558424,3.752024984751992,2.5302629119739084,0.33242881330701646,11.962806156379289,-2.6485301285401706,0.9254600495965378,-0.5385717569969398,-0.5154218673706055,2.892751216888428,-0.3624883049145198,2.892751216888428,-0.38458611229297146,-0.6161497831344604,2.8163020610809326,-0.3263560459062518,-0.5134581327438354,2.8163020610809326,-0.33968667399154606,-0.5147829651832581,2.755999803543091,-0.2871473688919175,-0.5147829651832581,1.0781432955897063,0.0
715,17.875,1.7543337664372828e+18,0.803936449898524,3.684223577304324,2.554983475949337,0.3229069194516773,11.846046705895438,-2.642824017581216,0.9842577001767312,-0.5239324983585326,-0.5154218673706055,2.9870338439941406,-0.4320503680448038,2.892751216888428,-0.3624883049145198,-0.5154218673706055,2.892751216888428,-0.38458611229297146,-0.6161497831344604,2.8163020610809326,-0.3263560459062518,-0.5134581327438354,2.8163020610809326,-0.33968667399154606,-0.5147829651832581,0.38672586551839583,0.0
716,17.900000000000002,1.7543337664622828e+18,0.8406437489762602,3.6592926850897527,2.581057948670961,0.33650170677764785,11.798836027408486,-2.645560046519367,1.0095973757412429,-0.5026007374996948,-0.5155172348022461,2.9870338439941406,-0.4059758953231798,2.9870338439941406,-0.4320503680448038,-0.5154218673706055,2.892751216888428,-0.3624883049145198,-0.5154218673706055,2.892751216888428,-0.38458611229297146,-0.6161497831344604,2.8163020610809326,-0.3263560459062518,-0.5134581327438354,-0.2901648127945631,0.0
717,17.925,1.7543337664872827e+18,0.9071587595522006,3.620199481630938,2.6075706577575777,0.37105669340782677,11.724520104054783,-2.65795219095653,1.0280090740139645,-0.47637854508992544,-0.4673545956611633,3.093471050262451,-0.4859003925048735,2.9870338439941406,-0.4059758953231798,-0.5155172348022461,2.9870338439941406,-0.4320503680448038,-0.5154218673706055,2.892751216888428,-0.3624883049145198,-0.5154218673706055,2.892751216888428,-0.38458611229297146,-0.6161497831344604,-1.1045737767497381,0.0
718,17.950000000000003,1.7543337665122826e+18,0.9280849968273572,3.6044622662972063,2.6343892963597564,0.4197011628343398,11.696087757332634,-2.6775730553360706,1.0754850601089394,-0.4471157819435798,-0.4495792388916015,3.093471050262451,-0.4590817539026948,3.093471050262451,-0.4859003925048735,-0.4673545956611633,2.9870338439941406,-0.4059758953231798,-0.5155172348022461,2.9870338439941406,-0.4320503680448038,-0.5154218673706055,2.892751216888428,-0.3624883049145198,-0.5154218673706055,-1.900142289224548,0.0
719,17.975,1.7543337665372828e+18,0.998093871778416,3.530649597696711,2.6625009581791144,0.47293940786072786,11.61282746641727,-2.6987621469789063,1.1918927454925448,-0.4161776204031925,-0.4146551787853241,3.206087112426758,-0.5435861542476434,3.093471050262451,-0.4590817539026948,-0.4495792388916015,3.093471050262451,-0.4859003925048735,-0.4673545956611633,2.9870338439941406,-0.4059758953231798,-0.5155172348022461,2.9870338439941406,-0.4320503680448038,-0.5154218673706055,-2.7816147598832437,0.0
720,18.0,1.7543337665622828e+18,1.0290182129491647,3.5020072312677306,2.6940720484952347,0.5217954312167788,11.57203223508128,-2.7143343943371954,1.4128215738822165,-0.3840713748014796,-0.3642241358757019,3.325731039047241,-0.6316589905520065,3.206087112426758,-0.5435861542476434,-0.4146551787853241,3.093471050262451,-0.4590817539026948,-0.4495792388916015,3.093471050262451,-0.4859003925048735,-0.4673545956611633,2.9870338439941406,-0.4059758953231798,-0.5155172348022461,-3.7911179563152118,0.0
721,18.025000000000002,1.7543337665872827e+18,1.0750802491494875,3.4460539167648103,2.732167546943112,0.5607329340643188,11.478604690697413,-2.7180484451779936,1.760424064006049,-0.35034679242256084,-0.3563793003559112,3.4574735164642334,-0.7253059695211213,3.325731039047241,-0.6316589905520065,-0.3642241358757019,3.206087112426758,-0.5435861542476434,-0.4146551787853241,3.093471050262451,-0.4590817539026948,-0.4495792388916015,3.093471050262451,-0.4859003925048735,-0.4673545956611633,-4.834144188444796,0.0
722,18.05,1.754333766612283e+18,1.1203663821647267,3.397202434221989,2.7802293799427944,0.5893161542208928,11.412864241028801,-2.7065237939565296,2.2353615458954583,-0.31380284256974744,-0.3160344958305359,3.5991461277008057,-0.8189167477580113,3.4574735164642334,-0.7253059695211213,-0.3563793003559112,3.325731039047241,-0.6316589905520065,-0.3642241358757019,3.206087112426758,-0.5435861542476434,-0.4146551787853241,3.093471050262451,-0.4590817539026948,-0.4495792388916015,-5.905494160643387,0.0
723,18.075000000000003,1.7543337666372828e+18,1.1410244058643175,3.3164529172915853,2.84146568405804,0.6121512859780625,11.330608262116339,-2.6793651093739936,2.8120006301395377,-0.2729088199138658,-0.3160344958305359,3.5991461277008057,-0.7576804436427658,3.5991461277008057,-0.8189167477580113,-0.3160344958305359,3.4574735164642334,-0.7253059695211213,-0.3563793003559112,3.325731039047241,-0.6316589905520065,-0.3642241358757019,3.206087112426758,-0.5435861542476434,-0.4146551787853241,-6.94118667395065,0.0
724,18.1,1.7543337666622828e+18,1.2077015022344346,3.177830398401087,2.918226116610803,0.6372491388099343,11.207361381514177,-2.637236864172131,3.4384853603720993,-0.226252361026739,-0.1793103516101837,3.748255968093872,-0.8300298514830691,3.5991461277008057,-0.7576804436427658,-0.3160344958305359,3.5991461277008057,-0.8189167477580113,-0.3160344958305359,3.4574735164642334,-0.7253059695211213,-0.3563793003559112,3.325731039047241,-0.6316589905520065,-0.3642241358757019,-8.029414018580836,0.0
725,18.125,1.7543337666872827e+18,1.2077015022344346,3.177830398401087,3.0113711612377485,0.6734187358611218,11.207361381514177,-2.5787158164580677,4.04231768943804,-0.17285902075719467,-0.1949999928474426,3.748255968093872,-0.7368848068561236,3.748255968093872,-0.8300298514830691,-0.1793103516101837,3.5991461277008057,-0.7576804436427658,-0.3160344958305359,3.5991461277008057,-0.8189167477580113,-0.3160344958305359,3.4574735164642334,-0.7253059695211213,-0.3563793003559112,-8.961053620191333,0.0
726,18.150000000000002,1.7543337667122826e+18,1.2357978382528136,3.090696409390087,3.119696350580349,0.7274838778966619,11.110744679930686,-2.497258124930477,4.5408143404827825,-0.11237721794255753,-0.106739692389965,4.037249565124512,-0.9175532145441627,3.748255968093872,-0.7368848068561236,-0.1949999928474426,3.748255968093872,-0.8300298514830691,-0.1793103516101837,3.5991461277008057,-0.7576804436427658,-0.3160344958305359,3.5991461277008057,-0.8189167477580113,-0.3160344958305359,-10.109115749198805,0.0
727,18.175,1.7543337667372828e+18,1.2563482960028338,3.0122401024354404,3.239596899201041,0.8020281007608305,11.066056941880149,-2.3796464559540973,4.85456755973409,-0.04525400348525602,-0.0065000001341104,4.127719879150391,-0.8881229799493497,4.037249565124512,-0.9175532145441627,-0.106739692389965,3.748255968093872,-0.7368848068561236,-0.1949999928474426,3.748255968093872,-0.8300298514830691,-0.1793103516101837,3.5991461277008057,-0.7576804436427658,-0.3160344958305359,-11.221714453517325,0.0
728,18.200000000000003,1.7543337667622828e+18,1.2818076079122465,2.83262422492034,3.3652002044504705,0.8941937801843342,10.90068053641367,-2.2071165480580337,4.921168912737867,0.026972960653093566,0.0195000004023313,4.1723175048828125,-0.807117300432342,4.127719879150391,-0.8881229799493497,-0.0065000001341104,4.037249565124512,-0.9175532145441627,-0.106739692389965,3.748255968093872,-0.7368848068561236,-0.1949999928474426,3.748255968093872,-0.8300298514830691,-0.1793103516101837,-12.201609906800035,0.0
729,18.225,1.7543337667872827e+18,1.2818076079122465,2.83262422492034,3.489061518686133,0.9957938082308758,10.90068053641367,-1.9597560379946082,4.706259815689472,0.10128831145854332,0.0919994637370109,4.171172142028809,-0.6821106233426755,4.1723175048828125,-0.807117300432342,0.0195000004023313,4.127719879150391,-0.8881229799493497,-0.0065000001341104,4.037249565124512,-0.9175532145441627,-0.106739692389965,3.748255968093872,-0.7368848068561236,-0.1949999928474426,-13.165785103569032,0.0
730,18.25,1.754333766812283e+18,1.2820616963009843,2.7014243683383534,3.6032808383762522,1.0945485801735335,10.807790869093324,-1.6234357393261685,4.209571469584428,0.17297721730849425,0.0910513773560524,4.171172142028809,-0.5678913036525564,4.171172142028809,-0.6821106233426755,0.0919994637370109,4.1723175048828125,-0.807117300432342,0.0195000004023313,4.127719879150391,-0.8881229799493497,-0.0065000001341104,4.037249565124512,-0.9175532145441627,-0.106739692389965,-13.968249669185335,0.0
731,18.275000000000002,1.7543337668372828e+18,1.2820616963009843,2.7014243683383534,3.700712382528573,1.1758061275545098,10.807790869093324,-1.1970076848769668,3.464861152873611,0.236001558690193,0.2151724100112915,4.124284744262695,-0.42357236173412227,4.171172142028809,-0.5678913036525564,0.0910513773560524,4.171172142028809,-0.6821106233426755,0.0919994637370109,4.1723175048828125,-0.807117300432342,0.0195000004023313,4.127719879150391,-0.8881229799493497,-0.0065000001341104,-14.636680031606232,0.0
732,18.3,1.7543337668622828e+18,1.2595978519075568,2.5908781879761675,3.7759142548276876,1.2240515518966677,10.786574459181775,-0.6967548322570749,2.534145023401372,0.2842544875671383,0.3650430738925934,4.032718181610107,-0.2568039267824198,4.124284744262695,-0.42357236173412227,0.2151724100112915,4.171172142028809,-0.5678913036525564,0.0910513773560524,4.171172142028809,-0.6821106233426755,0.0919994637370109,4.1723175048828125,-0.807117300432342,0.0195000004023313,-15.151007529660758,0.0
733,18.325000000000003,1.7543337668872827e+18,1.256582410850412,2.5553377556806587,3.8256344353638867,1.2241082227185245,10.767813227121447,-0.15562382322467558,1.4978781955796436,0.3134219356695796,0.3563793003559112,3.898738622665405,-0.07310418730151813,4.032718181610107,-0.2568039267824198,0.3650430738925934,4.124284744262695,-0.42357236173412227,0.2151724100112915,4.171172142028809,-0.5678913036525564,0.0910513773560524,4.171172142028809,-0.6821106233426755,0.0919994637370109,-15.496016986826342,0.0
734,18.35,1.7543337669122826e+18,1.244075610945213,2.407930770486547,3.8488506000311853,1.1627586712558402,10.689999411196377,0.383388383438993,0.4433657795396261,0.3225988326409711,0.3563793003559112,3.746187686920166,0.10266291311101927,3.898738622665405,-0.07310418730151813,0.3563793003559112,4.032718181610107,-0.2568039267824198,0.3650430738925934,4.124284744262695,-0.42357236173412227,0.2151724100112915,4.171172142028809,-0.5678913036525564,0.0910513773560524,-15.6807423568713,0.0
735,18.375,1.7543337669372828e+18,1.2196778709663765,2.3138208922197823,3.846526824359448,1.0315728729193494,10.804635384401884,0.8776827315263281,-0.5463978291884695,0.31476044141812426,0.2633620798587799,3.6021392345428467,0.24438758981660147,3.746187686920166,0.10266291311101927,0.3563793003559112,3.898738622665405,-0.07310418730151813,0.3563793003559112,4.032718181610107,-0.2568039267824198,0.3650430738925934,4.124284744262695,-0.42357236173412227,0.2151724100112915,-15.739220476742505,0.0
736,18.400000000000002,1.7543337669622828e+18,1.2196778709663765,2.3138208922197823,3.8212536352614714,0.8305789857772757,10.804635384401884,1.2952623661486466,-1.4018799461552478,0.2958129371856066,0.2633620798587799,3.6021392345428467,0.21911440071862476,3.6021392345428467,0.24438758981660147,0.2633620798587799,3.746187686920166,0.10266291311101927,0.3563793003559112,3.898738622665405,-0.07310418730151813,0.3563793003559112,4.032718181610107,-0.2568039267824198,0.3650430738925934,-15.837676821588676,0.0
737,18.425,1.7543337669872827e+18,1.19309924829097,2.205219313810721,3.7768633025953298,0.5710172197315516,10.812138729853071,1.62074692752733,-2.073357559417657,0.2727506958222514,0.2633620798587799,3.35589337348938,0.4209699291059499,3.6021392345428467,0.21911440071862476,0.2633620798587799,3.6021392345428467,0.24438758981660147,0.2633620798587799,3.746187686920166,0.10266291311101927,0.3563793003559112,3.898738622665405,-0.07310418730151813,0.3563793003559112,-15.818084363039144,0.0
738,18.450000000000003,1.754333767012283e+18,1.1850355016633602,2.146526096077717,3.718050883896385,0.27524011863871956,10.878474270925395,1.8556307759249782,-2.5342963123069495,0.25181214329772583,0.2633620798587799,3.35589337348938,0.36215751040700495,3.35589337348938,0.4209699291059499,0.2633620798587799,3.6021392345428467,0.21911440071862476,0.2633620798587799,3.6021392345428467,0.24438758981660147,0.2633620798587799,3.746187686920166,0.10266291311101927,0.3563793003559112,-15.801026079595797,0.0
739,18.475,1.7543337670372828e+18,1.1650073120773996,2.0609297670393016,3.6500002189916505,-0.02687324408507045,10.90693363012465,2.013968072023399,-2.78190656433192,0.23729422747765402,0.2370258569717407,3.264458179473877,0.38554203951777355,3.35589337348938,0.36215751040700495,0.2633620798587799,3.35589337348938,0.4209699291059499,0.2633620798587799,3.6021392345428467,0.21911440071862476,0.2633620798587799,3.6021392345428467,0.24438758981660147,0.2633620798587799,-15.775370006133972,0.0
740,18.5,1.7543337670622828e+18,1.1452213320664002,1.955660438028428,3.57798114259963,-0.3039429900610922,10.990871900378592,2.116019032981285,-2.8350867715835393,0.23119137717659805,0.2370258569717407,3.19411849975586,0.38386264284377036,3.264458179473877,0.38554203951777355,0.2370258569717407,3.35589337348938,0.36215751040700495,0.2633620798587799,3.35589337348938,0.4209699291059499,0.2633620798587799,3.6021392345428467,0.21911440071862476,0.2633620798587799,-15.768831212128557,0.0
741,18.525000000000002,1.7543337670872827e+18,1.1297735948558671,1.7864422838617546,3.506865288970768,-0.5295732160481706,11.086787179435722,2.182185156070774,-2.7299912684764656,0.23346320936516624,0.2370258569717407,3.19411849975586,0.3127467892149083,3.19411849975586,0.38386264284377036,0.2370258569717407,3.264458179473877,0.38554203951777355,0.2370258569717407,3.35589337348938,0.36215751040700495,0.2633620798587799,3.35589337348938,0.4209699291059499,0.2633620798587799,-15.778817064368628,0.0
742,18.55,1.7543337671122826e+18,1.136640493584617,1.740413385199988,3.4405670238358073,-0.6873597936864783,11.11538944637727,2.2286252592554923,-2.513648228109426,0.2426318822638234,0.2370258569717407,3.19411849975586,0.24644852407994744,3.19411849975586,0.3127467892149083,0.2370258569717407,3.19411849975586,0.38386264284377036,0.2370258569717407,3.264458179473877,0.38554203951777355,0.2370258569717407,3.35589337348938,0.36215751040700495,0.2633620798587799,-15.879547763297742,0.0
743,18.575000000000003,1.7543337671372828e+18,1.1484206882742698,1.5581716812637727,3.381544668948406,-0.7732204315142294,11.24554630069755,2.265049419405912,-2.2364474129877903,0.2564654683498394,0.267284482717514,3.124584674835205,0.2569599941132008,3.19411849975586,0.24644852407994744,0.2370258569717407,3.19411849975586,0.3127467892149083,0.2370258569717407,3.19411849975586,0.38386264284377036,0.2370258569717407,3.264458179473877,0.38554203951777355,0.2370258569717407,-15.997897879664292,0.0
744,18.6,1.7543337671622828e+18,1.1484206882742698,1.5581716812637727,3.330575797515716,-0.7948680128444363,11.24554630069755,2.2946555224929344,-1.9447521213885393,0.27259477866064935,0.267284482717514,3.124584674835205,0.20599112268051112,3.124584674835205,0.2569599941132008,0.267284482717514,3.19411849975586,0.24644852407994744,0.2370258569717407,3.19411849975586,0.3127467892149083,0.2370258569717407,3.19411849975586,0.38386264284377036,0.2370258569717407,-16.197002490899752,0.0
745,18.625,1.7543337671872827e+18,1.1801126131984505,1.4454518685921105,3.2869486865421385,-0.7690522506841457,11.321388214080631,2.31585737632111,-1.67507475504829,0.2889845555225357,0.2824137806892395,3.114842653274536,0.17210603326760232,3.124584674835205,0.20599112268051112,0.267284482717514,3.124584674835205,0.2569599941132008,0.267284482717514,3.19411849975586,0.24644852407994744,0.2370258569717407,3.19411849975586,0.3127467892149083,0.2370258569717407,-16.379772222573408,0.0
746,18.650000000000002,1.754333767212283e+18,1.1853936415696154,1.4110722205916748,3.249023296926844,-0.7174934411434156,11.34778944353778,2.3250897464688625,-1.450951899140918,0.30422875985937475,0.3126724064350128,3.118250846862793,0.13077245006405125,3.114842653274536,0.17210603326760232,0.2824137806892395,3.124584674835205,0.20599112268051112,0.267284482717514,3.124584674835205,0.2569599941132008,0.267284482717514,3.19411849975586,0.24644852407994744,0.2370258569717407,-16.70769521765987,0.0
747,18.675,1.7543337672372828e+18,1.2104434143003628,1.3053228004595376,3.21494302859615,-0.6624185515463781,11.428013886311902,2.319645636123204,-1.2828521427833677,0.3176627707704695,0.3278017342090606,3.1252214908599854,0.08972153773616487,3.118250846862793,0.13077245006405125,0.3126724064350128,3.114842653274536,0.17210603326760232,0.2824137806892395,3.124584674835205,0.20599112268051112,0.267284482717514,3.124584674835205,0.2569599941132008,0.267284482717514,-17.016966892390137,0.0
748,18.700000000000003,1.7543337672622828e+18,1.2269537449596315,1.2416938781829243,3.1832345336508197,-0.6225463768420085,11.478329895318225,2.299534872337232,-1.170429086014016,0.3292927176818044,0.3278017342090606,3.1252214908599854,0.0580130427908343,3.1252214908599854,0.08972153773616487,0.3278017342090606,3.118250846862793,0.13077245006405125,0.3126724064350128,3.114842653274536,0.17210603326760232,0.2824137806892395,3.124584674835205,0.20599112268051112,0.267284482717514,-17.360319952010975,0.0
749,18.725,1.7543337672872827e+18,1.2609303980667967,1.1546930116290293,3.1531173532218686,-0.6102116847017377,11.531380586030851,2.2678363799955163,-1.1056627350565378,0.33957165055841665,0.3278017342090606,3.136117935180664,0.016999418041204528,3.1252214908599854,0.0580130427908343,0.3278017342090606,3.1252214908599854,0.08972153773616487,0.3278017342090606,3.118250846862793,0.13077245006405125,0.3126724064350128,3.114842653274536,0.17210603326760232,0.2824137806892395,-17.67570497029243,0.0
750,18.75,1.7543337673122826e+18,1.2843188163981665,1.0932060720594186,3.124477497836298,-0.6299727937686744,11.579815398800175,2.2297006327891276,-1.0753432518970956,0.3491225529695205,0.3278017342090606,3.136117935180664,-0.011640437344365928,3.136117935180664,0.016999418041204528,0.3278017342090606,3.1252214908599854,0.0580130427908343,0.3278017342090606,3.1252214908599854,0.08972153773616487,0.3278017342090606,3.118250846862793,0.13077245006405125,0.3126724064350128,-18.050998355947385,0.0
751,18.775000000000002,1.7543337673372828e+18,1.3329127569250927,1.011686610980968,3.097580093425158,-0.6786670870288202,11.646734692993126,2.1907362856060733,-1.0620850106655992,0.3585557575288117,0.3580603301525116,3.136117935180664,-0.03853784175550601,3.136117935180664,-0.011640437344365928,0.3278017342090606,3.136117935180664,0.016999418041204528,0.3278017342090606,3.1252214908599854,0.0580130427908343,0.3278017342090606,3.1252214908599854,0.08972153773616487,0.3278017342090606,-18.418102907705002,0.0
752,18.8,1.7543337673622828e+18,1.393733326264144,0.8964532146352395,3.0726965595411646,-0.7466827148694023,11.73785743768614,2.155721522947952,-1.044343541147551,0.36845519043881736,0.3978448212146759,3.1290290355682373,-0.0563324760270727,3.136117935180664,-0.03853784175550601,0.3580603301525116,3.136117935180664,-0.011640437344365928,0.3278017342090606,3.136117935180664,0.016999418041204528,0.3278017342090606,3.1252214908599854,0.0580130427908343,0.3278017342090606,-18.738010994285503,0.0
753,18.825000000000003,1.7543337673872827e+18,1.4217537413971983,0.8406918256677658,3.049874232161462,-0.8201568622514515,11.785527933614537,2.128234315736313,-0.9971193158536956,0.3794194457973655,0.3978448212146759,3.1290290355682373,-0.07915480340677528,3.1290290355682373,-0.0563324760270727,0.3978448212146759,3.136117935180664,-0.03853784175550601,0.3580603301525116,3.136117935180664,-0.011640437344365928,0.3278017342090606,3.136117935180664,0.016999418041204528,0.3278017342090606,-19.021302407872543,0.0
754,18.85,1.754333767412283e+18,1.448374027056274,0.7997808541934108,3.0290135431134204,-0.8836986240579336,11.82210177534544,2.111007065987256,-0.895451384882311,0.3919001794446893,0.3978448212146759,3.115884065628052,-0.08687052251463179,3.1290290355682373,-0.07915480340677528,0.3978448212146759,3.1290290355682373,-0.0563324760270727,0.3978448212146759,3.136117935180664,-0.03853784175550601,0.3580603301525116,3.136117935180664,-0.011640437344365928,0.3278017342090606,-19.259208947607956,0.0
755,18.875,1.7543337674372828e+18,1.5177762458624215,0.7363290533459206,3.0102212783563274,-0.923128943453597,11.885172279661598,2.106126164446634,-0.7219694317536267,0.4056599997879011,0.3978448212146759,3.102739095687866,-0.09251781733153885,3.115884065628052,-0.08687052251463179,0.3978448212146759,3.1290290355682373,-0.07915480340677528,0.3978448212146759,3.1290290355682373,-0.0563324760270727,0.3978448212146759,3.136117935180664,-0.03853784175550601,0.3580603301525116,-19.472654307109593,0.0
756,18.900000000000002,1.7543337674622828e+18,1.5392351117251084,0.7141323472154251,2.9941798269306994,-0.9278783300771646,11.9085379905743,2.114314452959438,-0.4777747133301311,0.4189765719761918,0.3978448212146759,3.102739095687866,-0.10855926875716682,3.102739095687866,-0.09251781733153885,0.3978448212146759,3.115884065628052,-0.08687052251463179,0.3978448212146759,3.1290290355682373,-0.07915480340677528,0.3978448212146759,3.1290290355682373,-0.0563324760270727,0.3978448212146759,-19.661345570617108,0.0
757,18.925,1.7543337674872827e+18,1.6072542499253168,0.6344657680120818,2.98217219178961,-0.8929668329297694,11.976204692292528,2.1335407054382123,-0.19347560665346483,0.4280493697073964,0.3978448212146759,3.076004981994629,-0.09383279020501911,3.102739095687866,-0.10855926875716682,0.3978448212146759,3.102739095687866,-0.09251781733153885,0.3978448212146759,3.115884065628052,-0.08687052251463179,0.3978448212146759,3.1290290355682373,-0.07915480340677528,0.3978448212146759,-19.77567074102118,0.0
758,18.950000000000003,1.7543337675122826e+18,1.631030710070416,0.613395928653488,2.9755175052834906,-0.8204221696868187,11.998152368672947,2.1581823004902647,0.0645621613811834,0.4271829334144611,0.3978448212146759,3.076004981994629,-0.10048747671113833,3.076004981994629,-0.09383279020501911,0.3978448212146759,3.102739095687866,-0.10855926875716682,0.3978448212146759,3.102739095687866,-0.09251781733153885,0.3978448212146759,3.115884065628052,-0.08687052251463179,0.3978448212146759,-19.866715426469685,0.0
759,18.975,1.7543337675372828e+18,1.701845513068093,0.5547195690400684,2.97444669171327,-0.7195470807704198,12.071182241349375,2.1799143443134867,0.19770180552228925,0.41010437965908453,0.3978448212146759,3.045245885848999,-0.07079919413572888,3.076004981994629,-0.10048747671113833,0.3978448212146759,3.076004981994629,-0.09383279020501911,0.3978448212146759,3.102739095687866,-0.10855926875716682,0.3978448212146759,3.102739095687866,-0.09251781733153885,0.3978448212146759,-19.86401660139174,0.0
760,19.0,1.7543337675622828e+18,1.74983101434391,0.5185771791508973,2.976742632252344,-0.605355972238698,12.113987057001252,2.190462119422661,0.09096148451146263,0.37225625068187096,0.3978448212146759,3.045245885848999,-0.06850325359665499,3.045245885848999,-0.07079919413572888,0.3978448212146759,3.076004981994629,-0.10048747671113833,0.3978448212146759,3.076004981994629,-0.09383279020501911,0.3978448212146759,3.102739095687866,-0.10855926875716682,0.3978448212146759,-19.840962375660396,0.0
761,19.025000000000002,1.7543337675872827e+18,1.8214362930833787,0.484261489648963,2.9766708910564583,-0.49521513922263644,12.169416461192737,2.1851955518495383,-0.36001140974114604,0.3132663516347389,0.3978448212146759,3.0079541206359863,-0.031283229579528005,3.045245885848999,-0.06850325359665499,0.3978448212146759,3.045245885848999,-0.07079919413572888,0.3978448212146759,3.076004981994629,-0.10048747671113833,0.3978448212146759,3.076004981994629,-0.09383279020501911,0.3978448212146759,-19.636284989662904,0.0
762,19.05,1.754333767612283e+18,1.9155522542665229,0.4412634917163318,2.9647824861208196,-0.4046694738294849,12.248968230629643,2.1658678453930835,-1.2169299227751145,0.23835804126235358,0.3978448212146759,2.9681873321533203,-0.0034048460325006857,3.0079541206359863,-0.031283229579528005,0.3978448212146759,3.045245885848999,-0.06850325359665499,0.3978448212146759,3.045245885848999,-0.07079919413572888,0.3978448212146759,3.076004981994629,-0.10048747671113833,0.3978448212146759,-19.401003487821562,0.0
763,19.075000000000003,1.7543337676372828e+18,1.968680058205208,0.4186402239385706,2.9290273366558948,-0.3438482982656372,12.296830847539367,2.1407558059068674,-2.471169297228145,0.15763782404262747,0.0,0.0,2.9290273366558948,2.9681873321533203,-0.0034048460325006857,0.3978448212146759,3.0079541206359863,-0.031283229579528005,0.3978448212146759,3.045245885848999,-0.06850325359665499,0.3978448212146759,3.045245885848999,-0.07079919413572888,0.3978448212146759,-16.142146997170975,0.0
764,19.1,1.7543337676622828e+18,2.0302197887466225,0.3924349284097649,2.8572224917674816,-0.3156209891447079,12.352271734029436,2.121230824230221,-4.0301802611434665,0.08317575653601149,0.0,0.0,2.8572224917674816,0.0,2.9290273366558948,0.0,2.9681873321533203,-0.0034048460325006857,0.3978448212146759,3.0079541206359863,-0.031283229579528005,0.3978448212146759,3.045245885848999,-0.06850325359665499,0.3978448212146759,-12.970045711687785,0.0
765,19.125,1.7543337676872827e+18,2.0710863044536563,0.3775569401338496,2.7403326424625907,-0.3160691174575819,12.389848340546818,2.115448032044636,-5.724712766326626,0.025107505507139825,0.0,0.0,2.7403326424625907,0.0,2.8572224917674816,0.0,0.0,2.9290273366558948,0.0,2.9681873321533203,-0.0034048460325006857,0.3978448212146759,3.0079541206359863,-0.031283229579528005,0.3978448212146759,-9.82540795032446,0.0
766,19.150000000000002,1.7543337677122826e+18,2.141248803028933,0.3650683436765095,2.5755006132872484,-0.3370180119997567,12.472377602593818,2.1217336776603366,-7.337580847981373,-0.011374165650147105,0.0,0.0,2.5755006132872484,0.0,2.7403326424625907,0.0,0.0,2.8572224917674816,0.0,0.0,2.9290273366558948,0.0,2.9681873321533203,-0.0034048460325006857,0.3978448212146759,-6.874880735056051,0.0
767,19.175,1.7543337677372828e+18,2.191820105637841,0.3526901491716014,2.3676578912398623,-0.36958575252889564,12.52120380957797,2.1251451076731076,-8.647780813899697,-0.026865212733094505,0.0,0.0,2.3676578912398623,0.0,2.5755006132872484,0.0,0.0,2.7403326424625907,0.0,0.0,2.8572224917674816,0.0,0.0,2.9290273366558948,0.0,-4.1658590987185455,0.0
768,19.200000000000003,1.7543337677622828e+18,2.284285762192676,0.3330631736599325,2.1290060004933964,-0.40731041001412355,12.579885044828737,2.0997143825763622,-9.478386136548092,-0.026443197024464064,0.0,0.0,2.1290060004933964,0.0,2.3676578912398623,0.0,0.0,2.5755006132872484,0.0,0.0,2.7403326424625907,0.0,0.0,2.8572224917674816,0.0,-1.6012323583402703,0.0
769,19.225,1.7543337677872827e+18,2.3305343235767224,0.3275025725398016,1.876479040840349,-0.44756827478173145,12.624286376330526,2.0163463474168877,-9.73485018841547,-0.017192278954248037,0.0,0.0,1.876479040840349,0.0,2.1290060004933964,0.0,0.0,2.3676578912398623,0.0,0.0,2.5755006132872484,0.0,0.0,2.7403326424625907,0.0,0.8124980812299198,0.0
770,19.25,1.754333767812283e+18,2.3926540929083404,0.3306923442197781,1.6280361907457703,-0.49068932838958684,12.672536754170965,1.8535762675877128,-9.42294752254218,-0.005750602155993391,0.0,0.0,1.6280361907457703,0.0,1.876479040840349,0.0,0.0,2.1290060004933964,0.0,0.0,2.3676578912398623,0.0,0.0,2.5755006132872484,0.0,3.0875811237388113,0.0
771,19.275000000000002,1.7543337678372828e+18,2.4306198679870503,0.3307533666420408,1.3989533237962326,-0.5372678751824568,12.714976254187572,1.6069068371074429,-8.641745390129927,0.0033018725115377383,0.0,0.0,1.3989533237962326,0.0,1.6280361907457703,0.0,0.0,1.876479040840349,0.0,0.0,2.1290060004933964,0.0,0.0,2.3676578912398623,0.0,5.406608466495557,0.0
772,19.3,1.7543337678622828e+18,2.477980365126224,0.3184462196945368,1.1991513920197734,-0.5851479586928473,12.7824704503408,1.2928959041027974,-7.554575326628997,0.007953467602805624,0.0,0.0,1.1991513920197734,0.0,1.3989533237962326,0.0,0.0,1.6280361907457703,0.0,0.0,1.876479040840349,0.0,0.0,2.1290060004933964,0.0,7.479865149394758,0.0
773,19.325000000000003,1.7543337678872827e+18,2.496447148125046,0.3199693728882931,1.0321909634081965,-0.6277450857508208,12.807323444384117,0.9461966284023836,-6.347346843643056,0.008361869545674616,0.0,0.0,1.0321909634081965,0.0,1.1991513920197734,0.0,0.0,1.3989533237962326,0.0,0.0,1.6280361907457703,0.0,0.0,1.876479040840349,0.0,9.491359140678096,0.0
774,19.35,1.7543337679122826e+18,2.554123367694504,0.312377348937717,0.896035948929599,-0.6546237251638208,12.840112785756855,0.6104548014924686,-5.186607248987316,0.005969242390852831,0.0,0.0,0.896035948929599,0.0,1.0321909634081965,0.0,0.0,1.1991513920197734,0.0,0.0,1.3989533237962326,0.0,0.0,1.6280361907457703,0.0,11.421389876072743,0.0
775,19.375,1.7543337679372828e+18,2.580761641758336,0.3160296035888217,0.785130792192758,-0.6542011945092936,12.873031366493949,0.32628383615879925,-4.1886731473591565,0.0025644721789788256,0.0,0.0,0.785130792192758,0.0,0.896035948929599,0.0,0.0,1.0321909634081965,0.0,0.0,1.1991513920197734,0.0,0.0,1.3989533237962326,0.0,13.235755462060498,0.0
776,19.400000000000002,1.7543337679622828e+18,2.627817349460132,0.3161573427089807,0.6929092595710203,-0.6176665575823644,12.848192893250227,0.12058293199120788,-3.406616382803314,-0.0004075497343147712,0.0,0.0,0.6929092595710203,0.0,0.785130792192758,0.0,0.0,0.896035948929599,0.0,0.0,1.0321909634081965,0.0,0.0,1.1991513920197734,0.0,14.876007440342441,0.0
777,19.425,1.7543337679872827e+18,2.643918401218841,0.3177851651576676,0.6138130911451142,-0.5427303450018918,12.824900271053087,0.0008455205247998188,-2.8357127947043828,-0.002171142729562492,0.0,0.0,0.6138130911451142,0.0,0.6929092595710203,0.0,0.0,0.785130792192758,0.0,0.0,0.896035948929599,0.0,0.0,1.0321909634081965,0.0,16.33599363816103,0.0
778,19.450000000000003,1.754333768012283e+18,2.6536459913610093,0.3199441357330235,0.5442938225058344,-0.4356458258123156,12.826302055606565,-0.043958996294702325,-2.432384851154859,-0.002615339092158195,0.0,0.0,0.5442938225058344,0.0,0.6138130911451142,0.0,0.0,0.6929092595710203,0.0,0.0,0.785130792192758,0.0,0.0,0.896035948929599,0.0,17.56263383065978,0.0
779,19.475,1.7543337680372828e+18,2.684440986360821,0.3290061391288821,0.4827989571172965,-0.31038855982611946,12.820674859611524,-0.037012232862774636,-2.1384675868353815,-0.0020834389758560166,0.0,0.0,0.4827989571172965,0.0,0.5442938225058344,0.0,0.0,0.6138130911451142,0.0,0.0,0.6929092595710203,0.0,0.0,0.785130792192758,0.0,18.3833700398312,0.0
780,19.5,1.7543337680622828e+18,2.692063134724753,0.3306414835540953,0.42907027188878355,-0.1850791235443484,12.820878360666164,-0.004877508555392829,-1.9025372617463299,-0.0010983340597016862,0.0,0.0,0.42907027188878355,0.0,0.4827989571172965,0.0,0.0,0.5442938225058344,0.0,0.0,0.6138130911451142,0.0,0.0,0.6929092595710203,0.0,19.07864002678279,0.0
781,19.525000000000002,1.7543337680872827e+18,2.711777555435288,0.3348712448321407,0.3831726442168141,-0.07704943282404497,12.821404709041445,0.030167946292183338,-1.6926226355973035,-0.0001329432310377928,0.0,0.0,0.3831726442168141,0.0,0.42907027188878355,0.0,0.0,0.4827989571172965,0.0,0.0,0.5442938225058344,0.0,0.0,0.6138130911451142,0.0,19.6823767399854,0.0
782,19.55,1.7543337681122826e+18,2.71661007033877,0.3394899489346339,0.3446635577004272,0.0015241842397418284,12.82526821577984,0.05439934283185703,-1.4985691815452784,0.0005192514725121964,0.0,0.0,0.3446635577004272,0.0,0.3831726442168141,0.0,0.0,0.42907027188878355,0.0,0.0,0.4827989571172965,0.0,0.0,0.5442938225058344,0.0,19.9346859145381,0.0
783,19.575000000000003,1.7543337681372828e+18,2.719766215680914,0.3407652365726733,0.3122285518219453,0.04599629670854856,12.825093835660677,0.06310332792042977,-1.3260737615839466,0.0007700210153234212,0.0,0.0,0.3122285518219453,0.0,0.3446635577004272,0.0,0.0,0.3831726442168141,0.0,0.0,0.42907027188878355,0.0,0.0,0.4827989571172965,0.0,20.02520919639973,0.0
784,19.6,1.7543337681622828e+18,2.727521461053392,0.34430803160377,0.2838858627229452,0.05920234075456521,12.825139921965956,0.058328945234339395,-1.1867065363582212,0.0006886275718877352,0.0,0.0,0.2838858627229452,0.0,0.3122285518219453,0.0,0.0,0.3446635577004272,0.0,0.0,0.3831726442168141,0.0,0.0,0.42907027188878355,0.0,19.99021422336842,0.0
785,19.625,1.7543337681872827e+18,2.741152262293045,0.3475066018586678,0.2575695389875325,0.04943688760656932,12.82580510976948,0.0455784344377022,-1.0885676261909065,0.00042243968053352427,0.0,0.0,0.2575695389875325,0.0,0.2838858627229452,0.0,0.0,0.3122285518219453,0.0,0.0,0.3446635577004272,0.0,0.0,0.3831726442168141,0.0,19.982476665204068,0.0
786,19.650000000000002,1.754333768212283e+18,2.752116456886637,0.3485116240509371,0.23172513012816823,0.02741970342507924,12.827268997837756,0.030805644031303536,-1.0308649927392555,0.00012231754390925966,0.0,0.0,0.23172513012816823,0.0,0.2575695389875325,0.0,0.0,0.2838858627229452,0.0,0.0,0.3122285518219453,0.0,0.0,0.3446635577004272,0.0,19.892345472469454,0.0
787,19.675,1.7543337682372828e+18,2.7516861178335463,0.3492115346789071,0.20561678046202886,0.0032912117489005384,12.82882023471878,0.01846051562382607,-1.003484465659162,-0.00010570198460472965,0.0,0.0,0.20561678046202886,0.0,0.23172513012816823,0.0,0.0,0.2575695389875325,0.0,0.0,0.2838858627229452,0.0,0.0,0.3122285518219453,0.0,19.847402014162483,0.0
788,19.700000000000003,1.7543337682622828e+18,2.757563664762454,0.350729788908822,0.17927553453707254,-0.015575620079932137,12.82934115542358,0.010728088913056969,-0.9905355906261116,-0.00021700577461476172,0.0,0.0,0.17927553453707254,0.0,0.20561678046202886,0.0,0.0,0.23172513012816823,0.0,0.0,0.2575695389875325,0.0,0.0,0.2838858627229452,0.0,19.73979710790189,0.0
789,19.725,1.7543337682872827e+18,2.7607900502766016,0.3491327718783952,0.15322437845238412,-0.025577116756177718,12.829143107995645,0.007714750980162495,-0.9756258027278547,-0.00021975728863064348,0.0,0.0,0.15322437845238412,0.0,0.17927553453707254,0.0,0.0,0.20561678046202886,0.0,0.0,0.23172513012816823,0.0,0.0,0.2575695389875325,0.0,19.58047021518715,0.0
790,19.75,1.7543337683122826e+18,2.765458695124936,0.3503560316068965,0.1281680806631894,-0.026721307874646973,12.829590805394778,0.008160542349009208,-0.9464910925611116,-0.00015296893129673037,0.0,0.0,0.1281680806631894,0.0,0.15322437845238412,0.0,0.0,0.17927553453707254,0.0,0.0,0.20561678046202886,0.0,0.0,0.23172513012816823,0.0,19.381774979764998,0.0
791,19.775000000000002,1.7543337683372828e+18,2.7699815301999555,0.3524242694779609,0.10476063559932845,-0.021609970133525894,12.830087058498712,0.010275343289680548,-0.8973823413069355,-6.300815167411954e-05,0.0,0.0,0.10476063559932845,0.0,0.1281680806631894,0.0,0.0,0.15322437845238412,0.0,0.0,0.17927553453707254,0.0,0.0,0.20561678046202886,0.0,19.23660777600874,0.0
792,19.8,1.7543337683622828e+18,2.7738276322264257,0.3534329026795272,0.08346969697466015,-0.013997975526641726,12.830493735092178,0.012422922919266758,-0.8287897687319684,1.356172171552257e-05,0.0,0.0,0.08346969697466015,0.0,0.10476063559932845,0.0,0.0,0.1281680806631894,0.0,0.0,0.15322437845238412,0.0,0.0,0.17927553453707254,0.0,19.06631698697351,0.0
793,19.825000000000003,1.7543337683872827e+18,2.7771086285802125,0.3547925176653626,0.06452024291254822,-0.0073892517447712415,12.831573153548433,0.013521052753902219,-0.7451705512588762,5.7781778170017716e-05,0.0,0.0,0.06452024291254822,0.0,0.08346969697466015,0.0,0.0,0.10476063559932845,0.0,0.0,0.1281680806631894,0.0,0.0,0.15322437845238412,0.0,18.950083384983156,0.0
794,19.85,1.754333768412283e+18,2.7792523373266347,0.355359276125042,0.04790996821638256,-0.0040367476800869965,12.831688466037356,0.013149655517384094,-0.6519671728327218,6.774373086413982e-05,0.0,0.0,0.04790996821638256,0.0,0.06452024291254822,0.0,0.0,0.08346969697466015,0.0,0.0,0.10476063559932845,0.0,0.0,0.1281680806631894,0.0,18.822281716604554,0.0
795,19.875,1.7543337684372828e+18,2.7806495970964877,0.3539069050814412,0.03349792476802555,-0.004539938532777078,12.831800871000505,0.011445741409008909,-0.5532387331960024,5.2922800409360196e-05,0.0,0.0,0.03349792476802555,0.0,0.04790996821638256,0.0,0.0,0.06452024291254822,0.0,0.0,0.08346969697466015,0.0,0.0,0.10476063559932845,0.0,18.691567850508445,0.0
796,19.900000000000002,1.7543337684622828e+18,2.78153444103782,0.3541399447214091,0.021148845522363003,-0.008040648881984195,12.831856351261672,0.008893665814157464,-0.45076405030681826,2.7042309580673115e-05,0.0,0.0,0.021148845522363003,0.0,0.03349792476802555,0.0,0.0,0.04790996821638256,0.0,0.0,0.06452024291254822,0.0,0.0,0.08346969697466015,0.0,18.599493158587997,0.0
797,19.925,1.7543337684872827e+18,2.7871055336920807,0.3548423350918447,0.010877596752386984,-0.012849913135436835,12.831696390473438,0.006097198429415901,-0.3447518305821655,2.234206439020322e-06,0.0,0.0,0.010877596752386984,0.0,0.021148845522363003,0.0,0.0,0.03349792476802555,0.0,0.0,0.04790996821638256,0.0,0.0,0.06452024291254822,0.0,18.541424141031023,0.0
798,19.950000000000003,1.7543337685122826e+18,2.788619306068449,0.3552416906038652,0.002912375515563876,-0.017222757245435115,12.831715145535643,0.003585318925405203,-0.23560266054020496,-1.4159548982891877e-05,0.0,0.0,0.002912375515563876,0.0,0.010877596752386984,0.0,0.0,0.021148845522363003,0.0,0.0,0.03349792476802555,0.0,0.0,0.04790996821638256,0.0,18.477744653850564,0.0
799,19.975,1.7543337685372828e+18,2.785790330850138,0.3540976599496355,-0.0023828412616350393,-0.019975716734185734,12.832866032570445,0.0016868444502525963,-0.12576284868279822,-2.0117222388534505e-05,0.0,0.0,-0.0023828412616350393,0.0,0.002912375515563876,0.0,0.0,0.010877596752386984,0.0,0.0,0.021148845522363003,0.0,0.0,0.03349792476802555,0.0,18.418427237323787,0.0
800,20.0,1.7543337685622828e+18,2.78343644307147,0.3525119991297347,-0.004710679274932484,-0.020739119952858823,12.832431740462496,0.0004980582261052165,-0.020722819698846873,-1.7613821845251256e-05,0.0,0.0,-0.004710679274932484,0.0,-0.0023828412616350393,0.0,0.0,0.002912375515563876,0.0,0.0,0.010877596752386984,0.0,0.0,0.021148845522363003,0.0,18.39456002473444,0.0
801,20.025000000000002,1.7543337685872827e+18,2.783458366651552,0.3525179897712082,-0.004070295776729965,-0.01981798802005589,12.83235108510221,-6.284498077726563e-05,0.07138914953111947,-1.0537391402703228e-05,0.0,0.0,-0.004070295776729965,0.0,-0.004710679274932484,0.0,0.0,-0.0023828412616350393,0.0,0.0,0.002912375515563876,0.0,0.0,0.010877596752386984,0.0,18.390905284479736,0.0
802,20.05,1.754333768612283e+18,2.7829608287489886,0.3526617368969341,-0.000894113752962244,-0.01781551564332531,12.832622679365532,-0.00016107965907473615,0.14156303120673563,-2.774035739085578e-06,0.0,0.0,-0.000894113752962244,0.0,-0.004070295776729965,0.0,0.0,-0.004710679274932484,0.0,0.0,-0.0023828412616350393,0.0,0.0,0.002912375515563876,0.0,18.427322170175373,0.0
803,20.075000000000003,1.7543337686372828e+18,2.782860950571165,0.3526335361140342,0.003978057337476177,-0.015260290147489265,12.832262187038866,3.044630156947175e-05,0.1824001160790967,3.0031542198848055e-06,0.0,0.0,0.003978057337476177,0.0,-0.000894113752962244,0.0,0.0,-0.004070295776729965,0.0,0.0,-0.004710679274932484,0.0,0.0,-0.0023828412616350393,0.0,18.503679844653952,0.0
804,20.1,1.7543337686622828e+18,2.781910273282269,0.3506734854500285,0.00947232783428437,-0.012430181696836315,12.832099094294193,0.00036009571321808724,0.19043733589409592,5.7221464082008176e-06,0.0,0.0,0.00947232783428437,0.0,0.003978057337476177,0.0,0.0,-0.000894113752962244,0.0,0.0,-0.004070295776729965,0.0,0.0,-0.004710679274932484,0.0,18.61580804017552,0.0
805,20.125,1.7543337686872827e+18,2.781935538965796,0.3506802979696146,0.01452403706509921,-0.009418077037868587,12.831874666904088,0.0006974358165238311,0.16746789362120745,5.658247875056802e-06,0.0,0.0,0.01452403706509921,0.0,0.00947232783428437,0.0,0.0,0.003978057337476177,0.0,0.0,-0.000894113752962244,0.0,0.0,-0.004070295776729965,0.0,18.782202632602868,0.0
806,20.150000000000002,1.7543337687122826e+18,2.779162583923201,0.350283761413469,0.018300855681221216,-0.00633063961612912,12.832142751318532,0.0009375881146659931,0.120404056055917,3.853431812897342e-06,0.0,0.0,0.018300855681221216,0.0,0.01452403706509921,0.0,0.0,0.00947232783428437,0.0,0.0,0.003978057337476177,0.0,0.0,-0.000894113752962244,0.0,18.975135842913428,0.0
807,20.175,1.7543337687372828e+18,2.7792409064344423,0.3503053581813085,0.02034226300596362,-0.0034417879474371057,12.831887214948996,0.0010209577943295642,0.05974905295104325,1.5098571997538456e-06,0.0,0.0,0.02034226300596362,0.0,0.018300855681221216,0.0,0.0,0.01452403706509921,0.0,0.0,0.00947232783428437,0.0,0.0,0.003978057337476177,0.0,19.222952323270043,0.0
808,20.200000000000003,1.7543337687622828e+18,2.778952194790959,0.3503670552549811,0.02059120166557351,-0.0011691048966522444,12.832152827926032,0.0009506979522705014,-0.002799418371725003,-4.4382489094328963e-07,0.0,0.0,0.02059120166557351,0.0,0.02034226300596362,0.0,0.0,0.018300855681221216,0.0,0.0,0.01452403706509921,0.0,0.0,0.00947232783428437,0.0,19.481724852470116,0.0
809,20.225,1.7543337687872827e+18,2.7792365255817604,0.3504446830216595,0.019326573675862588,0.0001339645201754926,12.832096472604459,0.0007863638837662248,-0.05685912507584743,-1.5415994178415172e-06,0.0,0.0,0.019326573675862588,0.0,0.02059120166557351,0.0,0.0,0.02034226300596362,0.0,0.0,0.018300855681221216,0.0,0.0,0.01452403706509921,0.0,19.743634964759085,0.0
810,20.25,1.754333768812283e+18,2.775431442983988,0.3504530852080842,0.017028921285937047,0.0004470883177489555,12.8324972478698,0.0006113366567824322,-0.09527812654131018,-1.7554943939403443e-06,0.0,0.0,0.017028921285937047,0.0,0.019326573675862588,0.0,0.0,0.02059120166557351,0.0,0.0,0.02034226300596362,0.0,0.0,0.018300855681221216,0.0,20.047811254936942,0.0
811,20.275000000000002,1.7543337688372828e+18,2.7754056542360206,0.350446362951148,0.014226813734637312,0.0002258993557968019,12.832465753753278,0.0004912556964686533,-0.1150185021425961,-1.3434269613607492e-06,0.0,0.0,0.014226813734637312,0.0,0.017028921285937047,0.0,0.0,0.019326573675862588,0.0,0.0,0.02059120166557351,0.0,0.0,0.02034226300596362,0.0,20.401724742663124,0.0
812,20.3,1.7543337688622828e+18,2.7765298544235617,0.3487823896990191,0.011372786124292777,0.0002787547081841981,12.83312940826949,0.00044570585497857146,-0.1169452990544831,-6.637821550905095e-07,0.0,0.0,0.011372786124292777,0.0,0.014226813734637312,0.0,0.0,0.017028921285937047,0.0,0.0,0.019326573675862588,0.0,0.0,0.02059120166557351,0.0,20.739453574693666,0.0
813,20.325000000000003,1.7543337688872827e+18,2.7763910599290984,0.3487447867863755,0.008780128788349346,0.0013873330711254856,12.83310133567617,0.0004468791376127377,-0.10478629888991214,-2.6761223003459043e-08,0.0,0.0,0.008780128788349346,0.0,0.011372786124292777,0.0,0.0,0.014226813734637312,0.0,0.0,0.017028921285937047,0.0,0.0,0.019326573675862588,0.0,21.132819815774987,0.0
814,20.35,1.7543337689122826e+18,2.776682968135864,0.3496842847566894,0.006621655209759581,0.003854119454613874,12.832785510552974,0.00044446966077192943,-0.08371028978013406,3.846510987018711e-07,0.0,0.0,0.006621655209759581,0.0,0.008780128788349346,0.0,0.0,0.011372786124292777,0.0,0.0,0.014226813734637312,0.0,0.0,0.017028921285937047,0.0,21.501929775899267,0.0
815,20.375,1.7543337689372828e+18,2.779804964537848,0.3518961894744824,0.004965879627780902,0.007240079964333427,12.833706257507515,0.0004022965947227844,-0.058973514986312356,5.250241981194131e-07,0.0,0.0,0.004965879627780902,0.0,0.006621655209759581,0.0,0.0,0.008780128788349346,0.0,0.0,0.011372786124292777,0.0,0.0,0.014226813734637312,0.0,21.93894602357185,0.0
816,20.400000000000002,1.7543337689622828e+18,2.7798405310608065,0.3519059661121952,0.003818914241015144,0.010471728545922166,12.833724666328648,0.0003256630897158151,-0.034944468567966736,4.5012952623779936e-07,0.0,0.0,0.003818914241015144,0.0,0.004965879627780902,0.0,0.0,0.006621655209759581,0.0,0.0,0.008780128788349346,0.0,0.0,0.011372786124292777,0.0,22.34874083313605,0.0
817,20.425,1.7543337689872827e+18,2.7766875300043936,0.3515929121778409,0.003151253679191741,0.01228808228998422,12.832902514294918,0.00026410259992534936,-0.014618426369979589,2.623816338380557e-07,0.0,0.0,0.003151253679191741,0.0,0.003818914241015144,0.0,0.0,0.004965879627780902,0.0,0.0,0.006621655209759581,0.0,0.0,0.008780128788349346,0.0,22.837792479320115,0.0
818,20.450000000000003,1.754333769012283e+18,2.776731160926798,0.3516048496649169,0.00290594238971611,0.011799346219388681,12.832979851276658,0.00028894955567289245,0.00043986604913134485,6.177193412836807e-08,0.0,0.0,0.00290594238971611,0.0,0.003151253679191741,0.0,0.0,0.003818914241015144,0.0,0.0,0.004965879627780902,0.0,0.0,0.006621655209759581,0.0,23.299780175612522,0.0
819,20.475,1.7543337690372828e+18,2.777456635480419,0.3515390069682239,0.0029973900433295773,0.008873595303805748,12.832574231553526,0.0004588178440128903,0.009880367773704405,-8.442178499582598e-08,0.0,0.0,0.0029973900433295773,0.0,0.00290594238971611,0.0,0.0,0.003151253679191741,0.0,0.0,0.003818914241015144,0.0,0.0,0.004965879627780902,0.0,23.846363719903497,0.0
820,20.5,1.7543337690622828e+18,2.7777611559347104,0.3517658865197396,0.003313475340978467,0.004183484410983588,12.832596822794168,0.0007903198494780039,0.014239672125884643,-1.506000721184877e-07,0.0,0.0,0.003313475340978467,0.0,0.0029973900433295773,0.0,0.0,0.00290594238971611,0.0,0.0,0.003151253679191741,0.0,0.0,0.003818914241015144,0.0,24.481336185796483,0.0
821,20.525000000000002,1.7543337690872827e+18,2.7793700949376623,0.351511590890683,0.0037285811009383895,-0.0010632229229094242,12.833370203890576,0.0012461892403296568,0.014609392695688924,-1.4551715256559822e-07,0.0,0.0,0.0037285811009383895,0.0,0.003313475340978467,0.0,0.0,0.0029973900433295773,0.0,0.0,0.00290594238971611,0.0,0.0,0.003151253679191741,0.0,25.21037073641854,0.0
822,20.55,1.7543337691122826e+18,2.7794140086059365,0.3515235702316399,0.004126484473268511,-0.005546905472329934,12.833427540199558,0.0017437000075783016,0.012344067983039355,-9.693319618787677e-08,0.0,0.0,0.004126484473268511,0.0,0.0037285811009383895,0.0,0.0,0.003313475340978467,0.0,0.0,0.0029973900433295773,0.0,0.0,0.00290594238971611,0.0,26.03341396864982,0.0
823,20.575000000000003,1.7543337691372828e+18,2.7762937083433727,0.3502703503442859,0.004424736232658871,-0.008224473747751808,12.832620903606749,0.0021781428104858396,0.008808536739024547,-3.5976007632391724e-08,0.0,0.0,0.004424736232658871,0.0,0.004126484473268511,0.0,0.0,0.0037285811009383895,0.0,0.0,0.003313475340978467,0.0,0.0,0.0029973900433295773,0.0,26.795519148525248,0.0
824,20.6,1.7543337691622828e+18,2.776367000784462,0.3502904019197437,0.004589600003389972,-0.00855536382570047,12.83264425433788,0.002452018534039776,0.005157330619204631,1.3804202645148419e-08,0.0,0.0,0.004589600003389972,0.0,0.004424736232658871,0.0,0.0,0.004126484473268511,0.0,0.0,0.0037285811009383895,0.0,0.0,0.003313475340978467,0.0,27.630138600011705,0.0
825,20.625,1.7543337691872827e+18,2.7802274367339987,0.3516212802092288,0.004634022089921799,-0.006530808666638479,12.83301408614813,0.002500971228237359,0.0021570479951798917,4.0996658712155646e-08,0.0,0.0,0.004634022089921799,0.0,0.004589600003389972,0.0,0.0,0.004424736232658871,0.0,0.0,0.004126484473268511,0.0,0.0,0.0037285811009383895,0.0,28.37165742895775,0.0
826,20.650000000000002,1.754333769212283e+18,2.7801407809308865,0.3515976548002599,0.004599498497210921,-0.0025531401018370438,12.833002983770587,0.0023105416123308017,8.463348247516997e-05,4.5429296777916545e-08,0.0,0.0,0.004599498497210921,0.0,0.004634022089921799,0.0,0.0,0.004589600003389972,0.0,0.0,0.004424736232658871,0.0,0.0,0.004126484473268511,0.0,29.293810141999124,0.0
827,20.675,1.7543337692372828e+18,2.7790476396523496,0.3519187637154899,0.004531776978801846,0.002745253626493785,12.833187525658035,0.0019208371010427825,-0.0012605433920908691,3.40917619728389e-08,0.0,0.0,0.004531776978801846,0.0,0.004599498497210921,0.0,0.0,0.004634022089921799,0.0,0.0,0.004589600003389972,0.0,0.0,0.004424736232658871,0.0,30.186464898927277,0.0
828,20.700000000000003,1.7543337692622828e+18,2.7789683122873408,0.3518971090557667,0.004463675974170048,0.008658297711873097,12.83317748846028,0.0014181088107413629,-0.0024135496176985872,1.6320002869998764e-08,0.0,0.0,0.004463675974170048,0.0,0.004531776978801846,0.0,0.0,0.004599498497210921,0.0,0.0,0.004634022089921799,0.0,0.0,0.004589600003389972,0.0,30.998045875333787,0.0
