,Time,original_time,x,y,vx,vy,theta,omega,ax,steering_angle,cmd_steering_angle,cmd_velocity,velocity_error,cmd_velocity_k-1,velocity_error_k-1,cmd_steering_k-1,cmd_velocity_k-2,velocity_error_k-2,cmd_steering_k-2,cmd_velocity_k-3,velocity_error_k-3,cmd_steering_k-3,cmd_velocity_k-4,velocity_error_k-4,cmd_steering_k-4,velocity_error_sum,new_bag
99,2.475,1.7543318855852772e+18,3.626803977388121,1.4002798888445052,1.8829315069989323,-0.3523625637041744,1.533777158463257,2.3253757290830825,0.8838158296341514,0.28267956399782834,0.2878316938877105,2.156991958618164,-0.27406045161923176,2.156991958618164,-0.2928005393886892,0.2878316938877105,2.078169107437134,-0.2277983242003081,0.3359319567680359,2.015211343765259,-0.17531256115905758,0.3609635531902313,2.015211343765259,-0.1841639690691983,0.3762820065021515,-41.27447154419612,0.0
100,2.5,1.754331885610277e+18,3.626389510565217,1.4584155922447544,1.9077576774575697,-0.38185281870219484,1.5962539384803798,2.352679792969383,1.1292456022548163,0.2665633799036548,0.250559389591217,2.156991958618164,-0.24923428116059432,2.156991958618164,-0.27406045161923176,0.2878316938877105,2.156991958618164,-0.2928005393886892,0.2878316938877105,2.078169107437134,-0.2277983242003081,0.3359319567680359,2.015211343765259,-0.17531256115905758,0.3609635531902313,-41.527153088418224,0.0
101,2.5250000000000004,1.754331885635277e+18,3.636037023462861,1.514053623217018,1.9391513373216607,-0.43688512906041593,1.6713099177525774,2.37064256420151,1.3699815399683881,0.2533525306323933,0.2430959194898605,2.2494165897369385,-0.3102652524152778,2.156991958618164,-0.24923428116059432,0.250559389591217,2.156991958618164,-0.27406045161923176,0.2878316938877105,2.156991958618164,-0.2928005393886892,0.2878316938877105,2.078169107437134,-0.2277983242003081,0.3359319567680359,-41.841156386465876,0.0
102,2.5500000000000003,1.7543318856602772e+18,3.6438403729032975,1.6088985200766912,1.976691925347436,-0.5191134086832858,1.7805501493518885,2.370249180333237,1.5763133990494327,0.24088274835041623,0.2436443418264389,2.2494165897369385,-0.2727246643895025,2.2494165897369385,-0.3102652524152778,0.2430959194898605,2.156991958618164,-0.24923428116059432,0.250559389591217,2.156991958618164,-0.27406045161923176,0.2878316938877105,2.156991958618164,-0.2928005393886892,0.2878316938877105,-42.117884868064316,0.0
103,2.575,1.7543318856852772e+18,3.6438403729032975,1.6088985200766912,2.0190294230195454,-0.6240795537578723,1.7805501493518885,2.3456330529598652,1.7230676547391208,0.2252158733696372,0.2436443418264389,2.2494165897369385,-0.23038716671739312,2.2494165897369385,-0.2727246643895025,0.2436443418264389,2.2494165897369385,-0.3102652524152778,0.2430959194898605,2.156991958618164,-0.24923428116059432,0.250559389591217,2.156991958618164,-0.27406045161923176,0.2878316938877105,-42.35249575781496,0.0
104,2.6,1.754331885710277e+18,3.642432769511539,1.6454330078088517,2.0640983911533746,-0.7415733833772135,1.8390247939889064,2.295494270138164,1.793065153598621,0.20134157573682612,0.187245488166809,2.357233762741089,-0.2931353715877143,2.2494165897369385,-0.23038716671739312,0.2436443418264389,2.2494165897369385,-0.2727246643895025,0.2436443418264389,2.2494165897369385,-0.3102652524152778,0.2430959194898605,2.156991958618164,-0.24923428116059432,0.250559389591217,-42.65001266468945,0.0
105,2.625,1.754331885735277e+18,3.615603010455382,1.7893286255095864,2.1095202179291,-0.8572618419517126,2.0078519194455895,2.222130612192784,1.7788991293041851,0.16434069951585434,0.1092265322804451,2.4454784393310547,-0.33595822140195475,2.357233762741089,-0.2931353715877143,0.187245488166809,2.2494165897369385,-0.23038716671739312,0.2436443418264389,2.2494165897369385,-0.2727246643895025,0.2436443418264389,2.2494165897369385,-0.3102652524152778,0.2430959194898605,-42.9904410021943,0.0
106,2.6500000000000004,1.754331885760277e+18,3.615603010455382,1.7893286255095864,2.153055279234086,-0.9552692193612667,2.0078519194455895,2.1285844268836986,1.682838104823221,0.11082088176751423,0.1325530111789703,2.4454784393310547,-0.2924231600969689,2.4454784393310547,-0.33595822140195475,0.1092265322804451,2.357233762741089,-0.2931353715877143,0.187245488166809,2.2494165897369385,-0.23038716671739312,0.2436443418264389,2.2494165897369385,-0.2727246643895025,0.2436443418264389,-43.28735927962539,0.0
107,2.6750000000000003,1.7543318857852772e+18,3.5875374775788877,1.8570204177933844,2.192925113406404,-1.0210611387233026,2.066591499835512,2.0155008064274926,1.5151482420077238,0.0403069109916161,0.1325530111789703,2.4454784393310547,-0.25255332592465063,2.4454784393310547,-0.2924231600969689,0.1325530111789703,2.4454784393310547,-0.33595822140195475,0.1092265322804451,2.357233762741089,-0.2931353715877143,0.187245488166809,2.2494165897369385,-0.23038716671739312,0.2436443418264389,-43.54438674563578,0.0
108,2.7,1.754331885810277e+18,3.5875374775788877,1.8570204177933844,2.227879281127239,-1.0438786490923433,2.066591499835512,1.8793423249167363,1.2914623596686219,-0.04394407043580622,-0.0380383506417274,2.526914596557617,-0.2990353154303782,2.4454784393310547,-0.25255332592465063,0.1325530111789703,2.4454784393310547,-0.2924231600969689,0.1325530111789703,2.4454784393310547,-0.33595822140195475,0.1092265322804451,2.357233762741089,-0.2931353715877143,0.187245488166809,-43.847851102535465,0.0
109,2.725,1.754331885835277e+18,3.550619914003053,1.922724176582517,2.2570411693676027,-1.0183082124902239,2.11852242777069,1.712680184380173,1.0298750935010517,-0.13526520230253497,-0.1267945021390915,2.526914596557617,-0.2698734271900145,2.526914596557617,-0.2990353154303782,-0.0380383506417274,2.4454784393310547,-0.25255332592465063,0.1325530111789703,2.4454784393310547,-0.2924231600969689,0.1325530111789703,2.4454784393310547,-0.33595822140195475,0.1092265322804451,-44.12209811864366,0.0
110,2.75,1.7543318858602772e+18,3.514458302376098,1.971248487865452,2.279710794329343,-0.9450277081157672,2.1559910002815235,1.5062335911026667,0.7482501154461132,-0.2251697157142931,-0.3260152339935303,2.4769232273101807,-0.1972124329808378,2.526914596557617,-0.2698734271900145,-0.1267945021390915,2.526914596557617,-0.2990353154303782,-0.0380383506417274,2.4454784393310547,-0.25255332592465063,0.1325530111789703,2.4454784393310547,-0.2924231600969689,0.1325530111789703,-44.32361433484074,0.0
111,2.7750000000000004,1.7543318858852772e+18,3.4861152410189087,2.0309906223067893,2.295299253571926,-0.8308804016408622,2.2182921322379747,1.2518538645675914,0.4619593053048496,-0.3056195499810554,-0.3260152339935303,2.4769232273101807,-0.18162397373825456,2.4769232273101807,-0.1972124329808378,-0.3260152339935303,2.526914596557617,-0.2698734271900145,-0.1267945021390915,2.526914596557617,-0.2990353154303782,-0.0380383506417274,2.4454784393310547,-0.25255332592465063,0.1325530111789703,-44.509437284608246,0.0
112,2.8000000000000003,1.754331885910277e+18,3.461263616954079,2.083373427652198,2.3034322246332843,-0.6881725322580486,2.2729187052352615,0.9456148367322673,0.1821329386712868,-0.37097874039863443,-0.3255464434623718,2.4769232273101807,-0.17349100267689632,2.4769232273101807,-0.18162397373825456,-0.3260152339935303,2.4769232273101807,-0.1972124329808378,-0.3260152339935303,2.526914596557617,-0.2698734271900145,-0.1267945021390915,2.526914596557617,-0.2990353154303782,-0.0380383506417274,-44.6869640976316,0.0
113,2.825,1.754331885935277e+18,3.41606172892326,2.130022459665458,2.3041130782462824,-0.5328268057849535,2.2652963338661523,0.590197509997009,-0.08543266987816639,-0.41893195992211724,-0.398323506116867,2.403632640838623,-0.09951956259234063,2.4769232273101807,-0.17349100267689632,-0.3255464434623718,2.4769232273101807,-0.18162397373825456,-0.3260152339935303,2.4769232273101807,-0.1972124329808378,-0.3260152339935303,2.526914596557617,-0.2698734271900145,-0.1267945021390915,-44.790291618610716,0.0
114,2.85,1.754331885960277e+18,3.3828578157868248,2.1678349397938383,2.2977838883965913,-0.3811971221001574,2.2424757240797053,0.1958530998138804,-0.34038748459411855,-0.4503166936529003,-0.4634846746921539,2.301826000213623,-0.004042111817031735,2.403632640838623,-0.09951956259234063,-0.398323506116867,2.4769232273101807,-0.17349100267689632,-0.3255464434623718,2.4769232273101807,-0.18162397373825456,-0.3260152339935303,2.4769232273101807,-0.1972124329808378,-0.3260152339935303,-44.79787349683353,0.0
115,2.875,1.7543318859852772e+18,3.3551997895424086,2.204678219630289,2.2851869685738175,-0.24613383221991683,2.255720054305712,-0.22049484612435818,-0.5865771471702014,-0.4682785438254805,-0.4969698488712311,2.301826000213623,-0.016639031639805513,2.301826000213623,-0.004042111817031735,-0.4634846746921539,2.403632640838623,-0.09951956259234063,-0.398323506116867,2.4769232273101807,-0.17349100267689632,-0.3255464434623718,2.4769232273101807,-0.18162397373825456,-0.3260152339935303,-44.81779723161624,0.0
116,2.9000000000000004,1.754331886010277e+18,3.281761290808517,2.291904715856611,2.2670614466076313,-0.13377260534816954,2.271143210050394,-0.6380130037015656,-0.8292979852973852,-0.47717408751874846,-0.4412542581558227,2.301826000213623,-0.03476455360599173,2.301826000213623,-0.016639031639805513,-0.4969698488712311,2.301826000213623,-0.004042111817031735,-0.4634846746921539,2.403632640838623,-0.09951956259234063,-0.398323506116867,2.4769232273101807,-0.17349100267689632,-0.3255464434623718,-44.85566954869668,0.0
117,2.9250000000000003,1.754331886035277e+18,3.267598879099575,2.310038881221195,2.2438257275403872,-0.042547068744135594,2.2751960912592106,-1.035976645734935,-1.071500653165627,-0.48147655129293376,-0.4837905466556549,2.20737624168396,0.036449485856427266,2.301826000213623,-0.03476455360599173,-0.4412542581558227,2.301826000213623,-0.016639031639805513,-0.4969698488712311,2.301826000213623,-0.004042111817031735,-0.4634846746921539,2.403632640838623,-0.09951956259234063,-0.398323506116867,-44.822279760642274,0.0
118,2.95,1.7543318860602772e+18,3.2352609413770548,2.334381654365972,2.215431375463798,0.035157769438417946,2.236709413079977,-1.3977950058564756,-1.3100545580367733,-0.48486229788610585,-0.4837905466556549,2.126966953277588,0.08846442218621009,2.20737624168396,0.036449485856427266,-0.4837905466556549,2.301826000213623,-0.03476455360599173,-0.4412542581558227,2.301826000213623,-0.016639031639805513,-0.4969698488712311,2.301826000213623,-0.004042111817031735,-0.4634846746921539,-44.73697060452647,0.0
119,2.975,1.7543318860852772e+18,3.170210041311104,2.4226551876903857,2.1815110855940194,0.10955715700400415,2.168042194681512,-1.7135988082549976,-1.533572232515249,-0.48963918347953117,-0.4828943610191345,2.126966953277588,0.054544132316431515,2.126966953277588,0.08846442218621009,-0.4837905466556549,2.20737624168396,0.036449485856427266,-0.4837905466556549,2.301826000213623,-0.03476455360599173,-0.4412542581558227,2.301826000213623,-0.016639031639805513,-0.4969698488712311,-44.68579189793303,0.0
120,3.0,1.754331886110277e+18,3.1397960546289934,2.4589298809298548,2.1418109651522146,0.1895564885244668,2.14527952570406,-1.980468219223474,-1.7230727860149315,-0.49659205355114344,-0.5096405744552612,2.058459520339966,0.08335144481224877,2.126966953277588,0.054544132316431515,-0.4828943610191345,2.126966953277588,0.08846442218621009,-0.4837905466556549,2.20737624168396,0.036449485856427266,-0.4837905466556549,2.301826000213623,-0.03476455360599173,-0.4412542581558227,-44.60606691307875,0.0
121,3.0250000000000004,1.754331886135277e+18,3.1132924185527244,2.481675006033578,2.0967469351482744,0.2795075411775465,2.080732011705894,-2.200405876291904,-1.8558681995662079,-0.5051838158173034,-0.5096405744552612,2.058459520339966,0.03828741480830855,2.058459520339966,0.08335144481224877,-0.5096405744552612,2.126966953277588,0.054544132316431515,-0.4828943610191345,2.126966953277588,0.08846442218621009,-0.4837905466556549,2.20737624168396,0.036449485856427266,-0.4837905466556549,-44.571641363507645,0.0
122,3.0500000000000003,1.754331886160277e+18,3.0706819130669234,2.537121928882506,2.047820666694054,0.37744998666753304,2.0240504716430765,-2.377248591574973,-1.911766775242916,-0.5139643610888116,-0.5055143237113953,2.058459520339966,-0.010638853645911883,2.058459520339966,0.03828741480830855,-0.5096405744552612,2.058459520339966,0.08335144481224877,-0.5096405744552612,2.126966953277588,0.054544132316431515,-0.4828943610191345,2.126966953277588,0.08846442218621009,-0.4837905466556549,-44.58628852071488,0.0
123,3.075,1.7543318861852772e+18,3.040178284319554,2.5897988364773736,1.9976376335976052,0.4753967392542309,1.957066270213261,-2.514273114480504,-1.8795496187955731,-0.5210453599383669,-0.5055143237113953,2.00603461265564,-0.008396979058034937,2.058459520339966,-0.010638853645911883,-0.5055143237113953,2.058459520339966,0.03828741480830855,-0.5096405744552612,2.058459520339966,0.08335144481224877,-0.5096405744552612,2.126966953277588,0.054544132316431515,-0.4828943610191345,-44.59872135323605,0.0
124,3.1,1.754331886210277e+18,2.9743184964163576,2.688993636584825,1.9494256199220101,0.5617338277179366,1.8426389194714186,-2.613729383695325,-1.7612558124896411,-0.5245488654861568,-0.5492607355117798,2.00603461265564,-0.05660899273362996,2.00603461265564,-0.008396979058034937,-0.5055143237113953,2.058459520339966,-0.010638853645911883,-0.5055143237113953,2.058459520339966,0.03828741480830855,-0.5096405744552612,2.058459520339966,0.08335144481224877,-0.5096405744552612,-44.65928550592332,0.0
125,3.125,1.754331886235277e+18,2.9743184964163576,2.688993636584825,1.9062123897568524,0.624962990103936,1.8426389194714186,-2.678116964042049,-1.5724117595254385,-0.522957752656538,-0.5475624799728394,2.00603461265564,-0.09982222289878773,2.00603461265564,-0.05660899273362996,-0.5492607355117798,2.00603461265564,-0.008396979058034937,-0.5055143237113953,2.058459520339966,-0.010638853645911883,-0.5055143237113953,2.058459520339966,0.03828741480830855,-0.5096405744552612,-44.76291713804724,0.0
126,3.1500000000000004,1.7543318862602772e+18,2.974209276023092,2.753887195879038,1.8700349653337818,0.6572495546866192,1.7488663313248485,-2.711801916274044,-1.3378119943545224,-0.5152904723033288,-0.4831613898277282,1.96814227104187,-0.09810730570808812,2.00603461265564,-0.09982222289878773,-0.5475624799728394,2.00603461265564,-0.05660899273362996,-0.5492607355117798,2.00603461265564,-0.008396979058034937,-0.5055143237113953,2.058459520339966,-0.010638853645911883,-0.5055143237113953,-44.86468004279184,0.0
127,3.1750000000000003,1.7543318862852772e+18,2.9614701069012765,2.797107649704878,1.8415494712406735,0.6563037791916629,1.7024719872017802,-2.7215322882158834,-1.0842312543436312,-0.5010797300893794,-0.4831613898277282,1.96814227104187,-0.12659279980119642,1.96814227104187,-0.09810730570808812,-0.4831613898277282,2.00603461265564,-0.09982222289878773,-0.5475624799728394,2.00603461265564,-0.05660899273362996,-0.5492607355117798,2.00603461265564,-0.008396979058034937,-0.5055143237113953,-44.99481699713919,0.0
128,3.2,1.754331886310277e+18,2.948704433393226,2.8361357475763525,1.8201786614954627,0.6251729312879221,1.6476727555469173,-2.7154143488201914,-0.8327660887390326,-0.4802601448101738,-0.4829829633235931,1.943381190299988,-0.12320252880452531,1.96814227104187,-0.12659279980119642,-0.4831613898277282,1.96814227104187,-0.09810730570808812,-0.4831613898277282,2.00603461265564,-0.09982222289878773,-0.5475624799728394,2.00603461265564,-0.05660899273362996,-0.5492607355117798,-45.121525089586505,0.0
129,3.225,1.754331886335277e+18,2.951408716076164,2.885129010942788,1.8046624576250576,0.5706855334595429,1.55310943098954,-2.7009521945725643,-0.5937708504984622,-0.4531145241284434,-0.4829829633235931,1.943381190299988,-0.1387187326749304,1.943381190299988,-0.12320252880452531,-0.4829829633235931,1.96814227104187,-0.12659279980119642,-0.4831613898277282,1.96814227104187,-0.09810730570808812,-0.4831613898277282,2.00603461265564,-0.09982222289878773,-0.5475624799728394,-45.26379143661515,0.0
130,3.25,1.754331886360277e+18,2.941920171567815,2.923030973654811,1.7937476385999047,0.5016236176298409,1.4936203295666914,-2.683060637103023,-0.3664008117032797,-0.42030279297692785,-0.4093883633613586,1.943381190299988,-0.1496335517000833,1.943381190299988,-0.1387187326749304,-0.4829829633235931,1.943381190299988,-0.12320252880452531,-0.4829829633235931,1.96814227104187,-0.12659279980119642,-0.4831613898277282,1.96814227104187,-0.09810730570808812,-0.4831613898277282,-45.41708594083731,0.0
131,3.2750000000000004,1.7543318863852772e+18,2.95520214284288,2.990556962434404,1.7867663533241411,0.42719701944783756,1.4183302728252012,-2.6626421609448596,-0.142949726554549,-0.3828417834306008,-0.4093883633613586,1.943381190299988,-0.15661483697584688,1.943381190299988,-0.1496335517000833,-0.4093883633613586,1.943381190299988,-0.1387187326749304,-0.4829829633235931,1.943381190299988,-0.12320252880452531,-0.4829829633235931,1.96814227104187,-0.12659279980119642,-0.4831613898277282,-45.5775284942353,0.0
132,3.3000000000000003,1.754331886410277e+18,2.9534374197084987,3.052410334056729,1.7839097532937842,0.35577401683570686,1.3537865797099966,-2.635964438709317,0.08381153751844726,-0.3419114818233841,-0.3128692209720611,1.946170687675476,-0.16226093438169187,1.943381190299988,-0.15661483697584688,-0.4093883633613586,1.943381190299988,-0.1496335517000833,-0.4093883633613586,1.943381190299988,-0.1387187326749304,-0.4829829633235931,1.943381190299988,-0.12320252880452531,-0.4829829633235931,-45.74381765740227,0.0
133,3.325,1.754331886435277e+18,2.96583438895174,3.086617882559919,1.7860773242121641,0.29368810948605684,1.2855897005679378,-2.595018064451368,0.31342339330063934,-0.29853620160088423,-0.2812629342079162,1.946170687675476,-0.16009336346331193,1.946170687675476,-0.16226093438169187,-0.3128692209720611,1.943381190299988,-0.15661483697584688,-0.4093883633613586,1.943381190299988,-0.1496335517000833,-0.4093883633613586,1.943381190299988,-0.1387187326749304,-0.4829829633235931,-45.908153756244985,0.0
134,3.35,1.7543318864602772e+18,2.9707159662222056,3.1243515624120404,1.7943280970238678,0.24428247844497591,1.2297623458885403,-2.5290825368016066,0.5339034709309398,-0.2533544904578814,-0.2397044450044632,1.946170687675476,-0.15184259065160832,1.946170687675476,-0.16009336346331193,-0.2812629342079162,1.946170687675476,-0.16226093438169187,-0.3128692209720611,1.943381190299988,-0.15661483697584688,-0.4093883633613586,1.943381190299988,-0.1496335517000833,-0.4093883633613586,-46.06444454673621,0.0
135,3.375,1.7543318864852772e+18,2.983983066555973,3.1622342896098763,1.8091600654684665,0.20765633418102442,1.1613862386852274,-2.4274868455149035,0.7233461099287393,-0.20667928699094432,-0.2397044450044632,1.946170687675476,-0.13701062220700955,1.946170687675476,-0.15184259065160832,-0.2397044450044632,1.946170687675476,-0.16009336346331193,-0.2812629342079162,1.946170687675476,-0.16226093438169187,-0.3128692209720611,1.943381190299988,-0.15661483697584688,-0.4093883633613586,-46.20606849212907,0.0
136,3.4000000000000004,1.754331886510277e+18,3.00916448806174,3.2325104821360995,1.8299584682565746,0.18139915596227663,1.0698854245643068,-2.282925706044161,0.8569088286482716,-0.15884063020491193,-0.1702876091003418,1.975459098815918,-0.14550063055934337,1.946170687675476,-0.13701062220700955,-0.2397044450044632,1.946170687675476,-0.15184259065160832,-0.2397044450044632,1.946170687675476,-0.16009336346331193,-0.2812629342079162,1.946170687675476,-0.16226093438169187,-0.3128692209720611,-46.3562658507319,0.0
137,3.4250000000000003,1.754331886535277e+18,3.0133191705938525,3.2457710217871645,1.8548766670053223,0.1620395164026455,1.04968597913363,-2.0940931419195508,0.9169066469079699,-0.11056773363301303,-0.1126391813158989,2.025906562805176,-0.1710298957998535,1.975459098815918,-0.14550063055934337,-0.1702876091003418,1.946170687675476,-0.13701062220700955,-0.2397044450044632,1.946170687675476,-0.15184259065160832,-0.2397044450044632,1.946170687675476,-0.16009336346331193,-0.2812629342079162,-46.53194863498899,0.0
138,3.45,1.754331886560277e+18,3.0673713850004667,3.3093145812943945,1.881211381874295,0.14647827831786128,0.9491325045408397,-1.866401878591271,0.9022319906037127,-0.06312462025563872,-0.0681079626083374,2.025906562805176,-0.14469518093088074,2.025906562805176,-0.1710298957998535,-0.1126391813158989,1.975459098815918,-0.14550063055934337,-0.1702876091003418,1.946170687675476,-0.13701062220700955,-0.2397044450044632,1.946170687675476,-0.15184259065160832,-0.2397044450044632,-46.6810918905778,0.0
139,3.475,1.7543318865852772e+18,3.074830123077529,3.325431981343941,1.906149380698363,0.13270774406857377,0.9250750199610132,-1.6103649781192564,0.8331628297248084,-0.018107416386481154,0.0178102832287549,2.0929861068725586,-0.18683672617419567,2.025906562805176,-0.14469518093088074,-0.0681079626083374,2.025906562805176,-0.1710298957998535,-0.1126391813158989,1.975459098815918,-0.14550063055934337,-0.1702876091003418,1.946170687675476,-0.13701062220700955,-0.2397044450044632,-46.87201277276406,0.0
140,3.5,1.754331886610277e+18,3.134426675090768,3.409142765364676,1.9276533008782482,0.11962067255532774,0.8442429971979234,-1.3384148695762075,0.7489585478938959,0.022932516760446806,0.0309647712856531,2.0929861068725586,-0.16533280599431044,2.0929861068725586,-0.18683672617419567,0.0178102832287549,2.025906562805176,-0.14469518093088074,-0.0681079626083374,2.025906562805176,-0.1710298957998535,-0.1126391813158989,1.975459098815918,-0.14550063055934337,-0.1702876091003418,-47.04096761508375,0.0
141,3.5250000000000004,1.754331886635277e+18,3.134426675090768,3.409142765364676,1.9452043772104253,0.10628056629191777,0.8442429971979234,-1.0617507032849616,0.6980766907035515,0.058773434525845145,0.0310531519353389,2.0929861068725586,-0.14778172966213332,2.0929861068725586,-0.16533280599431044,0.0309647712856531,2.0929861068725586,-0.18683672617419567,0.0178102832287549,2.025906562805176,-0.14469518093088074,-0.0681079626083374,2.025906562805176,-0.1710298957998535,-0.1126391813158989,-47.191940985035735,0.0
142,3.5500000000000003,1.7543318866602772e+18,3.174555087223773,3.4499366051845763,1.9601375436225548,0.09124713210401585,0.8317220178798665,-0.7886176553140964,0.7235621485353048,0.08857142141648958,0.088468924164772,2.280205726623535,-0.3200681830009804,2.0929861068725586,-0.14778172966213332,0.0310531519353389,2.0929861068725586,-0.16533280599431044,0.0309647712856531,2.0929861068725586,-0.18683672617419567,0.0178102832287549,2.025906562805176,-0.14469518093088074,-0.0681079626083374,-47.51498421284912,0.0
143,3.575,1.7543318866852772e+18,3.195808471712585,3.477380716460614,1.9754114567830163,0.07241138538402005,0.8072459762050148,-0.5243491944507914,0.8481988194306439,0.11174204182582638,0.1146622225642204,2.280205726623535,-0.30479426984051883,2.280205726623535,-0.3200681830009804,0.088468924164772,2.0929861068725586,-0.14778172966213332,0.0310531519353389,2.0929861068725586,-0.16533280599431044,0.0309647712856531,2.0929861068725586,-0.18683672617419567,0.0178102832287549,-47.82293295836245,0.0
144,3.6,1.754331886710277e+18,3.2295185449791903,3.5137817501911197,1.994821230231802,0.04752975700226675,0.798725737987648,-0.27244127031562604,1.0645795620729264,0.12785393432516132,0.1264424622058868,2.3939900398254395,-0.39916880959363743,2.280205726623535,-0.30479426984051883,0.1146622225642204,2.280205726623535,-0.3200681830009804,0.088468924164772,2.0929861068725586,-0.14778172966213332,0.0310531519353389,2.0929861068725586,-0.16533280599431044,0.0309647712856531,-48.22592936722936,0.0
145,3.6250000000000004,1.754331886735277e+18,3.2554445090923045,3.543477161801485,2.0218250145883907,0.015339706383884337,0.7795716834641652,-0.035670592607124636,1.3340099887810677,0.13665417933956045,0.1264424622058868,2.3939900398254395,-0.37216502523704875,2.3939900398254395,-0.39916880959363743,0.1264424622058868,2.280205726623535,-0.30479426984051883,0.1146622225642204,2.280205726623535,-0.3200681830009804,0.088468924164772,2.0929861068725586,-0.14778172966213332,0.0310531519353389,-48.6030043083659,0.0
146,3.6500000000000004,1.754331886760277e+18,3.302588260300768,3.573122940280201,2.058291164859267,-0.023239917826662914,0.7927983626013958,0.18327247594401305,1.595400344772063,0.13822124975985886,0.1498018503189087,2.490698337554932,-0.43240717269566487,2.3939900398254395,-0.37216502523704875,0.1264424622058868,2.3939900398254395,-0.39916880959363743,0.1264424622058868,2.280205726623535,-0.30479426984051883,0.1146622225642204,2.280205726623535,-0.3200681830009804,0.088468924164772,-49.04147689020245,0.0
147,3.6750000000000003,1.7543318867852772e+18,3.3344226533782493,3.607334119045748,2.103567386262075,-0.06458235453542932,0.7819451412173406,0.3816185871669573,1.781884082144099,0.13314973407888303,0.1452612280845642,2.554312229156494,-0.45074484289441896,2.490698337554932,-0.43240717269566487,0.1498018503189087,2.3939900398254395,-0.37216502523704875,0.1264424622058868,2.3939900398254395,-0.39916880959363743,0.1264424622058868,2.280205726623535,-0.30479426984051883,0.1146622225642204,-49.49894236406518,0.0
148,3.7,1.754331886810277e+18,3.378614846987269,3.6457501443120464,2.1542685327556996,-0.10306529638790018,0.8063156289161668,0.55654931870962,1.8400299590871165,0.12263404285415776,0.1275379359722137,2.554312229156494,-0.4000436964007945,2.554312229156494,-0.45074484289441896,0.1452612280845642,2.490698337554932,-0.43240717269566487,0.1498018503189087,2.3939900398254395,-0.37216502523704875,0.1264424622058868,2.3939900398254395,-0.39916880959363743,0.1264424622058868,-49.90519545085756,0.0
149,3.725,1.754331886835277e+18,3.4356784716351294,3.702671124668428,2.204997914955469,-0.1329224837690662,0.8307027406563908,0.7051838483516967,1.745303582056148,0.10835220663438545,0.0949943512678146,2.5845298767089844,-0.37953196175351556,2.554312229156494,-0.4000436964007945,0.1275379359722137,2.554312229156494,-0.45074484289441896,0.1452612280845642,2.490698337554932,-0.43240717269566487,0.1498018503189087,2.3939900398254395,-0.37216502523704875,0.1264424622058868,-50.28878518855022,0.0
150,3.7500000000000004,1.7543318868602772e+18,3.4750998870394048,3.746176832402004,2.2498593520153465,-0.15043486984684387,0.8448558913652267,0.8244971860345199,1.508473871394857,0.09216542380520748,0.083073154091835,2.581454277038574,-0.33159492502322774,2.5845298767089844,-0.37953196175351556,0.0949943512678146,2.554312229156494,-0.4000436964007945,0.1275379359722137,2.554312229156494,-0.45074484289441896,0.1452612280845642,2.490698337554932,-0.43240717269566487,0.1498018503189087,-50.62073786924969,0.0
151,3.7750000000000004,1.7543318868852772e+18,3.513879005833036,3.787204846154204,2.284226076590659,-0.15539487452851153,0.8620657335982167,0.9113956410886205,1.1707128626287322,0.07577613976639291,0.0692276284098625,2.581454277038574,-0.2972282004479152,2.581454277038574,-0.33159492502322774,0.083073154091835,2.5845298767089844,-0.37953196175351556,0.0949943512678146,2.554312229156494,-0.4000436964007945,0.1275379359722137,2.554312229156494,-0.45074484289441896,0.1452612280845642,-50.91407644607826,0.0
152,3.8000000000000003,1.754331886910277e+18,3.5419465319099075,3.8262935960482416,2.306040893291576,-0.15109078627019812,0.8812782889624877,0.9632399252106008,0.7891482101501907,0.06051431731764885,0.0692276284098625,2.581454277038574,-0.2754133837469981,2.581454277038574,-0.2972282004479152,0.0692276284098625,2.581454277038574,-0.33159492502322774,0.083073154091835,2.5845298767089844,-0.37953196175351556,0.0949943512678146,2.554312229156494,-0.4000436964007945,0.1275379359722137,-49.10513549699025,0.0
153,3.825,1.754331886935277e+18,3.608943811570481,3.907471273860045,2.3160936547574016,-0.14278974386345705,0.9193801949472007,0.9788538142315945,0.418088078971026,0.04731604309864499,0.0596241056919097,2.545727014541626,-0.2296333597842244,2.581454277038574,-0.2754133837469981,0.0692276284098625,2.581454277038574,-0.2972282004479152,0.0692276284098625,2.581454277038574,-0.33159492502322774,0.083073154091835,2.5845298767089844,-0.37953196175351556,0.0949943512678146,-47.25213033231724,0.0
154,3.85,1.754331886960277e+18,3.647544933876952,3.9521634107676302,2.317196152723066,-0.13546685978054318,0.9425744069966462,0.9596480177272988,0.09268648485311771,0.03681436341481733,0.0385975204408168,2.47916316986084,-0.16196701713777406,2.545727014541626,-0.2296333597842244,0.0596241056919097,2.581454277038574,-0.2754133837469981,0.0692276284098625,2.581454277038574,-0.2972282004479152,0.0692276284098625,2.581454277038574,-0.33159492502322774,0.083073154091835,-45.340868498119626,0.0
155,3.8750000000000004,1.7543318869852772e+18,3.6718507484064906,3.98647528203724,2.312681785715278,-0.13188216784561282,0.9642870844157023,0.9102634166122993,-0.17918162053530967,0.02940628005752108,0.0223144851624965,2.38420033454895,-0.07151854883367204,2.47916316986084,-0.16196701713777406,0.0385975204408168,2.545727014541626,-0.2296333597842244,0.0596241056919097,2.581454277038574,-0.2754133837469981,0.0692276284098625,2.581454277038574,-0.2972282004479152,0.0692276284098625,-43.35900109240129,0.0
156,3.9000000000000004,1.754331887010277e+18,3.701219967823808,4.02307493560545,2.304918362258868,-0.13185030095664865,0.9845909870934705,0.8383008388619241,-0.4142361672737483,0.025230051179658285,0.021332761272788,2.2840516567230225,0.020866705535845576,2.38420033454895,-0.07151854883367204,0.0223144851624965,2.47916316986084,-0.16196701713777406,0.0385975204408168,2.545727014541626,-0.2296333597842244,0.0596241056919097,2.581454277038574,-0.2754133837469981,0.0692276284098625,-41.31650528439381,0.0
157,3.9250000000000003,1.754331887035277e+18,3.75966726369008,4.107042957145316,2.2944335190294205,-0.13290766622382905,1.0195797134859492,0.7531368644204245,-0.6418020742870616,0.024104630276927802,0.0213201157748699,2.2840516567230225,0.010381862306398038,2.2840516567230225,0.020866705535845576,0.021332761272788,2.38420033454895,-0.07151854883367204,0.0223144851624965,2.47916316986084,-0.16196701713777406,0.0385975204408168,2.545727014541626,-0.2296333597842244,0.0596241056919097,-39.32806150380661,0.0
158,3.95,1.7543318870602772e+18,3.773526158553336,4.12604677336672,2.27991836884244,-0.13193965104613212,1.0297794822999315,0.6642246707564382,-0.8874653447802144,0.025540304148842907,0.0181957446038723,2.196826457977295,0.08309191086514511,2.2840516567230225,0.010381862306398038,0.0213201157748699,2.2840516567230225,0.020866705535845576,0.021332761272788,2.38420033454895,-0.07151854883367204,0.0223144851624965,2.47916316986084,-0.16196701713777406,0.0385975204408168,-37.34534783775192,0.0
159,3.975,1.7543318870852772e+18,3.811309089337811,4.197497564129064,2.2590049078305956,-0.12693553683268755,1.0476097352249185,0.5794722395941456,-1.15882603327268,0.028888324196975082,0.040452305227518,2.196826457977295,0.06217844985330068,2.196826457977295,0.08309191086514511,0.0181957446038723,2.2840516567230225,0.010381862306398038,0.0213201157748699,2.2840516567230225,0.020866705535845576,0.021332761272788,2.38420033454895,-0.07151854883367204,0.0223144851624965,-35.446070376379716,0.0
160,4.0,1.754331887110277e+18,3.8382312758772255,4.237336591631973,2.22946779948505,-0.11802517524114699,1.0635162057173908,0.5042499085568007,-1.4388387115674888,0.033599786262180194,0.0303303860127925,2.126196384429932,0.10327141505511772,2.196826457977295,0.06217844985330068,0.040452305227518,2.196826457977295,0.08309191086514511,0.0181957446038723,2.2840516567230225,0.010381862306398038,0.0213201157748699,2.2840516567230225,0.020866705535845576,0.021332761272788,-33.575093623257686,0.0
161,4.025,1.754331887135277e+18,3.880577260878432,4.307546042302491,2.190416062628318,-0.10735026405941059,1.0723589287544264,0.4412907621912691,-1.6892428236948127,0.03948027224861773,0.0641843006014823,2.072227478027344,0.11818858460097381,2.126196384429932,0.10327141505511772,0.0303303860127925,2.196826457977295,0.06217844985330068,0.040452305227518,2.196826457977295,0.08309191086514511,0.0181957446038723,2.2840516567230225,0.010381862306398038,0.0213201157748699,-31.76425409513737,0.0
162,4.05,1.754331887160277e+18,3.905078553751366,4.347633023027728,2.1430701035508273,-0.09794299267002186,1.0846605413803088,0.39132756191718526,-1.8627368499328762,0.04681273015330666,0.0142742982134222,2.072227478027344,0.07084262552348308,2.072227478027344,0.11818858460097381,0.0641843006014823,2.126196384429932,0.10327141505511772,0.0303303860127925,2.196826457977295,0.06217844985330068,0.040452305227518,2.196826457977295,0.08309191086514511,0.0181957446038723,-30.08028911157797,0.0
163,4.075,1.7543318871852772e+18,3.9372746795610265,4.404302394287739,2.0908349305829144,-0.09226850975434144,1.08775991858277,0.3540337071379859,-1.9192863783756602,0.05628756667977978,0.0613220185041427,2.072227478027344,0.01860745255557017,2.072227478027344,0.07084262552348308,0.0142742982134222,2.072227478027344,0.11818858460097381,0.0641843006014823,2.126196384429932,0.10327141505511772,0.0303303860127925,2.196826457977295,0.06217844985330068,0.040452305227518,-28.554392018345226,0.0
164,4.1000000000000005,1.754331887210277e+18,3.974347407206293,4.469409172437179,2.038593398106962,-0.09117303556592996,1.0978731862863196,0.32885231820670824,-1.840466667233755,0.0687695881111664,0.0990586429834365,2.033454656600952,0.005138741506010014,2.072227478027344,0.01860745255557017,0.0613220185041427,2.072227478027344,0.07084262552348308,0.0142742982134222,2.072227478027344,0.11818858460097381,0.0641843006014823,2.126196384429932,0.10327141505511772,0.0303303860127925,-27.124058000224117,0.0
165,4.125,1.754331887235277e+18,3.992545354226768,4.4995334623710965,1.991433853210361,-0.0936635696541604,1.101535815144395,0.3155179884166056,-1.6365379799888786,0.08497453484375017,0.0624335296452045,2.033454656600952,-0.04202080339059111,2.033454656600952,0.005138741506010014,0.0990586429834365,2.072227478027344,0.01860745255557017,0.0613220185041427,2.072227478027344,0.07084262552348308,0.0142742982134222,2.072227478027344,0.11818858460097381,0.0641843006014823,-25.81953377432598,0.0
166,4.15,1.7543318872602772e+18,4.012791095200755,4.537792927478095,1.9532726725271596,-0.09746004294611153,1.1084449152461244,0.31433902661361396,-1.3437006216648326,0.10513447640471103,0.1085771918296814,2.01274847984314,-0.059475807315980456,2.033454656600952,-0.04202080339059111,0.0624335296452045,2.033454656600952,0.005138741506010014,0.0990586429834365,2.072227478027344,0.01860745255557017,0.0613220185041427,2.072227478027344,0.07084262552348308,0.0142742982134222,-24.628165683757196,0.0
167,4.175,1.7543318872852772e+18,4.045732259185718,4.600632798629299,1.9258847998920485,-0.09992719448592279,1.1198796212050133,0.3264579911262918,-1.0126250244304351,0.12876588114525772,0.106907844543457,2.01274847984314,-0.08686367995109157,2.01274847984314,-0.059475807315980456,0.1085771918296814,2.033454656600952,-0.04202080339059111,0.0624335296452045,2.033454656600952,0.005138741506010014,0.0990586429834365,2.072227478027344,0.01860745255557017,0.0613220185041427,-23.5276239524572,0.0
168,4.2,1.754331887310277e+18,4.070615975579534,4.648467041138221,1.9086868894742433,-0.09898031407462744,1.1284840984069473,0.35419940918763976,-0.6925301997424871,0.15469689059021918,0.1538703590631485,2.007648706436157,-0.09896181696191353,2.01274847984314,-0.08686367995109157,0.106907844543457,2.01274847984314,-0.059475807315980456,0.1085771918296814,2.033454656600952,-0.04202080339059111,0.0624335296452045,2.033454656600952,0.005138741506010014,0.0990586429834365,-22.50831834692388,0.0
169,4.2250000000000005,1.754331887335277e+18,4.101016779191196,4.703177945569184,1.8993284542523843,-0.09374620863447825,1.136583372554093,0.40126605630566337,-0.41661709568748057,0.18145877552154238,0.1686291843652725,2.0164172649383545,-0.11708881068597021,2.007648706436157,-0.09896181696191353,0.1538703590631485,2.01274847984314,-0.08686367995109157,0.106907844543457,2.01274847984314,-0.059475807315980456,0.1085771918296814,2.033454656600952,-0.04202080339059111,0.0624335296452045,-21.55501895020302,0.0
170,4.25,1.754331887360277e+18,4.120034990360923,4.740721709826006,1.894849393547314,-0.08490753629058503,1.1438641347447434,0.4722730714048951,-0.1940136513271923,0.20796069449668914,0.2271364480257034,2.0164172649383545,-0.12156787139104042,2.0164172649383545,-0.11708881068597021,0.1686291843652725,2.007648706436157,-0.09896181696191353,0.1538703590631485,2.01274847984314,-0.08686367995109157,0.106907844543457,2.01274847984314,-0.059475807315980456,0.1085771918296814,-20.651084521351876,0.0
171,4.275,1.7543318873852772e+18,4.147001451993768,4.80357342397813,1.8929467268893105,-0.07467272765387933,1.1643625653073166,0.5712966098466318,-0.010848497741625352,0.23412871343845465,0.2901226282119751,2.038615226745605,-0.1456684998562945,2.0164172649383545,-0.12156787139104042,0.2271364480257034,2.0164172649383545,-0.11708881068597021,0.1686291843652725,2.007648706436157,-0.09896181696191353,0.1538703590631485,2.01274847984314,-0.08686367995109157,0.106907844543457,-19.81785214075352,0.0
172,4.300000000000001,1.754331887410277e+18,4.16428884477273,4.838896561543747,1.8928526220138853,-0.0662900753459392,1.1734981924043617,0.6997690923526334,0.16036181914011421,0.2610608420576506,0.2901226282119751,2.038615226745605,-0.14576260473171976,2.038615226745605,-0.1456684998562945,0.2901226282119751,2.0164172649383545,-0.12156787139104042,0.2271364480257034,2.0164172649383545,-0.11708881068597021,0.1686291843652725,2.007648706436157,-0.09896181696191353,0.1538703590631485,-19.0523673433116,0.0
173,4.325,1.754331887435277e+18,4.186999493186402,4.892627568597232,1.8955007110354827,-0.06308788640785376,1.1911178214099327,0.8546991560795695,0.34684470241314136,0.2904061310018394,0.2257288098335266,2.038615226745605,-0.14311451571012235,2.038615226745605,-0.14576260473171976,0.2901226282119751,2.038615226745605,-0.1456684998562945,0.2901226282119751,2.0164172649383545,-0.12156787139104042,0.2271364480257034,2.0164172649383545,-0.11708881068597021,0.1686291843652725,-18.35611260654416,0.0
174,4.3500000000000005,1.7543318874602772e+18,4.196526928162169,4.927099570083358,1.9029619266970415,-0.06721492930031232,1.2075757456413758,1.02829478859259,0.5625492376787105,0.3231494772679596,0.2743701934814453,2.070794105529785,-0.1678321788327437,2.038615226745605,-0.14311451571012235,0.2257288098335266,2.038615226745605,-0.14576260473171976,0.2901226282119751,2.038615226745605,-0.1456684998562945,0.2901226282119751,2.0164172649383545,-0.12156787139104042,0.2271364480257034,-17.755780669819575,0.0
175,4.375,1.7543318874852772e+18,4.219733646264713,4.98239754274297,1.9174101347387411,-0.0785161002643857,1.233390009355959,1.2094706264767463,0.8007729792776948,0.3584831705142707,0.3465162813663482,2.111910581588745,-0.194500446850004,2.070794105529785,-0.1678321788327437,0.2743701934814453,2.038615226745605,-0.14311451571012235,0.2257288098335266,2.038615226745605,-0.14576260473171976,0.2901226282119751,2.038615226745605,-0.1456684998562945,0.2901226282119751,-17.260526065433496,0.0
176,4.4,1.754331887510277e+18,4.245144557796746,5.043625828435269,1.9400319863206457,-0.09413224433794531,1.2761732787359408,1.3867290920526092,1.0349832107148935,0.3935151784942237,0.4287257492542267,2.111910581588745,-0.17187859526809945,2.111910581588745,-0.194500446850004,0.3465162813663482,2.070794105529785,-0.1678321788327437,0.2743701934814453,2.038615226745605,-0.14311451571012235,0.2257288098335266,2.038615226745605,-0.14576260473171976,0.2901226282119751,-16.834450667666083,0.0
177,4.425000000000001,1.754331887535277e+18,4.256595666389705,5.071401018075028,1.970299970557771,-0.10924742541877845,1.2921040920124982,1.551128838890435,1.2273043094686085,0.42407075890979373,0.4287257492542267,2.111910581588745,-0.14161061103097405,2.111910581588745,-0.17187859526809945,0.4287257492542267,2.111910581588745,-0.194500446850004,0.3465162813663482,2.070794105529785,-0.1678321788327437,0.2743701934814453,2.038615226745605,-0.14311451571012235,0.2257288098335266,-16.455955482579128,0.0
178,4.45,1.754331887560277e+18,4.273928102019909,5.127350188831932,2.005885213311977,-0.11889359927942171,1.3465632922472297,1.6980430002447024,1.3414244384661547,0.44617551049654935,0.4676404595375061,2.161879062652588,-0.15599384934061078,2.111910581588745,-0.14161061103097405,0.4287257492542267,2.111910581588745,-0.17187859526809945,0.4287257492542267,2.111910581588745,-0.194500446850004,0.3465162813663482,2.070794105529785,-0.1678321788327437,0.2743701934814453,-16.183083015182206,0.0
179,4.4750000000000005,1.7543318875852772e+18,4.287789131883897,5.166417429247043,2.04323814891347,-0.12012879802544472,1.375451412018293,1.8271536355424562,1.355277843079086,0.4574591819366414,0.4676404595375061,2.161879062652588,-0.11864091373911778,2.161879062652588,-0.15599384934061078,0.4676404595375061,2.111910581588745,-0.14161061103097405,0.4287257492542267,2.111910581588745,-0.17187859526809945,0.4287257492542267,2.111910581588745,-0.194500446850004,0.3465162813663482,-15.929340144414033,0.0
180,4.5,1.754331887610277e+18,4.290813223959786,5.211473304492339,2.078607654608333,-0.11360868542770271,1.4310118858779826,1.9410390554262649,1.2691915865236112,0.45783416442906977,0.4968478083610534,2.2152345180511475,-0.13662686344281427,2.161879062652588,-0.11864091373911778,0.4676404595375061,2.161879062652588,-0.15599384934061078,0.4676404595375061,2.111910581588745,-0.14161061103097405,0.4287257492542267,2.111910581588745,-0.17187859526809945,0.4287257492542267,-15.735857275940237,0.0
181,4.525,1.754331887635277e+18,4.301776168615685,5.249666785651768,2.1091039693637827,-0.10378688042882954,1.4638902267720364,2.043217591160805,1.1069844019396669,0.4492072486703285,0.3997690975666046,2.2719547748565674,-0.16285080549278463,2.2152345180511475,-0.13662686344281427,0.4968478083610534,2.161879062652588,-0.11864091373911778,0.4676404595375061,2.161879062652588,-0.15599384934061078,0.4676404595375061,2.111910581588745,-0.14161061103097405,0.4287257492542267,-15.607123724506392,0.0
182,4.550000000000001,1.7543318876602772e+18,4.303050145748237,5.29520248278912,2.133405410304409,-0.09760251016467864,1.527033525433021,2.1364757877865155,0.9099945860751213,0.4344586834426686,0.3902103006839752,2.2719547748565674,-0.1385493645521585,2.2719547748565674,-0.16285080549278463,0.3997690975666046,2.2152345180511475,-0.13662686344281427,0.4968478083610534,2.161879062652588,-0.11864091373911778,0.4676404595375061,2.161879062652588,-0.15599384934061078,0.4676404595375061,-15.481935008449875,0.0
183,4.575,1.7543318876852772e+18,4.305005463077385,5.376769630015815,2.151886274647512,-0.10217801247644173,1.6074340319618015,2.221932791145523,0.7262537476522916,0.41626589077344683,0.4186545014381408,2.3326637744903564,-0.1807774998428444,2.2719547748565674,-0.1385493645521585,0.3902103006839752,2.2719547748565674,-0.16285080549278463,0.3997690975666046,2.2152345180511475,-0.13662686344281427,0.4968478083610534,2.161879062652588,-0.11864091373911778,0.4676404595375061,-15.411203152121217,0.0
184,4.6000000000000005,1.754331887710277e+18,4.306948135332282,5.394931026579074,2.16622613986763,-0.1224079960698287,1.626401712156527,2.29891510330686,0.5982890756489244,0.3963538059706382,0.44729745388031,2.3933236598968506,-0.22709752002922068,2.3326637744903564,-0.1807774998428444,0.4186545014381408,2.2719547748565674,-0.1385493645521585,0.3902103006839752,2.2719547748565674,-0.16285080549278463,0.3997690975666046,2.2152345180511475,-0.13662686344281427,0.4968478083610534,-15.396406504266498,0.0
185,4.625,1.754331887735277e+18,4.304974977223555,5.49234157431051,2.1787716701063333,-0.15926894362220478,1.7257519855042518,2.3655323265464614,0.5530623367535301,0.3753999515878973,0.3447957634925842,2.453223705291748,-0.2744520351854147,2.3933236598968506,-0.22709752002922068,0.44729745388031,2.3326637744903564,-0.1807774998428444,0.4186545014381408,2.2719547748565674,-0.1385493645521585,0.3902103006839752,2.2719547748565674,-0.16285080549278463,0.3997690975666046,-15.444861448473242,0.0
186,4.65,1.754331887760277e+18,4.301696780548674,5.501978577942898,2.1919336255064543,-0.20933510767740537,1.7414009413932032,2.419694139038655,0.596547690911836,0.35340447656158114,0.3447957634925842,2.453223705291748,-0.2612900797852937,2.453223705291748,-0.2744520351854147,0.3447957634925842,2.3933236598968506,-0.22709752002922068,0.44729745388031,2.3326637744903564,-0.1807774998428444,0.4186545014381408,2.2719547748565674,-0.1385493645521585,0.3902103006839752,-15.495967672454404,0.0
187,4.675000000000001,1.7543318877852772e+18,4.296763817623858,5.561411575391499,2.2077594296760457,-0.26557206357632207,1.812412162156329,2.4600433869038083,0.7139134373167346,0.33016381715186255,0.3946287035942077,2.453223705291748,-0.2454642756157024,2.453223705291748,-0.2612900797852937,0.3447957634925842,2.453223705291748,-0.2744520351854147,0.3447957634925842,2.3933236598968506,-0.22709752002922068,0.44729745388031,2.3326637744903564,-0.1807774998428444,0.4186545014381408,-15.540590412534456,0.0
188,4.7,1.754331887810277e+18,4.287213424872952,5.632536263992235,2.227669453851354,-0.31918916892084576,1.8885571372658514,2.4861959530175177,0.8747397860707352,0.3055659472561948,0.2788009643554687,2.5124411582946777,-0.2847717044433238,2.453223705291748,-0.2454642756157024,0.3946287035942077,2.453223705291748,-0.2612900797852937,0.3447957634925842,2.453223705291748,-0.2744520351854147,0.3447957634925842,2.3933236598968506,-0.22709752002922068,0.44729745388031,-15.642016077155823,0.0
189,4.7250000000000005,1.754331887835277e+18,4.2795011204490025,5.681131385760741,2.2522836398480797,-0.36213987662969427,1.9474328021119096,2.4980799186086027,1.041552133494616,0.27960478960748186,0.2425865679979324,2.571054220199585,-0.3187705803515053,2.5124411582946777,-0.2847717044433238,0.2788009643554687,2.453223705291748,-0.2454642756157024,0.3946287035942077,2.453223705291748,-0.2612900797852937,0.3447957634925842,2.453223705291748,-0.2744520351854147,0.3447957634925842,-15.796377849267703,0.0
190,4.75,1.7543318878602772e+18,4.249954156212986,5.755108033193738,2.2813070655854424,-0.38961493513146456,2.034748814018337,2.49480059205502,1.1793427475392395,0.2522167109268454,0.2559742629528045,2.629173994064331,-0.34786692847888867,2.571054220199585,-0.3187705803515053,0.2425865679979324,2.5124411582946777,-0.2847717044433238,0.2788009643554687,2.453223705291748,-0.2454642756157024,0.3946287035942077,2.453223705291748,-0.2612900797852937,0.3447957634925842,-15.988561669032604,0.0
191,4.775,1.7543318878852772e+18,4.238178398311614,5.79695077241675,2.313532923930146,-0.40165286437581826,2.088302300087795,2.473847482284731,1.2637095098499627,0.2231774262845608,0.234968677163124,2.629173994064331,-0.31564107013418496,2.629173994064331,-0.34786692847888867,0.2559742629528045,2.571054220199585,-0.3187705803515053,0.2425865679979324,2.5124411582946777,-0.2847717044433238,0.2788009643554687,2.453223705291748,-0.2454642756157024,0.3946287035942077,-16.166284010736906,0.0
192,4.800000000000001,1.754331887910277e+18,4.20833104980992,5.85173673517938,2.3470665592658997,-0.40309224413303907,2.1418970094511063,2.4313683328430984,1.2857101735957102,0.19222662158925635,0.1924785822629928,2.687049388885498,-0.33998282961959836,2.629173994064331,-0.31564107013418496,0.234968677163124,2.629173994064331,-0.34786692847888867,0.2559742629528045,2.571054220199585,-0.3187705803515053,0.2425865679979324,2.5124411582946777,-0.2847717044433238,0.2788009643554687,-16.336008970784796,0.0
193,4.825,1.754331887935277e+18,4.190447313186595,5.893032022421438,2.3798130122937273,-0.40165802443531934,2.1934203032855097,2.363583447795859,1.2524300194254374,0.15936130372089166,0.1796466708183288,2.7445619106292725,-0.36474889833554514,2.687049388885498,-0.33998282961959836,0.1924785822629928,2.629173994064331,-0.31564107013418496,0.234968677163124,2.629173994064331,-0.34786692847888867,0.2559742629528045,2.571054220199585,-0.3187705803515053,0.2425865679979324,-16.543299474338433,0.0
194,4.8500000000000005,1.754331887960277e+18,4.152874089867373,5.949705519362292,2.4101265916265042,-0.40481882502864014,2.2632414568991206,2.2684484776552254,1.1834298279204296,0.12508594459211841,0.1165578365325927,2.7445619106292725,-0.33443531900276824,2.7445619106292725,-0.36474889833554514,0.1796466708183288,2.687049388885498,-0.33998282961959836,0.1924785822629928,2.629173994064331,-0.31564107013418496,0.234968677163124,2.629173994064331,-0.34786692847888867,0.2559742629528045,-16.68466151260471,0.0
195,4.875,1.7543318879852772e+18,4.117242392720788,6.017609022609482,2.437381093120885,-0.4167338476856304,2.349594367333662,2.1462591895776537,1.1043988198955677,0.0904507968306265,0.0755837634205818,2.801561117172241,-0.3641800240513562,2.7445619106292725,-0.33443531900276824,0.1165578365325927,2.7445619106292725,-0.36474889833554514,0.1796466708183288,2.687049388885498,-0.33998282961959836,0.1924785822629928,2.629173994064331,-0.31564107013418496,0.234968677163124,-16.864677567586863,0.0
196,4.9,1.754331888010277e+18,4.080609307347704,6.061454390688844,2.462181954234161,-0.4366336477680398,2.3972110297585103,1.9986895728007703,1.0401122861353231,0.05686593706252507,0.0755837634205818,2.801561117172241,-0.33937916293808,2.801561117172241,-0.3641800240513562,0.0755837634205818,2.7445619106292725,-0.33443531900276824,0.1165578365325927,2.7445619106292725,-0.36474889833554514,0.1796466708183288,2.687049388885498,-0.33998282961959836,0.1924785822629928,-17.028744169365886,0.0
197,4.925000000000001,1.754331888035277e+18,4.051739785477606,6.102372496369357,2.4860708669662475,-0.4592013664889699,2.4527308740229676,1.8271284378544896,1.0088621235273447,0.025803585643700146,0.01881212182343,2.857835054397583,-0.37176418743133555,2.801561117172241,-0.33937916293808,0.0755837634205818,2.801561117172241,-0.3641800240513562,0.0755837634205818,2.7445619106292725,-0.33443531900276824,0.1165578365325927,2.7445619106292725,-0.36474889833554514,0.1796466708183288,-17.172710032596918,0.0
198,4.95,1.7543318880602772e+18,3.996114195385884,6.134580266046039,2.5108367466677994,-0.47647139145437917,2.4816203075298837,1.6317609485958293,1.0198015450678992,-0.0014665289377845058,-0.0218720603734254,2.968453884124756,-0.4576171374569564,2.857835054397583,-0.37176418743133555,0.01881212182343,2.801561117172241,-0.33937916293808,0.0755837634205818,2.801561117172241,-0.3641800240513562,0.0755837634205818,2.7445619106292725,-0.33443531900276824,0.1165578365325927,-17.33752663066518,0.0
199,4.9750000000000005,1.7543318880852772e+18,3.942408403684735,6.186516206866172,2.53779148829932,-0.4802508500125487,2.5304966673011386,1.4121601072492065,1.0733843114221664,-0.023994446940996783,-0.0218720603734254,2.968453884124756,-0.43066239582543586,2.968453884124756,-0.4576171374569564,-0.0218720603734254,2.857835054397583,-0.37176418743133555,0.01881212182343,2.801561117172241,-0.33937916293808,0.0755837634205818,2.801561117172241,-0.3641800240513562,0.0755837634205818,-17.494128574871386,0.0
200,5.0,1.754331888110277e+18,3.8814680536985033,6.2456328151133205,2.5674080835696804,-0.4642906019822363,2.6036943872589,1.1690680951406092,1.1638323922403075,-0.04107215153951262,-0.0324999988079071,2.968453884124756,-0.40104580055507544,2.968453884124756,-0.43066239582543586,-0.0218720603734254,2.968453884124756,-0.4576171374569564,-0.0218720603734254,2.857835054397583,-0.37176418743133555,0.01881212182343,2.801561117172241,-0.33937916293808,0.0755837634205818,-17.645940094265868,0.0
201,5.025,1.754331888135277e+18,3.7932072028122574,6.2930752461812975,2.5994873069053153,-0.4258424509681922,2.621181623898065,0.9065131264803369,1.2819212396444675,-0.052024773332973055,-0.0324999988079071,2.968453884124756,-0.3689665772194406,2.968453884124756,-0.40104580055507544,-0.0324999988079071,2.968453884124756,-0.43066239582543586,-0.0218720603734254,2.968453884124756,-0.4576171374569564,-0.0218720603734254,2.857835054397583,-0.37176418743133555,0.01881212182343,-17.704641419070033,0.0
202,5.050000000000001,1.754331888160277e+18,3.7932072028122574,6.2930752461812975,2.633667037781731,-0.3664167082749317,2.621181623898065,0.6333847014714659,1.4166420044045163,-0.056048084096161584,-0.0584999993443489,3.076793909072876,-0.4431268712911449,2.968453884124756,-0.3689665772194406,-0.0324999988079071,2.968453884124756,-0.40104580055507544,-0.0324999988079071,2.968453884124756,-0.43066239582543586,-0.0218720603734254,2.968453884124756,-0.4576171374569564,-0.0218720603734254,-17.875043625971674,0.0
203,5.075,1.7543318881852772e+18,3.7246980756248913,6.334901157309741,2.6698845201259083,-0.2916264612914808,2.631405764356335,0.3636256153856625,1.5553302607449104,-0.05227545595049898,-0.0520000010728836,3.130486488342285,-0.4606019682163769,3.076793909072876,-0.4431268712911449,-0.0584999993443489,2.968453884124756,-0.3689665772194406,-0.0324999988079071,2.968453884124756,-0.40104580055507544,-0.0324999988079071,2.968453884124756,-0.43066239582543586,-0.0218720603734254,-18.10525842747066,0.0
204,5.1000000000000005,1.754331888210277e+18,3.6711616624089496,6.3618389055973,2.708487404966447,-0.21013177539832276,2.6393315854165755,0.11451523967973949,1.683073022731606,-0.04011780305542346,-0.0531459525227546,3.184281349182129,-0.475793944215682,3.130486488342285,-0.4606019682163769,-0.0520000010728836,3.076793909072876,-0.4431268712911449,-0.0584999993443489,2.968453884124756,-0.3689665772194406,-0.0324999988079071,2.968453884124756,-0.40104580055507544,-0.0324999988079071,-18.287917000098624,0.0
205,5.125,1.754331888235277e+18,3.6068174119746086,6.392093770309543,2.7499542017361467,-0.13181280308915172,2.629038951951392,-0.09650663999174747,1.7829268810370724,-0.019732313635201486,-0.0108333332464098,3.23848819732666,-0.48853399559051347,3.184281349182129,-0.475793944215682,-0.0531459525227546,3.130486488342285,-0.4606019682163769,-0.0520000010728836,3.076793909072876,-0.4431268712911449,-0.0584999993443489,2.968453884124756,-0.3689665772194406,-0.0324999988079071,-18.440492774287186,0.0
206,5.15,1.7543318882602772e+18,3.548271918116192,6.425673315499026,2.794416380319781,-0.0654630964694096,2.636439900369267,-0.25504107329368825,1.8382491707917146,0.007629810362669243,-0.0225509814918041,3.23848819732666,-0.44407181700687914,3.23848819732666,-0.48853399559051347,-0.0108333332464098,3.184281349182129,-0.475793944215682,-0.0531459525227546,3.130486488342285,-0.4606019682163769,-0.0520000010728836,3.076793909072876,-0.4431268712911449,-0.0584999993443489,-18.592141431197096,0.0
207,5.175000000000001,1.7543318882852772e+18,3.46495226382274,6.477618605657068,2.8412523282031676,-0.016639018859024884,2.619011906282496,-0.3515862106561878,1.837300937914355,0.0396187816713934,0.0398678667843341,3.3486104011535645,-0.5073580729503968,3.23848819732666,-0.44407181700687914,-0.0225509814918041,3.23848819732666,-0.48853399559051347,-0.0108333332464098,3.184281349182129,-0.475793944215682,-0.0531459525227546,3.130486488342285,-0.4606019682163769,-0.0520000010728836,-18.84694617822284,0.0
208,5.2,1.754331888310277e+18,3.398865367822581,6.514959458626226,2.88896113992298,0.013425540442915255,2.6180199429062174,-0.3817411978987661,1.778757601974991,0.07320776247120443,0.0975124090909957,3.4047372341156006,-0.5157760941926206,3.3486104011535645,-0.5073580729503968,0.0398678667843341,3.23848819732666,-0.44407181700687914,-0.0225509814918041,3.23848819732666,-0.48853399559051347,-0.0108333332464098,3.184281349182129,-0.475793944215682,-0.0531459525227546,-19.063686956985084,0.0
209,5.2250000000000005,1.754331888335277e+18,3.339665103898821,6.547180365925201,2.935408988232356,0.02722142687718909,2.6064994837815516,-0.3454613174058799,1.675646049805129,0.1054252243713438,0.0975124090909957,3.4047372341156006,-0.4693282458832444,3.4047372341156006,-0.5157760941926206,0.0975124090909957,3.3486104011535645,-0.5073580729503968,0.0398678667843341,3.23848819732666,-0.44407181700687914,-0.0225509814918041,3.23848819732666,-0.48853399559051347,-0.0108333332464098,-19.26314177567831,0.0
210,5.25,1.754331888360277e+18,3.283914770004165,6.583381928677149,2.9784361253282414,0.02892968160700808,2.5943479149308373,-0.24630216118107048,1.5551864601893317,0.13411667705104993,0.1445901691913604,3.461803913116455,-0.48336778778821365,3.4047372341156006,-0.4693282458832444,0.0975124090909957,3.4047372341156006,-0.5157760941926206,0.0975124090909957,3.3486104011535645,-0.5073580729503968,0.0398678667843341,3.23848819732666,-0.44407181700687914,-0.0225509814918041,-19.549297130485687,0.0
211,5.275,1.7543318883852772e+18,3.2060419828242983,6.629268372516517,3.016693710600993,0.02199848370043133,2.5854635327039084,-0.09116716659200932,1.4532758956476135,0.1584194926889263,0.1823282241821289,3.5199382305145264,-0.5032445199135336,3.461803913116455,-0.48336778778821365,0.1445901691913604,3.4047372341156006,-0.4693282458832444,0.0975124090909957,3.4047372341156006,-0.5157760941926206,0.0975124090909957,3.3486104011535645,-0.5073580729503968,0.0398678667843341,-19.870917676660966,0.0
212,5.300000000000001,1.754331888410277e+18,3.144711289977024,6.670268269921889,3.050413082819064,0.007516360272799985,2.5820102115194956,0.10955444540453059,1.404524970234658,0.17875250956156047,0.1585056483745575,3.5792391300201416,-0.5288260472010777,3.5199382305145264,-0.5032445199135336,0.1823282241821289,3.461803913116455,-0.48336778778821365,0.1445901691913604,3.4047372341156006,-0.4693282458832444,0.0975124090909957,3.4047372341156006,-0.5157760941926206,0.0975124090909957,-20.22625272118515,0.0
213,5.325,1.754331888435277e+18,3.0604072319047884,6.721971299189573,3.081695350792407,-0.015966999447797902,2.5757247538516594,0.3420508075081618,1.430960413028591,0.19632813217214073,0.1793103516101837,3.639747858047485,-0.5580525072550779,3.5792391300201416,-0.5288260472010777,0.1585056483745575,3.5199382305145264,-0.5032445199135336,0.1823282241821289,3.461803913116455,-0.48336778778821365,0.1445901691913604,3.4047372341156006,-0.4693282458832444,0.0975124090909957,-20.684785665847887,0.0
214,5.3500000000000005,1.7543318884602772e+18,2.983874031884291,6.7749789329422745,3.114027168644728,-0.051265452618116644,2.599724475341798,0.5899903482333152,1.533691479150777,0.21239364227305224,0.2361006736755371,3.701636791229248,-0.58760962258452,3.639747858047485,-0.5580525072550779,0.1793103516101837,3.5792391300201416,-0.5288260472010777,0.1585056483745575,3.5199382305145264,-0.5032445199135336,0.1823282241821289,3.461803913116455,-0.48336778778821365,0.1445901691913604,-21.268353176615374,0.0
215,5.375,1.7543318884852772e+18,2.94389887949366,6.800789859238533,3.151097015837394,-0.10064884851079933,2.606419906330366,0.8363965042447853,1.691284025047357,0.22750756800721483,0.2129310369491577,3.829444169998169,-0.6783471541607748,3.701636791229248,-0.58760962258452,0.2361006736755371,3.639747858047485,-0.5580525072550779,0.1793103516101837,3.5792391300201416,-0.5288260472010777,0.1585056483745575,3.5199382305145264,-0.5032445199135336,0.1823282241821289,-21.930061299136344,0.0
216,5.4,1.754331888510277e+18,2.833037750033066,6.874417073459708,3.1953768238679983,-0.1640109324357331,2.638600948305431,1.0659154066864687,1.866285499201658,0.24112489145627436,0.2129310369491577,3.829444169998169,-0.6340673461301707,3.829444169998169,-0.6783471541607748,0.2129310369491577,3.701636791229248,-0.58760962258452,0.2361006736755371,3.639747858047485,-0.5580525072550779,0.1793103516101837,3.5792391300201416,-0.5288260472010777,0.1585056483745575,-22.529364091660522,0.0
217,5.425000000000001,1.754331888535277e+18,2.763804708091527,6.917852040906712,3.2470947965825077,-0.2378228138487365,2.660700812251677,1.2666166212805683,2.018109626122221,0.2516553101903684,0.2555172443389892,3.894407033920288,-0.6473122373377804,3.829444169998169,-0.6340673461301707,0.2129310369491577,3.829444169998169,-0.6783471541607748,0.2129310369491577,3.701636791229248,-0.58760962258452,0.2361006736755371,3.639747858047485,-0.5580525072550779,0.1793103516101837,-23.213125814854727,0.0
218,5.45,1.754331888560277e+18,2.691106392165704,6.9715039643082735,3.304090560170083,-0.3152794355092583,2.6964101362251487,1.430859826252823,2.1176695189229653,0.25700823441539616,0.2787117063999176,3.9595000743865967,-0.6554095142165135,3.894407033920288,-0.6473122373377804,0.2555172443389892,3.829444169998169,-0.6340673461301707,0.2129310369491577,3.829444169998169,-0.6783471541607748,0.2129310369491577,3.701636791229248,-0.58760962258452,0.2361006736755371,-23.956999751257452,0.0
219,5.4750000000000005,1.7543318885852772e+18,2.6467316523528157,6.997045081029255,3.3626947841354826,-0.387629033234986,2.7148809264103897,1.5554149889179743,2.1580460376250516,0.25543890212352416,0.2555172443389892,3.9595000743865967,-0.5968052902511141,3.9595000743865967,-0.6554095142165135,0.2787117063999176,3.894407033920288,-0.6473122373377804,0.2555172443389892,3.829444169998169,-0.6340673461301707,0.2129310369491577,3.829444169998169,-0.6783471541607748,0.2129310369491577,-24.608349173825,0.0
220,5.5,1.754331888610277e+18,2.4532374240047607,7.086036190327956,3.4193305128925147,-0.4462801834472814,2.8043186611686344,1.6412859466875982,2.1567325218613096,0.2463311668388599,0.2646366655826568,4.024188995361328,-0.6048584824688135,3.9595000743865967,-0.5968052902511141,0.2555172443389892,3.9595000743865967,-0.6554095142165135,0.2787117063999176,3.894407033920288,-0.6473122373377804,0.2555172443389892,3.829444169998169,-0.6340673461301707,0.2129310369491577,-25.296559101106062,0.0
221,5.525,1.754331888635277e+18,2.4532374240047607,7.086036190327956,3.4721478380125212,-0.4850399558165213,2.8043186611686344,1.693313821752859,2.148222679421417,0.23053438932181775,0.2646366655826568,4.024188995361328,-0.5520411573488069,4.024188995361328,-0.6048584824688135,0.2646366655826568,3.9595000743865967,-0.5968052902511141,0.2555172443389892,3.9595000743865967,-0.6554095142165135,0.2787117063999176,3.894407033920288,-0.6473122373377804,0.2555172443389892,-25.88688767326318,0.0
222,5.550000000000001,1.7543318886602772e+18,2.397000940606514,7.10960798391511,3.5218943850797286,-0.5018213680811003,2.840766763482998,1.7191356935988216,2.1696037764111953,0.21007004880431213,0.1624999940395355,4.209324359893799,-0.6874299748140702,4.024188995361328,-0.5520411573488069,0.2646366655826568,4.024188995361328,-0.6048584824688135,0.2646366655826568,3.9595000743865967,-0.5968052902511141,0.2555172443389892,3.9595000743865967,-0.6554095142165135,0.2787117063999176,-26.563678794431336,0.0
223,5.575,1.7543318886852772e+18,2.3018762585152173,7.152881875735801,3.5715497419629374,-0.49935480830690077,2.8889036110221085,1.7272006704520673,2.2447181169511015,0.18735388205945336,0.1570833325386047,4.2660441398620605,-0.6944943978991232,4.209324359893799,-0.6874299748140702,0.1624999940395355,4.024188995361328,-0.5520411573488069,0.2646366655826568,4.024188995361328,-0.6048584824688135,0.2646366655826568,3.9595000743865967,-0.5968052902511141,0.2555172443389892,-27.249776213272426,0.0
224,5.6000000000000005,1.754331888710277e+18,2.230001530207794,7.173633875436119,3.6248927998580847,-0.48472691114301397,2.930839433624368,1.724299951743949,2.373092454554812,0.16435737899489358,0.1706274449825287,4.319906711578369,-0.6950139117202845,4.2660441398620605,-0.6944943978991232,0.1570833325386047,4.209324359893799,-0.6874299748140702,0.1624999940395355,4.024188995361328,-0.5520411573488069,0.2646366655826568,4.024188995361328,-0.6048584824688135,0.2646366655826568,-27.888181132259078,0.0
225,5.625,1.754331888735277e+18,2.032409435943171,7.2217408446834845,3.684723517129172,-0.46781614344146016,3.0214366543139435,1.7136095666595488,2.527925902355359,0.14215040925048977,0.1560000032186508,4.319906711578369,-0.6351831944491972,4.319906711578369,-0.6950139117202845,0.1706274449825287,4.2660441398620605,-0.6944943978991232,0.1570833325386047,4.209324359893799,-0.6874299748140702,0.1624999940395355,4.024188995361328,-0.5520411573488069,0.2646366655826568,-28.42354210380949,0.0
226,5.65,1.754331888760277e+18,2.032409435943171,7.2217408446834845,3.751568109971463,-0.4588937019666069,3.0214366543139435,1.6940001316193976,2.663808645784008,0.1209828922563089,0.1299999952316284,4.417965412139893,-0.6663973021684297,4.319906711578369,-0.6351831944491972,0.1560000032186508,4.319906711578369,-0.6950139117202845,0.1706274449825287,4.2660441398620605,-0.6944943978991232,0.1570833325386047,4.209324359893799,-0.6874299748140702,0.1624999940395355,-28.99183210026983,0.0
227,5.675000000000001,1.7543318887852772e+18,1.8431306620182488,7.241842053216463,3.8233569279439146,-0.4658739824971382,3.115056813380035,1.6606915919575858,2.7310720808483318,0.10070896833046343,0.117801047861576,4.461794376373291,-0.6384374484293764,4.417965412139893,-0.6663973021684297,0.1299999952316284,4.319906711578369,-0.6351831944491972,0.1560000032186508,4.319906711578369,-0.6950139117202845,0.1706274449825287,4.2660441398620605,-0.6944943978991232,0.1570833325386047,-29.50367674889801,0.0
228,5.7,1.754331888810277e+18,1.8431306620182488,7.241842053216463,3.8960687709011386,-0.49189481565412657,3.115056813380035,1.606871147422442,2.691301642459133,0.08121458295246708,0.0660260245203971,4.534334182739258,-0.6382654118381192,4.461794376373291,-0.6384374484293764,0.117801047861576,4.417965412139893,-0.6663973021684297,0.1299999952316284,4.319906711578369,-0.6351831944491972,0.1560000032186508,4.319906711578369,-0.6950139117202845,0.1706274449825287,-30.018739631931602,0.0
229,5.7250000000000005,1.754331888835277e+18,1.7458518676581134,7.252870725644257,3.9649721109751477,-0.5339850500863043,3.1593215634969605,1.5258132487048357,2.5284533267002622,0.06263088303115469,0.0520000010728836,4.534334182739258,-0.5693620717641101,4.534334182739258,-0.6382654118381192,0.0660260245203971,4.461794376373291,-0.6384374484293764,0.117801047861576,4.417965412139893,-0.6663973021684297,0.1299999952316284,4.319906711578369,-0.6351831944491972,0.1560000032186508,-30.449382971020782,0.0
230,5.75,1.7543318888602772e+18,1.5651645532839211,7.277465556264405,4.025956420896809,-0.5834373900440365,3.225538009372932,1.4130913141125163,2.2520752035885985,0.045331925412430835,0.045499999076128,4.556824207305908,-0.5308677864090994,4.534334182739258,-0.5693620717641101,0.0520000010728836,4.534334182739258,-0.6382654118381192,0.0660260245203971,4.461794376373291,-0.6384374484293764,0.117801047861576,4.417965412139893,-0.6663973021684297,0.1299999952316284,-30.830617205729798,0.0
231,5.775,1.7543318888852772e+18,1.4834458609698853,7.278416682279076,4.076486394167718,-0.6280296691907479,3.2414870450228195,1.268459663228584,1.8923507795159846,0.029836673067511792,0.045499999076128,4.556824207305908,-0.48033781313819013,4.556824207305908,-0.5308677864090994,0.045499999076128,4.534334182739258,-0.5693620717641101,0.0520000010728836,4.534334182739258,-0.6382654118381192,0.0660260245203971,4.461794376373291,-0.6384374484293764,0.117801047861576,-31.154340181892145,0.0
232,5.800000000000001,1.754331888910277e+18,1.4331824940201363,7.278285828485391,4.115887136075918,-0.6554793121103178,3.2592639151521383,1.0969364845443805,1.4896816590926574,0.016709030988944214,0.0074262437410652,4.556717872619629,-0.4408307365437105,4.556824207305908,-0.48033781313819013,0.045499999076128,4.556824207305908,-0.5308677864090994,0.045499999076128,4.534334182739258,-0.5693620717641101,0.0520000010728836,4.534334182739258,-0.6382654118381192,0.0660260245203971,-31.432909984054163,0.0
233,5.825,1.754331888935277e+18,1.32641132437399,7.271205023283533,4.144960456797912,-0.6568962419079312,3.2898184898470073,0.9086543991571836,1.0831631238375243,0.0064682475192038465,0.0074262437410652,4.556717872619629,-0.4117574158217172,4.556717872619629,-0.4408307365437105,0.0074262437410652,4.556824207305908,-0.48033781313819013,0.045499999076128,4.556824207305908,-0.5308677864090994,0.045499999076128,4.534334182739258,-0.5693620717641101,0.0520000010728836,-31.684574036412563,0.0
234,5.8500000000000005,1.754331888960277e+18,1.2441439529304985,7.265527221293244,4.16522344728169,-0.6289808393861328,3.3163776462800976,0.7172880035418624,0.7020900484611255,-0.000507520209166746,-0.0,4.536693096160889,-0.37146964887919864,4.556717872619629,-0.4117574158217172,0.0074262437410652,4.556717872619629,-0.4408307365437105,0.0074262437410652,4.556824207305908,-0.48033781313819013,0.045499999076128,4.556824207305908,-0.5308677864090994,0.045499999076128,-31.904201094640158,0.0
235,5.875,1.7543318889852772e+18,1.1368087516801042,7.2566298349167315,4.178166133558651,-0.5742930646383638,3.3309000761368512,0.5373544882565439,0.362859020343943,-0.004075169366350798,-0.0054942141287028,4.513669490814209,-0.3355033572555577,4.536693096160889,-0.37146964887919864,-0.0,4.556717872619629,-0.4117574158217172,0.0074262437410652,4.556717872619629,-0.4408307365437105,0.0074262437410652,4.556824207305908,-0.48033781313819013,0.045499999076128,-32.102693829688704,0.0
236,5.9,1.754331889010277e+18,1.0289743524527664,7.243447217436154,4.184806703852662,-0.4997272332713162,3.3402014337493307,0.3812110771860155,0.07118115767698326,-0.004385595693124446,-0.0056329751387238,4.490152835845947,-0.30534613199328486,4.513669490814209,-0.3355033572555577,-0.0054942141287028,4.536693096160889,-0.37146964887919864,-0.0,4.556717872619629,-0.4117574158217172,0.0074262437410652,4.556717872619629,-0.4408307365437105,0.0074262437410652,-32.262539331122646,0.0
237,5.925000000000001,1.754331889035277e+18,0.9154009705215334,7.22777590355199,4.185625162188648,-0.414030127040798,3.3500695687293596,0.2567445241720103,-0.1725687041394228,-0.0018804008635647798,-0.0,4.466082572937012,-0.2804574107483635,4.490152835845947,-0.30534613199328486,-0.0056329751387238,4.513669490814209,-0.3355033572555577,-0.0054942141287028,4.536693096160889,-0.37146964887919864,-0.0,4.556717872619629,-0.4117574158217172,0.0074262437410652,-32.37196684607115,0.0
238,5.95,1.7543318890602772e+18,0.8330714187826098,7.212967684520687,4.18081206580327,-0.32553231726682796,3.360235522260835,0.16637637576559236,-0.3679834374832325,0.0027825441999610972,-0.0,4.416598320007324,-0.2357862542040543,4.466082572937012,-0.2804574107483635,-0.0,4.490152835845947,-0.30534613199328486,-0.0056329751387238,4.513669490814209,-0.3355033572555577,-0.0054942141287028,4.536693096160889,-0.37146964887919864,-0.0,-32.46305791934433,0.0
239,5.9750000000000005,1.7543318890852772e+18,0.6883673597248574,7.187599191599164,4.170692413234764,-0.24099307225548686,3.3593427906811413,0.10742941370411559,-0.5118967155312955,0.008865500283362365,0.0054166666232049,4.391216278076172,-0.2205238648414083,4.416598320007324,-0.2357862542040543,-0.0,4.466082572937012,-0.2804574107483635,-0.0,4.490152835845947,-0.30534613199328486,-0.0056329751387238,4.513669490814209,-0.3355033572555577,-0.0054942141287028,-32.49674505801154,0.0
240,6.0,1.754331889110277e+18,0.6028475643041933,7.170574426177781,4.156139895608367,-0.16568769971479544,3.3651691795162133,0.07358451139397376,-0.5994236771530208,0.01572168065759533,0.0222782492637634,4.365213394165039,-0.20907349855667245,4.391216278076172,-0.2205238648414083,0.0054166666232049,4.416598320007324,-0.2357862542040543,-0.0,4.466082572937012,-0.2804574107483635,-0.0,4.490152835845947,-0.30534613199328486,-0.0056329751387238,-32.54048575057391,0.0
241,6.025,1.754331889135277e+18,0.4606404113672564,7.138384228771894,4.1387773027650345,-0.1041159862614356,3.3664518840968753,0.057076468074975725,-0.6279980347513636,0.022952252894468502,0.0292420573532581,4.338565349578857,-0.1997880468138229,4.365213394165039,-0.20907349855667245,0.0222782492637634,4.391216278076172,-0.2205238648414083,0.0054166666232049,4.416598320007324,-0.2357862542040543,-0.0,4.466082572937012,-0.2804574107483635,-0.0,-32.592492067725594,0.0
242,6.050000000000001,1.754331889160277e+18,0.3227138244334941,7.10737230090641,4.120805142822535,-0.0604640728118677,3.366053893258508,0.05111790667401985,-0.6021872508748822,0.030488948223988347,0.0256748758256435,4.3116455078125,-0.19084036498996504,4.338565349578857,-0.1997880468138229,0.0292420573532581,4.365213394165039,-0.20907349855667245,0.0222782492637634,4.391216278076172,-0.2205238648414083,0.0054166666232049,4.416598320007324,-0.2357862542040543,-0.0,-32.46326424971458,0.0
243,6.075,1.7543318891852772e+18,0.2765308637252452,7.097198778999596,4.104452971353179,-0.03824895388343512,3.367147085779993,0.05183892273494999,-0.5366559114545327,0.03855986738073557,0.0359840393066406,4.284628868103027,-0.1801758967498479,4.3116455078125,-0.19084036498996504,0.0256748758256435,4.338565349578857,-0.1997880468138229,0.0292420573532581,4.365213394165039,-0.20907349855667245,0.0222782492637634,4.391216278076172,-0.2205238648414083,0.0054166666232049,-32.33864587662391,0.0
244,6.1000000000000005,1.754331889210277e+18,0.1572638338798793,7.068765192578107,4.091261487150036,-0.03914137159706198,3.3662699842990267,0.05909271815069382,-0.4554091174917137,0.04754572980342593,0.0487499982118606,4.227714538574219,-0.13645305142418263,4.284628868103027,-0.1801758967498479,0.0359840393066406,4.3116455078125,-0.19084036498996504,0.0256748758256435,4.338565349578857,-0.1997880468138229,0.0292420573532581,4.365213394165039,-0.20907349855667245,0.0222782492637634,-32.07593011845445,0.0
245,6.125,1.754331889235277e+18,0.0258068414932068,7.0393985149153,4.081536716628963,-0.06150896552564861,3.3678662169549236,0.07589339725678038,-0.3870300085087131,0.05777903407619066,0.0633750036358833,4.1685872077941895,-0.08705049116522634,4.227714538574219,-0.13645305142418263,0.0487499982118606,4.284628868103027,-0.1801758967498479,0.0359840393066406,4.3116455078125,-0.19084036498996504,0.0256748758256435,4.338565349578857,-0.1997880468138229,0.0292420573532581,-31.790815584382628,0.0
246,6.15,1.7543318892602772e+18,-0.0530318017652158,7.030777697288444,4.074252183705622,-0.09952380441624847,3.371461068716821,0.10680104609532284,-0.3573457124632714,0.06935061252036409,0.0633750036358833,4.1685872077941895,-0.09433502408856764,4.1685872077941895,-0.08705049116522634,0.0633750036358833,4.227714538574219,-0.13645305142418263,0.0487499982118606,4.284628868103027,-0.1801758967498479,0.0359840393066406,4.3116455078125,-0.19084036498996504,0.0256748758256435,-31.45274343577553,0.0
247,6.175000000000001,1.7543318892852772e+18,-0.1574870214086008,7.008079303652019,4.0674377336560585,-0.14358144924605953,3.3740194102436414,0.1559342755763879,-0.38209723259572,0.08198094322188085,0.0731249973177909,4.1685872077941895,-0.10114947413813091,4.1685872077941895,-0.09433502408856764,0.0633750036358833,4.1685872077941895,-0.08705049116522634,0.0633750036358833,4.227714538574219,-0.13645305142418263,0.0487499982118606,4.284628868103027,-0.1801758967498479,0.0359840393066406,-31.103148067019244,0.0
248,6.2,1.754331889310277e+18,-0.291225329550052,6.985439658536923,4.058852245361606,-0.18228280123001023,3.3803993732466115,0.22531823961998745,-0.46230010056253273,0.09500614875823711,0.0978197827935218,4.141567707061768,-0.08271546170016197,4.1685872077941895,-0.10114947413813091,0.0731249973177909,4.1685872077941895,-0.09433502408856764,0.0633750036358833,4.1685872077941895,-0.08705049116522634,0.0633750036358833,4.227714538574219,-0.13645305142418263,0.0487499982118606,-30.785819832318612,0.0
249,6.2250000000000005,1.754331889335277e+18,-0.3892365490923639,6.962995700974904,4.046658366341961,-0.20554311711637446,3.383721383869204,0.3140440925413029,-0.5840486291600929,0.10750390236481742,0.1138827726244926,4.092413902282715,-0.045755535940753767,4.141567707061768,-0.08271546170016197,0.0978197827935218,4.1685872077941895,-0.10114947413813091,0.0731249973177909,4.1685872077941895,-0.09433502408856764,0.0633750036358833,4.1685872077941895,-0.08705049116522634,0.0633750036358833,-30.45204340650585,0.0
250,6.25,1.754331889360277e+18,-0.4845519707560832,6.942357731010462,4.0299013278135885,-0.20782459232899325,3.3924617614247947,0.4183488099015026,-0.7229313971682608,0.11852695926193817,0.1183718889951706,4.070423126220703,-0.04052179840711467,4.092413902282715,-0.045755535940753767,0.1138827726244926,4.141567707061768,-0.08271546170016197,0.0978197827935218,4.1685872077941895,-0.10114947413813091,0.0731249973177909,4.1685872077941895,-0.09433502408856764,0.0633750036358833,-30.16097027988974,0.0
251,6.275,1.7543318893852772e+18,-0.6005850867191,6.915125642124347,4.008703284041428,-0.19029187519489268,3.401342135349611,0.5323690954773972,-0.8516050375466367,0.1273553682336722,0.1270991265773773,4.0471272468566895,-0.03842396281526117,4.070423126220703,-0.04052179840711467,0.1183718889951706,4.092413902282715,-0.045755535940753767,0.1138827726244926,4.141567707061768,-0.08271546170016197,0.0978197827935218,4.1685872077941895,-0.10114947413813091,0.0731249973177909,-29.902166042257086,0.0
252,6.300000000000001,1.754331889410277e+18,-0.7088788499333214,6.8889960949730895,3.9841468618751863,-0.16095393521174758,3.4172648684515963,0.6491919727891682,-0.9480057940833807,0.13367016671758472,0.1367423385381698,4.019555568695068,-0.03540870681988206,4.0471272468566895,-0.03842396281526117,0.1270991265773773,4.070423126220703,-0.04052179840711467,0.1183718889951706,4.092413902282715,-0.045755535940753767,0.1138827726244926,4.141567707061768,-0.08271546170016197,0.0978197827935218,-29.662161365329965,0.0
253,6.325,1.754331889435277e+18,-0.8222024614903392,6.860595928728365,3.957883005129129,-0.13248682168935272,3.4298491087825753,0.7619426138012586,-1.0015177532629427,0.13759191098165632,0.1413750052452087,3.98787784576416,-0.029994840635031217,4.019555568695068,-0.03540870681988206,0.1367423385381698,4.0471272468566895,-0.03842396281526117,0.1270991265773773,4.070423126220703,-0.04052179840711467,0.1183718889951706,4.092413902282715,-0.045755535940753767,0.1138827726244926,-29.462522846180775,0.0
254,6.3500000000000005,1.7543318894602772e+18,-0.8582117367264015,6.835688259576408,3.9315815284195725,-0.11824380806493755,3.439978310912489,0.8647786320681146,-1.0151815350490923,0.13958233748021853,0.1316249966621399,3.955394744873047,-0.02381321645347434,3.98787784576416,-0.029994840635031217,0.1413750052452087,4.019555568695068,-0.03540870681988206,0.1367423385381698,4.0471272468566895,-0.03842396281526117,0.1270991265773773,4.070423126220703,-0.04052179840711467,0.1183718889951706,-29.324369045496475,0.0
255,6.375,1.7543318894852772e+18,-0.9690944211335876,6.806682091213445,3.906400731956742,-0.12774574212055853,3.456757921329584,0.9536578970922452,-1.0034180660238294,0.14025478987430584,0.1413750052452087,3.955394744873047,-0.048994012916304897,3.955394744873047,-0.02381321645347434,0.1316249966621399,3.98787784576416,-0.029994840635031217,0.1413750052452087,4.019555568695068,-0.03540870681988206,0.1367423385381698,4.0471272468566895,-0.03842396281526117,0.1270991265773773,-29.301844509579105,0.0
256,6.4,1.754331889510277e+18,-1.148086162381337,6.767042726814897,3.882651743115666,-0.16337039587978486,3.507989316441012,1.0267310141807666,-0.9862588096247142,0.14016942477536048,0.1365000009536743,3.887850522994995,-0.005198779879329152,3.955394744873047,-0.048994012916304897,0.1413750052452087,3.955394744873047,-0.02381321645347434,0.1316249966621399,3.98787784576416,-0.029994840635031217,0.1413750052452087,4.019555568695068,-0.03540870681988206,0.1367423385381698,-29.32790999499428,0.0
257,6.425000000000001,1.754331889535277e+18,-1.226531360590334,6.743448510917078,3.859776632037818,-0.21961474209631104,3.5267406403664987,1.0843050846315123,-0.9821918639842075,0.1396885166860271,0.1428919434547424,3.848366737365722,0.011409894672095966,3.887850522994995,-0.005198779879329152,0.1365000009536743,3.955394744873047,-0.048994012916304897,0.1413750052452087,3.955394744873047,-0.02381321645347434,0.1316249966621399,3.98787784576416,-0.029994840635031217,0.1413750052452087,-29.326881962628583,0.0
258,6.45,1.754331889560277e+18,-1.297262184030633,6.714876813476512,3.8366492478906364,-0.2851940495630534,3.5505132476635475,1.128450446686867,-1.0020835289171517,0.13893262801885028,0.1365000009536743,3.8097870349884033,0.026862212902233118,3.848366737365722,0.011409894672095966,0.1428919434547424,3.887850522994995,-0.005198779879329152,0.1365000009536743,3.955394744873047,-0.048994012916304897,0.1413750052452087,3.955394744873047,-0.02381321645347434,0.1316249966621399,-29.383111660591496,0.0
259,6.4750000000000005,1.7543318895852772e+18,-1.4135319570939815,6.67094629569592,3.812069629570481,-0.3470082906294441,3.585927564409873,1.1623163946265724,-1.046128633131557,0.13783200800557646,0.1365000009536743,3.775794506072998,0.03627512349748274,3.8097870349884033,0.026862212902233118,0.1365000009536743,3.848366737365722,0.011409894672095966,0.1428919434547424,3.887850522994995,-0.005198779879329152,0.1365000009536743,3.955394744873047,-0.048994012916304897,0.1413750052452087,-29.409014986947312,0.0
260,6.5,1.754331889610277e+18,-1.4969789246339555,6.638510102613891,3.7852389583108117,-0.39433543991355824,3.6097371087690457,1.1891708804558891,-1.1046360129860457,0.13623328075006208,0.1430662274360656,3.74433708190918,0.040901876401631565,3.775794506072998,0.03627512349748274,0.1365000009536743,3.8097870349884033,0.026862212902233118,0.1365000009536743,3.848366737365722,0.011409894672095966,0.1428919434547424,3.887850522994995,-0.005198779879329152,0.1365000009536743,-29.4713845256008,0.0
261,6.525,1.754331889635277e+18,-1.6059467196278847,6.593202486839868,3.756036640262488,-0.4217015352624152,3.6446171340589855,1.2113635552701407,-1.1621005588456608,0.13400610565877238,0.1388394981622696,3.710944652557373,0.0450919877051148,3.74433708190918,0.040901876401631565,0.1430662274360656,3.775794506072998,0.03627512349748274,0.1365000009536743,3.8097870349884033,0.026862212902233118,0.1365000009536743,3.848366737365722,0.011409894672095966,0.1428919434547424,-29.54448112249666,0.0
262,6.550000000000001,1.7543318896602772e+18,-1.7076636683354058,6.546878001008553,3.7250337890291627,-0.4295906962883193,3.6827792692546777,1.229750916506472,-1.202933394146514,0.13110126093447946,0.1228129491209983,3.6741647720336914,0.050869016995471306,3.710944652557373,0.0450919877051148,0.1388394981622696,3.74433708190918,0.040901876401631565,0.1430662274360656,3.775794506072998,0.03627512349748274,0.1365000009536743,3.8097870349884033,0.026862212902233118,0.1365000009536743,-29.56445473102467,0.0
263,6.575,1.7543318896852772e+18,-1.8212304381013824,6.481591856369404,3.693283290895205,-0.42316156617946626,3.721042902358384,1.2440474484351014,-1.2167745681419293,0.12754625126139915,0.1228129491209983,3.6741647720336914,0.0191185188615135,3.6741647720336914,0.050869016995471306,0.1228129491209983,3.710944652557373,0.0450919877051148,0.1388394981622696,3.74433708190918,0.040901876401631565,0.1430662274360656,3.775794506072998,0.03627512349748274,0.1365000009536743,-29.563943664718728,0.0
264,6.6000000000000005,1.754331889710277e+18,-1.8553595127736724,6.463263319616544,3.6619866258446963,-0.4098783786236326,3.733159055551345,1.2538527730947282,-1.2016121565071574,0.12340946418502151,0.1267500072717666,3.637240171432495,0.024746454412201135,3.6741647720336914,0.0191185188615135,0.1228129491209983,3.6741647720336914,0.050869016995471306,0.1228129491209983,3.710944652557373,0.0450919877051148,0.1388394981622696,3.74433708190918,0.040901876401631565,0.1430662274360656,-29.544335951812535,0.0
265,6.625,1.754331889735277e+18,-1.9344512337529,6.416328353457082,3.632144958762411,-0.39706800472583204,3.76247435601763,1.2594591531490842,-1.163826811895387,0.11877639344209141,0.1218750029802322,3.5681984424591064,0.06394651630330461,3.637240171432495,0.024746454412201135,0.1267500072717666,3.6741647720336914,0.0191185188615135,0.1228129491209983,3.6741647720336914,0.050869016995471306,0.1228129491209983,3.710944652557373,0.0450919877051148,0.1388394981622696,-29.438368632118642,0.0
266,6.65,1.754331889760277e+18,-2.02305760333914,6.364315586748126,3.6042737440635952,-0.39005653764413545,3.8043949161105917,1.2617674065630873,-1.1154249950449393,0.11374792024396113,0.1218750029802322,3.5681984424591064,0.036075301604488796,3.5681984424591064,0.06394651630330461,0.1218750029802322,3.637240171432495,0.024746454412201135,0.1267500072717666,3.6741647720336914,0.0191185188615135,0.1228129491209983,3.6741647720336914,0.050869016995471306,0.1228129491209983,-29.34281752319817,0.0
267,6.675000000000001,1.7543318897852772e+18,-2.1479083096040057,6.279675693292861,3.5782456973309973,-0.3911424923812916,3.8519654108030457,1.2614942626779804,-1.069701003697506,0.10843599747877032,0.0974999964237213,3.5681984424591064,0.010047254871890843,3.5681984424591064,0.036075301604488796,0.1218750029802322,3.5681984424591064,0.06394651630330461,0.1218750029802322,3.637240171432495,0.024746454412201135,0.1267500072717666,3.6741647720336914,0.0191185188615135,0.1228129491209983,-29.24590658837519,0.0
268,6.7,1.754331889810277e+18,-2.175453366193449,6.25999171118467,3.553337233470627,-0.3994308900242724,3.8646158073707024,1.2583985526685715,-1.0370314734054638,0.10294288222658278,0.0940926000475883,3.498821496963501,0.05451573650712582,3.5681984424591064,0.010047254871890843,0.0974999964237213,3.5681984424591064,0.036075301604488796,0.1218750029802322,3.5681984424591064,0.06394651630330461,0.1218750029802322,3.637240171432495,0.024746454412201135,0.1267500072717666,-29.09242903490615,0.0
269,6.7250000000000005,1.754331889835277e+18,-2.24758909418026,6.205063083454428,3.528519019510031,-0.4114542299643142,3.899427327792552,1.2510748664212,-1.0222989584660027,0.0973473626363342,0.1095408722758293,3.464175224304199,0.06434379520583189,3.498821496963501,0.05451573650712582,0.0940926000475883,3.5681984424591064,0.010047254871890843,0.0974999964237213,3.5681984424591064,0.036075301604488796,0.1218750029802322,3.5681984424591064,0.06394651630330461,0.1218750029802322,-28.91099642901435,0.0
270,6.75,1.7543318898602772e+18,-2.3038297883065706,6.160800774968993,3.502906057739736,-0.42244521686685427,3.927039892924185,1.237387392885719,-1.0246598564048623,0.091724906317013,0.0926249995827674,3.464175224304199,0.03873083343553674,3.464175224304199,0.06434379520583189,0.1095408722758293,3.498821496963501,0.05451573650712582,0.0940926000475883,3.5681984424591064,0.010047254871890843,0.0974999964237213,3.5681984424591064,0.036075301604488796,0.1218750029802322,-28.750697724187773,0.0
271,6.775,1.7543318898852772e+18,-2.3925418844601145,6.085280070812318,3.476146365502264,-0.4280069309716616,3.9623577945055013,1.215326421122963,-1.0393469365439694,0.08618554099763079,0.0877500027418136,3.39726185798645,0.07888450751581377,3.464175224304199,0.03873083343553674,0.0926249995827674,3.464175224304199,0.06434379520583189,0.1095408722758293,3.498821496963501,0.05451573650712582,0.0940926000475883,3.5681984424591064,0.010047254871890843,0.0974999964237213,-28.52614471681566,0.0
272,6.800000000000001,1.754331889910277e+18,-2.447287076050701,6.037837776280267,3.448520160051312,-0.4257325191992325,3.989972310880866,1.183969410369022,-1.0603737775004254,0.08088127157095398,0.0789235383272171,3.39726185798645,0.051258302064861816,3.39726185798645,0.07888450751581377,0.0877500027418136,3.464175224304199,0.03873083343553674,0.0926249995827674,3.464175224304199,0.06434379520583189,0.1095408722758293,3.498821496963501,0.05451573650712582,0.0940926000475883,-28.329123810019084,0.0
273,6.825,1.754331889935277e+18,-2.5101486687086503,5.971048661324824,3.420685277431277,-0.4161776447790988,4.015492387678134,1.1441612169541213,-1.0827563970655607,0.07595924031467273,0.0740135088562965,3.331841230392456,0.08884404703882076,3.39726185798645,0.051258302064861816,0.0789235383272171,3.39726185798645,0.07888450751581377,0.0877500027418136,3.464175224304199,0.03873083343553674,0.0926249995827674,3.464175224304199,0.06434379520583189,0.1095408722758293,-28.097165247270137,0.0
274,6.8500000000000005,1.754331889960277e+18,-2.5747291899008173,5.906642083264298,3.3932279240330456,-0.40267173980349663,4.049060305784645,1.0985656426378592,-1.1032947176241417,0.07149085344689658,0.0704166665673255,3.331841230392456,0.061386693640589574,3.331841230392456,0.08884404703882076,0.0740135088562965,3.39726185798645,0.051258302064861816,0.0789235383272171,3.39726185798645,0.07888450751581377,0.0877500027418136,3.464175224304199,0.03873083343553674,0.0926249995827674,-27.867946374796805,0.0
275,6.875,1.7543318899852772e+18,-2.6188482927330794,5.849443280032389,3.366298923296144,-0.3898686127178954,4.0669758112018,1.050997872728396,-1.1198384520418092,0.06743726246505087,0.0633750036358833,3.29946231842041,0.06683660487573384,3.331841230392456,0.061386693640589574,0.0704166665673255,3.331841230392456,0.08884404703882076,0.0740135088562965,3.39726185798645,0.051258302064861816,0.0789235383272171,3.39726185798645,0.07888450751581377,0.0877500027418136,-27.60660932307107,0.0
276,6.9,1.754331890010277e+18,-2.698370071302384,5.737795706368358,3.3395550761710626,-0.3815607693034067,4.109079859746298,1.0053046464912385,-1.1298375183474234,0.06369767943865386,0.0587963946163654,3.2671988010406494,0.0723562751304132,3.29946231842041,0.06683660487573384,0.0633750036358833,3.331841230392456,0.061386693640589574,0.0704166665673255,3.331841230392456,0.08884404703882076,0.0740135088562965,3.39726185798645,0.051258302064861816,0.0789235383272171,-27.362374452672555,0.0
277,6.925000000000001,1.754331890035277e+18,-2.777665002944924,5.652017609486006,3.3124345284871053,-0.3787658096925293,4.137764097404926,0.9642817931613751,-1.1293812620544288,0.06023944502763377,0.0731249973177909,3.234938621520996,0.0774959069661092,3.2671988010406494,0.0723562751304132,0.0587963946163654,3.29946231842041,0.06683660487573384,0.0633750036358833,3.331841230392456,0.061386693640589574,0.0704166665673255,3.331841230392456,0.08884404703882076,0.0740135088562965,-27.14326793467547,0.0
278,6.95,1.7543318900602772e+18,-2.8106567731843564,5.6091159410906455,3.2846020573713606,-0.37906505031861554,4.154547887196907,0.929073183755013,-1.1136423518524037,0.057248402044115014,0.0584999993443489,3.202601432800293,0.0820006245710676,3.234938621520996,0.0774959069661092,0.0731249973177909,3.2671988010406494,0.0723562751304132,0.0587963946163654,3.29946231842041,0.06683660487573384,0.0633750036358833,3.331841230392456,0.061386693640589574,0.0704166665673255,-26.90527346076379,0.0
279,6.9750000000000005,1.7543318900852772e+18,-2.835934610442515,5.569189230253154,3.2563073869064993,-0.3775724804451328,4.174089273367398,0.8992075699029882,-1.0788077985601783,0.05519918869381098,0.0584999993443489,3.202601432800293,0.05370595410620638,3.202601432800293,0.0820006245710676,0.0584999993443489,3.234938621520996,0.0774959069661092,0.0731249973177909,3.2671988010406494,0.0723562751304132,0.0587963946163654,3.29946231842041,0.06683660487573384,0.0633750036358833,-26.732926592918467,0.0
280,7.0,1.754331890110277e+18,-2.9140349302161352,5.461184867642056,3.2284371044279547,-0.3691079317167138,4.21895931013513,0.8731072868026138,-1.0246462002914722,0.054765456838465315,0.0540481880307197,3.1702582836151123,0.058178820812842424,3.202601432800293,0.05370595410620638,0.0584999993443489,3.202601432800293,0.0820006245710676,0.0584999993443489,3.234938621520996,0.0774959069661092,0.0731249973177909,3.2671988010406494,0.0723562751304132,0.0587963946163654,-26.538120908662812,0.0
281,7.025,1.754331890135277e+18,-2.946054122201688,5.381649386460505,3.202193468552539,-0.3506069610392067,4.231038056930829,0.8487988176509786,-0.9563362628401255,0.05657169652960046,0.0540481880307197,3.1702582836151123,0.03193518493742653,3.1702582836151123,0.058178820812842424,0.0540481880307197,3.202601432800293,0.05370595410620638,0.0584999993443489,3.202601432800293,0.0820006245710676,0.0584999993443489,3.234938621520996,0.0774959069661092,0.0731249973177909,-26.3433349182326,0.0
282,7.050000000000001,1.754331890160277e+18,-2.9620539323283195,5.356247137012053,3.1785431699764497,-0.3227086275889279,4.239957268862822,0.8246612852897917,-0.8843691724291493,0.060884836842544504,0.0546437054872512,3.105363130569458,0.07318003940699169,3.1702582836151123,0.03193518493742653,0.0540481880307197,3.1702582836151123,0.058178820812842424,0.0540481880307197,3.202601432800293,0.05370595410620638,0.0584999993443489,3.202601432800293,0.0820006245710676,0.0584999993443489,-26.131605514273453,0.0
283,7.075,1.7543318901852772e+18,-3.0160680374285613,5.2658890351190175,3.1577259430460787,-0.2898003546621329,4.257402678714239,0.8000973063785208,-0.8221690136654612,0.06739909287637078,0.0546437054872512,3.105363130569458,0.05236281247662067,3.105363130569458,0.07318003940699169,0.0546437054872512,3.1702582836151123,0.03193518493742653,0.0540481880307197,3.1702582836151123,0.058178820812842424,0.0540481880307197,3.202601432800293,0.05370595410620638,0.0584999993443489,-25.898465201953982,0.0
284,7.1000000000000005,1.754331890210277e+18,-3.0483005962120524,5.2093096958068665,3.139087218411913,-0.2584723889461743,4.274031494339438,0.7759035551750146,-0.7821471623887193,0.07524950142522227,0.0803774669766426,3.0728306770324707,0.06625654137944226,3.105363130569458,0.05236281247662067,0.0546437054872512,3.105363130569458,0.07318003940699169,0.0546437054872512,3.1702582836151123,0.03193518493742653,0.0540481880307197,3.1702582836151123,0.058178820812842424,0.0540481880307197,-25.605111140545322,0.0
285,7.125,1.754331890235277e+18,-3.08607945215954,5.129435686514738,3.12131428661194,-0.23506284619779472,4.296992355185637,0.7541013327728417,-0.7716886336188788,0.08329424015665744,0.0828749984502792,3.0402936935424805,0.08102059306945941,3.0728306770324707,0.06625654137944226,0.0803774669766426,3.105363130569458,0.05236281247662067,0.0546437054872512,3.105363130569458,0.07318003940699169,0.0546437054872512,3.1702582836151123,0.03193518493742653,0.0540481880307197,-25.24963851229045,0.0
286,7.15,1.7543318902602772e+18,-3.115714167990113,5.07285141796164,3.1029431173528,-0.22336103183263803,4.313477800106467,0.7372367408393737,-0.7906777514234394,0.09056583294947285,0.108333334326744,3.007622241973877,0.0953208753789232,3.0402936935424805,0.08102059306945941,0.0828749984502792,3.0728306770324707,0.06625654137944226,0.0803774669766426,3.105363130569458,0.05236281247662067,0.0546437054872512,3.105363130569458,0.07318003940699169,0.0546437054872512,-24.89302755712623,0.0
287,7.175000000000001,1.7543318902852772e+18,-3.1574611301038056,4.986933769743031,3.082890504687824,-0.223397592476902,4.332943102939941,0.7274609830595884,-0.8315596193904867,0.09668124898764534,0.108333334326744,3.007622241973877,0.07526826271394693,3.007622241973877,0.0953208753789232,0.108333334326744,3.0402936935424805,0.08102059306945941,0.0828749984502792,3.0728306770324707,0.06625654137944226,0.0803774669766426,3.105363130569458,0.05236281247662067,0.0546437054872512,-24.57229501879658,0.0
288,7.2,1.754331890310277e+18,-3.215206222239667,4.855824079862517,3.060785475861914,-0.2317126247196421,4.366946549478151,0.7257617807362743,-0.8819001772642865,0.10200126600192805,0.0886936709284782,2.9746499061584477,0.08613556970346625,3.007622241973877,0.07526826271394693,0.108333334326744,3.007622241973877,0.0953208753789232,0.108333334326744,3.0402936935424805,0.08102059306945941,0.0828749984502792,3.0728306770324707,0.06625654137944226,0.0803774669766426,-24.201387744649793,0.0
289,7.2250000000000005,1.754331890335277e+18,-3.2278917318245464,4.826748051368956,3.0369821617721353,-0.24284223465933133,4.37512097364641,0.7315886159287587,-0.9284304074463396,0.10746031105766429,0.0977429077029228,2.9410476684570312,0.09593449331510406,2.9746499061584477,0.08613556970346625,0.0886936709284782,3.007622241973877,0.07526826271394693,0.108333334326744,3.007622241973877,0.0953208753789232,0.108333334326744,3.0402936935424805,0.08102059306945941,0.0828749984502792,-23.786682670983183,0.0
290,7.250000000000001,1.754331890360277e+18,-3.266845791870737,4.729161731651317,3.0122804520055,-0.2513181345385546,4.393893285005874,0.7430281029068502,-0.961059638749289,0.11416942780459442,0.1169999986886978,2.9066224098205566,0.10565804218494357,2.9410476684570312,0.09593449331510406,0.0977429077029228,2.9746499061584477,0.08613556970346625,0.0886936709284782,3.007622241973877,0.07526826271394693,0.108333334326744,3.007622241973877,0.0953208753789232,0.108333334326744,-23.33315770031935,0.0
291,7.275,1.7543318903852772e+18,-3.278171477721576,4.700322931665266,2.987511190595402,-0.2534213694782298,4.4012360883685835,0.7576282193405655,-0.9754879865020527,0.12299768964474994,0.1169999986886978,2.9066224098205566,0.08088878077484551,2.9066224098205566,0.10565804218494357,0.1169999986886978,2.9410476684570312,0.09593449331510406,0.0977429077029228,2.9746499061584477,0.08613556970346625,0.0886936709284782,3.007622241973877,0.07526826271394693,0.108333334326744,-22.93662784941032,0.0
292,7.300000000000001,1.754331890410277e+18,-3.305491616927931,4.614538268513667,2.963198870913935,-0.24817993887822107,4.423388705322113,0.7737426033113438,-0.9737046312527172,0.13430190242508938,0.1413750052452087,2.834115028381348,0.12908384253258687,2.9066224098205566,0.08088878077484551,0.1169999986886978,2.9066224098205566,0.10565804218494357,0.1169999986886978,2.9410476684570312,0.09593449331510406,0.0977429077029228,2.9746499061584477,0.08613556970346625,0.0886936709284782,-22.467561177258133,0.0
293,7.325,1.754331890435277e+18,-3.328632905337817,4.548993812687303,2.9394520071138284,-0.23741888366746425,4.4408139955486545,0.7918853361773855,-0.9624892006999916,0.14786055239267384,0.1413750052452087,2.834115028381348,0.10533697873248027,2.834115028381348,0.12908384253258687,0.1413750052452087,2.9066224098205566,0.08088878077484551,0.1169999986886978,2.9066224098205566,0.10565804218494357,0.1169999986886978,2.9410476684570312,0.09593449331510406,0.0977429077029228,-21.997475300190107,0.0
294,7.3500000000000005,1.7543318904602772e+18,-3.3641306850119213,4.452307727587659,2.916077647312075,-0.2249326272535656,4.471299835472046,0.8153677518022514,-0.9506820257071964,0.1629705836198807,0.1765086203813552,2.795734167098999,0.12034348021307606,2.834115028381348,0.10533697873248027,0.1413750052452087,2.834115028381348,0.12908384253258687,0.1413750052452087,2.9066224098205566,0.08088878077484551,0.1169999986886978,2.9066224098205566,0.10565804218494357,0.1169999986886978,-21.542696500974262,0.0
295,7.375000000000001,1.7543318904852772e+18,-3.368867986896812,4.406336363753667,2.892779583555961,-0.2150606857342954,4.478250105695505,0.8497120816827177,-0.9462468637238568,0.1786273852107925,0.1765086203813552,2.75592303276062,0.13685655079534076,2.795734167098999,0.12034348021307606,0.1765086203813552,2.834115028381348,0.10533697873248027,0.1413750052452087,2.834115028381348,0.12908384253258687,0.1413750052452087,2.9066224098205566,0.08088878077484551,0.1169999986886978,-21.04165992612757,0.0
296,7.4,1.754331890510277e+18,-3.389770657333488,4.334075823144019,2.8692845774457756,-0.21113645167429532,4.498288578861671,0.9009247569110698,-0.9540175852583013,0.1937244139898741,0.1765086203813552,2.75592303276062,0.11336154468515547,2.75592303276062,0.13685655079534076,0.1765086203813552,2.795734167098999,0.12034348021307606,0.1765086203813552,2.834115028381348,0.10533697873248027,0.1413750052452087,2.834115028381348,0.12908384253258687,0.1413750052452087,-20.588919218504333,0.0
297,7.425000000000001,1.754331890535277e+18,-3.410710702641901,4.26168607758684,2.84534897904299,-0.21438330860875876,4.518362881677771,0.9732809712614275,-0.974651662591467,0.20725290332057555,0.2134747356176376,2.7147111892700195,0.13063778977297025,2.75592303276062,0.11336154468515547,0.1765086203813552,2.75592303276062,0.13685655079534076,0.1765086203813552,2.795734167098999,0.12034348021307606,0.1765086203813552,2.834115028381348,0.10533697873248027,0.1413750052452087,-20.08651724130003,0.0
298,7.45,1.754331890560277e+18,-3.435186187538936,4.172015490460029,2.8207222459014107,-0.22370256440807443,4.547511885827124,1.0674876447977526,-1.0048953347268064,0.21850569157858307,0.2218965590000152,2.672215223312378,0.1485070225890328,2.7147111892700195,0.13063778977297025,0.2134747356176376,2.75592303276062,0.11336154468515547,0.1765086203813552,2.75592303276062,0.13685655079534076,0.1765086203813552,2.795734167098999,0.12034348021307606,0.1765086203813552,-19.48039308125404,0.0
299,7.4750000000000005,1.7543318905852772e+18,-3.445387435307043,4.108815992190976,2.7951719851914274,-0.23639390837231078,4.57089642994997,1.1798947199526895,-1.0389233151363069,0.22725514544430345,0.2370258569717407,2.628394842147827,0.16677714304360025,2.672215223312378,0.1485070225890328,0.2218965590000152,2.7147111892700195,0.13063778977297025,0.2134747356176376,2.75592303276062,0.11336154468515547,0.1765086203813552,2.75592303276062,0.13685655079534076,0.1765086203813552,-18.882953542385003,0.0
300,7.500000000000001,1.754331890610277e+18,-3.4575395941341327,4.0527962552895,2.7685932234007002,-0.24939795410411672,4.589314376310746,1.3029744148872109,-1.0702917897194206,0.2338174182619884,0.2370258569717407,2.628394842147827,0.1401983812528731,2.628394842147827,0.16677714304360025,0.2370258569717407,2.672215223312378,0.1485070225890328,0.2218965590000152,2.7147111892700195,0.13063778977297025,0.2134747356176376,2.75592303276062,0.11336154468515547,0.1765086203813552,-18.341709360577056,0.0
301,7.525,1.754331890635277e+18,-3.474826175735348,3.9583606447606137,2.7411181508932168,-0.2604448726131847,4.6412445225111805,1.4268552954802605,-1.0939364495712092,0.23891552345510159,0.2377722710371017,2.583425283432007,0.15769286746120992,2.628394842147827,0.1401983812528731,0.2370258569717407,2.628394842147827,0.16677714304360025,0.2370258569717407,2.672215223312378,0.1485070225890328,0.2218965590000152,2.7147111892700195,0.13063778977297025,0.2134747356176376,-17.815049915896402,0.0
302,7.550000000000001,1.7543318906602772e+18,-3.484589620620137,3.861217741214012,2.713113978390727,-0.2686168659228488,4.698448120943608,1.5414853011272145,-1.1076608106393873,0.24334346881448402,0.2377722710371017,2.583425283432007,0.12968869495872015,2.583425283432007,0.15769286746120992,0.2377722710371017,2.628394842147827,0.1401983812528731,0.2370258569717407,2.628394842147827,0.16677714304360025,0.2370258569717407,2.672215223312378,0.1485070225890328,0.2218965590000152,-17.242234349646537,0.0
303,7.575,1.7543318906852772e+18,-3.4853224838564847,3.823061746572969,2.685034865398587,-0.2741842967439236,4.7209538522335395,1.6389267775847176,-1.1127079876456274,0.24755801722530968,0.2370258569717407,2.4897892475128174,0.19524561788576955,2.583425283432007,0.12968869495872015,0.2377722710371017,2.583425283432007,0.15769286746120992,0.2377722710371017,2.628394842147827,0.1401983812528731,0.2370258569717407,2.628394842147827,0.16677714304360025,0.2370258569717407,-16.58638676354439,0.0
304,7.6000000000000005,1.754331890710277e+18,-3.490056277788563,3.754388305407544,2.6572069215942924,-0.27797977760812903,4.760729364090556,1.7151759257502406,-1.1132817681980867,0.25139676554092544,0.2370258569717407,2.4897892475128174,0.167417674081475,2.4897892475128174,0.19524561788576955,0.2370258569717407,2.583425283432007,0.12968869495872015,0.2377722710371017,2.583425283432007,0.15769286746120992,0.2377722710371017,2.628394842147827,0.1401983812528731,0.2370258569717407,-15.943175145247235,0.0
305,7.625000000000001,1.754331890735277e+18,-3.4946396598730542,3.6930407809330665,2.629671684850839,-0.28079050239254466,4.790946827443097,1.770861381047339,-1.1152134385484143,0.25408426475481277,0.271771490573883,2.4897892475128174,0.13988243733802141,2.4897892475128174,0.167417674081475,0.2370258569717407,2.4897892475128174,0.19524561788576955,0.2370258569717407,2.583425283432007,0.12968869495872015,0.2377722710371017,2.583425283432007,0.15769286746120992,0.2377722710371017,-15.3147587123187,0.0
306,7.65,1.754331890760277e+18,-3.4837931991668114,3.5844329042037346,2.602166512210376,-0.28312240701934666,4.875598557163742,1.8104779798109165,-1.1242430515011224,0.25454716821308276,0.2549317479133606,2.4408583641052246,0.16130814810515126,2.4897892475128174,0.13988243733802141,0.271771490573883,2.4897892475128174,0.167417674081475,0.2370258569717407,2.4897892475128174,0.19524561788576955,0.2370258569717407,2.583425283432007,0.12968869495872015,0.2377722710371017,-14.709378747206669,0.0
307,7.675000000000001,1.7543318907852772e+18,-3.483493896535231,3.560134912741395,2.5742364092860694,-0.28536365111730233,4.891703967186501,1.8403944460614068,-1.1444855244901495,0.25189178763948894,0.2549317479133606,2.4408583641052246,0.13337804518084484,2.4408583641052246,0.16130814810515126,0.2549317479133606,2.4897892475128174,0.13988243733802141,0.271771490573883,2.4897892475128174,0.167417674081475,0.2370258569717407,2.4897892475128174,0.19524561788576955,0.2370258569717407,-14.068642629075427,0.0
308,7.7,1.754331890810277e+18,-3.4749738543659854,3.4751716325615245,2.545410559672245,-0.2881357504266451,4.954952793927564,1.8663814798696243,-1.1775394697514199,0.24580915666285294,0.267284482717514,2.3903512954711914,0.15505926420105354,2.4408583641052246,0.13337804518084484,0.2549317479133606,2.4408583641052246,0.16130814810515126,0.2549317479133606,2.4897892475128174,0.13988243733802141,0.271771490573883,2.4897892475128174,0.167417674081475,0.2370258569717407,-13.397807270681753,0.0
309,7.7250000000000005,1.754331890835277e+18,-3.4702604624377784,3.4176089008879016,2.515355549394957,-0.29255563326819384,4.9968393819711645,1.8915666515081184,-1.2224245835231744,0.23671697018162968,0.2218965590000152,2.3903512954711914,0.12500425392376568,2.3903512954711914,0.15505926420105354,0.267284482717514,2.4408583641052246,0.13337804518084484,0.2549317479133606,2.4408583641052246,0.16130814810515126,0.2549317479133606,2.4897892475128174,0.13988243733802141,0.271771490573883,-12.803474770874743,0.0
310,7.750000000000001,1.7543318908602772e+18,-3.4445123852885304,3.345872454359803,2.483932947533152,-0.30015548520239005,5.053342679819873,1.915481942715849,-1.2762275076137923,0.22559246678539088,0.2122323364019394,2.285126209259033,0.198806738274119,2.3903512954711914,0.12500425392376568,0.2218965590000152,2.3903512954711914,0.15505926420105354,0.267284482717514,2.4408583641052246,0.13337804518084484,0.2549317479133606,2.4408583641052246,0.16130814810515126,0.2549317479133606,-12.12130024481241,0.0
311,7.775,1.7543318908852772e+18,-3.425950655661538,3.287256348454174,2.4511389547996365,-0.31232222737176824,5.088578060168327,1.9343880697473959,-1.335125010980673,0.21360975961885173,0.2122323364019394,2.285126209259033,0.1660127455406033,2.285126209259033,0.198806738274119,0.2122323364019394,2.3903512954711914,0.12500425392376568,0.2218965590000152,2.3903512954711914,0.15505926420105354,0.267284482717514,2.4408583641052246,0.13337804518084484,0.2549317479133606,-11.452042979358273,0.0
312,7.800000000000001,1.754331890910277e+18,-3.393486768067512,3.1939079777557646,2.416977208273339,-0.3293797670091495,5.176401714221647,1.9426451837451713,-1.3954014745651735,0.20177159926139646,0.2210554033517837,2.285126209259033,0.13185099901430597,2.285126209259033,0.1660127455406033,0.2122323364019394,2.285126209259033,0.198806738274119,0.2122323364019394,2.3903512954711914,0.12500425392376568,0.2218965590000152,2.3903512954711914,0.15505926420105354,0.267284482717514,-10.79136593314289,0.0
313,7.825,1.754331890935277e+18,-3.393486768067512,3.1939079777557646,2.3813739510939915,-0.3497326312058962,5.176401714221647,1.9346885373014662,-1.4541606360729153,0.19067875397109985,0.1753491759300232,2.230955123901367,0.15041882719262434,2.285126209259033,0.13185099901430597,0.2210554033517837,2.285126209259033,0.1660127455406033,0.2122323364019394,2.285126209259033,0.198806738274119,0.2122323364019394,2.3903512954711914,0.12500425392376568,0.2218965590000152,-10.082894598695187,0.0
314,7.8500000000000005,1.754331890960277e+18,-3.371192102927729,3.136540937237488,2.344226191134298,-0.36959626427182557,5.2259427968685985,1.9070037831099302,-1.5095697345488404,0.18048019788205322,0.1744947135448455,2.176135778427124,0.16809041270717406,2.230955123901367,0.15041882719262434,0.1753491759300232,2.285126209259033,0.13185099901430597,0.2210554033517837,2.285126209259033,0.1660127455406033,0.2122323364019394,2.285126209259033,0.198806738274119,0.2122323364019394,-9.327194563403493,0.0
315,7.875000000000001,1.7543318909852772e+18,-3.3431996097003926,3.06980523197232,2.3055587124697814,-0.38365986476590214,5.284746171074907,1.8593662234333397,-1.5605993249408865,0.17098654690496906,0.1638819128274917,2.120565414428711,0.18499329804107045,2.176135778427124,0.16809041270717406,0.1744947135448455,2.230955123901367,0.15041882719262434,0.1753491759300232,2.285126209259033,0.13185099901430597,0.2210554033517837,2.285126209259033,0.1660127455406033,0.2122323364019394,-8.463854111201647,0.0
316,7.9,1.754331891010277e+18,-3.327241494843581,3.031760173212362,2.2656434065684112,-0.38663766307991354,5.318269122815264,1.7947894308888297,-1.6063253365933854,0.16189753160187098,0.188441663980484,2.120565414428711,0.1450779921397003,2.120565414428711,0.18499329804107045,0.1638819128274917,2.176135778427124,0.16809041270717406,0.1744947135448455,2.230955123901367,0.15041882719262434,0.1753491759300232,2.285126209259033,0.13185099901430597,0.2210554033517837,-7.684708772931777,0.0
317,7.925000000000001,1.754331891035277e+18,-3.247362523904931,2.937486306137528,2.2249394211840916,-0.37522004751780363,5.408651907583933,1.718201753455674,-1.6449796850492704,0.1530359654578749,0.1586877256631851,2.120565414428711,0.10437400675538067,2.120565414428711,0.1450779921397003,0.188441663980484,2.120565414428711,0.18499329804107045,0.1638819128274917,2.176135778427124,0.16809041270717406,0.1744947135448455,2.230955123901367,0.15041882719262434,0.1753491759300232,-6.933022528838615,0.0
318,7.95,1.7543318910602772e+18,-3.247362523904931,2.937486306137528,2.1838714609312415,-0.34964494599207996,5.408651907583933,1.6345300841737553,-1.6730900665550976,0.14443631479564636,0.1586877256631851,2.120565414428711,0.06330604650253058,2.120565414428711,0.10437400675538067,0.1586877256631851,2.120565414428711,0.1450779921397003,0.188441663980484,2.120565414428711,0.18499329804107045,0.1638819128274917,2.176135778427124,0.16809041270717406,0.1744947135448455,-6.214306968119571,0.0
319,7.9750000000000005,1.7543318910852772e+18,-3.2280152979565,2.9080957977792767,2.142636892452376,-0.3141620430417042,5.451366625124584,1.5472244807279993,-1.6851739974384046,0.1362121816701667,0.0997719541192054,2.065485715866089,0.07715117658628712,2.120565414428711,0.06330604650253058,0.1586877256631851,2.120565414428711,0.10437400675538067,0.1586877256631851,2.120565414428711,0.1450779921397003,0.188441663980484,2.120565414428711,0.18499329804107045,0.1638819128274917,-5.5403505012821705,0.0
320,8.0,1.754331891110277e+18,-3.1718217918624303,2.846817762472301,2.1012434499634436,-0.2760580681990195,5.514673054048497,1.4580178176818623,-1.6744110162560122,0.12832387604971865,0.0997719541192054,2.065485715866089,0.03575773409735472,2.065485715866089,0.07715117658628712,0.0997719541192054,2.120565414428711,0.06330604650253058,0.1586877256631851,2.120565414428711,0.10437400675538067,0.1586877256631851,2.120565414428711,0.1450779921397003,0.188441663980484,-4.8997342847160015,0.0
321,8.025,1.754331891135277e+18,-3.134351334460253,2.814332813580873,2.0597991921264645,-0.24345499544742014,5.545727522659881,1.3679188278757521,-1.6344039878756427,0.12051515901164182,0.1418536454439163,1.9786255359649656,0.08117365616149885,2.065485715866089,0.03575773409735472,0.0997719541192054,2.065485715866089,0.07715117658628712,0.0997719541192054,2.120565414428711,0.06330604650253058,0.1586877256631851,2.120565414428711,0.10437400675538067,0.1586877256631851,-4.266519471205696,0.0
322,8.05,1.754331891160277e+18,-3.104814520395444,2.7816566770318047,2.0188558862298787,-0.22259157681113112,5.580000437691848,1.2786161110542489,-1.5616022626232766,0.11260504442963055,0.1177859604358673,1.9786255359649656,0.04023035026491306,1.9786255359649656,0.08117365616149885,0.1418536454439163,2.065485715866089,0.03575773409735472,0.0997719541192054,2.065485715866089,0.07715117658628712,0.0997719541192054,2.120565414428711,0.06330604650253058,0.1586877256631851,-3.538859146126713,0.0
323,8.075000000000001,1.7543318911852772e+18,-3.0452695859245225,2.720171887866853,1.9795289882890261,-0.2156017215700194,5.623121827127355,1.1932515752280224,-1.4574358756543841,0.10502971437372136,0.1130745261907577,1.9786255359649656,0.0009034523240605274,1.9786255359649656,0.04023035026491306,0.1177859604358673,1.9786255359649656,0.08117365616149885,0.1418536454439163,2.065485715866089,0.03575773409735472,0.0997719541192054,2.065485715866089,0.07715117658628712,0.0997719541192054,-2.8434612959035293,0.0
324,8.1,1.754331891210277e+18,-3.030090845663464,2.704546283112333,1.943246601562934,-0.21970276565619318,5.6383432121418755,1.1160353284595796,-1.329030984445341,0.09926812845703759,0.1585249602794647,1.947132468223572,-0.00388586666063806,1.9786255359649656,0.0009034523240605274,0.1130745261907577,1.9786255359649656,0.04023035026491306,0.1177859604358673,1.9786255359649656,0.08117365616149885,0.1418536454439163,2.065485715866089,0.03575773409735472,0.0997719541192054,-2.152333250843883,0.0
325,8.125,1.754331891235277e+18,-2.978337634009015,2.666897056086282,1.9112273011279646,-0.2281349333401965,5.678949710528039,1.0510048598154287,-1.1877600963613866,0.09777820520927928,0.0602626055479049,1.923480987548828,-0.01225368642086333,1.947132468223572,-0.00388586666063806,0.1585249602794647,1.9786255359649656,0.0009034523240605274,0.1130745261907577,1.9786255359649656,0.04023035026491306,0.1177859604358673,1.9786255359649656,0.08117365616149885,0.1418536454439163,-1.529403742815549,0.0
326,8.15,1.7543318912602772e+18,-2.9489077111513,2.641199000502509,1.8839797554071334,-0.23248399726658237,5.706443842588642,1.0007948353691136,-1.0457589281271964,0.10334963439414269,0.0602626055479049,1.923480987548828,-0.03950123214169454,1.923480987548828,-0.01225368642086333,0.0602626055479049,1.947132468223572,-0.00388586666063806,0.1585249602794647,1.9786255359649656,0.0009034523240605274,0.1130745261907577,1.9786255359649656,0.04023035026491306,0.1177859604358673,-0.9025076727888137,0.0
327,8.175,1.7543318912852772e+18,-2.912733799401261,2.617336451842239,1.8611266272121012,-0.22559003676778816,5.711690324917402,0.966223692320483,-0.9115447367911619,0.1181666350047394,0.126406192779541,1.912115216255188,-0.050988589043086785,1.923480987548828,-0.03950123214169454,0.0602626055479049,1.923480987548828,-0.01225368642086333,0.0602626055479049,1.947132468223572,-0.00388586666063806,0.1585249602794647,1.9786255359649656,0.0009034523240605274,0.1130745261907577,-0.31505881340252406,0.0
328,8.200000000000001,1.754331891310277e+18,-2.857007327276773,2.574443919953288,1.8416790640783547,-0.20412764862254934,5.75201254430027,0.9469235885632804,-0.7864958455250506,0.14307616759706193,0.126406192779541,1.912115216255188,-0.0704361521768333,1.912115216255188,-0.050988589043086785,0.126406192779541,1.923480987548828,-0.03950123214169454,0.0602626055479049,1.923480987548828,-0.01225368642086333,0.0602626055479049,1.947132468223572,-0.00388586666063806,0.1585249602794647,0.2527704462587619,0.0
329,8.225,1.754331891335277e+18,-2.830179638417154,2.563878566827431,1.8246354214708775,-0.16999133457965265,5.758623908061395,0.942588333458185,-0.6638327205574683,0.1773948930618184,0.206758826971054,1.912115216255188,-0.08747979478431045,1.912115216255188,-0.0704361521768333,0.126406192779541,1.912115216255188,-0.050988589043086785,0.126406192779541,1.923480987548828,-0.03950123214169454,0.0602626055479049,1.923480987548828,-0.01225368642086333,0.0602626055479049,0.7346527232385616,0.0
330,8.25,1.754331891360277e+18,-2.7654946097456783,2.525967107322129,1.8095974264887957,-0.12991708125067408,5.79214322181569,0.954081977373555,-0.5308597008002318,0.21920150676394942,0.2652604877948761,1.9118385314941408,-0.10224110500534511,1.912115216255188,-0.08747979478431045,0.206758826971054,1.912115216255188,-0.0704361521768333,0.126406192779541,1.912115216255188,-0.050988589043086785,0.126406192779541,1.923480987548828,-0.03950123214169454,0.0602626055479049,1.1632794046423158,0.0
331,8.275,1.7543318913852772e+18,-2.74563405319301,2.517646642636292,1.7970870095025786,-0.09339855067213151,5.811699493190586,0.9837587840054578,-0.3739421995273081,0.26578954829092355,0.2273031771183014,1.9118385314941408,-0.11475152199156224,1.9118385314941408,-0.10224110500534511,0.2652604877948761,1.912115216255188,-0.08747979478431045,0.206758826971054,1.912115216255188,-0.0704361521768333,0.126406192779541,1.912115216255188,-0.050988589043086785,0.126406192779541,1.5288656957889437,0.0
332,8.3,1.754331891410277e+18,-2.7074456911570053,2.4950368600738644,1.7884022359983633,-0.06963383819100795,5.838392926696985,1.0348197841879532,-0.18456760525159605,0.31401065209239887,0.2823169529438019,1.9288831949234009,-0.14048095892503754,1.9118385314941408,-0.11475152199156224,0.2273031771183014,1.9118385314941408,-0.10224110500534511,0.2652604877948761,1.912115216255188,-0.08747979478431045,0.206758826971054,1.912115216255188,-0.0704361521768333,0.126406192779541,1.8292154734076167,0.0
333,8.325000000000001,1.754331891435277e+18,-2.664751736483552,2.4782012847871915,1.785083940477811,-0.0645875391518474,5.853022061890551,1.1101088883642916,0.0356472733641009,0.36051509499553,0.3708762228488922,1.9288831949234009,-0.14379925444558994,1.9288831949234009,-0.14048095892503754,0.2823169529438019,1.9118385314941408,-0.11475152199156224,0.2273031771183014,1.9118385314941408,-0.10224110500534511,0.2652604877948761,1.912115216255188,-0.08747979478431045,0.206758826971054,2.097173634783744,0.0
334,8.35,1.7543318914602772e+18,-2.597805979123888,2.439492267511554,1.7882534176875955,-0.07918874532358447,5.8962422008893265,1.2109911893759304,0.27280616464280744,0.4020792429927915,0.4083659052848816,1.956697702407837,-0.16844428472024142,1.9288831949234009,-0.14379925444558994,0.3708762228488922,1.9288831949234009,-0.14048095892503754,0.2823169529438019,1.9118385314941408,-0.11475152199156224,0.2273031771183014,1.9118385314941408,-0.10224110500534511,0.2652604877948761,2.300198998942701,0.0
335,8.375,1.7543318914852772e+18,-2.581321116739127,2.4310654665117437,1.7981220492650956,-0.10930176865882706,5.907652078059774,1.3366419275765602,0.5022808199257414,0.43610591298089,0.4543562829494476,1.956697702407837,-0.15857565314274136,1.956697702407837,-0.16844428472024142,0.4083659052848816,1.9288831949234009,-0.14379925444558994,0.3708762228488922,1.9288831949234009,-0.14048095892503754,0.2823169529438019,1.9118385314941408,-0.11475152199156224,0.2273031771183014,2.4771267030555175,0.0
336,8.4,1.754331891510277e+18,-2.5243064194270444,2.4021431651442238,1.8138515713459749,-0.1474668538002322,5.949888804907968,1.4835885760804173,0.6936265820821421,0.4611388885197484,0.4543562829494476,1.956697702407837,-0.14284613106186206,1.956697702407837,-0.15857565314274136,0.4543562829494476,1.956697702407837,-0.16844428472024142,0.4083659052848816,1.9288831949234009,-0.14379925444558994,0.3708762228488922,1.9288831949234009,-0.14048095892503754,0.2823169529438019,2.6396267039869405,0.0
337,8.425,1.754331891535277e+18,-2.489915047455674,2.386085694327491,1.833748653944544,-0.18569089108393233,5.977053374913187,1.64529119886222,0.8175945970949418,0.47712155250669175,0.5019052028656006,1.9966788291931152,-0.16293017524857123,1.956697702407837,-0.14284613106186206,0.4543562829494476,1.956697702407837,-0.15857565314274136,0.4543562829494476,1.956697702407837,-0.16844428472024142,0.4083659052848816,1.9288831949234009,-0.14379925444558994,0.3708762228488922,2.7571539394867326,0.0
338,8.450000000000001,1.754331891560277e+18,-2.452348930067144,2.3749498589504734,1.8556335729670066,-0.2181347308722083,6.026147651812939,1.8119923074325786,0.8535036329412372,0.48523801299434843,0.4565460085868835,2.050164222717285,-0.19453064975027856,1.9966788291931152,-0.16293017524857123,0.5019052028656006,1.956697702407837,-0.14284613106186206,0.4543562829494476,1.956697702407837,-0.15857565314274136,0.4543562829494476,1.956697702407837,-0.16844428472024142,0.4083659052848816,2.798409543940508,0.0
339,8.475,1.7543318915852772e+18,-2.4019026385513653,2.355279649053183,1.8772084093591932,-0.24265136788550654,6.070814151044852,1.9714650699541547,0.7952514222751847,0.4873880838611214,0.4896697998046875,2.050164222717285,-0.17295581335809196,2.050164222717285,-0.19453064975027856,0.4565460085868835,1.9966788291931152,-0.16293017524857123,0.5019052028656006,1.956697702407837,-0.14284613106186206,0.4543562829494476,1.956697702407837,-0.15857565314274136,0.4543562829494476,2.8459775954238244,0.0
340,8.5,1.754331891610277e+18,-2.3604600423915416,2.3437098962417293,1.8963477112301257,-0.260695872640449,6.125901323876471,2.111089461270302,0.6545925408766309,0.48551908282079925,0.4896697998046875,2.050164222717285,-0.15381651148715947,2.050164222717285,-0.17295581335809196,0.4896697998046875,2.050164222717285,-0.19453064975027856,0.4565460085868835,1.9966788291931152,-0.16293017524857123,0.5019052028656006,1.956697702407837,-0.14284613106186206,0.4543562829494476,2.9012345824933377,0.0
341,8.525,1.754331891635277e+18,-2.3069892299692745,2.3343939543536303,1.9113409179863798,-0.2758351348506926,6.190063224941592,2.220906587296929,0.4608227806277347,0.48108631462925444,0.4577348232269287,2.1182401180267334,-0.20689920004035356,2.050164222717285,-0.15381651148715947,0.4896697998046875,2.050164222717285,-0.17295581335809196,0.4896697998046875,2.050164222717285,-0.19453064975027856,0.4565460085868835,1.9966788291931152,-0.16293017524857123,0.5019052028656006,2.894123429266807,0.0
342,8.55,1.7543318916602772e+18,-2.2876583227674754,2.333655153242831,1.9211440488696774,-0.2916296675409209,6.212069811567961,2.2965015937154547,0.2566143969813717,0.47483793424656473,0.4626453816890716,2.196885585784912,-0.27574153691523473,2.1182401180267334,-0.20689920004035356,0.4577348232269287,2.050164222717285,-0.15381651148715947,0.4896697998046875,2.050164222717285,-0.17295581335809196,0.4896697998046875,2.050164222717285,-0.19453064975027856,0.4565460085868835,2.8092222573415375,0.0
343,8.575000000000001,1.7543318916852772e+18,-2.239896354230491,2.323710959548041,1.9256529909057072,-0.3098825780423168,6.265506786778371,2.340373643370429,0.09045142972386121,0.46696242298507346,0.5074501633644104,2.196885585784912,-0.2712325948792049,2.196885585784912,-0.27574153691523473,0.4626453816890716,2.1182401180267334,-0.20689920004035356,0.4577348232269287,2.050164222717285,-0.15381651148715947,0.4896697998046875,2.050164222717285,-0.17295581335809196,0.4896697998046875,2.7181655592121805,0.0
344,8.600000000000001,1.754331891710277e+18,-2.157832640427288,2.313909203634817,1.9259399544121625,-0.33007388727505216,6.367046248997175,2.361059626702908,0.006914078171478126,0.45744922800435606,0.4653546214103699,2.2882192134857178,-0.3622792590735553,2.196885585784912,-0.2712325948792049,0.5074501633644104,2.196885585784912,-0.27574153691523473,0.4626453816890716,2.1182401180267334,-0.20689920004035356,0.4577348232269287,2.050164222717285,-0.15381651148715947,0.4896697998046875,2.4923393515628076,0.0
345,8.625,1.754331891735277e+18,-2.129511887029115,2.310041279267063,1.9243313137746552,-0.35019341009032134,6.400753567147927,2.37029162715451,0.03682863363372119,0.4463855089271692,0.4480740427970886,2.2882192134857178,-0.3638878997110626,2.2882192134857178,-0.3622792590735553,0.4653546214103699,2.196885585784912,-0.2712325948792049,0.5074501633644104,2.196885585784912,-0.27574153691523473,0.4626453816890716,2.1182401180267334,-0.20689920004035356,0.4577348232269287,2.2155019430169713,0.0
346,8.65,1.754331891760277e+18,-2.079829903732212,2.3113029778385723,1.9241877976732071,-0.368375306726938,6.442364058265937,2.3792589108209605,0.1897591914486628,0.43396466290045144,0.4116249978542328,2.3856520652771,-0.4614642676038929,2.2882192134857178,-0.3638878997110626,0.4480740427970886,2.2882192134857178,-0.3622792590735553,0.4653546214103699,2.196885585784912,-0.2712325948792049,0.5074501633644104,2.196885585784912,-0.27574153691523473,0.4626453816890716,1.848372699501646,0.0
347,8.675,1.7543318917852772e+18,-2.0153458699356745,2.3240106693542595,1.9293196133764852,-0.3842497136865467,6.532777272368955,2.3953035493231054,0.4511429343193483,0.4202103414646313,0.4116628170013428,2.4896068572998047,-0.5602872439233195,2.3856520652771,-0.4614642676038929,0.4116249978542328,2.2882192134857178,-0.3638878997110626,0.4480740427970886,2.2882192134857178,-0.3622792590735553,0.4653546214103699,2.196885585784912,-0.2712325948792049,0.5074501633644104,1.3892349297164575,0.0
348,8.700000000000001,1.754331891810277e+18,-1.9673135652519624,2.32243866768507,1.9431190715917954,-0.3991519287655453,6.558394311676938,2.420214048591947,0.7853728458905709,0.40462941521473555,0.3957358300685882,2.4896068572998047,-0.5464877857080093,2.4896068572998047,-0.5602872439233195,0.4116628170013428,2.3856520652771,-0.4614642676038929,0.4116249978542328,2.2882192134857178,-0.3638878997110626,0.4480740427970886,2.2882192134857178,-0.3622792590735553,0.4653546214103699,0.9254626057086102,0.0
349,8.725000000000001,1.754331891835277e+18,-1.91864099872414,2.3296941719010817,1.9676502041572883,-0.41511458052267425,6.614904734110631,2.45080728963154,1.1444372974772201,0.3860151255633734,0.4365066885948181,2.4896068572998047,-0.5219566531425164,2.4896068572998047,-0.5464877857080093,0.3957358300685882,2.4896068572998047,-0.5602872439233195,0.4116628170013428,2.3856520652771,-0.4614642676038929,0.4116249978542328,2.2882192134857178,-0.3638878997110626,0.4480740427970886,0.44926148850684755,0.0
350,8.75,1.7543318918602772e+18,-1.855136687484696,2.361203765999278,2.0030200226179433,-0.4333906211936553,6.707511831739595,2.4816338216681304,1.4798341508710593,0.36246238790698226,0.3402184545993805,2.598334550857544,-0.5953145282396006,2.4896068572998047,-0.5219566531425164,0.4365066885948181,2.4896068572998047,-0.5464877857080093,0.3957358300685882,2.4896068572998047,-0.5602872439233195,0.4116628170013428,2.3856520652771,-0.4614642676038929,0.4116249978542328,-0.1055312413256384,0.0
351,8.775,1.7543318918852772e+18,-1.712207461903561,2.4048038485772114,2.0473171849232714,-0.45359110978449985,6.87283732828088,2.5084877382265436,1.7541227461185513,0.33153455741893983,0.3047533929347992,2.7094533443450928,-0.6621361594218214,2.598334550857544,-0.5953145282396006,0.3402184545993805,2.4896068572998047,-0.5219566531425164,0.4365066885948181,2.4896068572998047,-0.5464877857080093,0.3957358300685882,2.4896068572998047,-0.5602872439233195,0.4116628170013428,-0.7292434379321986,0.0
352,8.8,1.754331891910277e+18,-1.712207461903561,2.4048038485772114,2.0972286494043484,-0.4740766559761474,6.87283732828088,2.530519435055592,1.948328760276958,0.29055815340379876,0.3047533929347992,2.7094533443450928,-0.6122246949407444,2.7094533443450928,-0.6621361594218214,0.3047533929347992,2.598334550857544,-0.5953145282396006,0.3402184545993805,2.4896068572998047,-0.5219566531425164,0.4365066885948181,2.4896068572998047,-0.5464877857080093,0.3957358300685882,-1.306059426053061,0.0
353,8.825000000000001,1.754331891935277e+18,-1.65312801421764,2.467759831179186,2.149172747187451,-0.4932804066680812,6.962775717828626,2.5490336390205015,2.062732287177484,0.2371106929202528,0.2127365171909332,2.821230888366699,-0.6720581411792481,2.7094533443450928,-0.6122246949407444,0.3047533929347992,2.7094533443450928,-0.6621361594218214,0.3047533929347992,2.598334550857544,-0.5953145282396006,0.3402184545993805,2.4896068572998047,-0.5219566531425164,0.4365066885948181,-1.9481227265972778,0.0
354,8.850000000000001,1.754331891960277e+18,-1.65312801421764,2.467759831179186,2.2005063368692492,-0.5109935247431373,6.962775717828626,2.5629450002570957,2.1109858965354364,0.16972659144236243,0.2127365171909332,2.821230888366699,-0.62072455149745,2.821230888366699,-0.6720581411792481,0.2127365171909332,2.7094533443450928,-0.6122246949407444,0.3047533929347992,2.7094533443450928,-0.6621361594218214,0.3047533929347992,2.598334550857544,-0.5953145282396006,0.3402184545993805,-2.5450340616412532,0.0
355,8.875,1.7543318919852772e+18,-1.5834807973681508,2.499223704230439,2.2502276665827003,-0.5288058844150464,7.01976202242392,2.563406120434983,2.1101087853613034,0.08867961479512844,0.0783189162611961,2.9060652256011963,-0.6558375590184959,2.821230888366699,-0.62072455149745,0.2127365171909332,2.821230888366699,-0.6720581411792481,0.2127365171909332,2.7094533443450928,-0.6122246949407444,0.3047533929347992,2.7094533443450928,-0.6621361594218214,0.3047533929347992,-3.1518776077434447,0.0
356,8.9,1.754331892010277e+18,-1.5724326250044802,2.5157281940676794,2.2987822245088627,-0.5494253647344943,7.05667201298203,2.531297796863621,2.070572256249803,-0.003425383758306089,-0.0382748432457447,2.959024429321289,-0.6602422048124263,2.9060652256011963,-0.6558375590184959,0.0783189162611961,2.821230888366699,-0.62072455149745,0.2127365171909332,2.821230888366699,-0.6720581411792481,0.2127365171909332,2.7094533443450928,-0.6122246949407444,0.3047533929347992,-3.8069210326765415,0.0
357,8.925,1.754331892035277e+18,-1.489835624393387,2.6182162400770883,2.347069687947852,-0.5749867493001348,7.174870336587691,2.439931827876425,1.9906368897084674,-0.10150450864544455,-0.0382748432457447,2.959024429321289,-0.6119547413734372,2.959024429321289,-0.6602422048124263,-0.0382748432457447,2.9060652256011963,-0.6558375590184959,0.0783189162611961,2.821230888366699,-0.62072455149745,0.2127365171909332,2.821230888366699,-0.6720581411792481,0.2127365171909332,-4.430285668722075,0.0
358,8.950000000000001,1.7543318920602772e+18,-1.463174751188057,2.6408071572727527,2.3952182957716013,-0.6048658202753701,7.213742415090214,2.262444146142589,1.8572639855834345,-0.19844885337199,-0.1913742125034332,2.966949939727783,-0.5717316439561819,2.959024429321289,-0.6119547413734372,-0.0382748432457447,2.959024429321289,-0.6602422048124263,-0.0382748432457447,2.9060652256011963,-0.6558375590184959,0.0783189162611961,2.821230888366699,-0.62072455149745,0.2127365171909332,-5.02887952558049,0.0
359,8.975000000000001,1.7543318920852772e+18,-1.4239749467498424,2.649009010797011,2.441789855460609,-0.6340155038478775,7.268727007600235,1.9809531165332106,1.6530613376198797,-0.28622296477730064,-0.3174534142017364,2.922978401184082,-0.481188545723473,2.966949939727783,-0.5717316439561819,-0.1913742125034332,2.959024429321289,-0.6119547413734372,-0.0382748432457447,2.959024429321289,-0.6602422048124263,-0.0382748432457447,2.9060652256011963,-0.6558375590184959,0.0783189162611961,-5.546343194801446,0.0
360,9.0,1.754331892110277e+18,-1.3565544553962985,2.7116656216744808,2.483784922469407,-0.6529176788761216,7.3311872649544885,1.5938448471014317,1.3660899643813649,-0.35746259414650333,-0.3402826488018036,2.922978401184082,-0.43919347871467496,2.922978401184082,-0.481188545723473,-0.3174534142017364,2.966949939727783,-0.5717316439561819,-0.1913742125034332,2.959024429321289,-0.6119547413734372,-0.0382748432457447,2.959024429321289,-0.6602422048124263,-0.0382748432457447,-6.026438549917752,0.0
361,9.025,1.754331892135277e+18,-1.328901984381683,2.759953852650873,2.5173954563494445,-0.6496297414412174,7.35350890440967,1.1184396015093039,0.9981262216269599,-0.407164788566824,-0.4629696607589721,2.8488495349884038,-0.33145407863895926,2.922978401184082,-0.43919347871467496,-0.3402826488018036,2.922978401184082,-0.481188545723473,-0.3174534142017364,2.966949939727783,-0.5717316439561819,-0.1913742125034332,2.959024429321289,-0.6119547413734372,-0.0382748432457447,-6.402984616261826,0.0
362,9.05,1.754331892160277e+18,-1.2798514140704818,2.8233689324222397,2.5391521767703473,-0.6135085355297479,7.413953526871601,0.5880131444636376,0.5676882001949898,-0.4339007901561542,-0.4312179684638977,2.7456181049346924,-0.20646592816434506,2.8488495349884038,-0.33145407863895926,-0.4629696607589721,2.922978401184082,-0.43919347871467496,-0.3402826488018036,2.922978401184082,-0.481188545723473,-0.3174534142017364,2.966949939727783,-0.5717316439561819,-0.1913742125034332,-6.660319561421643,0.0
363,9.075000000000001,1.7543318921852772e+18,-1.2465726347604038,2.905544721677208,2.5470079729571853,-0.5393846160919323,7.432321825640895,0.04403177037166918,0.10646724653150151,-0.44009137964747475,-0.4312179684638977,2.7456181049346924,-0.1986101319775071,2.7456181049346924,-0.20646592816434506,-0.4312179684638977,2.8488495349884038,-0.33145407863895926,-0.4629696607589721,2.922978401184082,-0.43919347871467496,-0.3402826488018036,2.922978401184082,-0.481188545723473,-0.3174534142017364,-6.878048212260663,0.0
364,9.100000000000001,1.754331892210277e+18,-1.216670766044469,2.955700341804733,2.5409410676395514,-0.4304169222194219,7.463359730090868,-0.4738362190581754,-0.34929269528993506,-0.4312391087802945,-0.4312179684638977,2.7456181049346924,-0.20467703729514097,2.7456181049346924,-0.1986101319775071,-0.4312179684638977,2.7456181049346924,-0.20646592816434506,-0.4312179684638977,2.8488495349884038,-0.33145407863895926,-0.4629696607589721,2.922978401184082,-0.43919347871467496,-0.3402826488018036,-7.107471703968005,0.0
365,9.125,1.754331892235277e+18,-1.2144267958966442,2.9945930187571763,2.5228285074538865,-0.29804828280051593,7.407518650250628,-0.9363930230838369,-0.7687446209883185,-0.4144185689588084,-0.3883189558982849,2.640558242797852,-0.11772973534396547,2.7456181049346924,-0.20467703729514097,-0.4312179684638977,2.7456181049346924,-0.1986101319775071,-0.4312179684638977,2.7456181049346924,-0.20646592816434506,-0.4312179684638977,2.8488495349884038,-0.33145407863895926,-0.4629696607589721,-7.289147955615276,0.0
366,9.15,1.7543318922602772e+18,-1.1837283504609897,3.052567996845694,2.495629415698764,-0.15870474006912266,7.419182283719799,-1.3292609410295475,-1.1334954025716704,-0.3965723589299548,-0.3882953822612762,2.640558242797852,-0.14492882709908805,2.640558242797852,-0.11772973534396547,-0.3883189558982849,2.7456181049346924,-0.20467703729514097,-0.4312179684638977,2.7456181049346924,-0.1986101319775071,-0.4312179684638977,2.7456181049346924,-0.20646592816434506,-0.4312179684638977,-7.470152084318853,0.0
367,9.175,1.7543318922852772e+18,-1.154494552539454,3.147416587089909,2.4622342002636244,-0.028505897649762576,7.348754749321624,-1.6519521831951725,-1.4389410935947966,-0.38314662398180943,-0.3853744864463806,2.538130760192871,-0.07589655992924671,2.640558242797852,-0.14492882709908805,-0.3882953822612762,2.640558242797852,-0.11772973534396547,-0.3883189558982849,2.7456181049346924,-0.20467703729514097,-0.4312179684638977,2.7456181049346924,-0.1986101319775071,-0.4312179684638977,-7.55609589911999,0.0
368,9.200000000000001,1.754331892310277e+18,-1.133803110691887,3.1834373435106222,2.4245074660651538,0.0817743694145501,7.294095286263357,-1.9130519787589741,-1.6896987829691206,-0.37737497337851217,-0.3853744864463806,2.4394164085388184,-0.014908942473664588,2.538130760192871,-0.07589655992924671,-0.3853744864463806,2.640558242797852,-0.14492882709908805,-0.3882953822612762,2.640558242797852,-0.11772973534396547,-0.3883189558982849,2.7456181049346924,-0.20467703729514097,-0.4312179684638977,-7.62552057810078,0.0
369,9.225000000000001,1.754331892335277e+18,-1.0790334899375038,3.2536783084400627,2.3829641574911617,0.16941491454849653,7.222621636059406,-2.1242010743283206,-1.8916570934965415,-0.3802246414459661,-0.3853744864463806,2.4394164085388184,-0.05645225104765661,2.4394164085388184,-0.014908942473664588,-0.3853744864463806,2.538130760192871,-0.07589655992924671,-0.3853744864463806,2.640558242797852,-0.14492882709908805,-0.3882953822612762,2.640558242797852,-0.11772973534396547,-0.3883189558982849,-7.746316624354269,0.0
370,9.25,1.754331892360277e+18,-1.054141588390185,3.298043684500742,2.337200116358277,0.23913927231318183,7.183641371927918,-2.2953812903812394,-2.0447025431822894,-0.39080376029638325,-0.3853744864463806,2.346431255340576,-0.009231138982299214,2.4394164085388184,-0.05645225104765661,-0.3853744864463806,2.4394164085388184,-0.014908942473664588,-0.3853744864463806,2.538130760192871,-0.07589655992924671,-0.3853744864463806,2.640558242797852,-0.14492882709908805,-0.3882953822612762,-7.794278596772104,0.0
371,9.275,1.7543318923852772e+18,-1.0072725449558773,3.368512601814384,2.28681950092662,0.2997480104118778,7.143404799895587,-2.4328067221819327,-2.1398431572854335,-0.40696767678584866,-0.4151003062725067,2.346431255340576,-0.05961175441395605,2.346431255340576,-0.009231138982299214,-0.3853744864463806,2.4394164085388184,-0.05645225104765661,-0.3853744864463806,2.4394164085388184,-0.014908942473664588,-0.3853744864463806,2.538130760192871,-0.07589655992924671,-0.3853744864463806,-7.932774858701875,0.0
372,9.3,1.754331892410277e+18,-0.953698502092422,3.4598405871088387,2.232379792196668,0.35978056549343457,7.013425541659151,-2.5393188814330925,-2.1623827859434543,-0.4259176357834381,-0.4262131750583648,2.2612826824188232,-0.028902890222155087,2.346431255340576,-0.05961175441395605,-0.4151003062725067,2.346431255340576,-0.009231138982299214,-0.3853744864463806,2.4394164085388184,-0.05645225104765661,-0.3853744864463806,2.4394164085388184,-0.014908942473664588,-0.3853744864463806,-8.012936050988891,0.0
373,9.325000000000001,1.754331892435277e+18,-0.9399397173431528,3.478315211870666,2.175907897785749,0.424202986787666,6.989436991427471,-2.6162574329354813,-2.0999198353849917,-0.4446736652007355,-0.4526342153549194,2.183985710144043,-0.008077812358294079,2.2612826824188232,-0.028902890222155087,-0.4262131750583648,2.346431255340576,-0.05961175441395605,-0.4151003062725067,2.346431255340576,-0.009231138982299214,-0.3853744864463806,2.4394164085388184,-0.05645225104765661,-0.3853744864463806,-8.109857910386006,0.0
374,9.350000000000001,1.7543318924602772e+18,-0.8823966783381687,3.52879402093759,2.1207409622091307,0.49322013988649505,6.9254529410559,-2.665535290601824,-1.9515463099186472,-0.46038567414526277,-0.4526342153549194,2.183985710144043,-0.0632447479349123,2.183985710144043,-0.008077812358294079,-0.4526342153549194,2.2612826824188232,-0.028902890222155087,-0.4262131750583648,2.346431255340576,-0.05961175441395605,-0.4151003062725067,2.346431255340576,-0.009231138982299214,-0.3853744864463806,-8.234489351961509,0.0
375,9.375,1.7543318924852772e+18,-0.8477532381949935,3.5665767325325533,2.0706895158510936,0.5630418913455582,6.869059781600649,-2.690944212722914,-1.7338017336631393,-0.47052568400192085,-0.4526342153549194,2.183985710144043,-0.11329619429294935,2.183985710144043,-0.0632447479349123,-0.4526342153549194,2.183985710144043,-0.008077812358294079,-0.4526342153549194,2.2612826824188232,-0.028902890222155087,-0.4262131750583648,2.346431255340576,-0.05961175441395605,-0.4151003062725067,-8.41462215113019,0.0
376,9.4,1.754331892510277e+18,-0.7869824243324635,3.6142346390677167,2.02878514592763,0.6276738044301166,6.778235991312227,-2.6983172015852124,-1.4801005614447316,-0.47306175220817354,-0.4781471490859985,2.11321759223938,-0.08443244631174984,2.183985710144043,-0.11329619429294935,-0.4526342153549194,2.183985710144043,-0.0632447479349123,-0.4526342153549194,2.183985710144043,-0.008077812358294079,-0.4526342153549194,2.2612826824188232,-0.028902890222155087,-0.4262131750583648,-8.571410872572354,0.0
377,9.425,1.754331892535277e+18,-0.7615265229876425,3.636836681390201,1.9961350274467828,0.6808305599679748,6.734258434274226,-2.6947500562142848,-1.233034828460826,-0.46669850638031724,-0.4719223976135254,2.11321759223938,-0.11708256479259704,2.11321759223938,-0.08443244631174984,-0.4781471490859985,2.183985710144043,-0.11329619429294935,-0.4526342153549194,2.183985710144043,-0.0632447479349123,-0.4526342153549194,2.183985710144043,-0.008077812358294079,-0.4526342153549194,-8.76598934433106,0.0
378,9.450000000000001,1.754331892560277e+18,-0.6963229757746152,3.679521280127122,1.97148177001069,0.7175117884240751,6.662304123781366,-2.687313608450432,-1.0320093383970381,-0.4511638220418978,-0.4494719803333282,2.049732208251953,-0.07825043824126321,2.11321759223938,-0.11708256479259704,-0.4719223976135254,2.11321759223938,-0.08443244631174984,-0.4781471490859985,2.183985710144043,-0.11329619429294935,-0.4526342153549194,2.183985710144043,-0.0632447479349123,-0.4526342153549194,-8.926240407143391,0.0
379,9.475000000000001,1.7543318925852772e+18,-0.656970895558211,3.706982550379359,1.95176377275658,0.7351327937145847,6.605459682867372,-2.681557198472046,-0.9007707620050378,-0.42739527549431156,-0.4494719803333282,2.049732208251953,-0.09796843549537315,2.049732208251953,-0.07825043824126321,-0.4494719803333282,2.11321759223938,-0.11708256479259704,-0.4719223976135254,2.11321759223938,-0.08443244631174984,-0.4781471490859985,2.183985710144043,-0.11329619429294935,-0.4526342153549194,-9.07791479674497,0.0
380,9.5,1.754331892610277e+18,-0.5629404435956804,3.747751412724475,1.9334122773830948,0.7341691924085717,6.49939493063485,-2.6799514865669805,-0.8396344848582764,-0.39743368737698764,-0.4018189311027527,2.049732208251953,-0.11631993086885828,2.049732208251953,-0.09796843549537315,-0.4494719803333282,2.049732208251953,-0.07825043824126321,-0.4494719803333282,2.11321759223938,-0.11708256479259704,-0.4719223976135254,2.11321759223938,-0.08443244631174984,-0.4781471490859985,-9.252413548426672,0.0
381,9.525,1.754331892635277e+18,-0.5416521508358514,3.759484825237445,1.9137394751395043,0.718169340089993,6.472112219072652,-2.680530965881207,-0.8254994113939675,-0.3639131924229473,-0.3710435628890991,1.9937323331832888,-0.07999285804378453,2.049732208251953,-0.11631993086885828,-0.4018189311027527,2.049732208251953,-0.09796843549537315,-0.4494719803333282,2.049732208251953,-0.07825043824126321,-0.4494719803333282,2.11321759223938,-0.11708256479259704,-0.4719223976135254,-9.364341591407882,0.0
382,9.55,1.7543318926602772e+18,-0.5059466341320826,3.753041515473964,1.8918347975269876,0.692940985322907,6.412463078488858,-2.6762774319864753,-0.8198116357590964,-0.32923075471026314,-0.3050181269645691,1.9937323331832888,-0.10189753565630122,1.9937323331832888,-0.07999285804378453,-0.3710435628890991,2.049732208251953,-0.11631993086885828,-0.4018189311027527,2.049732208251953,-0.09796843549537315,-0.4494719803333282,2.049732208251953,-0.07825043824126321,-0.4494719803333282,-9.539419166471177,0.0
383,9.575000000000001,1.7543318926852772e+18,-0.4443151572332713,3.770946951832741,1.8687234498670766,0.6649465731691326,6.328206295988793,-2.655892701308001,-0.7817066661728574,-0.29470556428125505,-0.254986435174942,1.9503036737442017,-0.08158022387712505,1.9937323331832888,-0.10189753565630122,-0.3050181269645691,1.9937323331832888,-0.07999285804378453,-0.3710435628890991,2.049732208251953,-0.11631993086885828,-0.4018189311027527,2.049732208251953,-0.09796843549537315,-0.4494719803333282,-9.67336220282492,0.0
384,9.600000000000001,1.754331892710277e+18,-0.3234409270200045,3.7881154912687336,1.8468516937826842,0.6394290096907672,6.178319600131648,-2.606261615224933,-0.6817670241351649,-0.26015600210956324,-0.2576566934585571,1.9503036737442017,-0.10345197996151745,1.9503036737442017,-0.08158022387712505,-0.254986435174942,1.9937323331832888,-0.10189753565630122,-0.3050181269645691,1.9937323331832888,-0.07999285804378453,-0.3710435628890991,2.049732208251953,-0.11631993086885828,-0.4018189311027527,-9.843070724165882,0.0
385,9.625,1.754331892735277e+18,-0.3234409270200045,3.7881154912687336,1.8291497399365702,0.619094969342486,6.178319600131648,-2.5161010053497326,-0.5117821965303752,-0.2241852094773168,-0.2576566934585571,1.9503036737442017,-0.12115393380763151,1.9503036737442017,-0.10345197996151745,-0.2576566934585571,1.9503036737442017,-0.08158022387712505,-0.254986435174942,1.9937323331832888,-0.10189753565630122,-0.3050181269645691,1.9937323331832888,-0.07999285804378453,-0.3710435628890991,-10.045245251042973,0.0
386,9.65,1.754331892760277e+18,-0.2507099986608141,3.781617717935105,1.8180140104101252,0.6038645335299198,6.068899909172624,-2.3794408257816984,-0.2874756261819236,-0.18509078555494016,-0.1866007447242736,1.9169270992279053,-0.09891308881778005,1.9503036737442017,-0.12115393380763151,-0.2576566934585571,1.9503036737442017,-0.10345197996151745,-0.2576566934585571,1.9503036737442017,-0.08158022387712505,-0.254986435174942,1.9937323331832888,-0.10189753565630122,-0.3050181269645691,-10.239479215239674,0.0
387,9.675,1.7543318927852772e+18,-0.2507099986608141,3.781617717935105,1.8145406313834649,0.5914693124051796,6.068899909172624,-2.19736537791381,-0.04366217897489906,-0.14193830045949302,-0.1866007447242736,1.9169270992279053,-0.10238646784444039,1.9169270992279053,-0.09891308881778005,-0.1866007447242736,1.9503036737442017,-0.12115393380763151,-0.2576566934585571,1.9503036737442017,-0.10345197996151745,-0.2576566934585571,1.9503036737442017,-0.08158022387712505,-0.254986435174942,-10.417133945798064,0.0
388,9.700000000000001,1.754331892810277e+18,-0.2192525047464704,3.7732483101597127,1.8182260286865888,0.5782484409405455,6.023808638490655,-1.9772115066501412,0.17623845805922045,-0.09524286872088933,-0.0687060803174972,1.9169270992279053,-0.0987010705413165,1.9169270992279053,-0.10238646784444039,-0.1866007447242736,1.9169270992279053,-0.09891308881778005,-0.1866007447242736,1.9503036737442017,-0.12115393380763151,-0.2576566934585571,1.9503036737442017,-0.10345197996151745,-0.2576566934585571,-10.601970586042844,0.0
389,9.725000000000001,1.754331892835277e+18,-0.1263140857618738,3.751120227312782,1.8271741442225853,0.5597216177287154,5.918712023197935,-1.7297848711566157,0.3328070911574893,-0.04695477691522312,-0.046365138143301,1.8905417919158936,-0.06336764769330827,1.9169270992279053,-0.0987010705413165,-0.0687060803174972,1.9169270992279053,-0.10238646784444039,-0.1866007447242736,1.9169270992279053,-0.09891308881778005,-0.1866007447242736,1.9503036737442017,-0.12115393380763151,-0.2576566934585571,-10.761272727051256,0.0
390,9.75,1.7543318928602772e+18,-0.0785484578417783,3.729288720423528,1.8386778911430361,0.5310622883754731,5.87607674046831,-1.4662123157829094,0.40150349548609865,0.00014568589697580006,0.0279843155294656,1.8905417919158936,-0.05186390077285741,1.8905417919158936,-0.06336764769330827,-0.046365138143301,1.9169270992279053,-0.0987010705413165,-0.0687060803174972,1.9169270992279053,-0.10238646784444039,-0.1866007447242736,1.9169270992279053,-0.09891308881778005,-0.1866007447242736,-10.918794670009058,0.0
391,9.775,1.7543318928852772e+18,-0.0785484578417783,3.729288720423528,1.8499391597752544,0.4878314237452514,5.87607674046831,-1.1960107318103481,0.378859636442409,0.04324393854109162,0.0307871662080287,1.8705670833587649,-0.02062792358351051,1.8905417919158936,-0.05186390077285741,0.0279843155294656,1.8905417919158936,-0.06336764769330827,-0.046365138143301,1.9169270992279053,-0.0987010705413165,-0.0687060803174972,1.9169270992279053,-0.10238646784444039,-0.1866007447242736,-11.020311374367415,0.0
392,9.8,1.754331892910277e+18,0.00647940432561,3.692319487509889,1.8586996636977022,0.4270649017584177,5.815176092091904,-0.9267898408358762,0.2826703328999671,0.08005033359614061,0.1027884557843208,1.8579163551330569,0.0007833085646453686,1.8705670833587649,-0.02062792358351051,0.0307871662080287,1.8905417919158936,-0.05186390077285741,0.0279843155294656,1.8905417919158936,-0.06336764769330827,-0.046365138143301,1.9169270992279053,-0.0987010705413165,-0.0687060803174972,-11.148611908335356,0.0
393,9.825000000000001,1.754331892935277e+18,0.0878778967060771,3.654139998576018,1.8636482274782147,0.3483970726370187,5.746152323655811,-0.6647155388478225,0.14664973514466095,0.10889677048744241,0.1027884557843208,1.8579163551330569,0.005731872345157818,1.8579163551330569,0.0007833085646453686,0.1027884557843208,1.8705670833587649,-0.02062792358351051,0.0307871662080287,1.8905417919158936,-0.05186390077285741,0.0279843155294656,1.8905417919158936,-0.06336764769330827,-0.046365138143301,-11.248217014722677,0.0
394,9.850000000000001,1.754331892960277e+18,0.0878778967060771,3.654139998576018,1.8645713954737522,0.2547628674026469,5.746152323655811,-0.41465455249764804,0.011419669470772331,0.12842165483834778,0.102786898612976,1.8579163551330569,0.006655040340695306,1.8579163551330569,0.005731872345157818,0.1027884557843208,1.8579163551330569,0.0007833085646453686,0.1027884557843208,1.8705670833587649,-0.02062792358351051,0.0307871662080287,1.8905417919158936,-0.05186390077285741,0.0279843155294656,-11.361905454595059,0.0
395,9.875,1.7543318929852772e+18,0.1432721140585897,3.6087685648241594,1.8622744950482528,0.1523873067153022,5.7399593826758935,-0.1798428036835993,-0.08559939473165096,0.137114316501074,0.1409770548343658,1.856678485870361,0.005596009177891714,1.8579163551330569,0.006655040340695306,0.102786898612976,1.8579163551330569,0.005731872345157818,0.1027884557843208,1.8579163551330569,0.0007833085646453686,0.1027884557843208,1.8705670833587649,-0.02062792358351051,0.0307871662080287,-11.49316599621251,0.0
396,9.9,1.754331893010277e+18,0.1432721140585897,3.6087685648241594,1.8583234994944973,0.05001786467003917,5.7399593826758935,0.038186240596331064,-0.11885713068298914,0.13307019232555556,0.1027348190546035,1.871607542037964,-0.013284042543466823,1.856678485870361,0.005596009177891714,0.1409770548343658,1.8579163551330569,0.006655040340695306,0.102786898612976,1.8579163551330569,0.005731872345157818,0.1027884557843208,1.8579163551330569,0.0007833085646453686,0.1027884557843208,-11.61981158344113,0.0
397,9.925,1.754331893035277e+18,0.1972023397039946,3.5534084007634466,1.8546641770035635,-0.04247301729644797,5.756427880964953,0.23869301241593296,-0.07998284683975573,0.11420378049377136,0.12441386282444,1.896748423576355,-0.04208424657279153,1.871607542037964,-0.013284042543466823,0.1027348190546035,1.856678485870361,0.005596009177891714,0.1409770548343658,1.8579163551330569,0.006655040340695306,0.102786898612976,1.8579163551330569,0.005731872345157818,0.1027884557843208,-11.792533619786893,0.0
398,9.950000000000001,1.7543318930602772e+18,0.2133582152773581,3.5444741494813354,1.853180107239501,-0.11587283709590065,5.75220654916806,0.41983784831132387,0.021226814539799684,0.07890829155762882,0.12441386282444,1.896748423576355,-0.043568316336853874,1.896748423576355,-0.04208424657279153,0.12441386282444,1.871607542037964,-0.013284042543466823,0.1027348190546035,1.856678485870361,0.005596009177891714,0.1409770548343658,1.8579163551330569,0.006655040340695306,0.102786898612976,-11.984608958712778,0.0
399,9.975000000000001,1.7543318930852772e+18,0.2575937697339774,3.5237516208109114,1.8552634981678282,-0.16345816999447502,5.7819700006368535,0.5765259010876118,0.16006424429412808,0.02687495715835948,0.0209781937301158,1.929199814796448,-0.07393631662861977,1.896748423576355,-0.043568316336853874,0.12441386282444,1.896748423576355,-0.04208424657279153,0.12441386282444,1.871607542037964,-0.013284042543466823,0.1027348190546035,1.856678485870361,0.005596009177891714,0.1409770548343658,-12.225322418385,0.0
400,10.0,1.754331893110277e+18,0.2899233770432028,3.5053100870531977,1.8614848199578558,-0.18246845511429272,5.789882257644075,0.6990258765400817,0.3034215584447911,-0.04032447296199295,-0.0689125806093216,1.929199814796448,-0.06771499483859222,1.929199814796448,-0.07393631662861977,0.0209781937301158,1.896748423576355,-0.043568316336853874,0.12441386282444,1.896748423576355,-0.04208424657279153,0.12441386282444,1.871607542037964,-0.013284042543466823,0.1027348190546035,-12.433235794476465,0.0
401,10.025,1.754331893135277e+18,0.3370759391395057,3.472097725870693,1.8714446636136615,-0.17483862438844835,5.816416423130891,0.773202977392769,0.41793614698592074,-0.1191522134098234,-0.0893275439739227,1.9714113473892207,-0.09996668377555928,1.929199814796448,-0.06771499483859222,-0.0689125806093216,1.929199814796448,-0.07393631662861977,0.0209781937301158,1.896748423576355,-0.043568316336853874,0.12441386282444,1.896748423576355,-0.04208424657279153,0.12441386282444,-12.690895345713233,0.0
402,10.05,1.754331893160277e+18,0.3693614422413072,3.45366580722266,1.8838646045889418,-0.14688759228037052,5.827085869972932,0.782659632332475,0.47789772113685186,-0.20452535814986314,-0.2072347551584243,1.9714113473892207,-0.08754674280027896,1.9714113473892207,-0.09996668377555928,-0.0893275439739227,1.929199814796448,-0.06771499483859222,-0.0689125806093216,1.929199814796448,-0.07393631662861977,0.0209781937301158,1.896748423576355,-0.043568316336853874,0.12441386282444,-12.908130783472231,0.0
403,10.075000000000001,1.7543318931852772e+18,0.4235523588878718,3.4287625906256216,1.8969160244482548,-0.1078721136318192,5.85961113183752,0.7124463503870224,0.47119223727620746,-0.2905825372502984,-0.3160192966461181,2.024925947189331,-0.12800992274107625,1.9714113473892207,-0.08754674280027896,-0.2072347551584243,1.9714113473892207,-0.09996668377555928,-0.0893275439739227,1.929199814796448,-0.06771499483859222,-0.0689125806093216,1.929199814796448,-0.07393631662861977,0.0209781937301158,-13.231386324099079,0.0
404,10.100000000000001,1.754331893210277e+18,0.4678879934607578,3.412830016992956,1.9087046761778255,-0.06768370750450045,5.87616804328336,0.5534644834330184,0.4020599668992133,-0.3715854677613757,-0.35276660323143,2.024925947189331,-0.11622127101150559,2.024925947189331,-0.12800992274107625,-0.3160192966461181,1.9714113473892207,-0.08754674280027896,-0.2072347551584243,1.9714113473892207,-0.09996668377555928,-0.0893275439739227,1.929199814796448,-0.06771499483859222,-0.0689125806093216,-13.51502526919206,0.0
405,10.125,1.754331893235277e+18,0.5143028256093367,3.390337663127328,1.9177644060030359,-0.034300470656267595,5.898270177836212,0.3062812737932929,0.29017609600868893,-0.4427490906305775,-0.461825281381607,2.024925947189331,-0.10716154118629517,2.024925947189331,-0.11622127101150559,-0.35276660323143,2.024925947189331,-0.12800992274107625,-0.3160192966461181,1.9714113473892207,-0.08754674280027896,-0.2072347551584243,1.9714113473892207,-0.09996668377555928,-0.0893275439739227,-13.762069247716376,0.0
406,10.15,1.7543318932602772e+18,0.5404031317538984,3.3738676222010167,1.9234106111472233,-0.011683651796978287,5.898954502239364,-0.017028798154903088,0.1663512460231225,-0.5008380441104535,-0.4837542772293091,2.09092378616333,-0.16751317501610674,2.024925947189331,-0.10716154118629517,-0.461825281381607,2.024925947189331,-0.11622127101150559,-0.35276660323143,2.024925947189331,-0.12800992274107625,-0.3160192966461181,1.9714113473892207,-0.08754674280027896,-0.2072347551584243,-14.090890570837633,0.0
407,10.175,1.7543318932852772e+18,0.6046986434228372,3.36441894182582,1.9258689830387399,0.0013201674085936287,5.8966287374854085,-0.39393852580536487,0.06582724697929983,-0.5444531512725741,-0.5607430338859558,2.09092378616333,-0.1650548031245902,2.09092378616333,-0.16751317501610674,-0.4837542772293091,2.024925947189331,-0.10716154118629517,-0.461825281381607,2.024925947189331,-0.11622127101150559,-0.35276660323143,2.024925947189331,-0.12800992274107625,-0.3160192966461181,-14.389323419143068,0.0
408,10.200000000000001,1.754331893310277e+18,0.6404328903787708,3.349904683979457,1.9261921108315336,0.01067278111377077,5.900135240245396,-0.7953173489413727,0.0205932985357165,-0.5740154100956985,-0.5554541349411011,2.1654295921325684,-0.23923748130103473,2.09092378616333,-0.1650548031245902,-0.5607430338859558,2.09092378616333,-0.16751317501610674,-0.4837542772293091,2.024925947189331,-0.10716154118629517,-0.461825281381607,2.024925947189331,-0.11622127101150559,-0.35276660323143,-14.783620164645157,0.0
409,10.225000000000001,1.754331893335277e+18,0.7109017222512448,3.302413519947561,1.9260487355804592,0.02528474039823489,5.873128827670132,-1.1908888148207826,0.05232441991120602,-0.5914981686925874,-0.602715015411377,2.1654295921325684,-0.23938085655210917,2.1654295921325684,-0.23923748130103473,-0.5554541349411011,2.09092378616333,-0.1650548031245902,-0.5607430338859558,2.09092378616333,-0.16751317501610674,-0.4837542772293091,2.024925947189331,-0.10716154118629517,-0.461825281381607,-15.148005275121031,0.0
410,10.25,1.754331893360277e+18,0.7288062258715549,3.2953684094264277,1.9274702201425349,0.053986290236981434,5.870195943287257,-1.554571843162688,0.16745445016979194,-0.599962725184678,-0.602715015411377,2.1654295921325684,-0.23795937199003347,2.1654295921325684,-0.23938085655210917,-0.602715015411377,2.1654295921325684,-0.23923748130103473,-0.5554541349411011,2.09092378616333,-0.1650548031245902,-0.5607430338859558,2.09092378616333,-0.16751317501610674,-0.4837542772293091,-15.584771385385185,0.0
411,10.275,1.7543318933852772e+18,0.7760361674019425,3.286478036792832,1.9325753635401697,0.10238762655252108,5.8116369246392985,-1.8682528472303968,0.35555625590482676,-0.6029390856768129,-0.604937732219696,2.2442610263824463,-0.3116856628422766,2.1654295921325684,-0.23795937199003347,-0.602715015411377,2.1654295921325684,-0.23938085655210917,-0.602715015411377,2.1654295921325684,-0.23923748130103473,-0.5554541349411011,2.09092378616333,-0.1650548031245902,-0.5607430338859558,-16.062469793768063,0.0
412,10.3,1.754331893410277e+18,0.8861966444658838,3.2364403089808387,1.9432439655950695,0.17090833700827127,5.705038161327539,-2.123352398228368,0.5916160520342656,-0.6036924748076088,-0.604937732219696,2.2442610263824463,-0.3010170607873768,2.2442610263824463,-0.3116856628422766,-0.604937732219696,2.1654295921325684,-0.23795937199003347,-0.602715015411377,2.1654295921325684,-0.23938085655210917,-0.602715015411377,2.1654295921325684,-0.23923748130103473,-0.5554541349411011,-16.495337853569747,0.0
413,10.325000000000001,1.754331893435277e+18,0.8861966444658838,3.2364403089808387,1.9607383046939086,0.25463327274118946,5.705038161327539,-2.3202981690212714,0.8419741624081414,-0.6044541182210135,-0.6054233312606812,2.3280117511749268,-0.3672734464810181,2.2442610263824463,-0.3010170607873768,-0.604937732219696,2.2442610263824463,-0.3116856628422766,-0.604937732219696,2.1654295921325684,-0.23795937199003347,-0.602715015411377,2.1654295921325684,-0.23938085655210917,-0.602715015411377,-17.01303012724339,0.0
414,10.350000000000001,1.7543318934602772e+18,0.9162262164941612,3.212683725789557,1.9853616740509061,0.3446429026883018,5.636242795936563,-2.4663464834509776,1.072755245917585,-0.6057654413745848,-0.6054233312606812,2.3280117511749268,-0.3426500771240206,2.3280117511749268,-0.3672734464810181,-0.6054233312606812,2.2442610263824463,-0.3010170607873768,-0.604937732219696,2.2442610263824463,-0.3116856628422766,-0.604937732219696,2.1654295921325684,-0.23795937199003347,-0.602715015411377,-17.523770617074582,0.0
415,10.375,1.7543318934852772e+18,0.9708037544123004,3.1826848503704515,2.016312290147633,0.4299701491100864,5.558961975034136,-2.5723910285973313,1.2587457870311858,-0.606152813467668,-0.5833812952041626,2.420231342315674,-0.4039190521680407,2.3280117511749268,-0.3426500771240206,-0.6054233312606812,2.3280117511749268,-0.3672734464810181,-0.6054233312606812,2.2442610263824463,-0.3010170607873768,-0.604937732219696,2.2442610263824463,-0.3116856628422766,-0.604937732219696,-18.112682967283696,0.0
416,10.4,1.754331893510277e+18,1.0557060689894069,3.135430949477196,2.051869293972011,0.4996233977353608,5.469115918319887,-2.6496999555280274,1.3902125977842748,-0.6023707414463958,-0.5597627758979797,2.420231342315674,-0.3683620483436627,2.420231342315674,-0.4039190521680407,-0.5833812952041626,2.3280117511749268,-0.3426500771240206,-0.6054233312606812,2.3280117511749268,-0.3672734464810181,-0.6054233312606812,2.2442610263824463,-0.3010170607873768,-0.604937732219696,-18.62612300776706,0.0
417,10.425,1.754331893535277e+18,1.072724571838264,3.1226005341280936,2.089926445678731,0.5445801444955335,5.445226540220364,-2.7075593293206883,1.4753896726724636,-0.5903541536512856,-0.5782231092453003,2.519402265548706,-0.4294758198699751,2.420231342315674,-0.3683620483436627,-0.5597627758979797,2.420231342315674,-0.4039190521680407,-0.5833812952041626,2.3280117511749268,-0.3426500771240206,-0.6054233312606812,2.3280117511749268,-0.3672734464810181,-0.6054233312606812,-19.159972834392413,0.0
418,10.450000000000001,1.754331893560277e+18,1.121546083898986,3.075665185262536,2.1287246405056743,0.5597341674349374,5.377741670720473,-2.7522902364292325,1.537402388794846,-0.5667212480789358,-0.6398090124130249,2.623779296875,-0.49505465636932566,2.519402265548706,-0.4294758198699751,-0.5782231092453003,2.420231342315674,-0.3683620483436627,-0.5597627758979797,2.420231342315674,-0.4039190521680407,-0.5833812952041626,2.3280117511749268,-0.3426500771240206,-0.6054233312606812,-19.71833353726427,0.0
419,10.475000000000001,1.7543318935852772e+18,1.1727926141621068,3.0305536556731587,2.1675119872042874,0.5455601568598776,5.295328362008777,-2.7874626142638363,1.6060509282103144,-0.5302204888971096,-0.6398090124130249,2.623779296875,-0.4562673096707126,2.623779296875,-0.49505465636932566,-0.6398090124130249,2.519402265548706,-0.4294758198699751,-0.5782231092453003,2.420231342315674,-0.3683620483436627,-0.5597627758979797,2.420231342315674,-0.4039190521680407,-0.5833812952041626,-20.25175202352127,0.0
420,10.5,1.754331893610277e+18,1.1931695795489683,2.995338380136741,2.206845168131366,0.5090185714124458,5.23963963864382,-2.814802793327693,1.7066413571582515,-0.48225959547917574,-0.4380931258201599,2.7314682006835938,-0.5246230325522276,2.623779296875,-0.4562673096707126,-0.6398090124130249,2.623779296875,-0.49505465636932566,-0.6398090124130249,2.519402265548706,-0.4294758198699751,-0.5782231092453003,2.420231342315674,-0.3683620483436627,-0.5597627758979797,-20.81213279017085,0.0
421,10.525,1.754331893635277e+18,1.2203445534038495,2.9580628317455635,2.2483589795757433,0.463042650052799,5.160608350569134,-2.8352071229167706,1.8492928202601517,-0.42601211569709624,-0.3723791539669037,2.8260746002197266,-0.5777156206439833,2.7314682006835938,-0.5246230325522276,-0.4380931258201599,2.623779296875,-0.4562673096707126,-0.6398090124130249,2.623779296875,-0.49505465636932566,-0.6398090124130249,2.519402265548706,-0.4294758198699751,-0.5782231092453003,-21.471022066976335,0.0
422,10.55,1.7543318936602772e+18,1.2589680262043883,2.8767604902812534,2.2940420526920047,0.42403331800136335,5.089781518483101,-2.8492702275573656,2.022333578348182,-0.3645219289756216,-0.2762177288532257,2.889404058456421,-0.5953620057644162,2.8260746002197266,-0.5777156206439833,-0.3723791539669037,2.7314682006835938,-0.5246230325522276,-0.4380931258201599,2.623779296875,-0.4562673096707126,-0.6398090124130249,2.623779296875,-0.49505465636932566,-0.6398090124130249,-22.106614423005663,0.0
423,10.575000000000001,1.7543318936852772e+18,1.2764096636323408,2.847739383051473,2.345275594348565,0.4074679314493127,5.047953689474351,-2.8569120678802764,2.1923456965272283,-0.2990156633067434,-0.2762177288532257,2.889404058456421,-0.5441284641078559,2.889404058456421,-0.5953620057644162,-0.2762177288532257,2.8260746002197266,-0.5777156206439833,-0.3723791539669037,2.7314682006835938,-0.5246230325522276,-0.4380931258201599,2.623779296875,-0.4562673096707126,-0.6398090124130249,-22.65164633943758,0.0
424,10.600000000000001,1.754331893710277e+18,1.3066261879342762,2.797462165932374,2.4019992063954154,0.42284279340855896,4.975489643769869,-2.856126051328766,2.3114014163105217,-0.22855559062326264,-0.3115736246109009,2.889404058456421,-0.4874048520610055,2.889404058456421,-0.5441284641078559,-0.2762177288532257,2.889404058456421,-0.5953620057644162,-0.2762177288532257,2.8260746002197266,-0.5777156206439833,-0.3723791539669037,2.7314682006835938,-0.5246230325522276,-0.4380931258201599,-23.135165324837946,0.0
425,10.625,1.754331893735277e+18,1.325446833655882,2.7456277236651574,2.462305750950567,0.469919439603014,4.89445151102712,-2.84144095246702,2.329703561568895,-0.15123698618533316,-0.1820631772279739,2.919820547103882,-0.45751479615331503,2.889404058456421,-0.4874048520610055,-0.3115736246109009,2.889404058456421,-0.5441284641078559,-0.2762177288532257,2.889404058456421,-0.5953620057644162,-0.2762177288532257,2.8260746002197266,-0.5777156206439833,-0.3723791539669037,-23.5804264345704,0.0
426,10.65,1.754331893760277e+18,1.3467583657923003,2.6857919929313274,2.5225941245277794,0.5379714825723277,4.7845035846202,-2.803048124840991,2.209991124639354,-0.06611585952524575,-0.0478410422801971,2.919820547103882,-0.3972264225761024,2.919820547103882,-0.45751479615331503,-0.1820631772279739,2.889404058456421,-0.4874048520610055,-0.3115736246109009,2.889404058456421,-0.5441284641078559,-0.2762177288532257,2.889404058456421,-0.5953620057644162,-0.2762177288532257,-23.93815162500481,0.0
427,10.675,1.7543318937852772e+18,1.3550437523990513,2.6068122983132085,2.578231841062516,0.6085648204683047,4.729939603355697,-2.727316797339579,1.9393463670134234,0.025300737087941613,-0.0478410422801971,2.919820547103882,-0.34158870604136604,2.919820547103882,-0.3972264225761024,-0.0478410422801971,2.919820547103882,-0.45751479615331503,-0.1820631772279739,2.889404058456421,-0.4874048520610055,-0.3115736246109009,2.889404058456421,-0.5441284641078559,-0.2762177288532257,-24.228751742003084,0.0
428,10.700000000000001,1.754331893810277e+18,1.3660692178827372,2.520445952818274,2.6245502341709828,0.6610314611712529,4.641344110040319,-2.5987204804275392,1.5347104560054337,0.1187565328586122,0.181999996304512,2.82290267944336,-0.19835244527237705,2.919820547103882,-0.34158870604136604,-0.0478410422801971,2.919820547103882,-0.3972264225761024,-0.0478410422801971,2.919820547103882,-0.45751479615331503,-0.1820631772279739,2.889404058456421,-0.4874048520610055,-0.3115736246109009,-24.35666803509863,0.0
429,10.725000000000001,1.754331893835277e+18,1.3718738276789575,2.473076104794705,2.6579078085573076,0.678808175632089,4.582510693858809,-2.4026693691886734,1.0402808805663024,0.20816179364767226,0.2353448271751403,2.729117155075073,-0.07120934651776523,2.82290267944336,-0.19835244527237705,0.181999996304512,2.919820547103882,-0.34158870604136604,-0.0478410422801971,2.919820547103882,-0.3972264225761024,-0.0478410422801971,2.919820547103882,-0.45751479615331503,-0.1820631772279739,-24.340397586832083,0.0
430,10.75,1.7543318938602772e+18,1.3609395661570187,2.416018338518036,2.676521016256056,0.6544491961309593,4.545847661358607,-2.128696657089769,0.5174280020138612,0.28717353434082243,0.2969827651977539,2.622331380844116,0.054189635411939996,2.729117155075073,-0.07120934651776523,0.2353448271751403,2.82290267944336,-0.19835244527237705,0.181999996304512,2.919820547103882,-0.34158870604136604,-0.0478410422801971,2.919820547103882,-0.3972264225761024,-0.0478410422801971,-24.183966846414798,0.0
431,10.775,1.7543318938852772e+18,1.360685481578623,2.355079361814862,2.6808121948307444,0.5914667999241043,4.4780106317604105,-1.7734789589783881,0.03003658068102379,0.35073251041975484,0.2969827651977539,2.622331380844116,0.05848081398662819,2.622331380844116,0.054189635411939996,0.2969827651977539,2.729117155075073,-0.07120934651776523,0.2353448271751403,2.82290267944336,-0.19835244527237705,0.181999996304512,2.919820547103882,-0.34158870604136604,-0.0478410422801971,-24.01073451043661,0.0
432,10.8,1.754331893910277e+18,1.339158308713762,2.28891918192704,2.673167321849806,0.5022394725299996,4.41446933252342,-1.3429728956337452,-0.3704751870934133,0.39608725823470253,0.4314655065536499,2.5214974880218506,0.15166983382795562,2.622331380844116,0.05848081398662819,0.2969827651977539,2.622331380844116,0.054189635411939996,0.2969827651977539,2.729117155075073,-0.07120934651776523,0.2353448271751403,2.82290267944336,-0.19835244527237705,0.181999996304512,-23.718583717683615,0.0
433,10.825000000000001,1.754331893935277e+18,1.3155013638882336,2.2182130494358185,2.657186158183754,0.4028088054357867,4.398213573900466,-0.8528995082735373,-0.6562010354802306,0.4231891805155776,0.4314655065536499,2.5214974880218506,0.13568867016190334,2.5214974880218506,0.15166983382795562,0.4314655065536499,2.622331380844116,0.05848081398662819,0.2969827651977539,2.622331380844116,0.054189635411939996,0.2969827651977539,2.729117155075073,-0.07120934651776523,0.2353448271751403,-23.439095793076124,0.0
434,10.850000000000001,1.754331893960277e+18,1.297808091579304,2.1505750863598454,2.636672733210319,0.30676056882842617,4.379547996148936,-0.3273062008763119,-0.8269097448776701,0.43452362090857244,0.4314655065536499,2.5214974880218506,0.11517524518846844,2.5214974880218506,0.13568867016190334,0.4314655065536499,2.5214974880218506,0.15166983382795562,0.4314655065536499,2.622331380844116,0.05848081398662819,0.2969827651977539,2.622331380844116,0.054189635411939996,0.2969827651977539,-23.15547626316741,0.0
435,10.875,1.7543318939852772e+18,1.2850611784286672,2.099754534059926,2.61468813625253,0.22076344275043874,4.352172082519075,0.20440369228035163,-0.9065539230822018,0.4344625203113032,0.4314655065536499,2.5214974880218506,0.09319064823067924,2.5214974880218506,0.11517524518846844,0.4314655065536499,2.5214974880218506,0.13568867016190334,0.4314655065536499,2.5214974880218506,0.15166983382795562,0.4314655065536499,2.622331380844116,0.05848081398662819,0.2969827651977539,-22.903709961793993,0.0
436,10.9,1.754331894010277e+18,1.255269820082603,2.0192838634035355,2.5929420695020626,0.14348270518421066,4.370587133656164,0.7113978399859388,-0.9336672306396717,0.42827131941106383,0.4314655065536499,2.428438186645508,0.16450388285655482,2.5214974880218506,0.09319064823067924,0.4314655065536499,2.5214974880218506,0.11517524518846844,0.4314655065536499,2.5214974880218506,0.13568867016190334,0.4314655065536499,2.5214974880218506,0.15166983382795562,0.4314655065536499,-22.596359947875577,0.0
437,10.925,1.754331894035277e+18,1.2323756678540383,1.947724409255965,2.571661151343407,0.06800962527365977,4.352082645528694,1.165854435723832,-0.948906003023207,0.42101443451916565,0.3883189558982849,2.428438186645508,0.14322296469789908,2.428438186645508,0.16450388285655482,0.4314655065536499,2.5214974880218506,0.09319064823067924,0.4314655065536499,2.5214974880218506,0.11517524518846844,0.4314655065536499,2.5214974880218506,0.13568867016190334,0.4314655065536499,-22.290206807929103,0.0
438,10.950000000000001,1.7543318940602772e+18,1.199468863974769,1.9006666274558837,2.5499040764554644,-0.013498671845745543,4.4055918682531345,1.5472976404423673,-0.9835898143100276,0.4166634807338844,0.4185775816440582,2.349125385284424,0.20077869117104052,2.428438186645508,0.14322296469789908,0.3883189558982849,2.428438186645508,0.16450388285655482,0.4314655065536499,2.5214974880218506,0.09319064823067924,0.4314655065536499,2.5214974880218506,0.11517524518846844,0.4314655065536499,-21.894897467007787,0.0
439,10.975000000000001,1.7543318940852772e+18,1.1808424499955237,1.836232440403348,2.526166332874426,-0.10497941751153218,4.486883924112141,1.8457900859642247,-1.0524549359113997,0.41763474541148704,0.4337069094181061,2.285120725631714,0.2410456072427123,2.349125385284424,0.20077869117104052,0.4185775816440582,2.428438186645508,0.14322296469789908,0.3883189558982849,2.428438186645508,0.16450388285655482,0.4314655065536499,2.5214974880218506,0.09319064823067924,0.4314655065536499,-21.480896046406983,0.0
440,11.0,1.754331894110277e+18,1.1640013587650664,1.7711312332069982,2.499068145341028,-0.20331387561096137,4.5272060900953255,2.062939107105118,-1.1522391464184176,0.4247876138676802,0.4337069094181061,2.285120725631714,0.21394741970931408,2.285120725631714,0.2410456072427123,0.4337069094181061,2.349125385284424,0.20077869117104052,0.4185775816440582,2.428438186645508,0.14322296469789908,0.3883189558982849,2.428438186645508,0.16450388285655482,0.4314655065536499,-21.113132115210508,0.0
441,11.025,1.754331894135277e+18,1.1515481551739692,1.7287914714240094,2.467930738829254,-0.29809211007407155,4.554984876423893,2.2103020913024407,-1.2657442460022807,0.43771870805428625,0.4337069094181061,2.285120725631714,0.1828100131975403,2.285120725631714,0.21394741970931408,0.4337069094181061,2.285120725631714,0.2410456072427123,0.4337069094181061,2.349125385284424,0.20077869117104052,0.4185775816440582,2.428438186645508,0.14322296469789908,0.3883189558982849,-20.723422901972615,0.0
442,11.05,1.754331894160277e+18,1.128300374847432,1.665660851147107,2.4330805100542396,-0.3745758098180114,4.628531773406797,2.3055978613772674,-1.3693429757059503,0.45512312137953026,0.4618082046508789,2.2358829975128174,0.19719751254142226,2.285120725631714,0.1828100131975403,0.4337069094181061,2.285120725631714,0.21394741970931408,0.4337069094181061,2.285120725631714,0.2410456072427123,0.4337069094181061,2.349125385284424,0.20077869117104052,0.4185775816440582,-20.25048385251596,0.0
443,11.075000000000001,1.7543318941852772e+18,1.108775169738868,1.6028422382847154,2.3957824516521344,-0.419029920376162,4.69567659675738,2.367783092420774,-1.4410461370069165,0.4750893727527417,0.4618082046508789,2.2358829975128174,0.15989945413931705,2.2358829975128174,0.19719751254142226,0.4618082046508789,2.285120725631714,0.1828100131975403,0.4337069094181061,2.285120725631714,0.21394741970931408,0.4337069094181061,2.285120725631714,0.2410456072427123,0.4337069094181061,-19.819351803497437,0.0
444,11.100000000000001,1.754331894210277e+18,1.0986001508702334,1.5316874879903626,2.3578273647033843,-0.4245262020809835,4.763432507213332,2.4124519607151123,-1.4664516924684492,0.49534016897749594,0.4904412031173706,2.205069303512573,0.15275806119081148,2.2358829975128174,0.15989945413931705,0.4618082046508789,2.2358829975128174,0.19719751254142226,0.4618082046508789,2.285120725631714,0.1828100131975403,0.4337069094181061,2.285120725631714,0.21394741970931408,0.4337069094181061,-19.304314483233068,0.0
445,11.125,1.754331894235277e+18,1.1003948312523306,1.4938735510106491,2.320961034440577,-0.39476430133386353,4.813304057974452,2.448977207986938,-1.4410085355274966,0.5135077793054051,0.5164622664451599,2.205069303512573,0.11589173092800431,2.205069303512573,0.15275806119081148,0.4904412031173706,2.2358829975128174,0.15989945413931705,0.4618082046508789,2.2358829975128174,0.19719751254142226,0.4618082046508789,2.285120725631714,0.1828100131975403,0.4337069094181061,-18.824534852594002,0.0
446,11.15,1.7543318942602772e+18,1.096255983594478,1.433556001789638,2.2864367202391898,-0.34388539272376845,4.878168741507173,2.480159527867961,-1.3685728822846497,0.527502416487246,0.5164622664451599,2.205069303512573,0.08136741672661696,2.205069303512573,0.11589173092800431,0.5164622664451599,2.205069303512573,0.15275806119081148,0.4904412031173706,2.2358829975128174,0.15989945413931705,0.4618082046508789,2.2358829975128174,0.19719751254142226,0.4618082046508789,-18.28170316826349,0.0
447,11.175,1.7543318942852772e+18,1.1311486435639897,1.3608978631391562,2.254891315403324,-0.2918092951268648,4.941212697373572,2.504135959884547,-1.2576082497698828,0.5359279923480481,0.5586828589439392,2.187209367752075,0.06768194765124891,2.205069303512573,0.08136741672661696,0.5164622664451599,2.205069303512573,0.11589173092800431,0.5164622664451599,2.205069303512573,0.15275806119081148,0.4904412031173706,2.2358829975128174,0.15989945413931705,0.4618082046508789,-17.653733976688923,0.0
448,11.200000000000001,1.754331894310277e+18,1.149418102338073,1.277399516310826,2.2265303517728534,-0.2568142141228886,5.038508659577997,2.5174434298028987,-1.1170763334650335,0.5383922845421718,0.5586828589439392,2.187209367752075,0.039320984020778216,2.187209367752075,0.06768194765124891,0.5586828589439392,2.205069303512573,0.08136741672661696,0.5164622664451599,2.205069303512573,0.11589173092800431,0.5164622664451599,2.205069303512573,0.15275806119081148,0.4904412031173706,-17.067925206960137,0.0
449,11.225000000000001,1.754331894335277e+18,1.1555815025657106,1.2241320060044778,2.2014340772766796,-0.24870364444401177,5.099964213701975,2.5178329704720426,-0.953877321805891,0.5355303822962133,0.5174927115440369,2.1827754974365234,0.018658579840156175,2.187209367752075,0.039320984020778216,0.5586828589439392,2.187209367752075,0.06768194765124891,0.5586828589439392,2.205069303512573,0.08136741672661696,0.5164622664451599,2.205069303512573,0.11589173092800431,0.5164622664451599,-16.527309973977463,0.0
450,11.25,1.754331894360277e+18,1.152456643780612,1.174619803567679,2.1797949196480357,-0.2657466056172171,5.148348265025339,2.505773624007527,-0.7727755695156898,0.528664980634261,0.5174927115440369,2.1827754974365234,-0.002980577788487704,2.1827754974365234,0.018658579840156175,0.5174927115440369,2.187209367752075,0.039320984020778216,0.5586828589439392,2.187209367752075,0.06768194765124891,0.5586828589439392,2.205069303512573,0.08136741672661696,0.5164622664451599,-15.93497602352635,0.0
451,11.275,1.7543318943852772e+18,1.186888089670764,1.130083937010998,2.162009063013295,-0.2965842781565299,5.204224035483758,2.484356817409131,-0.5785140463571755,0.5192190146713098,0.5174927115440369,2.1827754974365234,-0.020766434423228564,2.1827754974365234,-0.002980577788487704,0.5174927115440369,2.1827754974365234,0.018658579840156175,0.5174927115440369,2.187209367752075,0.039320984020778216,0.5586828589439392,2.187209367752075,0.06768194765124891,0.5586828589439392,-15.293606298527758,0.0
452,11.3,1.754331894410277e+18,1.1930721661624588,1.1088443618355015,2.148627846988944,-0.32584163223513757,5.229622825441901,2.458084948440516,-0.3787899727661528,0.5081298963863646,0.5174927115440369,2.1827754974365234,-0.03414765044757928,2.1827754974365234,-0.020766434423228564,0.5174927115440369,2.1827754974365234,-0.002980577788487704,0.5174927115440369,2.1827754974365234,0.018658579840156175,0.5174927115440369,2.187209367752075,0.039320984020778216,0.5586828589439392,-14.715529254034593,0.0
453,11.325000000000001,1.754331894435277e+18,1.232719755420145,1.037368945863784,2.1401820956466975,-0.340753266491352,5.335951326252436,2.431414013089552,-0.18633722099517358,0.495493010508555,0.4952444434165954,2.1827754974365234,-0.04259340178982596,2.1827754974365234,-0.03414765044757928,0.5174927115440369,2.1827754974365234,-0.020766434423228564,0.5174927115440369,2.1827754974365234,-0.002980577788487704,0.5174927115440369,2.1827754974365234,0.018658579840156175,0.5174927115440369,-14.08606451464517,0.0
454,11.350000000000001,1.7543318944602772e+18,1.251351588073896,0.9967963670154298,2.136893676494956,-0.3360666311638955,5.390239098490627,2.407795977816646,-0.01869576177978583,0.4805466139946691,0.4402189552783966,2.187654972076416,-0.05076129558145981,2.1827754974365234,-0.04259340178982596,0.4952444434165954,2.1827754974365234,-0.03414765044757928,0.5174927115440369,2.1827754974365234,-0.020766434423228564,0.5174927115440369,2.1827754974365234,-0.002980577788487704,0.5174927115440369,-13.516101258729181,0.0
455,11.375,1.7543318944852772e+18,1.2820427569879669,0.963028111542402,2.1383443654743286,-0.31540608560405914,5.438912016428871,2.389497120825372,0.10478900068954138,0.46200565496829626,0.4914805889129638,2.187654972076416,-0.049310606602087415,2.187654972076416,-0.05076129558145981,0.4402189552783966,2.1827754974365234,-0.04259340178982596,0.4952444434165954,2.1827754974365234,-0.03414765044757928,0.5174927115440369,2.1827754974365234,-0.020766434423228564,0.5174927115440369,-12.909574306312773,0.0
456,11.4,1.754331894510277e+18,1.3159295038723124,0.9161546867906712,2.143254102469463,-0.288833171203855,5.508137796872364,2.377973879227192,0.16798054845785199,0.4386562159101753,0.4527894258499145,2.1923248767852783,-0.04907077431581541,2.187654972076416,-0.049310606602087415,0.4914805889129638,2.187654972076416,-0.05076129558145981,0.4402189552783966,2.1827754974365234,-0.04259340178982596,0.4952444434165954,2.1827754974365234,-0.03414765044757928,0.5174927115440369,-12.298402875816162,0.0
457,11.425,1.754331894535277e+18,1.337717326188712,0.8878650786085394,2.1495423705800647,-0.26805060992272833,5.55519871761631,2.3743342421914027,0.16324772032124513,0.4100010628593444,0.4029844999313354,2.1923248767852783,-0.04278250620521362,2.1923248767852783,-0.04907077431581541,0.4527894258499145,2.187654972076416,-0.049310606602087415,0.4914805889129638,2.187654972076416,-0.05076129558145981,0.4402189552783966,2.1827754974365234,-0.04259340178982596,0.4952444434165954,-11.729230640647938,0.0
458,11.450000000000001,1.754331894560277e+18,1.3797503567942693,0.8394176687545198,2.154749275169226,-0.26162208502618045,5.626885180755852,2.3794420475918696,0.09499401674498519,0.3766728323302491,0.3908666968345642,2.1952826976776123,-0.04053342250838643,2.1923248767852783,-0.04278250620521362,0.4029844999313354,2.1923248767852783,-0.04907077431581541,0.4527894258499145,2.187654972076416,-0.049310606602087415,0.4914805889129638,2.187654972076416,-0.05076129558145981,0.4402189552783966,-11.198032419200143,0.0
459,11.475000000000001,1.7543318945852772e+18,1.4157768311331216,0.8131369107451509,2.156707015987155,-0.2721376903357401,5.68479756228931,2.3934156366572235,-0.02012099431639963,0.3404038430291174,0.3440042734146118,2.1952826976776123,-0.03857568169045722,2.1952826976776123,-0.04053342250838643,0.3908666968345642,2.1923248767852783,-0.04278250620521362,0.4029844999313354,2.1923248767852783,-0.04907077431581541,0.4527894258499145,2.187654972076416,-0.049310606602087415,0.4914805889129638,-10.755419555167126,0.0
460,11.5,1.754331894610277e+18,1.4613827855515522,0.7680640458823191,2.154187768742561,-0.29597538644858534,5.761464353433904,2.4145590241201975,-0.15664774873603007,0.3035325171118758,0.289623886346817,2.1903202533721924,-0.03613248462963137,2.1952826976776123,-0.03857568169045722,0.3440042734146118,2.1952826976776123,-0.04053342250838643,0.3908666968345642,2.1923248767852783,-0.04278250620521362,0.4029844999313354,2.1923248767852783,-0.04907077431581541,0.4527894258499145,-10.352358561082081,0.0
461,11.525,1.754331894635277e+18,1.4970056083342342,0.7562265512965349,2.14722957782129,-0.32517176410802007,5.791218090311091,2.438114829583349,-0.2865296468827959,0.26822414023531294,0.27292400598526,2.1903202533721924,-0.04309067555090218,2.1903202533721924,-0.03613248462963137,0.289623886346817,2.1952826976776123,-0.03857568169045722,0.3440042734146118,2.1952826976776123,-0.04053342250838643,0.3908666968345642,2.1923248767852783,-0.04278250620521362,0.4029844999313354,-10.063995157994025,0.0
462,11.55,1.7543318946602772e+18,1.578098806219309,0.6934345166854472,2.13698978902209,-0.35040266002264314,5.9131486320575215,2.4555291303441784,-0.38605030106352733,0.2357094971338971,0.2068239003419876,2.1811187267303467,-0.044128937708256544,2.1903202533721924,-0.04309067555090218,0.27292400598526,2.1903202533721924,-0.03613248462963137,0.289623886346817,2.1952826976776123,-0.03857568169045722,0.3440042734146118,2.1952826976776123,-0.04053342250838643,0.3908666968345642,-9.901658167537937,0.0
463,11.575000000000001,1.7543318946852772e+18,1.595732946608427,0.6819532883230739,2.125204764580104,-0.364057301977231,5.939109544142919,2.4549782734594108,-0.4413751448056652,0.2058592743956448,0.2068239003419876,2.1811187267303467,-0.05591396215024247,2.1811187267303467,-0.044128937708256544,0.2068239003419876,2.1903202533721924,-0.04309067555090218,0.27292400598526,2.1903202533721924,-0.03613248462963137,0.289623886346817,2.1952826976776123,-0.03857568169045722,0.3440042734146118,-9.758961997710673,0.0
464,11.600000000000001,1.754331894710277e+18,1.6506378352929874,0.6678016217646414,2.1135098387513827,-0.36254846022485593,5.988758675674829,2.423523471926267,-0.4511168150881928,0.1772937150034362,0.1785640567541122,2.17191743850708,-0.058407599755697426,2.1811187267303467,-0.05591396215024247,0.2068239003419876,2.1811187267303467,-0.044128937708256544,0.2068239003419876,2.1903202533721924,-0.04309067555090218,0.27292400598526,2.1903202533721924,-0.03613248462963137,0.289623886346817,-9.612692560171228,0.0
465,11.625,1.754331894735277e+18,1.688862820830475,0.6503960449593915,2.1029156481496303,-0.347217768787696,6.040783068614581,2.350392329949183,-0.42546293254273776,0.14800267978250936,0.1651356965303421,2.17191743850708,-0.0690017903574498,2.17191743850708,-0.058407599755697426,0.1785640567541122,2.1811187267303467,-0.05591396215024247,0.2068239003419876,2.1811187267303467,-0.044128937708256544,0.2068239003419876,2.1903202533721924,-0.04309067555090218,0.27292400598526,-9.563964615184714,0.0
466,11.65,1.754331894760277e+18,1.7455016196821882,0.6341029551308139,2.093638808297165,-0.323571640281471,6.117384228300267,2.2300006231905494,-0.3825236649801697,0.11621976484179289,0.1312049031257629,2.15320348739624,-0.0595646790990747,2.17191743850708,-0.0690017903574498,0.1651356965303421,2.17191743850708,-0.058407599755697426,0.1785640567541122,2.1811187267303467,-0.05591396215024247,0.2068239003419876,2.1811187267303467,-0.044128937708256544,0.2068239003419876,-9.4786004671847,0.0
467,11.675,1.7543318947852772e+18,1.7855832548640351,0.618659442861476,2.08528922877304,-0.2991356720261343,6.170107234603582,2.0632296937186174,-0.3432456804147696,0.08118690450018873,0.0734747424721717,2.15320348739624,-0.06791425862319977,2.15320348739624,-0.0595646790990747,0.1312049031257629,2.17191743850708,-0.0690017903574498,0.1651356965303421,2.17191743850708,-0.058407599755697426,0.1785640567541122,2.1811187267303467,-0.05591396215024247,0.2068239003419876,-9.470618165878651,0.0
468,11.700000000000001,1.754331894810277e+18,1.8666165672304031,0.61204161711757,2.0772238948827506,-0.28074297467361037,6.254652135592912,1.8564393666725265,-0.32632571173366415,0.04352956667047748,0.0419547222554683,2.15320348739624,-0.07597959251348918,2.15320348739624,-0.06791425862319977,0.0734747424721717,2.15320348739624,-0.0595646790990747,0.1312049031257629,2.17191743850708,-0.0690017903574498,0.1651356965303421,2.17191743850708,-0.058407599755697426,0.1785640567541122,-9.531688815918478,0.0
469,11.725000000000001,1.754331894835277e+18,1.8830970240899525,0.6082720403675057,2.0688169763175415,-0.2722882132244394,6.2742529498485915,1.6190102716642303,-0.34417909477508507,0.005170914584755265,0.0,2.131672143936157,-0.06285516761861532,2.15320348739624,-0.07597959251348918,0.0419547222554683,2.15320348739624,-0.06791425862319977,0.0734747424721717,2.15320348739624,-0.0595646790990747,0.1312049031257629,2.17191743850708,-0.0690017903574498,0.1651356965303421,-9.538091732489436,0.0
470,11.75,1.7543318948602772e+18,1.977792194848862,0.6045626297122535,2.0595154524987986,-0.2737117171202335,6.349083914339731,1.360873469062059,-0.40049589342416314,-0.031100360114524887,-0.0366147123277187,2.131672143936157,-0.07215669143735814,2.131672143936157,-0.06285516761861532,0.0,2.15320348739624,-0.07597959251348918,0.0419547222554683,2.15320348739624,-0.06791425862319977,0.0734747424721717,2.15320348739624,-0.0595646790990747,0.1312049031257629,-9.601017284944493,0.0
471,11.775,1.7543318948852772e+18,2.0002646689461927,0.6019736250638736,2.048748088795583,-0.28137555486985155,6.371691408213914,1.0911442066865027,-0.48953449570462465,-0.06222690939567738,-0.0366147123277187,2.131672143936157,-0.08292405514057366,2.131672143936157,-0.07215669143735814,-0.0366147123277187,2.131672143936157,-0.06285516761861532,0.0,2.15320348739624,-0.07597959251348918,0.0419547222554683,2.15320348739624,-0.06791425862319977,0.0734747424721717,-9.624329585671113,0.0
472,11.8,1.754331894910277e+18,2.07020102127244,0.6078084029814723,2.0358738859840355,-0.2894513645055574,6.388073248458668,0.8180608065068136,-0.5971452716771333,-0.08549361133504914,-0.1111914068460464,2.1055679321289062,-0.06969404614487074,2.131672143936157,-0.08292405514057366,-0.0366147123277187,2.131672143936157,-0.07215669143735814,-0.0366147123277187,2.131672143936157,-0.06285516761861532,0.0,2.15320348739624,-0.07597959251348918,0.0419547222554683,-9.665120741593828,0.0
473,11.825000000000001,1.754331894935277e+18,2.1198153777859714,0.6072143979767426,2.020313241080767,-0.2917028589322424,6.426270231858516,0.549658833101987,-0.7034570806715797,-0.09904100341257996,-0.0885530784726142,2.077731132507324,-0.057417891426557066,2.1055679321289062,-0.06969404614487074,-0.1111914068460464,2.131672143936157,-0.08292405514057366,-0.0366147123277187,2.131672143936157,-0.07215669143735814,-0.0366147123277187,2.131672143936157,-0.06285516761861532,0.0,-9.714460820662092,0.0
474,11.850000000000001,1.754331894960277e+18,2.166137329080697,0.6173267677784777,2.0018487381826326,-0.2830817104792014,6.408106839989938,0.2944142584925004,-0.7869909632685791,-0.102169340223606,-0.1306768953800201,2.077731132507324,-0.07588239432469157,2.077731132507324,-0.057417891426557066,-0.0885530784726142,2.1055679321289062,-0.06969404614487074,-0.1111914068460464,2.131672143936157,-0.08292405514057366,-0.0366147123277187,2.131672143936157,-0.07215669143735814,-0.0366147123277187,-9.72709846705187,0.0
475,11.875,1.7543318949852772e+18,2.209009075111392,0.6199695386046378,1.980933008029685,-0.2607769468164337,6.426894803502847,0.061351781570268216,-0.8295890050433634,-0.09532615460617898,-0.0794875547289848,2.02963662147522,-0.0487036134455352,2.077731132507324,-0.07588239432469157,-0.1306768953800201,2.077731132507324,-0.057417891426557066,-0.0885530784726142,2.1055679321289062,-0.06969404614487074,-0.1111914068460464,2.131672143936157,-0.08292405514057366,-0.0366147123277187,-9.662505886204457,0.0
476,11.9,1.754331895010277e+18,2.269874525999235,0.6253226747821783,1.958796613823071,-0.22466307911282107,6.421231745842845,-0.14051523070026462,-0.8210764557448041,-0.07975042838528232,-0.0794875547289848,2.02963662147522,-0.07084000765214915,2.02963662147522,-0.0487036134455352,-0.0794875547289848,2.077731132507324,-0.07588239432469157,-0.1306768953800201,2.077731132507324,-0.057417891426557066,-0.0885530784726142,2.1055679321289062,-0.06969404614487074,-0.1111914068460464,-9.648913447544857,0.0
477,11.925,1.754331895035277e+18,2.33761257383206,0.6303641398428386,1.937230970183743,-0.17728621853025076,6.416293422676417,-0.3032152970281979,-0.7622944668117044,-0.056892206398024975,-0.0420816466212272,2.005989789962769,-0.06875881977902609,2.02963662147522,-0.07084000765214915,-0.0794875547289848,2.02963662147522,-0.0487036134455352,-0.0794875547289848,2.077731132507324,-0.07588239432469157,-0.1306768953800201,2.077731132507324,-0.057417891426557066,-0.0885530784726142,-9.600589702531284,0.0
478,11.950000000000001,1.7543318950602772e+18,2.3577081954497023,0.632951417000176,1.9180829340235561,-0.12350070668971963,6.418086098876689,-0.42082771166659555,-0.6653289712903322,-0.027840354375862842,-0.0289065744727849,2.005989789962769,-0.08790685593921288,2.005989789962769,-0.06875881977902609,-0.0420816466212272,2.02963662147522,-0.07084000765214915,-0.0794875547289848,2.02963662147522,-0.0487036134455352,-0.0794875547289848,2.077731132507324,-0.07588239432469157,-0.1306768953800201,-9.610246120229235,0.0
479,11.975000000000001,1.7543318950852772e+18,2.4242067892950967,0.6413238242708135,1.902653383247977,-0.0697503179617519,6.388485806477752,-0.4898519564167875,-0.5505023975912974,0.007013788313722211,-0.0,1.991518497467041,-0.08886511421906396,2.005989789962769,-0.08790685593921288,-0.0289065744727849,2.005989789962769,-0.06875881977902609,-0.0420816466212272,2.02963662147522,-0.07084000765214915,-0.0794875547289848,2.02963662147522,-0.0487036134455352,-0.0794875547289848,-9.601142798952925,0.0
480,12.0,1.754331895110277e+18,2.4632467344331896,0.646593007384008,1.8912560358950565,-0.022962325477858078,6.382761280001118,-0.5085859893388157,-0.440782741440797,0.047964257318863994,0.0661070346832275,1.991518497467041,-0.10026246157198448,1.991518497467041,-0.08886511421906396,-0.0,2.005989789962769,-0.08790685593921288,-0.0289065744727849,2.005989789962769,-0.06875881977902609,-0.0420816466212272,2.02963662147522,-0.07084000765214915,-0.0794875547289848,-9.585085329656051,0.0
481,12.025,1.754331895135277e+18,2.5414809082779755,0.6571358056018306,1.8831332974462993,0.010865439067438025,6.354548635309718,-0.4758395840909941,-0.3552677398149788,0.09565827912340354,0.0648407712578773,1.991518497467041,-0.1083852000207417,1.991518497467041,-0.10026246157198448,0.0661070346832275,1.991518497467041,-0.08886511421906396,-0.0,2.005989789962769,-0.08790685593921288,-0.0289065744727849,2.005989789962769,-0.06875881977902609,-0.0420816466212272,-9.613477671633008,0.0
482,12.05,1.754331895160277e+18,2.596875495120278,0.6579312040531491,1.8767814942395646,0.02811379483226232,6.346088252207578,-0.3899926791478944,-0.30386279088205453,0.1505672700567462,0.1842961907386779,1.976586937904358,-0.09980544366479327,1.991518497467041,-0.1083852000207417,0.0648407712578773,1.991518497467041,-0.10026246157198448,0.0661070346832275,1.991518497467041,-0.08886511421906396,-0.0,2.005989789962769,-0.08790685593921288,-0.0289065744727849,-9.611385579641501,0.0
483,12.075000000000001,1.7543318951852772e+18,2.625774255421594,0.6604986041035863,1.8705683329515956,0.028585878034086146,6.339647561227873,-0.24943842184799742,-0.28493597005966004,0.21241861720748764,0.1842961907386779,1.976586937904358,-0.10601860495276227,1.976586937904358,-0.09980544366479327,0.1842961907386779,1.991518497467041,-0.1083852000207417,0.0648407712578773,1.991518497467041,-0.10026246157198448,0.0661070346832275,1.991518497467041,-0.08886511421906396,-0.0,-9.635823960717138,0.0
484,12.100000000000001,1.754331895210277e+18,2.6682571738842538,0.6642728368342123,1.8633866564839954,0.01567454555436815,6.330179357509753,-0.05456424285309662,-0.2866932793635009,0.2797430507015588,0.2975243926048279,1.966438055038452,-0.10305139855445655,1.976586937904358,-0.10601860495276227,0.1842961907386779,1.976586937904358,-0.09980544366479327,0.1842961907386779,1.991518497467041,-0.1083852000207417,0.0648407712578773,1.991518497467041,-0.10026246157198448,0.0661070346832275,-9.635423379310076,0.0
485,12.125,1.754331895235277e+18,2.724121044018923,0.659023018992859,1.855053143764811,-0.004611922092495829,6.326699221386181,0.1897698127108743,-0.2916835539022292,0.34967905505595465,0.3298109471797943,1.966438055038452,-0.11138491127364092,1.966438055038452,-0.10305139855445655,0.2975243926048279,1.976586937904358,-0.10601860495276227,0.1842961907386779,1.976586937904358,-0.09980544366479327,0.1842961907386779,1.991518497467041,-0.1083852000207417,0.0648407712578773,-9.625654356776087,0.0
486,12.15,1.7543318952602772e+18,2.7981440842974448,0.6619917660288817,1.8462802208678264,-0.02559799542107638,6.328858198462175,0.47279674497039503,-0.2827622135338365,0.41815466141548613,0.3981117010116577,1.966438055038452,-0.12015783417062553,1.966438055038452,-0.11138491127364092,0.3298109471797943,1.966438055038452,-0.10305139855445655,0.2975243926048279,1.976586937904358,-0.10601860495276227,0.1842961907386779,1.976586937904358,-0.09980544366479327,0.1842961907386779,-9.646899102128932,0.0
487,12.175,1.7543318952852772e+18,2.839417496251891,0.6641990201994445,1.838273069242152,-0.04219469338777573,6.325955877169209,0.7784082246984905,-0.24844498524216388,0.48050385090085307,0.4978681802749634,1.955661416053772,-0.11738834681161991,1.966438055038452,-0.12015783417062553,0.3981117010116577,1.966438055038452,-0.11138491127364092,0.3298109471797943,1.966438055038452,-0.10305139855445655,0.2975243926048279,1.976586937904358,-0.10601860495276227,0.1842961907386779,-9.66190098109611,0.0
488,12.200000000000001,1.754331895310277e+18,2.881370935877386,0.6639103333393837,1.8321915535466171,-0.052527365928628805,6.354665059392412,1.0875443057778613,-0.1859834335462747,0.5324324852203569,0.5358669757843018,1.9430662393569944,-0.1108746858103773,1.955661416053772,-0.11738834681161991,0.4978681802749634,1.966438055038452,-0.12015783417062553,0.3981117010116577,1.966438055038452,-0.11138491127364092,0.3298109471797943,1.966438055038452,-0.10305139855445655,0.2975243926048279,-9.674074596365173,0.0
489,12.225000000000001,1.754331895335277e+18,2.938093980182212,0.6657412810579879,1.828749995944772,-0.05821833307315485,6.366482319202216,1.3813884365970268,-0.10146289861431548,0.5710593345097893,0.5989923477172852,1.9430662393569944,-0.11431624341222246,1.9430662393569944,-0.1108746858103773,0.5358669757843018,1.955661416053772,-0.11738834681161991,0.4978681802749634,1.966438055038452,-0.12015783417062553,0.3981117010116577,1.966438055038452,-0.11138491127364092,0.3298109471797943,-9.725023192084087,0.0
490,12.25,1.754331895360277e+18,2.970321411079395,0.674860172368797,1.8280945339748338,-0.06322151905083229,6.412986395085313,1.6442150293228903,-0.007316749363551696,0.5956442788689406,0.5989923477172852,1.9430662393569944,-0.11497170538216062,1.9430662393569944,-0.11431624341222246,0.5989923477172852,1.9430662393569944,-0.1108746858103773,0.5358669757843018,1.955661416053772,-0.11738834681161991,0.4978681802749634,1.966438055038452,-0.12015783417062553,0.3981117010116577,-9.78813099669339,0.0
491,12.275,1.7543318953852772e+18,3.0314536463883104,0.6792493752383608,1.8299065013634603,-0.07178283147241313,6.463068072208294,1.865178976624197,0.08156544254363923,0.6076957910148826,0.5997797846794128,1.9335607290267944,-0.1036542276633341,1.9430662393569944,-0.11497170538216062,0.5989923477172852,1.9430662393569944,-0.11431624341222246,0.5989923477172852,1.9430662393569944,-0.1108746858103773,0.5358669757843018,1.955661416053772,-0.11738834681161991,0.4978681802749634,-9.871157300773213,0.0
492,12.3,1.754331895410277e+18,3.066585277674972,0.6849829626316772,1.8335800905123332,-0.08647582037367678,6.5099581593526485,2.0389389941838965,0.1517224101829235,0.6104099946746383,0.5997797846794128,1.9335607290267944,-0.09998063851446126,1.9335607290267944,-0.1036542276633341,0.5997797846794128,1.9430662393569944,-0.11497170538216062,0.5989923477172852,1.9430662393569944,-0.11431624341222246,0.5989923477172852,1.9430662393569944,-0.1108746858103773,0.5358669757843018,-9.97192124785232,0.0
493,12.325000000000001,1.754331895435277e+18,3.115202488772948,0.689503859352721,1.8383665766626565,-0.10715814318709711,6.555520620191423,2.1654002522456666,0.1938764669663559,0.6076825077239818,0.5989870429039001,1.924055337905884,-0.08568876124322755,1.9335607290267944,-0.09998063851446126,0.5997797846794128,1.9335607290267944,-0.1036542276633341,0.5997797846794128,1.9430662393569944,-0.11497170538216062,0.5989923477172852,1.9430662393569944,-0.11431624341222246,0.5989923477172852,-10.063341881440705,0.0
494,12.350000000000001,1.7543318954602772e+18,3.161651392628746,0.7001680962309424,1.8434757838062996,-0.1311930375698767,6.618439717304627,2.2489254232685862,0.20404255146604305,0.6030832306807347,0.5989870429039001,1.924055337905884,-0.0805795540995844,1.924055337905884,-0.08568876124322755,0.5989870429039001,1.9335607290267944,-0.09998063851446126,0.5997797846794128,1.9335607290267944,-0.1036542276633341,0.5997797846794128,1.9430662393569944,-0.11497170538216062,0.5989923477172852,-10.150576475880985,0.0
495,12.375,1.7543318954852772e+18,3.203848128394727,0.7175375305450458,1.8481663425986947,-0.1546743807268507,6.677082759634279,2.2972016230130277,0.18311555911401345,0.5991332230082878,0.5996392965316772,1.914886832237244,-0.06672048963854937,1.924055337905884,-0.0805795540995844,0.5989870429039001,1.924055337905884,-0.08568876124322755,0.5989870429039001,1.9335607290267944,-0.09998063851446126,0.5997797846794128,1.9335607290267944,-0.1036542276633341,0.5997797846794128,-10.222892974697425,0.0
496,12.4,1.754331895510277e+18,3.257438218457716,0.731511052635355,1.8518295559943354,-0.1740094213220201,6.748819109370995,2.3197756292625527,0.13551493104997733,0.597041222945343,0.5996392965316772,1.914886832237244,-0.06305727624290869,1.914886832237244,-0.06672048963854937,0.5996392965316772,1.924055337905884,-0.0805795540995844,0.5989870429039001,1.924055337905884,-0.08568876124322755,0.5989870429039001,1.9335607290267944,-0.09998063851446126,0.5997797846794128,-10.272666208396869,0.0
497,12.425,1.754331895535277e+18,3.3152431681872803,0.7610979994038543,1.854039495488097,-0.187202830772906,6.819280602270847,2.3263094925239445,0.06762138781386275,0.5968633639100485,0.6004937291145325,1.914886832237244,-0.06084733674914711,1.914886832237244,-0.06305727624290869,0.5996392965316772,1.914886832237244,-0.06672048963854937,0.5996392965316772,1.924055337905884,-0.0805795540995844,0.5989870429039001,1.924055337905884,-0.08568876124322755,0.5989870429039001,-10.291429298573224,0.0
498,12.450000000000001,1.754331895560277e+18,3.347399758285213,0.7754374218079652,1.8545447498592622,-0.1944464043054585,6.864311203952292,2.324897911875884,-0.01339664690835702,0.5979255996442553,0.6005820631980896,1.9089959859848025,-0.05445123612554026,1.914886832237244,-0.06084733674914711,0.6004937291145325,1.914886832237244,-0.06305727624290869,0.5996392965316772,1.914886832237244,-0.06672048963854937,0.5996392965316772,1.924055337905884,-0.0805795540995844,0.5989870429039001,-10.30231221836191,0.0
499,12.475000000000001,1.7543318955852772e+18,3.382442330386834,0.7986771755671698,1.8532110398634445,-0.19792902879471871,6.900203856022235,2.321003190830296,-0.10010393839109681,0.5993159608937415,0.6005820631980896,1.9089959859848025,-0.05578494612135798,1.9089959859848025,-0.05445123612554026,0.6005820631980896,1.914886832237244,-0.06084733674914711,0.6004937291145325,1.914886832237244,-0.06305727624290869,0.5996392965316772,1.914886832237244,-0.06672048963854937,0.5996392965316772,-10.284160847854647,0.0
500,12.5,1.754331895610277e+18,3.42779658974064,0.82335026958298,1.8499641485669467,-0.20100912157694306,6.963686146302145,2.3173500236866893,-0.18478721512563162,0.6002914585770811,0.6005820631980896,1.9053916931152344,-0.05542754454828769,1.9089959859848025,-0.05578494612135798,0.6005820631980896,1.9089959859848025,-0.05445123612554026,0.6005820631980896,1.914886832237244,-0.06084733674914711,0.6004937291145325,1.914886832237244,-0.06305727624290869,0.5996392965316772,-10.271873397564343,0.0
501,12.525,1.754331895635277e+18,3.4617245628596898,0.8483636125518368,1.8447949173647566,-0.2070231909420141,7.019828603526047,2.3146073967493948,-0.2593111275458649,0.600513815012629,0.6000492572784424,1.9053916931152344,-0.06059677575047773,1.9053916931152344,-0.05542754454828769,0.6005820631980896,1.9089959859848025,-0.05578494612135798,0.6005820631980896,1.9089959859848025,-0.05445123612554026,0.6005820631980896,1.914886832237244,-0.06084733674914711,0.6004937291145325,-10.232503489539262,0.0
502,12.55,1.7543318956602772e+18,3.503895459132195,0.8758095851340566,1.8378464622023019,-0.218062070547869,7.083532475332375,2.312353443110734,-0.31530621913817797,0.6000950177949789,0.6006610989570618,1.91107976436615,-0.07323330216384805,1.9053916931152344,-0.06059677575047773,0.6000492572784424,1.9053916931152344,-0.05542754454828769,0.6005820631980896,1.9089959859848025,-0.05578494612135798,0.6005820631980896,1.9089959859848025,-0.05445123612554026,0.6005820631980896,-10.218190048902832,0.0
503,12.575000000000001,1.7543318956852772e+18,3.52909209025807,0.9078471405737168,1.82952851147545,-0.23406478926818444,7.13391506939511,2.3099026233801707,-0.34498486959517116,0.5994794698860191,0.5998717546463013,1.91107976436615,-0.08155125289069987,1.91107976436615,-0.07323330216384805,0.6006610989570618,1.9053916931152344,-0.06059677575047773,0.6000492572784424,1.9053916931152344,-0.05542754454828769,0.6005820631980896,1.9089959859848025,-0.05578494612135798,0.6005820631980896,-10.171731379052455,0.0
504,12.600000000000001,1.754331895710277e+18,3.5658724380550924,0.9370167521089444,1.8205615720029025,-0.2525726750111885,7.1913102045966015,2.306853182154069,-0.3425547359873739,0.5992132237362494,0.5998717546463013,1.91107976436615,-0.09051819236324743,1.91107976436615,-0.08155125289069987,0.5998717546463013,1.91107976436615,-0.07323330216384805,0.6006610989570618,1.9053916931152344,-0.06059677575047773,0.6000492572784424,1.9053916931152344,-0.05542754454828769,0.6005820631980896,-10.146028300404197,0.0
505,12.625,1.754331895735277e+18,3.620045178036272,0.9955717437511984,1.8118911936467696,-0.2693790875724426,7.285710133329192,2.303392201436706,-0.3058575964866506,0.5996621361489263,0.5989793539047241,1.921377658843994,-0.10948646519722427,1.91107976436615,-0.09051819236324743,0.5998717546463013,1.91107976436615,-0.08155125289069987,0.5998717546463013,1.91107976436615,-0.07323330216384805,0.6006610989570618,1.9053916931152344,-0.06059677575047773,0.6000492572784424,-10.148353224415125,0.0
506,12.65,1.754331895760277e+18,3.648675700507187,1.0317331351760215,1.8045000092218089,-0.2800035974701215,7.348994366987673,2.300399425078519,-0.23764913409248842,0.6007491915348986,0.5989793539047241,1.921377658843994,-0.11687764962218505,1.921377658843994,-0.10948646519722427,0.5989793539047241,1.91107976436615,-0.09051819236324743,0.5998717546463013,1.91107976436615,-0.08155125289069987,0.5998717546463013,1.91107976436615,-0.07323330216384805,0.6006610989570618,-10.097717699021205,0.0
507,12.675,1.7543318957852772e+18,3.660570252909676,1.0458368187400096,1.7992067236334162,-0.28148640650403656,7.3726983824719765,2.299307995562538,-0.14593756554230378,0.6017873369928797,0.5975130200386047,1.9386581182479856,-0.13945139461456946,1.921377658843994,-0.11687764962218505,0.5989793539047241,1.921377658843994,-0.10948646519722427,0.5989793539047241,1.91107976436615,-0.09051819236324743,0.5998717546463013,1.91107976436615,-0.08155125289069987,0.5998717546463013,-10.072114290511184,0.0
508,12.700000000000001,1.754331895810277e+18,3.687739518082667,1.1079625640560509,1.7965316202781478,-0.2737257661395451,7.440646819897187,2.3016556003042012,-0.043016101476006145,0.6014785251700263,0.5975130200386047,1.9386581182479856,-0.14212649796983778,1.9386581182479856,-0.13945139461456946,0.5975130200386047,1.921377658843994,-0.11687764962218505,0.5989793539047241,1.921377658843994,-0.10948646519722427,0.5989793539047241,1.91107976436615,-0.09051819236324743,0.5998717546463013,-9.975003307179986,0.0
509,12.725000000000001,1.754331895835277e+18,3.707635223081227,1.1391097084374875,1.796647755066011,-0.259707029844442,7.488983680587341,2.3084013038263165,0.05681435410624532,0.5981189784819194,0.5975130200386047,1.9386581182479856,-0.14201036318197469,1.9386581182479856,-0.14212649796983778,0.5975130200386047,1.9386581182479856,-0.13945139461456946,0.5975130200386047,1.921377658843994,-0.11687764962218505,0.5989793539047241,1.921377658843994,-0.10948646519722427,0.5989793539047241,-9.877632813809852,0.0
510,12.75,1.7543318958602772e+18,3.7272560285149474,1.178588199026405,1.799385092743142,-0.24445184071506612,7.543205958493171,2.3193131008950885,0.14043439405871244,0.5899901400298198,0.5978062748908997,1.969210624694824,-0.16982553195168193,1.9386581182479856,-0.14201036318197469,0.5975130200386047,1.9386581182479856,-0.14212649796983778,0.5975130200386047,1.9386581182479856,-0.13945139461456946,0.5975130200386047,1.921377658843994,-0.11687764962218505,0.5989793539047241,-9.8094989737715,0.0
511,12.775,1.7543318958852772e+18,3.742181036098794,1.231861057361525,1.8042550293628168,-0.2331061452856821,7.609225900665528,2.3328058762329023,0.1992758705263309,0.5758404835836606,0.5660643577575684,1.969210624694824,-0.1649555953320072,1.969210624694824,-0.16982553195168193,0.5978062748908997,1.9386581182479856,-0.14201036318197469,0.5975130200386047,1.9386581182479856,-0.14212649796983778,0.5975130200386047,1.9386581182479856,-0.13945139461456946,0.5975130200386047,-9.662768906261231,0.0
512,12.8,1.754331895910277e+18,3.757513423512302,1.2672426933931948,1.8105074933993417,-0.22902998190567264,7.660880708796247,2.346400112683535,0.23197323297115516,0.5553075793323216,0.5709149837493896,2.015211343765259,-0.2047038503659171,1.969210624694824,-0.1649555953320072,0.5660643577575684,1.969210624694824,-0.16982553195168193,0.5978062748908997,1.9386581182479856,-0.14201036318197469,0.5975130200386047,1.9386581182479856,-0.14212649796983778,0.5975130200386047,-9.566455695839771,0.0
513,12.825000000000001,1.754331895935277e+18,3.7656532912608425,1.319254815638632,1.817276278774034,-0.23282492478000263,7.719031020263679,2.3576292205018543,0.24547133562296028,0.5291167779669255,0.5343694686889648,2.015211343765259,-0.19793506499122482,2.015211343765259,-0.2047038503659171,0.5709149837493896,1.969210624694824,-0.1649555953320072,0.5660643577575684,1.969210624694824,-0.16982553195168193,0.5978062748908997,1.9386581182479856,-0.14201036318197469,0.5975130200386047,-9.397117314349979,0.0
514,12.850000000000001,1.754331895960277e+18,3.776349578760536,1.3514447788471595,1.8238603372004196,-0.2428059178822243,7.765856668653201,2.365014651889957,0.2541063962106079,0.49893107070783915,0.5086351633071899,2.078169107437134,-0.25430877023671417,2.015211343765259,-0.19793506499122482,0.5343694686889648,2.015211343765259,-0.2047038503659171,0.5709149837493896,1.969210624694824,-0.1649555953320072,0.5660643577575684,1.969210624694824,-0.16982553195168193,0.5978062748908997,-9.30877600746267,0.0
515,12.875,1.7543318959852772e+18,3.7849305290153694,1.4136667246437356,1.830100866430033,-0.25662982484056435,7.850317768822497,2.368770716634953,0.27672371523108286,0.4668244544839763,0.4547459483146667,2.078169107437134,-0.2480682410071009,2.078169107437134,-0.25430877023671417,0.5086351633071899,2.015211343765259,-0.19793506499122482,0.5343694686889648,2.015211343765259,-0.2047038503659171,0.5709149837493896,1.969210624694824,-0.1649555953320072,0.5660643577575684,-9.15292519630173,0.0
516,12.9,1.754331896010277e+18,3.786955245216163,1.4929657264974636,1.836679993362031,-0.2730726360536109,7.933286738760805,2.371073328018956,0.33247858411757375,0.43450202302960034,0.4248362481594085,2.156991958618164,-0.32031196525613304,2.078169107437134,-0.2480682410071009,0.4547459483146667,2.078169107437134,-0.25430877023671417,0.5086351633071899,2.015211343765259,-0.19793506499122482,0.5343694686889648,2.015211343765259,-0.2047038503659171,0.5709149837493896,-9.104875113214202,0.0
517,12.925,1.754331896035277e+18,3.789759494271321,1.5119394248027282,1.8451079008031641,-0.2927864007108879,7.957810056491629,2.375829172760043,0.4363554695979291,0.4025326445869749,0.3929735422134399,2.156991958618164,-0.31188405781499995,2.156991958618164,-0.32031196525613304,0.4248362481594085,2.078169107437134,-0.2480682410071009,0.4547459483146667,2.078169107437134,-0.25430877023671417,0.5086351633071899,2.015211343765259,-0.19793506499122482,0.5343694686889648,-8.987283351159228,0.0
518,12.950000000000001,1.7543318960602772e+18,3.7803764091509935,1.5643021858587898,1.857297968230034,-0.31743699280405124,8.027000300118797,2.387852381680516,0.5954572188092976,0.36989836425971695,0.3614873588085174,2.2494165897369385,-0.3921186215069046,2.156991958618164,-0.31188405781499995,0.3929735422134399,2.156991958618164,-0.32031196525613304,0.4248362481594085,2.078169107437134,-0.2480682410071009,0.4547459483146667,2.078169107437134,-0.25430877023671417,0.5086351633071899,-8.884347316296804,0.0
519,12.975000000000001,1.7543318960852772e+18,3.780134079307485,1.6024957680479623,1.8749072205784763,-0.3476352637592243,8.076983334840229,2.411296612527598,0.8067571061060095,0.3340525274713752,0.3474555313587188,2.2494165897369385,-0.3745093691584622,2.2494165897369385,-0.3921186215069046,0.3614873588085174,2.156991958618164,-0.31188405781499995,0.3929735422134399,2.156991958618164,-0.32031196525613304,0.4248362481594085,2.078169107437134,-0.2480682410071009,0.4547459483146667,-8.802589375784557,0.0
520,13.0,1.754331896110277e+18,3.7798985941409744,1.639610561386048,1.8988182642628149,-0.3809347528245376,8.125554584190654,2.4472855631270787,1.056478883006041,0.29147236432626505,0.3183732032775879,2.357233762741089,-0.458415498478274,2.2494165897369385,-0.3745093691584622,0.3474555313587188,2.2494165897369385,-0.3921186215069046,0.3614873588085174,2.156991958618164,-0.31188405781499995,0.3929735422134399,2.156991958618164,-0.32031196525613304,0.4248362481594085,-8.736381841710603,0.0
521,13.025,1.754331896135277e+18,3.756743140888721,1.7567310808838377,1.9290506090651276,-0.4112988826282864,8.25797264849197,2.4910995426904625,1.3208833179917878,0.2385209047091237,0.2092897742986679,2.357233762741089,-0.42818315367596127,2.357233762741089,-0.458415498478274,0.3183732032775879,2.2494165897369385,-0.3745093691584622,0.3474555313587188,2.2494165897369385,-0.3921186215069046,0.3614873588085174,2.156991958618164,-0.31188405781499995,0.3929735422134399,-8.586849374742581,0.0
522,13.05,1.754331896160277e+18,3.756743140888721,1.7567310808838377,1.9650431852419354,-0.4306603597184005,8.25797264849197,2.5299244810308643,1.5682011195067929,0.17240396815431916,0.14964659512043,2.4454784393310547,-0.48043525408911925,2.357233762741089,-0.42818315367596127,0.2092897742986679,2.357233762741089,-0.458415498478274,0.3183732032775879,2.2494165897369385,-0.3745093691584622,0.3474555313587188,2.2494165897369385,-0.3921186215069046,0.3614873588085174,-8.471922623067282,0.0
523,13.075000000000001,1.7543318961852772e+18,3.733387894508153,1.8212987541809489,2.0059424470984006,-0.431977533733367,8.311540680276226,2.542579806646042,1.7617029377728965,0.0920850522030479,0.0965198129415512,2.5025289058685303,-0.49658645877012964,2.4454784393310547,-0.48043525408911925,0.14964659512043,2.357233762741089,-0.42818315367596127,0.2092897742986679,2.357233762741089,-0.458415498478274,0.3183732032775879,2.2494165897369385,-0.3745093691584622,0.3474555313587188,-8.424380617729556,0.0
524,13.100000000000001,1.754331896210277e+18,3.711745079709923,1.8611452731732228,2.0505644995405152,-0.4123453331773371,8.364715651797901,2.5022892679505246,1.8641284585936937,-0.0009643977032174225,0.0437335334718227,2.5025289058685303,-0.45196440632801504,2.5025289058685303,-0.49658645877012964,0.0965198129415512,2.4454784393310547,-0.48043525408911925,0.14964659512043,2.357233762741089,-0.42818315367596127,0.2092897742986679,2.357233762741089,-0.458415498478274,0.3183732032775879,-8.388940171996566,0.0
525,13.125,1.754331896235277e+18,3.696484086778656,1.9134590021952569,2.0970484131816307,-0.3746875715512162,8.427393120790923,2.38240610050162,1.8435595756486407,-0.1024246654095027,-0.0570977069437503,2.526914596557617,-0.4298661833759865,2.5025289058685303,-0.45196440632801504,0.0437335334718227,2.5025289058685303,-0.49658645877012964,0.0965198129415512,2.4454784393310547,-0.48043525408911925,0.14964659512043,2.357233762741089,-0.42818315367596127,0.2092897742986679,-8.361291559219238,0.0
526,13.15,1.7543318962602772e+18,3.648655248738353,1.9560270092836607,2.1425390002011446,-0.3271838662081926,8.51738369667056,2.1636162913635486,1.6801976742072773,-0.20551487526893675,-0.2709653377532959,2.518261194229126,-0.37572219402798135,2.526914596557617,-0.4298661833759865,-0.0570977069437503,2.5025289058685303,-0.45196440632801504,0.0437335334718227,2.5025289058685303,-0.49658645877012964,0.0965198129415512,2.4454784393310547,-0.48043525408911925,0.14964659512043,-8.339787330671117,0.0
527,13.175,1.7543318962852772e+18,3.589432296762169,2.038817878606028,2.1832546962291492,-0.28051360372593875,8.612719986156819,1.8402963162347727,1.3726365814576187,-0.3022106075058481,-0.2709653377532959,2.518261194229126,-0.3350064979999767,2.518261194229126,-0.37572219402798135,-0.2709653377532959,2.526914596557617,-0.4298661833759865,-0.0570977069437503,2.5025289058685303,-0.45196440632801504,0.0437335334718227,2.5025289058685303,-0.49658645877012964,0.0965198129415512,-8.333205122629726,0.0
528,13.200000000000001,1.754331896310277e+18,3.589432296762169,2.038817878606028,2.2150530367536683,-0.24395217788495566,8.612719986156819,1.4238158840730024,0.9416135535610377,-0.38496946981925323,-0.4474835693836212,2.4769232273101807,-0.2618701905565124,2.518261194229126,-0.3350064979999767,-0.2709653377532959,2.518261194229126,-0.37572219402798135,-0.2709653377532959,2.526914596557617,-0.4298661833759865,-0.0570977069437503,2.5025289058685303,-0.45196440632801504,0.0437335334718227,-8.396722867913862,0.0
529,13.225000000000001,1.754331896335277e+18,3.560774671613667,2.08251738974117,2.234329898620987,-0.22193854740868557,8.669328712603399,0.941444999440458,0.4293460171447522,-0.4483564526869788,-0.4474835693836212,2.4769232273101807,-0.24259332868919348,2.4769232273101807,-0.2618701905565124,-0.4474835693836212,2.518261194229126,-0.3350064979999767,-0.2709653377532959,2.518261194229126,-0.37572219402798135,-0.2709653377532959,2.526914596557617,-0.4298661833759865,-0.0570977069437503,-8.568106850085291,0.0
530,13.25,1.754331896360277e+18,3.4724655991290665,2.1570442371527583,2.2389372424127254,-0.21252962344478177,8.714856478093036,0.4307441446030344,-0.10641986713024974,-0.4900474060080007,-0.4138110876083374,2.4769232273101807,-0.23798598489745526,2.4769232273101807,-0.24259332868919348,-0.4474835693836212,2.4769232273101807,-0.2618701905565124,-0.4474835693836212,2.518261194229126,-0.3350064979999767,-0.2709653377532959,2.518261194229126,-0.37572219402798135,-0.2709653377532959,-8.860282470394685,0.0
531,13.275,1.7543318963852772e+18,3.4649344526786026,2.1655716858128624,2.2287937398302087,-0.208260869421917,8.722971994640139,-0.0692227405731602,-0.6028916759480638,-0.5110334896694702,-0.5710098147392273,2.403632640838623,-0.17483890100841437,2.4769232273101807,-0.23798598489745526,-0.4138110876083374,2.4769232273101807,-0.24259332868919348,-0.4474835693836212,2.4769232273101807,-0.2618701905565124,-0.4474835693836212,2.518261194229126,-0.3350064979999767,-0.2709653377532959,-9.093602185389727,0.0
532,13.3,1.754331896410277e+18,3.3997383383509687,2.224840617018069,2.205960744437178,-0.19895296342164526,8.699201306783248,-0.5270986026731908,-1.0048546547829313,-0.5151439610923366,-0.5380669236183167,2.403632640838623,-0.19767189640144522,2.403632640838623,-0.17483890100841437,-0.5710098147392273,2.4769232273101807,-0.23798598489745526,-0.4138110876083374,2.4769232273101807,-0.24259332868919348,-0.4474835693836212,2.4769232273101807,-0.2618701905565124,-0.4474835693836212,-9.442943915619129,0.0
533,13.325000000000001,1.754331896435277e+18,3.3817249690150377,2.242371792522247,2.174140539061364,-0.1753745674100593,8.70670443188208,-0.925616145680363,-1.276083725242018,-0.508080111325268,-0.4788509011268616,2.301826000213623,-0.1276854611522591,2.403632640838623,-0.19767189640144522,-0.5380669236183167,2.403632640838623,-0.17483890100841437,-0.5710098147392273,2.4769232273101807,-0.23798598489745526,-0.4138110876083374,2.4769232273101807,-0.24259332868919348,-0.4474835693836212,-9.70631804693329,0.0
534,13.350000000000001,1.7543318964602772e+18,3.340540184697216,2.283026669942112,2.137766414469002,-0.13241035108229934,8.662036038781581,-1.2629053286769327,-1.4063259718513168,-0.49614444679571396,-0.4788509011268616,2.301826000213623,-0.1640595857446212,2.301826000213623,-0.1276854611522591,-0.4788509011268616,2.403632640838623,-0.19767189640144522,-0.5380669236183167,2.403632640838623,-0.17483890100841437,-0.5710098147392273,2.4769232273101807,-0.23798598489745526,-0.4138110876083374,-9.985552877866382,0.0
535,13.375,1.7543318964852772e+18,3.295107608557436,2.323019868573741,2.100985821550192,-0.07052347854063018,8.614302530472845,-1.5485640802043894,-1.4118776077273765,-0.48493547190095293,-0.4788509011268616,2.20737624168396,-0.10639042013376798,2.301826000213623,-0.1640595857446212,-0.4788509011268616,2.301826000213623,-0.1276854611522591,-0.4788509011268616,2.403632640838623,-0.19767189640144522,-0.5380669236183167,2.403632640838623,-0.17483890100841437,-0.5710098147392273,-10.185133946230827,0.0
536,13.4,1.754331896510277e+18,3.2614698100975725,2.3537598126505177,2.0668241072574345,0.005028291763230566,8.591746562308995,-1.796517773933751,-1.3297071877132127,-0.4783672418626418,-0.4788509011268616,2.20737624168396,-0.14055213442652548,2.20737624168396,-0.10639042013376798,-0.4788509011268616,2.301826000213623,-0.1640595857446212,-0.4788509011268616,2.301826000213623,-0.1276854611522591,-0.4788509011268616,2.403632640838623,-0.19767189640144522,-0.5380669236183167,-10.49018996351391,0.0
537,13.425,1.754331896535277e+18,3.190503779511418,2.424164630278881,2.0367068856602533,0.08674865412632705,8.526922163608475,-2.01793661972232,-1.2070147820401553,-0.4782697791312692,-0.4772372841835022,2.20737624168396,-0.1706693560237067,2.20737624168396,-0.14055213442652548,-0.4788509011268616,2.20737624168396,-0.10639042013376798,-0.4788509011268616,2.301826000213623,-0.1640595857446212,-0.4788509011268616,2.301826000213623,-0.1276854611522591,-0.4788509011268616,-10.804082284235514,0.0
538,13.450000000000001,1.754331896560277e+18,3.1741900085886003,2.440639343483433,2.010408544067181,0.16795507302875273,8.51130137808921,-2.2170873891858505,-1.0893913027278201,-0.4845634180814738,-0.5046242475509644,2.126966953277588,-0.11655840921040683,2.20737624168396,-0.1706693560237067,-0.4772372841835022,2.20737624168396,-0.14055213442652548,-0.4788509011268616,2.20737624168396,-0.10639042013376798,-0.4788509011268616,2.301826000213623,-0.1640595857446212,-0.4788509011268616,-11.121419384616962,0.0
539,13.475000000000001,1.7543318965852772e+18,3.12686527983818,2.496942847364189,1.9864160026050428,0.24492894433750517,8.419454255478517,-2.3912372760095595,-1.0109271432826477,-0.4957763012349946,-0.5046242475509644,2.058459520339966,-0.07204351773492301,2.126966953277588,-0.11655840921040683,-0.5046242475509644,2.20737624168396,-0.1706693560237067,-0.4772372841835022,2.20737624168396,-0.14055213442652548,-0.4788509011268616,2.20737624168396,-0.10639042013376798,-0.4788509011268616,-11.434508509594599,0.0
540,13.5,1.754331896610277e+18,3.097199459191322,2.529072530770326,1.9626200662356463,0.3173339694495921,8.377458452461054,-2.533746510951467,-0.9886862882409805,-0.5096201813298775,-0.5017123222351074,2.058459520339966,-0.09583945410431949,2.058459520339966,-0.07204351773492301,-0.5046242475509644,2.126966953277588,-0.11655840921040683,-0.5046242475509644,2.20737624168396,-0.1706693560237067,-0.4772372841835022,2.20737624168396,-0.14055213442652548,-0.4788509011268616,-11.74429538340823,0.0
541,13.525,1.754331896635277e+18,3.059614913724395,2.585262378923148,1.937145802987075,0.3869700104387753,8.303534110391428,-2.638330238601007,-1.0222918857590555,-0.5234518599472698,-0.5017123222351074,2.00603461265564,-0.06888880966856514,2.058459520339966,-0.09583945410431949,-0.5017123222351074,2.058459520339966,-0.07204351773492301,-0.5046242475509644,2.126966953277588,-0.11655840921040683,-0.5046242475509644,2.20737624168396,-0.1706693560237067,-0.4772372841835022,-11.995994206274338,0.0
542,13.55,1.7543318966602772e+18,3.0338813996286174,2.6185376841413004,1.9090314144987772,0.4556930621446405,8.256919189244092,-2.7024595634402697,-1.0976190461348836,-0.5346219132325466,-0.5437236428260803,2.00603461265564,-0.09700319815686287,2.00603461265564,-0.06888880966856514,-0.5017123222351074,2.058459520339966,-0.09583945410431949,-0.5017123222351074,2.058459520339966,-0.07204351773492301,-0.5046242475509644,2.126966953277588,-0.11655840921040683,-0.5046242475509644,-12.290194916972622,0.0
543,13.575000000000001,1.7543318966852772e+18,2.96945221291759,2.707027613751057,1.8784501406254588,0.5235941751286081,8.167913160563705,-2.7287317680717385,-1.1924455424581928,-0.5408037628482085,-0.5437236428260803,1.96814227104187,-0.08969213041641111,2.00603461265564,-0.09700319815686287,-0.5437236428260803,2.00603461265564,-0.06888880966856514,-0.5017123222351074,2.058459520339966,-0.09583945410431949,-0.5017123222351074,2.058459520339966,-0.07204351773492301,-0.5046242475509644,-12.539786501528349,0.0
544,13.600000000000001,1.754331896710277e+18,2.952169215651169,2.819597253207196,1.846357308403932,0.5881621364411637,7.979415399649024,-2.7241896687835645,-1.2817960536097215,-0.5403411917852864,-0.5412743091583252,1.96814227104187,-0.12178496263793792,1.96814227104187,-0.08969213041641111,-0.5437236428260803,2.00603461265564,-0.09700319815686287,-0.5437236428260803,2.00603461265564,-0.06888880966856514,-0.5017123222351074,2.058459520339966,-0.09583945410431949,-0.5017123222351074,-12.814329525357099,0.0
545,13.625,1.754331896735277e+18,2.952169215651169,2.819597253207196,1.8138153944437059,0.6444556006248715,7.979415399649024,-2.6984125938297403,-1.341586649786899,-0.5325344218092042,-0.5412743091583252,1.96814227104187,-0.15432687659816402,1.96814227104187,-0.12178496263793792,-0.5412743091583252,1.96814227104187,-0.08969213041641111,-0.5437236428260803,2.00603461265564,-0.09700319815686287,-0.5437236428260803,2.00603461265564,-0.06888880966856514,-0.5017123222351074,-13.084548132883267,0.0
546,13.65,1.754331896760277e+18,2.939592355651801,2.8821587918325267,1.7815225865799678,0.6858923596110222,7.931776186668563,-2.6614390611312935,-1.3505161386062423,-0.5177298181048617,-0.5258808732032776,1.943381190299988,-0.16185860372002026,1.96814227104187,-0.15432687659816402,-0.5412743091583252,1.96814227104187,-0.12178496263793792,-0.5412743091583252,1.96814227104187,-0.08969213041641111,-0.5437236428260803,2.00603461265564,-0.09700319815686287,-0.5437236428260803,-13.327774153329905,0.0
547,13.675,1.7543318967852772e+18,2.9394629160727543,2.9038851178812424,1.7499217902521853,0.7054157912181055,7.892648680776543,-2.6222623674311674,-1.291214905703648,-0.49712769937926393,-0.4817497134208679,1.93579375743866,-0.18587196718647458,1.943381190299988,-0.16185860372002026,-0.5258808732032776,1.96814227104187,-0.15432687659816402,-0.5412743091583252,1.96814227104187,-0.12178496263793792,-0.5412743091583252,1.96814227104187,-0.08969213041641111,-0.5437236428260803,-13.581328068167629,0.0
548,13.700000000000001,1.754331896810277e+18,2.922177527382133,3.008478519313634,1.7197643013377708,0.6970979078595394,7.750175025313165,-2.58804952458508,-1.1518740116529211,-0.4723356655424101,-0.484949380159378,1.93579375743866,-0.21602945610088908,1.93579375743866,-0.18587196718647458,-0.4817497134208679,1.943381190299988,-0.16185860372002026,-0.5258808732032776,1.96814227104187,-0.15432687659816402,-0.5412743091583252,1.96814227104187,-0.12178496263793792,-0.5412743091583252,-13.836678508289296,0.0
549,13.725000000000001,1.754331896835277e+18,2.922177527382133,3.008478519313634,1.6926165733001795,0.6580932619247835,7.750175025313165,-2.5637970122779863,-0.9288570790059004,-0.44480692327241544,-0.4232842922210693,1.93579375743866,-0.24317718413848044,1.93579375743866,-0.21602945610088908,-0.484949380159378,1.93579375743866,-0.18587196718647458,-0.4817497134208679,1.943381190299988,-0.16185860372002026,-0.5258808732032776,1.96814227104187,-0.15432687659816402,-0.5412743091583252,-14.098514272267932,0.0
550,13.75,1.7543318968602772e+18,2.9332180823670053,3.0488675344694007,1.6708673632571749,0.5903196561937566,7.6999102316587855,-2.5520884919623876,-0.62961020163604,-0.4153585383932456,-0.4232842922210693,1.93579375743866,-0.264926394181485,1.93579375743866,-0.24317718413848044,-0.4232842922210693,1.93579375743866,-0.21602945610088908,-0.484949380159378,1.93579375743866,-0.18587196718647458,-0.4817497134208679,1.943381190299988,-0.16185860372002026,-0.5258808732032776,-14.360460088660929,0.0
551,13.775,1.7543318968852772e+18,2.932472319960965,3.1032180821791484,1.657173096599896,0.500999413463036,7.620792884254737,-2.552766920451582,-0.2742727602109985,-0.38393906383646986,-0.3765836656093597,1.93579375743866,-0.2786206608387638,1.93579375743866,-0.264926394181485,-0.4232842922210693,1.93579375743866,-0.24317718413848044,-0.4232842922210693,1.93579375743866,-0.21602945610088908,-0.484949380159378,1.93579375743866,-0.18587196718647458,-0.4817497134208679,-14.618314315076464,0.0
552,13.8,1.754331896910277e+18,2.937371963564716,3.137504893864672,1.6536201241579371,0.4016952190316668,7.567115875896739,-2.5624472052097285,0.10565300675074632,-0.34972506037748546,-0.3470976650714874,1.946170687675476,-0.29255056351753894,1.93579375743866,-0.2786206608387638,-0.3765836656093597,1.93579375743866,-0.264926394181485,-0.4232842922210693,1.93579375743866,-0.24317718413848044,-0.4232842922210693,1.93579375743866,-0.21602945610088908,-0.484949380159378,-14.876717228146425,0.0
553,13.825000000000001,1.754331896935277e+18,2.941094790849995,3.182357177355277,1.6609972565108004,0.30625185979589453,7.501740918561588,-2.573977807158708,0.4722788011889513,-0.31150883401468427,-0.3080912232398987,1.975459098815918,-0.31446184230511753,1.946170687675476,-0.29255056351753894,-0.3470976650714874,1.93579375743866,-0.2786206608387638,-0.3765836656093597,1.93579375743866,-0.264926394181485,-0.4232842922210693,1.93579375743866,-0.24317718413848044,-0.4232842922210693,-15.148585668661715,0.0
554,13.850000000000001,1.754331896960277e+18,2.949392182771416,3.221949312524208,1.678479476230654,0.22828793276491377,7.449276628944766,-2.576292457104492,0.7891527364453137,-0.26822840279834836,-0.2971466481685638,1.975459098815918,-0.2969796225852639,1.975459098815918,-0.31446184230511753,-0.3080912232398987,1.946170687675476,-0.29255056351753894,-0.3470976650714874,1.93579375743866,-0.2786206608387638,-0.3765836656093597,1.93579375743866,-0.264926394181485,-0.4232842922210693,-15.39480399566552,0.0
555,13.875,1.7543318969852772e+18,2.9804868326021023,3.2677039935136327,1.7038305591405134,0.17851766529498156,7.3770452915658025,-2.555274265502971,1.0297637701265765,-0.21941956424814066,-0.2463535368442535,1.975459098815918,-0.27162853967540457,1.975459098815918,-0.2969796225852639,-0.2971466481685638,1.975459098815918,-0.31446184230511753,-0.3080912232398987,1.946170687675476,-0.29255056351753894,-0.3470976650714874,1.93579375743866,-0.2786206608387638,-0.3765836656093597,-15.617121928738836,0.0
556,13.9,1.754331897010277e+18,3.0062588510226678,3.310636329834819,1.734040661799962,0.16198273972541977,7.311371527416698,-2.495930210077563,1.1839922276281003,-0.1654006293980066,-0.1121619418263435,2.025906562805176,-0.2918659010052138,1.975459098815918,-0.27162853967540457,-0.2463535368442535,1.975459098815918,-0.2969796225852639,-0.2971466481685638,1.975459098815918,-0.31446184230511753,-0.3080912232398987,1.946170687675476,-0.29255056351753894,-0.3470976650714874,-15.859917055428236,0.0
557,13.925,1.754331897035277e+18,3.020986534400753,3.353318436597947,1.7661753265362665,0.17570802277896708,7.244248278216762,-2.3854258065844,1.260271762510071,-0.1071720465225224,-0.0917688608169555,2.025906562805176,-0.25973123626890926,2.025906562805176,-0.2918659010052138,-0.1121619418263435,1.975459098815918,-0.27162853967540457,-0.2463535368442535,1.975459098815918,-0.2969796225852639,-0.2971466481685638,1.975459098815918,-0.31446184230511753,-0.3080912232398987,-16.076865785491933,0.0
558,13.950000000000001,1.7543318970602772e+18,3.03856646816304,3.388197017942196,1.798145147684446,0.20791350546381468,7.189212867137988,-2.2158669407636307,1.282611166705789,-0.04621473742804309,-0.0662775114178657,2.0929861068725586,-0.2948409591881125,2.025906562805176,-0.25973123626890926,-0.0917688608169555,2.025906562805176,-0.2918659010052138,-0.1121619418263435,1.975459098815918,-0.27162853967540457,-0.2463535368442535,1.975459098815918,-0.2969796225852639,-0.2971466481685638,-16.331173322171658,0.0
559,13.975000000000001,1.7543318970852772e+18,3.0672574049952277,3.436213864801595,1.8291353396591852,0.23990229416491587,7.121470710853713,-1.9856885553741537,1.283334730952885,0.015609846361175893,-0.0102448128163814,2.0929861068725586,-0.2638507672133734,2.0929861068725586,-0.2948409591881125,-0.0662775114178657,2.025906562805176,-0.25973123626890926,-0.0917688608169555,2.025906562805176,-0.2918659010052138,-0.1121619418263435,1.975459098815918,-0.27162853967540457,-0.2463535368442535,-16.556448407694575,0.0
560,14.0,1.754331897110277e+18,3.085146549077836,3.465533290325972,1.8595693240920124,0.25077727022571505,7.073291612325356,-1.699252142961157,1.293777501855024,0.07604673209349108,0.0873101204633712,2.177521228790283,-0.31795190469827084,2.0929861068725586,-0.2638507672133734,-0.0102448128163814,2.0929861068725586,-0.2948409591881125,-0.0662775114178657,2.025906562805176,-0.25973123626890926,-0.0917688608169555,2.025906562805176,-0.2918659010052138,-0.1121619418263435,-16.83826782776321,0.0
561,14.025,1.754331897135277e+18,3.1363940951159712,3.513034775052557,1.8906746561653585,0.2236999348540175,7.014310320793857,-1.3652513912488937,1.3357302196408363,0.13247696475621232,0.1540766805410385,2.280205726623535,-0.3895310704581767,2.177521228790283,-0.31795190469827084,0.0873101204633712,2.0929861068725586,-0.2638507672133734,-0.0102448128163814,2.0929861068725586,-0.2948409591881125,-0.0662775114178657,2.025906562805176,-0.25973123626890926,-0.0917688608169555,-17.184708222670487,0.0
562,14.05,1.754331897160277e+18,3.159545491384524,3.540332098250339,1.9238772733684475,0.15144130308272946,6.970410718796795,-0.9949967301146305,1.4160321323543579,0.1821099563697756,0.1540766805410385,2.280205726623535,-0.35632845325508766,2.280205726623535,-0.3895310704581767,0.1540766805410385,2.177521228790283,-0.31795190469827084,0.0873101204633712,2.0929861068725586,-0.2638507672133734,-0.0102448128163814,2.0929861068725586,-0.2948409591881125,-0.0662775114178657,-17.49690773821732,0.0
563,14.075000000000001,1.7543318971852772e+18,3.25068093087666,3.5880857596870026,1.960274380092146,0.039146038496717446,6.942637428503153,-0.6013191961883116,1.5255844513522383,0.22232355274028284,0.2243848294019699,2.280205726623535,-0.3199313465313891,2.280205726623535,-0.35632845325508766,0.1540766805410385,2.280205726623535,-0.3895310704581767,0.1540766805410385,2.177521228790283,-0.31795190469827084,0.0873101204633712,2.0929861068725586,-0.2638507672133734,-0.0102448128163814,-17.760925122598465,0.0
564,14.100000000000001,1.754331897210277e+18,3.25068093087666,3.5880857596870026,2.0003153735377865,-0.09663083106180244,6.942637428503153,-0.19813421380646962,1.6426537853996386,0.2510637217894786,0.2669697999954223,2.3939900398254395,-0.3936746662876529,2.280205726623535,-0.3199313465313891,0.2243848294019699,2.280205726623535,-0.35632845325508766,0.1540766805410385,2.280205726623535,-0.3895310704581767,0.1540766805410385,2.177521228790283,-0.31795190469827084,0.0873101204633712,-18.09619218913042,0.0
565,14.125,1.754331897235277e+18,3.318996390437769,3.6234098292617833,2.0436694620170623,-0.23221091102093203,6.955444312437631,0.1998143321360741,1.7391280395496533,0.2672026692806451,0.2729610502719879,2.490698337554932,-0.44702887553786974,2.3939900398254395,-0.3936746662876529,0.2669697999954223,2.280205726623535,-0.3199313465313891,0.2243848294019699,2.280205726623535,-0.35632845325508766,0.1540766805410385,2.280205726623535,-0.3895310704581767,0.1540766805410385,-18.47421927431084,0.0
566,14.15,1.7543318972602772e+18,3.349478510815574,3.649053579774151,2.089216354649026,-0.34308535637775034,6.941535403108658,0.5776105916754595,1.787710678004804,0.2707463603620298,0.2651380896568298,2.490698337554932,-0.401481982905906,2.490698337554932,-0.44702887553786974,0.2729610502719879,2.3939900398254395,-0.3936746662876529,0.2669697999954223,2.280205726623535,-0.3199313465313891,0.2243848294019699,2.280205726623535,-0.35632845325508766,0.1540766805410385,-18.81613657811767,0.0
567,14.175,1.7543318972852772e+18,3.413821591006662,3.683598141069992,2.1351604979944874,-0.4105166351196805,6.983874464547883,0.9214439705905805,1.7680147766684755,0.26281222850250757,0.2521460056304931,2.554312229156494,-0.41915173116200677,2.490698337554932,-0.401481982905906,0.2651380896568298,2.490698337554932,-0.44702887553786974,0.2729610502719879,2.3939900398254395,-0.3936746662876529,0.2669697999954223,2.280205726623535,-0.3199313465313891,0.2243848294019699,-19.16737405065648,0.0
568,14.200000000000001,1.754331897310277e+18,3.472341262605052,3.731044502541221,2.17930314261284,-0.4266914489231897,6.996914330056469,1.2200736502699097,1.6700716749032787,0.2453867606091614,0.2529886066913605,2.5845298767089844,-0.4052267340961442,2.554312229156494,-0.41915173116200677,0.2521460056304931,2.490698337554932,-0.401481982905906,0.2651380896568298,2.490698337554932,-0.44702887553786974,0.2729610502719879,2.3939900398254395,-0.3936746662876529,0.2669697999954223,-19.496621192239132,0.0
569,14.225000000000001,1.754331897335277e+18,3.493268485625977,3.7596033322906246,2.219426170000867,-0.39684774719478705,7.029343212104173,1.4656290889714472,1.494688257173774,0.22094786864745736,0.2295016795396804,2.581454277038574,-0.36202810703770716,2.5845298767089844,-0.4052267340961442,0.2529886066913605,2.554312229156494,-0.41915173116200677,0.2521460056304931,2.490698337554932,-0.401481982905906,0.2651380896568298,2.490698337554932,-0.44702887553786974,0.2729610502719879,-19.795794131658226,0.0
570,14.25,1.754331897360277e+18,3.5352956038209946,3.7934666149061727,2.253636828395566,-0.3374388589285845,7.0542215876733145,1.6532338722051263,1.2510876723578772,0.19204264846163419,0.1901585310697555,2.581454277038574,-0.3278174486430081,2.581454277038574,-0.36202810703770716,0.2295016795396804,2.5845298767089844,-0.4052267340961442,0.2529886066913605,2.554312229156494,-0.41915173116200677,0.2521460056304931,2.490698337554932,-0.401481982905906,0.2651380896568298,-20.051454888863876,0.0
571,14.275,1.7543318973852772e+18,3.59122058251055,3.850239730143171,2.28054033873484,-0.27066975761362766,7.112614660328587,1.7798795527977378,0.9530596669642918,0.16089438627633557,0.14615398645401,2.545727014541626,-0.265186675806786,2.581454277038574,-0.3278174486430081,0.1901585310697555,2.581454277038574,-0.36202810703770716,0.2295016795396804,2.5845298767089844,-0.4052267340961442,0.2529886066913605,2.554312229156494,-0.41915173116200677,0.2521460056304931,-20.233717509530088,0.0
572,14.3,1.754331897410277e+18,3.624687701733965,3.879429337223818,2.2992398865080217,-0.21727863724379648,7.139922483458272,1.8436120174052384,0.6152003143392,0.12912950175445,0.116499550640583,2.545727014541626,-0.24648712803360429,2.545727014541626,-0.265186675806786,0.14615398645401,2.581454277038574,-0.3278174486430081,0.1901585310697555,2.581454277038574,-0.36202810703770716,0.2295016795396804,2.5845298767089844,-0.4052267340961442,0.2529886066913605,-20.410510591418824,0.0
573,14.325000000000001,1.754331897435277e+18,3.683573769894815,3.931566308967451,2.309253456132721,-0.19033375548002598,7.202628446152428,1.843699233659941,0.250634179817752,0.09772526535837942,0.1119961589574813,2.47916316986084,-0.16990971372811892,2.545727014541626,-0.24648712803360429,0.116499550640583,2.545727014541626,-0.265186675806786,0.14615398645401,2.581454277038574,-0.3278174486430081,0.1901585310697555,2.581454277038574,-0.36202810703770716,0.2295016795396804,-20.52300241372038,0.0
574,14.350000000000001,1.7543318974602772e+18,3.748788982227956,4.030307864289427,2.31040972198042,-0.19234172402414032,7.303002668987133,1.7814655950455904,-0.12905734557254556,0.06720669172436912,0.0799972563982009,2.38420033454895,-0.07379061256853037,2.47916316986084,-0.16990971372811892,0.1119961589574813,2.545727014541626,-0.24648712803360429,0.116499550640583,2.545727014541626,-0.265186675806786,0.14615398645401,2.581454277038574,-0.3278174486430081,0.1901585310697555,-20.52091063196422,0.0
575,14.375000000000002,1.7543318974852772e+18,3.748788982227956,4.030307864289427,2.302734325354039,-0.21633328388287834,7.303002668987133,1.6610423227480933,-0.5119202687249247,0.0379890568378468,0.0288212671875953,2.2840516567230225,0.01868266863101642,2.38420033454895,-0.07379061256853037,0.0799972563982009,2.47916316986084,-0.16990971372811892,0.1119961589574813,2.545727014541626,-0.24648712803360429,0.116499550640583,2.545727014541626,-0.265186675806786,0.14615398645401,-20.45352434988767,0.0
576,14.4,1.754331897510277e+18,3.774993768584296,4.065310415907324,2.2863511061056503,-0.24984659502864903,7.339085229490702,1.4897205213467595,-0.8828473418994685,0.010687661383599152,0.010667273774743,2.2840516567230225,0.0022994493826278273,2.2840516567230225,0.01868266863101642,0.0288212671875953,2.38420033454895,-0.07379061256853037,0.0799972563982009,2.47916316986084,-0.16990971372811892,0.1119961589574813,2.545727014541626,-0.24648712803360429,0.116499550640583,-20.380384892852895,0.0
577,14.425,1.754331897535277e+18,3.837374963827372,4.158797957930458,2.2614691612897513,-0.27981006710411155,7.401992899260442,1.278083098916707,-1.2215859444594348,-0.013740607005435695,0.0,2.196826457977295,0.06464270331245636,2.2840516567230225,0.0022994493826278273,0.010667273774743,2.2840516567230225,0.01868266863101642,0.0288212671875953,2.38420033454895,-0.07379061256853037,0.0799972563982009,2.47916316986084,-0.16990971372811892,0.1119961589574813,-20.24698336976141,0.0
578,14.450000000000001,1.754331897560277e+18,3.850096194796281,4.178297201046855,2.228532988463566,-0.29643637985840193,7.418530421619542,1.0399593014748378,-1.5030912224687598,-0.03405923164541017,-0.0450561456382274,2.196826457977295,0.031706530486271145,2.196826457977295,0.06464270331245636,0.0,2.2840516567230225,0.0022994493826278273,0.010667273774743,2.2840516567230225,0.01868266863101642,0.0288212671875953,2.38420033454895,-0.07379061256853037,0.0799972563982009,-20.127369983335925,0.0
579,14.475000000000001,1.7543318975852772e+18,3.880577460753443,4.247522927532107,2.18854144332693,-0.2950477567354149,7.448980703046963,0.7918239693350545,-1.7009923317621098,-0.048971669958816,-0.0493181683123111,2.126196384429932,0.06234505889699804,2.196826457977295,0.031706530486271145,-0.0450561456382274,2.196826457977295,0.06464270331245636,0.0,2.2840516567230225,0.0022994493826278273,0.010667273774743,2.2840516567230225,0.01868266863101642,0.0288212671875953,-19.976159810219865,0.0
580,14.500000000000002,1.754331897610277e+18,3.906548431373563,4.294687474374984,2.1434030419066863,-0.27582379692089337,7.480813802818492,0.5512399407203699,-1.7936619741325652,-0.057403899201566924,-0.0679819360375404,2.126196384429932,0.017206657476754206,2.126196384429932,0.06234505889699804,-0.0493181683123111,2.196826457977295,0.031706530486271145,-0.0450561456382274,2.196826457977295,0.06464270331245636,0.0,2.2840516567230225,0.0022994493826278273,0.010667273774743,-19.858690691171127,0.0
581,14.525,1.754331897635277e+18,3.930532366733964,4.357695006253652,2.096073674759342,-0.24230104965495142,7.499051852434721,0.3344437523440976,-1.7710722389585587,-0.058740071947073855,-0.0473884120583534,2.072227478027344,0.023846196731997615,2.126196384429932,0.017206657476754206,-0.0679819360375404,2.126196384429932,0.06234505889699804,-0.0493181683123111,2.196826457977295,0.031706530486271145,-0.0450561456382274,2.196826457977295,0.06464270331245636,0.0,-19.726459294418387,0.0
582,14.55,1.7543318976602772e+18,3.9587151752987424,4.432838798582643,2.050245518593364,-0.1996323740163474,7.493042209909013,0.15375643183006055,-1.639855813379115,-0.052938198861100356,-0.0625673830509185,2.072227478027344,-0.02198195943398007,2.072227478027344,0.023846196731997615,-0.0473884120583534,2.126196384429932,0.017206657476754206,-0.0679819360375404,2.126196384429932,0.06234505889699804,-0.0493181683123111,2.196826457977295,0.031706530486271145,-0.0450561456382274,-19.648635810187574,0.0
583,14.575000000000001,1.7543318976852772e+18,3.9711512310980863,4.46328338304916,2.0095683221355167,-0.15320553067191806,7.501549646588198,0.015718424229920428,-1.4242111673334261,-0.04052507142647771,-0.0062621948309242,2.033454656600952,-0.02388633446543542,2.072227478027344,-0.02198195943398007,-0.0625673830509185,2.072227478027344,0.023846196731997615,-0.0473884120583534,2.126196384429932,0.017206657476754206,-0.0679819360375404,2.126196384429932,0.06234505889699804,-0.0493181683123111,-19.56650353970025,0.0
584,14.600000000000001,1.754331897710277e+18,3.991154442067266,4.516424985911275,1.9766730285245186,-0.1077557230724271,7.49507118065255,-0.07936247965551751,-1.1615579626408885,-0.022513363105298227,-0.0568060874938964,2.01274847984314,-0.03607545131862144,2.033454656600952,-0.02388633446543542,-0.0062621948309242,2.072227478027344,-0.02198195943398007,-0.0625673830509185,2.072227478027344,0.023846196731997615,-0.0473884120583534,2.126196384429932,0.017206657476754206,-0.0679819360375404,-19.499527592464414,0.0
585,14.625000000000002,1.754331897735277e+18,4.011250458751511,4.567839053590462,1.9524424389919846,-0.0669334715012077,7.501641790279569,-0.13619838189768793,-0.8937537723855493,-0.0002515895590811428,-0.0046721692197024,2.01274847984314,-0.06030604085115554,2.01274847984314,-0.03607545131862144,-0.0568060874938964,2.033454656600952,-0.02388633446543542,-0.0062621948309242,2.072227478027344,-0.02198195943398007,-0.0625673830509185,2.072227478027344,0.023846196731997615,-0.0473884120583534,-19.448448722041928,0.0
586,14.65,1.754331897760277e+18,4.041513058834966,4.6410870532316695,1.9359058659613717,-0.03328443349107199,7.485147835740899,-0.16189903360404231,-0.6564698365275805,0.0248514254606643,0.0057135331444442,2.01274847984314,-0.07684261388176838,2.01274847984314,-0.06030604085115554,-0.0046721692197024,2.01274847984314,-0.03607545131862144,-0.0568060874938964,2.033454656600952,-0.02388633446543542,-0.0062621948309242,2.072227478027344,-0.02198195943398007,-0.0625673830509185,-19.405133501753067,0.0
587,14.675,1.7543318977852772e+18,4.056602200511713,4.680526539582105,1.9248358935220573,-0.008532851707259854,7.483657828962738,-0.16271894914592092,-0.4702182880376968,0.051774241897945265,0.0628995224833488,2.007648706436157,-0.08281281291409948,2.01274847984314,-0.07684261388176838,0.0057135331444442,2.01274847984314,-0.06030604085115554,-0.0046721692197024,2.01274847984314,-0.03607545131862144,-0.0568060874938964,2.033454656600952,-0.02388633446543542,-0.0062621948309242,-19.370557967855547,0.0
588,14.700000000000001,1.754331897810277e+18,4.083825114384138,4.748278865999742,1.9167610605215968,0.006087791236476116,7.472186133855547,-0.1413541491844385,-0.3360988124573491,0.08038644930602268,0.1348833292722702,2.0164172649383545,-0.09965620441675771,2.007648706436157,-0.08281281291409948,0.0628995224833488,2.01274847984314,-0.07684261388176838,0.0057135331444442,2.01274847984314,-0.06030604085115554,-0.0046721692197024,2.01274847984314,-0.03607545131862144,-0.0568060874938964,-19.35933948646193,0.0
589,14.725000000000001,1.754331897835277e+18,4.100174939500775,4.789677644500147,1.9099210336321095,0.00979850776410496,7.469327621287244,-0.09595484868195771,-0.2377193886494204,0.11168926035803652,0.1395344734191894,2.0164172649383545,-0.10649623130624497,2.0164172649383545,-0.09965620441675771,0.1348833292722702,2.007648706436157,-0.08281281291409948,0.0628995224833488,2.01274847984314,-0.07684261388176838,0.0057135331444442,2.01274847984314,-0.06030604085115554,-0.0046721692197024,-19.351519474355953,0.0
590,14.750000000000002,1.7543318978602772e+18,4.110242588317208,4.824255471159792,1.9037963098616946,0.0027284546057952924,7.468835979370366,-0.021376715853824186,-0.14857581669665587,0.14747772173276547,0.0883090496063232,2.038615226745605,-0.13481891688391046,2.0164172649383545,-0.10649623130624497,0.1395344734191894,2.0164172649383545,-0.09965620441675771,0.1348833292722702,2.007648706436157,-0.08281281291409948,0.0628995224833488,2.01274847984314,-0.07684261388176838,0.0057135331444442,-19.3713666858577,0.0
591,14.775,1.7543318978852772e+18,4.125549017254212,4.86245068402237,1.8991071757639604,-0.01334566828396114,7.466859594462657,0.08790463810260266,-0.04229381282442342,0.1894403215541854,0.1535108983516693,2.038615226745605,-0.13950805098164465,2.038615226745605,-0.13481891688391046,0.0883090496063232,2.0164172649383545,-0.10649623130624497,0.1395344734191894,2.0164172649383545,-0.09965620441675771,0.1348833292722702,2.007648706436157,-0.08281281291409948,0.0628995224833488,-19.407220509176014,0.0
592,14.8,1.754331897910277e+18,4.158257256084671,4.9345888617910445,1.8973834133796623,-0.03458812174641585,7.4650277634103865,0.23470755365805088,0.09776175272204238,0.23814108967361972,0.2466578036546707,2.070794105529785,-0.17341069215012284,2.038615226745605,-0.13950805098164465,0.1535108983516693,2.038615226745605,-0.13481891688391046,0.0883090496063232,2.0164172649383545,-0.10649623130624497,0.1395344734191894,2.0164172649383545,-0.09965620441675771,0.1348833292722702,-19.48065056281167,0.0
593,14.825000000000001,1.754331897935277e+18,4.187133621112515,4.981859455753952,1.9003021589049034,-0.055666554283168926,7.477564209489497,0.41738675278574433,0.2726501083254958,0.29244409978928815,0.3130389153957367,2.070794105529785,-0.17049194662488176,2.070794105529785,-0.17341069215012284,0.2466578036546707,2.038615226745605,-0.13950805098164465,0.1535108983516693,2.038615226745605,-0.13481891688391046,0.0883090496063232,2.0164172649383545,-0.10649623130624497,0.1395344734191894,-19.565453748193327,0.0
594,14.850000000000001,1.754331897960277e+18,4.202988168766346,5.019290315208554,1.9090329578027423,-0.07141472731127363,7.480660971448501,0.629910807078282,0.4675283618481238,0.34961741687221476,0.3460943102836609,2.111910581588745,-0.20287762378600283,2.070794105529785,-0.17049194662488176,0.3130389153957367,2.070794105529785,-0.17341069215012284,0.2466578036546707,2.038615226745605,-0.13950805098164465,0.1535108983516693,2.038615226745605,-0.13481891688391046,0.0883090496063232,-19.687751817879747,0.0
595,14.875000000000002,1.7543318979852772e+18,4.2187337882846165,5.066959793801668,1.9238102114755424,-0.0789398998526096,7.509656994027613,0.8631214142712026,0.6566844623345158,0.4059139985229203,0.4440256357192993,2.161879062652588,-0.23806885117704546,2.111910581588745,-0.20287762378600283,0.3460943102836609,2.070794105529785,-0.17049194662488176,0.3130389153957367,2.070794105529785,-0.17341069215012284,0.2466578036546707,2.038615226745605,-0.13950805098164465,0.1535108983516693,-19.859100179418242,0.0
596,14.9,1.754331898010277e+18,4.2389992129244565,5.11608088488215,1.94383800673998,-0.0790553969084457,7.525535113667244,1.1061772464671256,0.812065540624935,0.4572470562044789,0.4440256357192993,2.161879062652588,-0.2180410559126078,2.161879062652588,-0.23806885117704546,0.4440256357192993,2.111910581588745,-0.20287762378600283,0.3460943102836609,2.070794105529785,-0.17049194662488176,0.3130389153957367,2.070794105529785,-0.17341069215012284,0.2466578036546707,-20.01408395908794,0.0
597,14.925,1.754331898035277e+18,4.245204173884448,5.15162057115193,1.967489495590795,-0.07615623098886852,7.564301538575249,1.3477281363887368,0.912434775578253,0.4997276188631574,0.47801473736763,2.2152345180511475,-0.24774502246035257,2.161879062652588,-0.2180410559126078,0.4440256357192993,2.161879062652588,-0.23806885117704546,0.4440256357192993,2.111910581588745,-0.20287762378600283,0.3460943102836609,2.070794105529785,-0.17049194662488176,0.3130389153957367,-20.200981644799146,0.0
598,14.950000000000001,1.7543318980602772e+18,4.262891697989538,5.201172120339933,1.992702959087912,-0.07646785689404968,7.595505172791911,1.5769930648931119,0.9502450094356979,0.5301202930608394,0.4616183936595917,2.2152345180511475,-0.2225315589632355,2.2152345180511475,-0.24774502246035257,0.47801473736763,2.161879062652588,-0.2180410559126078,0.4440256357192993,2.161879062652588,-0.23806885117704546,0.4440256357192993,2.111910581588745,-0.20287762378600283,0.3460943102836609,-20.369061967636842,0.0
599,14.975000000000001,1.7543318980852772e+18,4.27500830961174,5.235453914575909,2.017489234163065,-0.08548004116997251,7.626474893746585,1.784945345240821,0.9341619930318306,0.5464261638579981,0.594658374786377,2.2152345180511475,-0.19774528388808266,2.2152345180511475,-0.2225315589632355,0.4616183936595917,2.2152345180511475,-0.24774502246035257,0.47801473736763,2.161879062652588,-0.2180410559126078,0.4440256357192993,2.161879062652588,-0.23806885117704546,0.4440256357192993,-20.511022305403568,0.0
600,15.000000000000002,1.754331898110277e+18,4.291238755373977,5.286704563671132,2.040452622757857,-0.10579964893009858,7.66598097372033,1.9653619299693292,0.8865832507978486,0.5486255425236048,0.594658374786377,2.2152345180511475,-0.17478189529329047,2.2152345180511475,-0.19774528388808266,0.594658374786377,2.2152345180511475,-0.2225315589632355,0.4616183936595917,2.2152345180511475,-0.24774502246035257,0.47801473736763,2.161879062652588,-0.2180410559126078,0.4440256357192993,-20.63037665614857,0.0
601,15.025,1.754331898135277e+18,4.304362427457948,5.357848210748556,2.0611715259434846,-0.13637692813078447,7.742037114917291,2.115248322047662,0.8370260102746907,0.5392081819146431,0.5964107513427734,2.2719547748565674,-0.21078324891308275,2.2152345180511475,-0.17478189529329047,0.594658374786377,2.2152345180511475,-0.19774528388808266,0.594658374786377,2.2152345180511475,-0.2225315589632355,0.4616183936595917,2.2152345180511475,-0.24774502246035257,0.47801473736763,-20.780563129311172,0.0
602,15.05,1.754331898160277e+18,4.309480312990031,5.377209483276828,2.0802757951262625,-0.17328451059251324,7.760819492345109,2.234500265378659,0.8134479177598001,0.5229106460901085,0.4813962876796722,2.3326637744903564,-0.25238797936409396,2.2719547748565674,-0.21078324891308275,0.5964107513427734,2.2152345180511475,-0.17478189529329047,0.594658374786377,2.2152345180511475,-0.19774528388808266,0.594658374786377,2.2152345180511475,-0.2225315589632355,0.4616183936595917,-20.95971780651142,0.0
603,15.075000000000001,1.7543318981852772e+18,4.317554419381326,5.4303094776700505,2.099165011074018,-0.21146794264496963,7.833787618901451,2.325190964786767,0.8340926096486182,0.5054125805531297,0.4665447473526001,2.3933236598968506,-0.2941586488228327,2.3326637744903564,-0.25238797936409396,0.4813962876796722,2.2719547748565674,-0.21078324891308275,0.5964107513427734,2.2152345180511475,-0.17478189529329047,0.594658374786377,2.2152345180511475,-0.19774528388808266,0.594658374786377,-21.172325202443552,0.0
604,15.100000000000001,1.754331898210277e+18,4.327592514103889,5.488273213159784,2.119484378599269,-0.24655981832659124,7.898500563839548,2.3909131799056564,0.9022074092025695,0.49142977757002926,0.4665447473526001,2.3933236598968506,-0.2738392812975814,2.3933236598968506,-0.2941586488228327,0.4665447473526001,2.3326637744903564,-0.25238797936409396,0.4813962876796722,2.2719547748565674,-0.21078324891308275,0.5964107513427734,2.2152345180511475,-0.17478189529329047,0.594658374786377,-21.355646291377887,0.0
605,15.125000000000002,1.754331898235277e+18,4.324149532178761,5.550741925752517,2.1425794396630877,-0.27600855548583414,7.973926667457645,2.436198956707591,1.0050860252155123,0.48310377084719186,0.4502699077129364,2.3933236598968506,-0.25074422023376286,2.3933236598968506,-0.2738392812975814,0.4665447473526001,2.3933236598968506,-0.2941586488228327,0.4665447473526001,2.3326637744903564,-0.25238797936409396,0.4813962876796722,2.2719547748565674,-0.21078324891308275,0.5964107513427734,-21.49690404641443,0.0
606,15.15,1.7543318982602772e+18,4.310662116847557,5.613722498323376,2.169111540320731,-0.29921696627200606,8.030017168491995,2.465811074974888,1.1176462819087478,0.47944279739997436,0.5454741716384888,2.453223705291748,-0.2841121649710172,2.3933236598968506,-0.25074422023376286,0.4502699077129364,2.3933236598968506,-0.2738392812975814,0.4665447473526001,2.3933236598968506,-0.2941586488228327,0.4665447473526001,2.3326637744903564,-0.25238797936409396,0.4813962876796722,-21.66413856176326,0.0
607,15.175,1.7543318982852772e+18,4.314448268796494,5.654783502960546,2.1988940353249444,-0.316901720316509,8.067143275282753,2.48394385691146,1.2095270516497747,0.47696978123617045,0.4656358957290649,2.5124411582946777,-0.3135471229697333,2.453223705291748,-0.2841121649710172,0.5454741716384888,2.3933236598968506,-0.25074422023376286,0.4502699077129364,2.3933236598968506,-0.2738392812975814,0.4665447473526001,2.3933236598968506,-0.2941586488228327,0.4665447473526001,-21.838234290118425,0.0
608,15.200000000000001,1.754331898310277e+18,4.309449860310257,5.710496025626376,2.2309225959659433,-0.3302632176894103,8.128835165020643,2.493744253722274,1.2537923303217058,0.47115369519832057,0.4656358957290649,2.5124411582946777,-0.2815185623287344,2.5124411582946777,-0.3135471229697333,0.4656358957290649,2.453223705291748,-0.2841121649710172,0.5454741716384888,2.3933236598968506,-0.25074422023376286,0.4502699077129364,2.3933236598968506,-0.2738392812975814,0.4665447473526001,-21.977626354477316,0.0
609,15.225000000000001,1.754331898335277e+18,4.299005011855715,5.761701311682195,2.2635681107798056,-0.34057269400497786,8.187523913498225,2.4975519292188015,1.234951483077631,0.4579890935691659,0.4737953841686249,2.571054220199585,-0.3074861094197794,2.5124411582946777,-0.2815185623287344,0.4656358957290649,2.5124411582946777,-0.3135471229697333,0.4656358957290649,2.453223705291748,-0.2841121649710172,0.5454741716384888,2.3933236598968506,-0.25074422023376286,0.4502699077129364,-22.143102100715122,0.0
610,15.250000000000002,1.754331898360277e+18,4.2915814340705225,5.813065859584953,2.294925641796124,-0.3493960703437179,8.247603662840739,2.4977305655366067,1.1541919552684354,0.43522084624105917,0.4282117187976837,2.571054220199585,-0.27612857840346106,2.571054220199585,-0.3074861094197794,0.4737953841686249,2.5124411582946777,-0.2815185623287344,0.4656358957290649,2.5124411582946777,-0.3135471229697333,0.4656358957290649,2.453223705291748,-0.2841121649710172,0.5454741716384888,-22.249405147166904,0.0
611,15.275,1.7543318983852772e+18,4.250433438911561,5.914247995025917,2.323293739459159,-0.35911921028252203,8.367163530515203,2.497394037833425,1.0304056304029585,0.40293879682993183,0.4112432599067688,2.629173994064331,-0.3058802546051722,2.571054220199585,-0.27612857840346106,0.4282117187976837,2.571054220199585,-0.3074861094197794,0.4737953841686249,2.5124411582946777,-0.2815185623287344,0.4656358957290649,2.5124411582946777,-0.3135471229697333,0.4656358957290649,-22.390329806440068,0.0
612,15.3,1.754331898410277e+18,4.238317299138174,5.917522975521554,2.3476856625256897,-0.37307639498813816,8.382763586654647,2.5003041312156036,0.8966131535570291,0.3634339657049996,0.4112432599067688,2.629173994064331,-0.2814883315386414,2.629173994064331,-0.3058802546051722,0.4112432599067688,2.571054220199585,-0.27612857840346106,0.4282117187976837,2.571054220199585,-0.3074861094197794,0.4737953841686249,2.5124411582946777,-0.2815185623287344,0.4656358957290649,-22.46711428761279,0.0
613,15.325000000000001,1.754331898435277e+18,4.208574698043528,5.978386634584692,2.368213373658295,-0.3947206767907679,8.440296892900887,2.509706218783475,0.7925245242701403,0.3203508028066815,0.2725550234317779,2.7445619106292725,-0.3763485369709776,2.629173994064331,-0.2814883315386414,0.4112432599067688,2.629173994064331,-0.3058802546051722,0.4112432599067688,2.571054220199585,-0.27612857840346106,0.4282117187976837,2.571054220199585,-0.3074861094197794,0.4737953841686249,-22.645527759592543,0.0
614,15.350000000000001,1.7543318984602772e+18,4.18162102070534,6.031282389261083,2.3861989415337916,-0.42593018642244646,8.506814262018345,2.5264049414818874,0.7549559001029191,0.27737271776342837,0.2725550234317779,2.7445619106292725,-0.3583629690954808,2.7445619106292725,-0.3763485369709776,0.2725550234317779,2.629173994064331,-0.2814883315386414,0.4112432599067688,2.629173994064331,-0.3058802546051722,0.4112432599067688,2.571054220199585,-0.27612857840346106,0.4282117187976837,-22.749581958451312,0.0
615,15.375000000000002,1.7543318984852772e+18,4.15672773131941,6.075009577527654,2.403949809498533,-0.46526100892683003,8.567324329582675,2.5467250847944776,0.8084073927621993,0.23690645865963908,0.1986584216356277,2.801561117172241,-0.3976113076737082,2.7445619106292725,-0.3583629690954808,0.2725550234317779,2.7445619106292725,-0.3763485369709776,0.2725550234317779,2.629173994064331,-0.2814883315386414,0.4112432599067688,2.629173994064331,-0.3058802546051722,0.4112432599067688,-22.89912502511792,0.0
616,15.4,1.754331898510277e+18,4.120819909616708,6.132311098729741,2.4242430885155373,-0.5071647611647456,8.638777627249578,2.5611722316759713,0.9581371736599061,0.19931005331458598,0.2174669951200485,2.801561117172241,-0.37731802865670394,2.801561117172241,-0.3976113076737082,0.1986584216356277,2.7445619106292725,-0.3583629690954808,0.2725550234317779,2.7445619106292725,-0.3763485369709776,0.2725550234317779,2.629173994064331,-0.2814883315386414,0.4112432599067688,-22.95613108851849,0.0
617,15.425,1.754331898535277e+18,4.062888397327025,6.189852911044009,2.449668901963742,-0.5427823173183218,8.709599864740454,2.554575077629723,1.1875253778660178,0.16300196028649672,0.1677377671003341,2.857835054397583,-0.40816615243384113,2.801561117172241,-0.37731802865670394,0.2174669951200485,2.801561117172241,-0.3976113076737082,0.1986584216356277,2.7445619106292725,-0.3583629690954808,0.2725550234317779,2.7445619106292725,-0.3763485369709776,0.2725550234317779,-23.052413183137332,0.0
618,15.450000000000001,1.754331898560277e+18,4.0209142639667625,6.239364456257418,2.4820354083282474,-0.5622354231612494,8.760976870194792,2.5082012200585666,1.4605364328147112,0.12538980130255484,0.1225776001811027,2.9134438037872314,-0.431408395458984,2.857835054397583,-0.40816615243384113,0.1677377671003341,2.801561117172241,-0.37731802865670394,0.2174669951200485,2.801561117172241,-0.3976113076737082,0.1986584216356277,2.7445619106292725,-0.3583629690954808,0.2725550234317779,-23.09170295708941,0.0
619,15.475000000000001,1.7543318985852772e+18,3.9934912498124726,6.268250268977215,2.5219847632607943,-0.5577023267903447,8.802019375122168,2.4037325969806007,1.7288949680637782,0.08421509257718497,0.0992727801203727,2.968453884124756,-0.4464691208639615,2.9134438037872314,-0.431408395458984,0.1225776001811027,2.857835054397583,-0.40816615243384113,0.1677377671003341,2.801561117172241,-0.37731802865670394,0.2174669951200485,2.801561117172241,-0.3976113076737082,0.1986584216356277,-23.16366270879491,0.0
620,15.500000000000002,1.754331898610277e+18,3.947637673917469,6.2987297282884125,2.568848925806633,-0.5261655370671167,8.86733084060661,2.22809017909309,1.9424590143581828,0.03878398192872264,0.0546203292906284,2.968453884124756,-0.3996049583181227,2.968453884124756,-0.4464691208639615,0.0992727801203727,2.9134438037872314,-0.431408395458984,0.1225776001811027,2.857835054397583,-0.40816615243384113,0.1677377671003341,2.801561117172241,-0.37731802865670394,0.2174669951200485,-23.104852168634757,0.0
621,15.525,1.754331898635277e+18,3.89710847129446,6.3440241544165366,2.620706913757616,-0.4707001883201902,8.935801630908475,1.977354416288374,2.0604516745130836,-0.009372558677979979,0.0,3.0229032039642334,-0.4021962902066174,2.968453884124756,-0.3996049583181227,0.0546203292906284,2.968453884124756,-0.4464691208639615,0.0992727801203727,2.9134438037872314,-0.431408395458984,0.1225776001811027,2.857835054397583,-0.40816615243384113,0.1677377671003341,-23.078865305165415,0.0
622,15.55,1.7543318986602772e+18,3.8159701925646985,6.37505399756326,2.6746321396873585,-0.39964319507408136,8.992709097807081,1.658165255463403,2.060889884336671,-0.05666129385285785,-0.0392987951636314,3.076793909072876,-0.4021617693855175,3.0229032039642334,-0.4021962902066174,0.0,2.968453884124756,-0.3996049583181227,0.0546203292906284,2.968453884124756,-0.4464691208639615,0.0992727801203727,2.9134438037872314,-0.431408395458984,0.1225776001811027,-23.000591820461814,0.0
623,15.575000000000001,1.7543318986852772e+18,3.7318832471550616,6.421225506014307,2.7271537952755,-0.3238630819333915,9.075675426190838,1.2862075702466362,1.9458441500597967,-0.09836869635400985,-0.1435373127460479,3.184281349182129,-0.45712755390662885,3.076793909072876,-0.4021617693855175,-0.0392987951636314,3.0229032039642334,-0.4021962902066174,0.0,2.968453884124756,-0.3996049583181227,0.0546203292906284,2.968453884124756,-0.4464691208639615,0.0992727801203727,-22.961132915598313,0.0
624,15.600000000000001,1.754331898710277e+18,3.705480445797119,6.425326763385783,2.7749256104874775,-0.2532517839805613,9.068563167909216,0.8829004572277015,1.7410898815701168,-0.1300202559340452,-0.1430000066757202,3.184281349182129,-0.40935573869465136,3.184281349182129,-0.45712755390662885,-0.1435373127460479,3.076793909072876,-0.4021617693855175,-0.0392987951636314,3.0229032039642334,-0.4021962902066174,0.0,2.968453884124756,-0.3996049583181227,0.0546203292906284,-22.91852424796495,0.0
625,15.625000000000002,1.754331898735277e+18,3.633714452896962,6.460442581069713,2.815513612387499,-0.19395018403954772,9.122983673368731,0.47199663021073923,1.4901259750213043,-0.14860174437512125,-0.1430000066757202,3.184281349182129,-0.3687677367946298,3.184281349182129,-0.40935573869465136,-0.1430000066757202,3.184281349182129,-0.45712755390662885,-0.1435373127460479,3.076793909072876,-0.4021617693855175,-0.0392987951636314,3.0229032039642334,-0.4021962902066174,0.0,-22.85742580138359,0.0
626,15.65,1.754331898760277e+18,3.5437717739068457,6.491111305163697,2.848112864662772,-0.14738804350393583,9.119272301410314,0.07707913058926578,1.2441016237800997,-0.15315936651874504,-0.1885000020265579,3.23848819732666,-0.39037533266388813,3.184281349182129,-0.3687677367946298,-0.1430000066757202,3.184281349182129,-0.40935573869465136,-0.1430000066757202,3.184281349182129,-0.45712755390662885,-0.1435373127460479,3.076793909072876,-0.4021617693855175,-0.0392987951636314,-22.8720789400195,0.0
627,15.675,1.7543318987852772e+18,3.5183642142254765,6.501028404451449,2.8739094685083955,-0.11120547283072135,9.130222778698416,-0.28013807062754337,1.0504146020927203,-0.14461758709394276,-0.0974999964237213,3.3486104011535645,-0.474700932645169,3.23848819732666,-0.39037533266388813,-0.1885000020265579,3.184281349182129,-0.3687677367946298,-0.1430000066757202,3.184281349182129,-0.40935573869465136,-0.1430000066757202,3.184281349182129,-0.45712755390662885,-0.1435373127460479,-23.011773374664692,0.0
628,15.700000000000001,1.754331898810277e+18,3.3972423893959416,6.533185989877072,2.895817508440672,-0.08122012036104845,9.098977958010696,-0.5811571835662923,0.9431314248348734,-0.12504254683793903,-0.0974999964237213,3.3486104011535645,-0.4527928927128926,3.3486104011535645,-0.474700932645169,-0.0974999964237213,3.23848819732666,-0.39037533266388813,-0.1885000020265579,3.184281349182129,-0.3687677367946298,-0.1430000066757202,3.184281349182129,-0.40935573869465136,-0.1430000066757202,-23.20269607682107,0.0
629,15.725000000000001,1.754331898835277e+18,3.3292664024783933,6.555281126540625,2.917555073665494,-0.053383586731927224,9.090859460249147,-0.8118124923243428,0.9376797365578822,-0.09681482222451576,-0.1046793609857559,3.4047372341156006,-0.48718216045010676,3.3486104011535645,-0.4527928927128926,-0.0974999964237213,3.3486104011535645,-0.474700932645169,-0.0974999964237213,3.23848819732666,-0.39037533266388813,-0.1885000020265579,3.184281349182129,-0.3687677367946298,-0.1430000066757202,-23.447284908581985,0.0
630,15.750000000000002,1.7543318988602772e+18,3.2797649007433014,6.583654657046954,2.9424087059904993,-0.02509134469540734,9.064742059741981,-0.9629382006421268,1.0306640069763642,-0.06211811962301549,-0.0812499970197677,3.461803913116455,-0.5193952071259558,3.4047372341156006,-0.48718216045010676,-0.1046793609857559,3.3486104011535645,-0.4527928927128926,-0.0974999964237213,3.3486104011535645,-0.474700932645169,-0.0974999964237213,3.23848819732666,-0.39037533266388813,-0.1885000020265579,-23.72869413081048,0.0
631,15.775,1.7543318988852772e+18,3.224955293245001,6.601272853152737,2.97228677673774,0.004247678952260491,9.05458905232563,-1.0303444820267873,1.2037966584404738,-0.022843229419398963,-0.045499999076128,3.5199382305145264,-0.5476514537767865,3.461803913116455,-0.5193952071259558,-0.0812499970197677,3.4047372341156006,-0.48718216045010676,-0.1046793609857559,3.3486104011535645,-0.4527928927128926,-0.0974999964237213,3.3486104011535645,-0.474700932645169,-0.0974999964237213,-24.101506683578855,0.0
632,15.8,1.754331898910277e+18,3.123293890635745,6.636868150935227,3.007533961411245,0.03322630673409216,8.997510627462825,-1.0140947453792795,1.4296572875198121,0.01929799644606276,0.0195000004023313,3.5792391300201416,-0.5717051686088968,3.5199382305145264,-0.5476514537767865,-0.045499999076128,3.461803913116455,-0.5193952071259558,-0.0812499970197677,3.4047372341156006,-0.48718216045010676,-0.1046793609857559,3.3486104011535645,-0.4527928927128926,-0.0974999964237213,-24.475539955786306,0.0
633,15.825000000000001,1.754331898935277e+18,3.044278714425386,6.678685499274562,3.047519122148825,0.05889858881921514,8.982663185965002,-0.9174665313497712,1.6769024732757798,0.06269999499224438,0.1040458902716636,3.639747858047485,-0.5922287358986598,3.5792391300201416,-0.5717051686088968,0.0195000004023313,3.5199382305145264,-0.5476514537767865,-0.045499999076128,3.461803913116455,-0.5193952071259558,-0.0812499970197677,3.4047372341156006,-0.48718216045010676,-0.1046793609857559,-24.94008323053271,0.0
634,15.850000000000001,1.754331898960277e+18,2.9671341396654487,6.709459672038644,3.091534972824576,0.0775785665649285,8.954963383306852,-0.7462704590328748,1.9136558849827146,0.10588463227941168,0.1040458902716636,3.639747858047485,-0.5482128852229091,3.639747858047485,-0.5922287358986598,0.1040458902716636,3.5792391300201416,-0.5717051686088968,0.0195000004023313,3.5199382305145264,-0.5476514537767865,-0.045499999076128,3.461803913116455,-0.5193952071259558,-0.0812499970197677,-25.324236530011,0.0
635,15.875000000000002,1.7543318989852772e+18,2.891909411311005,6.750416234935374,3.139383486105237,0.08579994124360449,8.938699264276043,-0.5090570514544014,2.1094519725367706,0.1474856708171938,0.1307843476533889,3.701636791229248,-0.5622533051240111,3.639747858047485,-0.5482128852229091,0.1040458902716636,3.639747858047485,-0.5922287358986598,0.1040458902716636,3.5792391300201416,-0.5717051686088968,0.0195000004023313,3.5199382305145264,-0.5476514537767865,-0.045499999076128,-25.78009941500124,0.0
636,15.9,1.754331899010277e+18,2.8330112584259157,6.777229007447109,3.1912561434666378,0.08114187831929287,8.920503967671669,-0.21808732313109813,2.2372844166620474,0.18610342740805894,0.181999996304512,3.7649953365325928,-0.573739193065955,3.701636791229248,-0.5622533051240111,0.1307843476533889,3.639747858047485,-0.5482128852229091,0.1040458902716636,3.639747858047485,-0.5922287358986598,0.1040458902716636,3.5792391300201416,-0.5717051686088968,0.0195000004023313,-26.213286473640668,0.0
637,15.925,1.754331899035277e+18,2.7229796498674173,6.841615777000805,3.2469910469899292,0.06264291670606384,8.918637911372262,0.1097979405335019,2.277249772779706,0.2201230492042339,0.2151724100112915,3.829444169998169,-0.5824531230082397,3.7649953365325928,-0.573739193065955,0.181999996304512,3.701636791229248,-0.5622533051240111,0.1307843476533889,3.639747858047485,-0.5482128852229091,0.1040458902716636,3.639747858047485,-0.5922287358986598,0.1040458902716636,-26.625070240625202,0.0
638,15.950000000000001,1.7543318990602772e+18,2.694319466013562,6.85667081590374,3.305224928945079,0.030744380732354467,8.91367006030246,0.45348596479514075,2.2219194894163303,0.24770037066633185,0.2353448271751403,3.894407033920288,-0.5891821049752091,3.829444169998169,-0.5824531230082397,0.2151724100112915,3.7649953365325928,-0.573739193065955,0.181999996304512,3.701636791229248,-0.5622533051240111,0.1307843476533889,3.639747858047485,-0.5482128852229091,0.1040458902716636,-27.09769393639,0.0
639,15.975000000000001,1.7543318990852772e+18,2.601870638319493,6.912922394577072,3.3631070878916063,-0.013055976631618864,8.933112559603277,0.789634920576622,2.0816735911188515,0.26704582026075063,0.2780982553958893,3.9595000743865967,-0.5963929864949904,3.894407033920288,-0.5891821049752091,0.2353448271751403,3.829444169998169,-0.5824531230082397,0.2151724100112915,3.7649953365325928,-0.573739193065955,0.181999996304512,3.701636791229248,-0.5622533051240111,0.1307843476533889,-27.622043405150073,0.0
640,16.0,1.754331899110277e+18,2.500730847240317,6.969553165285907,3.4169819347927914,-0.06660637984705092,8.95145951852935,1.0961041990488305,1.8869680551471224,0.27695310919513777,0.2756896615028381,4.024188995361328,-0.6072070605685367,3.9595000743865967,-0.5963929864949904,0.2780982553958893,3.894407033920288,-0.5891821049752091,0.2353448271751403,3.829444169998169,-0.5824531230082397,0.2151724100112915,3.7649953365325928,-0.573739193065955,0.181999996304512,-28.13341101161429,0.0
641,16.025000000000002,1.754331899135277e+18,2.451739446008668,6.995596697359909,3.463867491959233,-0.1274247656098985,8.974654399324473,1.3556262310679215,1.6848226245106706,0.2773469983434649,0.2991372048854828,4.1498613357543945,-0.6859938437951616,4.024188995361328,-0.6072070605685367,0.2756896615028381,3.9595000743865967,-0.5963929864949904,0.2780982553958893,3.894407033920288,-0.5891821049752091,0.2353448271751403,3.829444169998169,-0.5824531230082397,0.2151724100112915,-28.750516045740888,0.0
642,16.05,1.754331899160277e+18,2.3756616916815503,7.038815106108183,3.502984795441108,-0.19291686831275084,8.994546017734224,1.5583702688121919,1.5288227973694553,0.26954887672744865,0.295862078666687,4.1498613357543945,-0.6468765403132863,4.1498613357543945,-0.6859938437951616,0.2991372048854828,4.024188995361328,-0.6072070605685367,0.2756896615028381,3.9595000743865967,-0.5963929864949904,0.2780982553958893,3.894407033920288,-0.5891821049752091,0.2353448271751403,-29.30038938789731,0.0
643,16.075,1.7543318991852772e+18,2.2733019524990743,7.089078625783255,3.536440230716266,-0.26052162920254546,9.052224480834196,1.702662822357493,1.4647900212295768,0.2560356439002178,0.2304477840662002,4.2660441398620605,-0.7296039091457946,4.1498613357543945,-0.6468765403132863,0.295862078666687,4.1498613357543945,-0.6859938437951616,0.2991372048854828,4.024188995361328,-0.6072070605685367,0.2756896615028381,3.9595000743865967,-0.5963929864949904,0.2780982553958893,-29.940301166626693,0.0
644,16.1,1.754331899210277e+18,2.208386427924468,7.123661230943931,3.568597825459199,-0.3278213344952584,9.077659882132872,1.7940315295690636,1.5166025594434418,0.23970132743824873,0.2297413796186447,4.2660441398620605,-0.6974463144028618,4.2660441398620605,-0.7296039091457946,0.2304477840662002,4.1498613357543945,-0.6468765403132863,0.295862078666687,4.1498613357543945,-0.6859938437951616,0.2991372048854828,4.024188995361328,-0.6072070605685367,0.2756896615028381,-30.515962518391614,0.0
645,16.125,1.754331899235277e+18,2.108886980107856,7.156410405042894,3.604426261650402,-0.3926327215259263,9.14342150093714,1.8431035147057835,1.6772452372220967,0.22291793001299884,0.1961206942796707,4.319906711578369,-0.7154804499279672,4.2660441398620605,-0.6974463144028618,0.2297413796186447,4.2660441398620605,-0.7296039091457946,0.2304477840662002,4.1498613357543945,-0.6468765403132863,0.295862078666687,4.1498613357543945,-0.6859938437951616,0.2991372048854828,-31.07711609172142,0.0
646,16.150000000000002,1.7543318992602772e+18,1.9978268712066969,7.206678931265129,3.647654333508762,-0.4531301020148509,9.201644097444877,1.862706621535303,1.9086466670966022,0.2068392093532716,0.2151724100112915,4.37060546875,-0.7229511352412379,4.319906711578369,-0.7154804499279672,0.1961206942796707,4.2660441398620605,-0.6974463144028618,0.2297413796186447,4.2660441398620605,-0.7296039091457946,0.2304477840662002,4.1498613357543945,-0.6468765403132863,0.295862078666687,-31.638208623242637,0.0
647,16.175,1.7543318992852772e+18,1.9290558968649572,7.231222455251645,3.6995742103045446,-0.5081120453625213,9.23862748609535,1.8644718794871515,2.150844809473793,0.19127318625240936,0.1900759935379028,4.50193977355957,-0.8023655632550257,4.37060546875,-0.7229511352412379,0.2151724100112915,4.319906711578369,-0.7154804499279672,0.1961206942796707,4.2660441398620605,-0.6974463144028618,0.2297413796186447,4.2660441398620605,-0.7296039091457946,0.2304477840662002,-32.254702219311184,0.0
648,16.2,1.754331899310277e+18,1.822626967465804,7.255090953336067,3.7588575047257446,-0.5574462238887058,9.284533315264714,1.8556205132638834,2.3377768583149083,0.1751408191868203,0.1900759935379028,4.50193977355957,-0.7430822688338257,4.50193977355957,-0.8023655632550257,0.1900759935379028,4.37060546875,-0.7229511352412379,0.2151724100112915,4.319906711578369,-0.7154804499279672,0.1961206942796707,4.2660441398620605,-0.6974463144028618,0.2297413796186447,-32.781755032044124,0.0
649,16.225,1.754331899335277e+18,1.7477035848173603,7.276236496496192,3.8221933437229634,-0.6025115378415283,9.324154848212151,1.8370722534516282,2.4148024000694566,0.15724630547246893,0.1719495207071304,4.534334182739258,-0.7121408390162944,4.50193977355957,-0.7430822688338257,0.1900759935379028,4.50193977355957,-0.8023655632550257,0.1900759935379028,4.37060546875,-0.7229511352412379,0.2151724100112915,4.319906711578369,-0.7154804499279672,0.1961206942796707,-33.250718686921935,0.0
650,16.25,1.754331899360277e+18,1.585503720360708,7.29877152048712,3.885297779719436,-0.6463169826933087,9.399282771301168,1.8039320593454438,2.352675277400294,0.1369714073148972,0.1326560974121093,4.534334182739258,-0.6490364030198217,4.534334182739258,-0.7121408390162944,0.1719495207071304,4.50193977355957,-0.7430822688338257,0.1900759935379028,4.50193977355957,-0.8023655632550257,0.1900759935379028,4.37060546875,-0.7229511352412379,0.2151724100112915,-33.63482869576028,0.0
651,16.275000000000002,1.7543318993852772e+18,1.5464359788664552,7.305865334445662,3.9439207385864408,-0.6930187286925322,9.418896329997747,1.7484451822328486,2.1540468521659353,0.11459959642900075,0.1256216615438461,4.569849491119385,-0.625928752532944,4.534334182739258,-0.6490364030198217,0.1326560974121093,4.534334182739258,-0.7121408390162944,0.1719495207071304,4.50193977355957,-0.7430822688338257,0.1900759935379028,4.50193977355957,-0.8023655632550257,0.1900759935379028,-33.98213678745445,0.0
652,16.3,1.754331899410277e+18,1.465881229548419,7.32073953623982,3.9946692333728295,-0.7467198030268868,9.459314031966114,1.6640877188977248,1.8510633137982642,0.0911945937248946,0.0742402151226997,4.569292545318604,-0.5746233119457749,4.569849491119385,-0.625928752532944,0.1256216615438461,4.534334182739258,-0.6490364030198217,0.1326560974121093,4.534334182739258,-0.7121408390162944,0.1719495207071304,4.50193977355957,-0.7430822688338257,0.1900759935379028,-34.26420953588269,0.0
653,16.325,1.754331899435277e+18,1.307136565437145,7.325296799220211,4.035582031794179,-0.8097138360488565,9.534168201223338,1.5487618310558655,1.4953057705899138,0.06817988112758715,0.0520000010728836,4.556717872619629,-0.5211358408254503,4.569292545318604,-0.5746233119457749,0.0742402151226997,4.569849491119385,-0.625928752532944,0.1256216615438461,4.534334182739258,-0.6490364030198217,0.1326560974121093,4.534334182739258,-0.7121408390162944,0.1719495207071304,-34.47088353440303,0.0
654,16.35,1.7543318994602772e+18,1.12985201694433,7.322559697510719,4.066400061406479,-0.8806917158104891,9.594824157458927,1.4058101517920387,1.1433967751322793,0.04688376859797757,0.045499999076128,4.556717872619629,-0.4903178112131501,4.556717872619629,-0.5211358408254503,0.0520000010728836,4.569292545318604,-0.5746233119457749,0.0742402151226997,4.569849491119385,-0.625928752532944,0.1256216615438461,4.534334182739258,-0.6490364030198217,0.1326560974121093,-34.664221723030906,0.0
655,16.375,1.7543318994852772e+18,1.12985201694433,7.322559697510719,4.088460441305792,-0.95364400984737,9.594824157458927,1.2430211137998217,0.8425450613918899,0.028272802327577555,0.045499999076128,4.556717872619629,-0.46825743131383657,4.556717872619629,-0.4903178112131501,0.045499999076128,4.556717872619629,-0.5211358408254503,0.0520000010728836,4.569292545318604,-0.5746233119457749,0.0742402151226997,4.569849491119385,-0.625928752532944,0.1256216615438461,-34.86085061466934,0.0
656,16.400000000000002,1.754331899510277e+18,1.018694793246798,7.312157399867873,4.104196931715443,-1.0180829601979786,9.613446128782005,1.0706209628964634,0.6199752111204295,0.012927165894188289,0.0162499994039535,4.490152835845947,-0.38595590413050385,4.556717872619629,-0.46825743131383657,0.045499999076128,4.556717872619629,-0.4903178112131501,0.045499999076128,4.556717872619629,-0.5211358408254503,0.0520000010728836,4.569292545318604,-0.5746233119457749,0.0742402151226997,-34.954940617794634,0.0
657,16.425,1.754331899535277e+18,0.8547084899409256,7.298356656495815,4.1163644229906415,-1.0608454870433905,9.669016660967111,0.8990647529740101,0.47878668164369714,0.0011432241199153526,0.0065000001341104,4.466082572937012,-0.3497181499463702,4.490152835845947,-0.38595590413050385,0.0162499994039535,4.556717872619629,-0.46825743131383657,0.045499999076128,4.556717872619629,-0.4903178112131501,0.045499999076128,4.556717872619629,-0.5211358408254503,0.0520000010728836,-35.04492753147209,0.0
658,16.45,1.754331899560277e+18,0.7762490621604172,7.287643439767704,4.127223502879432,-1.0692432800434826,9.695551545551075,0.7370062488324072,0.4007672787001031,-0.006989445760885038,-0.0181358624249696,4.416598320007324,-0.28937481712789204,4.466082572937012,-0.3497181499463702,0.0065000001341104,4.490152835845947,-0.38595590413050385,0.0162499994039535,4.556717872619629,-0.46825743131383657,0.045499999076128,4.556717872619629,-0.4903178112131501,0.045499999076128,-35.03946138941187,0.0
659,16.475,1.7543318995852772e+18,0.6009185018143874,7.251048410875771,4.137935996671556,-1.0347573372851202,9.726120835150288,0.5898112376565586,0.35465611692597576,-0.011590914888403308,-0.0181358624249696,4.416598320007324,-0.27866232333576857,4.416598320007324,-0.28937481712789204,-0.0181358624249696,4.466082572937012,-0.3497181499463702,0.0065000001341104,4.490152835845947,-0.38595590413050385,0.0162499994039535,4.556717872619629,-0.46825743131383657,0.045499999076128,-35.054272945534265,0.0
660,16.5,1.754331899610277e+18,0.6009185018143874,7.251048410875771,4.148349551570394,-0.956022855950028,9.726120835150288,0.4591565822045584,0.30690627280892957,-0.013010204754110728,-0.0121902236714959,4.416598320007324,-0.2682487684369299,4.416598320007324,-0.27866232333576857,-0.0181358624249696,4.416598320007324,-0.28937481712789204,-0.0181358624249696,4.466082572937012,-0.3497181499463702,0.0065000001341104,4.490152835845947,-0.38595590413050385,0.0162499994039535,-35.00456980927293,0.0
661,16.525000000000002,1.754331899635277e+18,0.4941375340864962,7.221402615268665,4.157242153021946,-0.8398566454970872,9.71556045240332,0.3440216599244112,0.2315495327001143,-0.011770724292196246,-0.0108540151268243,4.338565349578857,-0.1813231965569111,4.416598320007324,-0.2682487684369299,-0.0121902236714959,4.416598320007324,-0.27866232333576857,-0.0181358624249696,4.416598320007324,-0.28937481712789204,-0.0181358624249696,4.466082572937012,-0.3497181499463702,0.0065000001341104,-34.796361935371664,0.0
662,16.55,1.7543318996602772e+18,0.4098211895660384,7.199197534016222,4.162948714547819,-0.6997556987185019,9.72785283131141,0.2426457292823661,0.11640356052327391,-0.008423412116526635,-0.0,4.3116455078125,-0.14869679326468077,4.338565349578857,-0.1813231965569111,-0.0108540151268243,4.416598320007324,-0.2682487684369299,-0.0121902236714959,4.416598320007324,-0.27866232333576857,-0.0181358624249696,4.416598320007324,-0.28937481712789204,-0.0181358624249696,-34.58873027538126,0.0
663,16.575,1.7543318996852772e+18,0.2946143013188909,7.178820811992808,4.164103133589623,-0.5524373265145713,9.735432988332532,0.15438921711815579,-0.03569109594144599,-0.0033818492533286013,-0.0,4.3116455078125,-0.1475423742228772,4.3116455078125,-0.14869679326468077,-0.0,4.338565349578857,-0.1813231965569111,-0.0108540151268243,4.416598320007324,-0.2682487684369299,-0.0121902236714959,4.416598320007324,-0.27866232333576857,-0.0181358624249696,-34.41634130307274,0.0
664,16.6,1.754331899710277e+18,0.1418408577743797,7.13770615114912,4.16013237456439,-0.41390959351724527,9.753860168399607,0.08052514859408444,-0.2102083712225757,0.003154481862963304,0.0070730652660131,4.284628868103027,-0.12449649353863723,4.3116455078125,-0.1475423742228772,-0.0,4.3116455078125,-0.14869679326468077,-0.0,4.338565349578857,-0.1813231965569111,-0.0108540151268243,4.416598320007324,-0.2682487684369299,-0.0121902236714959,-34.147163130323726,0.0
665,16.625,1.754331899735277e+18,0.0567713076410019,7.1040042300656046,4.151288843197045,-0.2965565844628109,9.741953590299193,0.02378147590649719,-0.38709061972362974,0.011135987192475088,-0.0,4.2569780349731445,-0.10568919177609981,4.284628868103027,-0.12449649353863723,0.0070730652660131,4.3116455078125,-0.1475423742228772,-0.0,4.3116455078125,-0.14869679326468077,-0.0,4.338565349578857,-0.1813231965569111,-0.0108540151268243,-33.80582344656195,0.0
666,16.650000000000002,1.754331899760277e+18,0.0042808643901146,7.087706685751743,4.138329482025634,-0.20784525276844434,9.745226892473084,-0.01272290822823495,-0.5473699888969916,0.020504470606066583,0.0108333332464098,4.227714538574219,-0.08938505654858453,4.2569780349731445,-0.10568919177609981,-0.0,4.284628868103027,-0.12449649353863723,0.0070730652660131,4.3116455078125,-0.1475423742228772,-0.0,4.3116455078125,-0.14869679326468077,-0.0,-33.49372652020464,0.0
667,16.675,1.7543318997852772e+18,-0.1385377450446618,7.039088969185931,4.12215219611509,-0.1503018519666822,9.734393165298036,-0.02634422086548413,-0.6781733956157948,0.031057324134834658,0.0324999988079071,4.1685872077941895,-0.04643501167909925,4.227714538574219,-0.08938505654858453,0.0108333332464098,4.2569780349731445,-0.10568919177609981,-0.0,4.284628868103027,-0.12449649353863723,0.0070730652660131,4.3116455078125,-0.1475423742228772,-0.0,-33.12100980072173,0.0
668,16.7,1.754331899810277e+18,-0.2211107177718831,7.0142146235471685,4.103606175807905,-0.1220560981113138,9.735272453732987,-0.015296198692597286,-0.7749089295059249,0.04243120935580358,0.0553924478590488,4.141567707061768,-0.03796153125386237,4.1685872077941895,-0.04643501167909925,0.0324999988079071,4.227714538574219,-0.08938505654858453,0.0108333332464098,4.2569780349731445,-0.10568919177609981,-0.0,4.284628868103027,-0.12449649353863723,0.0070730652660131,-32.75374459787945,0.0
669,16.725,1.754331899835277e+18,-0.3360815924379832,6.987024608003085,4.0834512294435745,-0.11756049898548597,9.735040168018049,0.02114846352538766,-0.8405213881328699,0.05420333457635516,0.0542113296687603,4.116289138793945,-0.032837909350370786,4.141567707061768,-0.03796153125386237,0.0553924478590488,4.1685872077941895,-0.04643501167909925,0.0324999988079071,4.227714538574219,-0.08938505654858453,0.0108333332464098,4.2569780349731445,-0.10568919177609981,-0.0,-32.424554400192115,0.0
670,16.75,1.7543318998602772e+18,-0.4640728338503734,6.954040105108272,4.062321440742932,-0.12861460812791672,9.73485771199299,0.08221935287170913,-0.8826232587807847,0.06601923114325649,0.0595833323895931,4.092413902282715,-0.030092461539783066,4.116289138793945,-0.032837909350370786,0.0542113296687603,4.141567707061768,-0.03796153125386237,0.0553924478590488,4.1685872077941895,-0.04643501167909925,0.0324999988079071,4.227714538574219,-0.08938505654858453,0.0108333332464098,-32.126829413088885,0.0
671,16.775000000000002,1.7543318998852772e+18,-0.5437809196585546,6.92855321478966,4.040627173907584,-0.1459883702547345,9.734809380211761,0.1649385220460694,-0.9098260102485706,0.07765195192246824,0.0887185707688331,4.070423126220703,-0.029795952313119045,4.092413902282715,-0.030092461539783066,0.0595833323895931,4.116289138793945,-0.032837909350370786,0.0542113296687603,4.141567707061768,-0.03796153125386237,0.0553924478590488,4.1685872077941895,-0.04643501167909925,0.0324999988079071,-31.891438689595216,0.0
672,16.8,1.754331899910277e+18,-0.7657610209622883,6.860129822599193,4.018468918329587,-0.1615367382887509,9.733455938382999,0.263627204503677,-0.928649207333607,0.08896415788350374,0.0837384089827537,4.0471272468566895,-0.028658328527102483,4.070423126220703,-0.029795952313119045,0.0887185707688331,4.092413902282715,-0.030092461539783066,0.0595833323895931,4.116289138793945,-0.032837909350370786,0.0542113296687603,4.141567707061768,-0.03796153125386237,0.0553924478590488,-31.673609890088716,0.0
673,16.825,1.754331899935277e+18,-0.7657610209622883,6.860129822599193,3.9956845935587717,-0.17014926648202908,9.733455938382999,0.3702818736860237,-0.9420205239942997,0.09981543460798538,0.0844329893589019,4.0471272468566895,-0.05144265329791775,4.0471272468566895,-0.028658328527102483,0.0837384089827537,4.070423126220703,-0.029795952313119045,0.0887185707688331,4.092413902282715,-0.030092461539783066,0.0595833323895931,4.116289138793945,-0.032837909350370786,0.0542113296687603,-31.555142829658518,0.0
674,16.85,1.754331899960277e+18,-0.8369656817896383,6.839714329951593,3.9720684893351184,-0.17077101066422223,9.744944128460496,0.4760596093561458,-0.9497225396703624,0.10999109586145543,0.1179369091987609,3.98787784576416,-0.0158093564290418,4.0471272468566895,-0.05144265329791775,0.0844329893589019,4.0471272468566895,-0.028658328527102483,0.0837384089827537,4.070423126220703,-0.029795952313119045,0.0887185707688331,4.092413902282715,-0.030092461539783066,0.0595833323895931,-31.497161573519026,0.0
675,16.875,1.7543318999852772e+18,-0.9572807032476832,6.803668218625411,3.9476500706068474,-0.16615787306027602,9.761775005082303,0.5734627664965868,-0.9503840420431885,0.11921184141343634,0.1234234869480133,3.955394744873047,-0.007744674266199514,3.98787784576416,-0.0158093564290418,0.1179369091987609,4.0471272468566895,-0.05144265329791775,0.0844329893589019,4.0471272468566895,-0.028658328527102483,0.0837384089827537,4.070423126220703,-0.029795952313119045,0.0887185707688331,-31.523588916416244,0.0
676,16.900000000000002,1.754331900010277e+18,-1.064752956846336,6.76972355859119,3.9228323455831817,-0.16159128344782475,9.772434861324857,0.6583981031351237,-0.94400090308596,0.12721977387269023,0.1316249966621399,3.922941684722901,-0.00010933913971911124,3.955394744873047,-0.007744674266199514,0.1234234869480133,3.98787784576416,-0.0158093564290418,0.1179369091987609,4.0471272468566895,-0.05144265329791775,0.0844329893589019,4.0471272468566895,-0.028658328527102483,0.0837384089827537,-31.52599770493859,0.0
677,16.925,1.754331900035277e+18,-1.162968425722525,6.732815494725306,3.898261701467275,-0.16308874583911298,9.793546768256837,0.7312312644736886,-0.9337439851746071,0.133872286034219,0.1316249966621399,3.922941684722901,-0.024679983255625704,3.922941684722901,-0.00010933913971911124,0.1316249966621399,3.955394744873047,-0.007744674266199514,0.1234234869480133,3.98787784576416,-0.0158093564290418,0.1179369091987609,4.0471272468566895,-0.05144265329791775,0.0844329893589019,-31.61532039150667,0.0
678,16.95,1.7543319000602772e+18,-1.23941719473269,6.707287097181613,3.8744893859440386,-0.17564884274829098,9.805799543335723,0.7962608745802042,-0.9260948058927554,0.13917175309336793,0.1385898888111114,3.848366737365722,0.026122648578316365,3.922941684722901,-0.024679983255625704,0.1316249966621399,3.922941684722901,-0.00010933913971911124,0.1316249966621399,3.955394744873047,-0.007744674266199514,0.1234234869480133,3.98787784576416,-0.0158093564290418,0.1179369091987609,-31.620904273414627,0.0
679,16.975,1.7543319000852772e+18,-1.3345680541187095,6.670455031147659,3.8516293249945672,-0.20191967785753234,9.829043750988228,0.859686796551822,-0.9290654060092208,0.143215561621823,0.1413750052452087,3.775794506072998,0.07583481892156918,3.848366737365722,0.026122648578316365,0.1385898888111114,3.922941684722901,-0.024679983255625704,0.1316249966621399,3.922941684722901,-0.00010933913971911124,0.1316249966621399,3.955394744873047,-0.007744674266199514,0.1234234869480133,-31.607414513390058,0.0
680,17.0,1.754331900110277e+18,-1.4671155407476535,6.627039533162849,3.8292133392647676,-0.24151107887021225,9.861357825551746,0.926866181035945,-0.9491232598739658,0.14611023946322382,0.1413750052452087,3.775794506072998,0.053418833191769544,3.775794506072998,0.07583481892156918,0.1413750052452087,3.848366737365722,0.026122648578316365,0.1385898888111114,3.922941684722901,-0.024679983255625704,0.1316249966621399,3.922941684722901,-0.00010933913971911124,0.1316249966621399,-31.57120233767504,0.0
681,17.025000000000002,1.754331900135277e+18,-1.635117522973049,6.551308354377797,3.806328069876004,-0.29101251795562955,9.899775043048837,1.0000095739876225,-0.9880785621677242,0.14791051773020353,0.1518082320690155,3.74433708190918,0.061990987966823674,3.775794506072998,0.053418833191769544,0.1413750052452087,3.775794506072998,0.07583481892156918,0.1413750052452087,3.848366737365722,0.026122648578316365,0.1385898888111114,3.922941684722901,-0.024679983255625704,0.1316249966621399,-31.533057546440215,0.0
682,17.05,1.754331900160277e+18,-1.635117522973049,6.551308354377797,3.7819791777196134,-0.344640995427067,9.899775043048837,1.0772644090883041,-1.041306341026525,0.14861826294578132,0.1462499946355819,3.710944652557373,0.0710345251622404,3.74433708190918,0.061990987966823674,0.1518082320690155,3.775794506072998,0.053418833191769544,0.1413750052452087,3.775794506072998,0.07583481892156918,0.1413750052452087,3.848366737365722,0.026122648578316365,0.1385898888111114,-31.440041061843992,0.0
683,17.075,1.7543319001852772e+18,-1.7433838251070428,6.506841368879717,3.7555230138114157,-0.3953678871318528,9.93541832266455,1.1534888147236533,-1.0982040908048394,0.1482320182081369,0.1523094624280929,3.6741647720336914,0.08135824177772433,3.710944652557373,0.0710345251622404,0.1462499946355819,3.74433708190918,0.061990987966823674,0.1518082320690155,3.775794506072998,0.053418833191769544,0.1413750052452087,3.775794506072998,0.07583481892156918,0.1413750052452087,-31.334796485600833,0.0
684,17.1,1.754331900210277e+18,-1.8300440348987363,6.460868649226083,3.726965640703769,-0.43636179070190895,9.968276139164619,1.2222783572097613,-1.1449238966546265,0.14680373375764186,0.1516532599925995,3.637240171432495,0.0897254692712739,3.6741647720336914,0.08135824177772433,0.1523094624280929,3.710944652557373,0.0710345251622404,0.1462499946355819,3.74433708190918,0.061990987966823674,0.1518082320690155,3.775794506072998,0.053418833191769544,0.1413750052452087,-31.208995565010937,0.0
685,17.125,1.754331900235277e+18,-1.898502575421768,6.426581652007719,3.696988781655646,-0.462555684482112,9.992322470408359,1.2783280800462697,-1.168531583420792,0.14445510463004427,0.1413750052452087,3.602280378341675,0.09470840331397135,3.637240171432495,0.0897254692712739,0.1516532599925995,3.6741647720336914,0.08135824177772433,0.1523094624280929,3.710944652557373,0.0710345251622404,0.1462499946355819,3.74433708190918,0.061990987966823674,0.1518082320690155,-31.053981120845812,0.0
686,17.150000000000002,1.7543319002602772e+18,-2.011406945566504,6.363642872261235,3.666706670869437,-0.4720550258361453,10.042715123919875,1.3191622414711424,-1.1611963425074905,0.1413356535540614,0.1365000009536743,3.533719062805176,0.13298760806426113,3.602280378341675,0.09470840331397135,0.1413750052452087,3.637240171432495,0.0897254692712739,0.1516532599925995,3.6741647720336914,0.08135824177772433,0.1523094624280929,3.710944652557373,0.0710345251622404,0.1462499946355819,-30.844150898899784,0.0
687,17.175,1.7543319002852772e+18,-2.077548946755484,6.327128565049743,3.6372890876171264,-0.4670119937761967,10.069747179554016,1.3456163702448938,-1.1230018324753956,0.1375503879680844,0.1365000009536743,3.533719062805176,0.10357002481195066,3.533719062805176,0.13298760806426113,0.1365000009536743,3.602280378341675,0.09470840331397135,0.1413750052452087,3.637240171432495,0.0897254692712739,0.1516532599925995,3.6741647720336914,0.08135824177772433,0.1523094624280929,-30.657768061173734,0.0
688,17.200000000000003,1.754331900310277e+18,-2.1811516008808454,6.262276459458811,3.6096155849516935,-0.4535747048959636,10.100062435476023,1.3610320371370817,-1.0624599588758123,0.1331116810422082,0.1373669952154159,3.533719062805176,0.07589652214651776,3.533719062805176,0.10357002481195066,0.1365000009536743,3.533719062805176,0.13298760806426113,0.1365000009536743,3.602280378341675,0.09470840331397135,0.1413750052452087,3.637240171432495,0.0897254692712739,0.1516532599925995,-30.482215334610455,0.0
689,17.225,1.754331900335277e+18,-2.2715955959093304,6.19120804405552,3.5840658383206194,-0.44060986348211995,10.14558124495549,1.3696316599175757,-0.9945773369745494,0.12795547256075018,0.1218750029802322,3.464175224304199,0.1198906140164202,3.533719062805176,0.07589652214651776,0.1373669952154159,3.533719062805176,0.10357002481195066,0.1365000009536743,3.533719062805176,0.13298760806426113,0.1365000009536743,3.602280378341675,0.09470840331397135,0.1413750052452087,-30.25582848928779,0.0
690,17.25,1.754331900360277e+18,-2.3169054686085024,6.156600141899553,3.5604702979744216,-0.4371779060791353,10.170777387080392,1.3747611113806129,-0.9370769843898401,0.12202071708495156,0.1238778680562973,3.464175224304199,0.09629507367022239,3.464175224304199,0.1198906140164202,0.1218750029802322,3.533719062805176,0.07589652214651776,0.1373669952154159,3.533719062805176,0.10357002481195066,0.1365000009536743,3.533719062805176,0.13298760806426113,0.1365000009536743,-30.02471449873366,0.0
691,17.275000000000002,1.7543319003852772e+18,-2.4229563463327395,6.074574970788099,3.5381869878166268,-0.44934136897639626,10.224432052570496,1.3776534020964704,-0.9058742342837879,0.1153540633163474,0.1227528750896453,3.4304141998291016,0.10777278798752521,3.464175224304199,0.09629507367022239,0.1238778680562973,3.464175224304199,0.1198906140164202,0.1218750029802322,3.533719062805176,0.07589652214651776,0.1373669952154159,3.533719062805176,0.10357002481195066,0.1365000009536743,-29.777433659764487,0.0
692,17.3,1.754331900410277e+18,-2.522111347605655,5.985282263901781,3.5162510853237983,-0.477628744698672,10.271817559011838,1.3771749486764129,-0.9110352211554055,0.10818360062678023,0.1075487732887268,3.39726185798645,0.11898922733734807,3.4304141998291016,0.10777278798752521,0.1227528750896453,3.464175224304199,0.09629507367022239,0.1238778680562973,3.464175224304199,0.1198906140164202,0.1218750029802322,3.533719062805176,0.07589652214651776,0.1373669952154159,-29.485033740277018,0.0
693,17.325000000000003,1.754331900435277e+18,-2.522111347605655,5.985282263901781,3.4935683239929367,-0.5166055765534955,10.271817559011838,1.370605943378647,-0.9542308929132771,0.10091160077131092,0.1023750007152557,3.3644139766693115,0.12915434732362518,3.39726185798645,0.11898922733734807,0.1075487732887268,3.4304141998291016,0.10777278798752521,0.1227528750896453,3.464175224304199,0.09629507367022239,0.1238778680562973,3.464175224304199,0.1198906140164202,0.1218750029802322,-29.185387446328512,0.0
694,17.35,1.7543319004602772e+18,-2.57358496176155,5.926027571312508,3.4691485996655924,-0.5569478017556384,10.307747513702823,1.3549461659910882,-1.0282515052963224,0.09401312808675501,0.0877500027418136,3.29946231842041,0.16968628124518226,3.3644139766693115,0.12915434732362518,0.1023750007152557,3.39726185798645,0.11898922733734807,0.1075487732887268,3.4304141998291016,0.10777278798752521,0.1227528750896453,3.464175224304199,0.09629507367022239,0.1238778680562973,-28.812823541297323,0.0
695,17.375,1.7543319004852772e+18,-2.649563229276528,5.851671629251211,3.4423463916751937,-0.5888805065034316,10.352877715448962,1.3279969722935419,-1.118612266676129,0.08788203102333528,0.0877500027418136,3.29946231842041,0.14288407325478358,3.29946231842041,0.16968628124518226,0.0877500027418136,3.3644139766693115,0.12915434732362518,0.1023750007152557,3.39726185798645,0.11898922733734807,0.1075487732887268,3.4304141998291016,0.10777278798752521,0.1227528750896453,-28.431870616865496,0.0
696,17.400000000000002,1.754331900510277e+18,-2.705680579938214,5.792559114907349,3.4130225121682316,-0.6052339772559964,10.3742909017447,1.2888695720256802,-1.206796847047135,0.08270100931184403,0.0828749984502792,3.29946231842041,0.11356019374782145,3.29946231842041,0.14288407325478358,0.0877500027418136,3.29946231842041,0.16968628124518226,0.0877500027418136,3.3644139766693115,0.12915434732362518,0.1023750007152557,3.39726185798645,0.11898922733734807,0.1075487732887268,-28.10026936720507,0.0
697,17.425,1.754331900535277e+18,-2.75201213366455,5.740659500603863,3.381557628936877,-0.6029908616341716,10.401596164685683,1.2381704205723247,-1.2743515513194028,0.07840307373087248,0.0731249973177909,3.2671988010406494,0.11435882789622775,3.29946231842041,0.11356019374782145,0.0828749984502792,3.29946231842041,0.14288407325478358,0.0877500027418136,3.29946231842041,0.16968628124518226,0.0877500027418136,3.3644139766693115,0.12915434732362518,0.1023750007152557,-27.738165516848486,0.0
698,17.450000000000003,1.754331900560277e+18,-2.794798961784476,5.6731729868883205,3.348735416211752,-0.5831789979342599,10.427965536792511,1.178205055386908,-1.3069077005333067,0.07474765413801136,0.0780000016093254,3.2671988010406494,0.08153661517110278,3.2671988010406494,0.11435882789622775,0.0731249973177909,3.29946231842041,0.11356019374782145,0.0828749984502792,3.29946231842041,0.14288407325478358,0.0877500027418136,3.29946231842041,0.16968628124518226,0.0877500027418136,-27.434097342714146,0.0
699,17.475,1.7543319005852772e+18,-2.857534126806935,5.5916838076432445,3.3155749059640365,-0.5496351778267482,10.46722232607243,1.1130869659113989,-1.297270146819121,0.07148155971999184,0.0731249973177909,3.202601432800293,0.11297347316374351,3.2671988010406494,0.08153661517110278,0.0780000016093254,3.2671988010406494,0.11435882789622775,0.0731249973177909,3.29946231842041,0.11356019374782145,0.0828749984502792,3.29946231842041,0.14288407325478358,0.0877500027418136,-27.123378585662323,0.0
700,17.5,1.754331900610277e+18,-2.9292800704054818,5.490397617983732,3.283167324248887,-0.5074567145541651,10.507540890841208,1.048302687048384,-1.2469267878976615,0.06851198189439503,0.0731249973177909,3.202601432800293,0.08056589144859405,3.202601432800293,0.11297347316374351,0.0731249973177909,3.2671988010406494,0.08153661517110278,0.0780000016093254,3.2671988010406494,0.11435882789622775,0.0731249973177909,3.29946231842041,0.11356019374782145,0.0828749984502792,-26.868030798920437,0.0
701,17.525000000000002,1.754331900635277e+18,-2.971668793350986,5.410881308211082,3.252513647395949,-0.4618352215926813,10.529560116580633,0.9895381677132249,-1.1656569866114617,0.06600159541704369,0.0750756710767746,3.1702582836151123,0.08225536378083653,3.202601432800293,0.08056589144859405,0.0731249973177909,3.202601432800293,0.11297347316374351,0.0731249973177909,3.2671988010406494,0.08153661517110278,0.0780000016093254,3.2671988010406494,0.11435882789622775,0.0731249973177909,-26.57499218622652,0.0
702,17.55,1.7543319006602772e+18,-2.998068985703653,5.3676584113968175,3.2243458031507046,-0.41747168821473163,10.54605022944083,0.9411386346576939,-1.0693002286226214,0.06432249685175893,0.0556894950568676,3.105363130569458,0.11898267258124662,3.1702582836151123,0.08225536378083653,0.0750756710767746,3.202601432800293,0.08056589144859405,0.0731249973177909,3.202601432800293,0.11297347316374351,0.0731249973177909,3.2671988010406494,0.08153661517110278,0.0780000016093254,-26.20362153428118,0.0
703,17.575000000000003,1.7543319006852772e+18,-3.041719891202586,5.282936735339681,3.198953953749379,-0.37831946437741554,10.567478963021118,0.9048909339121878,-0.9761440597638847,0.06387883901763446,0.0584999993443489,3.0728306770324707,0.12612327671690826,3.105363130569458,0.11898267258124662,0.0556894950568676,3.1702582836151123,0.08225536378083653,0.0750756710767746,3.202601432800293,0.08056589144859405,0.0731249973177909,3.202601432800293,0.11297347316374351,0.0731249973177909,-25.783339608741436,0.0
704,17.6,1.754331900710277e+18,-3.056674680154014,5.24613283184534,3.1760834746528697,-0.3473598436968544,10.578670484953573,0.8796816059616928,-0.9027373232941097,0.06489261209313817,0.0584999993443489,3.0728306770324707,0.10325279762039896,3.0728306770324707,0.12612327671690826,0.0584999993443489,3.105363130569458,0.11898267258124662,0.0556894950568676,3.1702582836151123,0.08225536378083653,0.0750756710767746,3.202601432800293,0.08056589144859405,0.0731249973177909,-25.406247529823457,0.0
705,17.625,1.754331900735277e+18,-3.0983797452823474,5.161299506656588,3.1549688178600133,-0.3263408866488657,10.606906405611904,0.8621543686899725,-0.8601397405653229,0.06728131347896384,0.0682500004768371,3.0728306770324707,0.08213814082754256,3.0728306770324707,0.10325279762039896,0.0584999993443489,3.0728306770324707,0.12612327671690826,0.0584999993443489,3.105363130569458,0.11898267258124662,0.0556894950568676,3.1702582836151123,0.08225536378083653,0.0750756710767746,-25.07336516876215,0.0
706,17.650000000000002,1.754331900760277e+18,-3.141281511092312,5.07920073349868,3.134526387917336,-0.3155766248773171,10.630960123843142,0.8480275042169729,-0.851587728701879,0.07070433158761744,0.0758333355188369,3.0402936935424805,0.09423269437485571,3.0728306770324707,0.08213814082754256,0.0682500004768371,3.0728306770324707,0.10325279762039896,0.0584999993443489,3.0728306770324707,0.12612327671690826,0.0584999993443489,3.105363130569458,0.11898267258124662,0.0556894950568676,-24.69502030941628,0.0
707,17.675,1.7543319007852772e+18,-3.188905716102716,4.97375811060815,3.113651652258444,-0.313941140926826,10.663177499387498,0.8335068467857414,-0.8722405169183721,0.07474879006074374,0.0780000016093254,3.007622241973877,0.10602941028456714,3.0402936935424805,0.09423269437485571,0.0758333355188369,3.0728306770324707,0.08213814082754256,0.0682500004768371,3.0728306770324707,0.10325279762039896,0.0584999993443489,3.0728306770324707,0.12612327671690826,0.0584999993443489,-24.27544377616198,0.0
708,17.700000000000003,1.754331900810277e+18,-3.211999501175807,4.920014123738918,3.091511372448399,-0.3191592467308146,10.680354155858979,0.816344711455681,-0.9111130744126672,0.07914109328054197,0.0882253646850586,2.9746499061584477,0.1168614662899512,3.007622241973877,0.10602941028456714,0.0780000016093254,3.0402936935424805,0.09423269437485571,0.0758333355188369,3.0728306770324707,0.08213814082754256,0.0682500004768371,3.0728306770324707,0.10325279762039896,0.0584999993443489,-23.87706374754329,0.0
709,17.725,1.754331900835277e+18,-3.2529828926300395,4.8046363924780175,3.0677358038186977,-0.3283610370141526,10.711815181172666,0.7963365811706374,-0.954648535659966,0.08386349386914328,0.0780000016093254,2.9410476684570312,0.12668813536166645,2.9746499061584477,0.1168614662899512,0.0882253646850586,3.007622241973877,0.10602941028456714,0.0780000016093254,3.0402936935424805,0.09423269437485571,0.0758333355188369,3.0728306770324707,0.08213814082754256,0.0682500004768371,-23.442889502761847,0.0
710,17.75,1.7543319008602772e+18,-3.2529828926300395,4.8046363924780175,3.042472447822622,-0.33865347938658696,10.711815181172666,0.7751817462425198,-0.9908435117752677,0.08912469480728916,0.0780000016093254,2.9410476684570312,0.10142477936559091,2.9410476684570312,0.12668813536166645,0.0780000016093254,2.9746499061584477,0.1168614662899512,0.0882253646850586,3.007622241973877,0.10602941028456714,0.0780000016093254,3.0402936935424805,0.09423269437485571,0.0758333355188369,-23.065336144992795,0.0
711,17.775000000000002,1.7543319008852772e+18,-3.283080015467113,4.7099948444517326,3.0163008585917197,-0.34738450082105277,10.732654251631299,0.7557486428599107,-1.012618277259878,0.09522643199330523,0.1023750007152557,2.8710415363311768,0.14525932226054294,2.9410476684570312,0.10142477936559091,0.0780000016093254,2.9410476684570312,0.12668813536166645,0.0780000016093254,2.9746499061584477,0.1168614662899512,0.0882253646850586,3.007622241973877,0.10602941028456714,0.0780000016093254,-22.61419656812708,0.0
712,17.8,1.754331900910277e+18,-3.300655740954549,4.655860267606421,2.9900178965608952,-0.3520198497617239,10.748381270984517,0.7410685672596572,-1.0193360995389582,0.10241521795307007,0.1023750007152557,2.8710415363311768,0.11897636022971847,2.8710415363311768,0.14525932226054294,0.1023750007152557,2.9410476684570312,0.10142477936559091,0.0780000016093254,2.9410476684570312,0.12668813536166645,0.0780000016093254,2.9746499061584477,0.1168614662899512,0.0882253646850586,-22.213731876358718,0.0
713,17.825000000000003,1.754331900935277e+18,-3.340222352959505,4.513117422106289,2.9643314074483325,-0.3499632455661329,10.779031711368305,0.7336349355947485,-1.0159923672793776,0.11078476320681413,0.1121250018477439,2.834115028381348,0.13021637906698436,2.8710415363311768,0.11897636022971847,0.1023750007152557,2.8710415363311768,0.14525932226054294,0.1023750007152557,2.9410476684570312,0.10142477936559091,0.0780000016093254,2.9410476684570312,0.12668813536166645,0.0780000016093254,-21.70716696032076,0.0
714,17.85,1.754331900960277e+18,-3.3646351858470984,4.42782532067743,2.9395641786532267,-0.33880940448029184,10.802564196695158,0.7353699838876748,-1.0104275623241303,0.1202424437724243,0.1121250018477439,2.834115028381348,0.10544915027187862,2.834115028381348,0.13021637906698436,0.1121250018477439,2.8710415363311768,0.11897636022971847,0.1023750007152557,2.8710415363311768,0.14525932226054294,0.1023750007152557,2.9410476684570312,0.10142477936559091,0.0780000016093254,-21.243354840953398,0.0
715,17.875,1.7543319009852772e+18,-3.3646351858470984,4.42782532067743,2.9155097391442504,-0.31721183073962983,10.802564196695158,0.7479987341489795,-1.0096707540153662,0.13052465504982838,0.1413750052452087,2.75592303276062,0.15958670638363026,2.834115028381348,0.10544915027187862,0.1121250018477439,2.834115028381348,0.13021637906698436,0.1121250018477439,2.8710415363311768,0.11897636022971847,0.1023750007152557,2.8710415363311768,0.14525932226054294,0.1023750007152557,-20.68615682689606,0.0
716,17.900000000000002,1.754331901010277e+18,-3.3761399262274496,4.360427781315702,2.891529902216916,-0.28601199240217523,10.818585275631596,0.773201167678046,-1.0168864314263544,0.14124376667024802,0.1413750052452087,2.75592303276062,0.13560686945629596,2.75592303276062,0.15958670638363026,0.1413750052452087,2.834115028381348,0.10544915027187862,0.1121250018477439,2.834115028381348,0.13021637906698436,0.1121250018477439,2.8710415363311768,0.11897636022971847,0.1023750007152557,-20.17323192878306,0.0
717,17.925,1.754331901035277e+18,-3.397191253771375,4.268790833924707,2.8668590606479474,-0.24894176933521733,10.843718579907488,0.8121875459783784,-1.0301917252252832,0.1519541065477226,0.1427522599697113,2.7147111892700195,0.15214787137792785,2.75592303276062,0.13560686945629596,0.1413750052452087,2.75592303276062,0.15958670638363026,0.1413750052452087,2.834115028381348,0.10544915027187862,0.1121250018477439,2.834115028381348,0.13021637906698436,0.1121250018477439,-19.61291790497129,0.0
718,17.950000000000003,1.7543319010602772e+18,-3.404211967155301,4.19905744283458,2.84097289164355,-0.21230965955711742,10.858523572242285,0.8649122786962394,-1.0438677513002912,0.1622354078952245,0.1613793075084686,2.672215223312378,0.168757668331172,2.7147111892700195,0.15214787137792785,0.1427522599697113,2.75592303276062,0.13560686945629596,0.1413750052452087,2.75592303276062,0.15958670638363026,0.1413750052452087,2.834115028381348,0.10544915027187862,0.1121250018477439,-19.012751841181135,0.0
719,17.975,1.7543319010852772e+18,-3.422726561851728,4.119028278272459,2.813853530560018,-0.1835436303969912,10.88346955305806,0.9294724248331641,-1.051477310879131,0.17180230550455972,0.1613793075084686,2.672215223312378,0.14163830724764015,2.672215223312378,0.168757668331172,0.1613793075084686,2.7147111892700195,0.15214787137792785,0.1427522599697113,2.75592303276062,0.13560686945629596,0.1413750052452087,2.75592303276062,0.15958670638363026,0.1413750052452087,-18.424644413069533,0.0
720,18.0,1.754331901110277e+18,-3.4323425444643725,4.062132860652593,2.7860313660106013,-0.16902137294234484,10.900009759314173,1.0021547129048072,-1.0495347702304452,0.18062466033535643,0.2114366888999939,2.628394842147827,0.15763652386277416,2.672215223312378,0.14163830724764015,0.1613793075084686,2.672215223312378,0.168757668331172,0.1613793075084686,2.7147111892700195,0.15214787137792785,0.1427522599697113,2.75592303276062,0.13560686945629596,0.1413750052452087,-17.867402930888638,0.0
721,18.025000000000002,1.754331901135277e+18,-3.4381290305310745,3.992548106420904,2.7583710708512443,-0.17198873975437698,10.933523165863841,1.078251904000411,-1.0400413432209024,0.1889829686680086,0.1916379332542419,2.583425283432007,0.1749457874192375,2.628394842147827,0.15763652386277416,0.2114366888999939,2.672215223312378,0.14163830724764015,0.1613793075084686,2.672215223312378,0.168757668331172,0.1613793075084686,2.7147111892700195,0.15214787137792785,0.1427522599697113,-17.290260853262783,0.0
722,18.05,1.754331901160277e+18,-3.4461572997045105,3.936838526633271,2.7316724609519887,-0.19140885320840262,10.954338619431434,1.1533978739195379,-1.0305890368821415,0.19735847801030443,0.1916379332542419,2.583425283432007,0.14824717751998184,2.583425283432007,0.1749457874192375,0.1916379332542419,2.628394842147827,0.15763652386277416,0.2114366888999939,2.672215223312378,0.14163830724764015,0.1613793075084686,2.672215223312378,0.168757668331172,0.1613793075084686,-16.73985190635728,0.0
723,18.075000000000003,1.7543319011852772e+18,-3.4554058784039663,3.799925949700001,2.7062470828035963,-0.2222743761813599,11.012009880172492,1.2249215200273231,-1.03173536584817,0.20614660630252388,0.1916379332542419,2.583425283432007,0.12282179937158944,2.583425283432007,0.14824717751998184,0.1916379332542419,2.583425283432007,0.1749457874192375,0.1916379332542419,2.628394842147827,0.15763652386277416,0.2114366888999939,2.672215223312378,0.14163830724764015,0.1613793075084686,-16.15990255307906,0.0
724,18.1,1.754331901210277e+18,-3.4554058784039663,3.799925949700001,2.6816679734486693,-0.2572960038814586,11.012009880172492,1.292640074149166,-1.0525650338821806,0.21534678730938997,0.1916379332542419,2.583425283432007,0.09824269001666242,2.583425283432007,0.12282179937158944,0.1916379332542419,2.583425283432007,0.14824717751998184,0.1916379332542419,2.583425283432007,0.1749457874192375,0.1916379332542419,2.628394842147827,0.15763652386277416,0.2114366888999939,-15.652304124367749,0.0
725,18.125,1.754331901235277e+18,-3.457939631191044,3.7269625857173834,2.6568382505294315,-0.2892152245782294,11.048126679888517,1.3586562967265077,-1.0962612263217086,0.22446690839115632,0.2218965590000152,2.4897892475128174,0.16704900301661407,2.583425283432007,0.09824269001666242,0.1916379332542419,2.583425283432007,0.12282179937158944,0.1916379332542419,2.583425283432007,0.14824717751998184,0.1916379332542419,2.583425283432007,0.1749457874192375,0.1916379332542419,-15.116487384556507,0.0
726,18.150000000000002,1.7543319012602772e+18,-3.460427630032317,3.658261435436552,2.630386969776515,-0.31274547226343025,11.080189770032778,1.4261236342242194,-1.157678648813073,0.23276435988953897,0.267950177192688,2.4408583641052246,0.1895286056712906,2.4897892475128174,0.16704900301661407,0.2218965590000152,2.583425283432007,0.09824269001666242,0.1916379332542419,2.583425283432007,0.12282179937158944,0.1916379332542419,2.583425283432007,0.14824717751998184,0.1916379332542419,-14.536583446221329,0.0
727,18.175,1.7543319012852772e+18,-3.4540604598941824,3.5846301053531557,2.6012407745654555,-0.3255038460600018,11.123960902680551,1.497428323112514,-1.2242086116819058,0.23968292311554912,0.267950177192688,2.4408583641052246,0.16038241046023094,2.4408583641052246,0.1895286056712906,0.267950177192688,2.4897892475128174,0.16704900301661407,0.2218965590000152,2.583425283432007,0.09824269001666242,0.1916379332542419,2.583425283432007,0.12282179937158944,0.1916379332542419,-13.901500103115927,0.0
728,18.200000000000003,1.754331901310277e+18,-3.4535997582887354,3.5308143557251643,2.5691253239637346,-0.32788783241954433,11.15260735177599,1.572537861826947,-1.2798987844904262,0.2451548254956379,0.2293148338794708,2.3903512954711914,0.1787740284925432,2.4408583641052246,0.16038241046023094,0.267950177192688,2.4408583641052246,0.1895286056712906,0.267950177192688,2.4897892475128174,0.16704900301661407,0.2218965590000152,2.583425283432007,0.09824269001666242,0.1916379332542419,-13.269933181910492,0.0
729,18.225,1.754331901335277e+18,-3.4435931582390573,3.4661803565641884,2.534763853638327,-0.32222738675640655,11.204453168644344,1.648278846416913,-1.3113801240726857,0.24951903038618606,0.2293148338794708,2.3903512954711914,0.1444125581671356,2.3903512954711914,0.1787740284925432,0.2293148338794708,2.4408583641052246,0.16038241046023094,0.267950177192688,2.4408583641052246,0.1895286056712906,0.267950177192688,2.4897892475128174,0.16704900301661407,0.2218965590000152,-12.63833846329325,0.0
730,18.25,1.754331901360277e+18,-3.4311702839810803,3.4057459374106798,2.4996507107248833,-0.31163404085196084,11.241269343598287,1.7190094987942832,-1.3132769401697149,0.25311734780732337,0.2415264099836349,2.33841609954834,0.16123461117654347,2.3903512954711914,0.1444125581671356,0.2293148338794708,2.3903512954711914,0.1787740284925432,0.2293148338794708,2.4408583641052246,0.16038241046023094,0.267950177192688,2.4408583641052246,0.1895286056712906,0.267950177192688,-11.957708644990749,0.0
731,18.275000000000002,1.7543319013852772e+18,-3.4110531391052863,3.3070796144828654,2.4654573809883384,-0.29893195625697466,11.303604116815348,1.7785242849488714,-1.290847088145004,0.2558937507569393,0.2519707381725311,2.285126209259033,0.18033117172930524,2.33841609954834,0.16123461117654347,0.2415264099836349,2.3903512954711914,0.1444125581671356,0.2293148338794708,2.3903512954711914,0.1787740284925432,0.2293148338794708,2.4408583641052246,0.16038241046023094,0.267950177192688,-11.229726019484657,0.0
732,18.3,1.754331901410277e+18,-3.4067876980755845,3.284317246386133,2.433318155844067,-0.2859667543982771,11.319282276986481,1.8223533959795766,-1.2586311698265944,0.2573126407763343,0.2519707381725311,2.285126209259033,0.14819194658503365,2.285126209259033,0.18033117172930524,0.2519707381725311,2.33841609954834,0.16123461117654347,0.2415264099836349,2.3903512954711914,0.1444125581671356,0.2293148338794708,2.3903512954711914,0.1787740284925432,0.2293148338794708,-10.509828904290728,0.0
733,18.325000000000003,1.754331901435277e+18,-3.3859837345031307,3.2175980872883807,2.403332698866086,-0.27344737046986967,11.381026534087026,1.8493965169663429,-1.2354714254806747,0.25666251505580034,0.2824923098087311,2.230955123901367,0.17237757496471895,2.285126209259033,0.14819194658503365,0.2519707381725311,2.285126209259033,0.18033117172930524,0.2519707381725311,2.33841609954834,0.16123461117654347,0.2415264099836349,2.3903512954711914,0.1444125581671356,0.2293148338794708,-9.74522259342735,0.0
734,18.35,1.7543319014602772e+18,-3.373482778249212,3.1700200647211743,2.3745268598080496,-0.26129810372332524,11.42028514895274,1.8621924701174253,-1.237730056525367,0.25353041145096195,0.2785112857818603,2.230955123901367,0.14357173590668237,2.230955123901367,0.17237757496471895,0.2824923098087311,2.285126209259033,0.14819194658503365,0.2519707381725311,2.285126209259033,0.18033117172930524,0.2519707381725311,2.33841609954834,0.16123461117654347,0.2415264099836349,-9.053437972297758,0.0
735,18.375,1.7543319014852772e+18,-3.352244345550844,3.1059659932596446,2.3452736441166517,-0.24930614681414762,11.467094922704309,1.8657740627761727,-1.2732725452967075,0.24811181059316684,0.2404477000236511,2.176135778427124,0.1691378656895277,2.230955123901367,0.14357173590668237,0.2785112857818603,2.230955123901367,0.17237757496471895,0.2824923098087311,2.285126209259033,0.14819194658503365,0.2519707381725311,2.285126209259033,0.18033117172930524,0.2519707381725311,-8.322046801484218,0.0
736,18.400000000000002,1.754331901510277e+18,-3.336570493117049,3.057423150756387,2.313952607912911,-0.23770231242550047,11.507911751841855,1.8656655647484213,-1.3384818998146728,0.24114076946416269,0.2189193069934845,2.176135778427124,0.1378168294857871,2.176135778427124,0.1691378656895277,0.2404477000236511,2.230955123901367,0.14357173590668237,0.2785112857818603,2.230955123901367,0.17237757496471895,0.2824923098087311,2.285126209259033,0.14819194658503365,0.2519707381725311,-7.610490778932477,0.0
737,18.425,1.754331901535277e+18,-3.294662991740056,3.001047941195905,2.2795521016890707,-0.22732168055085042,11.56458200533247,1.8659111549756289,-1.4193765873410662,0.23350800391918797,0.218452900648117,2.120565414428711,0.1589866872603598,2.176135778427124,0.1378168294857871,0.2189193069934845,2.176135778427124,0.1691378656895277,0.2404477000236511,2.230955123901367,0.14357173590668237,0.2785112857818603,2.230955123901367,0.17237757496471895,0.2824923098087311,-6.869050968663878,0.0
738,18.450000000000003,1.754331901560277e+18,-3.273755509312565,2.959121380641193,2.241995578395163,-0.21922458962302604,11.603536492271376,1.8679087063492752,-1.4963255163998843,0.22586114183830516,0.218452900648117,2.120565414428711,0.12143016396645212,2.120565414428711,0.1589866872603598,0.218452900648117,2.176135778427124,0.1378168294857871,0.2189193069934845,2.176135778427124,0.1691378656895277,0.2404477000236511,2.230955123901367,0.14357173590668237,0.2785112857818603,-6.1584386997222165,0.0
739,18.475,1.7543319015852772e+18,-3.2376539588481688,2.9005386733246707,2.2021118744856416,-0.21401138795822083,11.656235817502957,1.8703338045722522,-1.5505260190675296,0.2184618591181938,0.2476056367158889,2.065485715866089,0.13662615861955274,2.120565414428711,0.12143016396645212,0.218452900648117,2.120565414428711,0.1589866872603598,0.218452900648117,2.176135778427124,0.1378168294857871,0.2189193069934845,2.176135778427124,0.1691378656895277,0.2404477000236511,-5.425419554607673,0.0
740,18.5,1.754331901610277e+18,-3.188698975849653,2.8326005374282364,2.1613021757969237,-0.21129011847509632,11.730749997707521,1.8699024420943413,-1.5698336104206176,0.21133904713728263,0.2163684666156768,2.018249988555908,0.14305218724101554,2.065485715866089,0.13662615861955274,0.2476056367158889,2.120565414428711,0.12143016396645212,0.218452900648117,2.120565414428711,0.1589866872603598,0.218452900648117,2.176135778427124,0.1378168294857871,0.2189193069934845,-4.675160306798121,0.0
741,18.525000000000002,1.754331901635277e+18,-3.179053679908499,2.818383885969787,2.1210601942890905,-0.20968699236030747,11.745508004104034,1.8624848030241996,-1.55187762171717,0.2045465117762445,0.1936213970184326,2.018249988555908,0.10281020573318234,2.018249988555908,0.14305218724101554,0.2163684666156768,2.065485715866089,0.13662615861955274,0.2476056367158889,2.120565414428711,0.12143016396645212,0.218452900648117,2.120565414428711,0.1589866872603598,0.218452900648117,-3.8863562572697767,0.0
742,18.55,1.7543319016602772e+18,-3.1441174632127744,2.7791754078558784,2.08254527855278,-0.2074819942787347,11.789384319947544,1.844226786942788,-1.503476745864929,0.1982942360428778,0.2153008878231048,2.018249988555908,0.06429528999687184,2.018249988555908,0.10281020573318234,0.1936213970184326,2.018249988555908,0.14305218724101554,0.2163684666156768,2.065485715866089,0.13662615861955274,0.2476056367158889,2.120565414428711,0.12143016396645212,0.218452900648117,-3.1751844269596186,0.0
743,18.575000000000003,1.7543319016852772e+18,-3.116193341908243,2.7437018947295044,2.0463575980058857,-0.20358952907367786,11.828962891181062,1.8125734644638434,-1.436744725016137,0.19286258069097806,0.1925858110189438,1.9786255359649656,0.06773206204092008,2.018249988555908,0.06429528999687184,0.2153008878231048,2.018249988555908,0.10281020573318234,0.1936213970184326,2.018249988555908,0.14305218724101554,0.2163684666156768,2.065485715866089,0.13662615861955274,0.2476056367158889,-2.377848455772904,0.0
744,18.6,1.754331901710277e+18,-3.057281124255123,2.695426058111596,2.012549099391655,-0.19837078458230747,11.894552062614222,1.767104504139882,-1.3634473933970719,0.18838957204622753,0.1474293321371078,1.947132468223572,0.06541663116808283,1.9786255359649656,0.06773206204092008,0.1925858110189438,2.018249988555908,0.06429528999687184,0.2153008878231048,2.018249988555908,0.10281020573318234,0.1936213970184326,2.018249988555908,0.14305218724101554,0.2163684666156768,-1.6149855102019592,0.0
745,18.625,1.754331901735277e+18,-3.028274317934211,2.663834009611829,1.9808060650121835,-0.19381070823415544,11.933587133255767,1.7099478315679286,-1.2897533421208425,0.1847303320055059,0.1858779639005661,1.947132468223572,0.03367359678861148,1.947132468223572,0.06541663116808283,0.1474293321371078,1.9786255359649656,0.06773206204092008,0.1925858110189438,2.018249988555908,0.06429528999687184,0.2153008878231048,2.018249988555908,0.10281020573318234,0.1936213970184326,-0.8658314634853805,0.0
746,18.650000000000002,1.754331901760277e+18,-2.9649414801936835,2.6193804723064917,1.9507135794684576,-0.19291951120553244,11.994158159204455,1.645508188174478,-1.2133519801911103,0.18156392231868793,0.1980936080217361,1.923480987548828,0.02723259191962968,1.947132468223572,0.03367359678861148,0.1858779639005661,1.947132468223572,0.06541663116808283,0.1474293321371078,1.9786255359649656,0.06773206204092008,0.1925858110189438,2.018249988555908,0.06429528999687184,0.2153008878231048,-0.11564773632451297,0.0
747,18.675,1.7543319017852772e+18,-2.9410764389472366,2.6003991949951155,1.922039047794596,-0.19860208676920363,12.020230733256499,1.5794396008166747,-1.124078566692524,0.17874727339707883,0.1980936080217361,1.923480987548828,-0.0014419397542320134,1.923480987548828,0.02723259191962968,0.1980936080217361,1.947132468223572,0.03367359678861148,0.1858779639005661,1.947132468223572,0.06541663116808283,0.1474293321371078,1.9786255359649656,0.06773206204092008,0.1925858110189438,0.6852758871762807,0.0
748,18.700000000000003,1.754331901810277e+18,-2.909754164385763,2.577158108508467,1.8949880248568916,-0.21243371048291404,12.057607189966038,1.5171245716790984,-1.0079629912188757,0.17669216117155068,0.182902306318283,1.912115216255188,-0.017127191398296437,1.923480987548828,-0.0014419397542320134,0.1980936080217361,1.923480987548828,0.02723259191962968,0.1980936080217361,1.947132468223572,0.03367359678861148,0.1858779639005661,1.947132468223572,0.06541663116808283,0.1474293321371078,1.41123096461181,0.0
749,18.725,1.754331901835277e+18,-2.871204227356758,2.550061418952735,1.870360418182547,-0.23375345974661227,12.09666868582753,1.4622351577179793,-0.8533933617059908,0.17646930127126084,0.1767458766698837,1.912115216255188,-0.04175479807264093,1.912115216255188,-0.017127191398296437,0.182902306318283,1.923480987548828,-0.0014419397542320134,0.1980936080217361,1.923480987548828,0.02723259191962968,0.1980936080217361,1.947132468223572,0.03367359678861148,0.1858779639005661,2.0816170055554633,0.0
750,18.75,1.7543319018602772e+18,-2.838595222838045,2.5391616910216035,1.849508175529635,-0.25937106853254444,12.113161572204831,1.416049018779127,-0.6572528340561261,0.17950741561508393,0.1492279917001724,1.9118385314941408,-0.06233035596450587,1.912115216255188,-0.04175479807264093,0.1767458766698837,1.912115216255188,-0.017127191398296437,0.182902306318283,1.923480987548828,-0.0014419397542320134,0.1980936080217361,1.923480987548828,0.02723259191962968,0.1980936080217361,2.668323052610779,0.0
751,18.775000000000002,1.7543319018852772e+18,-2.788303296470048,2.508646028490819,1.8340278887911383,-0.28408285353341767,12.158867708441521,1.3779587741415247,-0.4287490044727695,0.18701826757310672,0.2079257369041443,1.9118385314941408,-0.07781064270300253,1.9118385314941408,-0.06233035596450587,0.1492279917001724,1.912115216255188,-0.04175479807264093,0.1767458766698837,1.912115216255188,-0.017127191398296437,0.182902306318283,1.923480987548828,-0.0014419397542320134,0.1980936080217361,3.216441162440721,0.0
752,18.8,1.754331901910277e+18,-2.71781418300642,2.466242691865167,1.8252278026515794,-0.3020363896142323,12.22105446635019,1.3470722479311203,-0.18931128873747458,0.19943627257433297,0.1841093003749847,1.9118385314941408,-0.08661072884256149,1.9118385314941408,-0.07781064270300253,0.2079257369041443,1.9118385314941408,-0.06233035596450587,0.1492279917001724,1.912115216255188,-0.04175479807264093,0.1767458766698837,1.912115216255188,-0.017127191398296437,0.182902306318283,3.704453745543934,0.0
753,18.825000000000003,1.754331901935277e+18,-2.701208678541287,2.45757902305055,1.8235440448226492,-0.30861952649689234,12.23554072490687,1.3241417429442397,0.03178160862668373,0.21613617107138536,0.2045658826828003,1.9118385314941408,-0.08829448667149165,1.9118385314941408,-0.08661072884256149,0.1841093003749847,1.9118385314941408,-0.07781064270300253,0.2079257369041443,1.9118385314941408,-0.06233035596450587,0.1492279917001724,1.912115216255188,-0.04175479807264093,0.1767458766698837,4.1372950996978926,0.0
754,18.85,1.754331901960277e+18,-2.673008352547582,2.4563522666613364,1.828163781210932,-0.3021220878399343,12.261314919103036,1.312657226290287,0.20488126856815111,0.2355545460854883,0.2368287742137909,1.9288831949234009,-0.10071941371246895,1.9118385314941408,-0.08829448667149165,0.2045658826828003,1.9118385314941408,-0.08661072884256149,0.1841093003749847,1.9118385314941408,-0.07781064270300253,0.2079257369041443,1.9118385314941408,-0.06233035596450587,0.1492279917001724,4.526893497198574,0.0
755,18.875,1.7543319019852772e+18,-2.620582436861698,2.433508776946958,1.8370649759689939,-0.2844062302720157,12.307737421882354,1.3182068618992349,0.30822326921550974,0.25567716766776954,0.2645387649536133,1.956697702407837,-0.11963272643884304,1.9288831949234009,-0.10071941371246895,0.2368287742137909,1.9118385314941408,-0.08829448667149165,0.2045658826828003,1.9118385314941408,-0.08661072884256149,0.1841093003749847,1.9118385314941408,-0.07781064270300253,0.2079257369041443,4.875518202073568,0.0
756,18.900000000000002,1.754331902010277e+18,-2.5663385532845084,2.4149050195884314,1.8475031335911345,-0.2603676470539004,12.344160278907783,1.3461817396243503,0.3342499443349654,0.27469757028289027,0.2971061468124389,1.9966788291931152,-0.14917569560198074,1.956697702407837,-0.11963272643884304,0.2645387649536133,1.9288831949234009,-0.10071941371246895,0.2368287742137909,1.9118385314941408,-0.08829448667149165,0.2045658826828003,1.9118385314941408,-0.08661072884256149,0.1841093003749847,5.112298410602091,0.0
757,18.925,1.754331902035277e+18,-2.541188279906811,2.4055580468084976,1.856772428041037,-0.23654552017564587,12.36513525146816,1.3989708057359909,0.2919068030913079,0.2915506321040895,0.299410730600357,1.9966788291931152,-0.1399064011520783,1.9966788291931152,-0.14917569560198074,0.2971061468124389,1.956697702407837,-0.11963272643884304,0.2645387649536133,1.9288831949234009,-0.10071941371246895,0.2368287742137909,1.9118385314941408,-0.08829448667149165,0.2045658826828003,5.322110159396383,0.0
758,18.950000000000003,1.7543319020602772e+18,-2.44784644467993,2.387814284235421,1.862960871722701,-0.21937411915145175,12.426605184525432,1.474138811906408,0.20420672275386045,0.3060657951982629,0.299410730600357,1.9966788291931152,-0.13371795747041415,1.9966788291931152,-0.1399064011520783,0.299410730600357,1.9966788291931152,-0.14917569560198074,0.2971061468124389,1.956697702407837,-0.11963272643884304,0.2645387649536133,1.9288831949234009,-0.10071941371246895,0.2368287742137909,5.477767019053861,0.0
759,18.975,1.7543319020852772e+18,-2.44784644467993,2.387814284235421,1.8654315087314548,-0.213474991169226,12.426605184525432,1.5644791711539392,0.1019994112249763,0.31868969803269703,0.2822752892971039,1.9966788291931152,-0.13124732046166043,1.9966788291931152,-0.13371795747041415,0.299410730600357,1.9966788291931152,-0.1399064011520783,0.299410730600357,1.9966788291931152,-0.14917569560198074,0.2971061468124389,1.956697702407837,-0.11963272643884304,0.2645387649536133,5.6251820219279685,0.0
760,19.0,1.754331902110277e+18,-2.398427733578423,2.383076206131542,1.8648606432124015,-0.22043999193738717,12.470233792008234,1.659842088280223,0.01614324486288056,0.32997329055804187,0.3494624197483063,2.1182401180267334,-0.2533794748143319,1.9966788291931152,-0.13124732046166043,0.2822752892971039,1.9966788291931152,-0.13371795747041415,0.299410730600357,1.9966788291931152,-0.1399064011520783,0.299410730600357,1.9966788291931152,-0.14917569560198074,0.2971061468124389,5.640051315550567,0.0
761,19.025000000000002,1.754331902135277e+18,-2.345308609906589,2.371532125944036,1.862834077755134,-0.23860922558127876,12.512579537773728,1.7499447721248118,-0.029326555415586247,0.3401204585263633,0.3454001843929291,2.1182401180267334,-0.2554060402715994,2.1182401180267334,-0.2533794748143319,0.3494624197483063,1.9966788291931152,-0.13124732046166043,0.2822752892971039,1.9966788291931152,-0.13371795747041415,0.299410730600357,1.9966788291931152,-0.1399064011520783,0.299410730600357,5.565968471835879,0.0
762,19.05,1.754331902160277e+18,-2.303658170640182,2.373169436323092,1.8612040890225143,-0.2640335674094447,12.546954033273037,1.827194387947658,-0.021020943331744632,0.34879621468494315,0.329458624124527,2.1182401180267334,-0.25703602900421907,2.1182401180267334,-0.2554060402715994,0.3454001843929291,2.1182401180267334,-0.2533794748143319,0.3494624197483063,1.9966788291931152,-0.13124732046166043,0.2822752892971039,1.9966788291931152,-0.13371795747041415,0.299410730600357,5.45762923609634,0.0
763,19.075000000000003,1.7543319021852772e+18,-2.2233389853526035,2.3685205967238394,1.8615269696494479,-0.29219798363183924,12.624242886776248,1.8887214908459884,0.04373053046515896,0.35521572374970084,0.3610204458236694,2.196885585784912,-0.33535861613546425,2.1182401180267334,-0.25703602900421907,0.329458624124527,2.1182401180267334,-0.2554060402715994,0.3454001843929291,2.1182401180267334,-0.2533794748143319,0.3494624197483063,1.9966788291931152,-0.13124732046166043,0.2822752892971039,5.269812994183753,0.0
764,19.1,1.754331902210277e+18,-2.193531520576244,2.3655865486566494,1.864830493657002,-0.31965658947708125,12.651358001872637,1.937110951132294,0.15989058525840516,0.35841656491006174,0.376947820186615,2.196885585784912,-0.3320550921279102,2.196885585784912,-0.33535861613546425,0.3610204458236694,2.1182401180267334,-0.25703602900421907,0.329458624124527,2.1182401180267334,-0.2554060402715994,0.3454001843929291,2.1182401180267334,-0.2533794748143319,0.3494624197483063,5.06225439559448,0.0
765,19.125,1.754331902235277e+18,-2.1411251714296733,2.365192976768081,1.8717412819317458,-0.344820990379733,12.708753357891474,1.9796158305733402,0.3191487827731107,0.3575693263860889,0.3528683185577392,2.2882192134857178,-0.41647793155397195,2.196885585784912,-0.3320550921279102,0.376947820186615,2.196885585784912,-0.33535861613546425,0.3610204458236694,2.1182401180267334,-0.25703602900421907,0.329458624124527,2.1182401180267334,-0.2554060402715994,0.3454001843929291,4.751465655816608,0.0
766,19.150000000000002,1.7543319022602772e+18,-2.104144444105691,2.3635984887755246,1.8827916481984546,-0.3676361927593069,12.745136300438089,2.02595173105779,0.5138642763078688,0.352180641408779,0.3481601476669311,2.3856520652771,-0.5028604170786455,2.2882192134857178,-0.41647793155397195,0.3528683185577392,2.196885585784912,-0.3320550921279102,0.376947820186615,2.196885585784912,-0.33535861613546425,0.3610204458236694,2.1182401180267334,-0.25703602900421907,0.329458624124527,4.337990295286547,0.0
767,19.175,1.7543319022852772e+18,-2.0380052208523183,2.370174109143336,1.8986589968340655,-0.38844485053342964,12.806427240271777,2.0851200001660217,0.7390616709145115,0.34210125673115527,0.3481601476669311,2.3856520652771,-0.4869930684430346,2.3856520652771,-0.5028604170786455,0.3481601476669311,2.2882192134857178,-0.41647793155397195,0.3528683185577392,2.196885585784912,-0.3320550921279102,0.376947820186615,2.196885585784912,-0.33535861613546425,0.3610204458236694,3.8974322385226117,0.0
768,19.200000000000003,1.754331902310277e+18,-1.999113387350436,2.3723204663972,1.9201828240772811,-0.4067096783838662,12.846836677915409,2.1620172862872407,0.9919139745549665,0.3273516092186373,0.3162460327148437,2.4896068572998047,-0.5694240332225236,2.3856520652771,-0.4869930684430346,0.3481601476669311,2.3856520652771,-0.5028604170786455,0.3481601476669311,2.2882192134857178,-0.41647793155397195,0.3528683185577392,2.196885585784912,-0.3320550921279102,0.376947820186615,3.3659697365539505,0.0
769,19.225,1.754331902335277e+18,-1.923466775749917,2.3870653695020225,1.9481713529219065,-0.42029494894948627,12.931492678711626,2.2547428022534404,1.2690915445999646,0.3078510956636694,0.3237599730491638,2.4896068572998047,-0.5414355043778982,2.4896068572998047,-0.5694240332225236,0.3162460327148437,2.3856520652771,-0.4869930684430346,0.3481601476669311,2.3856520652771,-0.5028604170786455,0.3481601476669311,2.2882192134857178,-0.41647793155397195,0.3528683185577392,2.8573721415264224,0.0
770,19.25,1.754331902360277e+18,-1.8945681822162808,2.392165526132636,1.9831481129508812,-0.4257077364869209,12.964236456699552,2.3534813625640534,1.563072752845621,0.2831572873193677,0.2877927422523498,2.598334550857544,-0.6151864379066627,2.4896068572998047,-0.5414355043778982,0.3237599730491638,2.4896068572998047,-0.5694240332225236,0.3162460327148437,2.3856520652771,-0.4869930684430346,0.3481601476669311,2.3856520652771,-0.5028604170786455,0.3481601476669311,2.272278165159543,0.0
771,19.275000000000002,1.7543319023852772e+18,-1.820080021386892,2.4232900449214148,2.02521648237203,-0.4192414812161913,13.039126476544768,2.441555479783243,1.8588731223218975,0.2523256708167627,0.2051620185375213,2.7094533443450928,-0.684236861973063,2.598334550857544,-0.6151864379066627,0.2877927422523498,2.4896068572998047,-0.5414355043778982,0.3237599730491638,2.4896068572998047,-0.5694240332225236,0.3162460327148437,2.3856520652771,-0.4869930684430346,0.3481601476669311,1.617837255499599,0.0
772,19.3,1.754331902410277e+18,-1.7705834858203704,2.436073585878778,2.0740996115983172,-0.3985996008222203,13.098193339311674,2.498584570348052,2.1326353409116856,0.21401128633135022,0.2272259593009948,2.7094533443450928,-0.6353537327467755,2.7094533443450928,-0.684236861973063,0.2051620185375213,2.598334550857544,-0.6151864379066627,0.2877927422523498,2.4896068572998047,-0.5414355043778982,0.3237599730491638,2.4896068572998047,-0.5694240332225236,0.3162460327148437,1.0111418512799262,0.0
773,19.325000000000003,1.754331902435277e+18,-1.6782162261214952,2.506403384929956,2.129214046924587,-0.36445144584604533,13.201847039738759,2.504828943835446,2.353134993595863,0.1668951976502106,0.188272938132286,2.821230888366699,-0.6920168414421122,2.7094533443450928,-0.6353537327467755,0.2272259593009948,2.7094533443450928,-0.684236861973063,0.2051620185375213,2.598334550857544,-0.6151864379066627,0.2877927422523498,2.4896068572998047,-0.5414355043778982,0.3237599730491638,0.37056766313573175,0.0
774,19.35,1.7543319024602772e+18,-1.6782162261214952,2.506403384929956,2.1895452276317684,-0.3214502597089211,13.201847039738759,2.4452770846377487,2.4864968690894598,0.11037254742792135,0.0848822146654129,2.9060652256011963,-0.7165199979694279,2.821230888366699,-0.6920168414421122,0.188272938132286,2.7094533443450928,-0.6353537327467755,0.2272259593009948,2.7094533443450928,-0.684236861973063,0.2051620185375213,2.598334550857544,-0.6151864379066627,0.2877927422523498,-0.33014297840465434,0.0
775,19.375,1.7543319024852772e+18,-1.624397132227236,2.537576585896565,2.25325508824498,-0.2783729309993135,13.286010570452671,2.312207177009101,2.503361813201048,0.0452520048468562,0.0848822146654129,2.9060652256011963,-0.6528101373562163,2.9060652256011963,-0.7165199979694279,0.0848822146654129,2.821230888366699,-0.6920168414421122,0.188272938132286,2.7094533443450928,-0.6353537327467755,0.2272259593009948,2.7094533443450928,-0.684236861973063,0.2051620185375213,-0.9752084414946711,0.0
776,19.400000000000002,1.754331902510277e+18,-1.5855804643667928,2.5596249220974867,2.3172805346990017,-0.24707566217135818,13.337177740900874,2.1055833827834047,2.3866573271459943,-0.025867498649118095,-0.0316355228424072,2.959024429321289,-0.6417438946222873,2.9060652256011963,-0.6528101373562163,0.0848822146654129,2.9060652256011963,-0.7165199979694279,0.0848822146654129,2.821230888366699,-0.6920168414421122,0.188272938132286,2.7094533443450928,-0.6353537327467755,0.2272259593009948,-1.6168429969772393,0.0
777,19.425,1.754331902535277e+18,-1.5226599639753189,2.612748889697356,2.3773886819609693,-0.23995453801367314,13.411173019842252,1.8313890385365454,2.137458746000039,-0.09879755790084495,-0.0654201135039329,2.9794721603393555,-0.6020834783783862,2.959024429321289,-0.6417438946222873,-0.0316355228424072,2.9060652256011963,-0.6528101373562163,0.0848822146654129,2.9060652256011963,-0.7165199979694279,0.0848822146654129,2.821230888366699,-0.6920168414421122,0.188272938132286,-2.1942464920999996,0.0
778,19.450000000000003,1.754331902560277e+18,-1.4392057592871903,2.698966195566869,2.428982432664664,-0.26596212810481346,13.50103845228167,1.4988150909333755,1.776637856136033,-0.1685817656393586,-0.1997608095407486,2.966949939727783,-0.5379675070631191,2.9794721603393555,-0.6020834783783862,-0.0654201135039329,2.959024429321289,-0.6417438946222873,-0.0316355228424072,2.9060652256011963,-0.6528101373562163,0.0848822146654129,2.9060652256011963,-0.7165199979694279,0.0848822146654129,-2.7583366477414355,0.0
779,19.475,1.7543319025852772e+18,-1.4392057592871903,2.698966195566869,2.4684311822956633,-0.32628124361,13.50103845228167,1.1179141626508762,1.341234955850161,-0.23069271056496782,-0.2756896615028381,2.922978401184082,-0.45454721888841876,2.966949939727783,-0.5379675070631191,-0.1997608095407486,2.9794721603393555,-0.6020834783783862,-0.0654201135039329,2.959024429321289,-0.6417438946222873,-0.0316355228424072,2.9060652256011963,-0.6528101373562163,0.0848822146654129,-3.288718685551423,0.0
780,19.5,1.754331902610277e+18,-1.4041784699479458,2.7322547946822464,2.49422417843728,-0.41185365429178783,13.544704417437407,0.6991386097633292,0.8763892643941908,-0.2821197634399255,-0.2756896615028381,2.922978401184082,-0.42875422274680197,2.922978401184082,-0.45454721888841876,-0.2756896615028381,2.966949939727783,-0.5379675070631191,-0.1997608095407486,2.9794721603393555,-0.6020834783783862,-0.0654201135039329,2.959024429321289,-0.6417438946222873,-0.0316355228424072,-3.7708917414899945,0.0
781,19.525000000000002,1.754331902635277e+18,-1.3284452152501411,2.83496818556723,2.5072468361561837,-0.5046673481058552,13.564875511106836,0.25470978500622227,0.42540566705657473,-0.32186643177660584,-0.3362068831920624,2.922978401184082,-0.4157315650278983,2.922978401184082,-0.42875422274680197,-0.2756896615028381,2.922978401184082,-0.45454721888841876,-0.2756896615028381,2.966949939727783,-0.5379675070631191,-0.1997608095407486,2.9794721603393555,-0.6020834783783862,-0.0654201135039329,-4.2486142944847165,0.0
782,19.55,1.7543319026602772e+18,-1.2874845213872264,2.886265530942021,2.510006394183202,-0.5826245850439589,13.595790579731002,-0.19986049887710808,0.021258464293660753,-0.3506960044746007,-0.288334846496582,2.922978401184082,-0.4129720070008802,2.922978401184082,-0.4157315650278983,-0.3362068831920624,2.922978401184082,-0.42875422274680197,-0.2756896615028381,2.922978401184082,-0.45454721888841876,-0.2756896615028381,2.966949939727783,-0.5379675070631191,-0.1997608095407486,-4.732620826647838,0.0
783,19.575000000000003,1.7543319026852772e+18,-1.2801952295242889,2.9010699136037053,2.5052784948049562,-0.6256336266472687,13.569436688734013,-0.645909389969653,-0.31787455703149775,-0.37039950895964896,-0.3642241358757019,2.7456181049346924,-0.24033961012973615,2.922978401184082,-0.4129720070008802,-0.288334846496582,2.922978401184082,-0.4157315650278983,-0.3362068831920624,2.922978401184082,-0.42875422274680197,-0.2756896615028381,2.922978401184082,-0.45454721888841876,-0.2756896615028381,-5.054318678555298,0.0
784,19.6,1.754331902710277e+18,-1.2312054283141802,2.9658838741585933,2.494958579466948,-0.6202095375824206,13.60120676098069,-1.0638670527989549,-0.5882642382255934,-0.38307158926553214,-0.3972878754138946,2.7456181049346924,-0.25065952546774417,2.7456181049346924,-0.24033961012973615,-0.3642241358757019,2.922978401184082,-0.4129720070008802,-0.288334846496582,2.922978401184082,-0.4157315650278983,-0.3362068831920624,2.922978401184082,-0.42875422274680197,-0.2756896615028381,-5.394703673294316,0.0
785,19.625,1.754331902735277e+18,-1.1584764769445104,3.095363641955968,2.479714585135687,-0.5612708672191834,13.5344282760131,-1.4366425666837832,-0.7966817198383784,-0.39070705750394696,-0.4309192895889282,2.640558242797852,-0.16084365766216502,2.7456181049346924,-0.25065952546774417,-0.3972878754138946,2.7456181049346924,-0.24033961012973615,-0.3642241358757019,2.922978401184082,-0.4129720070008802,-0.288334846496582,2.922978401184082,-0.4157315650278983,-0.3362068831920624,-5.650255734270452,0.0
786,19.650000000000002,1.754331902760277e+18,-1.1584764769445104,3.095363641955968,2.4594901071836923,-0.45148281110584015,13.5344282760131,-1.7526931725696917,-0.9552543513992309,-0.3950601952636723,-0.3883189558982849,2.538130760192871,-0.07864065300917877,2.640558242797852,-0.16084365766216502,-0.4309192895889282,2.7456181049346924,-0.25065952546774417,-0.3972878754138946,2.7456181049346924,-0.24033961012973615,-0.3642241358757019,2.922978401184082,-0.4129720070008802,-0.288334846496582,-5.861883995343892,0.0
787,19.675,1.7543319027852772e+18,-1.0973074214951928,3.1802113514017627,2.434353487905248,-0.2993610325753396,13.44646622143909,-2.0076462053538116,-1.0774054028895639,-0.39750136767872507,-0.3883189558982849,2.538130760192871,-0.10377727228762312,2.538130760192871,-0.07864065300917877,-0.3883189558982849,2.640558242797852,-0.16084365766216502,-0.4309192895889282,2.7456181049346924,-0.25065952546774417,-0.3972878754138946,2.7456181049346924,-0.24033961012973615,-0.3642241358757019,-6.069231292443465,0.0
788,19.700000000000003,1.754331902810277e+18,-1.0458982158072223,3.2595649205823296,2.405021980572344,-0.11733391939253682,13.355957743106456,-2.2041287865787824,-1.1759468227323306,-0.3987285900661425,-0.3883189558982849,2.538130760192871,-0.13310877962052725,2.538130760192871,-0.10377727228762312,-0.3883189558982849,2.538130760192871,-0.07864065300917877,-0.3883189558982849,2.640558242797852,-0.16084365766216502,-0.4309192895889282,2.7456181049346924,-0.25065952546774417,-0.3972878754138946,-6.278236594210511,0.0
789,19.725,1.754331902835277e+18,-1.02163434010277,3.292844690108736,2.372729140630177,0.07959046438604193,13.331545961209684,-2.3502216218982084,-1.262886212088996,-0.3984677359143355,-0.3850247859954834,2.346431255340576,0.026297885289600753,2.538130760192871,-0.13310877962052725,-0.3883189558982849,2.538130760192871,-0.10377727228762312,-0.3883189558982849,2.538130760192871,-0.07864065300917877,-0.3883189558982849,2.640558242797852,-0.16084365766216502,-0.4309192895889282,-6.371829322937331,0.0
790,19.75,1.7543319028602772e+18,-0.984640551953786,3.317012858985617,2.338636021765608,0.274666203897598,13.280419249737808,-2.457212764299021,-1.3495562455096446,-0.39543702040435513,-0.3850247859954834,2.346431255340576,-0.00779523357496803,2.346431255340576,0.026297885289600753,-0.3850247859954834,2.538130760192871,-0.13310877962052725,-0.3883189558982849,2.538130760192871,-0.10377727228762312,-0.3883189558982849,2.538130760192871,-0.07864065300917877,-0.3883189558982849,-6.4759196301825215,0.0
791,19.775000000000002,1.7543319028852772e+18,-0.9348670751912702,3.374837755147482,2.3032709011575623,0.45052353696905223,13.216876638287372,-2.5371165812694647,-1.4457204422004513,-0.3877496034857255,-0.3977675139904022,2.2612826824188232,0.041988218738739036,2.346431255340576,-0.00779523357496803,-0.3850247859954834,2.346431255340576,0.026297885289600753,-0.3850247859954834,2.538130760192871,-0.13310877962052725,-0.3883189558982849,2.538130760192871,-0.10377727228762312,-0.3883189558982849,-6.541704199431307,0.0
792,19.8,1.754331902910277e+18,-0.8575644365537749,3.440889412365652,2.2663699137400783,0.5913908403411272,13.113670144844036,-2.6001703482569316,-1.5572046524411765,-0.3736753932264635,-0.3988849222660064,2.2612826824188232,0.0050872313212551035,2.2612826824188232,0.041988218738739036,-0.3977675139904022,2.346431255340576,-0.00779523357496803,-0.3850247859954834,2.346431255340576,0.026297885289600753,-0.3850247859954834,2.538130760192871,-0.13310877962052725,-0.3883189558982849,-6.6556061954474,0.0
793,19.825000000000003,1.754331902935277e+18,-0.8503014418357631,3.4481840620843487,2.2271671452853163,0.6864532801310563,13.103914882356007,-2.6524782876984125,-1.6827763250259167,-0.35244797225350577,-0.3551237285137176,2.183985710144043,0.04318143514127337,2.2612826824188232,0.0050872313212551035,-0.3988849222660064,2.2612826824188232,0.041988218738739036,-0.3977675139904022,2.346431255340576,-0.00779523357496803,-0.3850247859954834,2.346431255340576,0.026297885289600753,-0.3850247859954834,-6.741579107629751,0.0
794,19.85,1.754331902960277e+18,-0.73812965500001,3.521563976365788,2.1849069975946858,0.7331570245553669,12.970851641770286,-2.694116380763909,-1.8118067680476921,-0.3247344313416306,-0.3412787616252899,2.183985710144043,0.0009212874506427937,2.183985710144043,0.04318143514127337,-0.3551237285137176,2.2612826824188232,0.0050872313212551035,-0.3988849222660064,2.2612826824188232,0.041988218738739036,-0.3977675139904022,2.346431255340576,-0.00779523357496803,-0.3850247859954834,-6.9103441014242915,0.0
795,19.875,1.7543319029852772e+18,-0.728450099121376,3.529514973337834,2.1392843863102438,0.7386460044884632,12.957383883077485,-2.718246302921085,-1.92431761918085,-0.29253960192723294,-0.2615588307380676,2.049732208251953,0.08955217805829063,2.183985710144043,0.0009212874506427937,-0.3412787616252899,2.183985710144043,0.04318143514127337,-0.3551237285137176,2.2612826824188232,0.0050872313212551035,-0.3988849222660064,2.2612826824188232,0.041988218738739036,-0.3977675139904022,-6.963675996620784,0.0
796,19.900000000000002,1.754331903010277e+18,-0.6764551432344272,3.55356628572482,2.090666285909562,0.7180788387822493,12.883872970060095,-2.711945304155632,-1.9943123613421345,-0.25859995479678943,-0.2615588307380676,2.049732208251953,0.040934077657608814,2.049732208251953,0.08955217805829063,-0.2615588307380676,2.183985710144043,0.0009212874506427937,-0.3412787616252899,2.183985710144043,0.04318143514127337,-0.3551237285137176,2.2612826824188232,0.0050872313212551035,-0.3988849222660064,-7.036302112710996,0.0
797,19.925,1.754331903035277e+18,-0.5665033996352977,3.5945004269672234,2.040148717256387,0.6900091892226347,12.752376692841368,-2.6592642629674494,-1.9961075956039314,-0.22555288431853227,-0.2151854038238525,2.049732208251953,-0.009583490995566102,2.049732208251953,0.040934077657608814,-0.2615588307380676,2.049732208251953,0.08955217805829063,-0.2615588307380676,2.183985710144043,0.0009212874506427937,-0.3412787616252899,2.183985710144043,0.04318143514127337,-0.3551237285137176,-7.1602444316027904,0.0
798,19.950000000000003,1.7543319030602772e+18,-0.5665033996352977,3.5945004269672234,1.9895542008256606,0.6704482565316471,12.752376692841368,-2.546298429726739,-1.912136687603153,-0.19521287459359762,-0.2151854038238525,2.049732208251953,-0.060178007426292535,2.049732208251953,-0.009583490995566102,-0.2151854038238525,2.049732208251953,0.040934077657608814,-0.2615588307380676,2.049732208251953,0.08955217805829063,-0.2615588307380676,2.183985710144043,0.0009212874506427937,-0.3412787616252899,-7.301959054200186,0.0
799,19.975,1.7543319030852772e+18,-0.4670888656694862,3.63142078442878,1.9413449425248333,0.6678474132837467,12.656001482692336,-2.366965426374583,-1.7398414272219704,-0.16817009967993277,-0.1551964432001114,1.9937323331832888,-0.052387390658455546,2.049732208251953,-0.060178007426292535,-0.2151854038238525,2.049732208251953,-0.009583490995566102,-0.2151854038238525,2.049732208251953,0.040934077657608814,-0.2615588307380676,2.049732208251953,0.08955217805829063,-0.2615588307380676,-7.467319918022385,0.0
800,20.0,1.754331903110277e+18,-0.3840341507533611,3.657365886695458,1.89829472915508,0.6808182988439986,12.554273995672357,-2.1272889487698863,-1.4951441207766931,-0.14378291454894696,-0.1269077658653259,1.9503036737442017,-0.05200894458912164,1.9937323331832888,-0.052387390658455546,-0.1551964432001114,2.049732208251953,-0.060178007426292535,-0.2151854038238525,2.049732208251953,-0.009583490995566102,-0.2151854038238525,2.049732208251953,0.040934077657608814,-0.2615588307380676,-7.5998947540601005,0.0
801,20.025000000000002,1.754331903135277e+18,-0.3840341507533611,3.657365886695458,1.8628307429462254,0.6992902993043068,12.554273995672357,-1.8459675047542001,-1.2107613837915023,-0.12055297152943323,-0.1269077658653259,1.9503036737442017,-0.08747293079797624,1.9503036737442017,-0.05200894458912164,-0.1269077658653259,1.9937323331832888,-0.052387390658455546,-0.1551964432001114,2.049732208251953,-0.060178007426292535,-0.2151854038238525,2.049732208251953,-0.009583490995566102,-0.2151854038238525,-7.7696230486389135,0.0
802,20.05,1.754331903160277e+18,-0.2833693054681787,3.655239260327706,1.8362207543744862,0.708487530884823,12.435413609602861,-1.5502236515800096,-0.9291539430116,-0.09681167127367235,-0.0927550345659256,1.9503036737442017,-0.11408291936971549,1.9503036737442017,-0.08747293079797624,-0.1269077658653259,1.9503036737442017,-0.05200894458912164,-0.1269077658653259,1.9937323331832888,-0.052387390658455546,-0.1551964432001114,2.049732208251953,-0.060178007426292535,-0.2151854038238525,-8.002688640589875,0.0
803,20.075000000000003,1.7543319031852772e+18,-0.2425998746407329,3.644000606812189,1.8180014613025908,0.6941001146682139,12.416863234306534,-1.2680621763710826,-0.6917545265861887,-0.07153912769621647,-0.0927550345659256,1.9503036737442017,-0.1323022124416109,1.9503036737442017,-0.11408291936971549,-0.0927550345659256,1.9503036737442017,-0.08747293079797624,-0.1269077658653259,1.9503036737442017,-0.05200894458912164,-0.1269077658653259,1.9937323331832888,-0.052387390658455546,-0.1551964432001114,-8.261114129748396,0.0
804,20.1,1.754331903210277e+18,-0.2024951538716828,3.64667843613896,1.8060020042894103,0.6467747249466395,12.374052708807756,-1.0200713022532348,-0.5276100930260003,-0.0450164789819891,-0.0927550345659256,1.9503036737442017,-0.1443016694547914,1.9503036737442017,-0.1323022124416109,-0.0927550345659256,1.9503036737442017,-0.11408291936971549,-0.0927550345659256,1.9503036737442017,-0.08747293079797624,-0.1269077658653259,1.9503036737442017,-0.05200894458912164,-0.1269077658653259,-8.508668596823586,0.0
805,20.125,1.754331903235277e+18,-0.1711810580273529,3.619972225799057,1.7970379154744167,0.5646009507130908,12.38177344451318,-0.8144117500676098,-0.4450793513775991,-0.019010899180987376,0.0276433303952217,1.8905417919158936,-0.09350387644147684,1.9503036737442017,-0.1443016694547914,-0.0927550345659256,1.9503036737442017,-0.1323022124416109,-0.0927550345659256,1.9503036737442017,-0.11408291936971549,-0.0927550345659256,1.9503036737442017,-0.08747293079797624,-0.1269077658653259,-8.684310614092604,0.0
806,20.150000000000002,1.7543319032602772e+18,-0.0771905788458178,3.600890740878392,1.7880236989571225,0.4532203549131676,12.357337475508283,-0.6470243906695367,-0.42943776803832584,0.0036022597960667113,0.019881572574377,1.8705670833587649,-0.08254338440164233,1.8905417919158936,-0.09350387644147684,0.0276433303952217,1.9503036737442017,-0.1443016694547914,-0.0927550345659256,1.9503036737442017,-0.1323022124416109,-0.0927550345659256,1.9503036737442017,-0.11408291936971549,-0.0927550345659256,-8.861086692869101,0.0
807,20.175,1.7543319032852772e+18,-0.0771905788458178,3.600890740878392,1.777048439920782,0.32404098094069117,12.357337475508283,-0.5063197440473932,-0.44737159773946344,0.019562822116356744,0.0250965263694524,1.8705670833587649,-0.09351864343798288,1.8705670833587649,-0.08254338440164233,0.019881572574377,1.8905417919158936,-0.09350387644147684,0.0276433303952217,1.9503036737442017,-0.1443016694547914,-0.0927550345659256,1.9503036737442017,-0.1323022124416109,-0.0927550345659256,-9.060634746591653,0.0
808,20.200000000000003,1.754331903310277e+18,-0.0266501481101775,3.5930456470820085,1.7639692205688184,0.19144579207907964,12.336312653116064,-0.3795466237929675,-0.45706427692540735,0.02591101985964004,0.0250965263694524,1.8705670833587649,-0.10659786278994643,1.8705670833587649,-0.09351864343798288,0.0250965263694524,1.8705670833587649,-0.08254338440164233,0.019881572574377,1.8905417919158936,-0.09350387644147684,0.0276433303952217,1.9503036737442017,-0.1443016694547914,-0.0927550345659256,-9.28409407567155,0.0
809,20.225,1.754331903335277e+18,0.029882329121607,3.584270443151809,1.7503029600049829,0.06978475367503494,12.312795139001324,-0.25783209089473863,-0.4207480956955696,0.020382043060280745,-0.0091675696894526,1.8579163551330569,-0.107613395128074,1.8705670833587649,-0.10659786278994643,0.0250965263694524,1.8705670833587649,-0.09351864343798288,0.0250965263694524,1.8705670833587649,-0.08254338440164233,0.019881572574377,1.8905417919158936,-0.09350387644147684,0.0276433303952217,-9.51839560616129,0.0
810,20.25,1.754331903360277e+18,0.0871588232304745,3.5632817015994886,1.7385289527427652,-0.029312156958333974,12.301844738511376,-0.13836943352061407,-0.3158748118765791,0.0015429386442897984,0.0,1.856678485870361,-0.11814953312759591,1.8579163551330569,-0.107613395128074,-0.0091675696894526,1.8705670833587649,-0.10659786278994643,0.0250965263694524,1.8705670833587649,-0.09351864343798288,0.0250965263694524,1.8705670833587649,-0.08254338440164233,0.019881572574377,-9.737969918654477,0.0
811,20.275000000000002,1.7543319033852772e+18,0.1248460879615032,3.555942860220566,1.7311612116340687,-0.09883192066977171,12.289715175118157,-0.024251807626573644,-0.14164790232120358,-0.03112765872202945,0.0,1.856678485870361,-0.12551727423629244,1.856678485870361,-0.11814953312759591,0.0,1.8579163551330569,-0.107613395128074,-0.0091675696894526,1.8705670833587649,-0.10659786278994643,0.0250965263694524,1.8705670833587649,-0.09351864343798288,0.0250965263694524,-10.008746515151312,0.0
812,20.3,1.754331903410277e+18,0.1561846220709286,3.529877761806606,1.729969367296216,-0.137054860590841,12.317803119119676,0.07642689272978884,0.08075696833254406,-0.07707329038085721,-0.1196151673793792,1.871607542037964,-0.1416381747417481,1.856678485870361,-0.12551727423629244,0.0,1.856678485870361,-0.11814953312759591,0.0,1.8579163551330569,-0.107613395128074,-0.0091675696894526,1.8705670833587649,-0.10659786278994643,0.0250965263694524,-10.26936105012278,0.0
813,20.325000000000003,1.754331903435277e+18,0.1916979107003169,3.5208674216473264,1.7355526362614617,-0.14690732150873653,12.315321361886173,0.15106117574607217,0.3140146518999826,-0.134429195865944,-0.132794588804245,1.871607542037964,-0.13605490577650237,1.871607542037964,-0.1416381747417481,-0.1196151673793792,1.856678485870361,-0.12551727423629244,0.0,1.856678485870361,-0.11814953312759591,0.0,1.8579163551330569,-0.107613395128074,-0.0091675696894526,-10.535632334966266,0.0
814,20.35,1.7543319034602772e+18,0.2189007401216973,3.520642503726229,1.7472695030408698,-0.13439597527383762,12.323726851664185,0.18292434968804303,0.5146085259084645,-0.19988562444299882,-0.132812425494194,1.871607542037964,-0.12433803899709428,1.871607542037964,-0.13605490577650237,-0.132794588804245,1.871607542037964,-0.1416381747417481,-0.1196151673793792,1.856678485870361,-0.12551727423629244,0.0,1.856678485870361,-0.11814953312759591,0.0,-10.765419524235238,0.0
815,20.375,1.7543319034852772e+18,0.2836103740709443,3.506188981811811,1.7634243051645013,-0.106803616289302,12.325429349961297,0.1528467216665381,0.6441137163489746,-0.26886950581195096,-0.2686719596385956,1.896748423576355,-0.13332411841185365,1.871607542037964,-0.12433803899709428,-0.132812425494194,1.871607542037964,-0.13605490577650237,-0.132794588804245,1.871607542037964,-0.1416381747417481,-0.1196151673793792,1.856678485870361,-0.12551727423629244,0.0,-11.058330349030724,0.0
816,20.400000000000002,1.754331903510277e+18,0.3401863849653241,3.487627048594154,1.7816161665810222,-0.07117187917558157,12.326401424293508,0.04333503928215689,0.6789398948672445,-0.3362170879232107,-0.3738999664783478,1.896748423576355,-0.1151322569953328,1.896748423576355,-0.13332411841185365,-0.2686719596385956,1.871607542037964,-0.12433803899709428,-0.132812425494194,1.871607542037964,-0.13605490577650237,-0.132794588804245,1.871607542037964,-0.1416381747417481,-0.1196151673793792,-11.309069475482351,0.0
817,20.425,1.754331903535277e+18,0.3788010411620233,3.478492087727088,1.7991961570042925,-0.03322898175469595,12.327557230422325,-0.15520987586667398,0.6163016058980171,-0.39726022822653084,-0.4073365926742553,1.929199814796448,-0.1300036577921555,1.896748423576355,-0.1151322569953328,-0.3738999664783478,1.896748423576355,-0.13332411841185365,-0.2686719596385956,1.871607542037964,-0.12433803899709428,-0.132812425494194,1.871607542037964,-0.13605490577650237,-0.132794588804245,-11.591221004652436,0.0
818,20.450000000000003,1.754331903560277e+18,0.396015656824229,3.4759405859147816,1.813784543644637,0.003285263771966371,12.327116155012572,-0.4384094995801007,0.47521963429794484,-0.448914391032881,-0.4734383523464203,1.929199814796448,-0.11541527115181105,1.929199814796448,-0.1300036577921555,-0.4073365926742553,1.896748423576355,-0.1151322569953328,-0.3738999664783478,1.896748423576355,-0.13332411841185365,-0.2686719596385956,1.871607542037964,-0.12433803899709428,-0.132812425494194,-11.875393944135418,0.0
819,20.475,1.7543319035852772e+18,0.4512281003085814,3.462753981341465,1.8237587393214267,0.03688273412143098,12.327315174161267,-0.7852075443718476,0.29250623189093267,-0.4902428218666722,-0.4938360452651977,1.9714113473892207,-0.147652608067794,1.929199814796448,-0.11541527115181105,-0.4734383523464203,1.929199814796448,-0.1300036577921555,-0.4073365926742553,1.896748423576355,-0.1151322569953328,-0.3738999664783478,1.896748423576355,-0.13332411841185365,-0.2686719596385956,-12.164684859450851,0.0
820,20.5,1.754331903610277e+18,0.5239216340835928,3.4492136759777123,1.8285919606719445,0.06811082659391877,12.29215711405096,-1.1609491673887988,0.1147302349264335,-0.5222248012193195,-0.5044814944267273,1.9714113473892207,-0.14281938671727623,1.9714113473892207,-0.147652608067794,-0.4938360452651977,1.929199814796448,-0.11541527115181105,-0.4734383523464203,1.929199814796448,-0.1300036577921555,-0.4073365926742553,1.896748423576355,-0.1151322569953328,-0.3738999664783478,-12.465140770030903,0.0
821,20.525000000000002,1.754331903635277e+18,0.6366932537120102,3.4233524868502427,1.8289600469147462,0.09894849733972842,12.25949165251111,-1.5259619764580836,-0.012047019271908349,-0.5468962307922602,-0.4878441393375397,1.9714113473892207,-0.14245130047447452,1.9714113473892207,-0.14281938671727623,-0.5044814944267273,1.9714113473892207,-0.147652608067794,-0.4938360452651977,1.929199814796448,-0.11541527115181105,-0.4734383523464203,1.929199814796448,-0.1300036577921555,-0.4073365926742553,-12.782537857924614,0.0
822,20.55,1.7543319036602772e+18,0.6366932537120102,3.4233524868502427,1.8266177813525752,0.13206857309116918,12.25949165251111,-1.846299908607426,-0.05251626191066709,-0.566345321380352,-0.5987632870674133,2.024925947189331,-0.1983081658367558,1.9714113473892207,-0.14245130047447452,-0.4878441393375397,1.9714113473892207,-0.14281938671727623,-0.5044814944267273,1.9714113473892207,-0.147652608067794,-0.4938360452651977,1.929199814796448,-0.11541527115181105,-0.4734383523464203,-13.129093201281352,0.0
823,20.575000000000003,1.7543319036852772e+18,0.6366932537120102,3.4233524868502427,1.8241001985845238,0.1701471097007556,12.25949165251111,-2.1019576075110997,0.009960986883166168,-0.5820259362576187,-0.5987632870674133,2.024925947189331,-0.20082574860480729,2.024925947189331,-0.1983081658367558,-0.5987632870674133,1.9714113473892207,-0.14245130047447452,-0.4878441393375397,1.9714113473892207,-0.14281938671727623,-0.5044814944267273,1.9714113473892207,-0.147652608067794,-0.4938360452651977,-13.45274074925775,0.0
824,20.6,1.754331903710277e+18,0.7454746297321475,3.3855937994774474,1.8242937739244653,0.21521103568746427,12.148992723642053,-2.2893295836799643,0.16967628338515672,-0.594540962152439,-0.5987632870674133,2.024925947189331,-0.2006321732648657,2.024925947189331,-0.20082574860480729,-0.5987632870674133,2.024925947189331,-0.1983081658367558,-0.5987632870674133,1.9714113473892207,-0.14245130047447452,-0.4878441393375397,1.9714113473892207,-0.14281938671727623,-0.5044814944267273,-13.751615612539275,0.0
825,20.625,1.754331903735277e+18,0.7454746297321475,3.3855937994774474,1.8298941074839385,0.2679337596184657,12.148992723642053,-2.4178908220838418,0.400212005326729,-0.603736557751632,-0.5985702276229858,2.024925947189331,-0.1950318397053925,2.024925947189331,-0.2006321732648657,-0.5987632870674133,2.024925947189331,-0.20082574860480729,-0.5987632870674133,2.024925947189331,-0.1983081658367558,-0.5987632870674133,1.9714113473892207,-0.14245130047447452,-0.4878441393375397,-14.113696455261284,0.0
826,20.650000000000002,1.754331903760277e+18,0.7858407414436068,3.3680515438345173,1.8427942259872838,0.32687122741213115,12.041152994477926,-2.503674390558836,0.6612449442626069,-0.6088888328440505,-0.5985702276229858,2.09092378616333,-0.24812956017604626,2.024925947189331,-0.1950318397053925,-0.5985702276229858,2.024925947189331,-0.2006321732648657,-0.5987632870674133,2.024925947189331,-0.20082574860480729,-0.5987632870674133,2.024925947189331,-0.1983081658367558,-0.5987632870674133,-14.55135462110862,0.0
827,20.675,1.7543319037852772e+18,0.8142206836423238,3.3452182859075985,1.8635480377314741,0.3878667247885619,11.99024356799861,-2.562769082433786,0.9090001402624789,-0.6089129426971231,-0.5993219017982483,2.1654295921325684,-0.3018815544010942,2.09092378616333,-0.24812956017604626,-0.5985702276229858,2.024925947189331,-0.1950318397053925,-0.5985702276229858,2.024925947189331,-0.2006321732648657,-0.5987632870674133,2.024925947189331,-0.20082574860480729,-0.5987632870674133,-15.013618585969946,0.0
828,20.700000000000003,1.754331903810277e+18,0.8603393881557824,3.3246655055023,1.8911476305181723,0.4441395530204113,11.929616212268249,-2.607120955741437,1.1076945421321587,-0.602648111793077,-0.6016176342964172,2.2442610263824463,-0.35311339586427404,2.1654295921325684,-0.3018815544010942,-0.5993219017982483,2.09092378616333,-0.24812956017604626,-0.5985702276229858,2.024925947189331,-0.1950318397053925,-0.5985702276229858,2.024925947189331,-0.2006321732648657,-0.5987632870674133,-15.545506010326761,0.0
829,20.725,1.754331903835277e+18,0.9176964712508268,3.303421630809833,1.9233158175848974,0.48756925634760984,11.833444361382211,-2.643392182777541,1.2388109493046036,-0.5892350189921498,-0.6016176342964172,2.2442610263824463,-0.32094520879754884,2.2442610263824463,-0.35311339586427404,-0.6016176342964172,2.1654295921325684,-0.3018815544010942,-0.5993219017982483,2.09092378616333,-0.24812956017604626,-0.5985702276229858,2.024925947189331,-0.1950318397053925,-0.5985702276229858,-16.010863777291448,0.0
830,20.75,1.7543319038602772e+18,0.9504840255533272,3.268092928314185,1.957304438797494,0.5111104390347937,11.789416424865738,-2.674290014558824,1.3054851691218035,-0.568457775313392,-0.6016176342964172,2.2442610263824463,-0.28695658758495224,2.2442610263824463,-0.32094520879754884,-0.6016176342964172,2.2442610263824463,-0.35311339586427404,-0.6016176342964172,2.1654295921325684,-0.3018815544010942,-0.5993219017982483,2.09092378616333,-0.24812956017604626,-0.5985702276229858,-16.459054976052943,0.0
831,20.775000000000002,1.7543319038852772e+18,0.9782725755629365,3.251766344176352,1.990918084082614,0.5114339049830423,11.740972831633876,-2.7010497935781985,1.3306592099196544,-0.5408253005384496,-0.5456324219703674,2.3280117511749268,-0.3370936670923128,2.2442610263824463,-0.28695658758495224,-0.6016176342964172,2.2442610263824463,-0.32094520879754884,-0.6016176342964172,2.2442610263824463,-0.35311339586427404,-0.6016176342964172,2.1654295921325684,-0.3018815544010942,-0.5993219017982483,-16.976479814874562,0.0
832,20.8,1.754331903910277e+18,1.0193482724089091,3.2214223367813006,2.0233345260364826,0.4905439600007699,11.663971368416542,-2.7256499347231578,1.3495550806602379,-0.5072519577643456,-0.466822862625122,2.420231342315674,-0.39689681627919127,2.3280117511749268,-0.3370936670923128,-0.5456324219703674,2.2442610263824463,-0.28695658758495224,-0.6016176342964172,2.2442610263824463,-0.32094520879754884,-0.6016176342964172,2.2442610263824463,-0.35311339586427404,-0.6016176342964172,-17.521568577738787,0.0
833,20.825000000000003,1.754331903935277e+18,1.0581529836814725,3.151070524830517,2.0553711321932178,0.4556110602055095,11.585070846137182,-2.751654725337483,1.3987952976714872,-0.46846057378725375,-0.466822862625122,2.420231342315674,-0.36486021012245606,2.420231342315674,-0.39689681627919127,-0.466822862625122,2.3280117511749268,-0.3370936670923128,-0.5456324219703674,2.2442610263824463,-0.28695658758495224,-0.6016176342964172,2.2442610263824463,-0.32094520879754884,-0.6016176342964172,-18.05880636282596,0.0
834,20.85,1.754331903960277e+18,1.076228391637645,3.125900895954528,2.0891101554238554,0.41713120893982264,11.532735246535166,-2.783214797079881,1.5054797944596965,-0.4244790597406575,-0.3987577259540558,2.519402265548706,-0.4302921101248507,2.420231342315674,-0.36486021012245606,-0.466822862625122,2.420231342315674,-0.39689681627919127,-0.466822862625122,2.3280117511749268,-0.3370936670923128,-0.5456324219703674,2.2442610263824463,-0.28695658758495224,-0.6016176342964172,-18.632670208857494,0.0
835,20.875,1.7543319039852772e+18,1.1308438337983246,3.0498914912800603,2.1270886978781647,0.38615378099102804,11.425393076380978,-2.822555336226422,1.6793676729888405,-0.3746022289425269,-0.3710085153579712,2.623779296875,-0.4966905989968353,2.519402265548706,-0.4302921101248507,-0.3987577259540558,2.420231342315674,-0.36486021012245606,-0.466822862625122,2.420231342315674,-0.39689681627919127,-0.466822862625122,2.3280117511749268,-0.3370936670923128,-0.5456324219703674,-19.298498673543858,0.0
836,20.900000000000002,1.754331904010277e+18,1.142487385786287,3.0337783241004312,2.1714132657798637,0.3715173975813959,11.39630843467163,-2.8668916374496347,1.9101143049723759,-0.31789883903207705,-0.345774233341217,2.7314682006835938,-0.56005493490373,2.623779296875,-0.4966905989968353,-0.3710085153579712,2.519402265548706,-0.4302921101248507,-0.3987577259540558,2.420231342315674,-0.36486021012245606,-0.466822862625122,2.420231342315674,-0.39689681627919127,-0.466822862625122,-19.996370437933376,0.0
837,20.925,1.754331904035277e+18,1.1708715322768208,2.9763437040535723,2.2231188993149114,0.37790197377709484,11.279457149669772,-2.9059157056742153,2.1697958255937904,-0.2539456746108611,-0.3328028619289398,2.7314682006835938,-0.5083493013686824,2.7314682006835938,-0.56005493490373,-0.345774233341217,2.623779296875,-0.4966905989968353,-0.3710085153579712,2.519402265548706,-0.4302921101248507,-0.3987577259540558,2.420231342315674,-0.36486021012245606,-0.466822862625122,-20.663706426562417,0.0
838,20.950000000000003,1.7543319040602772e+18,1.192986350553587,2.9369000658722344,2.281931762381463,0.4051339260013539,11.212905646158138,-2.920963264861473,2.41939145089558,-0.18325421579460624,-0.1847734451293945,2.8260746002197266,-0.5441428378382636,2.7314682006835938,-0.5083493013686824,-0.3328028619289398,2.7314682006835938,-0.56005493490373,-0.345774233341217,2.623779296875,-0.4966905989968353,-0.3710085153579712,2.519402265548706,-0.4302921101248507,-0.3987577259540558,-21.329279428367133,0.0
839,20.975,1.7543319040852772e+18,1.2048972073585382,2.868681132445844,2.3464140983801274,0.4486996224473361,11.157116525391583,-2.8868050120192867,2.617022755384895,-0.1070563946254852,-0.0,2.9206221103668213,-0.5742080119866939,2.8260746002197266,-0.5441428378382636,-0.1847734451293945,2.7314682006835938,-0.5083493013686824,-0.3328028619289398,2.7314682006835938,-0.56005493490373,-0.345774233341217,2.623779296875,-0.4966905989968353,-0.3710085153579712,-22.040113598973377,0.0
840,21.0,1.754331904110277e+18,1.2210570339000175,2.8301598299745305,2.4143353727223453,0.5010617857860804,11.099466860953738,-2.7764634807466204,2.725746673437653,-0.02668137654777795,-0.0,2.9206221103668213,-0.506286737644476,2.9206221103668213,-0.5742080119866939,-0.0,2.8260746002197266,-0.5441428378382636,-0.1847734451293945,2.7314682006835938,-0.5083493013686824,-0.3328028619289398,2.7314682006835938,-0.56005493490373,-0.345774233341217,-22.68945252385887,0.0
841,21.025000000000002,1.754331904135277e+18,1.2483516679944122,2.762461110338732,2.483060435317413,0.5532618515944084,11.028558808063849,-2.568373553817737,2.719365356809544,0.05679100886739456,0.0516856350004673,2.9206221103668213,-0.43756167504940846,2.9206221103668213,-0.506286737644476,-0.0,2.9206221103668213,-0.5742080119866939,-0.0,2.8260746002197266,-0.5441428378382636,-0.1847734451293945,2.7314682006835938,-0.5083493013686824,-0.3328028619289398,-23.229824404641462,0.0
842,21.05,1.754331904160277e+18,1.264609628069548,2.693629444297758,2.549800703845751,0.5963428557201021,10.938535560718144,-2.2538614812591398,2.5856267196177227,0.1420895229755789,0.0974924936890602,2.919820547103882,-0.370019843258131,2.9206221103668213,-0.43756167504940846,0.0516856350004673,2.9206221103668213,-0.506286737644476,-0.0,2.9206221103668213,-0.5742080119866939,-0.0,2.8260746002197266,-0.5441428378382636,-0.1847734451293945,-23.664139537896464,0.0
843,21.075000000000003,1.7543319041852772e+18,1.2383779629669025,2.6213118877861867,2.611719186684178,0.6222959335774623,10.86805794308209,-1.841980635667637,2.3269327463021723,0.2267472125008986,0.1628693044185638,2.919820547103882,-0.30810136041970404,2.919820547103882,-0.370019843258131,0.0974924936890602,2.9206221103668213,-0.43756167504940846,0.0516856350004673,2.9206221103668213,-0.506286737644476,-0.0,2.9206221103668213,-0.5742080119866939,-0.0,-24.03997296035709,0.0
844,21.1,1.754331904210277e+18,1.2459110595083778,2.541003976549225,2.6660164160458093,0.6245981409468717,10.778244673319577,-1.3590847007102094,1.9590397474089718,0.3063899669760876,0.2833922207355499,2.8869993686676025,-0.22098295262179324,2.919820547103882,-0.30810136041970404,0.1628693044185638,2.919820547103882,-0.370019843258131,0.0974924936890602,2.9206221103668213,-0.43756167504940846,0.0516856350004673,2.9206221103668213,-0.506286737644476,-0.0,-24.326372544146963,0.0
845,21.125,1.754331904235277e+18,1.229283412297855,2.4673642524660555,2.710135117913127,0.5987740672195326,10.766030727930822,-0.8425663583387937,1.5082716395551734,0.37512687268125383,0.4194832742214203,2.82290267944336,-0.11276756153023282,2.8869993686676025,-0.22098295262179324,0.2833922207355499,2.919820547103882,-0.30810136041970404,0.1628693044185638,2.919820547103882,-0.370019843258131,0.0974924936890602,2.9206221103668213,-0.43756167504940846,0.0516856350004673,-24.47281370246581,0.0
846,21.150000000000002,1.7543319042602772e+18,1.2223085021853373,2.401447944896341,2.742096219171005,0.5432657466370808,10.707177398797942,-0.33102681484545843,1.00767876817773,0.42714793451669913,0.4370689690113067,2.82290267944336,-0.08080646027235483,2.82290267944336,-0.11276756153023282,0.4194832742214203,2.8869993686676025,-0.22098295262179324,0.2833922207355499,2.919820547103882,-0.30810136041970404,0.1628693044185638,2.919820547103882,-0.370019843258131,0.0974924936890602,-24.58085275465779,0.0
847,21.175,1.7543319042852772e+18,1.206616545188676,2.37952330940382,2.7608343926562458,0.4602017415915162,10.75811253226581,0.1451435767088554,0.4925576679757818,0.4588075788730552,0.5581034421920776,2.729117155075073,0.03171723758117295,2.82290267944336,-0.08080646027235483,0.4370689690113067,2.82290267944336,-0.11276756153023282,0.4194832742214203,2.8869993686676025,-0.22098295262179324,0.2833922207355499,2.919820547103882,-0.30810136041970404,0.1628693044185638,-24.547693577322388,0.0
848,21.200000000000003,1.754331904310277e+18,1.1657178471439118,2.240309201899965,2.7663613695069147,0.3552325049738304,10.758754779017469,0.5693076054389411,-0.004137748022927693,0.4701080722994231,0.4314655065536499,2.5214974880218506,0.2448638814850641,2.729117155075073,0.03171723758117295,0.5581034421920776,2.82290267944336,-0.08080646027235483,0.4370689690113067,2.82290267944336,-0.11276756153023282,0.4194832742214203,2.8869993686676025,-0.22098295262179324,0.2833922207355499,-24.285702504439026,0.0
849,21.225,1.754331904335277e+18,1.1657178471439118,2.240309201899965,2.759669865989759,0.23612663438569506,10.758754779017469,0.9387928265971198,-0.4558086450680031,0.4648274251303362,0.4314655065536499,2.5214974880218506,0.23817237796790858,2.5214974880218506,0.2448638814850641,0.4314655065536499,2.729117155075073,0.03171723758117295,0.5581034421920776,2.82290267944336,-0.08080646027235483,0.4370689690113067,2.82290267944336,-0.11276756153023282,0.4194832742214203,-24.005775328398478,0.0
850,21.25,1.754331904360277e+18,1.1526176160409154,2.1888177478332134,2.742422319380222,0.11083304306173619,10.755064674922481,1.2604694653800084,-0.8449288572007739,0.4493031537983783,0.4314655065536499,2.5214974880218506,0.2209248313583716,2.5214974880218506,0.23817237796790858,0.4314655065536499,2.5214974880218506,0.2448638814850641,0.4314655065536499,2.729117155075073,0.03171723758117295,0.5581034421920776,2.82290267944336,-0.08080646027235483,0.4370689690113067,-23.7225201410756,0.0
851,21.275000000000002,1.7543319043852772e+18,1.13358028467389,2.1238819918601823,2.716555205855365,-0.013896341197213882,10.79591040045864,1.5440380894330819,-1.1639441832246127,0.4305367623456894,0.4314655065536499,2.428438186645508,0.288117019209857,2.5214974880218506,0.2209248313583716,0.4314655065536499,2.5214974880218506,0.23817237796790858,0.4314655065536499,2.5214974880218506,0.2448638814850641,0.4314655065536499,2.729117155075073,0.03171723758117295,0.5581034421920776,-23.35659247916274,0.0
852,21.3,1.754331904410277e+18,1.1199031805977395,2.0739880171061538,2.6839373339856127,-0.13281926473998393,10.803200508163862,1.7961198949874864,-1.4142357650726698,0.4144231816242913,0.4314655065536499,2.428438186645508,0.2554991473401049,2.428438186645508,0.288117019209857,0.4314655065536499,2.5214974880218506,0.2209248313583716,0.4314655065536499,2.5214974880218506,0.23817237796790858,0.4314655065536499,2.5214974880218506,0.2448638814850641,0.4314655065536499,-23.014482602980074,0.0
853,21.325000000000003,1.754331904435277e+18,1.0995110576206677,1.9822891552201605,2.646167886031046,-0.24178505330729544,10.918152884764208,2.017554923160675,-1.6035127184807385,0.40460528245418037,0.3883189558982849,2.428438186645508,0.2177296993855382,2.428438186645508,0.2554991473401049,0.4314655065536499,2.428438186645508,0.288117019209857,0.4314655065536499,2.5214974880218506,0.2209248313583716,0.4314655065536499,2.5214974880218506,0.23817237796790858,0.4314655065536499,-22.708458416923044,0.0
854,21.35,1.7543319044602772e+18,1.0876971422280397,1.9174808105509045,2.604520221758979,-0.3372200890345356,10.96723172944899,2.204440259636257,-1.7423831238318412,0.40207972903483485,0.3883189558982849,2.349125385284424,0.2553948364745553,2.428438186645508,0.2177296993855382,0.3883189558982849,2.428438186645508,0.2554991473401049,0.4314655065536499,2.428438186645508,0.288117019209857,0.4314655065536499,2.5214974880218506,0.2209248313583716,0.4314655065536499,-22.35234416673602,0.0
855,21.375,1.7543319044852772e+18,1.0796687530173277,1.8596467907516288,2.559975593022646,-0.41593431137467246,11.022551830716225,2.3515775994464905,-1.8410047942564751,0.4054721757467385,0.4185775816440582,2.285120725631714,0.27485486739093234,2.349125385284424,0.2553948364745553,0.3883189558982849,2.428438186645508,0.2177296993855382,0.3883189558982849,2.428438186645508,0.2554991473401049,0.4314655065536499,2.428438186645508,0.288117019209857,0.4314655065536499,-21.957856572906245,0.0
856,21.400000000000002,1.754331904510277e+18,1.0749525441497276,1.7376852874093491,2.5132919636384154,-0.47537384944008537,11.116608081220159,2.4561323575975282,-1.9065989633934808,0.41180717084150054,0.4185775816440582,2.285120725631714,0.22817123800670158,2.285120725631714,0.27485486739093234,0.4185775816440582,2.349125385284424,0.2553948364745553,0.3883189558982849,2.428438186645508,0.2177296993855382,0.3883189558982849,2.428438186645508,0.2554991473401049,0.4314655065536499,-21.580509639297563,0.0
857,21.425,1.754331904535277e+18,1.0738552569294035,1.6855798874556425,2.4651047400233956,-0.5142159595297076,11.164253752171303,2.5196572376228557,-1.9422780818152767,0.4175149602549774,0.4332203567028045,2.2358829975128174,0.22922174251057825,2.285120725631714,0.22817123800670158,0.4185775816440582,2.285120725631714,0.27485486739093234,0.4185775816440582,2.349125385284424,0.2553948364745553,0.3883189558982849,2.428438186645508,0.2177296993855382,0.3883189558982849,-21.211381495634907,0.0
858,21.450000000000003,1.754331904560277e+18,1.0915856174362988,1.6637285259270618,2.416080630423541,-0.5329777128178963,11.20257740497169,2.5478804968296163,-1.947214746071859,0.41937229242542307,0.4157759547233581,2.2358829975128174,0.18019763291072355,2.2358829975128174,0.22922174251057825,0.4332203567028045,2.285120725631714,0.22817123800670158,0.4185775816440582,2.285120725631714,0.27485486739093234,0.4185775816440582,2.349125385284424,0.2553948364745553,0.3883189558982849,-20.89746590525377,0.0
859,21.475,1.7543319045852772e+18,1.0963133906044762,1.5925397716446903,2.367090148759738,-0.5342584686161873,11.276089367959896,2.5490170091213606,-1.9178065121533576,0.4151493253855311,0.4007478952407837,2.205069303512573,0.1620208452471652,2.2358829975128174,0.18019763291072355,0.4157759547233581,2.2358829975128174,0.22922174251057825,0.4332203567028045,2.285120725631714,0.22817123800670158,0.4185775816440582,2.285120725631714,0.27485486739093234,0.4185775816440582,-20.604197739544944,0.0
860,21.5,1.754331904610277e+18,1.101350120855538,1.5075883185821786,2.3192882350405424,-0.5224741285225545,11.365859961550047,2.5319027719551124,-1.8492952647678838,0.4039045011996925,0.3976150751113891,2.187209367752075,0.13207886728846718,2.205069303512573,0.1620208452471652,0.4007478952407837,2.2358829975128174,0.18019763291072355,0.4157759547233581,2.2358829975128174,0.22922174251057825,0.4332203567028045,2.285120725631714,0.22817123800670158,0.4185775816440582,-20.218739397442143,0.0
861,21.525000000000002,1.754331904635277e+18,1.1067496578016534,1.4727924778120998,2.2740150283646825,-0.5031611310416975,11.4056040176067,2.504717190424414,-1.737340900442066,0.3860028890671502,0.3976150751113891,2.187209367752075,0.0868056606126073,2.187209367752075,0.13207886728846718,0.3976150751113891,2.205069303512573,0.1620208452471652,0.4007478952407837,2.2358829975128174,0.18019763291072355,0.4157759547233581,2.2358829975128174,0.22922174251057825,0.4332203567028045,-19.876527696557936,0.0
862,21.55,1.7543319046602772e+18,1.147168840374643,1.4148908281743795,2.2325624168486233,-0.4819289832490751,11.4633102946601,2.474175550050724,-1.579288659718232,0.36293822008083204,0.3822212815284729,2.187209367752075,0.04535304909654814,2.187209367752075,0.0868056606126073,0.3976150751113891,2.187209367752075,0.13207886728846718,0.3976150751113891,2.205069303512573,0.1620208452471652,0.4007478952407837,2.2358829975128174,0.18019763291072355,0.4157759547233581,-19.57413861845717,0.0
863,21.575000000000003,1.7543319046852772e+18,1.1661136574879063,1.360447699414066,2.1959661962589383,-0.46324699951877707,11.536646145359468,2.4447871459680868,-1.3751669201948282,0.3369652806969746,0.3201231062412262,2.180389881134033,0.015576315124905094,2.187209367752075,0.04535304909654814,0.3822212815284729,2.187209367752075,0.0868056606126073,0.3976150751113891,2.187209367752075,0.13207886728846718,0.3976150751113891,2.205069303512573,0.1620208452471652,0.4007478952407837,-19.2232036871968,0.0
864,21.6,1.754331904710277e+18,1.1783099819442229,1.2976765786455489,2.1649657664571373,-0.44955862031310306,11.612087872825057,2.418164899355509,-1.1286222701666777,0.31053077463508,0.3206987082958221,2.180389881134033,-0.015424114676895861,2.180389881134033,0.015576315124905094,0.3201231062412262,2.187209367752075,0.04535304909654814,0.3822212815284729,2.187209367752075,0.0868056606126073,0.3976150751113891,2.187209367752075,0.13207886728846718,0.3976150751113891,-18.906572709745785,0.0
865,21.625,1.754331904735277e+18,1.1958666736002477,1.2559663958813123,2.140137583705144,-0.44116862911389276,11.666413753816197,2.3927851465105223,-0.8479161349614538,0.2855806328873793,0.2750729918479919,2.180389881134033,-0.04025229742888925,2.180389881134033,-0.015424114676895861,0.3206987082958221,2.180389881134033,0.015576315124905094,0.3201231062412262,2.187209367752075,0.04535304909654814,0.3822212815284729,2.187209367752075,0.0868056606126073,0.3976150751113891,-18.530347075620703,0.0
866,21.650000000000002,1.754331904760277e+18,1.2321147368239336,1.2184875367917654,2.122054275434851,-0.4367751871700338,11.71684854467553,2.3646389887835246,-0.5468008638080143,0.26294101480089344,0.2603369355201721,2.180389881134033,-0.05833560569918239,2.180389881134033,-0.04025229742888925,0.2750729918479919,2.180389881134033,-0.015424114676895861,0.3206987082958221,2.180389881134033,0.015576315124905094,0.3201231062412262,2.187209367752075,0.04535304909654814,0.3822212815284729,-18.08582226424124,0.0
867,21.675,1.7543319047852772e+18,1.2777411294446614,1.1599465721483555,2.111268107435796,-0.43412174620873434,11.781983641419105,2.32893936382445,-0.24475518487698372,0.24201860978206904,0.2156845778226852,2.1827754974365234,-0.07150739000072726,2.180389881134033,-0.05833560569918239,0.2603369355201721,2.180389881134033,-0.04025229742888925,0.2750729918479919,2.180389881134033,-0.015424114676895861,0.3206987082958221,2.180389881134033,0.015576315124905094,0.3201231062412262,-17.670336585798932,0.0
868,21.700000000000003,1.754331904810277e+18,1.3028000268801292,1.1240255744688072,2.1080330867294355,-0.4304399837989542,11.830967050841513,2.2824689151239927,0.03405619442727037,0.22100593915761146,0.2156219631433487,2.187654972076416,-0.07962188534698056,2.1827754974365234,-0.07150739000072726,0.2156845778226852,2.180389881134033,-0.05833560569918239,0.2603369355201721,2.180389881134033,-0.04025229742888925,0.2750729918479919,2.180389881134033,-0.015424114676895861,0.3206987082958221,-17.18053443792339,0.0
869,21.725,1.754331904835277e+18,1.337437724635341,1.0743737227106074,2.1118940988072272,-0.42271077485085684,11.898674440400946,2.2254516804351483,0.26346981174702516,0.197607122937621,0.2253182381391525,2.187654972076416,-0.07576087326918879,2.187654972076416,-0.07962188534698056,0.2156219631433487,2.1827754974365234,-0.07150739000072726,0.2156845778226852,2.180389881134033,-0.05833560569918239,0.2603369355201721,2.180389881134033,-0.04025229742888925,0.2750729918479919,-16.71485980681468,0.0
870,21.75,1.7543319048602772e+18,1.3613741376004307,1.0535490450631273,2.1214088902734303,-0.4079209492892106,11.928371734444982,2.1616081718357165,0.4194423326502773,0.17005098599410354,0.1741527467966079,2.1923248767852783,-0.07091598651184805,2.187654972076416,-0.07576087326918879,0.2253182381391525,2.187654972076416,-0.07962188534698056,0.2156219631433487,2.1827754974365234,-0.07150739000072726,0.2156845778226852,2.180389881134033,-0.05833560569918239,0.2603369355201721,-16.170589355419867,0.0
871,21.775000000000002,1.7543319048852772e+18,1.4220588588818046,1.017019530692861,2.1342127346889272,-0.3835457384258801,12.015651420076138,2.0957553426954005,0.48473741699774786,0.1379502397419876,0.1741527467966079,2.1923248767852783,-0.05811214209635107,2.1923248767852783,-0.07091598651184805,0.1741527467966079,2.187654972076416,-0.07576087326918879,0.2253182381391525,2.187654972076416,-0.07962188534698056,0.2156219631433487,2.1827754974365234,-0.07150739000072726,0.2156845778226852,-15.544464635543155,0.0
872,21.8,1.754331904910277e+18,1.4356127187211665,1.004093769372259,2.1474340329474946,-0.34842721623599116,12.036000603445054,2.029695937909845,0.45292722510437666,0.10256201732684318,0.1168244332075119,2.1923248767852783,-0.044890843837783745,2.1923248767852783,-0.05811214209635107,0.1741527467966079,2.1923248767852783,-0.07091598651184805,0.1741527467966079,2.187654972076416,-0.07576087326918879,0.2253182381391525,2.187654972076416,-0.07962188534698056,0.2156219631433487,-14.954001746634162,0.0
873,21.825000000000003,1.754331904935277e+18,1.49466055876757,0.97551654430901,2.1582771987674505,-0.30386762474314216,12.107801707199249,1.9584377163877873,0.33052619655918386,0.06627486353551484,0.0112804044038057,2.1903202533721924,-0.03204305460474188,2.1923248767852783,-0.044890843837783745,0.1168244332075119,2.1923248767852783,-0.05811214209635107,0.1741527467966079,2.1923248767852783,-0.07091598651184805,0.1741527467966079,2.187654972076416,-0.07576087326918879,0.2253182381391525,-14.294027959796791,0.0
874,21.85,1.754331904960277e+18,1.530534183945352,0.9488602733197112,2.1645337144063532,-0.25429582098993175,12.154854476443331,1.8691350547435714,0.13658117115872787,0.03157478241286608,0.0112804044038057,2.1903202533721924,-0.025786538965839156,2.1903202533721924,-0.03204305460474188,0.0112804044038057,2.1923248767852783,-0.044890843837783745,0.1168244332075119,2.1923248767852783,-0.05811214209635107,0.1741527467966079,2.1923248767852783,-0.07091598651184805,0.1741527467966079,-13.603294500793202,0.0
875,21.875,1.7543319049852772e+18,1.5960728135611046,0.9308965924127252,2.164869854645085,-0.2067689663606951,12.18786173613396,1.7441206214827685,-0.10024060482588153,6.180741169037709e-05,0.0,2.1903202533721924,-0.025450398727107526,2.1903202533721924,-0.025786538965839156,0.0112804044038057,2.1903202533721924,-0.03204305460474188,0.0112804044038057,2.1923248767852783,-0.044890843837783745,0.1168244332075119,2.1923248767852783,-0.05811214209635107,0.1741527467966079,-12.975934762164094,0.0
876,21.900000000000002,1.754331905010277e+18,1.634198705168255,0.9125601473711584,2.1588742547194015,-0.16906401421279718,12.223502256234932,1.5674104909662179,-0.34638465638580607,-0.027945731205708545,-0.0124154426157474,2.1811187267303467,-0.02224447201094515,2.1903202533721924,-0.025450398727107526,0.0,2.1903202533721924,-0.025786538965839156,0.0112804044038057,2.1903202533721924,-0.03204305460474188,0.0112804044038057,2.1923248767852783,-0.044890843837783745,0.1168244332075119,-12.356435339552753,0.0
877,21.925,1.754331905035277e+18,1.689630205267874,0.8881405110714691,2.1469368405902816,-0.14696186881308687,12.280599862116183,1.332182596498208,-0.5689250761438833,-0.05305300056359901,-0.0483445040881633,2.1811187267303467,-0.03418188614006512,2.1811187267303467,-0.02224447201094515,-0.0124154426157474,2.1903202533721924,-0.025450398727107526,0.0,2.1903202533721924,-0.025786538965839156,0.0112804044038057,2.1903202533721924,-0.03204305460474188,0.0112804044038057,-11.788533747314432,0.0
878,21.950000000000003,1.7543319050602772e+18,1.7286050852038142,0.8719282274811833,2.1300555569608326,-0.14197581597583633,12.316261548143729,1.0458974638916168,-0.740788968356564,-0.07592532502295068,-0.0788351446390152,2.17191743850708,-0.04186188154624748,2.1811187267303467,-0.03418188614006512,-0.0483445040881633,2.1811187267303467,-0.02224447201094515,-0.0124154426157474,2.1903202533721924,-0.025450398727107526,0.0,2.1903202533721924,-0.025786538965839156,0.0112804044038057,-11.29242812179756,0.0
879,21.975,1.7543319050852772e+18,1.7871322185536314,0.8575668098245082,2.1096492988737814,-0.15068249275303172,12.357345636837923,0.7303465215971409,-0.8448058071664641,-0.09636008726110415,-0.0863967388868331,2.17191743850708,-0.06226813963329869,2.17191743850708,-0.04186188154624748,-0.0788351446390152,2.1811187267303467,-0.03418188614006512,-0.0483445040881633,2.1811187267303467,-0.02224447201094515,-0.0124154426157474,2.1903202533721924,-0.025450398727107526,0.0,-10.90014904254244,0.0
880,22.0,1.754331905110277e+18,1.8424556266143743,0.8390651282903727,2.087401401246382,-0.16595764151138334,12.405071498987375,0.41590762534269293,-0.8759755092782173,-0.11269056497134193,-0.1126912012696266,2.15320348739624,-0.06580208614985761,2.17191743850708,-0.06226813963329869,-0.0863967388868331,2.17191743850708,-0.04186188154624748,-0.0788351446390152,2.1811187267303467,-0.03418188614006512,-0.0483445040881633,2.1811187267303467,-0.02224447201094515,-0.0124154426157474,-10.537196905945494,0.0
881,22.025000000000002,1.754331905135277e+18,1.928706573403176,0.8239104097943382,2.0650936761830803,-0.17942524334650167,12.397486361946495,0.13206479695606907,-0.8416282030467633,-0.12177690794463615,-0.0790259763598442,2.131672143936157,-0.06657846775307652,2.15320348739624,-0.06580208614985761,-0.1126912012696266,2.17191743850708,-0.06226813963329869,-0.0863967388868331,2.17191743850708,-0.04186188154624748,-0.0788351446390152,2.1811187267303467,-0.03418188614006512,-0.0483445040881633,-10.188043808670674,0.0
882,22.05,1.754331905160277e+18,1.928706573403176,0.8239104097943382,2.044375326350594,-0.18398711594489153,12.397486361946495,-0.10156490169416514,-0.7594304378057238,-0.11967087491256677,-0.1365564465522766,2.131672143936157,-0.08729681758556262,2.131672143936157,-0.06657846775307652,-0.0790259763598442,2.15320348739624,-0.06580208614985761,-0.1126912012696266,2.17191743850708,-0.06226813963329869,-0.0863967388868331,2.17191743850708,-0.04186188154624748,-0.0788351446390152,-9.862368619255356,0.0
883,22.075000000000003,1.7543319051852772e+18,2.013043547087414,0.8051373831406832,2.026464713360867,-0.17555144745726228,12.37786126847293,-0.279424786691954,-0.653522477621857,-0.10281502594169807,-0.1365564465522766,2.131672143936157,-0.1052074305752897,2.131672143936157,-0.08729681758556262,-0.1365564465522766,2.131672143936157,-0.06657846775307652,-0.0790259763598442,2.15320348739624,-0.06580208614985761,-0.1126912012696266,2.17191743850708,-0.06226813963329869,-0.0863967388868331,-9.727236439700908,0.0
884,22.1,1.754331905210277e+18,2.065866203455281,0.7946763399660726,2.011859083514601,-0.1536402934435427,12.38393189495524,-0.40760877179548616,-0.5494577603223895,-0.06936816347537629,-0.0856734290719032,2.1055679321289062,-0.0937088486143054,2.131672143936157,-0.1052074305752897,-0.1365564465522766,2.131672143936157,-0.08729681758556262,-0.1365564465522766,2.131672143936157,-0.06657846775307652,-0.0790259763598442,2.15320348739624,-0.06580208614985761,-0.1126912012696266,-9.57028576284747,0.0
885,22.125,1.754331905235277e+18,2.1187226948933477,0.786892433464699,2.000178803920429,-0.1210061595296916,12.356908844012818,-0.4964621660669654,-0.46897198174191995,-0.02009575347879213,-0.0201007928699255,2.077731132507324,-0.07755232858689531,2.1055679321289062,-0.0937088486143054,-0.0856734290719032,2.131672143936157,-0.1052074305752897,-0.1365564465522766,2.131672143936157,-0.08729681758556262,-0.1365564465522766,2.131672143936157,-0.06657846775307652,-0.0790259763598442,-9.4869944337722,0.0
886,22.150000000000002,1.7543319052602772e+18,2.1772892059981643,0.7677022819453394,1.9902688715659642,-0.08260225709321721,12.336480353823958,-0.5521341030069539,-0.42577055110335205,0.04160460201430075,0.0415950678288936,2.053283452987671,-0.06301458142170668,2.077731132507324,-0.07755232858689531,-0.0201007928699255,2.1055679321289062,-0.0937088486143054,-0.0856734290719032,2.131672143936157,-0.1052074305752897,-0.1365564465522766,2.131672143936157,-0.08729681758556262,-0.1365564465522766,-9.47136836218473,0.0
887,22.175,1.7543319052852772e+18,2.220287033231603,0.7586730825440331,1.9805902940703075,-0.044307359890074116,12.328442514708039,-0.5711632707405137,-0.42333872905480774,0.1105943233171035,0.0795600339770317,2.053283452987671,-0.07269315891736339,2.053283452987671,-0.06301458142170668,0.0415950678288936,2.077731132507324,-0.07755232858689531,-0.0201007928699255,2.1055679321289062,-0.0937088486143054,-0.0856734290719032,2.131672143936157,-0.1052074305752897,-0.1365564465522766,-9.440284248814468,0.0
888,22.200000000000003,1.754331905310277e+18,2.2716928660681224,0.7458136242959921,1.969774555380427,-0.011746604871970002,12.312800543092072,-0.5404735323065499,-0.45522810137102554,0.18144045236238265,0.2683499455451965,2.02963662147522,-0.059862066094793276,2.053283452987671,-0.07269315891736339,0.0795600339770317,2.053283452987671,-0.06301458142170668,0.0415950678288936,2.077731132507324,-0.07755232858689531,-0.0201007928699255,2.1055679321289062,-0.0937088486143054,-0.0856734290719032,-9.367037535288736,0.0
889,22.225,1.754331905335277e+18,2.3233669855360324,0.7322071767125202,1.957096337806374,0.010625021010624867,12.297823935739626,-0.4426579458205671,-0.5075245698528297,0.24979485995083905,0.2683499455451965,2.02963662147522,-0.07254028366884624,2.02963662147522,-0.059862066094793276,0.2683499455451965,2.053283452987671,-0.07269315891736339,0.0795600339770317,2.053283452987671,-0.06301458142170668,0.0415950678288936,2.077731132507324,-0.07755232858689531,-0.0201007928699255,-9.465875704247182,0.0
890,22.25,1.754331905360277e+18,2.3783400145613363,0.7187391648666259,1.94265086356196,0.020199022952895353,12.27956875832767,-0.2642020623169421,-0.5625612433774593,0.31309208472973143,0.2847149968147278,2.005989789962769,-0.06333892640080907,2.02963662147522,-0.07254028366884624,0.2683499455451965,2.02963662147522,-0.059862066094793276,0.2683499455451965,2.053283452987671,-0.07269315891736339,0.0795600339770317,2.053283452987671,-0.06301458142170668,0.0415950678288936,-9.521419397073023,0.0
891,22.275000000000002,1.7543319053852772e+18,2.416919603557351,0.7086709269090088,1.9271861913896926,0.016699747469073555,12.268107801550483,-0.003126652263776767,-0.602693714274704,0.370302525312176,0.3711929321289062,2.005989789962769,-0.0788035985730764,2.005989789962769,-0.06333892640080907,0.2847149968147278,2.02963662147522,-0.07254028366884624,0.2683499455451965,2.02963662147522,-0.059862066094793276,0.2683499455451965,2.053283452987671,-0.07269315891736339,0.0795600339770317,-9.642211214384838,0.0
892,22.3,1.754331905410277e+18,2.509478966864838,0.677348438081643,1.911722633180434,0.0023575601297667545,12.26182559325582,0.32716713559944777,-0.613212106328725,0.4210404958893893,0.3706664144992828,2.005989789962769,-0.094267156782335,2.005989789962769,-0.0788035985730764,0.3711929321289062,2.005989789962769,-0.06333892640080907,0.2847149968147278,2.02963662147522,-0.07254028366884624,0.2683499455451965,2.02963662147522,-0.059862066094793276,0.2683499455451965,-9.741565602488429,0.0
893,22.325000000000003,1.754331905435277e+18,2.524456339112724,0.6729344850048689,1.8971858204015482,-0.01852150757188231,12.259119841483468,0.6993726425112828,-0.5840706562828689,0.46473078008101915,0.3883327543735504,2.005989789962769,-0.10880396956122085,2.005989789962769,-0.094267156782335,0.3706664144992828,2.005989789962769,-0.0788035985730764,0.3711929321289062,2.005989789962769,-0.06333892640080907,0.2847149968147278,2.02963662147522,-0.07254028366884624,0.2683499455451965,-9.893551007190922,0.0
894,22.35,1.7543319054602772e+18,2.585780266451092,0.6448307363599284,1.8842427818531646,-0.040775467627744644,12.278387777896292,1.0782908571962542,-0.5107279272579635,0.5004589060200803,0.6031755208969116,1.991518497467041,-0.10727571561387639,2.005989789962769,-0.10880396956122085,0.3883327543735504,2.005989789962769,-0.094267156782335,0.3706664144992828,2.005989789962769,-0.0788035985730764,0.3711929321289062,2.005989789962769,-0.06333892640080907,0.2847149968147278,-10.001748010255442,0.0
895,22.375,1.7543319054852772e+18,2.623310709454356,0.6327523289760195,1.873383132069071,-0.06016375642485578,12.280241783583197,1.4289267682956284,-0.3946634166783041,0.5275790376760061,0.5707962512969971,1.991518497467041,-0.11813536539796998,1.991518497467041,-0.10727571561387639,0.6031755208969116,2.005989789962769,-0.10880396956122085,0.3883327543735504,2.005989789962769,-0.094267156782335,0.3706664144992828,2.005989789962769,-0.0788035985730764,0.3711929321289062,-10.209435553711703,0.0
896,22.400000000000002,1.754331905510277e+18,2.689579980117704,0.616704595685643,1.8651190743428023,-0.07498640904160793,12.3464084627476,1.7239095712414925,-0.2439225857206566,0.5465203259852791,0.5425231456756592,1.976586937904358,-0.11146786356155558,1.991518497467041,-0.11813536539796998,0.5707962512969971,1.991518497467041,-0.10727571561387639,0.6031755208969116,2.005989789962769,-0.10880396956122085,0.3883327543735504,2.005989789962769,-0.094267156782335,0.3706664144992828,-10.361837494930867,0.0
897,22.425,1.754331905535277e+18,2.726731797533296,0.6042550300338763,1.8601017640077433,-0.0866454269558751,12.363431169131786,1.9482312271444913,-0.07348967200747687,0.5590537218138664,0.5414987802505493,1.976586937904358,-0.11648517389661461,1.976586937904358,-0.11146786356155558,0.5425231456756592,1.991518497467041,-0.11813536539796998,0.5707962512969971,1.991518497467041,-0.10727571561387639,0.6031755208969116,2.005989789962769,-0.10880396956122085,0.3883327543735504,-10.468739177831916,0.0
898,22.450000000000003,1.754331905560277e+18,2.7811312755506767,0.6019335565077859,1.8590120751477652,-0.09861699778240411,12.45284799681527,2.1004232066606443,0.09523381840541555,0.5677311213607682,0.541189432144165,1.966438055038452,-0.1074259798906867,1.976586937904358,-0.11648517389661461,0.5414987802505493,1.976586937904358,-0.11146786356155558,0.5425231456756592,1.991518497467041,-0.11813536539796998,0.5707962512969971,1.991518497467041,-0.10727571561387639,0.6031755208969116,-10.51598715029631,0.0
899,22.475,1.7543319055852772e+18,2.818763954478372,0.5913037905047658,1.8622263824981393,-0.11414825560343532,12.485210342411527,2.1904168198796947,0.2366690932705983,0.5748639677105022,0.5412260890007019,1.966438055038452,-0.1042116725403126,1.966438055038452,-0.1074259798906867,0.541189432144165,1.976586937904358,-0.11648517389661461,0.5414987802505493,1.976586937904358,-0.11146786356155558,0.5425231456756592,1.991518497467041,-0.11813536539796998,0.5707962512969971,-10.567811432178168,0.0
900,22.5,1.754331905610277e+18,2.8740107324329385,0.5867381359893333,1.8693989807999545,-0.13384983125230318,12.56777359111414,2.235215052566583,0.3253463129732095,0.5817039853509753,0.6013623476028442,1.955661416053772,-0.0862624352538175,1.966438055038452,-0.1042116725403126,0.5412260890007019,1.966438055038452,-0.1074259798906867,0.541189432144165,1.976586937904358,-0.11648517389661461,0.5414987802505493,1.976586937904358,-0.11146786356155558,0.5425231456756592,-10.602064922842864,0.0
901,22.525000000000002,1.754331905635277e+18,2.9070118478727744,0.5875953374177005,1.879180779282559,-0.1546287605409253,12.613444573568119,2.253864208815857,0.341625017161205,0.5882706559952791,0.6010357737541199,1.955661416053772,-0.07648063677121297,1.955661416053772,-0.0862624352538175,0.6013623476028442,1.966438055038452,-0.1042116725403126,0.5412260890007019,1.966438055038452,-0.1074259798906867,0.541189432144165,1.976586937904358,-0.11648517389661461,0.5414987802505493,-10.5910726288161,0.0
902,22.55,1.7543319056602772e+18,2.969412443865219,0.5816542036424561,1.8892677242067337,-0.1708251787876384,12.683707788382119,2.2630404124479724,0.2772919106329714,0.5938068844321768,0.6010357737541199,1.955661416053772,-0.06639369184703825,1.955661416053772,-0.07648063677121297,0.6010357737541199,1.955661416053772,-0.0862624352538175,0.6013623476028442,1.966438055038452,-0.1042116725403126,0.5412260890007019,1.966438055038452,-0.1074259798906867,0.541189432144165,-10.543383401293422,0.0
903,22.575000000000003,1.7543319056852772e+18,3.0456928233448317,0.5916988450696092,1.896844980918473,-0.17724106810584353,12.783380460160764,2.2741277824764454,0.13904417558575297,0.5974964940523343,0.6028224229812622,1.9335607290267944,-0.036715748108321344,1.955661416053772,-0.06639369184703825,0.6010357737541199,1.955661416053772,-0.07648063677121297,0.6010357737541199,1.955661416053772,-0.0862624352538175,0.6013623476028442,1.966438055038452,-0.1042116725403126,0.5412260890007019,-10.447796936960131,0.0
904,22.6,1.754331905710277e+18,3.0456928233448317,0.5916988450696092,1.8993265582885552,-0.17258524381331708,12.783380460160764,2.292150794183112,-0.0517336714272613,0.5990235789951588,0.6028224229812622,1.9335607290267944,-0.0342341707382392,1.9335607290267944,-0.036715748108321344,0.6028224229812622,1.955661416053772,-0.06639369184703825,0.6010357737541199,1.955661416053772,-0.07648063677121297,0.6010357737541199,1.955661416053772,-0.0862624352538175,0.6013623476028442,-10.33772943824358,0.0
905,22.625,1.754331905735277e+18,3.093288799035052,0.6097264258241468,1.895149771612878,-0.16137557542975733,12.846920286639488,2.316406285782799,-0.2633121970259476,0.5987290341508915,0.6028224229812622,1.9335607290267944,-0.038410957413916424,1.9335607290267944,-0.0342341707382392,0.6028224229812622,1.9335607290267944,-0.036715748108321344,0.6028224229812622,1.955661416053772,-0.06639369184703825,0.6010357737541199,1.955661416053772,-0.07648063677121297,0.6010357737541199,-10.282636519216021,0.0
906,22.650000000000002,1.754331905760277e+18,3.1334723064977914,0.6240668179726065,1.8843054609049184,-0.15294677759566203,12.897890714910567,2.342286976753356,-0.4609824436577956,0.5973580463234428,0.6039341688156128,1.9335607290267944,-0.049255268121876083,1.9335607290267944,-0.038410957413916424,0.6028224229812622,1.9335607290267944,-0.0342341707382392,0.6028224229812622,1.9335607290267944,-0.036715748108321344,0.6028224229812622,1.955661416053772,-0.06639369184703825,0.6010357737541199,-10.249348402936254,0.0
907,22.675,1.7543319057852772e+18,3.2424631566819557,0.6501526172392385,1.8683257960753743,-0.15771489188716756,13.02649704334284,2.3636965728314276,-0.6151647821229032,0.5955894107697115,0.5434311628341675,1.924055337905884,-0.05572954183050971,1.9335607290267944,-0.049255268121876083,0.6039341688156128,1.9335607290267944,-0.038410957413916424,0.6028224229812622,1.9335607290267944,-0.0342341707382392,0.6028224229812622,1.9335607290267944,-0.036715748108321344,0.6028224229812622,-10.21155930132878,0.0
908,22.700000000000003,1.754331905810277e+18,3.2424631566819557,0.6501526172392385,1.8496753404795523,-0.1824434948042498,13.02649704334284,2.3754343658468,-0.7076759882250394,0.5936484428786075,0.6019749641418457,1.914886832237244,-0.06521149175769181,1.924055337905884,-0.05572954183050971,0.5434311628341675,1.9335607290267944,-0.049255268121876083,0.6039341688156128,1.9335607290267944,-0.038410957413916424,0.6028224229812622,1.9335607290267944,-0.0342341707382392,0.6028224229812622,-10.170172930296525,0.0
909,22.725,1.754331905835277e+18,3.275905651755904,0.6603434727374431,1.8308213450900042,-0.2269440876235591,13.067054566001467,2.374857243964113,-0.7343048861782139,0.5912685022585346,0.6019749641418457,1.914886832237244,-0.08406548714723994,1.914886832237244,-0.06521149175769181,0.6019749641418457,1.924055337905884,-0.05572954183050971,0.5434311628341675,1.9335607290267944,-0.049255268121876083,0.6039341688156128,1.9335607290267944,-0.038410957413916424,0.6028224229812622,-10.146625022315693,0.0
910,22.75,1.7543319058602772e+18,3.324187726312033,0.6787605005209145,1.813454052161192,-0.28386893138076474,13.132473860779625,2.362303875395662,-0.7032984045775658,0.5880493165468826,0.5988903045654297,1.914886832237244,-0.10143278007605216,1.914886832237244,-0.08406548714723994,0.6019749641418457,1.914886832237244,-0.06521149175769181,0.6019749641418457,1.924055337905884,-0.05572954183050971,0.5434311628341675,1.9335607290267944,-0.049255268121876083,0.6039341688156128,-10.12990826926415,0.0
911,22.775000000000002,1.7543319058852772e+18,3.3648198112734624,0.7096154068111327,1.79821712862725,-0.34149633143916974,13.1933143187325,2.340374923797837,-0.6308642728499895,0.5839789507159651,0.5988903045654297,1.914886832237244,-0.11666970360999418,1.914886832237244,-0.10143278007605216,0.5988903045654297,1.914886832237244,-0.08406548714723994,0.6019749641418457,1.914886832237244,-0.06521149175769181,0.6019749641418457,1.924055337905884,-0.05572954183050971,0.5434311628341675,-10.12106069863785,0.0
912,22.8,1.754331905910277e+18,3.3979708640683866,0.7254924042127993,1.7849816826281604,-0.3879412695691436,13.240148027781434,2.312753764560148,-0.5356885994897385,0.5797525514067329,0.598274827003479,1.9089959859848025,-0.1240143033566421,1.914886832237244,-0.11666970360999418,0.5988903045654297,1.914886832237244,-0.10143278007605216,0.5988903045654297,1.914886832237244,-0.08406548714723994,0.6019749641418457,1.914886832237244,-0.06521149175769181,0.6019749641418457,-10.103436827252743,0.0
913,22.825000000000003,1.754331905935277e+18,3.4648318968097023,0.7756652256863976,1.7733920622553774,-0.4148947271394956,13.342920530180354,2.283272944400376,-0.43441573957074436,0.5766384988728914,0.5377285480499268,1.9089959859848025,-0.1356039237294251,1.9089959859848025,-0.1240143033566421,0.598274827003479,1.914886832237244,-0.11666970360999418,0.5988903045654297,1.914886832237244,-0.10143278007605216,0.5988903045654297,1.914886832237244,-0.08406548714723994,0.6019749641418457,-10.102985845205666,0.0
914,22.85,1.754331905960277e+18,3.490663290076485,0.8026992634529386,1.7633099135770864,-0.41958029332229174,13.380404508285459,2.255474948863246,-0.3391968773335243,0.5759214612374197,0.5974761843681335,1.9053916931152344,-0.14208177953814793,1.9089959859848025,-0.1356039237294251,0.5377285480499268,1.9089959859848025,-0.1240143033566421,0.598274827003479,1.914886832237244,-0.11666970360999418,0.5988903045654297,1.914886832237244,-0.10143278007605216,0.5988903045654297,-10.120729585746721,0.0
915,22.875,1.7543319059852772e+18,3.518969572330666,0.8207724286838767,1.7549198399177983,-0.4045461668490614,13.431306521440604,2.2324824357057693,-0.2572996487108949,0.5782058673724203,0.5377285480499268,1.9053916931152344,-0.15047185319743606,1.9053916931152344,-0.14208177953814793,0.5974761843681335,1.9089959859848025,-0.1356039237294251,0.5377285480499268,1.9089959859848025,-0.1240143033566421,0.598274827003479,1.914886832237244,-0.11666970360999418,0.5988903045654297,-10.137877320532303,0.0
916,22.900000000000002,1.754331906010277e+18,3.567801089543911,0.8615917910253472,1.7485162236335177,-0.3758298092315798,13.514515336571938,2.2168577011929247,-0.19195998818312482,0.5829430169683141,0.5946625471115112,1.9053916931152344,-0.1568754694817167,1.9053916931152344,-0.15047185319743606,0.5377285480499268,1.9053916931152344,-0.14208177953814793,0.5974761843681335,1.9089959859848025,-0.1356039237294251,0.5377285480499268,1.9089959859848025,-0.1240143033566421,0.598274827003479,-10.179620533018687,0.0
917,22.925,1.754331906035277e+18,3.6012183548262158,0.92024719058877,1.7441805614551298,-0.3405774033978944,13.565897818506619,2.210274955823424,-0.14347717815500977,0.5884210949017012,0.5946625471115112,1.9053916931152344,-0.1612111316601046,1.9053916931152344,-0.1568754694817167,0.5946625471115112,1.9053916931152344,-0.15047185319743606,0.5377285480499268,1.9053916931152344,-0.14208177953814793,0.5974761843681335,1.9089959859848025,-0.1356039237294251,0.5377285480499268,-10.210828006886636,0.0
918,22.950000000000003,1.7543319060602772e+18,3.6256333615973,0.947690534507899,1.7415830590866972,-0.30511084069607236,13.614123995284565,2.2131226240506203,-0.10994517902021674,0.59222043843987,0.5950668454170227,1.91107976436615,-0.1694967052794527,1.9053916931152344,-0.1612111316601046,0.5946625471115112,1.9053916931152344,-0.1568754694817167,0.5946625471115112,1.9053916931152344,-0.15047185319743606,0.5377285480499268,1.9053916931152344,-0.14208177953814793,0.5974761843681335,-10.264909441014279,0.0
919,22.975,1.7543319060852772e+18,3.646349971141981,0.9725027521954548,1.7400343161373908,-0.2739241220220565,13.654693608395858,2.2243437265285033,-0.08762051233021974,0.5919257491025263,0.5950668454170227,1.921377658843994,-0.18134334270660313,1.91107976436615,-0.1694967052794527,0.5950668454170227,1.9053916931152344,-0.1612111316601046,0.5946625471115112,1.9053916931152344,-0.1568754694817167,0.5946625471115112,1.9053916931152344,-0.15047185319743606,0.5377285480499268,-10.298600175653087,0.0
920,23.0,1.754331906110277e+18,3.676743415739877,1.0272375425548326,1.7387572450520759,-0.24957038890597974,13.747774916307584,2.241686083868345,-0.07133289331313303,0.5858035408319195,0.5956770181655884,1.921377658843994,-0.18262041379191807,1.921377658843994,-0.18134334270660313,0.5950668454170227,1.91107976436615,-0.1694967052794527,0.5950668454170227,1.9053916931152344,-0.1612111316601046,0.5946625471115112,1.9053916931152344,-0.1568754694817167,0.5946625471115112,-10.338401202727729,0.0
921,23.025000000000002,1.754331906135277e+18,3.693300269836565,1.050524738305766,1.7372281922731947,-0.23307179786305127,13.786394454522101,2.2622076561330178,-0.055316015632529546,0.5732062557352204,0.5812804698944092,1.9386581182479856,-0.20142992597479092,1.921377658843994,-0.18262041379191807,0.5956770181655884,1.921377658843994,-0.18134334270660313,0.5950668454170227,1.91107976436615,-0.1694967052794527,0.5950668454170227,1.9053916931152344,-0.1612111316601046,0.5946625471115112,-10.397379828228045,0.0
922,23.05,1.754331906160277e+18,3.7118608851899255,1.1125779919633731,1.7354106455977876,-0.2244094716859005,13.842065833694273,2.2827601646488773,-0.03443548649408197,0.5545972443295346,0.5317452549934387,1.969210624694824,-0.23379997909703643,1.9386581182479856,-0.20142992597479092,0.5812804698944092,1.921377658843994,-0.18262041379191807,0.5956770181655884,1.921377658843994,-0.18134334270660313,0.5950668454170227,1.91107976436615,-0.1694967052794527,0.5950668454170227,-10.432871641488326,0.0
923,23.075000000000003,1.7543319061852772e+18,3.723844806966076,1.1372670184054163,1.7337757602698625,-0.22282838076523243,13.880245257522729,2.3003838470224625,-0.005317234613656586,0.5312403734836395,0.5317452549934387,1.969210624694824,-0.23543486442496153,1.969210624694824,-0.23379997909703643,0.5317452549934387,1.9386581182479856,-0.20142992597479092,0.5812804698944092,1.921377658843994,-0.18262041379191807,0.5956770181655884,1.921377658843994,-0.18134334270660313,0.5950668454170227,-10.46748075730848,0.0
924,23.1,1.754331906210277e+18,3.74072241962426,1.1889371515395015,1.7331137547312176,-0.22697453133235082,13.950521121957598,2.3127778668379944,0.033320275247493016,0.504702568756264,0.5215349793434143,1.969210624694824,-0.23609686996360635,1.969210624694824,-0.23543486442496153,0.5317452549934387,1.969210624694824,-0.23379997909703643,0.5317452549934387,1.9386581182479856,-0.20142992597479092,0.5812804698944092,1.921377658843994,-0.18262041379191807,0.5956770181655884,-10.502945454007222,0.0
925,23.125,1.754331906235277e+18,3.7572659821879615,1.2305122957911705,1.7342269043879603,-0.2350652800038515,14.013818882504609,2.31896290943392,0.08156199802880133,0.476331792693119,0.4864416420459747,1.969210624694824,-0.23498372030686365,1.969210624694824,-0.23609686996360635,0.5215349793434143,1.969210624694824,-0.23543486442496153,0.5317452549934387,1.969210624694824,-0.23379997909703643,0.5317452549934387,1.9386581182479856,-0.20142992597479092,0.5812804698944092,-10.542897334608691,0.0
926,23.150000000000002,1.7543319062602772e+18,3.763009256791335,1.2939881796633388,1.7376319976020982,-0.2452671526008859,14.082168620829776,2.3199999421582373,0.14020483144284887,0.44683512029862005,0.4048143327236175,2.015211343765259,-0.2775793461631606,1.969210624694824,-0.23498372030686365,0.4864416420459747,1.969210624694824,-0.23609686996360635,0.5215349793434143,1.969210624694824,-0.23543486442496153,0.5317452549934387,1.969210624694824,-0.23379997909703643,0.5317452549934387,-10.572347120595806,0.0
927,23.175,1.7543319062852772e+18,3.770216942466095,1.319902954568034,1.7434051014082224,-0.2562436257757091,14.120223658486402,2.319395420550162,0.21275983909153676,0.4160743804861008,0.4048143327236175,2.015211343765259,-0.27180624235703643,2.015211343765259,-0.2775793461631606,0.4048143327236175,1.969210624694824,-0.23498372030686365,0.4864416420459747,1.969210624694824,-0.23609686996360635,0.5215349793434143,1.969210624694824,-0.23543486442496153,0.5317452549934387,-10.542271808551748,0.0
928,23.200000000000003,1.754331906310277e+18,3.7724091981624426,1.4142504763869983,1.7512857354217128,-0.267607903970062,14.224348363965703,2.3226930953910165,0.30628321950413123,0.3831909987549554,0.395588606595993,2.078169107437134,-0.32688337201542095,2.015211343765259,-0.27180624235703643,0.4048143327236175,2.015211343765259,-0.2775793461631606,0.4048143327236175,1.969210624694824,-0.23498372030686365,0.4864416420459747,1.969210624694824,-0.23609686996360635,0.5215349793434143,-10.516041784702894,0.0
929,23.225,1.754331906335277e+18,3.7703921382558345,1.452557808506274,1.7610667176650492,-0.2799842018167537,14.268486332847678,2.3358179575555407,0.43006030486304325,0.34704349767345477,0.3947803080081939,2.078169107437134,-0.3171023897720846,2.078169107437134,-0.32688337201542095,0.395588606595993,2.015211343765259,-0.27180624235703643,0.4048143327236175,2.015211343765259,-0.2775793461631606,0.4048143327236175,1.969210624694824,-0.23498372030686365,0.4864416420459747,-10.512198965677431,0.0
930,23.25,1.754331906360277e+18,3.761755385785486,1.509325505069961,1.7730974141968434,-0.2945890526866253,14.349051110747098,2.3621658561768757,0.5920597441226498,0.3067150715795744,0.3114534616470337,2.156991958618164,-0.38389454442132065,2.078169107437134,-0.3171023897720846,0.3947803080081939,2.078169107437134,-0.32688337201542095,0.395588606595993,2.015211343765259,-0.27180624235703643,0.4048143327236175,2.015211343765259,-0.2775793461631606,0.4048143327236175,-10.6091369225138,0.0
931,23.275000000000002,1.7543319063852772e+18,3.7614335649340247,1.5219894173955764,1.7885573204140193,-0.3125299478532709,14.365883302695384,2.399174873855107,0.7941997414901649,0.26176374560127574,0.2325981855392456,2.156991958618164,-0.3684346382041448,2.156991958618164,-0.38389454442132065,0.3114534616470337,2.078169107437134,-0.3171023897720846,0.3947803080081939,2.078169107437134,-0.32688337201542095,0.395588606595993,2.015211343765259,-0.27180624235703643,0.4048143327236175,-10.640477893625631,0.0
932,23.3,1.754331906410277e+18,3.762466770895552,1.5596232007526862,1.8092185997238053,-0.3341732749939492,14.408577048310338,2.435800366065547,1.0282691934561785,0.21209930466288113,0.1850603222846985,2.2494165897369385,-0.4401979900131332,2.156991958618164,-0.3684346382041448,0.2325981855392456,2.156991958618164,-0.38389454442132065,0.3114534616470337,2.078169107437134,-0.3171023897720846,0.3947803080081939,2.078169107437134,-0.32688337201542095,0.395588606595993,-10.683779067359573,0.0
933,23.325000000000003,1.754331906435277e+18,3.7409900887074334,1.6476591174424633,1.8367183432598393,-0.35883642121455755,14.508485676447453,2.4524825574019697,1.2743695075813166,0.15769893364688933,0.1691980063915252,2.2494165897369385,-0.4126982464770992,2.2494165897369385,-0.4401979900131332,0.1850603222846985,2.156991958618164,-0.3684346382041448,0.2325981855392456,2.156991958618164,-0.38389454442132065,0.3114534616470337,2.078169107437134,-0.3171023897720846,0.3947803080081939,-10.731617103714216,0.0
934,23.35,1.7543319064602772e+18,3.7374754708514577,1.665946119033321,1.8716811973933016,-0.3847701044653901,14.53427538283101,2.424531474786169,1.5028997386182839,0.09849060205069296,0.1194632351398468,2.357233762741089,-0.48555256534778723,2.2494165897369385,-0.4126982464770992,0.1691980063915252,2.2494165897369385,-0.4401979900131332,0.1850603222846985,2.156991958618164,-0.3684346382041448,0.2325981855392456,2.156991958618164,-0.38389454442132065,0.3114534616470337,-10.786877558937153,0.0
935,23.375,1.7543319064852772e+18,3.7195644092207423,1.7177141342350848,1.9131469068178781,-0.40918439435441706,14.602304097794661,2.3283990634194143,1.6797581830137223,0.034557221424553745,-0.0061540231108665,2.4454784393310547,-0.5323315325131766,2.357233762741089,-0.48555256534778723,0.1194632351398468,2.2494165897369385,-0.4126982464770992,0.1691980063915252,2.2494165897369385,-0.4401979900131332,0.1850603222846985,2.156991958618164,-0.3684346382041448,0.2325981855392456,-10.822518492453494,0.0
936,23.400000000000002,1.754331906510277e+18,3.7091245458130633,1.754421803773584,1.9586068911262573,-0.42818199512425187,14.655656501790581,2.1486403851875266,1.7732136017243014,-0.03344207601715304,-0.0061540231108665,2.4454784393310547,-0.4868715482047974,2.4454784393310547,-0.5323315325131766,-0.0061540231108665,2.357233762741089,-0.48555256534778723,0.1194632351398468,2.2494165897369385,-0.4126982464770992,0.1691980063915252,2.2494165897369385,-0.4401979900131332,0.1850603222846985,-10.749335105754561,0.0
937,23.425,1.754331906535277e+18,3.665946887709216,1.8467847340877328,2.0046341464117865,-0.4367965099406485,14.75033121390917,1.8825358111950847,1.7603794352320716,-0.10387905792622874,-0.0585284903645515,2.4454784393310547,-0.4408442929192682,2.4454784393310547,-0.4868715482047974,-0.0061540231108665,2.4454784393310547,-0.5323315325131766,-0.0061540231108665,2.357233762741089,-0.48555256534778723,0.1194632351398468,2.2494165897369385,-0.4126982464770992,0.1691980063915252,-10.681830097305149,0.0
938,23.450000000000003,1.754331906560277e+18,3.633623302221208,1.8848130157901488,2.047779967867884,-0.42952464030160564,14.788658622108155,1.5402652420942056,1.6315960528624567,-0.17404559030017183,-0.2131159454584121,2.526914596557617,-0.47913462868973333,2.4454784393310547,-0.4408442929192682,-0.0585284903645515,2.4454784393310547,-0.4868715482047974,-0.0061540231108665,2.4454784393310547,-0.5323315325131766,-0.0061540231108665,2.357233762741089,-0.48555256534778723,0.1194632351398468,-10.616821888156618,0.0
939,23.475,1.7543319065852772e+18,3.623053586531731,1.9037016069137684,2.0852903622372017,-0.4015776029672215,14.811110480632372,1.1409213736306394,1.3920047984368404,-0.2404691465073043,-0.2459966093301773,2.526914596557617,-0.44162423432041553,2.526914596557617,-0.47913462868973333,-0.2131159454584121,2.4454784393310547,-0.4408442929192682,-0.0585284903645515,2.4454784393310547,-0.4868715482047974,-0.0061540231108665,2.4454784393310547,-0.5323315325131766,-0.0061540231108665,-10.484238110490338,0.0
940,23.5,1.754331906610277e+18,3.597711723432688,1.948988737093166,2.1153452624560574,-0.35065283262230634,14.864940871321716,0.7068121459958367,1.0606063882116066,-0.29958801130064305,-0.2862402200698852,2.526914596557617,-0.4115693341015598,2.526914596557617,-0.44162423432041553,-0.2459966093301773,2.526914596557617,-0.47913462868973333,-0.2131159454584121,2.4454784393310547,-0.4408442929192682,-0.0585284903645515,2.4454784393310547,-0.4868715482047974,-0.0061540231108665,-10.389520706947422,0.0
941,23.525000000000002,1.754331906635277e+18,3.5549589813493103,1.9832757508569097,2.13685064372621,-0.2785442567073469,14.868439487797579,0.2588263818637081,0.6676185828452358,-0.348535050988841,-0.3693269789218902,2.518261194229126,-0.38141055050291595,2.526914596557617,-0.4115693341015598,-0.2862402200698852,2.526914596557617,-0.44162423432041553,-0.2459966093301773,2.526914596557617,-0.47913462868973333,-0.2131159454584121,2.4454784393310547,-0.4408442929192682,-0.0585284903645515,-10.33336958240093,0.0
942,23.55,1.7543319066602772e+18,3.5069510494038934,2.038884496952066,2.1490906439966833,-0.19162587401175574,14.850976208504422,-0.18573262970593912,0.2508335249554588,-0.3857567654790831,-0.3693269789218902,2.518261194229126,-0.3691705502324427,2.518261194229126,-0.38141055050291595,-0.3693269789218902,2.526914596557617,-0.4115693341015598,-0.2862402200698852,2.526914596557617,-0.44162423432041553,-0.2459966093301773,2.526914596557617,-0.47913462868973333,-0.2131159454584121,-10.332520289375243,0.0
943,23.575000000000003,1.7543319066852772e+18,3.4787823665768194,2.071569228077565,2.1515884274524217,-0.0994957358626882,14.858354221585769,-0.6131133823790046,-0.1487923751650307,-0.41129921956840065,-0.4248758554458618,2.403632640838623,-0.2520442133862013,2.518261194229126,-0.3691705502324427,-0.3693269789218902,2.518261194229126,-0.38141055050291595,-0.3693269789218902,2.526914596557617,-0.4115693341015598,-0.2862402200698852,2.526914596557617,-0.44162423432041553,-0.2459966093301773,-10.276463142341738,0.0
944,23.6,1.754331906710277e+18,3.424471913052225,2.122403060011129,2.1443309019294197,-0.011948868859416166,14.830764059954381,-1.0120893871591579,-0.49239632776873843,-0.42670303201758614,-0.4248758554458618,2.403632640838623,-0.2593017389092034,2.403632640838623,-0.2520442133862013,-0.4248758554458618,2.518261194229126,-0.3691705502324427,-0.3693269789218902,2.518261194229126,-0.38141055050291595,-0.3693269789218902,2.526914596557617,-0.4115693341015598,-0.2862402200698852,-10.314781928629149,0.0
945,23.625,1.754331906735277e+18,3.3953052463660143,2.155779257997956,2.1282262176091056,0.06450408115606256,14.825957484091635,-1.373177590621067,-0.7491799168782685,-0.43452352898292285,-0.4542382955551147,2.403632640838623,-0.27540642322951747,2.403632640838623,-0.2593017389092034,-0.4248758554458618,2.403632640838623,-0.2520442133862013,-0.4248758554458618,2.518261194229126,-0.3691705502324427,-0.3693269789218902,2.518261194229126,-0.38141055050291595,-0.3693269789218902,-10.477420790328432,0.0
946,23.650000000000002,1.754331906760277e+18,3.3397946964161074,2.2252664292450985,2.1054456544734736,0.12887825733669228,14.790849859554863,-1.68876414641855,-0.9022476994080137,-0.4375635649270045,-0.4216366112232208,2.301826000213623,-0.1963803457401494,2.403632640838623,-0.27540642322951747,-0.4542382955551147,2.403632640838623,-0.2593017389092034,-0.4248758554458618,2.403632640838623,-0.2520442133862013,-0.4248758554458618,2.518261194229126,-0.3691705502324427,-0.3693269789218902,-10.592994675796227,0.0
947,23.675,1.7543319067852772e+18,3.308844658384236,2.261283913874968,2.0792817105662293,0.18551482199792493,14.776088070094396,-1.9540431215426313,-0.952717342350959,-0.4380075086497319,-0.4175140261650085,2.301826000213623,-0.2225442896473937,2.301826000213623,-0.1963803457401494,-0.4216366112232208,2.403632640838623,-0.27540642322951747,-0.4542382955551147,2.403632640838623,-0.2593017389092034,-0.4248758554458618,2.403632640838623,-0.2520442133862013,-0.4248758554458618,-10.847256203024795,0.0
948,23.700000000000003,1.754331906810277e+18,3.259737709656093,2.316946813763268,2.0533838317190622,0.24144179358729417,14.697308292507719,-2.168089993268653,-0.9203166398703756,-0.43674430135575315,-0.4175140261650085,2.301826000213623,-0.2484421684945608,2.301826000213623,-0.2225442896473937,-0.4175140261650085,2.301826000213623,-0.1963803457401494,-0.4216366112232208,2.403632640838623,-0.27540642322951747,-0.4542382955551147,2.403632640838623,-0.2593017389092034,-0.4248758554458618,-11.340562253004421,0.0
949,23.725,1.754331906835277e+18,3.236271578298836,2.344427931154127,2.0306111645114115,0.30249055295036004,14.676292539588703,-2.3342206585847953,-0.8394171123794475,-0.43316207533485895,-0.461902767419815,2.20737624168396,-0.1767650771725484,2.301826000213623,-0.2484421684945608,-0.4175140261650085,2.301826000213623,-0.2225442896473937,-0.4175140261650085,2.301826000213623,-0.1963803457401494,-0.4216366112232208,2.403632640838623,-0.27540642322951747,-0.4542382955551147,-11.755499708144876,0.0
950,23.75,1.7543319068602772e+18,3.179520741943993,2.441755163344008,2.0120409221159274,0.3699089214330498,14.530235689568952,-2.459103938305916,-0.7509515782196033,-0.42551855242965614,-0.4164583683013916,2.126966953277588,-0.11492603116166045,2.20737624168396,-0.1767650771725484,-0.461902767419815,2.301826000213623,-0.2484421684945608,-0.4175140261650085,2.301826000213623,-0.2225442896473937,-0.4175140261650085,2.301826000213623,-0.1963803457401494,-0.4216366112232208,-12.091350570664908,0.0
951,23.775000000000002,1.7543319068852772e+18,3.157723111093972,2.490341858481509,1.9966822395834682,0.4389549167343016,14.458074917314736,-2.550697527128567,-0.692275691464572,-0.41172865777645795,-0.4164583683013916,2.126966953277588,-0.13028471369411965,2.126966953277588,-0.11492603116166045,-0.4164583683013916,2.20737624168396,-0.1767650771725484,-0.461902767419815,2.301826000213623,-0.2484421684945608,-0.4175140261650085,2.301826000213623,-0.2225442896473937,-0.4175140261650085,-12.509752303568886,0.0
952,23.8,1.754331906910277e+18,3.148281755441786,2.50749934257668,1.9821030377684266,0.5001401947980431,14.435163406389675,-2.6156425562405587,-0.6879623432199715,-0.3902413454385886,-0.4164583683013916,2.126966953277588,-0.14486391550916133,2.126966953277588,-0.13028471369411965,-0.4164583683013916,2.126966953277588,-0.11492603116166045,-0.4164583683013916,2.20737624168396,-0.1767650771725484,-0.461902767419815,2.301826000213623,-0.2484421684945608,-0.4175140261650085,-12.910115366418152,0.0
953,23.825000000000003,1.754331906935277e+18,3.122745363604696,2.5539058389458225,1.9656447658445242,0.5427479851676505,14.373193775955652,-2.657098243700412,-0.7442683844989001,-0.36068550728457555,-0.3358440697193146,2.058459520339966,-0.09281475449544163,2.126966953277588,-0.14486391550916133,-0.4164583683013916,2.126966953277588,-0.13028471369411965,-0.4164583683013916,2.126966953277588,-0.11492603116166045,-0.4164583683013916,2.20737624168396,-0.1767650771725484,-0.461902767419815,-13.220659820299133,0.0
954,23.85,1.754331906960277e+18,3.08612695429529,2.6651456963619338,1.945550739774443,0.559254860364613,14.25513959475728,-2.674013946373546,-0.848685447018596,-0.3240950482567806,-0.3151375949382782,2.00603461265564,-0.060483872881197165,2.058459520339966,-0.09281475449544163,-0.3358440697193146,2.126966953277588,-0.14486391550916133,-0.4164583683013916,2.126966953277588,-0.13028471369411965,-0.4164583683013916,2.126966953277588,-0.11492603116166045,-0.4164583683013916,-13.536538529654884,0.0
955,23.875,1.7543319069852772e+18,3.1025231529114343,2.700203582647406,1.9214608447782533,0.5486777121447949,14.214355190261866,-2.6623818874623533,-0.9742177948385253,-0.28267269034319215,-0.330921858549118,2.00603461265564,-0.0845737678773868,2.00603461265564,-0.060483872881197165,-0.3151375949382782,2.058459520339966,-0.09281475449544163,-0.3358440697193146,2.126966953277588,-0.14486391550916133,-0.4164583683013916,2.126966953277588,-0.13028471369411965,-0.4164583683013916,-13.895967164923203,0.0
956,23.900000000000002,1.754331907010277e+18,3.1039830642908712,2.7237212549526544,1.894205766236516,0.51712697543186,14.186139576405528,-2.6181115547535367,-1.0866242489185067,-0.23915389311712473,-0.2577120363712311,1.96814227104187,-0.07393650480535396,2.00603461265564,-0.0845737678773868,-0.330921858549118,2.00603461265564,-0.060483872881197165,-0.3151375949382782,2.058459520339966,-0.09281475449544163,-0.3358440697193146,2.126966953277588,-0.14486391550916133,-0.4164583683013916,-14.198074907735258,0.0
957,23.925,1.754331907035277e+18,3.092719650763422,2.7755961938968325,1.8652486661207495,0.47519134656145834,14.119298500151906,-2.5401932769037794,-1.1523449245467814,-0.19592439213403381,-0.1216620728373527,1.943381190299988,-0.07813252417923855,1.96814227104187,-0.07393650480535396,-0.2577120363712311,2.00603461265564,-0.0845737678773868,-0.330921858549118,2.00603461265564,-0.060483872881197165,-0.3151375949382782,2.058459520339966,-0.09281475449544163,-0.3358440697193146,-14.505429174425075,0.0
958,23.950000000000003,1.7543319070602772e+18,3.0898573341066227,2.8215291046291213,1.8362036245507338,0.4335387782625442,14.048687963002687,-2.432380802973486,-1.1452134241033318,-0.15421127367967422,-0.1216620728373527,1.943381190299988,-0.10717756574925419,1.943381190299988,-0.07813252417923855,-0.1216620728373527,1.96814227104187,-0.07393650480535396,-0.2577120363712311,2.00603461265564,-0.0845737678773868,-0.330921858549118,2.00603461265564,-0.060483872881197165,-0.3151375949382782,-14.792804373085055,0.0
959,23.975,1.7543319070852772e+18,3.093196639911713,2.953543987548777,1.8086623669629573,0.3990201631622115,13.895205007604702,-2.3021639386738664,-1.0509057914148534,-0.11380441315820522,-0.1216620728373527,1.943381190299988,-0.13471882333703067,1.943381190299988,-0.10717756574925419,-0.1216620728373527,1.943381190299988,-0.07813252417923855,-0.1216620728373527,1.96814227104187,-0.07393650480535396,-0.2577120363712311,2.00603461265564,-0.0845737678773868,-0.330921858549118,-15.08954404166925,0.0
960,24.0,1.754331907110277e+18,3.093196639911713,2.953543987548777,1.784279417373391,0.3729664130610004,13.895205007604702,-2.1572301059875154,-0.8688665159815658,-0.07359329499394125,-0.1200467944145202,1.943381190299988,-0.1591017729265971,1.943381190299988,-0.13471882333703067,-0.1216620728373527,1.943381190299988,-0.10717756574925419,-0.1216620728373527,1.943381190299988,-0.07813252417923855,-0.1216620728373527,1.96814227104187,-0.07393650480535396,-0.2577120363712311,-15.380724681884313,0.0
961,24.025000000000002,1.754331907135277e+18,3.115230571474795,2.993154909527916,1.7648767867875435,0.3519176821361875,13.834601923897345,-2.0011711787989035,-0.6118700329453504,-0.03269579387826106,-0.0755524933338165,1.93579375743866,-0.17091697065111644,1.943381190299988,-0.1591017729265971,-0.1200467944145202,1.943381190299988,-0.13471882333703067,-0.1216620728373527,1.943381190299988,-0.10717756574925419,-0.1216620728373527,1.943381190299988,-0.07813252417923855,-0.1216620728373527,-15.638447313148038,0.0
962,24.05,1.754331907160277e+18,3.119708536429347,3.0308190806967303,1.752329207390548,0.32987328864436866,13.784814915274952,-1.8308194011732923,-0.3034681708735526,0.008478237224051232,0.0431171059608459,1.946170687675476,-0.19384148028492798,1.93579375743866,-0.17091697065111644,-0.0755524933338165,1.943381190299988,-0.1591017729265971,-0.1200467944145202,1.943381190299988,-0.13471882333703067,-0.1216620728373527,1.943381190299988,-0.10717756574925419,-0.1216620728373527,-15.877641842529513,0.0
963,24.075000000000003,1.7543319071852772e+18,3.125725976480044,3.058560406498685,1.7481648885185257,0.3008512281761051,13.779974325493354,-1.6368211525760268,0.026383093097028854,0.0478390666453753,0.0411505885422229,1.946170687675476,-0.19800579915695038,1.946170687675476,-0.19384148028492798,0.0431171059608459,1.93579375743866,-0.17091697065111644,-0.0755524933338165,1.943381190299988,-0.1591017729265971,-0.1200467944145202,1.943381190299988,-0.13471882333703067,-0.1216620728373527,-16.09122395681137,0.0
964,24.1,1.754331907210277e+18,3.149470676718423,3.127985456016079,1.75305855227124,0.2608545350703206,13.726685866962125,-1.407478682146947,0.34698072446696937,0.08205833461662772,0.0914457514882087,1.975459098815918,-0.2224005465446779,1.946170687675476,-0.19800579915695038,0.0411505885422229,1.946170687675476,-0.19384148028492798,0.0431171059608459,1.93579375743866,-0.17091697065111644,-0.0755524933338165,1.943381190299988,-0.1591017729265971,-0.1200467944145202,-16.29820038867915,0.0
965,24.125,1.754331907235277e+18,3.1654036785904878,3.1576875112175755,1.7665382174735158,0.20885942267198773,13.691833856808904,-1.1344945984068502,0.6328221146125478,0.10753721609972969,0.0982943326234817,1.975459098815918,-0.20892088134240216,1.975459098815918,-0.2224005465446779,0.0914457514882087,1.946170687675476,-0.19800579915695038,0.0411505885422229,1.946170687675476,-0.19384148028492798,0.0431171059608459,1.93579375743866,-0.17091697065111644,-0.0755524933338165,-16.466868972592664,0.0
966,24.150000000000002,1.7543319072602772e+18,3.178841266652715,3.1985355768508885,1.7871278954348946,0.14693645125757868,13.649418549839123,-0.8185225791016569,0.8684280416963185,0.12141990573576553,0.1695703268051147,2.025906562805176,-0.2387786673702812,1.975459098815918,-0.20892088134240216,0.0982943326234817,1.975459098815918,-0.2224005465446779,0.0914457514882087,1.946170687675476,-0.19800579915695038,0.0411505885422229,1.946170687675476,-0.19384148028492798,0.0431171059608459,-16.647312034263763,0.0
967,24.175,1.7543319072852772e+18,3.207596908213178,3.2613903669496103,1.8128568799100149,0.07983517137938353,13.64262801092594,-0.47236248640301176,1.0505843983909031,0.12223850074764352,0.1227362602949142,2.025906562805176,-0.2130496828951609,2.025906562805176,-0.2387786673702812,0.1695703268051147,1.975459098815918,-0.20892088134240216,0.0982943326234817,1.975459098815918,-0.2224005465446779,0.0914457514882087,1.946170687675476,-0.19800579915695038,0.0411505885422229,-16.788854327158194,0.0
968,24.200000000000003,1.754331907310277e+18,3.238046631983625,3.2925801270260213,1.8418519573682475,0.014167976788594903,13.632594697004539,-0.12026588708060591,1.1870916132218263,0.10998283587411388,0.0824285149574279,2.0929861068725586,-0.2511341495043111,2.025906562805176,-0.2130496828951609,0.1227362602949142,2.025906562805176,-0.2387786673702812,0.1695703268051147,1.975459098815918,-0.20892088134240216,0.0982943326234817,1.975459098815918,-0.2224005465446779,0.0914457514882087,-16.960366591315527,0.0
969,24.225,1.754331907335277e+18,3.2824607180733727,3.3610922255326834,1.872767669794404,-0.0429253499270528,13.627513414965502,0.20679588689201575,1.2921636879708824,0.08568526508671268,0.056413035839796,2.177521228790283,-0.3047535589958792,2.0929861068725586,-0.2511341495043111,0.0824285149574279,2.025906562805176,-0.2130496828951609,0.1227362602949142,2.025906562805176,-0.2387786673702812,0.1695703268051147,1.975459098815918,-0.20892088134240216,0.0982943326234817,-17.189359277042218,0.0
970,24.25,1.754331907360277e+18,3.2976626699801503,3.389313381213014,1.9049772540290477,-0.08558136857280334,13.62218014987374,0.4782696249636374,1.3798227893399926,0.05087495248271261,0.0615414939820766,2.177521228790283,-0.2725439747612355,2.177521228790283,-0.3047535589958792,0.056413035839796,2.0929861068725586,-0.2511341495043111,0.0824285149574279,2.025906562805176,-0.2130496828951609,0.1227362602949142,2.025906562805176,-0.2387786673702812,0.1695703268051147,-17.390987265291606,0.0
971,24.275000000000002,1.7543319073852772e+18,3.319887065270337,3.4243554478152776,1.9385358194695306,-0.11093493683906365,13.654587217546018,0.6707136222868608,1.4575083514204408,0.00728806818975118,-0.0,2.280205726623535,-0.3416699071540046,2.177521228790283,-0.2725439747612355,0.0615414939820766,2.177521228790283,-0.3047535589958792,0.056413035839796,2.0929861068725586,-0.2511341495043111,0.0824285149574279,2.025906562805176,-0.2130496828951609,0.1227362602949142,-17.674545030349258,0.0
972,24.3,1.754331907410277e+18,3.347959457169764,3.474880029428049,1.973915523977945,-0.11994185307018815,13.664049459333311,0.7714590591169455,1.5222575566856609,-0.043026425600900156,-0.0128705445677042,2.280205726623535,-0.30629020264559026,2.280205726623535,-0.3416699071540046,-0.0,2.177521228790283,-0.2725439747612355,0.0615414939820766,2.177521228790283,-0.3047535589958792,0.056413035839796,2.0929861068725586,-0.2511341495043111,0.0824285149574279,-17.935944389157065,0.0
973,24.325000000000003,1.754331907435277e+18,3.3628556037439115,3.5085156977182463,2.011520737189777,-0.11679242643305468,13.689110752160165,0.7783654993701399,1.561063218372944,-0.09738613958662465,-0.1090996190905571,2.3939900398254395,-0.38246930263566226,2.280205726623535,-0.30629020264559026,-0.0128705445677042,2.280205726623535,-0.3416699071540046,-0.0,2.177521228790283,-0.2725439747612355,0.0615414939820766,2.177521228790283,-0.3047535589958792,0.056413035839796,-18.286370637187982,0.0
974,24.35,1.7543319074602772e+18,3.387530184527342,3.5539701731011126,2.051100317625705,-0.10711750916143374,13.706868550534857,0.6968158381558159,1.5555601638532541,-0.1522747843285004,-0.1246852800250053,2.490698337554932,-0.43959801992922687,2.3939900398254395,-0.38246930263566226,-0.1090996190905571,2.280205726623535,-0.30629020264559026,-0.0128705445677042,2.280205726623535,-0.3416699071540046,-0.0,2.177521228790283,-0.2725439747612355,0.0615414939820766,-18.70018211815137,0.0
975,24.375,1.7543319074852772e+18,3.41058003286501,3.603810840468064,2.0913290110215175,-0.0958208318604768,13.729323210810282,0.5361405580908972,1.4895268128721766,-0.2035191332216764,-0.2068120688199997,2.490698337554932,-0.3993693265334146,2.490698337554932,-0.43959801992922687,-0.1246852800250053,2.3939900398254395,-0.38246930263566226,-0.1090996190905571,2.280205726623535,-0.30629020264559026,-0.0128705445677042,2.280205726623535,-0.3416699071540046,-0.0,-19.07410104595768,0.0
976,24.400000000000002,1.754331907510277e+18,3.452558900964554,3.68933210719296,2.1298618463861065,-0.08550521627930452,13.76349846245513,0.30736765085341594,1.3564620782166044,-0.2468762223758816,-0.2698041796684265,2.554312229156494,-0.4244503827703876,2.490698337554932,-0.3993693265334146,-0.2068120688199997,2.490698337554932,-0.43959801992922687,-0.1246852800250053,2.3939900398254395,-0.38246930263566226,-0.1090996190905571,2.280205726623535,-0.30629020264559026,-0.0128705445677042,-19.47630695671712,0.0
977,24.425,1.754331907535277e+18,3.452558900964554,3.68933210719296,2.163951635317767,-0.07604012810528737,13.76349846245513,0.02306867260141758,1.1642540202515952,-0.2788174363556235,-0.2874795794486999,2.554312229156494,-0.39036059383872734,2.554312229156494,-0.4244503827703876,-0.2698041796684265,2.490698337554932,-0.3993693265334146,-0.2068120688199997,2.490698337554932,-0.43959801992922687,-0.1246852800250053,2.3939900398254395,-0.38246930263566226,-0.1090996190905571,-19.832485664415785,0.0
978,24.450000000000003,1.754331907560277e+18,3.471996540805368,3.752413318099892,2.191369917788914,-0.06517434228047896,13.764141583109685,-0.3012531756366619,0.9348818572045572,-0.29715408266976806,-0.3300471007823944,2.5845298767089844,-0.3931599589200703,2.554312229156494,-0.39036059383872734,-0.2874795794486999,2.554312229156494,-0.4244503827703876,-0.2698041796684265,2.490698337554932,-0.3993693265334146,-0.2068120688199997,2.490698337554932,-0.43959801992922687,-0.1246852800250053,-20.183783741789608,0.0
979,24.475,1.7543319075852772e+18,3.49782000582932,3.8138125114402825,2.2111661937574634,-0.04967041376679367,13.75668981860241,-0.645790224646337,0.6988886635961362,-0.30121433627592575,-0.2575387358665466,2.581454277038574,-0.37028808328111085,2.5845298767089844,-0.3931599589200703,-0.3300471007823944,2.554312229156494,-0.39036059383872734,-0.2874795794486999,2.554312229156494,-0.4244503827703876,-0.2698041796684265,2.490698337554932,-0.3993693265334146,-0.2068120688199997,-20.491803685437418,0.0
980,24.5,1.754331907610277e+18,3.529065187672757,3.881903197886313,2.223898746097054,-0.026427727121386125,13.729487876316139,-0.9867146461939282,0.4863419474078512,-0.29154544412085653,-0.2797084748744964,2.581454277038574,-0.35755553094152015,2.581454277038574,-0.37028808328111085,-0.2575387358665466,2.5845298767089844,-0.3931599589200703,-0.3300471007823944,2.554312229156494,-0.39036059383872734,-0.2874795794486999,2.554312229156494,-0.4244503827703876,-0.2698041796684265,-20.78355713022908,0.0
981,24.525000000000002,1.754331907635277e+18,3.5450249294410274,3.923791244662662,2.231270086779866,0.006687793647702477,13.718014812780558,-1.298658429770982,0.31737925368367326,-0.2693991608752954,-0.258318543434143,2.545727014541626,-0.31445692776176015,2.581454277038574,-0.35755553094152015,-0.2797084748744964,2.581454277038574,-0.37028808328111085,-0.2575387358665466,2.5845298767089844,-0.3931599589200703,-0.3300471007823944,2.554312229156494,-0.39036059383872734,-0.2874795794486999,-21.031435590237766,0.0
982,24.55,1.7543319076602772e+18,3.5574414416525517,3.9570106141276913,2.235383492108932,0.05035849803736518,13.679792651274687,-1.5583687192223181,0.1956763377210157,-0.23633111560094783,-0.2593761682510376,2.545727014541626,-0.31034352243269403,2.545727014541626,-0.31445692776176015,-0.258318543434143,2.581454277038574,-0.35755553094152015,-0.2797084748744964,2.581454277038574,-0.37028808328111085,-0.2575387358665466,2.5845298767089844,-0.3931599589200703,-0.3300471007823944,-21.254482295084895,0.0
983,24.575000000000003,1.7543319076852772e+18,3.582207346226283,4.019694364887881,2.237957796553829,0.10363814758448178,13.64208703099425,-1.7477911333831981,0.10720096036429845,-0.19404982047990146,-0.199200227856636,2.47916316986084,-0.24120537330701097,2.545727014541626,-0.31034352243269403,-0.2593761682510376,2.545727014541626,-0.31445692776176015,-0.258318543434143,2.581454277038574,-0.35755553094152015,-0.2797084748744964,2.581454277038574,-0.37028808328111085,-0.2575387358665466,-21.390480237816618,0.0
984,24.6,1.754331907710277e+18,3.630006177913647,4.112381528740861,2.239775753245825,0.1640319697757597,13.56667425213313,-1.855468884222446,0.024815267227853835,-0.14438217569514852,-0.1753455698490142,2.47916316986084,-0.23938741661501473,2.47916316986084,-0.24120537330701097,-0.199200227856636,2.545727014541626,-0.31034352243269403,-0.2593761682510376,2.545727014541626,-0.31445692776176015,-0.258318543434143,2.581454277038574,-0.35755553094152015,-0.2797084748744964,-21.53615880581733,0.0
985,24.625,1.754331907735277e+18,3.647394181611877,4.150308525720948,2.2404811319163835,0.22773044586123245,13.536583794547253,-1.8764278332360793,-0.08267445114307892,-0.08913278380360604,-0.0755192339420318,2.38420033454895,-0.14371920263256666,2.47916316986084,-0.23938741661501473,-0.1753455698490142,2.47916316986084,-0.24120537330701097,-0.199200227856636,2.545727014541626,-0.31034352243269403,-0.2593761682510376,2.545727014541626,-0.31445692776176015,-0.258318543434143,-21.602325679862997,0.0
986,24.650000000000002,1.754331907760277e+18,3.677695695886477,4.19507806283686,2.238705223246556,0.2898244848170158,13.496676566135704,-1.811521565479887,-0.239884888453024,-0.02978018289139886,0.0267569404095411,2.2840516567230225,-0.04534643347646661,2.38420033454895,-0.14371920263256666,-0.0755192339420318,2.47916316986084,-0.23938741661501473,-0.1753455698490142,2.47916316986084,-0.24120537330701097,-0.199200227856636,2.545727014541626,-0.31034352243269403,-0.2593761682510376,-21.58465753191776,0.0
987,24.675,1.7543319077852772e+18,3.754300248587172,4.30461391519435,2.2324542190275176,0.3443925155365664,13.391745943407061,-1.667037802126212,-0.4560180582564722,0.03278290523628044,0.0106048649176955,2.196826457977295,0.035627761050222695,2.2840516567230225,-0.04534643347646661,0.0267569404095411,2.38420033454895,-0.14371920263256666,-0.0755192339420318,2.47916316986084,-0.23938741661501473,-0.1753455698490142,2.47916316986084,-0.24120537330701097,-0.199200227856636,-21.476336611950174,0.0
988,24.700000000000003,1.754331907810277e+18,3.754300248587172,4.30461391519435,2.2196767901283776,0.38460213270407245,13.391745943407061,-1.4545398125587625,-0.72063843861054,0.09815860345586384,0.1289547979831695,2.126196384429932,0.09348040569844551,2.196826457977295,0.035627761050222695,0.0106048649176955,2.2840516567230225,-0.04534643347646661,0.0267569404095411,2.38420033454895,-0.14371920263256666,-0.0755192339420318,2.47916316986084,-0.23938741661501473,-0.1753455698490142,-21.322994140156933,0.0
989,24.725,1.754331907835277e+18,3.772948487227924,4.332478236401475,2.1988928298370047,0.40322203122565675,13.365003052788717,-1.1901159313176437,-1.0054487963413548,0.1659011952106584,0.1289547979831695,2.126196384429932,0.07269644540707265,2.126196384429932,0.09348040569844551,0.1289547979831695,2.196826457977295,0.035627761050222695,0.0106048649176955,2.2840516567230225,-0.04534643347646661,0.0267569404095411,2.38420033454895,-0.14371920263256666,-0.0755192339420318,-21.177757411081014,0.0
990,24.75,1.7543319078602772e+18,3.858757951905911,4.413420056965563,2.1697205486704076,0.3939217237871302,13.28522112845514,-0.8921190090285717,-1.2715724548611267,0.23479904977366875,0.1586372107267379,2.126196384429932,0.04352416424047556,2.126196384429932,0.07269644540707265,0.1289547979831695,2.126196384429932,0.09348040569844551,0.1289547979831695,2.196826457977295,0.035627761050222695,0.0106048649176955,2.2840516567230225,-0.04534643347646661,0.0267569404095411,-21.07089432043973,0.0
991,24.775000000000002,1.7543319078852772e+18,3.907310213487445,4.476488953908157,2.1331514237160816,0.353330244668762,13.221738513518224,-0.5774519305478993,-1.4800932719910118,0.30248791855522833,0.3347792327404022,2.072227478027344,0.06092394568873738,2.126196384429932,0.04352416424047556,0.1586372107267379,2.126196384429932,0.07269644540707265,0.1289547979831695,2.126196384429932,0.09348040569844551,0.1289547979831695,2.196826457977295,0.035627761050222695,0.0106048649176955,-20.931166776177918,0.0
992,24.8,1.754331907910277e+18,3.9596769804745855,4.48926465979819,2.091492550012315,0.2831782640388426,13.245485316012198,-0.25793315526691096,-1.6025129710763582,0.3657392121554807,0.4208299517631531,2.072227478027344,0.01926507198497074,2.072227478027344,0.06092394568873738,0.3347792327404022,2.126196384429932,0.04352416424047556,0.1586372107267379,2.126196384429932,0.07269644540707265,0.1289547979831695,2.126196384429932,0.09348040569844551,0.1289547979831695,-20.81763454741061,0.0
993,24.825000000000003,1.754331907935277e+18,3.973140677889104,4.502181559562439,2.047968374007781,0.19137613681801657,13.235293733452405,0.061141911039751376,-1.6277432044429978,0.42128208322117705,0.4557191431522369,2.033454656600952,0.014513717406829052,2.072227478027344,0.01926507198497074,0.4208299517631531,2.072227478027344,0.06092394568873738,0.3347792327404022,2.126196384429932,0.04352416424047556,0.1586372107267379,2.126196384429932,0.07269644540707265,0.1289547979831695,-20.694316860442562,0.0
994,24.85,1.754331907960277e+18,4.019290216275094,4.54053471849066,2.0060303238649673,0.09102559708353943,13.26301131573858,0.379247720274834,-1.563348783301804,0.4666354494680463,0.4185749888420105,2.033454656600952,-0.02742433273598488,2.033454656600952,0.014513717406829052,0.4557191431522369,2.072227478027344,0.01926507198497074,0.4208299517631531,2.072227478027344,0.06092394568873738,0.3347792327404022,2.126196384429932,0.04352416424047556,0.1586372107267379,-20.614465477564668,0.0
995,24.875,1.7543319079852772e+18,4.095477687413844,4.5936672648274,1.9685157850702595,-0.0027990142635260177,13.281969053012428,0.696641121093649,-1.430720038836833,0.5005269256462052,0.4623793363571167,2.033454656600952,-0.06493887153069267,2.033454656600952,-0.02742433273598488,0.4185749888420105,2.033454656600952,0.014513717406829052,0.4557191431522369,2.072227478027344,0.01926507198497074,0.4208299517631531,2.072227478027344,0.06092394568873738,0.3347792327404022,-20.561268983697392,0.0
996,24.900000000000002,1.754331908010277e+18,4.128633690205669,4.6217251829256405,1.936942405045911,-0.07749228896176524,13.282007341343387,1.010308021352201,-1.256051322612042,0.5229188846594715,0.5460978746414185,2.01274847984314,-0.07580607479722912,2.033454656600952,-0.06493887153069267,0.4623793363571167,2.033454656600952,-0.02742433273598488,0.4185749888420105,2.033454656600952,0.014513717406829052,0.4557191431522369,2.072227478027344,0.01926507198497074,0.4208299517631531,-20.525607194933066,0.0
997,24.925,1.754331908035277e+18,4.152877420355585,4.643331450746191,1.9112926668309107,-0.12668253999901077,13.324113647593727,1.3118535458079257,-1.0606323111015652,0.5349340034439068,0.5460978746414185,2.01274847984314,-0.10145581301222939,2.01274847984314,-0.07580607479722912,0.5460978746414185,2.033454656600952,-0.06493887153069267,0.4623793363571167,2.033454656600952,-0.02742433273598488,0.4185749888420105,2.033454656600952,0.014513717406829052,0.4557191431522369,-20.510577834048682,0.0
998,24.950000000000003,1.7543319080602772e+18,4.202161065836036,4.694935720676558,1.8904753125929314,-0.1515005911380642,13.354664597064918,1.588303405761354,-0.8543194833997273,0.5388354930606476,0.5437289476394653,2.007648706436157,-0.11717339384322534,2.01274847984314,-0.10145581301222939,0.5460978746414185,2.01274847984314,-0.07580607479722912,0.5460978746414185,2.033454656600952,-0.06493887153069267,0.4623793363571167,2.033454656600952,-0.02742433273598488,0.4185749888420105,-20.52032524800122,0.0
999,24.975,1.7543319080852772e+18,4.247359200530298,4.737462036670861,1.8732821232241483,-0.1588119215873871,13.398471243733194,1.8255030710940618,-0.6348746771676141,0.537935113684711,0.5417645573616028,2.007648706436157,-0.13436658321200845,2.007648706436157,-0.11717339384322534,0.5437289476394653,2.01274847984314,-0.10145581301222939,0.5460978746414185,2.01274847984314,-0.07580607479722912,0.5460978746414185,2.033454656600952,-0.06493887153069267,0.4623793363571167,-20.55048015867291,0.0
1000,25.0,1.754331908110277e+18,4.280808648686028,4.768893820023979,1.8593515414691826,-0.15755191732558133,13.42862019387603,2.0126776848715595,-0.39348652187438976,0.5362113343991904,0.5417674779891968,2.0164172649383545,-0.15706572346917191,2.007648706436157,-0.13436658321200845,0.5417645573616028,2.007648706436157,-0.11717339384322534,0.5437289476394653,2.01274847984314,-0.10145581301222939,0.5460978746414185,2.01274847984314,-0.07580607479722912,0.5460978746414185,-20.62128344688827,0.0
1001,25.025000000000002,1.754331908135277e+18,4.3176520922902135,4.803514873619784,1.8496318204447904,-0.1551517478517315,13.461828249780016,2.1461580233682107,-0.12413670987550725,0.5375555560610805,0.5417674779891968,2.0164172649383545,-0.16678544449356414,2.0164172649383545,-0.15706572346917191,0.5417674779891968,2.007648706436157,-0.13436658321200845,0.5417645573616028,2.007648706436157,-0.11717339384322534,0.5437289476394653,2.01274847984314,-0.10145581301222939,0.5460978746414185,-20.711588254610618,0.0
1002,25.05,1.754331908160277e+18,4.366462281204331,4.866355451619621,1.846093389396526,-0.15560621037794084,13.578394978150238,2.2306391564738837,0.16734383676247006,0.5447708557114166,0.5401980876922607,2.0164172649383545,-0.1703238755418286,2.0164172649383545,-0.16678544449356414,0.5417674779891968,2.0164172649383545,-0.15706572346917191,0.5417674779891968,2.007648706436157,-0.13436658321200845,0.5417645573616028,2.007648706436157,-0.11717339384322534,0.5437289476394653,-20.81551843830541,0.0
1003,25.075000000000003,1.7543319081852772e+18,4.361785263869624,4.873753442076975,1.8507977459579217,-0.15957634553264796,13.602262376205136,2.2774970696180312,0.4588224466978741,0.5586186495935446,0.5401980876922607,2.038615226745605,-0.18781748078768334,2.0164172649383545,-0.1703238755418286,0.5401980876922607,2.0164172649383545,-0.16678544449356414,0.5417674779891968,2.0164172649383545,-0.15706572346917191,0.5417674779891968,2.007648706436157,-0.13436658321200845,0.5417645573616028,-20.966620170984772,0.0
1004,25.1,1.754331908210277e+18,4.388289905095949,4.906923390585825,1.8647307159612188,-0.16586100122316919,13.65050263476803,2.3010098546802613,0.714609297533816,0.5773049368376926,0.5388794541358948,2.038615226745605,-0.17388451078438627,2.038615226745605,-0.18781748078768334,0.5401980876922607,2.0164172649383545,-0.1703238755418286,0.5401980876922607,2.0164172649383545,-0.16678544449356414,0.5417674779891968,2.0164172649383545,-0.15706572346917191,0.5417674779891968,-21.106270511030917,0.0
1005,25.125,1.754331908235277e+18,4.42128049469466,4.968744258895636,1.8869479536486884,-0.1730929192616165,13.735782452222498,2.31413126154056,0.895085463122594,0.5967588110884248,0.5987549424171448,2.070794105529785,-0.18384615188109676,2.038615226745605,-0.17388451078438627,0.5388794541358948,2.038615226745605,-0.18781748078768334,0.5401980876922607,2.0164172649383545,-0.1703238755418286,0.5401980876922607,2.0164172649383545,-0.16678544449356414,0.5417674779891968,-21.2517057054981,0.0
1006,25.150000000000002,1.7543319082602772e+18,4.438748643086568,5.003018771826181,1.9144719216791115,-0.18068450581507192,13.773376641882553,2.3254532152098815,0.9699630489995541,0.6118082093000132,0.6023181676864624,2.070794105529785,-0.15632218385067365,2.070794105529785,-0.18384615188109676,0.5987549424171448,2.038615226745605,-0.17388451078438627,0.5388794541358948,2.038615226745605,-0.18781748078768334,0.5401980876922607,2.0164172649383545,-0.1703238755418286,0.5401980876922607,-21.358772621226898,0.0
1007,25.175,1.7543319082852772e+18,4.457554520236538,5.054736194187531,1.94302526713485,-0.18869147492555416,13.855778779874829,2.3383192921134275,0.930181710216983,0.6179298615584398,0.7236775159835815,2.111910581588745,-0.1688853144538951,2.070794105529785,-0.15632218385067365,0.6023181676864624,2.070794105529785,-0.18384615188109676,0.5987549424171448,2.038615226745605,-0.17388451078438627,0.5388794541358948,2.038615226745605,-0.18781748078768334,0.5401980876922607,-21.471928393850284,0.0
1008,25.200000000000003,1.754331908310277e+18,4.470125876141211,5.0804677165757335,1.9682773425696174,-0.19703242921858807,13.891254054749888,2.3520691387696986,0.7936460375347583,0.6128611720625438,0.5976377129554749,2.111910581588745,-0.14363323901912772,2.111910581588745,-0.1688853144538951,0.7236775159835815,2.070794105529785,-0.15632218385067365,0.6023181676864624,2.070794105529785,-0.18384615188109676,0.5987549424171448,2.038615226745605,-0.17388451078438627,0.5388794541358948,-21.550350141111718,0.0
1009,25.225,1.754331908335277e+18,4.482302730484111,5.126770343516425,1.9870810625904403,-0.20491402267500328,13.958037181887246,2.364494894445011,0.6021226849783101,0.5973274748354791,0.5738627910614014,2.161879062652588,-0.17479800006214763,2.111910581588745,-0.14363323901912772,0.5976377129554749,2.111910581588745,-0.1688853144538951,0.7236775159835815,2.070794105529785,-0.15632218385067365,0.6023181676864624,2.070794105529785,-0.18384615188109676,0.5987549424171448,-21.641082654026626,0.0
1010,25.25,1.754331908360277e+18,4.496101965281661,5.163854919251486,1.998274552425579,-0.21106725898868017,14.008709133403428,2.374182480908701,0.40985940356144385,0.5745751996743536,0.5656073689460754,2.161879062652588,-0.16360451022700895,2.161879062652588,-0.17479800006214763,0.5738627910614014,2.111910581588745,-0.14363323901912772,0.5976377129554749,2.111910581588745,-0.1688853144538951,0.7236775159835815,2.070794105529785,-0.15632218385067365,0.6023181676864624,-21.703254384177583,0.0
1011,25.275000000000002,1.7543319083852772e+18,4.500941931451296,5.217807137305991,2.002874517870307,-0.2147253299376844,14.076022607820004,2.3817192498456334,0.26764389817214723,0.5490224529739919,0.5280824899673462,2.2152345180511475,-0.21236000018084056,2.161879062652588,-0.16360451022700895,0.5656073689460754,2.161879062652588,-0.17479800006214763,0.5738627910614014,2.111910581588745,-0.14363323901912772,0.5976377129554749,2.111910581588745,-0.1688853144538951,0.7236775159835815,-21.79894468074843,0.0
1012,25.3,1.754331908410277e+18,4.51224124631396,5.258074587544483,2.0037003660556474,-0.21669802492619897,14.1313201989737,2.389497709415754,0.20790174970823677,0.524691347187164,0.5295307636260986,2.2152345180511475,-0.21153415199550007,2.2152345180511475,-0.21236000018084056,0.5280824899673462,2.161879062652588,-0.16360451022700895,0.5656073689460754,2.161879062652588,-0.17479800006214763,0.5738627910614014,2.111910581588745,-0.14363323901912772,0.5976377129554749,-21.88646452938729,0.0
1013,25.325000000000003,1.754331908435277e+18,4.505923355693193,5.331714069276343,2.0045618394992535,-0.2197722240321441,14.192029095116965,2.400473293592893,0.23629663432619463,0.5040061361642454,0.5156199932098389,2.2152345180511475,-0.21067267855189398,2.2152345180511475,-0.21153415199550007,0.5295307636260986,2.2152345180511475,-0.21236000018084056,0.5280824899673462,2.161879062652588,-0.16360451022700895,0.5656073689460754,2.161879062652588,-0.17479800006214763,0.5738627910614014,-21.961533284209757,0.0
1014,25.35,1.7543319084602772e+18,4.51275767633576,5.377705641727111,2.0091767033680568,-0.2279865391263913,14.250800711378425,2.4165384612413523,0.3330900824664587,0.4872331412659952,0.4830341637134552,2.2719547748565674,-0.2627780714885106,2.2152345180511475,-0.21067267855189398,0.5156199932098389,2.2152345180511475,-0.21153415199550007,0.5295307636260986,2.2152345180511475,-0.21236000018084056,0.5280824899673462,2.161879062652588,-0.16360451022700895,0.5656073689460754,-22.08222957616012,0.0
1015,25.375,1.7543319084852772e+18,4.501355137471892,5.420694201511397,2.0200551497003114,-0.2448704655106172,14.299758084643484,2.4373373632489486,0.4639156112815318,0.47257801317757203,0.4545001089572906,2.3326637744903564,-0.31260862479004503,2.2719547748565674,-0.2627780714885106,0.4830341637134552,2.2152345180511475,-0.21067267855189398,0.5156199932098389,2.2152345180511475,-0.21153415199550007,0.5295307636260986,2.2152345180511475,-0.21236000018084056,0.5280824899673462,-22.244366347752727,0.0
1016,25.400000000000002,1.754331908510277e+18,4.499471797906647,5.471212098621757,2.037704236662563,-0.27127701970497015,14.357793919940738,2.460322499061373,0.5958523265954875,0.4568407405322078,0.4297600090503692,2.3326637744903564,-0.2949595378277934,2.3326637744903564,-0.31260862479004503,0.4545001089572906,2.2719547748565674,-0.2627780714885106,0.4830341637134552,2.2152345180511475,-0.21067267855189398,0.5156199932098389,2.2152345180511475,-0.21153415199550007,0.5295307636260986,-22.382450416098806,0.0
1017,25.425,1.754331908535277e+18,4.489111119977353,5.556007899632464,2.0605434322489713,-0.3038119354974156,14.445608342045821,2.482289211215676,0.7121748017170824,0.43646581064711637,0.4847928583621979,2.3933236598968506,-0.3327802276478793,2.3326637744903564,-0.2949595378277934,0.4297600090503692,2.3326637744903564,-0.31260862479004503,0.4545001089572906,2.2719547748565674,-0.2627780714885106,0.4830341637134552,2.2152345180511475,-0.21067267855189398,0.5156199932098389,-22.55401951208658,0.0
1018,25.450000000000003,1.754331908560277e+18,4.471430223828873,5.623866899896632,2.085722138482146,-0.3348769674047881,14.527593268048017,2.5015434741499796,0.8190517383357158,0.40869607743203007,0.4400046765804291,2.3933236598968506,-0.30760152141470476,2.3933236598968506,-0.3327802276478793,0.4847928583621979,2.3326637744903564,-0.2949595378277934,0.4297600090503692,2.3326637744903564,-0.31260862479004503,0.4545001089572906,2.2719547748565674,-0.2627780714885106,0.4830341637134552,-22.69212432822183,0.0
1019,25.475,1.7543319085852772e+18,4.46029575341182,5.671518004056679,2.1105920010301316,-0.35480485351729896,14.584768272573818,2.5190211712237,0.9401335300012225,0.37240746465972535,0.3849588632583618,2.453223705291748,-0.3426317042616165,2.3933236598968506,-0.30760152141470476,0.4400046765804291,2.3933236598968506,-0.3327802276478793,0.4847928583621979,2.3326637744903564,-0.2949595378277934,0.4297600090503692,2.3326637744903564,-0.31260862479004503,0.4545001089572906,-22.853412689776846,0.0
1020,25.5,1.754331908610277e+18,4.445324290697294,5.693881436187311,2.134152434350883,-0.3555676716342108,14.604676405735354,2.5369337306132524,1.0997103440414293,0.328288479194285,0.2718636095523834,2.5124411582946777,-0.37828872394379465,2.453223705291748,-0.3426317042616165,0.3849588632583618,2.3933236598968506,-0.30760152141470476,0.4400046765804291,2.3933236598968506,-0.3327802276478793,0.4847928583621979,2.3326637744903564,-0.2949595378277934,0.4297600090503692,-23.049080999928723,0.0
1021,25.525000000000002,1.754331908635277e+18,4.4285209732653374,5.743379843631425,2.157675849631811,-0.3345983447878398,14.664394799154412,2.5549961208167695,1.3002706088830478,0.27839730786620265,0.2556665241718292,2.5124411582946777,-0.3547653086628668,2.5124411582946777,-0.37828872394379465,0.2718636095523834,2.453223705291748,-0.3426317042616165,0.3849588632583618,2.3933236598968506,-0.30760152141470476,0.4400046765804291,2.3933236598968506,-0.3327802276478793,0.4847928583621979,-23.2024163826168,0.0
1022,25.55,1.7543319086602772e+18,4.391548738091099,5.798823224707302,2.1840424633013407,-0.29697782993913846,14.73945891179156,2.5661799468073507,1.5037509918303458,0.22549579951104656,0.2440467327833175,2.571054220199585,-0.3870117568982443,2.5124411582946777,-0.3547653086628668,0.2556665241718292,2.5124411582946777,-0.37828872394379465,0.2718636095523834,2.453223705291748,-0.3426317042616165,0.3849588632583618,2.3933236598968506,-0.30760152141470476,0.4400046765804291,-23.355628160418004,0.0
1023,25.575000000000003,1.7543319086852772e+18,4.370541767351122,5.846878820483815,2.215890972005833,-0.25483294149020236,14.816547703096287,2.554873899408896,1.6258523089044878,0.17257377171605306,0.1839179396629333,2.571054220199585,-0.3551632481937519,2.571054220199585,-0.3870117568982443,0.2440467327833175,2.5124411582946777,-0.3547653086628668,0.2556665241718292,2.5124411582946777,-0.37828872394379465,0.2718636095523834,2.453223705291748,-0.3426317042616165,0.3849588632583618,-23.475356544186795,0.0
1024,25.6,1.754331908710277e+18,4.317561201067095,5.902639491586587,2.2532347158505344,-0.22392170988778157,14.89300698686203,2.499454191877979,1.5489957220396855,0.12264866663604948,0.1523624807596206,2.629173994064331,-0.3759392782137967,2.571054220199585,-0.3551632481937519,0.1839179396629333,2.571054220199585,-0.3870117568982443,0.2440467327833175,2.5124411582946777,-0.3547653086628668,0.2556665241718292,2.5124411582946777,-0.37828872394379465,0.2718636095523834,-23.615198952436987,0.0
1025,25.625,1.754331908735277e+18,4.297088413084631,5.933519857578325,2.2915053856676124,-0.2184558629525421,14.938244519132086,2.379033189620151,1.1528600861992404,0.07861313556145527,0.0699708089232444,2.687049388885498,-0.39554400321788563,2.629173994064331,-0.3759392782137967,0.1523624807596206,2.571054220199585,-0.3551632481937519,0.1839179396629333,2.571054220199585,-0.3870117568982443,0.2440467327833175,2.5124411582946777,-0.3547653086628668,0.2556665241718292,-23.77575923534801,0.0
1026,25.650000000000002,1.754331908760277e+18,4.245248401293511,5.983071158950269,2.320971898488388,-0.24585887709159562,15.008219120294806,2.181914854627686,0.3543229482754256,0.04289806261739678,0.0265040937811136,2.687049388885498,-0.36607749039711024,2.687049388885498,-0.39554400321788563,0.0699708089232444,2.629173994064331,-0.3759392782137967,0.1523624807596206,2.571054220199585,-0.3551632481937519,0.1839179396629333,2.571054220199585,-0.3870117568982443,0.2440467327833175,-23.86425737958196,0.0
1027,25.675,1.7543319087852772e+18,4.221448993887396,6.011665325203454,2.3281140820829576,-0.30332211048497654,15.052007983701182,1.9121403165340878,-0.8561699507675041,0.016970900694060893,0.0,0.0,2.3281140820829576,2.687049388885498,-0.36607749039711024,0.0265040937811136,2.687049388885498,-0.39554400321788563,0.0699708089232444,2.629173994064331,-0.3759392782137967,0.1523624807596206,2.571054220199585,-0.3551632481937519,0.1839179396629333,-21.264337055141965,0.0
1028,25.700000000000003,1.754331908810277e+18,4.140253591668527,6.097019815326158,2.298860307290964,-0.3776316644057808,15.174724812133505,1.590943103405162,-2.395119573958909,0.0009272943175322716,0.0,0.0,2.298860307290964,0.0,2.3281140820829576,0.0,2.687049388885498,-0.36607749039711024,0.0265040937811136,2.687049388885498,-0.39554400321788563,0.0699708089232444,2.629173994064331,-0.3759392782137967,0.1523624807596206,-18.63859337583558,0.0
1029,25.725,1.754331908835277e+18,4.124455545306232,6.112577542925864,2.222786489370618,-0.4486967466431069,15.199643705016655,1.2519241054806414,-4.092040968153402,-0.006552593355173191,0.0,0.0,2.222786489370618,0.0,2.298860307290964,0.0,0.0,2.3281140820829576,0.0,2.687049388885498,-0.36607749039711024,0.0265040937811136,2.687049388885498,-0.39554400321788563,0.0699708089232444,-16.09870449669288,0.0
1030,25.75,1.7543319088602772e+18,4.060902706196496,6.15115055920927,2.0967592845252416,-0.4957608367892691,15.2112669767538,0.9315687284050719,-5.721563705310343,-0.007811181957646721,0.0,0.0,2.0967592845252416,0.0,2.222786489370618,0.0,0.0,2.298860307290964,0.0,0.0,2.3281140820829576,0.0,2.687049388885498,-0.36607749039711024,0.0265040937811136,-13.618050667746314,0.0
1031,25.775000000000002,1.7543319088852772e+18,4.042155438669513,6.164113321324404,1.9265295993659293,-0.5040972563267653,15.229889103988562,0.658995327286717,-7.053249095100688,-0.0055480856611752555,0.0,0.0,1.9265295993659293,0.0,2.0967592845252416,0.0,0.0,2.222786489370618,0.0,0.0,2.298860307290964,0.0,0.0,2.3281140820829576,0.0,-11.32308643017624,0.0
1032,25.8,1.754331908910277e+18,4.006407181241436,6.174758707700933,1.7255942415704255,-0.4697247295655851,15.201010151902892,0.44921228293779397,-7.904684908497322,-0.002155826055212092,0.0,0.0,1.7255942415704255,0.0,1.9265295993659293,0.0,0.0,2.0967592845252416,0.0,0.0,2.222786489370618,0.0,0.0,2.298860307290964,0.0,-9.15729419859268,0.0
1033,25.825000000000003,1.754331908935277e+18,3.95774880120196,6.202163053057074,1.5118109013375225,-0.40045372412868624,15.22051811981743,0.30224686233611675,-8.18225943304982,0.0007195862899340888,0.0,0.0,1.5118109013375225,0.0,1.7255942415704255,0.0,0.0,1.9265295993659293,0.0,0.0,2.0967592845252416,0.0,0.0,2.222786489370618,0.0,-7.232785050778059,0.0
1034,25.85,1.754331908960277e+18,3.899564704292419,6.23734522888082,1.303087848249629,-0.31296912812815275,15.238574714866777,0.2073966177344031,-7.898181018646647,0.0023059068833722646,0.0,0.0,1.303087848249629,0.0,1.5118109013375225,0.0,0.0,1.7255942415704255,0.0,0.0,1.9265295993659293,0.0,0.0,2.0967592845252416,0.0,-5.444144637180643,0.0
1035,25.875,1.7543319089852772e+18,3.857390679435011,6.260336365346964,1.1136182042675653,-0.2270558906424208,15.254043690172834,0.1496112949484658,-7.160122593214009,0.00256468432870356,0.0,0.0,1.1136182042675653,0.0,1.303087848249629,0.0,0.0,1.5118109013375225,0.0,0.0,1.7255942415704255,0.0,0.0,1.9265295993659293,0.0,-3.798194900399901,0.0
1036,25.900000000000002,1.754331909010277e+18,3.833571716917378,6.276654295538066,0.9517007388074405,-0.15906107728047264,15.245050183997783,0.11489358303494035,-6.138384636915592,0.0019040914217315049,0.0,0.0,0.9517007388074405,0.0,1.1136182042675653,0.0,0.0,1.303087848249629,0.0,0.0,1.5118109013375225,0.0,0.0,1.7255942415704255,0.0,-2.359622613387663,0.0
1037,25.925,1.754331909035277e+18,3.799677260192156,6.294748451961189,0.819488661744134,-0.11701444314427424,15.253670288289428,0.09309962508884197,-5.021701734991813,0.0008742440727495703,0.0,0.0,0.819488661744134,0.0,0.9517007388074405,0.0,0.0,1.1136182042675653,0.0,0.0,1.303087848249629,0.0,0.0,1.5118109013375225,0.0,-1.099289658724261,0.0
1038,25.950000000000003,1.7543319090602772e+18,3.748909181086651,6.325034171813398,0.7143121821790618,-0.09923133798277504,15.249477438765464,0.0782486057931717,-3.974893059088012,-6.17086108155143e-05,0.0,0.0,0.7143121821790618,0.0,0.819488661744134,0.0,0.0,0.9517007388074405,0.0,0.0,1.1136182042675653,0.0,0.0,1.303087848249629,0.0,0.09415715214453413,0.0
1039,25.975,1.7543319090852772e+18,3.713249307675561,6.34529239872542,0.6307743583562037,-0.09670486862929459,15.253283737742521,0.06742504279814333,-3.10928636798957,-0.0006415999071635107,0.0,0.0,0.6307743583562037,0.0,0.7143121821790618,0.0,0.0,0.819488661744134,0.0,0.0,0.9517007388074405,0.0,0.0,1.1136182042675653,0.0,1.1665557448211534,0.0
1040,26.0,1.754331909110277e+18,3.731425302464806,6.339424244614837,0.5627980606979122,-0.09787892789593922,15.249124512941663,0.059391571814804964,-2.4715661817486017,-0.000812239019137235,0.0,0.0,0.5627980606979122,0.0,0.6307743583562037,0.0,0.0,0.7143121821790618,0.0,0.0,0.819488661744134,0.0,0.0,0.9517007388074405,0.0,2.140923139620625,0.0
1041,26.025000000000002,1.754331909135277e+18,3.699385431224631,6.357100317593133,0.5051211550010898,-0.09349609685891178,15.251473497394787,0.05353415568467276,-2.050559659143331,-0.000668853516549446,0.0,0.0,0.5051211550010898,0.0,0.5627980606979122,0.0,0.0,0.6307743583562037,0.0,0.0,0.7143121821790618,0.0,0.0,0.819488661744134,0.0,3.0274548451246313,0.0
1042,26.05,1.754331909160277e+18,3.687233986746417,6.360520316507881,0.4540830595963403,-0.07955716303764572,15.253203499210452,0.049281232100326915,-1.7965470252714673,-0.0003704557256741766,0.0,0.0,0.4540830595963403,0.0,0.5051211550010898,0.0,0.0,0.5627980606979122,0.0,0.0,0.6307743583562037,0.0,0.0,0.7143121821790618,0.0,3.850708454953414,0.0
1043,26.075000000000003,1.7543319091852772e+18,3.68305365536228,6.361652410568107,0.40773682615328827,-0.05760927398370068,15.253295276532333,0.045924944897830174,-1.6452625411044521,-6.649810221429234e-05,0.0,0.0,0.40773682615328827,0.0,0.4540830595963403,0.0,0.0,0.5051211550010898,0.0,0.0,0.5627980606979122,0.0,0.0,0.6307743583562037,0.0,4.510489494492903,0.0
1044,26.1,1.754331909210277e+18,3.672485489113932,6.367009480636006,0.3654383314462051,-0.03285033051760682,15.25401447015543,0.04272434603508859,-1.5390837968185447,0.00014644240869702478,0.0,0.0,0.3654383314462051,0.0,0.40773682615328827,0.0,0.0,0.4540830595963403,0.0,0.0,0.5051211550010898,0.0,0.0,0.5627980606979122,0.0,5.135229564848312,0.0
1045,26.125,1.754331909235277e+18,3.654889305843183,6.3772156718900685,0.32717950407794716,-0.011307811820521657,15.254447257834732,0.039132241132214196,-1.4403317121501003,0.00023549562443669943,0.0,0.0,0.32717950407794716,0.0,0.3654383314462051,0.0,0.0,0.40773682615328827,0.0,0.0,0.4540830595963403,0.0,0.0,0.5051211550010898,0.0,5.737815492155777,0.0
1046,26.150000000000002,1.7543319092602772e+18,3.644517126873664,6.382533303927279,0.2929702240520754,0.0025963589712626072,15.255255217007345,0.03496990126407849,-1.3349620553609984,0.0002184264659928684,0.0,0.0,0.2929702240520754,0.0,0.32717950407794716,0.0,0.0,0.3654383314462051,0.0,0.0,0.40773682615328827,0.0,0.0,0.4540830595963403,0.0,6.227166061948002,0.0
1047,26.175,1.7543319092852772e+18,3.633968032623277,6.386478105669374,0.2624731322614452,0.0072917731727695076,15.256730060304585,0.030441253305997014,-1.228036199745316,0.00013953832873339544,0.0,0.0,0.2624731322614452,0.0,0.2929702240520754,0.0,0.0,0.32717950407794716,0.0,0.0,0.3654383314462051,0.0,0.0,0.40773682615328827,0.0,6.712183483856841,0.0
1048,26.200000000000003,1.754331909310277e+18,3.622638920595226,6.392309957517956,0.2349227229061495,0.004007066219542913,15.257812970954731,0.02599203895574573,-1.1343726529220568,4.613035735125743e-05,0.0,0.0,0.2349227229061495,0.0,0.2624731322614452,0.0,0.0,0.2929702240520754,0.0,0.0,0.32717950407794716,0.0,0.0,0.3654383314462051,0.0,7.195548375257551,0.0
1049,26.225,1.754331909335277e+18,3.6211433290758,6.394507643205099,0.2092388632117913,-0.004172661479190343,15.258759047470328,0.02209572024757866,-1.0683767867353238,-2.7343807437159318e-05,0.0,0.0,0.2092388632117913,0.0,0.2349227229061495,0.0,0.0,0.2624731322614452,0.0,0.0,0.2929702240520754,0.0,0.0,0.32717950407794716,0.0,7.58155231564189,0.0
1050,26.25,1.754331909360277e+18,3.608550606840724,6.400879947266977,0.18423654481859048,-0.013551682098510792,15.259887600295881,0.01906106762983987,-1.0363831642246943,-6.529901206020087e-05,0.0,0.0,0.18423654481859048,0.0,0.2092388632117913,0.0,0.0,0.2349227229061495,0.0,0.0,0.2624731322614452,0.0,0.0,0.2929702240520754,0.0,7.880714891622141,0.0
1051,26.275000000000002,1.7543319093852772e+18,3.620263620864174,6.395025305277326,0.1588840294832135,-0.020895791966073607,15.258560460464222,0.01692831545200005,-1.033392290644518,-6.894813396195856e-05,0.0,0.0,0.1588840294832135,0.0,0.18423654481859048,0.0,0.0,0.2092388632117913,0.0,0.0,0.2349227229061495,0.0,0.0,0.2624731322614452,0.0,8.169883634799474,0.0
1052,26.3,1.754331909410277e+18,3.6164777911096015,6.398766549925375,0.13257775327758564,-0.024095000536853095,15.259317608590743,0.015477290424027446,-1.0444077849893525,-4.975479357590134e-05,0.0,0.0,0.13257775327758564,0.0,0.1588840294832135,0.0,0.0,0.18423654481859048,0.0,0.0,0.2092388632117913,0.0,0.0,0.2349227229061495,0.0,8.447325303586222,0.0
1053,26.325000000000003,1.754331909435277e+18,3.611538955791276,6.401191119083165,0.10536231313969723,-0.022393411016116145,15.259777447103534,0.014330602035977923,-1.049173803083542,-2.2094387665142265e-05,0.0,0.0,0.10536231313969723,0.0,0.13257775327758564,0.0,0.0,0.1588840294832135,0.0,0.0,0.18423654481859048,0.0,0.0,0.2092388632117913,0.0,8.645502371221362,0.0
1054,26.35,1.7543319094602772e+18,3.608220025340148,6.401232278099617,0.0779869572785395,-0.01626821651279251,15.259590067732173,0.013105213584715092,-1.0283004562048383,2.29756098043794e-06,0.0,0.0,0.0779869572785395,0.0,0.10536231313969723,0.0,0.0,0.13257775327758564,0.0,0.0,0.1588840294832135,0.0,0.0,0.18423654481859048,0.0,8.783973201381096,0.0
1055,26.375,1.7543319094852772e+18,3.604625872548448,6.402990688730501,0.05172698250776721,-0.007074900820995912,15.260002836288177,0.011549860919412106,-0.968669000742803,1.7015064489087016e-05,0.0,0.0,0.05172698250776721,0.0,0.0779869572785395,0.0,0.0,0.10536231313969723,0.0,0.0,0.13257775327758564,0.0,0.0,0.1588840294832135,0.0,8.920273951766251,0.0
1056,26.400000000000002,1.754331909510277e+18,3.602267841342665,6.404477561064123,0.02801267401847889,0.003397873725489977,15.260530391364163,0.009614712637156395,-0.8665512240738016,2.102172876342603e-05,0.0,0.0,0.02801267401847889,0.0,0.05172698250776721,0.0,0.0,0.0779869572785395,0.0,0.0,0.10536231313969723,0.0,0.0,0.13257775327758564,0.0,9.022223130590083,0.0
1057,26.425,1.754331909535277e+18,3.600188023766762,6.405489513292158,0.008018313326238383,0.013317512385798909,15.260823806545034,0.007436800209816153,-0.7278144528741198,1.7001790868948925e-05,0.0,0.0,0.008018313326238383,0.0,0.02801267401847889,0.0,0.0,0.05172698250776721,0.0,0.0,0.0779869572785395,0.0,0.0,0.10536231313969723,0.0,9.10837396809556,0.0
1058,26.450000000000003,1.754331909560277e+18,3.599419715828539,6.404878859527106,-0.007616472030200916,0.021058419326953366,15.260613695152262,0.005267511555754979,-0.5655752967743349,9.156611885035926e-06,0.0,0.0,-0.007616472030200916,0.0,0.008018313326238383,0.0,0.0,0.02801267401847889,0.0,0.0,0.05172698250776721,0.0,0.0,0.0779869572785395,0.0,9.207935061814613,0.0
1059,26.475,1.7543319095852772e+18,3.598168494447787,6.405488216737098,-0.018839694948578817,0.02533780270332057,15.26092489659954,0.0033852020806683434,-0.39638463122366846,1.337379820211573e-06,0.0,0.0,-0.018839694948578817,0.0,-0.007616472030200916,0.0,0.0,0.008018313326238383,0.0,0.0,0.02801267401847889,0.0,0.0,0.05172698250776721,0.0,9.323814190203066,0.0
1060,26.5,1.754331909610277e+18,3.593360375374867,6.405006441492652,-0.026041603927031545,0.02532841093975161,15.260123194765672,0.0020210942049941915,-0.23627249783300303,-4.027195134671685e-06,0.0,0.0,-0.026041603927031545,0.0,-0.018839694948578817,0.0,0.0,-0.007616472030200916,0.0,0.0,0.008018313326238383,0.0,0.0,0.02801267401847889,0.0,9.456874359202631,0.0
1061,26.525000000000002,1.754331909635277e+18,3.595254915127061,6.405818257169825,-0.02982881879968182,0.02081756304543795,15.260561692403115,0.0013045958579917878,-0.09774754544545408,-6.165797815877707e-06,0.0,0.0,-0.02982881879968182,0.0,-0.026041603927031545,0.0,0.0,-0.018839694948578817,0.0,0.0,-0.007616472030200916,0.0,0.0,0.008018313326238383,0.0,9.597962511054067,0.0
1062,26.55,1.7543319096602772e+18,3.5927284815356524,6.407053007018524,-0.030846327078240247,0.012384857435620403,15.260710643605202,0.0012272400563784253,0.011696573604334237,-5.596328296087822e-06,0.0,0.0,-0.030846327078240247,0.0,-0.02982881879968182,0.0,0.0,-0.026041603927031545,0.0,0.0,-0.018839694948578817,0.0,0.0,-0.007616472030200916,0.0,9.760957664260754,0.0
1063,26.575000000000003,1.7543319096852772e+18,3.587978159585383,6.406830125461157,-0.029707153046968453,0.001475343340338366,15.259950964080074,0.0016317461694235929,0.08960682268928968,-3.490928921544636e-06,0.0,0.0,-0.029707153046968453,0.0,-0.030846327078240247,0.0,0.0,-0.02982881879968182,0.0,0.0,-0.026041603927031545,0.0,0.0,-0.018839694948578817,0.0,9.929256310370736,0.0
1064,26.6,1.754331909710277e+18,3.6003035037508813,6.405457448804157,-0.027000637567597855,-0.009776293480349606,15.260423329446343,0.0022403838285125505,0.13758323699506622,-1.0702025223784376e-06,0.0,0.0,-0.027000637567597855,0.0,-0.029707153046968453,0.0,0.0,-0.030846327078240247,0.0,0.0,-0.02982881879968182,0.0,0.0,-0.026041603927031545,0.0,10.124656219347816,0.0
1065,26.625,1.754331909735277e+18,3.6003655794749028,6.40542926400375,-0.02330985675662384,-0.01903295619098469,15.260206257203727,0.0027314306186310457,0.1598706069490234,7.9520049386973e-07,0.0,0.0,-0.02330985675662384,0.0,-0.027000637567597855,0.0,0.0,-0.029707153046968453,0.0,0.0,-0.030846327078240247,0.0,0.0,-0.02982881879968182,0.0,10.310267243933593,0.0
1066,26.650000000000002,1.754331909760277e+18,3.603688684394953,6.405728076875876,-0.01919410336665208,-0.024450087959710095,15.260594405100104,0.002848909355521089,0.1620159549857054,1.7275493387168027e-06,0.0,0.0,-0.01919410336665208,0.0,-0.02330985675662384,0.0,0.0,-0.027000637567597855,0.0,0.0,-0.029707153046968453,0.0,0.0,-0.030846327078240247,0.0,10.529851807937224,0.0
1067,26.675,1.7543319097852772e+18,3.603757539633944,6.405696847722584,-0.015141084344243395,-0.02530289315961256,15.260346130101292,0.0025016455584997758,0.149850913691655,1.7787888102617784e-06,0.0,0.0,-0.015141084344243395,0.0,-0.01919410336665208,0.0,0.0,-0.02330985675662384,0.0,0.0,-0.027000637567597855,0.0,0.0,-0.029707153046968453,0.0,10.72776040648814,0.0
1068,26.700000000000003,1.754331909810277e+18,3.6024681202506974,6.403649861090537,-0.01151762719146762,-0.022216542489725905,15.259955656496302,0.0017988800846635961,0.12884023997976604,1.2565385248190276e-06,0.0,0.0,-0.01151762719146762,0.0,-0.015141084344243395,0.0,0.0,-0.01919410336665208,0.0,0.0,-0.02330985675662384,0.0,0.0,-0.027000637567597855,0.0,10.967376928800984,0.0
1069,26.725,1.754331909835277e+18,3.6022662297179284,6.40232382425201,-0.00854130932329392,-0.016824180781661428,15.260017239245263,0.0009963818175306126,0.10371050022436602,5.342699395664208e-07,0.0,0.0,-0.00854130932329392,0.0,-0.01151762719146762,0.0,0.0,-0.015141084344243395,0.0,0.0,-0.01919410336665208,0.0,0.0,-0.02330985675662384,0.0,11.26358917847357,0.0
1070,26.75,1.7543319098602772e+18,3.602208969408382,6.402351738853062,-0.006281137987057489,-0.011001319821952087,15.259938956304413,0.00037647671875736286,0.07824891677325517,-8.933631313221078e-08,0.0,0.0,-0.006281137987057489,0.0,-0.00854130932329392,0.0,0.0,-0.01151762719146762,0.0,0.0,-0.015141084344243395,0.0,0.0,-0.01919410336665208,0.0,11.529852015247748,0.0
1071,26.775000000000002,1.7543319098852772e+18,3.601669989701821,6.405574261998956,-0.004685703682708089,-0.0061133787629256515,15.260997160424733,0.0001242106713052622,0.055203745242030686,-4.560588373245744e-07,0.0,0.0,-0.004685703682708089,0.0,-0.006281137987057489,0.0,0.0,-0.00854130932329392,0.0,0.0,-0.01151762719146762,0.0,0.0,-0.015141084344243395,0.0,11.866836218719044,0.0
1072,26.8,1.754331909910277e+18,3.608007134857738,6.404600940598838,-0.0036293205732804918,-0.0027089934423932035,15.260656542996934,0.0002616734461125867,0.036271157011988936,-5.458876817664515e-07,0.0,0.0,-0.0036293205732804918,0.0,-0.004685703682708089,0.0,0.0,-0.006281137987057489,0.0,0.0,-0.00854130932329392,0.0,0.0,-0.01151762719146762,0.0,12.169497100791354,0.0
1073,26.825000000000003,1.754331909935277e+18,3.608040159436854,6.40458520897184,-0.002960820335415054,-0.0007451374075678125,15.26053987038592,0.0006645488777612694,0.022180835558435936,-4.3250424555782856e-07,0.0,0.0,-0.002960820335415054,0.0,-0.0036293205732804918,0.0,0.0,-0.004685703682708089,0.0,0.0,-0.006281137987057489,0.0,0.0,-0.00854130932329392,0.0,12.549005583091601,0.0
1074,26.85,1.754331909960277e+18,3.6039666758947537,6.4016193814409785,-0.0025408915667202493,-1.8178678557377145e-05,15.259907919142636,0.0011382866348638282,0.012882981377972608,-2.258963500974884e-07,0.0,0.0,-0.0025408915667202493,0.0,-0.002960820335415054,0.0,0.0,-0.0036293205732804918,0.0,0.0,-0.004685703682708089,0.0,0.0,-0.006281137987057489,0.0,12.986062711454107,0.0
1075,26.875,1.7543319099852772e+18,3.604689170242293,6.401975546660092,-0.002261426671048821,-0.0003695063288230615,15.260326624702785,0.0015062940342116442,0.007807383820768419,-2.472730645087131e-08,0.0,0.0,-0.002261426671048821,0.0,-0.0025408915667202493,0.0,0.0,-0.002960820335415054,0.0,0.0,-0.0036293205732804918,0.0,0.0,-0.004685703682708089,0.0,13.383170611316475,0.0
1076,26.900000000000002,1.754331910010277e+18,3.604711337187129,6.4019649036134485,-0.0020481927681078567,-0.0015281212718469383,15.260342400273212,0.0016688855989170574,0.006135432361408218,1.1027075373049788e-07,0.0,0.0,-0.0020481927681078567,0.0,-0.002261426671048821,0.0,0.0,-0.0025408915667202493,0.0,0.0,-0.002960820335415054,0.0,0.0,-0.0036293205732804918,0.0,13.805572801318753,0.0
1077,26.925,1.754331910035277e+18,3.608494100891716,6.403232530593183,-0.0018525074475425466,-0.0028535379724079052,15.261001620325809,0.0016170952561367466,0.007018455697126304,1.6130404614086532e-07,0.0,0.0,-0.0018525074475425466,0.0,-0.0020481927681078567,0.0,0.0,-0.002261426671048821,0.0,0.0,-0.0025408915667202493,0.0,0.0,-0.002960820335415054,0.0,14.194080887709939,0.0
1078,26.950000000000003,1.7543319100602772e+18,3.6084505063186456,6.403253523290783,-0.0016389370766519476,-0.0033605611745659817,15.261103312161454,0.0014099101137433532,0.009696536127142838,1.4329609757539443e-07,0.0,0.0,-0.0016389370766519476,0.0,-0.0018525074475425466,0.0,0.0,-0.0020481927681078567,0.0,0.0,-0.002261426671048821,0.0,0.0,-0.0025408915667202493,0.0,14.585601909553356,0.0
1079,26.975,1.7543319100852772e+18,3.604000591201842,6.405095606372425,-0.0013756132440470282,-0.0021376163510475957,15.261467468564549,0.001135708888733202,0.013511906731728933,8.721841248506457e-08,0.0,0.0,-0.0013756132440470282,0.0,-0.0016389370766519476,0.0,0.0,-0.0018525074475425466,0.0,0.0,-0.0020481927681078567,0.0,0.0,-0.002261426671048821,0.0,14.95451437959042,0.0
1080,27.0,1.754331910110277e+18,3.603963538154019,6.405113409630875,-0.0010315436090598815,0.0011181223386708414,15.261545127176744,0.0008784272645692208,0.017852218174656567,2.453897266459161e-08,0.0,0.0,-0.0010315436090598815,0.0,-0.0013756132440470282,0.0,0.0,-0.0016389370766519476,0.0,0.0,-0.0018525074475425466,0.0,0.0,-0.0020481927681078567,0.0,15.311038366922881,0.0
1081,27.025000000000002,1.754331910135277e+18,3.6026497336062504,6.401905568050665,-0.0005814692609488469,0.005861016243226615,15.26089032796651,0.0006992955279164272,0.02208346089568247,-2.2772614475191933e-08,0.0,0.0,-0.0005814692609488469,0.0,-0.0010315436090598815,0.0,0.0,-0.0013756132440470282,0.0,0.0,-0.0016389370766519476,0.0,0.0,-0.0018525074475425466,0.0,15.624913825423691,0.0
1082,27.05,1.754331910160277e+18,3.602649936282035,6.401905484142494,-1.5169988736303323e-05,0.010928756922653108,15.260940385148407,0.0006317668495603679,0.02553015505232858,-4.5607412272416574e-08,0.0,0.0,-1.5169988736303323e-05,0.0,-0.0005814692609488469,0.0,0.0,-0.0010315436090598815,0.0,0.0,-0.0013756132440470282,0.0,0.0,-0.0016389370766519476,0.0,15.935242177867648,0.0
1083,27.075000000000003,1.7543319101852772e+18,3.604180991713,6.4032115311881785,0.0006536494553860601,0.015047474767550915,15.26113083261117,0.0006805862589837761,0.02753322254363821,-4.583432683331704e-08,0.0,0.0,0.0006536494553860601,0.0,-1.5169988736303323e-05,0.0,0.0,-0.0005814692609488469,0.0,0.0,-0.0010315436090598815,0.0,0.0,-0.0013756132440470282,0.0,16.177101200630048,0.0
1084,27.1,1.754331910210277e+18,3.604191790719286,6.403206352908645,0.0013835597867282647,0.017244659675331085,15.261202062498057,0.0008206316743467622,0.027575738768316434,-3.168559892663922e-08,0.0,0.0,0.0013835597867282647,0.0,0.0006536494553860601,0.0,0.0,-1.5169988736303323e-05,0.0,0.0,-0.0005814692609488469,0.0,0.0,-0.0010315436090598815,0.0,16.41787217703179,0.0
1085,27.125,1.754331910235277e+18,3.601362904588759,6.40370522720176,0.002109781786456128,0.016967431397567217,15.260243685734876,0.000999569944788346,0.025430602588945965,-1.2852776557279873e-08,0.0,0.0,0.002109781786456128,0.0,0.0013835597867282647,0.0,0.0,0.0006536494553860601,0.0,0.0,-1.5169988736303323e-05,0.0,0.0,-0.0005814692609488469,0.0,16.563701161450812,0.0
1086,27.150000000000002,1.7543319102602772e+18,3.6013189190256454,6.403752655854518,0.0027571485828721118,0.01400605269213816,15.26017433621568,0.0011499160419520212,0.0212672161838779,3.0713024361930882e-09,0.0,0.0,0.0027571485828721118,0.0,0.002109781786456128,0.0,0.0,0.0013835597867282647,0.0,0.0,0.0006536494553860601,0.0,0.0,-1.5169988736303323e-05,0.0,16.611804743510152,0.0
1087,27.175,1.7543319102852772e+18,3.603352088942317,6.399878660378663,0.0032587625218523457,0.008470672221245654,15.259490173754065,0.0012099096254124479,0.01566375947092401,1.2189374960766014e-08,0.0,0.0,0.0032587625218523457,0.0,0.0027571485828721118,0.0,0.0,0.002109781786456128,0.0,0.0,0.0013835597867282647,0.0,0.0,0.0006536494553860601,0.0,16.57943574498178,0.0
1088,27.200000000000003,1.754331910310277e+18,3.603323146515984,6.399892555525717,0.0035745909668179034,0.0009380400875286662,15.259387388218041,0.001146247794554386,0.009504057011923396,1.4157776902241483e-08,0.0,0.0,0.0035745909668179034,0.0,0.0032587625218523457,0.0,0.0,0.0027571485828721118,0.0,0.0,0.002109781786456128,0.0,0.0,0.0013835597867282647,0.0,16.489529930250153,0.0
1089,27.225,1.754331910335277e+18,3.607562680700296,6.402038035747234,0.0037032175800026847,-0.007382120266927309,15.26056441646673,0.0009698536225806878,0.0037805213411498204,1.0988507261727256e-08,0.0,0.0,0.0037032175800026847,0.0,0.0035745909668179034,0.0,0.0,0.0032587625218523457,0.0,0.0,0.0027571485828721118,0.0,0.0,0.002109781786456128,0.0,16.42053670242308,0.0
1090,27.25,1.754331910360277e+18,3.6075244404494256,6.402056441165849,0.0036817646306031536,-0.014734649212963656,15.260566258694244,0.0007371752671397135,-0.0006397797428641434,5.556692159504775e-09,0.0,0.0,0.0036817646306031536,0.0,0.0037032175800026847,0.0,0.0,0.0035745909668179034,0.0,0.0,0.0032587625218523457,0.0,0.0,0.0027571485828721118,0.0,16.38069430281321,0.0
1091,27.275000000000002,1.7543319103852772e+18,3.607413857859549,6.403087393892259,0.0035734372883803106,-0.01927394354338312,15.26070070661673,0.0005333525682859885,-0.00321442134724527,3.8705448399829425e-10,0.0,0.0,0.0035734372883803106,0.0,0.0036817646306031536,0.0,0.0,0.0037032175800026847,0.0,0.0,0.0035745909668179034,0.0,0.0,0.0032587625218523457,0.0,16.323343794412853,0.0
1092,27.3,1.754331910410277e+18,3.609715920057956,6.400774420557552,0.003447434163524012,-0.01970420468251829,15.26072026933269,0.0004411690993290638,-0.0038308897256442813,-3.0046692230623764e-09,0.0,0.0,0.003447434163524012,0.0,0.0035734372883803106,0.0,0.0,0.0036817646306031536,0.0,0.0,0.0037032175800026847,0.0,0.0,0.0035745909668179034,0.0,16.307526156591404,0.0
1093,27.325000000000003,1.754331910435277e+18,3.60972814871929,6.4007685488995065,0.0033592703907584314,-0.015761308099931835,15.260701063256155,0.0005082015689118555,-0.00279169957714709,-4.2138123188858265e-09,0.0,0.0,0.0033592703907584314,0.0,0.003447434163524012,0.0,0.0,0.0035734372883803106,0.0,0.0,0.0036817646306031536,0.0,0.0,0.0037032175800026847,0.0,16.296371709575336,0.0
1094,27.35,1.7543319104602772e+18,3.607621923570869,6.403246824088859,0.003338799825619327,-0.008288068537955422,15.26029214317706,0.0007275931082809941,-0.0006939204280702021,-3.664910509736664e-09,0.0,0.0,0.003338799825619327,0.0,0.0033592703907584314,0.0,0.0,0.003447434163524012,0.0,0.0,0.0035734372883803106,0.0,0.0,0.0036817646306031536,0.0,16.327134842136942,0.0
1095,27.375,1.7543319104852772e+18,3.6075749865362936,6.40326934215838,0.0033889722547969015,0.0010987560028463857,15.260338479838206,0.0010421069982479321,0.0017501521405354614,-2.1747869949568125e-09,0.0,0.0,0.0033889722547969015,0.0,0.003338799825619327,0.0,0.0,0.0033592703907584314,0.0,0.0,0.003447434163524012,0.0,0.0,0.0035734372883803106,0.0,16.395462685922432,0.0
1096,27.400000000000002,1.754331910510277e+18,3.6038907095745576,6.401362277545504,0.003493318056609619,0.010547607261093066,15.260310046269717,0.001369218175220086,0.0038919883970044877,-5.537742988409572e-10,0.0,0.0,0.003493318056609619,0.0,0.0033889722547969015,0.0,0.0,0.003338799825619327,0.0,0.0,0.0033592703907584314,0.0,0.0,0.003447434163524012,0.0,16.47476207877627,0.0
1097,27.425,1.754331910535277e+18,3.6038330804067225,6.4013899512394605,0.003626932487660517,0.018456289001727067,15.260392854873016,0.0016338425073318113,0.005275759438117783,6.445841889932143e-10,0.0,0.0,0.003626932487660517,0.0,0.003493318056609619,0.0,0.0,0.0033889722547969015,0.0,0.0,0.003338799825619327,0.0,0.0,0.0033592703907584314,0.0,16.579844824276158,0.0
1098,27.450000000000003,1.754331910560277e+18,3.60377995504945,6.401415462190494,0.003765626206728432,0.023706666251771688,15.260469191853053,0.0017923142813022124,0.005692178366981942,1.2018343939162834e-09,0.0,0.0,0.003765626206728432,0.0,0.003626932487660517,0.0,0.0,0.003493318056609619,0.0,0.0,0.0033889722547969015,0.0,0.0,0.003338799825619327,0.0,16.70078384432611,0.0
1099,27.475,1.7543319105852772e+18,3.605959422378211,6.402775683362204,0.0038905727743003497,0.025602362467075816,15.261140306784082,0.0018384956651730361,0.005160468158514538,1.179665770889141e-09,0.0,0.0,0.0038905727743003497,0.0,0.003765626206728432,0.0,0.0,0.003626932487660517,0.0,0.0,0.003493318056609619,0.0,0.0,0.0033889722547969015,0.0,16.83904100031242,0.0
1100,27.5,1.754331910610277e+18,3.607881523589079,6.402359993595137,0.00398905331153738,0.0236469885793485,15.260926616051004,0.0017942295565897104,0.003862543313457262,7.977891169912359e-10,0.0,0.0,0.00398905331153738,0.0,0.0038905727743003497,0.0,0.0,0.003765626206728432,0.0,0.0,0.003626932487660517,0.0,0.0,0.003493318056609619,0.0,17.00009577709313,0.0
1101,27.525000000000002,1.754331910635277e+18,3.6079360851669526,6.402333807181945,0.004053217090738561,0.017435919170254617,15.26089809315851,0.0016934221696923613,0.002061060592537638,3.073900637149878e-10,0.0,0.0,0.004053217090738561,0.0,0.00398905331153738,0.0,0.0,0.0038905727743003497,0.0,0.0,0.003765626206728432,0.0,0.0,0.003626932487660517,0.0,17.170934438677435,0.0
1102,27.55,1.7543319106602772e+18,3.615773959167957,6.392019480427294,0.004078027175275866,0.006896612537151586,15.257614529994207,0.0015691946080223697,2.783853686387066e-05,-9.875645920042526e-11,0.0,0.0,0.004078027175275866,0.0,0.004053217090738561,0.0,0.0,0.00398905331153738,0.0,0.0,0.0038905727743003497,0.0,0.0,0.003765626206728432,0.0,17.34533634139454,0.0
1103,27.575000000000003,1.7543319106852772e+18,3.615763732284566,6.392024372419915,0.004059140531790866,-0.0071555753283003235,15.257537842284133,0.0014486973892578455,-0.002003262096407106,-3.2494635119795587e-10,0.0,0.0,0.004059140531790866,0.0,0.004078027175275866,0.0,0.0,0.004053217090738561,0.0,0.0,0.00398905331153738,0.0,0.0,0.0038905727743003497,0.0,17.537212962714012,0.0
1104,27.6,1.754331910710277e+18,3.6030515342455143,6.405741467645829,0.0039923890407868815,-0.02253934026464858,15.260669974027206,0.0013532769147469575,-0.003857531038274726,-3.667389568090543e-10,0.0,0.0,0.0039923890407868815,0.0,0.004059140531790866,0.0,0.0,0.004078027175275866,0.0,0.0,0.004053217090738561,0.0,0.0,0.00398905331153738,0.0,17.715089862539184,0.0
1105,27.625,1.754331910735277e+18,3.606333587254375,6.407858116799206,0.0038764168593581378,-0.03583794225131917,15.2613710941283,0.0012974631466808404,-0.00542086833479822,-2.7882425164432715e-10,0.0,0.0,0.0038764168593581378,0.0,0.0039923890407868815,0.0,0.0,0.004059140531790866,0.0,0.0,0.004078027175275866,0.0,0.0,0.004053217090738561,0.0,17.90281243127964,0.0
1106,27.650000000000002,1.754331910760277e+18,3.606321130776523,6.407864089132623,0.0037170740005622732,-0.04337418472414674,15.261378209050875,0.0012830444028989426,-0.006629133456460639,-1.3625273399980996e-10,0.0,0.0,0.0037170740005622732,0.0,0.0038764168593581378,0.0,0.0,0.0039923890407868815,0.0,0.0,0.004059140531790866,0.0,0.0,0.004078027175275866,0.0,18.062851689130877,0.0
1107,27.675,1.7543319107852772e+18,3.603565614918717,6.408421460507924,0.0035291046677649036,-0.042700799087779254,15.260936668371432,0.0012921942876293695,-0.007450751475744965,-3.555145913649887e-12,0.0,0.0,0.0035291046677649036,0.0,0.0037170740005622732,0.0,0.0,0.0038764168593581378,0.0,0.0,0.0039923890407868815,0.0,0.0,0.004059140531790866,0.0,18.235266108252535,0.0
1108,27.700000000000003,1.754331910810277e+18,3.603537620727782,6.408434868281072,0.0033319645943328128,-0.033847532844439136,15.260886009519663,0.0012885507609381613,-0.00786612948976805,8.151635045249165e-11,0.0,0.0,0.0033319645943328128,0.0,0.0035291046677649036,0.0,0.0,0.0037170740005622732,0.0,0.0,0.0038764168593581378,0.0,0.0,0.0039923890407868815,0.0,18.382231311865997,0.0
1109,27.725,1.754331910835277e+18,3.595743681459488,6.4072437927112365,0.0031420452099861513,-0.019578419104027953,15.260687979758774,0.0012317858489894265,-0.00784858812247088,1.0992552087801108e-10,0.0,0.0,0.0031420452099861513,0.0,0.0033319645943328128,0.0,0.0,0.0035291046677649036,0.0,0.0,0.0037170740005622732,0.0,0.0,0.0038764168593581378,0.0,18.56017135713813,0.0
1110,27.75,1.7543319108602772e+18,3.595717973144882,6.407256117525753,0.0029675219555117785,-0.004403552756470058,15.260819032413796,0.0011012736322580075,-0.007354528051252113,9.362353973186215e-11,0.0,0.0,0.0029675219555117785,0.0,0.0031420452099861513,0.0,0.0,0.0033319645943328128,0.0,0.0,0.0035291046677649036,0.0,0.0,0.0037170740005622732,0.0,18.72674338932065,0.0
1111,27.775000000000002,1.7543319108852772e+18,3.605806724543226,6.40594033771243,0.0028100459179965383,0.007207022622901609,15.260790186048297,0.0009155237986083702,-0.006331425532813019,5.411444968503429e-11,0.0,0.0,0.0028100459179965383,0.0,0.0029675219555117785,0.0,0.0,0.0031420452099861513,0.0,0.0,0.0033319645943328128,0.0,0.0,0.0035291046677649036,0.0,18.941913435419487,0.0
1112,27.8,1.754331910910277e+18,3.605762001195464,6.405961792129274,0.0026716725133939757,0.012518446979323564,15.26073172789613,0.000733362224152362,-0.0047473130166857105,1.224125787477836e-11,0.0,0.0,0.0026716725133939757,0.0,0.0028100459179965383,0.0,0.0,0.0029675219555117785,0.0,0.0,0.0031420452099861513,0.0,0.0,0.0033319645943328128,0.0,19.15611925992838,0.0
1113,27.825000000000003,1.754331910935277e+18,3.598627631823185,6.4046690399708925,0.0025614736722891986,0.011371784640181674,15.260527950370616,0.0006320215346230535,-0.002634781954983878,-1.807066963444099e-11,0.0,0.0,0.0025614736722891986,0.0,0.0026716725133939757,0.0,0.0,0.0028100459179965383,0.0,0.0,0.0029675219555117785,0.0,0.0,0.0031420452099861513,0.0,19.369353412152567,0.0
1114,27.85,1.754331910960277e+18,3.5986285476112267,6.40466860018555,0.0024969752507471503,0.005927310016367382,15.260602103733376,0.0006712244389866891,-0.0001311814564326531,-3.161530895511859e-11,0.0,0.0,0.0024969752507471503,0.0,0.0025614736722891986,0.0,0.0,0.0026716725133939757,0.0,0.0,0.0028100459179965383,0.0,0.0,0.0029675219555117785,0.0,19.634628458891825,0.0
1115,27.875,1.7543319109852772e+18,3.600942241836695,6.407593756218313,0.0024990475742340053,-0.0004329469525291897,15.261061421786502,0.0008617851722079504,0.0025081704325503546,-3.032707252719704e-11,0.0,0.0,0.0024990475742340053,0.0,0.0024969752507471503,0.0,0.0,0.0025614736722891986,0.0,0.0,0.0026716725133939757,0.0,0.0,0.0028100459179965383,0.0,19.949736131256103,0.0
1116,27.900000000000002,1.754331911010277e+18,3.6008937304983117,6.407660223817448,0.0025823069324239483,-0.0045345407985758835,15.260921255640989,0.0011555443135526,0.004940275714854944,-2.00552049936526e-11,0.0,0.0,0.0025823069324239483,0.0,0.0024990475742340053,0.0,0.0,0.0024969752507471503,0.0,0.0,0.0025614736722891986,0.0,0.0,0.0026716725133939757,0.0,20.24727797601632,0.0
1117,27.925,1.754331911035277e+18,3.6024513418348536,6.405831337289058,0.0027453699278411512,-0.004634465732284606,15.260684422857935,0.0014624123433095927,0.006807482801336969,-7.30207437134965e-12,0.0,0.0,0.0027453699278411512,0.0,0.0025823069324239483,0.0,0.0,0.0024990475742340053,0.0,0.0,0.0024969752507471503,0.0,0.0,0.0025614736722891986,0.0,20.582803573592038,0.0
1118,27.950000000000003,1.7543319110602772e+18,3.602451466520557,6.405831272568944,0.0029661042629282965,-0.001016246063651721,15.260673189003452,0.0016873637542684985,0.007831924866430518,3.0442980887924543e-12,0.0,0.0,0.0029661042629282965,0.0,0.0027453699278411512,0.0,0.0,0.0025823069324239483,0.0,0.0,0.0024990475742340053,0.0,0.0,0.0024969752507471503,0.0,20.893371199269673,0.0
1119,27.975,1.7543319110852772e+18,3.598856860547853,6.406290577952887,0.0032055579701396205,0.00425036849278475,15.260585249836339,0.001771064692009519,0.007896577870683298,8.641559956190159e-12,0.0,0.0,0.0032055579701396205,0.0,0.0029661042629282965,0.0,0.0,0.0027453699278411512,0.0,0.0,0.0025823069324239483,0.0,0.0,0.0024990475742340053,0.0,21.23920846150143,0.0
1120,28.0,1.754331911110277e+18,3.5988538165290804,6.406292033122467,0.003420364143901431,0.008294177913957215,15.260615654444596,0.0017153187983950404,0.007079723276113759,9.48850711147742e-12,0.0,0.0,0.003420364143901431,0.0,0.0032055579701396205,0.0,0.0,0.0029661042629282965,0.0,0.0,0.0027453699278411512,0.0,0.0,0.0025823069324239483,0.0,21.620917549589123,0.0
1121,28.025000000000002,1.754331911135277e+18,3.6001689012277507,6.403379636080835,0.0035785587439576116,0.00876726370426693,15.260648105510148,0.0015808158956170755,0.005627029462766723,7.065646266650651e-12,0.0,0.0,0.0035785587439576116,0.0,0.003420364143901431,0.0,0.0,0.0032055579701396205,0.0,0.0,0.0029661042629282965,0.0,0.0,0.0027453699278411512,0.0,21.97926141699595,0.0
1122,28.05,1.754331911160277e+18,3.600145842132516,6.4033906925673305,0.0036706308880283954,0.004920913529570763,15.260647659953472,0.001458085734188697,0.003871270347142879,3.329360515038384e-12,0.0,0.0,0.0036706308880283954,0.0,0.0035785587439576116,0.0,0.0,0.003420364143901431,0.0,0.0,0.0032055579701396205,0.0,0.0,0.0029661042629282965,0.0,22.369943804782224,0.0
1123,28.075000000000003,1.7543319111852772e+18,3.6010404686984976,6.407155638620282,0.0037091809447243676,-0.0020686769874157674,15.26135956327854,0.0014256763586864994,0.0021315697250300835,-7.291146936082255e-14,0.0,0.0,0.0037091809447243676,0.0,0.0036706308880283954,0.0,0.0,0.0035785587439576116,0.0,0.0,0.003420364143901431,0.0,0.0,0.0032055579701396205,0.0,22.7288162339207,0.0
1124,28.1,1.754331911210277e+18,3.6009949845664138,6.407177464130458,0.003717342155685921,-0.009671311686441291,15.26141329671559,0.0015149276693702052,0.000631308235950578,-2.2029252925047895e-12,0.0,0.0,0.003717342155685921,0.0,0.0037091809447243676,0.0,0.0,0.0036706308880283954,0.0,0.0,0.0035785587439576116,0.0,0.0,0.003420364143901431,0.0,23.10847285429018,0.0
1125,28.125,1.754331911235277e+18,3.6022797787086707,6.407247667295626,0.0037138060070780582,-0.01517214566270483,15.26127975177073,0.0016964407465014496,-0.0005367482135854941,-2.863739690850538e-12,0.0,0.0,0.0037138060070780582,0.0,0.003717342155685921,0.0,0.0,0.0037091809447243676,0.0,0.0,0.0036706308880283954,0.0,0.0,0.0035785587439576116,0.0,23.507730663515144,0.0
1126,28.150000000000002,1.7543319112602772e+18,3.602185170570763,6.4069671578733445,0.0037042829345592123,-0.016850216402559695,15.260980633675905,0.0018928590914053854,-0.001391968605921166,-2.3888759296192256e-12,0.0,0.0,0.0037042829345592123,0.0,0.0037138060070780582,0.0,0.0,0.003717342155685921,0.0,0.0,0.0037091809447243676,0.0,0.0,0.0036706308880283954,0.0,23.877512436846814,0.0
1127,28.175,1.7543319112852772e+18,3.6021386503760597,6.406989426748881,0.003683529138406721,-0.014600745426186902,15.260911708764862,0.002011332686512246,-0.0020106096269984735,-1.343499104868854e-12,0.0,0.0,0.003683529138406721,0.0,0.0037042829345592123,0.0,0.0,0.0037138060070780582,0.0,0.0,0.003717342155685921,0.0,0.0,0.0037091809447243676,0.0,21.553081883902262,0.0
1128,28.200000000000003,1.754331911310277e+18,3.603876860169818,6.404747141651141,0.003643980105008296,-0.009759658288088242,15.26106945814076,0.0019815280267853567,-0.002462839631337385,-2.631115398551833e-13,0.0,0.0,0.003643980105008296,0.0,0.003683529138406721,0.0,0.0,0.0037042829345592123,0.0,0.0,0.0037138060070780582,0.0,0.0,0.003717342155685921,0.0,19.257865556716308,0.0
1129,28.225,1.754331911335277e+18,3.6038257209178592,6.404809068430245,0.003583540103219057,-0.004322656428293776,15.2610862460246,0.001783501045486993,-0.0027691818331547053,5.025364350588773e-13,0.0,0.0,0.003583540103219057,0.0,0.003643980105008296,0.0,0.0,0.003683529138406721,0.0,0.0,0.0037042829345592123,0.0,0.0,0.0037138060070780582,0.0,17.03866260744891,0.0
1130,28.25,1.754331911360277e+18,3.603015259734828,6.406478665391036,0.0035078842920062193,-3.492592100164655e-05,15.260992275876434,0.0014545909127991932,-0.0028907628553124626,8.302880046675415e-13,0.0,0.0,0.0035078842920062193,0.0,0.003583540103219057,0.0,0.0,0.003643980105008296,0.0,0.0,0.003683529138406721,0.0,0.0,0.0037042829345592123,0.0,14.945411207215672,0.0
1131,28.275000000000002,1.7543319113852772e+18,3.603068168074728,6.406453278346397,0.0034278186582485893,0.0021957157022327064,15.260988201279677,0.001074166510932707,-0.0027518854230532182,7.787642795135947e-13,0.0,0.0,0.0034278186582485893,0.0,0.0035078842920062193,0.0,0.0,0.003583540103219057,0.0,0.0,0.003643980105008296,0.0,0.0,0.003683529138406721,0.0,13.022309426507992,0.0
1132,28.3,1.754331911410277e+18,3.6035507962504303,6.406053621064675,0.003355221925876416,0.002378368754334675,15.26121284090743,0.0007347755711251431,-0.0022816596564052363,5.033247664314565e-13,0.0,0.0,0.003355221925876416,0.0,0.0034278186582485893,0.0,0.0,0.0035078842920062193,0.0,0.0,0.003583540103219057,0.0,0.0,0.003643980105008296,0.0,11.300070406863442,0.0
1133,28.325000000000003,1.754331911435277e+18,3.603554419386106,6.406051878491175,0.003300473967925719,0.0011308322588017394,15.261263694791989,0.0005120338978703278,-0.0014570747995405545,1.7209407388175784e-13,0.0,0.0,0.003300473967925719,0.0,0.003355221925876416,0.0,0.0,0.0034278186582485893,0.0,0.0,0.0035078842920062193,0.0,0.0,0.003583540103219057,0.0,9.791559979493845,0.0
1134,28.35,1.7543319114602772e+18,3.6038654153463,6.405746925860015,0.0032718248746848367,-0.0007422628876355924,15.261221222779536,0.0004425528598313056,-0.00033225120197018855,-9.115173158625894e-14,0.0,0.0,0.0032718248746848367,0.0,0.003300473967925719,0.0,0.0,0.003355221925876416,0.0,0.0,0.0034278186582485893,0.0,0.0,0.0035078842920062193,0.0,8.491743956118903,0.0
1135,28.375,1.7543319114852772e+18,3.603857769611744,6.405750590461762,0.003275334873078046,-0.002551270817626781,15.261246453632356,0.0005148973017848193,0.0009551735109907618,-2.292941430653897e-13,0.0,0.0,0.003275334873078046,0.0,0.0032718248746848367,0.0,0.0,0.003300473967925719,0.0,0.0,0.003355221925876416,0.0,0.0,0.0034278186582485893,0.0,7.381401086724415,0.0
1136,28.400000000000002,1.754331911510277e+18,3.6012778710698177,6.407486552026013,0.0033139125066499876,-0.0038245420394270157,15.260393051740852,0.0006765648076061387,0.0022023204540768397,-2.4520247657001185e-13,0.0,0.0,0.0033139125066499876,0.0,0.003275334873078046,0.0,0.0,0.0032718248746848367,0.0,0.0,0.003300473967925719,0.0,0.0,0.003355221925876416,0.0,6.433014260423624,0.0
1137,28.425,1.754331911535277e+18,3.601214598395768,6.407516865973186,0.003385222910081361,-0.004275708733554543,15.260285056172357,0.0008564000463630891,0.0031792925711512906,-1.7880794527265555e-13,0.0,0.0,0.003385222910081361,0.0,0.0033139125066499876,0.0,0.0,0.003275334873078046,0.0,0.0,0.0032718248746848367,0.0,0.0,0.003300473967925719,0.0,5.616910821589571,0.0
1138,28.450000000000003,1.754331911560277e+18,3.6027498868687458,6.406302811057556,0.003479824473802773,-0.0037474618109155323,15.261084320483365,0.0009937324089696789,0.0036777941171494545,-8.104069741048582e-14,0.0,0.0,0.003479824473802773,0.0,0.003385222910081361,0.0,0.0,0.0033139125066499876,0.0,0.0,0.003275334873078046,0.0,0.0,0.0032718248746848367,0.0,4.906078463884312,0.0
1139,28.475,1.7543319115852772e+18,3.6027602986338207,6.406297799729872,0.0035815376266900593,-0.002209644211532798,15.261180623516221,0.0010593967267083864,0.003558119855836996,6.090977797633067e-15,0.0,0.0,0.0035815376266900593,0.0,0.003479824473802773,0.0,0.0,0.003385222910081361,0.0,0.0,0.0033139125066499876,0.0,0.0,0.003275334873078046,0.0,4.2788856431547995,0.0
1140,28.5,1.754331911610277e+18,3.603538459209621,6.405734596293378,0.0036708265097763447,0.00017709235064841455,15.260234668128662,0.001058213744174337,0.002782936568494198,5.93232474338084e-14,0.0,0.0,0.0036708265097763447,0.0,0.0035815376266900593,0.0,0.0,0.003479824473802773,0.0,0.0,0.003385222910081361,0.0,0.0,0.0033139125066499876,0.0,3.7197584089666633,0.0
1141,28.525000000000002,1.754331911635277e+18,3.602589999626552,6.407174636621135,0.003729683757859276,0.002984693826322731,15.261064919306992,0.0010152047928030088,0.0014296921782811442,7.450687635597638e-14,0.0,0.0,0.003729683757859276,0.0,0.0036708265097763447,0.0,0.0,0.0035815376266900593,0.0,0.0,0.003479824473802773,0.0,0.0,0.003385222910081361,0.0,3.2183669377234327,0.0
1142,28.55,1.7543319116602772e+18,3.6025545865852724,6.4071916411144665,0.003745427576034684,0.0055218958027471446,15.26108388807247,0.0009573289811382049,-0.00032102825696413785,6.088101369570921e-14,0.0,0.0,0.003745427576034684,0.0,0.003729683757859276,0.0,0.0,0.0036708265097763447,0.0,0.0,0.0035815376266900593,0.0,0.0,0.003479824473802773,0.0,2.768029305703127,0.0
1143,28.575000000000003,1.7543319116852772e+18,3.6042820181816246,6.404859011428608,0.003712086340423482,0.007001511514732693,15.261279163937312,0.0009014162514009709,-0.0022179821499633363,3.327515766543082e-14,0.0,0.0,0.003712086340423482,0.0,0.003745427576034684,0.0,0.0,0.003729683757859276,0.0,0.0,0.0036708265097763447,0.0,0.0,0.0035815376266900593,0.0,2.364004565890262,0.0
1144,28.6,1.754331911710277e+18,3.60192733375811,6.403758288140938,0.003630155685978157,0.006864872128832257,15.260628490565573,0.0008509964125531712,-0.0039847553731322686,5.431823557446623e-15,0.0,0.0,0.003630155685978157,0.0,0.003712086340423482,0.0,0.0,0.003745427576034684,0.0,0.0,0.003729683757859276,0.0,0.0,0.0036708265097763447,0.0,2.0021963901300355,0.0
1145,28.625000000000004,1.754331911735277e+18,3.601905451001665,6.403768758324644,0.003506200257005543,0.0051210091435398815,15.260596330060082,0.0007988812031927273,-0.005368130026264314,-1.38795144034193e-14,0.0,0.0,0.003506200257005543,0.0,0.003630155685978157,0.0,0.0,0.003712086340423482,0.0,0.0,0.003745427576034684,0.0,0.0,0.003729683757859276,0.0,1.6785230863090939,0.0
1146,28.650000000000002,1.754331911760277e+18,3.6042882777333176,6.406543275767241,0.0033526863205380845,0.002473876367432273,15.260987949307314,0.0007325969904110816,-0.00617940353936258,-2.1770562469632854e-14,0.0,0.0,0.0033526863205380845,0.0,0.003506200257005543,0.0,0.0,0.003630155685978157,0.0,0.0,0.003712086340423482,0.0,0.0,0.003745427576034684,0.0,1.3889055485775563,0.0
1147,28.675,1.7543319117852772e+18,3.604263133731725,6.4065553338057954,0.003187137076330553,8.324275218522692e-05,15.260911003951142,0.0006420332361891052,-0.006321049666209764,-1.9974921173178202e-14,0.0,0.0,0.003187137076330553,0.0,0.0033526863205380845,0.0,0.0,0.003506200257005543,0.0,0.0,0.003630155685978157,0.0,0.0,0.003712086340423482,0.0,1.1296195533924418,0.0
1148,28.700000000000003,1.754331911810277e+18,3.603994867885822,6.405960812962605,0.003029570371285691,-0.0009746502875737879,15.261101600790408,0.0005276316303419733,-0.0057950010648567685,-1.261006223974171e-14,0.0,0.0,0.003029570371285691,0.0,0.003187137076330553,0.0,0.0,0.0033526863205380845,0.0,0.0,0.003506200257005543,0.0,0.0,0.003630155685978157,0.0,0.8977264008575779,0.0
1149,28.725,1.754331911835277e+18,3.600119206097633,6.406536620108059,0.002898270278461117,-0.0002622843880420495,15.26060607269742,0.0004044319581752025,-0.004693513359350999,-4.01789306484874e-15,0.0,0.0,0.002898270278461117,0.0,0.003029570371285691,0.0,0.0,0.003187137076330553,0.0,0.0,0.0033526863205380845,0.0,0.0,0.003506200257005543,0.0,0.6913858079242478,0.0
1150,28.750000000000004,1.7543319118602772e+18,3.599751698879415,6.406473861637306,0.002805447938122175,0.0017723018701295487,15.261222265544738,0.0002981602617154414,-0.003177812701209393,2.6715866468271844e-15,0.0,0.0,0.002805447938122175,0.0,0.002898270278461117,0.0,0.0,0.003029570371285691,0.0,0.0,0.003187137076330553,0.0,0.0,0.0033526863205380845,0.0,0.5099547110437795,0.0
1151,28.775000000000002,1.7543319118852772e+18,3.599778360897941,6.4064610574210095,0.0027550499201659633,0.003992646386029809,15.261299742995252,0.00023520421750514509,-0.0014519389874563997,6.071211491186371e-15,0.0,0.0,0.0027550499201659633,0.0,0.002805447938122175,0.0,0.0,0.002898270278461117,0.0,0.0,0.003029570371285691,0.0,0.0,0.003187137076330553,0.0,0.35382573148073193,0.0
1152,28.8,1.754331911910277e+18,3.599815472371226,6.4064432349395455,0.002743934126859399,0.005068745520553124,15.261407585630362,0.00023302304400733972,0.0002618470293354937,6.3291282900518635e-15,0.0,0.0,0.002743934126859399,0.0,0.0027550499201659633,0.0,0.0,0.002805447938122175,0.0,0.0,0.002898270278461117,0.0,0.0,0.003029570371285691,0.0,0.2239919123300057,0.0
1153,28.825000000000003,1.754331911935277e+18,3.6025994985473018,6.4073629347209415,0.0027653841204595725,0.003972258355291551,15.26127458752741,0.00029656917664954216,0.0017438181105593222,4.518739533425074e-15,0.0,0.0,0.0027653841204595725,0.0,0.002743934126859399,0.0,0.0,0.0027550499201659633,0.0,0.0,0.002805447938122175,0.0,0.0,0.002898270278461117,0.0,0.12139498331076803,0.0
1154,28.85,1.754331911960277e+18,3.6026391472894157,6.405822168933687,0.002812383002483047,0.00026159563460596017,15.26093557671973,0.00042078283987122554,0.0027964227135605785,1.9641787458135808e-15,0.0,0.0,0.002812383002483047,0.0,0.0027653841204595725,0.0,0.0,0.002743934126859399,0.0,0.0,0.0027550499201659633,0.0,0.0,0.002805447938122175,0.0,0.04622040903471158,0.0
1155,28.875000000000004,1.7543319119852772e+18,3.602626150973648,6.405828394217908,0.002878550586863742,-0.005846677257283391,15.260949456574187,0.0005944292044125926,0.003268118201860591,-2.646717118660715e-16,0.0,0.0,0.002878550586863742,0.0,0.002812383002483047,0.0,0.0,0.0027653841204595725,0.0,0.0,0.002743934126859399,0.0,0.0,0.0027550499201659633,0.0,-0.0026280228861918858,0.0
1156,28.900000000000002,1.754331912010277e+18,3.603307270726796,6.406695652450625,0.0029565965927592966,-0.01350624978011843,15.260920797982395,0.0008012628831298902,0.003084227330091,-1.5924205075984631e-15,0.0,0.0,0.0029565965927592966,0.0,0.002878550586863742,0.0,0.0,0.002812383002483047,0.0,0.0,0.0027653841204595725,0.0,0.0,0.002743934126859399,0.0,-0.02768410031191148,0.0
1157,28.925,1.754331912035277e+18,3.603303412873404,6.406697493390883,0.003035967344719519,-0.021305700114618256,15.260868289483806,0.001019317538126151,0.0022802136658218036,-1.9359815765229363e-15,0.0,0.0,0.003035967344719519,0.0,0.0029565965927592966,0.0,0.0,0.002878550586863742,0.0,0.0,0.002812383002483047,0.0,0.0,0.0027653841204595725,0.0,-0.032666446293430344,0.0
1158,28.950000000000003,1.7543319120602772e+18,3.604523094974323,6.407725023309709,0.003101969513837562,-0.02742372551471603,15.261857571875712,0.0012214343073443064,0.0010238979516913776,-1.5496778365069247e-15,0.0,0.0,0.003101969513837562,0.0,0.003035967344719519,0.0,0.0,0.0029565965927592966,0.0,0.0,0.002878550586863742,0.0,0.0,0.002812383002483047,0.0,-0.02194800474939186,0.0
1159,28.975,1.7543319120852772e+18,3.6033867603535263,6.406729348744296,0.0031379434581303603,-0.02996961233671654,15.261352634284222,0.0013779625525922343,-0.00039148318890500056,-8.220196219116346e-16,0.0,0.0,0.0031379434581303603,0.0,0.003101969513837562,0.0,0.0,0.003035967344719519,0.0,0.0,0.0029565965927592966,0.0,0.0,0.002878550586863742,0.0,2.963365731731499e-05,0.0
1160,29.000000000000004,1.754331912110277e+18,3.6033867603535263,6.406729348744296,0.003130610205337255,-0.027509763534638933,15.261352634284222,0.0014608779242692722,-0.0015969195216814615,-1.0527547535163181e-16,0.0,0.0,0.003130610205337255,0.0,0.0031379434581303603,0.0,0.0,0.003101969513837562,0.0,0.0,0.003035967344719519,0.0,0.0,0.0029565965927592966,0.0,0.029201847789686118,0.0
1161,29.025000000000002,1.754331912135277e+18,3.605635280512536,6.408961632419534,0.0030771185229244062,-0.019623110979874712,15.261820270662005,0.0014495452118372374,-0.0022387969825041973,3.8106391396621e-16,0.0,0.0,0.0030771185229244062,0.0,0.003130610205337255,0.0,0.0,0.0031379434581303603,0.0,0.0,0.003101969513837562,0.0,0.0,0.003035967344719519,0.0,0.06210778511229234,0.0
1162,29.05,1.754331912160277e+18,3.6056520467213247,6.408953593150742,0.0029906921191885,-0.007239378953061849,15.261777842805312,0.0013380233459915777,-0.002090154372532442,5.699643191543729e-16,0.0,0.0,0.0029906921191885,0.0,0.0030771185229244062,0.0,0.0,0.003130610205337255,0.0,0.0,0.0031379434581303603,0.0,0.0,0.003101969513837562,0.0,0.0959448043097211,0.0
1163,29.075000000000003,1.7543319121852772e+18,3.6020342649031063,6.405901195910869,0.0029007299830804086,0.007425165485885633,15.260977065039631,0.001140759734439636,-0.001143887462109305,5.117596033302409e-16,0.0,0.0,0.0029007299830804086,0.0,0.0029906921191885,0.0,0.0,0.0030771185229244062,0.0,0.0,0.003130610205337255,0.0,0.0,0.0031379434581303603,0.0,0.12855268733976996,0.0
1164,29.1,1.754331912210277e+18,3.6020008768387823,6.4059171644341415,0.002844621295135662,0.021349176996598548,15.260982862095211,0.0008924578089733671,0.0003535972208924616,3.1535159811171804e-16,0.0,0.0,0.002844621295135662,0.0,0.0029007299830804086,0.0,0.0,0.0029906921191885,0.0,0.0,0.0030771185229244062,0.0,0.0,0.003130610205337255,0.0,0.15839794620250347,0.0
1165,29.125000000000004,1.754331912235277e+18,3.602761970741477,6.40695323269075,0.002853053957192106,0.03146017748783246,15.261007378093083,0.0006414258654901841,0.0019544984332699445,9.274200773103648e-17,0.0,0.0,0.002853053957192106,0.0,0.002844621295135662,0.0,0.0,0.0029007299830804086,0.0,0.0,0.0029906921191885,0.0,0.0,0.0030771185229244062,0.0,0.1845608569163194,0.0
1166,29.150000000000002,1.7543319122602772e+18,3.603074881302263,6.405951938768991,0.0029353105078393656,0.03545734011037895,15.261387121029156,0.000439586780659783,0.0031428415588745373,-7.703102590034869e-17,0.0,0.0,0.0029353105078393656,0.0,0.002853053957192106,0.0,0.0,0.002844621295135662,0.0,0.0,0.0029007299830804086,0.0,0.0,0.0029906921191885,0.0,0.20669027079081087,0.0
1167,29.175,1.7543319122852772e+18,3.596464936224317,6.40503639046006,0.0030721690196087144,0.03250569602362663,15.260254872272364,0.0003322682232472216,0.003509156883831269,-1.6043278272310438e-16,0.0,0.0,0.0030721690196087144,0.0,0.0029353105078393656,0.0,0.0,0.002853053957192106,0.0,0.0,0.002844621295135662,0.0,0.0,0.0029007299830804086,0.0,0.22490352415466297,0.0
1168,29.200000000000003,1.754331912310277e+18,3.596472385716641,6.405032817485521,0.0032207404282549954,0.02358967809764471,15.26023592690738,0.0003485884632613318,0.002903523301001591,-1.631772991160176e-16,0.0,0.0,0.0032207404282549954,0.0,0.0030721690196087144,0.0,0.0,0.0029353105078393656,0.0,0.0,0.002853053957192106,0.0,0.0,0.002844621295135662,0.0,0.23964189177438558,0.0
1169,29.225,1.754331912335277e+18,3.600861092502321,6.407770716967919,0.0033300145688588464,0.01131926314424513,15.261312684981188,0.0004928275856818128,0.0015045620912305976,-1.1403104076157096e-16,0.0,0.0,0.0033300145688588464,0.0,0.0032207404282549954,0.0,0.0,0.0030721690196087144,0.0,0.0,0.0029353105078393656,0.0,0.0,0.002853053957192106,0.0,0.25151321566653834,0.0
1170,29.250000000000004,1.754331912360277e+18,3.600827750409194,6.407786728167837,0.0033610511291203796,-0.0008613429075887652,15.261377337844433,0.0007393306166668187,-0.00023033179812225428,-4.737652604828759e-17,0.0,0.0,0.0033610511291203796,0.0,0.0033300145688588464,0.0,0.0,0.0032207404282549954,0.0,0.0,0.0030721690196087144,0.0,0.0,0.0029353105078393656,0.0,0.2611554047827162,0.0
1171,29.275000000000002,1.7543319123852772e+18,3.6062047704817335,6.406591140133646,0.0033036648067169827,-0.009824722637075591,15.261702504667966,0.001034900615791605,-0.0017228160106024042,9.571573479781851e-18,0.0,0.0,0.0033036648067169827,0.0,0.0033610511291203796,0.0,0.0,0.0033300145688588464,0.0,0.0,0.0032207404282549954,0.0,0.0,0.0030721690196087144,0.0,0.2691447732721413,0.0
1172,29.3,1.754331912410277e+18,3.606173042442288,6.406606331547128,0.003182354486477113,-0.013815984872151745,15.261671956851425,0.0013101986175032775,-0.0024840190387542906,4.2620185853132953e-17,0.0,0.0,0.003182354486477113,0.0,0.0033036648067169827,0.0,0.0,0.0033610511291203796,0.0,0.0,0.0033300145688588464,0.0,0.0,0.0032207404282549954,0.0,0.2759564483318989,0.0
1173,29.325000000000003,1.754331912435277e+18,3.601228306375175,6.40715229802395,0.0030476739151679907,-0.012966857595647705,15.26151389914235,0.0014969118752976036,-0.002297626792792829,5.024127010394015e-17,0.0,0.0,0.0030476739151679907,0.0,0.003182354486477113,0.0,0.0,0.0033036648067169827,0.0,0.0,0.0033610511291203796,0.0,0.0,0.0033300145688588464,0.0,0.28196494258248195,0.0
1174,29.35,1.7543319124602772e+18,3.604857753442317,6.406061560602451,0.0029550926993420477,-0.00905194036995019,15.261560630951438,0.0015452125741514074,-0.0013034452248201305,3.939692360886575e-17,0.0,0.0,0.0029550926993420477,0.0,0.0030476739151679907,0.0,0.0,0.003182354486477113,0.0,0.0,0.0033036648067169827,0.0,0.0,0.0033610511291203796,0.0,0.28746092684854424,0.0
1175,29.375000000000004,1.7543319124852772e+18,3.604879446139374,6.406051176365326,0.0029401224127889782,-0.004613852326799313,15.261558645348224,0.0014377676515413085,5.274636153778927e-05,2.0250325073482297e-17,0.0,0.0,0.0029401224127889782,0.0,0.0029550926993420477,0.0,0.0,0.0030476739151679907,0.0,0.0,0.003182354486477113,0.0,0.0,0.0033036648067169827,0.0,0.29266247593238204,0.0
1176,29.400000000000002,1.754331912510277e+18,3.6011859711674123,6.408301165724543,0.003001956210078916,-0.0018677636233500382,15.260881379944898,0.00119804458464156,0.0011845370158104773,1.8209646289374223e-18,0.0,0.0,0.003001956210078916,0.0,0.0029401224127889782,0.0,0.0,0.0029550926993420477,0.0,0.0,0.0030476739151679907,0.0,0.0,0.003182354486477113,0.0,0.2977126249105688,0.0
1177,29.425,1.754331912535277e+18,3.6011463543288293,6.4083201319688,0.003104472382831037,-0.001862993894878537,15.261025330238233,0.0008888021560041362,0.0015820048213440903,-1.0407829524763223e-17,0.0,0.0,0.003104472382831037,0.0,0.003001956210078916,0.0,0.0,0.0029401224127889782,0.0,0.0,0.0029550926993420477,0.0,0.0,0.0030476739151679907,0.0,0.3026696047409424,0.0
1178,29.450000000000003,1.754331912560277e+18,3.602878746054338,6.407523080875807,0.0031942146462359804,-0.0042131377331943555,15.261107986143825,0.000595905790191832,0.000999041668317054,-1.4900036829036454e-17,0.0,0.0,0.0031942146462359804,0.0,0.003104472382831037,0.0,0.0,0.003001956210078916,0.0,0.0,0.0029401224127889782,0.0,0.0,0.0029550926993420477,0.0,0.30750275646383035,0.0
1179,29.475,1.7543319125852772e+18,3.6036342934721945,6.408198563553025,0.003225430198098134,-0.007429876435964303,15.261792801017673,0.0003994885038013453,-0.0004556375168330319,-1.309622153858633e-17,0.0,0.0,0.003225430198098134,0.0,0.0031942146462359804,0.0,0.0,0.003104472382831037,0.0,0.0,0.003001956210078916,0.0,0.0,0.0029401224127889782,0.0,0.3121037999059755,0.0
1180,29.500000000000004,1.754331912610277e+18,3.60360930408467,6.408210535568919,0.003178673429188272,-0.009654419966715271,15.26180369776721,0.00034577439389420266,-0.0023506745687161684,-7.871144052582126e-18,0.0,0.0,0.003178673429188272,0.0,0.003225430198098134,0.0,0.0,0.0031942146462359804,0.0,0.0,0.003104472382831037,0.0,0.0,0.003001956210078916,0.0,0.3163140169442236,0.0
1181,29.525000000000002,1.754331912635277e+18,3.6035804103912383,6.40822437807533,0.003064541511332738,-0.009461922171411312,15.261816297009197,0.0004357194820014635,-0.004068680043294214,-2.1106130060309225e-18,0.0,0.0,0.003064541511332738,0.0,0.003178673429188272,0.0,0.0,0.003225430198098134,0.0,0.0,0.0031942146462359804,0.0,0.0,0.003104472382831037,0.0,0.3199600277165052,0.0
1182,29.55,1.7543319126602772e+18,3.606952183298556,6.407204778917074,0.002914169793007729,-0.006433558142811221,15.26188895257139,0.0006345421677619228,-0.004995686201383677,2.1924407421402265e-18,0.0,0.0,0.002914169793007729,0.0,0.003064541511332738,0.0,0.0,0.003178673429188272,0.0,0.0,0.003225430198098134,0.0,0.0,0.0031942146462359804,0.0,0.32288936749824926,0.0
1183,29.575000000000003,1.7543319126852772e+18,3.60421152728456,6.407262157481035,0.0027653070721266656,-0.001307239308131135,15.261359086434346,0.0008904967720507498,-0.004701970394289712,4.23149118025162e-18,0.0,0.0,0.0027653070721266656,0.0,0.002914169793007729,0.0,0.0,0.003064541511332738,0.0,0.0,0.003178673429188272,0.0,0.0,0.003225430198098134,0.0,0.32500102511498985,0.0
1184,29.6,1.754331912710277e+18,3.6042237835240414,6.407256287229655,0.002652144874992232,0.004324725981304567,15.261362661483997,0.0011488774696942665,-0.003064360154426031,4.202191886971416e-18,0.0,0.0,0.002652144874992232,0.0,0.0027653070721266656,0.0,0.0,0.002914169793007729,0.0,0.0,0.003064541511332738,0.0,0.0,0.003178673429188272,0.0,0.3262696102032538,0.0
1185,29.625000000000004,1.754331912735277e+18,3.6038688298199215,6.406418191742878,0.0026011449730199755,0.008645765346967375,15.261043990137095,0.0013585909161517762,-0.00030357595885458297,2.873304414893056e-18,0.0,0.0,0.0026011449730199755,0.0,0.002652144874992232,0.0,0.0,0.0027653070721266656,0.0,0.0,0.002914169793007729,0.0,0.0,0.003064541511332738,0.0,0.3267609733898177,0.0
1186,29.650000000000002,1.754331912760277e+18,3.6020141427817984,6.407086162992197,0.002630088062102224,0.010327920314973463,15.26101394931195,0.0014772054295671838,0.0030653762472796203,1.1364983071188333e-18,0.0,0.0,0.002630088062102224,0.0,0.0026011449730199755,0.0,0.0,0.002652144874992232,0.0,0.0,0.0027653070721266656,0.0,0.0,0.002914169793007729,0.0,0.32663391286904775,0.0
1187,29.675,1.7543319127852772e+18,3.6019406714938142,6.407525951412576,0.002746674169141697,0.009042465824770812,15.26168279357342,0.0014771466190576046,0.006352934648127207,-3.1683377188384936e-19,0.0,0.0,0.002746674169141697,0.0,0.002630088062102224,0.0,0.0,0.0026011449730199755,0.0,0.0,0.002652144874992232,0.0,0.0,0.0027653070721266656,0.0,0.32612182451633714,0.0
1188,29.700000000000003,1.754331912810277e+18,3.6019235385743125,6.407534153743287,0.002945329170722563,0.005554054717595411,15.261704391365885,0.0013500152944151043,0.008856086967342816,-1.1376161289764919e-18,0.0,0.0,0.002945329170722563,0.0,0.002746674169141697,0.0,0.0,0.002630088062102224,0.0,0.0,0.0026011449730199755,0.0,0.0,0.002652144874992232,0.0,0.3254925627202418,0.0
1189,29.725,1.754331912835277e+18,3.6037280261729383,6.408143657105553,0.0032040572657090014,0.0013573648435642926,15.26159174986696,0.0011072056449036262,0.010025519489304701,-1.3022209211817248e-18,0.0,0.0,0.0032040572657090014,0.0,0.002945329170722563,0.0,0.0,0.002746674169141697,0.0,0.0,0.002630088062102224,0.0,0.0,0.0026011449730199755,0.0,0.32499340240594815,0.0
1190,29.750000000000004,1.7543319128602772e+18,3.603736931048373,6.408139385770725,0.003484894416781218,-0.001975156635542969,15.261553038627863,0.000778782674431821,0.009601335215210194,-1.0003110805921465e-18,0.0,0.0,0.003484894416781218,0.0,0.0032040572657090014,0.0,0.0,0.002945329170722563,0.0,0.0,0.002746674169141697,0.0,0.0,0.002630088062102224,0.0,0.32479653219212623,0.0
1191,29.775000000000002,1.7543319128852772e+18,3.602723182883075,6.4064414379391375,0.003740300588274483,-0.003430789491169421,15.261470645086526,0.00041179772548697094,0.007683555018766931,-4.973642523731806e-19,0.0,0.0,0.003740300588274483,0.0,0.003484894416781218,0.0,0.0,0.0032040572657090014,0.0,0.0,0.002945329170722563,0.0,0.0,0.002746674169141697,0.0,0.32496339549202036,0.0
1192,29.8,1.754331912910277e+18,3.6042043606010346,6.407895151653048,0.003924568767960006,-0.002900045574544061,15.261798187262151,6.559276865058638e-05,0.004715528406109372,-2.4045139762710186e-20,0.0,0.0,0.003924568767960006,0.0,0.003740300588274483,0.0,0.0,0.003484894416781218,0.0,0.0,0.0032040572657090014,0.0,0.0,0.002945329170722563,0.0,0.32544053009645635,0.0
1193,29.825000000000003,1.754331912935277e+18,3.604096530185682,6.408061753855868,0.004006672858717839,-0.0011090226466716896,15.261842537686485,-0.0001986773258903749,0.0013789816547861988,2.82937182758812e-19,0.0,0.0,0.004006672858717839,0.0,0.003924568767960006,0.0,0.0,0.003740300588274483,0.0,0.0,0.003484894416781218,0.0,0.0,0.0032040572657090014,0.0,0.32608793256441576,0.0
1194,29.85,1.754331912960277e+18,3.605615652548468,6.4052742141536,0.0039803433196246435,0.0007860357706706486,15.261530603119326,-0.0003331121529467615,-0.0015750859946294506,3.889526296384255e-19,0.0,0.0,0.0039803433196246435,0.0,0.004006672858717839,0.0,0.0,0.003924568767960006,0.0,0.0,0.003740300588274483,0.0,0.0,0.003484894416781218,0.0,0.3267294760584211,0.0
1195,29.875000000000004,1.7543319129852772e+18,3.6055971743051543,6.405283070248352,0.0038678103156845034,0.0017427482545205057,15.261550819218565,-0.00031833111932925154,-0.003513109426196362,3.347579154764842e-19,0.0,0.0,0.0038678103156845034,0.0,0.0039803433196246435,0.0,0.0,0.004006672858717839,0.0,0.0,0.003924568767960006,0.0,0.0,0.003740300588274483,0.0,0.3272083141193086,0.0
1196,29.900000000000002,1.754331913010277e+18,3.601381364927993,6.4087384558455085,0.0037150557059176087,0.0012851295113591376,15.261511963419764,-0.000174618233024801,-0.0040669795112382254,1.9609827391681247e-19,0.0,0.0,0.0037150557059176087,0.0,0.0038678103156845034,0.0,0.0,0.0039803433196246435,0.0,0.0,0.004006672858717839,0.0,0.0,0.003924568767960006,0.0,0.32743005176861667,0.0
1197,29.925,1.754331913035277e+18,3.601398829671302,6.408730099220239,0.0035792135092947343,-0.00030775473202047227,15.261513821419006,3.5610049535550344e-05,-0.003196452453952977,4.723440095089704e-20,0.0,0.0,0.0035792135092947343,0.0,0.0037150557059176087,0.0,0.0,0.0038678103156845034,0.0,0.0,0.0039803433196246435,0.0,0.0,0.004006672858717839,0.0,0.32738233279025086,0.0
1198,29.950000000000003,1.7543319130602772e+18,3.6032883620275302,6.406746856620755,0.003512368730428507,-0.002136340517188084,15.26145728216681,0.00021984388369748346,-0.001147123840067029,-6.167252926311608e-20,0.0,0.0,0.003512368730428507,0.0,0.0035792135092947343,0.0,0.0,0.0037150557059176087,0.0,0.0,0.0038678103156845034,0.0,0.0,0.0039803433196246435,0.0,0.3271290753139509,0.0
1199,29.975,1.7543319130852772e+18,3.603347478828397,6.40671854767139,0.003547671975511473,-0.0030775197339205783,15.261475924086325,0.000284067823699063,0.001676641699870712,-1.1135348307408264e-19,0.0,0.0,0.003547671975511473,0.0,0.003512368730428507,0.0,0.0,0.0035792135092947343,0.0,0.0,0.0037150557059176087,0.0,0.0,0.0038678103156845034,0.0,0.32678617451516206,0.0
1200,30.000000000000004,1.754331913110277e+18,3.60462955095233,6.407833844133497,0.003691836522778903,-0.0022871319499276795,15.261808451662667,0.00016935096330351963,0.004870835204437183,-1.0809259119277454e-19,0.0,0.0,0.003691836522778903,0.0,0.003547671975511473,0.0,0.0,0.003512368730428507,0.0,0.0,0.0035792135092947343,0.0,0.0,0.0037150557059176087,0.0,0.32648895772640363,0.0
1201,30.025000000000002,1.754331913135277e+18,3.604614436534546,6.407841069665892,0.00392479482818897,0.000401931730427896,15.261835464659017,-0.00012072469916212178,0.00815637691907238,-7.237557255586588e-20,0.0,0.0,0.00392479482818897,0.0,0.003691836522778903,0.0,0.0,0.003547671975511473,0.0,0.0,0.003512368730428507,0.0,0.0,0.0035792135092947343,0.0,0.326360535463854,0.0
1202,30.05,1.754331913160277e+18,3.60126288548941,6.407206767916379,0.004205505507444361,0.0043726695406721165,15.261162769785999,-0.0005170747926585849,0.011417876647193051,-2.727400918377307e-20,0.0,0.0,0.004205505507444361,0.0,0.00392479482818897,0.0,0.0,0.003691836522778903,0.0,0.0,0.003547671975511473,0.0,0.0,0.003512368730428507,0.0,0.32648801379602255,0.0
