,Time,original_time,x,y,vx,vy,theta,omega,ax,steering_angle,cmd_steering_angle,cmd_velocity,velocity_error,cmd_velocity_k-1,velocity_error_k-1,cmd_steering_k-1,cmd_velocity_k-2,velocity_error_k-2,cmd_steering_k-2,cmd_velocity_k-3,velocity_error_k-3,cmd_steering_k-3,cmd_velocity_k-4,velocity_error_k-4,cmd_steering_k-4,velocity_error_sum,new_bag
99,2.475,1.754331822195287e+18,1.9493126677213004,0.4898722874540815,0.002809667187072642,-0.0029627185100786243,-0.515681524292022,0.0004393842610301544,0.0029781358526744716,-1.1411126735655039e-06,0.0,0.0,0.002809667187072642,0.0,0.0028145292143896073,0.0,0.0,0.002884052016656385,0.0,0.0,0.002984318138327497,0.0,0.0,0.0030888886367805685,0.0,0.31858048222217816,0.0
100,2.5,1.754331822220287e+18,1.947458674127358,0.4890585210906231,0.0028919068574002125,-0.004654804990243994,-0.5167855202006647,0.0005671344163729446,0.004871967578368886,-1.0061226826709031e-06,0.0,0.0,0.0028919068574002125,0.0,0.002809667187072642,0.0,0.0,0.0028145292143896073,0.0,0.0,0.002884052016656385,0.0,0.0,0.002984318138327497,0.0,0.31861572746888606,0.0
101,2.5250000000000004,1.754331822245287e+18,1.9474229722320064,0.4890787713135442,0.0030561661061465025,-0.005848489871623724,-0.5168239791514816,0.0007044462724519601,0.005938409193823472,-2.9694446100323725e-07,0.0,0.0,0.0030561661061465025,0.0,0.0028919068574002125,0.0,0.0,0.002809667187072642,0.0,0.0,0.0028145292143896073,0.0,0.0,0.002884052016656385,0.0,0.3186413035096424,0.0
102,2.5500000000000003,1.7543318222702868e+18,1.9473873022651065,0.489099003426551,0.00326584854738387,-0.007135046541734546,-0.5168624037081935,0.0008116552889240497,0.005892326547213198,9.702025225649617e-07,0.0,0.0,0.00326584854738387,0.0,0.0030561661061465025,0.0,0.0,0.0028919068574002125,0.0,0.0,0.002809667187072642,0.0,0.0,0.0028145292143896073,0.0,0.3187216297871735,0.0
103,2.575,1.754331822295287e+18,1.9491934946608405,0.4894991961110571,0.0034636314369384615,-0.008971560653171326,-0.5159144610750718,0.0008522414910115621,0.0046850999909689535,2.4947072061079367e-06,0.0,0.0,0.0034636314369384615,0.0,0.00326584854738387,0.0,0.0,0.0030561661061465025,0.0,0.0,0.0028919068574002125,0.0,0.0,0.002809667187072642,0.0,0.31887527229749185,0.0
104,2.6,1.754331822320287e+18,1.949205151715008,0.4894925742765008,0.003592386392701408,-0.011289815652476061,-0.5159037019802852,0.0008015464728960102,0.0025462461713919,3.67464391346389e-06,0.0,0.0,0.003592386392701408,0.0,0.0034636314369384615,0.0,0.0,0.00326584854738387,0.0,0.0,0.0030561661061465025,0.0,0.0,0.0028919068574002125,0.0,0.319066776558426,0.0
105,2.625,1.754331822345287e+18,1.949259026453678,0.4868667283227288,0.0036168852819792536,-0.013389019141724598,-0.5168433338747792,0.0006536739510590441,-7.042120142965506e-05,3.7285200805645262e-06,0.0,0.0,0.0036168852819792536,0.0,0.003592386392701408,0.0,0.0,0.0034636314369384615,0.0,0.0,0.00326584854738387,0.0,0.0,0.0030561661061465025,0.0,0.31922259905933564,0.0
106,2.6500000000000004,1.754331822370287e+18,1.9498262695720512,0.4857446489808579,0.003536495238707008,-0.01417390866190793,-0.5168216778199253,0.00042682696392807326,-0.0026186488270649303,1.976183988836184e-06,0.0,0.0,0.003536495238707008,0.0,0.0036168852819792536,0.0,0.0,0.003592386392701408,0.0,0.0,0.0034636314369384615,0.0,0.0,0.00326584854738387,0.0,0.3192649681851773,0.0
107,2.6750000000000003,1.754331822395287e+18,1.949832911016352,0.4857408880016693,0.003382969817076987,-0.012639759521947689,-0.5168479374881971,0.00016351563228621921,-0.004617520387724792,-1.7671626327652601e-06,0.0,0.0,0.003382969817076987,0.0,0.003536495238707008,0.0,0.0,0.0036168852819792536,0.0,0.0,0.003592386392701408,0.0,0.0,0.0034636314369384615,0.0,0.31914775193249156,0.0
108,2.7,1.754331822420287e+18,1.9502607775108367,0.4879592278886817,0.0032045603556581322,-0.008385234548901126,-0.5160058295059621,-7.964108448019543e-05,-0.005772895578224524,-6.812374284687003e-06,0.0,0.0,0.0032045603556581322,0.0,0.003382969817076987,0.0,0.0,0.003536495238707008,0.0,0.0,0.0036168852819792536,0.0,0.0,0.003592386392701408,0.0,0.31887632662617166,0.0
109,2.725,1.754331822445287e+18,1.9502607775108367,0.4879592278886817,0.0030448102825686883,-0.0019098652854343237,-0.5160058295059621,-0.00025256118769981554,-0.006019183840817757,-1.142872156774275e-05,0.0,0.0,0.0030448102825686883,0.0,0.0032045603556581322,0.0,0.0,0.003382969817076987,0.0,0.0,0.003536495238707008,0.0,0.0,0.0036168852819792536,0.0,0.31850148816932256,0.0
110,2.75,1.7543318224702868e+18,1.9484817049507344,0.4880675546902604,0.002927059377591739,0.005453035979833896,-0.5165650167421489,-0.00033370656356314864,-0.00547624077186823,-1.3092259475467594e-05,0.0,0.0,0.002927059377591739,0.0,0.0030448102825686883,0.0,0.0,0.0032045603556581322,0.0,0.0,0.003382969817076987,0.0,0.0,0.003536495238707008,0.0,0.31809148418523814,0.0
111,2.7750000000000004,1.754331822495287e+18,1.94848512276535,0.488065622479199,0.0028516752101786494,0.011950911534729122,-0.5165509530727493,-0.0003404617547997785,-0.004354393008610758,-9.269267820408799e-06,0.0,0.0,0.0028516752101786494,0.0,0.002927059377591739,0.0,0.0,0.0030448102825686883,0.0,0.0,0.0032045603556581322,0.0,0.0,0.003382969817076987,0.0,0.3176977166086151,0.0
112,2.8000000000000003,1.754331822520287e+18,1.950479987091562,0.4897263435843091,0.0028051048326283006,0.016000907162452126,-0.5163229993072787,-0.00032070913647971476,-0.0028604690062417858,1.3407577746820236e-06,0.0,0.0,0.0028051048326283006,0.0,0.0028516752101786494,0.0,0.0,0.002927059377591739,0.0,0.0,0.0030448102825686883,0.0,0.0,0.0032045603556581322,0.0,0.3173318074114822,0.0
113,2.825,1.754331822545287e+18,1.950518986650433,0.4897041941809599,0.0027735463525450556,0.016702322256453395,-0.5162655691760999,-0.00032940792059628,-0.001150539616997249,1.744839627358754e-05,0.0,0.0,0.0027735463525450556,0.0,0.0028051048326283006,0.0,0.0,0.0028516752101786494,0.0,0.0,0.002927059377591739,0.0,0.0,0.0030448102825686883,0.0,0.3169639735014191,0.0
114,2.85,1.754331822570287e+18,1.9496919308110137,0.4900756873557852,0.002753027181783213,0.014059550187378757,-0.5165097170504777,-0.00040227146179454244,0.0006543236065195647,3.430647990007887e-05,0.0,0.0,0.002753027181783213,0.0,0.0027735463525450556,0.0,0.0,0.0028051048326283006,0.0,0.0,0.0028516752101786494,0.0,0.0,0.002927059377591739,0.0,0.3165404679885535,0.0
115,2.875,1.754331822595287e+18,1.9475166646024784,0.4875815536494126,0.0027513644799685498,0.008851588599202691,-0.5169507547391908,-0.0005394777888633388,0.002409331353316117,4.4042607990661475e-05,0.0,0.0,0.0027513644799685498,0.0,0.002753027181783213,0.0,0.0,0.0027735463525450556,0.0,0.0,0.0028051048326283006,0.0,0.0,0.0028516752101786494,0.0,0.31600889261477144,0.0
116,2.9000000000000004,1.754331822620287e+18,1.95022085206136,0.4876130816888202,0.0027824119494444166,0.002269415797762799,-0.5165593378683722,-0.0007058433589187714,0.0038898313965509946,3.7724844191638584e-05,0.0,0.0,0.0027824119494444166,0.0,0.0027513644799685498,0.0,0.0,0.002753027181783213,0.0,0.0,0.0027735463525450556,0.0,0.0,0.0028051048326283006,0.0,0.3153389935642691,0.0
117,2.9250000000000003,1.754331822645287e+18,1.950234572035308,0.4876052902854333,0.002856174659944688,-0.004452668106264163,-0.5166563488221593,-0.0008444135880272165,0.004785679801003756,9.148586852500529e-06,0.0,0.0,0.002856174659944688,0.0,0.0027824119494444166,0.0,0.0,0.0027513644799685498,0.0,0.0,0.002753027181783213,0.0,0.0,0.0027735463525450556,0.0,0.3145316306778224,0.0
118,2.95,1.7543318226702868e+18,1.9502545463072405,0.4884411026712927,0.0029694300306361394,-0.010227650608631796,-0.5163400658720009,-0.0008949227194524872,0.004771968268426577,-4.0522586698843536e-05,0.0,0.0,0.0029694300306361394,0.0,0.002856174659944688,0.0,0.0,0.0027824119494444166,0.0,0.0,0.0027513644799685498,0.0,0.0,0.002753027181783213,0.0,0.3136152398034154,0.0
119,2.975,1.754331822695287e+18,1.9502222223047387,0.4884594706555618,0.0031013623947768374,-0.014101929226500508,-0.5163815153658973,-0.0008106057871253968,0.003644556450004769,-9.905349343746237e-05,0.0,0.0,0.0031013623947768374,0.0,0.0029694300306361394,0.0,0.0,0.002856174659944688,0.0,0.0,0.0027824119494444166,0.0,0.0,0.0027513644799685498,0.0,0.3126340404364843,0.0
120,3.0,1.754331822720287e+18,1.9466508668136204,0.4881483895146825,0.0032173507405607684,-0.015184113692634569,-0.5165636812988952,-0.0005715706311470696,0.00147179457974503,-0.00014274051565564815,0.0,0.0,0.0032173507405607684,0.0,0.0031013623947768374,0.0,0.0,0.0029694300306361394,0.0,0.0,0.002856174659944688,0.0,0.0,0.0027824119494444166,0.0,0.3116346940741253,0.0
121,3.0250000000000004,1.754331822745287e+18,1.9466705832379043,0.4881371961944976,0.003280828288885662,-0.012730133072585399,-0.516510776866157,-0.0001937131433579828,-0.0013072779591151162,-0.00014143613285903396,0.0,0.0,0.003280828288885662,0.0,0.0032173507405607684,0.0,0.0,0.0031013623947768374,0.0,0.0,0.0029694300306361394,0.0,0.0,0.002856174659944688,0.0,0.3106577812567797,0.0
122,3.0500000000000003,1.754331822770287e+18,1.9471234947774407,0.4874726655734451,0.0032688074851112644,-0.006480947716153619,-0.5166105348835511,0.00026983710745071053,-0.0039032131168701602,-6.966531510899871e-05,0.0,0.0,0.0032688074851112644,0.0,0.003280828288885662,0.0,0.0,0.0032173507405607684,0.0,0.0,0.0031013623947768374,0.0,0.0,0.0029694300306361394,0.0,0.3097369664839593,0.0
123,3.075,1.754331822795287e+18,1.9471574235489972,0.4874533922455457,0.0031836802632885753,0.0028901422892063247,-0.5166165201072863,0.0007373943768836712,-0.005348233354278546,7.810865391434457e-05,0.0,0.0,0.0031836802632885753,0.0,0.0032688074851112644,0.0,0.0,0.003280828288885662,0.0,0.0,0.0032173507405607684,0.0,0.0,0.0031013623947768374,0.0,0.3089034451996945,0.0
124,3.1,1.754331822820287e+18,1.95244166946752,0.4881474074242518,0.003054826199074564,0.013541078687726794,-0.5160024899347428,0.0011172792841916315,-0.004802582022915841,0.00027318350447931474,0.0,0.0,0.003054826199074564,0.0,0.0031836802632885753,0.0,0.0,0.0032688074851112644,0.0,0.0,0.003280828288885662,0.0,0.0,0.0032173507405607684,0.0,0.30818995905739127,0.0
125,3.125,1.754331822845287e+18,1.9524846712597896,0.4881229825133646,0.002928747635793758,0.022719850310667953,-0.5159830693102045,0.0013329908449183309,-0.0019212029733075406,0.0004468895336843012,0.0,0.0,0.002928747635793758,0.0,0.003054826199074564,0.0,0.0,0.0031836802632885753,0.0,0.0,0.0032688074851112644,0.0,0.0,0.003280828288885662,0.0,0.3076302960352413,0.0
126,3.1500000000000004,1.7543318228702868e+18,1.951111448208984,0.4895244010980484,0.0028526877151651025,0.027558020071330954,-0.5158490136835913,0.0013482545850206406,0.0028389498295345356,0.000501230163434039,0.0,0.0,0.0028526877151651025,0.0,0.002928747635793758,0.0,0.0,0.003054826199074564,0.0,0.0,0.0031836802632885753,0.0,0.0,0.0032688074851112644,0.0,0.307255128586951,0.0
127,3.1750000000000003,1.754331822895287e+18,1.95106598165453,0.489550198889698,0.002859327406112588,0.026132675441873903,-0.5158576509403308,0.001182007205833802,0.008109608595972663,0.0003401446058957262,0.0,0.0,0.002859327406112588,0.0,0.0028526877151651025,0.0,0.0,0.002928747635793758,0.0,0.0,0.003054826199074564,0.0,0.0,0.0031836802632885753,0.0,0.3070881650998052,0.0
128,3.2,1.754331822920287e+18,1.9487944589396853,0.4918402109313575,0.002957731754916399,0.018340953474983143,-0.5160317825963403,0.0009045180960859965,0.011816565491197435,-8.205265023538506e-05,0.0,0.0,0.002957731754916399,0.0,0.002859327406112588,0.0,0.0,0.0028526877151651025,0.0,0.0,0.002928747635793758,0.0,0.0,0.003054826199074564,0.0,0.30714488514730504,0.0
129,3.225,1.754331822945287e+18,1.9488316529372531,0.4918190799919895,0.003131123288779716,0.006155074513711726,-0.5159695622815125,0.0006129831376331867,0.011744681367033123,-0.000708972519292638,0.0,0.0,0.003131123288779716,0.0,0.002957731754916399,0.0,0.0,0.002859327406112588,0.0,0.0,0.0028526877151651025,0.0,0.0,0.002928747635793758,0.0,0.3074314226143157,0.0
130,3.25,1.754331822970287e+18,1.9483885122039688,0.4884335543025582,0.0033388893523188233,-0.0069417377495759785,-0.5169015558419813,0.00039408059879463805,0.0063883268909947525,-0.0013508041890928119,0.0,0.0,0.0033388893523188233,0.0,0.003131123288779716,0.0,0.0,0.002957731754916399,0.0,0.0,0.002859327406112588,0.0,0.0,0.0028526877151651025,0.0,0.30793752911882855,0.0
131,3.2750000000000004,1.754331822995287e+18,1.9481126258397896,0.4872986977017586,0.003520221920228805,-0.01717876184390802,-0.5168166253621924,0.00028745075398110907,-0.004132321415553849,-0.0017006219647864274,0.0,0.0,0.003520221920228805,0.0,0.0033388893523188233,0.0,0.0,0.003131123288779716,0.0,0.0,0.002957731754916399,0.0,0.0,0.002859327406112588,0.0,0.30861878810506843,0.0
132,3.3000000000000003,1.754331823020287e+18,1.9481389091693373,0.4872837606787636,0.0036002548189920493,-0.021891260589013153,-0.5167946461237583,0.00026594662833275776,-0.0174352375817228,-0.0014180253326405822,0.0,0.0,0.0036002548189920493,0.0,0.003520221920228805,0.0,0.0,0.0033388893523188233,0.0,0.0,0.003131123288779716,0.0,0.0,0.002957731754916399,0.0,0.30937160133032354,0.0
133,3.325,1.754331823045287e+18,1.9474281130916968,0.4881441312796437,0.0035044389184869617,-0.02047761528308952,-0.5167303293271066,0.00024474396789162575,-0.028910624154906275,-0.00027803638188379255,0.0,0.0,0.0035044389184869617,0.0,0.0036002548189920493,0.0,0.0,0.003520221920228805,0.0,0.0,0.0033388893523188233,0.0,0.0,0.003131123288779716,0.0,0.310017468175707,0.0
134,3.35,1.7543318230702868e+18,1.9473969535462432,0.4881618526127051,0.0031876651065763316,-0.0144963869231379,-0.5167119750294592,0.00012149223130190427,-0.03271302915427168,0.0016502187985138039,0.0,0.0,0.0031876651065763316,0.0,0.0035044389184869617,0.0,0.0,0.0036002548189920493,0.0,0.0,0.003520221920228805,0.0,0.0,0.0033388893523188233,0.0,0.3103217855022608,0.0
135,3.375,1.754331823095287e+18,1.948909319645084,0.4893594519400066,0.002676331933905598,-0.006880413884370202,-0.5161921687142802,-0.00016348918662164,-0.023722496823828272,0.0038659200684873617,0.0,0.0,0.002676331933905598,0.0,0.0031876651065763316,0.0,0.0,0.0035044389184869617,0.0,0.0,0.0036002548189920493,0.0,0.0,0.003520221920228805,0.0,0.31006628911561906,0.0
136,3.4000000000000004,1.754331823120287e+18,1.94887076221067,0.4893813774011284,0.002106201320466005,-0.0006610261514231223,-0.5161858026695173,-0.0005691688107613748,-7.218819427967086e-05,0.005432181897526671,0.0,0.0,0.002106201320466005,0.0,0.002676331933905598,0.0,0.0,0.0031876651065763316,0.0,0.0,0.0035044389184869617,0.0,0.0,0.0036002548189920493,0.0,0.30916961369767887,0.0
137,3.4250000000000003,1.754331823145287e+18,1.947592921302785,0.48792416697701,0.00172633115673051,0.0021970185510154783,-0.5166319745632013,-0.0009258934308426044,0.03458812784131934,0.0051856868305142365,0.0,0.0,0.00172633115673051,0.0,0.002106201320466005,0.0,0.0,0.002676331933905598,0.0,0.0,0.0031876651065763316,0.0,0.0,0.0035044389184869617,0.0,0.30781486573622346,0.0
138,3.45,1.754331823170287e+18,1.9476179976795815,0.4879099201910013,0.0018407002277804642,0.0013669737413761931,-0.5165807222612812,-0.0009638655795834292,0.0701792174845008,0.002184271145723393,0.0,0.0,0.0018407002277804642,0.0,0.00172633115673051,0.0,0.0,0.002106201320466005,0.0,0.0,0.002676331933905598,0.0,0.0,0.0031876651065763316,0.0,0.3065133186219902,0.0
139,3.475,1.754331823195287e+18,1.9476294030387475,0.4879034723140307,0.0026795813690817494,-0.001991226042051115,-0.5165475724307819,-0.0004109995947625221,0.09161055954172216,-0.003683639166385363,0.0,0.0,0.0026795813690817494,0.0,0.0018407002277804642,0.0,0.0,0.00172633115673051,0.0,0.0,0.002106201320466005,0.0,0.0,0.002676331933905598,0.0,0.30602854591564393,0.0
140,3.5,1.754331823220287e+18,1.9476442383987007,0.4878950531859991,0.004228842471484368,-0.005884382695624283,-0.5165649151851411,0.0008544696532709909,0.08293800007971194,-0.011121891711759577,0.0,0.0,0.004228842471484368,0.0,0.0026795813690817494,0.0,0.0,0.0018407002277804642,0.0,0.0,0.00172633115673051,0.0,0.0,0.002106201320466005,0.0,0.3071191545988437,0.0
141,3.5250000000000004,1.754331823245287e+18,1.9457872589170584,0.4897364441476841,0.006085059321037214,-0.008275527457227485,-0.5162472522913301,0.0026467674505204,0.03369754088798451,-0.017163052270454206,0.0,0.0,0.006085059321037214,0.0,0.004228842471484368,0.0,0.0,0.0026795813690817494,0.0,0.0,0.0018407002277804642,0.0,0.0,0.00172633115673051,0.0,0.31013132584504527,0.0
142,3.5500000000000003,1.7543318232702868e+18,1.9457752319824035,0.4897432855291823,0.007429263115299338,-0.007727064671733969,-0.5162250933241115,0.004388568523711414,-0.054248828255383755,-0.017494182230633894,0.0,0.0,0.007429263115299338,0.0,0.006085059321037214,0.0,0.0,0.004228842471484368,0.0,0.0,0.0026795813690817494,0.0,0.0,0.0018407002277804642,0.0,0.31456747295871323,0.0
143,3.575,1.754331823295287e+18,1.946511031399288,0.486582909490473,0.007204118524714871,-0.003791268294340691,-0.5166235865799625,0.005182478293935722,-0.1618222169869692,-0.007499393793200235,0.0,0.0,0.007204118524714871,0.0,0.007429263115299338,0.0,0.0,0.006085059321037214,0.0,0.0,0.004228842471484368,0.0,0.0,0.0026795813690817494,0.0,0.3188410824467837,0.0
144,3.6,1.754331823320287e+18,1.946513018640156,0.486581790161007,0.004527785089891523,0.0028573180809209064,-0.516569522743668,0.004092672828829795,-0.25231935038011216,0.016147977979607014,0.0,0.0,0.004527785089891523,0.0,0.007204118524714871,0.0,0.0,0.007429263115299338,0.0,0.0,0.006085059321037214,0.0,0.0,0.004228842471484368,0.0,0.32045781742296114,0.0
145,3.6250000000000004,1.754331823345287e+18,1.9499413704143933,0.4879630988680845,-0.000714491758498865,0.010566510759790768,-0.5166447170547318,0.000628423652410348,-0.2770722971086855,0.053872405672374335,0.0,0.0,-0.000714491758498865,0.0,0.004527785089891523,0.0,0.0,0.007204118524714871,0.0,0.0,0.007429263115299338,0.0,0.0,0.006085059321037214,0.0,0.3167996605684756,0.0
146,3.6500000000000004,1.754331823370287e+18,1.9510497093257828,0.4883110681190254,-0.007271147996291284,0.017152450557736055,-0.5162909742852209,-0.004670956164012494,-0.18689907946308235,0.10233456971397803,0.0,0.0,-0.007271147996291284,0.0,-0.000714491758498865,0.0,0.0,0.004527785089891523,0.0,0.0,0.007204118524714871,0.0,0.0,0.007429263115299338,0.0,0.30651406224956806,0.0
147,3.6750000000000003,1.754331823395287e+18,1.9510235925989596,0.4883259083262889,-0.012174622959419169,0.02056039583288446,-0.5162590152943152,-0.00974612372088855,0.05319085491158908,0.1549630236056424,0.259819895029068,0.997361183166504,-1.0095358061259232,0.0,-0.007271147996291284,0.0,0.0,-0.000714491758498865,0.0,0.0,0.004527785089891523,0.0,0.0,0.007204118524714871,0.0,-0.7061117875551848,0.0
148,3.7,1.754331823420287e+18,1.9477791214485976,0.4882636718239963,-0.010906684344516738,0.019502948356386097,-0.5161566165753327,-0.010873056549777068,0.4503984260937461,0.2038921368295478,0.2569319903850555,0.9974785447120668,-1.0083852290565836,0.997361183166504,-1.0095358061259232,0.259819895029068,0.0,-0.007271147996291284,0.0,0.0,-0.000714491758498865,0.0,0.0,0.004527785089891523,0.0,-1.7176269464679788,0.0
149,3.725,1.754331823445287e+18,1.9494855773349875,0.487341657520608,0.0017700662281572468,0.01382170415072262,-0.5167649620737976,-0.003078284395555865,0.9765366120326336,0.24249153593660905,0.2575092911720276,0.9974743723869324,-0.9957043061587751,0.9974785447120668,-1.0083852290565836,0.2569319903850555,0.997361183166504,-1.0095358061259232,0.259819895029068,0.0,-0.007271147996291284,0.0,0.0,-0.000714491758498865,0.0,-2.716434110274622,0.0
150,3.7500000000000004,1.7543318234702868e+18,1.9509577386798045,0.4888555150024296,0.030403636364583483,0.004477289093778793,-0.5163829440192542,0.018822707468787912,1.5700528525327975,0.267288736339423,0.2576042413711548,1.0080043077468872,-0.9776006713823038,0.9974743723869324,-0.9957043061587751,0.2575092911720276,0.9974785447120668,-1.0083852290565836,0.2569319903850555,0.997361183166504,-1.0095358061259232,0.259819895029068,0.0,-0.007271147996291284,0.0,-3.6970346342728195,0.0
151,3.7750000000000004,1.754331823495287e+18,1.951491271346192,0.4885521879106238,0.07726058228379334,-0.006743507079258011,-0.5163851439129257,0.058754699752017366,2.1483855661605826,0.2784933405703493,0.2598755061626434,1.0335582494735718,-0.9562976671897785,1.0080043077468872,-0.9776006713823038,0.2576042413711548,0.9974743723869324,-0.9957043061587751,0.2575092911720276,0.9974785447120668,-1.0083852290565836,0.2569319903850555,0.997361183166504,-1.0095358061259232,0.259819895029068,-4.656169755492975,0.0
152,3.8000000000000003,1.754331823520287e+18,1.9503262058287725,0.4848688897127906,0.14117675301953603,-0.01766149798871669,-0.5162453495388373,0.11796167262286067,2.6277395784321738,0.27916069473933075,0.2635347545146942,1.0598057508468628,-0.9186289978273268,1.0335582494735718,-0.9562976671897785,0.2598755061626434,1.0080043077468872,-0.9776006713823038,0.2576042413711548,0.9974743723869324,-0.9957043061587751,0.2575092911720276,0.9974785447120668,-1.0083852290565836,0.2569319903850555,-5.577448498653862,0.0
153,3.825,1.754331823545287e+18,1.952464859867216,0.4836517443578625,0.21746407520894057,-0.026197629410715826,-0.5158121183314172,0.19429196250561026,2.9444061916737545,0.2736398789634155,0.2635347545146942,1.0598057508468628,-0.8423416756379223,1.0598057508468628,-0.9186289978273268,0.2635347545146942,1.0335582494735718,-0.9562976671897785,0.2598755061626434,1.0080043077468872,-0.9776006713823038,0.2576042413711548,0.9974743723869324,-0.9957043061587751,0.2575092911720276,-6.4222640667412145,0.0
154,3.85,1.754331823570287e+18,1.952943378445688,0.4828266882899426,0.29912083623203406,-0.030882346939315124,-0.5094676573471035,0.2826812375184358,3.070769980638293,0.26605286061815286,0.263017326593399,1.2061911821365356,-0.9070703459045015,1.0598057508468628,-0.8423416756379223,0.2635347545146942,1.0598057508468628,-0.9186289978273268,0.2635347545146942,1.0335582494735718,-0.9562976671897785,0.2598755061626434,1.0080043077468872,-0.9776006713823038,0.2576042413711548,-7.33167149584496,0.0
155,3.8750000000000004,1.754331823595287e+18,1.9568665483718852,0.4805832657418971,0.3789769492347242,-0.03129399529392026,-0.5063268327984813,0.37674991780639716,3.0207350760650944,0.25929415276611545,0.2647355496883392,1.3868353366851809,-1.0078583874504567,1.2061911821365356,-0.9070703459045015,0.263017326593399,1.0598057508468628,-0.8423416756379223,0.2635347545146942,1.0598057508468628,-0.9186289978273268,0.2635347545146942,1.0335582494735718,-0.9562976671897785,0.2598755061626434,-8.341780829860978,0.0
156,3.9000000000000004,1.754331823620287e+18,1.953387044123104,0.4828465981537149,0.4518835218517102,-0.02827058414403497,-0.4978821127008295,0.47077498970077264,2.8429917248974776,0.2546877847314142,0.2585545480251312,1.3864099979400637,-0.9345264760883535,1.3868353366851809,-1.0078583874504567,0.2647355496883392,1.2061911821365356,-0.9070703459045015,0.263017326593399,1.0598057508468628,-0.8423416756379223,0.2635347545146942,1.0598057508468628,-0.9186289978273268,0.2635347545146942,-9.278521896440765,0.0
157,3.9250000000000003,1.754331823645287e+18,1.9596566385130425,0.4793045180291444,0.5159975464752201,-0.023755529306383687,-0.4882286104611032,0.5610908694074123,2.604894517921607,0.25217197335293573,0.2603898644447326,1.4648559093475342,-0.9488583628723141,1.3864099979400637,-0.9345264760883535,0.2585545480251312,1.3868353366851809,-1.0078583874504567,0.2647355496883392,1.2061911821365356,-0.9070703459045015,0.263017326593399,1.0598057508468628,-0.8423416756379223,0.2635347545146942,-10.229602761003257,0.0
158,3.95,1.7543318236702868e+18,1.964649814138708,0.4743092974425256,0.5726866148398398,-0.02027059844585378,-0.4653986779486336,0.6463884795750405,2.3729474397226857,0.2507700898818056,0.2466376721858978,1.5612366199493408,-0.988550005109501,1.4648559093475342,-0.9488583628723141,0.2603898644447326,1.3864099979400637,-0.9345264760883535,0.2585545480251312,1.3868353366851809,-1.0078583874504567,0.2647355496883392,1.2061911821365356,-0.9070703459045015,0.263017326593399,-11.220423931314645,0.0
159,3.975,1.754331823695287e+18,1.96670820488842,0.473208328620283,0.625271495908921,-0.020175274802252164,-0.4604661085804473,0.727026725378418,2.1966604670957324,0.24913079427797347,0.2466376721858978,1.5612366199493408,-0.9359651240404199,1.5612366199493408,-0.988550005109501,0.2466376721858978,1.4648559093475342,-0.9488583628723141,0.2603898644447326,1.3864099979400637,-0.9345264760883535,0.2585545480251312,1.3868353366851809,-1.0078583874504567,0.2647355496883392,-12.158748991950391,0.0
160,4.0,1.754331823720287e+18,1.987573943047516,0.4632395930039696,0.6773137225131572,-0.02495183662762624,-0.43442416488838503,0.8038675622183115,2.1006134993001115,0.24600931625521225,0.244839534163475,1.5937488079071045,-0.9164350853939472,1.5612366199493408,-0.9359651240404199,0.2466376721858978,1.5612366199493408,-0.988550005109501,0.2466376721858978,1.4648559093475342,-0.9488583628723141,0.2603898644447326,1.3864099979400637,-0.9345264760883535,0.2585545480251312,-13.077670650231425,0.0
161,4.025,1.754331823745287e+18,1.9936958656592565,0.4601976096809745,0.7312326484701327,-0.03471973071389689,-0.42226252168369355,0.8771851255482787,2.085880462458918,0.24063648205367738,0.2421389371156692,1.686170220375061,-0.9549375719049283,1.5937488079071045,-0.9164350853939472,0.244839534163475,1.5612366199493408,-0.9359651240404199,0.2466376721858978,1.5612366199493408,-0.988550005109501,0.2466376721858978,1.4648559093475342,-0.9488583628723141,0.2603898644447326,-14.035250282811013,0.0
162,4.05,1.754331823770287e+18,2.020321285117238,0.4437946663922387,0.7877645595727879,-0.04809929833508529,-0.39630382426004673,0.946053882232928,2.138203084631986,0.23294287067170652,0.2409099340438842,1.6858961582183838,-0.8981315986455959,1.686170220375061,-0.9549375719049283,0.2421389371156692,1.5937488079071045,-0.9164350853939472,0.244839534163475,1.5612366199493408,-0.9359651240404199,0.2466376721858978,1.5612366199493408,-0.988550005109501,0.2466376721858978,-14.936191380212161,0.0
163,4.075,1.754331823795287e+18,2.0387975420588837,0.4349210803342898,0.8463350168277387,-0.06247187560436317,-0.37025620598260306,1.0084362960730633,2.238076148335076,0.2235942112128873,0.2320149093866348,1.782647967338562,-0.9363129505108233,1.6858961582183838,-0.8981315986455959,0.2409099340438842,1.686170220375061,-0.9549375719049283,0.2421389371156692,1.5937488079071045,-0.9164350853939472,0.244839534163475,1.5612366199493408,-0.9359651240404199,0.2466376721858978,-15.875472455270328,0.0
164,4.1000000000000005,1.754331823820287e+18,2.051707098101609,0.4310697851470717,0.9059941017135424,-0.0746190105657635,-0.35129587399140666,1.0619782228886752,2.368047305026559,0.21380698499735634,0.2102810740470886,1.780548930168152,-0.8745548284546096,1.782647967338562,-0.9363129505108233,0.2320149093866348,1.6858961582183838,-0.8981315986455959,0.2409099340438842,1.686170220375061,-0.9549375719049283,0.2421389371156692,1.5937488079071045,-0.9164350853939472,0.244839534163475,-16.75312684435979,0.0
165,4.125,1.754331823845287e+18,2.06733922442736,0.4240851731920156,0.9663474039129526,-0.08164650357762723,-0.3293095273463684,1.1052359241788055,2.5147654307021523,0.20498514452375557,0.1854214817285537,1.897582411766052,-0.9312350078530994,1.780548930168152,-0.8745548284546096,0.2102810740470886,1.782647967338562,-0.9363129505108233,0.2320149093866348,1.6858961582183838,-0.8981315986455959,0.2409099340438842,1.686170220375061,-0.9549375719049283,0.2421389371156692,-17.687554135469163,0.0
166,4.15,1.7543318238702868e+18,2.1093138159299505,0.4040547306937627,1.0280049905435409,-0.0819893715404114,-0.30325778017690885,1.1387571616074592,2.66643073590802,0.19831861331694134,0.1999891400337219,1.8964412212371824,-0.8684362306936415,1.897582411766052,-0.9312350078530994,0.1854214817285537,1.780548930168152,-0.8745548284546096,0.2102810740470886,1.782647967338562,-0.9363129505108233,0.2320149093866348,1.6858961582183838,-0.8981315986455959,0.2409099340438842,-18.559233110535907,0.0
167,4.175,1.754331823895287e+18,2.12957773987416,0.3959954464061885,1.0923766968825046,-0.0761583466987296,-0.27566510746497963,1.1653551066623307,2.808774804886796,0.19452521659621744,0.190506100654602,2.062335252761841,-0.9699585558793362,1.8964412212371824,-0.8684362306936415,0.1999891400337219,1.897582411766052,-0.9312350078530994,0.1854214817285537,1.780548930168152,-0.8745548284546096,0.2102810740470886,1.782647967338562,-0.9363129505108233,0.2320149093866348,-19.532446551108798,0.0
168,4.2,1.754331823920287e+18,2.1653234797759584,0.3919592673162739,1.1609554147350891,-0.06683379770564303,-0.24344328365558515,1.1892669456690277,2.9233684639596067,0.19384177827380603,0.2050068825483322,2.058819055557251,-0.8978636408221619,2.062335252761841,-0.9699585558793362,0.190506100654602,1.8964412212371824,-0.8684362306936415,0.1999891400337219,1.897582411766052,-0.9312350078530994,0.1854214817285537,1.780548930168152,-0.8745548284546096,0.2102810740470886,-20.43355055712336,0.0
169,4.2250000000000005,1.754331823945287e+18,2.196207887713902,0.3821471584761975,1.2344201185651096,-0.058096036062114755,-0.20886989098648168,1.214563176662901,2.9906354782787155,0.19622187317598053,0.198401927947998,2.172842741012573,-0.9384226224474632,2.058819055557251,-0.8978636408221619,0.2050068825483322,2.062335252761841,-0.9699585558793362,0.190506100654602,1.8964412212371824,-0.8684362306936415,0.1999891400337219,1.897582411766052,-0.9312350078530994,0.1854214817285537,-21.3751922400895,0.0
170,4.25,1.754331823970287e+18,2.226115074297159,0.3782812152678072,1.311961544227071,-0.05398530367430167,-0.1830646276846466,1.2436905668972382,2.9971390188435323,0.2015872241637674,0.2091053575277328,2.236543893814087,-0.924582349587016,2.172842741012573,-0.9384226224474632,0.198401927947998,2.058819055557251,-0.8978636408221619,0.2050068825483322,2.062335252761841,-0.9699585558793362,0.190506100654602,1.8964412212371824,-0.8684362306936415,0.1999891400337219,-22.302991242911517,0.0
171,4.275,1.754331823995287e+18,2.253783330822828,0.3708413859938504,1.391200135041297,-0.05696051348320905,-0.15295594137545912,1.2769404071599069,2.943869742432486,0.2099772909785805,0.1992378532886505,2.2348296642303467,-0.8436295291890497,2.236543893814087,-0.924582349587016,0.2091053575277328,2.172842741012573,-0.9384226224474632,0.198401927947998,2.058819055557251,-0.8978636408221619,0.2050068825483322,2.062335252761841,-0.9699585558793362,0.190506100654602,-23.149877958690436,0.0
172,4.300000000000001,1.754331824020287e+18,2.330681816170125,0.3571259509531088,1.4688732934147952,-0.06692694397362804,-0.10103797867799635,1.3129895988262255,2.8508283610376606,0.22152827017087673,0.2293337881565094,2.3837671279907227,-0.9148938345759274,2.2348296642303467,-0.8436295291890497,0.1992378532886505,2.236543893814087,-0.924582349587016,0.2091053575277328,2.172842741012573,-0.9384226224474632,0.198401927947998,2.058819055557251,-0.8978636408221619,0.2050068825483322,-24.068124412678415,0.0
173,4.325,1.754331824045287e+18,2.3574256914227174,0.3522919352101459,1.5421026142599006,-0.08127041437404194,-0.07218562398081262,1.350053108183806,2.7540161323596153,0.23631674584008378,0.2318023145198822,2.3748269081115723,-0.8327242938516717,2.3837671279907227,-0.9148938345759274,0.2293337881565094,2.2348296642303467,-0.8436295291890497,0.1992378532886505,2.236543893814087,-0.924582349587016,0.2091053575277328,2.172842741012573,-0.9384226224474632,0.198401927947998,-24.9043434355821,0.0
174,4.3500000000000005,1.7543318240702868e+18,2.3925899451212977,0.3491020467405654,1.6096861703462302,-0.09588320972510656,-0.047388779206516116,1.3871041689644314,2.69388754134982,0.2541665046372492,0.2519915997982025,2.5412039756774902,-0.93151780533126,2.3748269081115723,-0.8327242938516717,0.2318023145198822,2.3837671279907227,-0.9148938345759274,0.2293337881565094,2.2348296642303467,-0.8436295291890497,0.1992378532886505,2.236543893814087,-0.924582349587016,0.2091053575277328,-25.83951533596355,0.0
175,4.375,1.754331824095287e+18,2.4266102094777606,0.3440839691622954,1.672764407052792,-0.10673740167287658,-0.013474469086349796,1.424872141910537,2.698249220531794,0.27452775748171165,0.2519915997982025,2.5412039756774902,-0.8684395686246982,2.5412039756774902,-0.93151780533126,0.2519915997982025,2.3748269081115723,-0.8327242938516717,0.2318023145198822,2.3837671279907227,-0.9148938345759274,0.2293337881565094,2.2348296642303467,-0.8436295291890497,0.1992378532886505,-26.71174214900299,0.0
176,4.4,1.754331824120287e+18,2.496366097312052,0.3455628931272334,1.7344585552432108,-0.11140348027742411,0.011436804315939122,1.466397145464109,2.7658157878299976,0.29650237404367913,0.3195358514785766,2.4973840713500977,-0.7629255161068869,2.5412039756774902,-0.8684395686246982,0.2519915997982025,2.5412039756774902,-0.93151780533126,0.2519915997982025,2.3748269081115723,-0.8327242938516717,0.2318023145198822,2.3837671279907227,-0.9148938345759274,0.2293337881565094,-27.478517258118337,0.0
177,4.425000000000001,1.754331824145287e+18,2.546109548741526,0.3422998135619417,1.798506042993984,-0.11007144291891578,0.05306032010728534,1.5167954668696426,2.8576143697664986,0.3190052094945151,0.3324425518512726,2.611043930053711,-0.8125378870597268,2.4973840713500977,-0.7629255161068869,0.3195358514785766,2.5412039756774902,-0.8684395686246982,0.2519915997982025,2.5412039756774902,-0.93151780533126,0.2519915997982025,2.3748269081115723,-0.8327242938516717,0.2318023145198822,-28.294865506834842,0.0
178,4.45,1.754331824170287e+18,2.5827061426460034,0.3430952782883893,1.867329353972774,-0.1059073832089121,0.09029126349114923,1.5820055769584414,2.9014622839895696,0.3409543356456443,0.3324425518512726,2.611043930053711,-0.7437145760809369,2.611043930053711,-0.8125378870597268,0.3324425518512726,2.4973840713500977,-0.7629255161068869,0.3195358514785766,2.5412039756774902,-0.8684395686246982,0.2519915997982025,2.5412039756774902,-0.93151780533126,0.2519915997982025,-29.042245296447188,0.0
179,4.4750000000000005,1.754331824195287e+18,2.634342171597278,0.3423158038492964,1.9402770060610885,-0.1047420516430782,0.13573324421348631,1.6667102256405153,2.810329064698489,0.361360301676522,0.3547313809394836,2.588181495666504,-0.6479044896054154,2.611043930053711,-0.7437145760809369,0.3324425518512726,2.611043930053711,-0.8125378870597268,0.3324425518512726,2.4973840713500977,-0.7629255161068869,0.3195358514785766,2.5412039756774902,-0.8684395686246982,0.2519915997982025,-29.69359174872405,0.0
180,4.5,1.754331824220287e+18,2.670422609849549,0.3513724347444735,2.0128464375580397,-0.11411255926911079,0.15840725199331662,1.772039909206877,2.510108656010153,0.37927472675765755,0.3829522430896759,2.599222421646118,-0.5863759840880785,2.588181495666504,-0.6479044896054154,0.3547313809394836,2.611043930053711,-0.7437145760809369,0.3324425518512726,2.611043930053711,-0.8125378870597268,0.3324425518512726,2.4973840713500977,-0.7629255161068869,0.3195358514785766,-30.283163333713173,0.0
181,4.525,1.754331824245287e+18,2.716368698867133,0.3533289289624193,2.0773965891761765,-0.14172608603486392,0.19711446041857936,1.8939378032977674,1.9682169316036469,0.3936753036343001,0.3890060782432556,2.511230707168579,-0.43383411799240257,2.599222421646118,-0.5863759840880785,0.3829522430896759,2.588181495666504,-0.6479044896054154,0.3547313809394836,2.611043930053711,-0.7437145760809369,0.3324425518512726,2.611043930053711,-0.8125378870597268,0.3324425518512726,-30.719990075092312,0.0
182,4.550000000000001,1.7543318242702868e+18,2.7870129551692973,0.3647323528103767,2.125237214229067,-0.1935854731156549,0.25401843778171646,2.0231493102254294,1.2131878243262089,0.403403424987383,0.4048824310302734,2.366511583328247,-0.24127436909917988,2.511230707168579,-0.43383411799240257,0.3890060782432556,2.599222421646118,-0.5863759840880785,0.3829522430896759,2.588181495666504,-0.6479044896054154,0.3547313809394836,2.611043930053711,-0.7437145760809369,0.3324425518512726,-30.96415423768746,0.0
183,4.575,1.754331824295287e+18,2.9257507529837508,0.3944116961565351,2.149370880179222,-0.2721978811446404,0.36895198308813654,2.1473361170376344,0.3377058391137366,0.40723097852242324,0.40359628200531,2.153719186782837,-0.004348306603614738,2.366511583328247,-0.24127436909917988,0.4048824310302734,2.511230707168579,-0.43383411799240257,0.3890060782432556,2.599222421646118,-0.5863759840880785,0.3829522430896759,2.588181495666504,-0.6479044896054154,0.3547313809394836,-30.971417992463486,0.0
184,4.6000000000000005,1.754331824320287e+18,2.9257507529837508,0.3944116961565351,2.146908544854286,-0.37531596472843104,0.36895198308813654,2.254711932055223,-0.5174120026768487,0.4040737732104959,0.39918914437294,2.101619005203247,0.04528953965103888,2.153719186782837,-0.004348306603614738,0.40359628200531,2.366511583328247,-0.24127436909917988,0.4048824310302734,2.511230707168579,-0.43383411799240257,0.3890060782432556,2.599222421646118,-0.5863759840880785,0.3829522430896759,-30.929188767656377,0.0
185,4.625,1.754331824345287e+18,3.0406608366945607,0.4254724448180834,2.120359995349115,-0.49553990561357014,0.4659241431725516,2.3375587006364866,-1.1946465408167841,0.39331774241998285,0.3994181752204895,2.0240049362182617,0.09635505913085307,2.101619005203247,0.04528953965103888,0.39918914437294,2.153719186782837,-0.004348306603614738,0.40359628200531,2.366511583328247,-0.24127436909917988,0.4048824310302734,2.511230707168579,-0.43383411799240257,0.3890060782432556,-30.836114619466034,0.0
186,4.65,1.754331824370287e+18,3.0406608366945607,0.4254724448180834,2.077445641664632,-0.6209632709974698,0.4659241431725516,2.3939065306336325,-1.5579469580213912,0.37517348411868473,0.3759917020797729,1.991395115852356,0.08605052581227612,2.0240049362182617,0.09635505913085307,0.3994181752204895,2.101619005203247,0.04528953965103888,0.39918914437294,2.153719186782837,-0.004348306603614738,0.40359628200531,2.366511583328247,-0.24127436909917988,0.4048824310302734,-30.75357822434141,0.0
187,4.675000000000001,1.754331824395287e+18,3.1009549007546893,0.4473106190899599,2.0295526405609805,-0.7369329378626033,0.5421430123193515,2.4266834034179983,-1.5267465057961913,0.35092783979563774,0.3494531810283661,2.0933098793029785,-0.06375723874199801,1.991395115852356,0.08605052581227612,0.3759917020797729,2.0240049362182617,0.09635505913085307,0.3994181752204895,2.101619005203247,0.04528953965103888,0.39918914437294,2.153719186782837,-0.004348306603614738,0.40359628200531,-30.821033346030337,0.0
188,4.7,1.754331824420287e+18,3.184171077285392,0.4526262825490535,1.9892965031923253,-0.8288082509161518,0.6341343641245031,2.4410197575076276,-1.0962189367318922,0.32294152630534045,0.3494531810283661,2.0933098793029785,-0.1040133761106532,2.0933098793029785,-0.06375723874199801,0.3494531810283661,1.991395115852356,0.08605052581227612,0.3759917020797729,2.0240049362182617,0.09635505913085307,0.3994181752204895,2.101619005203247,0.04528953965103888,0.39918914437294,-30.928837203654766,0.0
189,4.7250000000000005,1.754331824445287e+18,3.216090863425422,0.4660917250480638,1.967809774864486,-0.8851832001195811,0.6758080651911833,2.4412413287557,-0.33846329628805977,0.2942785171913556,0.3140632212162018,2.283233880996704,-0.31542410613221805,2.0933098793029785,-0.1040133761106532,0.3494531810283661,2.0933098793029785,-0.06375723874199801,0.3494531810283661,1.991395115852356,0.08605052581227612,0.3759917020797729,2.0240049362182617,0.09635505913085307,0.3994181752204895,-31.24804307082626,0.0
190,4.75,1.7543318244702868e+18,3.25326130201945,0.5109961184951469,1.972417843702149,-0.9005239126227874,0.7230268621271237,2.429044282488415,0.6148929666199714,0.2679815686055469,0.2514405846595764,2.4651434421539307,-0.49272559845178177,2.283233880996704,-0.31542410613221805,0.3140632212162018,2.0933098793029785,-0.1040133761106532,0.3494531810283661,2.0933098793029785,-0.06375723874199801,0.3494531810283661,1.991395115852356,0.08605052581227612,0.3759917020797729,-31.744460558887955,0.0
191,4.775,1.754331824495287e+18,3.318900761312279,0.5537738964820407,2.0052854047984563,-0.8761733035244123,0.8187954888323612,2.40360394716104,1.6028040016185054,0.24624497877068144,0.1746209561824798,2.655625820159912,-0.6503404153614558,2.4651434421539307,-0.49272559845178177,0.2514405846595764,2.283233880996704,-0.31542410613221805,0.3140632212162018,2.0933098793029785,-0.1040133761106532,0.3494531810283661,2.0933098793029785,-0.06375723874199801,0.3494531810283661,-32.39835972573166,0.0
192,4.800000000000001,1.754331824520287e+18,3.3785781128747754,0.5990508843523592,2.063361815044371,-0.8194906925300514,0.8723528440574897,2.3633362839609102,2.4685279321587243,0.22996629603803156,0.1746209561824798,2.655625820159912,-0.592264005115541,2.655625820159912,-0.6503404153614558,0.1746209561824798,2.4651434421539307,-0.49272559845178177,0.2514405846595764,2.283233880996704,-0.31542410613221805,0.3140632212162018,2.0933098793029785,-0.1040133761106532,0.3494531810283661,-32.994043458550905,0.0
193,4.825,1.754331824545287e+18,3.40205467549286,0.6307309993101875,2.1395466396516487,-0.7418253748037951,0.8968699918741747,2.308197832622842,3.0877221637935466,0.21910074534567525,0.2862387895584106,2.681924104690552,-0.5423774650389035,2.655625820159912,-0.592264005115541,0.1746209561824798,2.655625820159912,-0.6503404153614558,0.1746209561824798,2.4651434421539307,-0.49272559845178177,0.2514405846595764,2.283233880996704,-0.31542410613221805,0.3140632212162018,-33.539717383608696,0.0
194,4.8500000000000005,1.754331824570287e+18,3.428585237050872,0.6544146472459722,2.2246155244684225,-0.6561526403996976,0.9746339042998494,2.2411928189659873,3.384494501790282,0.21371515034157468,0.3135547041893005,2.543684720993042,-0.3190691965246195,2.681924104690552,-0.5423774650389035,0.2862387895584106,2.655625820159912,-0.592264005115541,0.1746209561824798,2.655625820159912,-0.6503404153614558,0.1746209561824798,2.4651434421539307,-0.49272559845178177,0.2514405846595764,-33.86197662447946,0.0
195,4.875,1.754331824595287e+18,3.4903450561143137,0.7387114099776804,2.309252612461632,-0.5746834740596112,1.0932866941201718,2.168260886154452,3.3336248785333478,0.21494916727936497,0.2650091052055359,2.6651926040649414,-0.35593999160330947,2.543684720993042,-0.3190691965246195,0.3135547041893005,2.681924104690552,-0.5423774650389035,0.2862387895584106,2.655625820159912,-0.592264005115541,0.1746209561824798,2.655625820159912,-0.6503404153614558,0.1746209561824798,-34.22100550471954,0.0
196,4.9,1.754331824620287e+18,3.4903450561143137,0.7387114099776804,2.3855565411373796,-0.5065375332939012,1.0932866941201718,2.096692569114591,2.9518638401888837,0.2249323942598859,0.1507216840982437,2.668930768966675,-0.2833742278292952,2.6651926040649414,-0.35593999160330947,0.2650091052055359,2.543684720993042,-0.3190691965246195,0.3135547041893005,2.681924104690552,-0.5423774650389035,0.2862387895584106,2.655625820159912,-0.592264005115541,0.1746209561824798,-34.50736405068717,0.0
197,4.925000000000001,1.754331824645287e+18,3.5263793793943448,0.8211988187276147,2.447615308447341,-0.45596406006742973,1.1787839041735713,2.033129434825928,2.284264082823007,0.2454247601199435,0.1507209539413452,2.7136213779449463,-0.2660060694976054,2.668930768966675,-0.2833742278292952,0.1507216840982437,2.6651926040649414,-0.35593999160330947,0.2650091052055359,2.543684720993042,-0.3190691965246195,0.3135547041893005,2.681924104690552,-0.5423774650389035,0.2862387895584106,-34.77625417220143,0.0
198,4.95,1.7543318246702868e+18,3.538060198300071,0.8414859190802737,2.49117902177687,-0.4219165686522965,1.2030017149726098,1.9823776713145298,1.3919035688156567,0.2760112417662234,0.2611441016197204,2.5137572288513184,-0.022578207074448464,2.7136213779449463,-0.2660060694976054,0.1507209539413452,2.668930768966675,-0.2833742278292952,0.1507216840982437,2.6651926040649414,-0.35593999160330947,0.2650091052055359,2.543684720993042,-0.3190691965246195,0.3135547041893005,-34.80164690849027,0.0
199,4.9750000000000005,1.754331824695287e+18,3.596437542467067,0.975719858852331,2.5129335580803778,-0.399390835125817,1.303806736317403,1.9474746965918404,0.3451845052197869,0.31312608207640713,0.354038655757904,2.2805182933807373,0.23241526469964047,2.5137572288513184,-0.022578207074448464,0.2611441016197204,2.7136213779449463,-0.2660060694976054,0.1507209539413452,2.668930768966675,-0.2833742278292952,0.1507216840982437,2.6651926040649414,-0.35593999160330947,0.2650091052055359,-34.5720413109777,0.0
200,5.0,1.754331824720287e+18,3.596437542467067,0.975719858852331,2.5100655774139664,-0.38206075551234614,1.303806736317403,1.9304111154277015,-0.77675897929619,0.35062228344531005,0.354038655757904,2.2805182933807373,0.2295472840332291,2.2805182933807373,0.23241526469964047,0.354038655757904,2.5137572288513184,-0.022578207074448464,0.2611441016197204,2.7136213779449463,-0.2660060694976054,0.1507209539413452,2.668930768966675,-0.2833742278292952,0.1507216840982437,-34.34538593380187,0.0
201,5.025,1.754331824745287e+18,3.620164238614338,1.0207286684380226,2.480555910343982,-0.3650971640992251,1.341729449008164,1.9325718976395054,-1.8834955602213095,0.38159205627619736,0.4276097416877746,1.9547537565231323,0.5258021538208495,2.2805182933807373,0.2295472840332291,0.354038655757904,2.2805182933807373,0.23241526469964047,0.354038655757904,2.5137572288513184,-0.022578207074448464,0.2611441016197204,2.7136213779449463,-0.2660060694976054,0.1507209539413452,-33.82263994608717,0.0
202,5.050000000000001,1.754331824770287e+18,3.6361286845513066,1.0660241628175129,2.424146860237979,-0.3470257881457758,1.3846295778282303,1.9544346145213924,-2.872362761374988,0.40050035397830086,0.3867807686328888,1.93328869342804,0.490858166809939,1.9547537565231323,0.5258021538208495,0.4276097416877746,2.2805182933807373,0.2295472840332291,0.354038655757904,2.2805182933807373,0.23241526469964047,0.354038655757904,2.5137572288513184,-0.022578207074448464,0.2611441016197204,-33.335047627824615,0.0
203,5.075,1.754331824795287e+18,3.644388841231544,1.1621496578712551,2.3435171858205894,-0.32998382113565483,1.4535325840452238,1.9947554741435696,-3.6334503207984903,0.40471855616032565,0.3993608057498932,1.8885245323181152,0.4549926535024742,1.93328869342804,0.490858166809939,0.3867807686328888,1.9547537565231323,0.5258021538208495,0.4276097416877746,2.2805182933807373,0.2295472840332291,0.354038655757904,2.2805182933807373,0.23241526469964047,0.354038655757904,-32.88351860575908,0.0
204,5.1000000000000005,1.754331824820287e+18,3.6579436737493056,1.209274803997021,2.2450320791259544,-0.31843274439524455,1.496549317782458,2.0499115353656245,-4.062275516197582,0.3949732874694568,0.4076333343982696,1.8626960515975952,0.38233602752835916,1.8885245323181152,0.4549926535024742,0.3993608057498932,1.93328869342804,0.490858166809939,0.3867807686328888,1.9547537565231323,0.5258021538208495,0.4276097416877746,2.2805182933807373,0.2295472840332291,0.354038655757904,-32.504774964623415,0.0
205,5.125,1.754331824845287e+18,3.672465913120801,1.288052165648898,2.138552107032685,-0.31695170700413855,1.5384087652553855,2.114095609665214,-4.078539278779628,0.3746672403894952,0.4043413400650024,1.7759134769439695,0.36263863008871566,1.8626960515975952,0.38233602752835916,0.4076333343982696,1.8885245323181152,0.4549926535024742,0.3993608057498932,1.93328869342804,0.490858166809939,0.3867807686328888,1.9547537565231323,0.5258021538208495,0.4276097416877746,-32.14575321981669,0.0
206,5.15,1.7543318248702868e+18,3.6792406844662735,1.3509793642520125,2.0361665531076656,-0.3280151990599242,1.6046898101640514,2.1806129399727325,-3.6464739130198103,0.3483170010266777,0.3511955142021179,1.9196451902389529,0.11652136286871273,1.7759134769439695,0.36263863008871566,0.4043413400650024,1.8626960515975952,0.38233602752835916,0.4076333343982696,1.8885245323181152,0.4549926535024742,0.3993608057498932,1.93328869342804,0.490858166809939,0.3867807686328888,-32.03276835218668,0.0
207,5.175000000000001,1.754331824895287e+18,3.685240904144356,1.4211362952823767,1.9502001111011467,-0.35061117106841716,1.6573605397080349,2.243742016741795,-2.7909608297388897,0.3195657160953644,0.2566396594047546,1.9083583354949951,0.04184177560615154,1.9196451902389529,0.11652136286871273,0.3511955142021179,1.7759134769439695,0.36263863008871566,0.4043413400650024,1.8626960515975952,0.38233602752835916,0.4076333343982696,1.8885245323181152,0.4549926535024742,0.3993608057498932,-31.994309546397602,0.0
208,5.2,1.754331824920287e+18,3.6865675087086895,1.4511862579236678,1.8911194856000526,-0.38016370028497265,1.6878914756930155,2.300023814521213,-1.6041510156729282,0.28944952323210266,0.2566396594047546,1.9083583354949951,-0.01723884989494251,1.9083583354949951,0.04184177560615154,0.2566396594047546,1.9196451902389529,0.11652136286871273,0.3511955142021179,1.7759134769439695,0.36263863008871566,0.4043413400650024,1.8626960515975952,0.38233602752835916,0.4076333343982696,-32.0147529566482,0.0
209,5.2250000000000005,1.754331824945287e+18,3.68461104286216,1.5055242478528317,1.865852381282944,-0.4096333531445046,1.7507376864869506,2.348003319421448,-0.23941788304215045,0.25568302334778414,0.2416649609804153,2.2730965614318848,-0.4072441801489408,1.9083583354949951,-0.01723884989494251,0.2566396594047546,1.9083583354949951,0.04184177560615154,0.2566396594047546,1.9196451902389529,0.11652136286871273,0.3511955142021179,1.7759134769439695,0.36263863008871566,0.4043413400650024,-32.42504194707971,0.0
210,5.25,1.754331824970287e+18,3.681029914013085,1.5902853197089184,1.8766896419246961,-0.43125031326216123,1.8509052941455149,2.386361519088549,1.1076274961707544,0.21343737129967108,0.2587901055812835,2.418833017349243,-0.542143375424547,2.2730965614318848,-0.4072441801489408,0.2416649609804153,1.9083583354949951,-0.01723884989494251,0.2566396594047546,1.9083583354949951,0.04184177560615154,0.2566396594047546,1.9196451902389529,0.11652136286871273,0.3511955142021179,-32.97011238188185,0.0
211,5.275,1.754331824995287e+18,3.6788657257119377,1.6114430440505652,1.9207273839230319,-0.43831266055067514,1.874347623391009,2.411389960217312,2.2284069129386865,0.1574379968053874,0.1365111619234085,2.49334454536438,-0.572617161441348,2.418833017349243,-0.542143375424547,0.2587901055812835,2.2730965614318848,-0.4072441801489408,0.2416649609804153,1.9083583354949951,-0.01723884989494251,0.2566396594047546,1.9083583354949951,0.04184177560615154,0.2566396594047546,-33.54558121853338,0.0
212,5.300000000000001,1.754331825020287e+18,3.6737785500724263,1.6611767293316808,1.9898759169606683,-0.42665691618665147,1.9294515375041565,2.415157646593499,2.935940122175277,0.08457287321798333,0.1365111619234085,2.49334454536438,-0.5034686284037115,2.49334454536438,-0.572617161441348,0.1365111619234085,2.418833017349243,-0.542143375424547,0.2587901055812835,2.2730965614318848,-0.4072441801489408,0.2416649609804153,1.9083583354949951,-0.01723884989494251,0.2566396594047546,-34.05185495176972,0.0
213,5.325,1.754331825045287e+18,3.6463112669270337,1.6946430240922206,2.071619352174187,-0.3955229547340007,2.0142131297931996,2.38532865335785,3.0983434091578297,-0.0040637429295927435,0.0132355568930506,2.5516138076782227,-0.47999445550403586,2.49334454536438,-0.5034686284037115,0.1365111619234085,2.49334454536438,-0.572617161441348,0.1365111619234085,2.418833017349243,-0.542143375424547,0.2587901055812835,2.2730965614318848,-0.4072441801489408,0.2416649609804153,-34.534622953626304,0.0
214,5.3500000000000005,1.7543318250702868e+18,3.627550448198188,1.7453530568601805,2.1506652371410153,-0.3476402287539152,2.075755251773593,2.3068131212102116,2.664721405782068,-0.10258529090613586,-0.0296401623636484,2.3505971431732178,-0.19993190603220246,2.5516138076782227,-0.47999445550403586,0.0132355568930506,2.49334454536438,-0.5034686284037115,0.1365111619234085,2.49334454536438,-0.572617161441348,0.1365111619234085,2.418833017349243,-0.542143375424547,0.2587901055812835,-34.737307886840284,0.0
215,5.375,1.754331825095287e+18,3.6155187483953113,1.7832441858258157,2.211331813079192,-0.2885664802793649,2.126183218247008,2.1647878799960063,1.678002554380811,-0.20154802483648646,-0.2704083323478699,2.09747314453125,0.11385866854794191,2.3505971431732178,-0.19993190603220246,-0.0296401623636484,2.5516138076782227,-0.47999445550403586,0.0132355568930506,2.49334454536438,-0.5034686284037115,0.1365111619234085,2.49334454536438,-0.572617161441348,0.1365111619234085,-34.62620058277231,0.0
216,5.4,1.754331825120287e+18,3.5800003937717344,1.8199872539713884,2.2401966316770676,-0.22549567149875113,2.1654979833881867,1.9483310546634423,0.27152025201822766,-0.29062671695849224,-0.350707858800888,1.8287490606307983,0.4114475710462693,2.09747314453125,0.11385866854794191,-0.2704083323478699,2.3505971431732178,-0.19993190603220246,-0.0296401623636484,2.5516138076782227,-0.47999445550403586,0.0132355568930506,2.49334454536438,-0.5034686284037115,0.1365111619234085,-34.217535423675486,0.0
217,5.425000000000001,1.754331825145287e+18,3.557354020612654,1.8678704031157,2.228403588486596,-0.16579504896558117,2.224582309783272,1.6539063815952835,-1.3507970885454863,-0.36166304203277444,-0.3871086537837982,1.7099688053131104,0.5184347831734857,1.8287490606307983,0.4114475710462693,-0.350707858800888,2.09747314453125,0.11385866854794191,-0.2704083323478699,2.3505971431732178,-0.19993190603220246,-0.0296401623636484,2.5516138076782227,-0.47999445550403586,0.0132355568930506,-33.70195681516194,0.0
218,5.45,1.754331825170287e+18,3.515893839716744,1.904384259388644,2.1731553106753156,-0.11551223017077458,2.2690648985303348,1.287960955894116,-2.9474722464107286,-0.41081165063880354,-0.4088753759860992,1.3974076509475708,0.7757476597277448,1.7099688053131104,0.5184347831734857,-0.3871086537837982,1.8287490606307983,0.4114475710462693,-0.350707858800888,2.09747314453125,0.11385866854794191,-0.2704083323478699,2.3505971431732178,-0.19993190603220246,-0.0296401623636484,-32.92917858546484,0.0
219,5.4750000000000005,1.754331825195287e+18,3.482860270596221,1.9493569959963009,2.0781892918470666,-0.07810867737212245,2.3007999259811016,0.8677775723860967,-4.279782230715188,-0.43899189391209836,-0.4088753759860992,1.3974076509475708,0.6807816408994958,1.3974076509475708,0.7757476597277448,-0.4088753759860992,1.7099688053131104,0.5184347831734857,-0.3871086537837982,1.8287490606307983,0.4114475710462693,-0.350707858800888,2.09747314453125,0.11385866854794191,-0.2704083323478699,-32.251498306960116,0.0
220,5.5,1.754331825220287e+18,3.4661167669709494,1.97266503660781,1.9532574798235622,-0.0537059953529107,2.3104996286142896,0.4197037166869906,-5.15163518133736,-0.450715920041412,-0.4369816482067108,1.2069754600524902,0.746282019771072,1.3974076509475708,0.6807816408994958,-0.4088753759860992,1.3974076509475708,0.7757476597277448,-0.4088753759860992,1.7099688053131104,0.5184347831734857,-0.3871086537837982,1.8287490606307983,0.4114475710462693,-0.350707858800888,-31.508433637929606,0.0
221,5.525,1.754331825245287e+18,3.4289718971804124,2.011863398880444,1.8126974301864904,-0.039116049780266685,2.3494325896248847,-0.025508514644883008,-5.441213383422666,-0.4520358256685597,-0.4498873949050903,1.254197359085083,0.5585000711014074,1.2069754600524902,0.746282019771072,-0.4369816482067108,1.3974076509475708,0.6807816408994958,-0.4088753759860992,1.3974076509475708,0.7757476597277448,-0.4088753759860992,1.7099688053131104,0.5184347831734857,-0.3871086537837982,-30.953214395117087,0.0
222,5.550000000000001,1.7543318252702868e+18,3.3692706641062244,2.0704083248360856,1.6732050031436727,-0.028793289375232504,2.341600176424347,-0.43927162215241844,-5.11817350488803,-0.44851804770014625,-0.4194469749927521,1.2992126941680908,0.3739923089755819,1.254197359085083,0.5585000711014074,-0.4498873949050903,1.2069754600524902,0.746282019771072,-0.4369816482067108,1.3974076509475708,0.6807816408994958,-0.4088753759860992,1.3974076509475708,0.7757476597277448,-0.4088753759860992,-30.582490893626616,0.0
223,5.575,1.754331825295287e+18,3.321138714994085,2.1199941428115245,1.551082434231925,-0.016566162947871256,2.3570891833456984,-0.8015340849689433,-4.243273526746229,-0.443903641671304,-0.4515760242938995,1.2748016119003296,0.27628082233159534,1.2992126941680908,0.3739923089755819,-0.4194469749927521,1.254197359085083,0.5585000711014074,-0.4498873949050903,1.2069754600524902,0.746282019771072,-0.4369816482067108,1.3974076509475708,0.6807816408994958,-0.4088753759860992,-30.309393751558307,0.0
224,5.6000000000000005,1.754331825320287e+18,3.2678846939171637,2.1770890299458143,1.459532391142231,0.0023318857133341666,2.3126491988662647,-1.1046144618423843,-2.9512035280921425,-0.4397029728835347,-0.4496862590312958,1.4416784048080444,0.017853986334186667,1.2748016119003296,0.27628082233159534,-0.4515760242938995,1.2992126941680908,0.3739923089755819,-0.4194469749927521,1.254197359085083,0.5585000711014074,-0.4498873949050903,1.2069754600524902,0.746282019771072,-0.4369816482067108,-30.2945945914232,0.0
225,5.625,1.754331825345287e+18,3.2678846939171637,2.1770890299458143,1.4067316769450573,0.02963684477304416,2.3126491988662647,-1.3530122792204131,-1.4211725882127966,-0.4355916246470236,-0.4488635659217834,1.8561723232269287,-0.4494406462818714,1.4416784048080444,0.017853986334186667,-0.4496862590312958,1.2748016119003296,0.27628082233159534,-0.4515760242938995,1.2992126941680908,0.3739923089755819,-0.4194469749927521,1.254197359085083,0.5585000711014074,-0.4498873949050903,-30.74696398534086,0.0
226,5.65,1.754331825370287e+18,3.237329442552864,2.2036156173135373,1.3952025755394122,0.06350687322170956,2.264129358161251,-1.559318107973313,0.1575834436386535,-0.43023015064588305,-0.4319760203361511,2.046293020248413,-0.6510904447090009,1.8561723232269287,-0.4494406462818714,-0.4488635659217834,1.4416784048080444,0.017853986334186667,-0.4496862590312958,1.2748016119003296,0.27628082233159534,-0.4515760242938995,1.2992126941680908,0.3739923089755819,-0.4194469749927521,-31.400907117765026,0.0
227,5.675000000000001,1.754331825395287e+18,3.20374475566804,2.238965024154779,1.422477672506336,0.09936442706612451,2.237549365239818,-1.7380179887992269,1.6175114706378892,-0.42208884891126597,-0.4348380267620086,2.175938606262207,-0.7534609337558711,2.046293020248413,-0.6510904447090009,-0.4319760203361511,1.8561723232269287,-0.4494406462818714,-0.4488635659217834,1.4416784048080444,0.017853986334186667,-0.4496862590312958,1.2748016119003296,0.27628082233159534,-0.4515760242938995,-32.15722737892701,0.0
228,5.7,1.754331825420287e+18,3.186873164985132,2.2640586819191526,1.4825730426420292,0.13185738501356437,2.186408060261031,-1.8998148398744747,2.8351998979622235,-0.4100027969778269,-0.3920132517814636,2.2982304096221924,-0.8156573669801632,2.175938606262207,-0.7534609337558711,-0.4348380267620086,2.046293020248413,-0.6510904447090009,-0.4319760203361511,1.8561723232269287,-0.4494406462818714,-0.4488635659217834,1.4416784048080444,0.017853986334186667,-0.4496862590312958,-32.97584247766209,0.0
229,5.7250000000000005,1.754331825445287e+18,3.149347997208962,2.298825704556524,1.567645590148719,0.15716414110532914,2.131050895048638,-2.0485452934636217,3.7411106157907743,-0.3934033394627928,-0.393008142709732,2.3838436603546143,-0.8161980702058953,2.2982304096221924,-0.8156573669801632,-0.3920132517814636,2.175938606262207,-0.7534609337558711,-0.4348380267620086,2.046293020248413,-0.6510904447090009,-0.4319760203361511,1.8561723232269287,-0.4494406462818714,-0.4488635659217834,-33.795171671156766,0.0
230,5.75,1.7543318254702868e+18,3.142568143965095,2.312617244952487,1.6694112559738414,0.17470061384869792,2.083377080947833,-2.1813113614631567,4.316719855186975,-0.3723430967072268,-0.3635281920433044,2.393174171447754,-0.7237629154739125,2.3838436603546143,-0.8161980702058953,-0.393008142709732,2.2982304096221924,-0.8156573669801632,-0.3920132517814636,2.175938606262207,-0.7534609337558711,-0.4348380267620086,2.046293020248413,-0.6510904447090009,-0.4319760203361511,-34.522273475983,0.0
231,5.775,1.754331825495287e+18,3.112018930442406,2.353882406364204,1.780175451427634,0.18750438173346506,2.0214664225052865,-2.291079304063461,4.582336454861048,-0.3474761898891951,-0.3463533222675323,2.6603145599365234,-0.8801391085088894,2.393174171447754,-0.7237629154739125,-0.3635281920433044,2.3838436603546143,-0.8161980702058953,-0.393008142709732,2.2982304096221924,-0.8156573669801632,-0.3920132517814636,2.175938606262207,-0.7534609337558711,-0.4348380267620086,-35.40593280641212,0.0
232,5.800000000000001,1.754331825520287e+18,3.1126536728079808,2.3448643587478,1.8934399840454958,0.20105391104892148,1.9994487148420665,-2.3702945170627454,4.580677207156699,-0.32007506356822213,-0.3317523002624511,2.638212919235229,-0.7447729351897332,2.6603145599365234,-0.8801391085088894,-0.3463533222675323,2.393174171447754,-0.7237629154739125,-0.3635281920433044,2.3838436603546143,-0.8161980702058953,-0.393008142709732,2.2982304096221924,-0.8156573669801632,-0.3920132517814636,-36.154305996420845,0.0
233,5.825,1.754331825545287e+18,3.084470889575207,2.389495629792397,2.004048845638047,0.22086095950712128,1.9326378141887484,-2.4140143717447606,4.361414770883231,-0.29203243342406404,-0.3050940036773681,2.623380661010742,-0.619331815372695,2.638212919235229,-0.7447729351897332,-0.3317523002624511,2.6603145599365234,-0.8801391085088894,-0.3463533222675323,2.393174171447754,-0.7237629154739125,-0.3635281920433044,2.3838436603546143,-0.8161980702058953,-0.393008142709732,-36.777142250712025,0.0
234,5.8500000000000005,1.754331825570287e+18,3.070770963946008,2.4563158629241064,2.107919324734555,0.24969533836010827,1.8426209809713985,-2.4215903257887232,3.9705533910741706,-0.2657134548137475,-0.2646589279174804,2.710424900054932,-0.602505575320377,2.623380661010742,-0.619331815372695,-0.3050940036773681,2.638212919235229,-0.7447729351897332,-0.3317523002624511,2.6603145599365234,-0.8801391085088894,-0.3463533222675323,2.393174171447754,-0.7237629154739125,-0.3635281920433044,-37.38283549113898,0.0
235,5.875,1.754331825595287e+18,3.036090205828072,2.5238656829181325,2.2015908698486544,0.28559915813242326,1.7422160706444327,-2.3968220323833433,3.446228294356299,-0.24355929935798407,-0.2373488545417785,2.806650400161743,-0.6050595303130888,2.710424900054932,-0.602505575320377,-0.2646589279174804,2.623380661010742,-0.619331815372695,-0.3050940036773681,2.638212919235229,-0.7447729351897332,-0.3317523002624511,2.6603145599365234,-0.8801391085088894,-0.3463533222675323,-37.990571353385974,0.0
236,5.9,1.754331825620287e+18,3.017673494861782,2.607716525322063,2.281909533165878,0.3217080870226275,1.6451738840920327,-2.3471469554458384,2.820167042967105,-0.22748601857790315,-0.2373488545417785,2.806650400161743,-0.5247408669958653,2.806650400161743,-0.6050595303130888,-0.2373488545417785,2.710424900054932,-0.602505575320377,-0.2646589279174804,2.623380661010742,-0.619331815372695,-0.3050940036773681,2.638212919235229,-0.7447729351897332,-0.3317523002624511,-38.5174184217023,0.0
237,5.925000000000001,1.754331825645287e+18,3.017673494861782,2.607716525322063,2.346034381796597,0.34822438868548156,1.6451738840920327,-2.2823715880657884,2.122345481965708,-0.2182815384475289,-0.1860990226268768,2.7717702388763428,-0.4257358570797458,2.806650400161743,-0.5247408669958653,-0.2373488545417785,2.806650400161743,-0.6050595303130888,-0.2373488545417785,2.710424900054932,-0.602505575320377,-0.2646589279174804,2.623380661010742,-0.619331815372695,-0.3050940036773681,-38.94488060993878,0.0
238,5.95,1.7543318256702868e+18,3.0121334631523364,2.6747413984258843,2.39173552127922,0.3559581798685092,1.6014659517686392,-2.2130270201479245,1.3857839719065623,-0.2152792232457561,-0.1860990226268768,2.7717702388763428,-0.3800347175971228,2.7717702388763428,-0.4257358570797458,-0.1860990226268768,2.806650400161743,-0.5247408669958653,-0.2373488545417785,2.806650400161743,-0.6050595303130888,-0.2373488545417785,2.710424900054932,-0.602505575320377,-0.2646589279174804,-39.32675602776368,0.0
239,5.9750000000000005,1.754331825695287e+18,3.004360340708347,2.718067770157901,2.4178323533407715,0.3401436675529819,1.55247473062071,-2.148299369907818,0.6490062164531557,-0.2165149755775624,-0.259173721075058,2.489645481109619,-0.07181312776884763,2.7717702388763428,-0.3800347175971228,-0.1860990226268768,2.7717702388763428,-0.4257358570797458,-0.1860990226268768,2.806650400161743,-0.5247408669958653,-0.2373488545417785,2.806650400161743,-0.6050595303130888,-0.2373488545417785,-39.401248736901614,0.0
240,6.0,1.754331825720287e+18,3.007514530482576,2.7948919356933457,2.4246004381162276,0.3029956113318745,1.4756430201782291,-2.0938259819294576,-0.04494403709354563,-0.2193461039679547,-0.2267832458019256,2.3594136238098145,0.06518681430641315,2.489645481109619,-0.07181312776884763,-0.259173721075058,2.7717702388763428,-0.3800347175971228,-0.1860990226268768,2.7717702388763428,-0.4257358570797458,-0.1860990226268768,2.806650400161743,-0.5247408669958653,-0.2373488545417785,-39.34029076506668,0.0
241,6.025,1.754331825745287e+18,3.0181621183513565,2.858666103763986,2.4139652509891434,0.2537485497848624,1.4232378822208946,-2.050104784076691,-0.6524828301336517,-0.221235814113239,-0.2624094188213348,2.288050651550293,0.12591459943885042,2.3594136238098145,0.06518681430641315,-0.2267832458019256,2.489645481109619,-0.07181312776884763,-0.259173721075058,2.7717702388763428,-0.3800347175971228,-0.1860990226268768,2.7717702388763428,-0.4257358570797458,-0.1860990226268768,-39.22046122494887,0.0
242,6.050000000000001,1.754331825770287e+18,3.018365694515528,2.9163926147763632,2.3893229234806475,0.20579819859219242,1.3672689300996004,-2.0123912480625625,-1.134907873018263,-0.2203128137875021,-0.1535681933164596,2.1502058506011963,0.23911707287945116,2.288050651550293,0.12591459943885042,-0.2624094188213348,2.3594136238098145,0.06518681430641315,-0.2267832458019256,2.489645481109619,-0.07181312776884763,-0.259173721075058,2.7717702388763428,-0.3800347175971228,-0.1860990226268768,-38.98877341518472,0.0
243,6.075,1.754331825795287e+18,3.046588084361898,2.997493137888416,2.354979066521841,0.1718957277669335,1.307278593506775,-1.9725223761881536,-1.4634126816522635,-0.2155107650060195,-0.2282199561595916,2.1008822917938232,0.25409677472801784,2.1502058506011963,0.23911707287945116,-0.1535681933164596,2.288050651550293,0.12591459943885042,-0.2624094188213348,2.3594136238098145,0.06518681430641315,-0.2267832458019256,2.489645481109619,-0.07181312776884763,-0.259173721075058,-38.74188075898141,0.0
244,6.1000000000000005,1.754331825820287e+18,3.0489125335669818,3.02025374636806,2.3154294819521355,0.1594460207565467,1.2864834826422222,-1.9222047773611755,-1.6223475027618097,-0.20639110522581527,-0.2282199561595916,2.1008822917938232,0.21454719015831225,2.1008822917938232,0.25409677472801784,-0.2282199561595916,2.1502058506011963,0.23911707287945116,-0.1535681933164596,2.288050651550293,0.12591459943885042,-0.2624094188213348,2.3594136238098145,0.06518681430641315,-0.2267832458019256,-38.531861353912994,0.0
245,6.125,1.754331825845287e+18,3.0579207591079696,3.0815244445129952,2.274811372525979,0.1680311812279931,1.2418203767601133,-1.856396170704521,-1.6103191898430795,-0.19287807607906535,-0.181425467133522,2.1152799129486084,0.1595314595773707,2.1008822917938232,0.21454719015831225,-0.2282199561595916,2.1008822917938232,0.25409677472801784,-0.2282199561595916,2.1502058506011963,0.23911707287945116,-0.1535681933164596,2.288050651550293,0.12591459943885042,-0.2624094188213348,-38.37161540257713,0.0
246,6.15,1.7543318258702868e+18,3.066449446359703,3.1279494849666296,2.2367093321093017,0.1901711864257261,1.2002716393571378,-1.7751008243684114,-1.4395746143054562,-0.17505462366308444,-0.1444265246391296,2.2558538913726807,-0.01914455926337899,2.1152799129486084,0.1595314595773707,-0.181425467133522,2.1008822917938232,0.21454719015831225,-0.2282199561595916,2.1008822917938232,0.25409677472801784,-0.2282199561595916,2.1502058506011963,0.23911707287945116,-0.1535681933164596,-38.38348881384422,0.0
247,6.175000000000001,1.754331825895287e+18,3.088307161040724,3.209044961171968,2.204231409063555,0.21471715448183132,1.1421968526051087,-1.6825372805626528,-1.1344802675676617,-0.15305925625177755,-0.2153342515230178,2.259122371673584,-0.054890962610028904,2.2558538913726807,-0.01914455926337899,-0.1444265246391296,2.1152799129486084,0.1595314595773707,-0.181425467133522,2.1008822917938232,0.21454719015831225,-0.2282199561595916,2.1008822917938232,0.25409677472801784,-0.2282199561595916,-37.428843970328316,0.0
248,6.2,1.754331825920287e+18,3.121823608456515,3.256176916012693,2.1801029716721576,0.23112441044952614,1.0911229647024274,-1.5840516791291166,-0.7297122021871634,-0.12708096149302262,-0.0740867406129837,2.279676675796509,-0.09957370412435118,2.259122371673584,-0.054890962610028904,-0.2153342515230178,2.2558538913726807,-0.01914455926337899,-0.1444265246391296,2.1152799129486084,0.1595314595773707,-0.181425467133522,2.1008822917938232,0.21454719015831225,-0.2282199561595916,-36.52003244539608,0.0
249,6.2250000000000005,1.754331825945287e+18,3.1501859702738786,3.312051850988997,2.1665608872466278,0.23275676106657975,1.0609917335023806,-1.4825514306807215,-0.26825237634390026,-0.09743767595204494,-0.1156049072742462,2.3552558422088623,-0.18869495496223454,2.279676675796509,-0.09957370412435118,-0.0740867406129837,2.259122371673584,-0.054890962610028904,-0.2153342515230178,2.2558538913726807,-0.01914455926337899,-0.1444265246391296,2.1152799129486084,0.1595314595773707,-0.181425467133522,-35.71302309419955,0.0
250,6.25,1.754331825970287e+18,3.1696925984026283,3.3550208010526337,2.16500058862279,0.21815276651661733,1.0271634935995961,-1.3765447379659563,0.2011493926128006,-0.06472233905264964,-0.0432398431003093,2.358452558517456,-0.19345196989466595,2.3552558422088623,-0.18869495496223454,-0.1156049072742462,2.279676675796509,-0.09957370412435118,-0.0740867406129837,2.259122371673584,-0.054890962610028904,-0.2153342515230178,2.2558538913726807,-0.01914455926337899,-0.1444265246391296,-34.928874392711904,0.0
251,6.275,1.754331825995287e+18,3.200350873560547,3.411670467570662,2.1755124596829862,0.19018624436118825,0.987970001948351,-1.2607285022015904,0.6274417891054592,-0.029990230254863786,-0.0669194534420967,2.4795069694519043,-0.30399450976891806,2.358452558517456,-0.19345196989466595,-0.0432398431003093,2.3552558422088623,-0.18869495496223454,-0.1156049072742462,2.279676675796509,-0.09957370412435118,-0.0740867406129837,2.259122371673584,-0.054890962610028904,-0.2153342515230178,-34.276571235291044,0.0
252,6.300000000000001,1.754331826020287e+18,3.256191617780648,3.483748360563432,2.1965486468225746,0.15381678327348303,0.9453683843625404,-1.1284113294543725,0.9617010398363465,0.005094714833900584,0.0176299884915351,2.4613196849823,-0.26477103815972525,2.4795069694519043,-0.30399450976891806,-0.0669194534420967,2.358452558517456,-0.19345196989466595,-0.0432398431003093,2.3552558422088623,-0.18869495496223454,-0.1156049072742462,2.279676675796509,-0.09957370412435118,-0.0740867406129837,-33.62271327562345,0.0
253,6.325,1.754331826045287e+18,3.2772967766236136,3.519167791872218,2.224934404068797,0.11357776214377156,0.9206568107183317,-0.9742371917644376,1.1620277304882662,0.038293730126151046,0.0176299884915351,2.4613196849823,-0.23638528091350297,2.4613196849823,-0.26477103815972525,0.0176299884915351,2.4795069694519043,-0.30399450976891806,-0.0669194534420967,2.358452558517456,-0.19345196989466595,-0.0432398431003093,2.3552558422088623,-0.18869495496223454,-0.1156049072742462,-33.016756880899024,0.0
254,6.3500000000000005,1.7543318260702868e+18,3.308714409674614,3.560176452758987,2.256287836656673,0.07199694459356477,0.8914949294733241,-0.7960865530769234,1.1980646736727754,0.06710124354669755,0.0840249210596084,2.4514524936676025,-0.19516465701092933,2.4613196849823,-0.23638528091350297,0.0176299884915351,2.4613196849823,-0.26477103815972525,0.0176299884915351,2.4795069694519043,-0.30399450976891806,-0.0669194534420967,2.358452558517456,-0.19345196989466595,-0.0432398431003093,-32.30485119200545,0.0
255,6.375,1.754331826095287e+18,3.331427975312509,3.594796272079514,2.2857182953719226,0.029608059771159538,0.8686432611410209,-0.5959730311693003,1.0543413363690262,0.08926561430422113,0.1074053719639778,2.428072452545166,-0.1423541571732434,2.4514524936676025,-0.19516465701092933,0.0840249210596084,2.4613196849823,-0.23638528091350297,0.0176299884915351,2.4613196849823,-0.26477103815972525,0.0176299884915351,2.4795069694519043,-0.30399450976891806,-0.0669194534420967,-31.43934696172824,0.0
256,6.4,1.754331826120287e+18,3.3751376144866825,3.629331855119217,2.3085463014193253,-0.013701787360522487,0.8700710931378856,-0.3803142272693206,0.7320701145972518,0.10331010235712179,0.1074053719639778,2.428072452545166,-0.11952615112584075,2.428072452545166,-0.1423541571732434,0.1074053719639778,2.4514524936676025,-0.19516465701092933,0.0840249210596084,2.4613196849823,-0.23638528091350297,0.0176299884915351,2.4613196849823,-0.26477103815972525,0.0176299884915351,-30.624346636765726,0.0
257,6.425000000000001,1.754331826145287e+18,3.4175897371526696,3.683783648786031,2.3208062680846986,-0.05694693916356218,0.8494809419351944,-0.15976951859532412,0.2495332430225114,0.10882230174087035,0.0899682193994522,2.291844367980957,0.028961900103741556,2.428072452545166,-0.11952615112584075,0.1074053719639778,2.428072452545166,-0.1423541571732434,0.1074053719639778,2.4514524936676025,-0.19516465701092933,0.0840249210596084,2.4613196849823,-0.23638528091350297,0.0176299884915351,-29.646526373789673,0.0
258,6.45,1.754331826170287e+18,3.446390540018007,3.719919864561041,2.319450606876138,-0.09693932330171318,0.8364532358301546,0.051715136899737335,-0.3585278542443943,0.10641476584415177,0.1049149185419082,2.082526445388794,0.23692416148734408,2.291844367980957,0.028961900103741556,0.0899682193994522,2.428072452545166,-0.11952615112584075,0.1074053719639778,2.428072452545166,-0.1423541571732434,0.1074053719639778,2.4514524936676025,-0.19516465701092933,0.0840249210596084,-28.421052207192826,0.0
259,6.4750000000000005,1.754331826195287e+18,3.53559839486795,3.79971440442228,2.3023664251083953,-0.1285210803245719,0.8350612107903511,0.2391337121326299,-1.0422530090399373,0.09743336567003356,0.1049149185419082,2.082526445388794,0.21983997971960134,2.082526445388794,0.23692416148734408,0.1049149185419082,2.291844367980957,0.028961900103741556,0.0899682193994522,2.428072452545166,-0.11952615112584075,0.1074053719639778,2.428072452545166,-0.1423541571732434,0.1074053719639778,-27.265247103432802,0.0
260,6.5,1.754331826220287e+18,3.549677972454371,3.811323363320933,2.2684200984152523,-0.14622167203880126,0.8496186289066762,0.3896696298214106,-1.7389233414835983,0.08356532176443042,0.1049149185419082,2.082526445388794,0.18589365302645833,2.082526445388794,0.21983997971960134,0.1049149185419082,2.082526445388794,0.23692416148734408,0.1049149185419082,2.291844367980957,0.028961900103741556,0.0899682193994522,2.428072452545166,-0.11952615112584075,0.1074053719639778,-26.1629183650124,0.0
261,6.525,1.754331826245287e+18,3.582824519899876,3.8479180715763857,2.217699548246897,-0.1466642534076341,0.8500606022377384,0.4957295868626833,-2.3767702906453967,0.06647279605800759,0.0282595753669738,1.857909560203552,0.35978998804334483,2.082526445388794,0.18589365302645833,0.1049149185419082,2.082526445388794,0.21983997971960134,0.1049149185419082,2.082526445388794,0.23692416148734408,0.1049149185419082,2.291844367980957,0.028961900103741556,0.0899682193994522,-24.848190805064124,0.0
262,6.550000000000001,1.7543318262702868e+18,3.623481965835188,3.90044635664124,2.1519475109792614,-0.13049227805855326,0.8688102965815834,0.5563077322322307,-2.881024071511883,0.0475555952389197,0.040822297334671,1.7698633670806885,0.3820841438985729,1.857909560203552,0.35978998804334483,0.0282595753669738,2.082526445388794,0.18589365302645833,0.1049149185419082,2.082526445388794,0.21983997971960134,0.1049149185419082,2.082526445388794,0.23692416148734408,0.1049149185419082,-23.56797506251996,0.0
263,6.575,1.754331826295287e+18,3.652621103864764,3.93250314483334,2.07495849150517,-0.10272131176390666,0.8745116495560126,0.5760703689771107,-3.1824087038155238,0.027951070666595284,0.0299988128244876,1.687630295753479,0.387328195751691,1.7698633670806885,0.3820841438985729,0.040822297334671,1.857909560203552,0.35978998804334483,0.0282595753669738,2.082526445388794,0.18589365302645833,0.1049149185419082,2.082526445388794,0.21983997971960134,0.1049149185419082,-22.244333916257442,0.0
264,6.6000000000000005,1.754331826320287e+18,3.708842393964482,4.002414303669084,1.9925911101336373,-0.07124130665447757,0.90150371179788,0.5627155792945921,-3.227402446337954,0.00880896433944889,0.0299988128244876,1.687630295753479,0.3049608143801583,1.687630295753479,0.387328195751691,0.0299988128244876,1.7698633670806885,0.3820841438985729,0.040822297334671,1.857909560203552,0.35978998804334483,0.0282595753669738,2.082526445388794,0.18589365302645833,0.1049149185419082,-21.064818273422674,0.0
265,6.625,1.754331826345287e+18,3.740537109158585,4.0427424964922505,1.9121629064899333,-0.04414995274006879,0.9160972327855768,0.5238637411596668,-2.988659731956996,-0.00829926138319487,0.0080360071733593,1.5385141372680664,0.37364876922186685,1.687630295753479,0.3049608143801583,0.0299988128244876,1.687630295753479,0.387328195751691,0.0299988128244876,1.7698633670806885,0.3820841438985729,0.040822297334671,1.857909560203552,0.35978998804334483,0.0282595753669738,-19.759934496347707,0.0
266,6.65,1.754331826370287e+18,3.769625358968474,4.084061652427686,1.8413240751532445,-0.027123972049412824,0.9281573838337581,0.46483031174907974,-2.4734275339101504,-0.021117192135601218,-0.0326100774109363,1.668523907661438,0.1728001674918065,1.5385141372680664,0.37364876922186685,0.0080360071733593,1.687630295753479,0.3049608143801583,0.0299988128244876,1.687630295753479,0.387328195751691,0.0299988128244876,1.7698633670806885,0.3820841438985729,0.040822297334671,-18.71869809816226,0.0
267,6.675000000000001,1.754331826395287e+18,3.794734354124671,4.115121066853161,1.786796586349157,-0.021924655866103503,0.9401352908493295,0.38828487203599255,-1.7277987718697305,-0.026814715909539336,-0.0333192609250545,1.9602042436599727,-0.17340765731081564,1.668523907661438,0.1728001674918065,-0.0326100774109363,1.5385141372680664,0.37364876922186685,0.0080360071733593,1.687630295753479,0.3049608143801583,0.0299988128244876,1.687630295753479,0.387328195751691,0.0299988128244876,-17.92214719959374,0.0
268,6.7,1.754331826420287e+18,3.835502359523833,4.165675989458952,1.7533644939666804,-0.02651507779042167,0.9543050843639755,0.29608250454650026,-0.8351909750242276,-0.022493753818108045,-0.0109220528975129,1.973523020744324,-0.22015852677764358,1.9602042436599727,-0.17340765731081564,-0.0333192609250545,1.668523907661438,0.1728001674918065,-0.0326100774109363,1.5385141372680664,0.37364876922186685,0.0080360071733593,1.687630295753479,0.3049608143801583,0.0299988128244876,-17.24444208554922,0.0
269,6.7250000000000005,1.754331826445287e+18,3.860173956548766,4.197624646617967,1.7432596082685345,-0.036491788561824216,0.9648668422460873,0.1925438787152407,0.09167428338139474,-0.0059150153836885514,-0.0109220528975129,1.973523020744324,-0.2302634124757894,1.973523020744324,-0.22015852677764358,-0.0109220528975129,1.9602042436599727,-0.17340765731081564,-0.0333192609250545,1.668523907661438,0.1728001674918065,-0.0326100774109363,1.5385141372680664,0.37364876922186685,0.0080360071733593,-16.536282875577548,0.0
270,6.75,1.7543318264702868e+18,3.890306383384603,4.242997042854365,1.7558700008763115,-0.04701207807338206,0.9659099427073848,0.08750316971235872,0.9249772039760144,0.02380402393354304,0.0054846070706844,1.986546516418457,-0.23067651554214552,1.973523020744324,-0.2302634124757894,-0.0109220528975129,1.973523020744324,-0.22015852677764358,-0.0109220528975129,1.9602042436599727,-0.17340765731081564,-0.0333192609250545,1.668523907661438,0.1728001674918065,-0.0326100774109363,-15.842377041532679,0.0
271,6.775,1.754331826495287e+18,3.929142690225823,4.295705356823028,1.7876686477176325,-0.05435126134245655,0.9726007491990986,-0.0028055660007264716,1.5407817746744359,0.06575549452442173,0.0599020682275295,2.0328381061553955,-0.24516945843776305,1.986546516418457,-0.23067651554214552,0.0054846070706844,1.973523020744324,-0.2302634124757894,-0.0109220528975129,1.973523020744324,-0.22015852677764358,-0.0109220528975129,1.9602042436599727,-0.17340765731081564,-0.0333192609250545,-15.243916970781392,0.0
272,6.800000000000001,1.754331826520287e+18,3.940755671643896,4.312139168374815,1.8323725192056697,-0.056584210904052225,0.9757109221488913,-0.0580301469696503,1.8402761478801595,0.11723960271897198,0.1356025636196136,2.1389036178588867,-0.30653109865321704,2.0328381061553955,-0.24516945843776305,0.0599020682275295,1.986546516418457,-0.23067651554214552,0.0054846070706844,1.973523020744324,-0.2302634124757894,-0.0109220528975129,1.973523020744324,-0.22015852677764358,-0.0109220528975129,-14.635554234858681,0.0
273,6.825,1.754331826545287e+18,3.964081189906511,4.348964692664794,1.8814683970003223,-0.05340588219726387,0.971661756855202,-0.05850619396524187,1.7697505065339632,0.17423354032173713,0.1356025636196136,2.1389036178588867,-0.2574352208585644,2.1389036178588867,-0.30653109865321704,0.1356025636196136,2.0328381061553955,-0.24516945843776305,0.0599020682275295,1.986546516418457,-0.23067651554214552,0.0054846070706844,1.973523020744324,-0.2302634124757894,-0.0109220528975129,-14.060265161865573,0.0
274,6.8500000000000005,1.754331826570287e+18,3.9839117006607534,4.377360696951862,1.9252595660778677,-0.045523209101016586,0.966204301930277,0.009321580289316426,1.3351758327142291,0.23219913127479916,0.2883141040802002,2.0790958404541016,-0.15383627437623382,2.1389036178588867,-0.2574352208585644,0.1356025636196136,2.1389036178588867,-0.30653109865321704,0.1356025636196136,2.0328381061553955,-0.24516945843776305,0.0599020682275295,1.986546516418457,-0.23067651554214552,0.0054846070706844,-13.282583630910548,0.0
275,6.875,1.754331826595287e+18,4.018611799975698,4.420548746504113,1.9544383226089164,-0.03417133033781065,0.9629252317763042,0.148952829827647,0.6074075398321748,0.2869617572133499,0.2883141040802002,2.0790958404541016,-0.1246575178451852,2.0790958404541016,-0.15383627437623382,0.2883141040802002,2.1389036178588867,-0.2574352208585644,0.1356025636196136,2.1389036178588867,-0.30653109865321704,0.1356025636196136,2.0328381061553955,-0.24516945843776305,0.0599020682275295,-12.538801580131034,0.0
276,6.9,1.754331826620287e+18,4.04007382239801,4.45171868147072,1.9619299730123694,-0.021081786542970195,0.9610835912902308,0.3526945259941478,-0.284719627194819,0.33536890627426275,0.3056912422180176,1.8239414691925049,0.1379885038198645,2.0790958404541016,-0.1246575178451852,0.2883141040802002,2.0790958404541016,-0.15383627437623382,0.2883141040802002,2.1389036178588867,-0.2574352208585644,0.1356025636196136,2.1389036178588867,-0.30653109865321704,0.1356025636196136,-11.637887560204282,0.0
277,6.925000000000001,1.754331826645287e+18,4.0828431027622,4.516556398594973,1.9445458439207062,-0.008820342782745152,0.9681159669513946,0.6034952446305708,-1.1738138671802303,0.37555614605169485,0.3855899572372436,1.6577101945877075,0.28683564933299865,1.8239414691925049,0.1379885038198645,0.3056912422180176,2.0790958404541016,-0.1246575178451852,0.2883141040802002,2.0790958404541016,-0.15383627437623382,0.2883141040802002,2.1389036178588867,-0.2574352208585644,0.1356025636196136,-10.538514023811558,0.0
278,6.95,1.7543318266702868e+18,4.110010554554536,4.555042748043475,1.9039731536391533,-0.001095625329644998,0.9705889116281161,0.8788616677774082,-1.88328847128112,0.4068423015982367,0.429609477519989,1.4613347053527832,0.4426384482863701,1.6577101945877075,0.28683564933299865,0.3855899572372436,1.8239414691925049,0.1379885038198645,0.3056912422180176,2.0790958404541016,-0.1246575178451852,0.2883141040802002,2.0790958404541016,-0.15383627437623382,0.2883141040802002,-9.352160999444251,0.0
279,6.9750000000000005,1.754331826695287e+18,4.140919019997496,4.600617474089944,1.8468150453756813,-0.0025924041949798573,1.005529904821935,1.1554792120759214,-2.2612200998860787,0.4294075639464166,0.3939305543899536,1.472224235534668,0.37459080984101334,1.4613347053527832,0.4426384482863701,0.429609477519989,1.6577101945877075,0.28683564933299865,0.3855899572372436,1.8239414691925049,0.1379885038198645,0.3056912422180176,2.0790958404541016,-0.1246575178451852,0.2883141040802002,-8.329665699997822,0.0
280,7.0,1.754331826720287e+18,4.161976620437283,4.6303247896471005,1.783627567215621,-0.01808744370855712,1.0169201522452347,1.4133119064790267,-2.2114171017663904,0.443931885197351,0.4397685527801513,1.4894754886627195,0.2941520785529015,1.472224235534668,0.37459080984101334,0.3939305543899536,1.4613347053527832,0.4426384482863701,0.429609477519989,1.6577101945877075,0.28683564933299865,0.3855899572372436,1.8239414691925049,0.1379885038198645,0.3056912422180176,-7.449137637356841,0.0
281,7.025,1.754331826745287e+18,4.190395640930616,4.674022879851521,1.7270767335567567,-0.050940948413555794,1.0543983840918398,1.6384225626627915,-1.7143132320550276,0.45134015285786666,0.4660214185714721,1.7750529050827026,-0.04797617152594591,1.4894754886627195,0.2941520785529015,0.4397685527801513,1.472224235534668,0.37459080984101334,0.3939305543899536,1.4613347053527832,0.4426384482863701,0.429609477519989,1.6577101945877075,0.28683564933299865,0.3855899572372436,-7.063279690890385,0.0
282,7.050000000000001,1.754331826770287e+18,4.2044329650163625,4.702716035106143,1.6895090583766235,-0.10139520458407683,1.0870058207057292,1.8241654391784712,-0.8322082035281108,0.45272718486560615,0.4557312130928039,1.91104519367218,-0.2215361352955565,1.7750529050827026,-0.04797617152594591,0.4660214185714721,1.4894754886627195,0.2941520785529015,0.4397685527801513,1.472224235534668,0.37459080984101334,0.3939305543899536,1.4613347053527832,0.4426384482863701,0.429609477519989,-7.043541457086762,0.0
283,7.075,1.754331826795287e+18,4.244650818814922,4.769062931297126,1.6804453475706016,-0.1653462506605519,1.163724982534972,1.9706902323967492,0.3030535779080972,0.44941609065423155,0.4490718841552734,2.125014305114746,-0.4445689575441445,1.91104519367218,-0.2215361352955565,0.4557312130928039,1.7750529050827026,-0.04797617152594591,0.4660214185714721,1.4894754886627195,0.2941520785529015,0.4397685527801513,1.472224235534668,0.37459080984101334,0.3939305543899536,-7.483762108027291,0.0
284,7.1000000000000005,1.754331826820287e+18,4.253276253908698,4.783611669384128,1.7046505153957578,-0.23428336094775148,1.18152305777059,2.083037553680124,1.5175379774652769,0.44301804296678804,0.4413065314292907,2.3288803100585938,-0.6242297946628359,2.125014305114746,-0.4445689575441445,0.4490718841552734,1.91104519367218,-0.2215361352955565,0.4557312130928039,1.7750529050827026,-0.04797617152594591,0.4660214185714721,1.4894754886627195,0.2941520785529015,0.4397685527801513,-8.153281442341166,0.0
285,7.125,1.754331826845287e+18,4.297023413934763,4.854011330405264,1.761330185464277,-0.29681395859855,1.266221992839815,2.168558708150839,2.6314901267180946,0.4353790308065306,0.4382067620754242,2.378532886505127,-0.6172027010408498,2.3288803100585938,-0.6242297946628359,0.4413065314292907,2.125014305114746,-0.4445689575441445,0.4490718841552734,1.91104519367218,-0.2215361352955565,0.4557312130928039,1.7750529050827026,-0.04797617152594591,0.4660214185714721,-8.86683920251287,0.0
286,7.15,1.7543318268702868e+18,4.326274529095744,4.909783329525277,1.8446578106910239,-0.3415948584884016,1.3350279994789422,2.2346371748257363,3.4958015789072903,0.4283762535992849,0.4387076199054718,2.47294545173645,-0.6282876410454263,2.378532886505127,-0.6172027010408498,0.4382067620754242,2.3288803100585938,-0.6242297946628359,0.4413065314292907,2.125014305114746,-0.4445689575441445,0.4490718841552734,1.91104519367218,-0.2215361352955565,0.4557312130928039,-9.581177369370572,0.0
287,7.175000000000001,1.754331826895287e+18,4.3151608306280025,4.932938922588936,1.945411180116832,-0.36080404985347053,1.3712355080038878,2.287380317706199,4.020061115257707,0.423594432593277,0.4154919385910034,2.5096664428710938,-0.5642552627542619,2.47294545173645,-0.6282876410454263,0.4387076199054718,2.378532886505127,-0.6172027010408498,0.4382067620754242,2.3288803100585938,-0.6242297946628359,0.4413065314292907,2.125014305114746,-0.4445689575441445,0.4490718841552734,-10.081675393382836,0.0
288,7.2,1.754331826920287e+18,4.3306811852553615,4.973975420687064,2.0531831571408943,-0.3529368473161038,1.4225822116643039,2.3312664786886708,4.185883669276208,0.4219657927968683,0.4113242328166961,2.7708487510681152,-0.717665593927221,2.5096664428710938,-0.5642552627542619,0.4154919385910034,2.47294545173645,-0.6282876410454263,0.4387076199054718,2.378532886505127,-0.6172027010408498,0.4382067620754242,2.3288803100585938,-0.6242297946628359,0.4413065314292907,-10.695327611199403,0.0
289,7.2250000000000005,1.754331826945287e+18,4.329946494618758,5.032022828302116,2.1585493472320936,-0.3239335890294581,1.4962094907269898,2.3692486311293335,4.043144540914195,0.4235065072236623,0.4205359220504761,2.792407512664795,-0.6338581654327013,2.7708487510681152,-0.717665593927221,0.4113242328166961,2.5096664428710938,-0.5642552627542619,0.4154919385910034,2.47294545173645,-0.6282876410454263,0.4387076199054718,2.378532886505127,-0.6172027010408498,0.4382067620754242,-11.013761670499887,0.0
290,7.250000000000001,1.754331826970287e+18,4.337500029828845,5.061531557230615,2.2547166134314227,-0.28623043752845495,1.5326990483517793,2.4028514592291113,3.6911607667015494,0.4272897085069543,0.4277525246143341,2.9591004848480225,-0.7043838714165997,2.792407512664795,-0.6338581654327013,0.4205359220504761,2.7708487510681152,-0.717665593927221,0.4113242328166961,2.5096664428710938,-0.5642552627542619,0.4154919385910034,2.47294545173645,-0.6282876410454263,0.4387076199054718,-11.225419943464704,0.0
291,7.275,1.754331826995287e+18,4.339608874655839,5.095630713661882,2.3384031943752466,-0.25591898660451035,1.5662057067628268,2.4321443975858514,3.250528187033804,0.43172028441389726,0.4277525246143341,2.9591004848480225,-0.6206972904727759,2.9591004848480225,-0.7043838714165997,0.4277525246143341,2.792407512664795,-0.6338581654327013,0.4205359220504761,2.7708487510681152,-0.717665593927221,0.4113242328166961,2.5096664428710938,-0.5642552627542619,0.4154919385910034,-11.195776818576025,0.0
292,7.300000000000001,1.754331827020287e+18,4.347426459248736,5.145439309029019,2.4098795236830592,-0.24870456011797482,1.6235593927689587,2.455737395549971,2.8332843336607603,0.4350450142775523,0.448792427778244,2.9836854934692383,-0.573805969786179,2.9591004848480225,-0.6206972904727759,0.4277525246143341,2.9591004848480225,-0.7043838714165997,0.4277525246143341,2.792407512664795,-0.6338581654327013,0.4205359220504761,2.7708487510681152,-0.717665593927221,0.4113242328166961,-11.177318783246662,0.0
293,7.325,1.754331827045287e+18,4.34901927618952,5.253508962654284,2.472209981285517,-0.27575502477358066,1.7564669581144672,2.4710080221311586,2.5188847601048754,0.4359184220516561,0.4452773928642273,2.8998537063598637,-0.42764372507434656,2.9836854934692383,-0.573805969786179,0.448792427778244,2.9591004848480225,-0.6206972904727759,0.4277525246143341,2.9591004848480225,-0.7043838714165997,0.4277525246143341,2.792407512664795,-0.6338581654327013,0.4205359220504761,-11.062585043282105,0.0
294,7.3500000000000005,1.7543318270702868e+18,4.330684433365187,5.313758785809536,2.529856825656267,-0.34063556798448824,1.8175141972059474,2.4747395613013956,2.3413201944897497,0.43381337833781325,0.4303049147129059,3.054434299468994,-0.5245774738127271,2.8998537063598637,-0.42764372507434656,0.4452773928642273,2.9836854934692383,-0.573805969786179,0.448792427778244,2.9591004848480225,-0.6206972904727759,0.4277525246143341,2.9591004848480225,-0.7043838714165997,0.4277525246143341,-11.268093320570213,0.0
295,7.375000000000001,1.754331827095287e+18,4.330684433365187,5.313758785809536,2.5870097035929125,-0.43821624128313275,1.8175141972059474,2.4642147599784527,2.289269803204965,0.42913658295749496,0.4258780181407928,3.0780341625213623,-0.4910244589284498,3.054434299468994,-0.5245774738127271,0.4303049147129059,2.8998537063598637,-0.42764372507434656,0.4452773928642273,2.9836854934692383,-0.573805969786179,0.448792427778244,2.9591004848480225,-0.6206972904727759,0.4277525246143341,-11.403177787895354,0.0
296,7.4,1.754331827120287e+18,4.304349107467779,5.434846119873381,2.646208630516208,-0.5559390873045533,1.9336185815010007,2.4384841980070444,2.3175265989492506,0.42304676305758493,0.4130747020244598,3.1553196907043457,-0.5091110601881379,3.0780341625213623,-0.4910244589284498,0.4258780181407928,3.054434299468994,-0.5245774738127271,0.4303049147129059,2.8998537063598637,-0.42764372507434656,0.4452773928642273,2.9836854934692383,-0.573805969786179,0.448792427778244,-11.628914620254196,0.0
297,7.425000000000001,1.754331827145287e+18,4.270440357373236,5.5832937626525,2.707787665278092,-0.677272676831287,2.074294967955457,2.3992114280757306,2.36512061309596,0.41709096026062975,0.4161394238471985,3.2537589073181152,-0.5459712420400233,3.1553196907043457,-0.5091110601881379,0.4130747020244598,3.0780341625213623,-0.4910244589284498,0.4258780181407928,3.054434299468994,-0.5245774738127271,0.4303049147129059,2.8998537063598637,-0.42764372507434656,0.4452773928642273,-11.908879792796615,0.0
298,7.45,1.754331827170287e+18,4.270440357373236,5.5832937626525,2.770247192547834,-0.7864013015734974,2.074294967955457,2.3505605671965664,2.374366629684074,0.41279729796434345,0.4352385401725769,3.3003883361816406,-0.5301411436338066,3.2537589073181152,-0.5459712420400233,0.4161394238471985,3.1553196907043457,-0.5091110601881379,0.4130747020244598,3.0780341625213623,-0.4910244589284498,0.4258780181407928,3.054434299468994,-0.5245774738127271,0.4303049147129059,-12.416442729355971,0.0
299,7.4750000000000005,1.754331827195287e+18,4.270440357373236,5.5832937626525,2.8311417294767947,-0.8724295332283512,2.074294967955457,2.2980947258290167,2.3056691211498386,0.41130541488528793,0.4128687977790832,3.342893600463867,-0.5117518709870725,3.3003883361816406,-0.5301411436338066,0.4352385401725769,3.2537589073181152,-0.5459712420400233,0.4161394238471985,3.1553196907043457,-0.5091110601881379,0.4130747020244598,3.0780341625213623,-0.4910244589284498,0.4258780181407928,-13.160609865042685,0.0
300,7.500000000000001,1.754331827220287e+18,4.239526168633791,5.651161777316262,2.887919123478969,-0.9314311139467595,2.1366822258355054,2.2472018290666096,2.1449110909568185,0.4130744062552282,0.3828187882900238,3.468425989151001,-0.580506865672032,3.342893600463867,-0.5117518709870725,0.4128687977790832,3.3003883361816406,-0.5301411436338066,0.4352385401725769,3.2537589073181152,-0.5459712420400233,0.4161394238471985,3.1553196907043457,-0.5091110601881379,0.4130747020244598,-13.970664014747946,0.0
301,7.525,1.754331827245287e+18,4.205955859826822,5.699973018638932,2.9384497714740587,-0.9658090382141957,2.1850509395378483,2.201731393098998,1.9028207338820777,0.4177468169241811,0.4058538973331451,3.447145938873291,-0.5086961673992323,3.468425989151001,-0.580506865672032,0.3828187882900238,3.342893600463867,-0.5117518709870725,0.4128687977790832,3.3003883361816406,-0.5301411436338066,0.4352385401725769,3.2537589073181152,-0.5459712420400233,0.4161394238471985,-15.005162335968029,0.0
302,7.550000000000001,1.7543318272702868e+18,4.129481382844363,5.83267755787626,2.9813280702086487,-0.9818430157531255,2.3202983578648406,2.1632971246673462,1.6079887888473323,0.4242915236389192,0.4267918467521667,3.4488415718078613,-0.4675135015992127,3.447145938873291,-0.5086961673992323,0.4058538973331451,3.468425989151001,-0.580506865672032,0.3828187882900238,3.342893600463867,-0.5117518709870725,0.4128687977790832,3.3003883361816406,-0.5301411436338066,0.4352385401725769,-15.963534004377179,0.0
303,7.575,1.754331827295287e+18,4.129481382844363,5.83267755787626,3.016066938953462,-0.9869582474509122,2.3202983578648406,2.1313869031237958,1.296599623418536,0.4314580313376125,0.4552954733371734,3.3147284984588623,-0.2986615595054003,3.4488415718078613,-0.4675135015992127,0.4267918467521667,3.447145938873291,-0.5086961673992323,0.4058538973331451,3.468425989151001,-0.580506865672032,0.3828187882900238,3.342893600463867,-0.5117518709870725,0.4128687977790832,-16.717188217385054,0.0
304,7.6000000000000005,1.754331827320287e+18,4.043724339749483,5.948040660162666,3.0431446363799197,-0.9878651048205818,2.431029909942121,2.104226732595825,1.0022315016005565,0.4383504705871014,0.458122581243515,3.275487899780273,-0.23234326340035327,3.3147284984588623,-0.2986615595054003,0.4552954733371734,3.4488415718078613,-0.4675135015992127,0.4267918467521667,3.447145938873291,-0.5086961673992323,0.4058538973331451,3.468425989151001,-0.580506865672032,0.3828187882900238,-17.331867508313767,0.0
305,7.625000000000001,1.754331827345287e+18,4.043724339749483,5.948040660162666,3.0637902712484255,-0.9897763213009174,2.431029909942121,2.080164611043751,0.7484147865808558,0.4447649276830916,0.458122581243515,3.275487899780273,-0.21169762853184748,3.275487899780273,-0.23234326340035327,0.458122581243515,3.3147284984588623,-0.2986615595054003,0.4552954733371734,3.4488415718078613,-0.4675135015992127,0.4267918467521667,3.447145938873291,-0.5086961673992323,0.4058538973331451,-17.90620376693433,0.0
306,7.65,1.754331827370287e+18,3.958355702386255,6.036561965596478,3.0795113278040454,-0.9962285353370446,2.5147559589443946,2.0590369509665125,0.5453701962071995,0.4510149739660477,0.4127634763717651,3.4463582038879395,-0.3668468760838941,3.275487899780273,-0.21169762853184748,0.458122581243515,3.275487899780273,-0.23234326340035327,0.458122581243515,3.3147284984588623,-0.2986615595054003,0.4552954733371734,3.4488415718078613,-0.4675135015992127,0.4267918467521667,-18.389572005886937,0.0
307,7.675000000000001,1.754331827395287e+18,3.915462560600212,6.078638245698745,3.0915608822676477,-1.009133260612166,2.560854423451004,2.042747724444851,0.39093302241895006,0.4572697151937147,0.4574572443962097,3.328110456466675,-0.2365495741990271,3.4463582038879395,-0.3668468760838941,0.4127634763717651,3.275487899780273,-0.21169762853184748,0.458122581243515,3.275487899780273,-0.23234326340035327,0.458122581243515,3.3147284984588623,-0.2986615595054003,0.4552954733371734,-18.667963355692116,0.0
308,7.7,1.754331827420287e+18,3.8059167030593777,6.165227474898483,3.1006348861398485,-1.0291677056408066,2.654831137830699,2.0345383299862907,0.2745305696307565,0.46272033989546424,0.4685038030147552,3.1651835441589355,-0.06454865801908705,3.328110456466675,-0.2365495741990271,0.4574572443962097,3.4463582038879395,-0.3668468760838941,0.4127634763717651,3.275487899780273,-0.21169762853184748,0.458122581243515,3.275487899780273,-0.23234326340035327,0.458122581243515,-18.71527316381626,0.0
309,7.7250000000000005,1.754331827445287e+18,3.8059167030593777,6.165227474898483,3.1069613754646737,-1.0565652812180575,2.654831137830699,2.037267375519803,0.1825102991837558,0.4649685948452532,0.4611620903015136,3.085299491882324,0.02166188358234944,3.1651835441589355,-0.06454865801908705,0.4685038030147552,3.328110456466675,-0.2365495741990271,0.4574572443962097,3.4463582038879395,-0.3668468760838941,0.4127634763717651,3.275487899780273,-0.21169762853184748,0.458122581243515,-18.28636710008497,0.0
310,7.750000000000001,1.7543318274702868e+18,3.72468821145472,6.220550032608026,3.1106590872931545,-1.091647323251843,2.74699706578259,2.0519082503876342,0.10317743280968691,0.45989956130661525,0.445691853761673,3.205726146697998,-0.0950670594048435,3.085299491882324,0.02166188358234944,0.4611620903015136,3.1651835441589355,-0.06454865801908705,0.4685038030147552,3.328110456466675,-0.2365495741990271,0.4574572443962097,3.4463582038879395,-0.3668468760838941,0.4127634763717651,-17.839290784065266,0.0
311,7.775,1.754331827495287e+18,3.7012386385237193,6.23369024127059,3.1120521883398373,-1.134107378729145,2.7691221199083556,2.077475561431115,0.030409509199530234,0.4421190262799638,0.445691853761673,3.205726146697998,-0.09367395835816072,3.205726146697998,-0.0950670594048435,0.445691853761673,3.085299491882324,0.02166188358234944,0.4611620903015136,3.1651835441589355,-0.06454865801908705,0.4685038030147552,3.328110456466675,-0.2365495741990271,0.4574572443962097,-17.36034758098208,0.0
312,7.800000000000001,1.754331827520287e+18,3.610316726060757,6.273193216146523,3.1117166576578077,-1.1809745865443217,2.8228138367824394,2.1124039755028416,-0.03465497616739643,0.405899293411003,0.4189528226852417,3.2343742847442627,-0.122657627086455,3.205726146697998,-0.09367395835816072,0.445691853761673,3.205726146697998,-0.0950670594048435,0.445691853761673,3.085299491882324,0.02166188358234944,0.4611620903015136,3.1651835441589355,-0.06454865801908705,0.4685038030147552,-16.979536579664824,0.0
313,7.825,1.754331827545287e+18,3.422772533099361,6.364185401723198,3.1103054285384846,-1.2247009409022214,2.9651100044161947,2.1559920055784105,-0.08389026308492696,0.3464752214019375,0.3460748791694641,3.291330337524414,-0.1810249089859295,3.2343742847442627,-0.122657627086455,0.4189528226852417,3.205726146697998,-0.09367395835816072,0.445691853761673,3.205726146697998,-0.0950670594048435,0.445691853761673,3.085299491882324,0.02166188358234944,0.4611620903015136,-16.680567033146716,0.0
314,7.8500000000000005,1.754331827570287e+18,3.422772533099361,6.364185401723198,3.108386847691324,-1.253349740483669,2.9651100044161947,2.2082140773877996,-0.10423826598835964,0.26146430808646337,0.2344573140144348,3.376903772354126,-0.26851692466280186,3.291330337524414,-0.1810249089859295,0.3460748791694641,3.2343742847442627,-0.122657627086455,0.4189528226852417,3.205726146697998,-0.09367395835816072,0.445691853761673,3.205726146697998,-0.0950670594048435,0.445691853761673,-16.749152051777315,0.0
315,7.875000000000001,1.754331827595287e+18,3.422772533099361,6.364185401723198,3.106482997537996,-1.2536655761569457,2.9651100044161947,2.2672936438395577,-0.08126571774814188,0.15216539223609407,0.0991643220186233,3.540862560272217,-0.43437956273422085,3.376903772354126,-0.26851692466280186,0.2344573140144348,3.291330337524414,-0.1810249089859295,0.3460748791694641,3.2343742847442627,-0.122657627086455,0.4189528226852417,3.205726146697998,-0.09367395835816072,0.445691853761673,-17.297390283059478,0.0
316,7.9,1.754331827620287e+18,3.3497590657383745,6.3733782648564175,3.1052912734622735,-1.2159040223846156,3.0302789759475797,2.3260768433285577,-0.003758801781628722,0.024436314263531055,0.0991643220186233,3.540862560272217,-0.4355712868099433,3.540862560272217,-0.43437956273422085,0.0991643220186233,3.376903772354126,-0.26851692466280186,0.2344573140144348,3.291330337524414,-0.1810249089859295,0.3460748791694641,3.2343742847442627,-0.122657627086455,0.4189528226852417,-18.14440914091569,0.0
317,7.925000000000001,1.754331827645287e+18,3.1837455412792157,6.403203649119148,3.1059028799201274,-1.1382998242727882,3.1389220007104695,2.369320642087681,0.13147430260608395,-0.11133201885243764,0.1294235438108444,3.5333058834075928,-0.4274030034874654,3.540862560272217,-0.4355712868099433,0.0991643220186233,3.540862560272217,-0.43437956273422085,0.0991643220186233,3.376903772354126,-0.26851692466280186,0.2344573140144348,3.291330337524414,-0.1810249089859295,0.3460748791694641,-19.090246927576644,0.0
318,7.95,1.7543318276702868e+18,3.1837455412792157,6.403203649119148,3.109812316452736,-1.029370991987037,3.1389220007104695,2.373829509709319,0.31583307326918053,-0.2417127378252961,-0.4434406757354736,3.3084986209869385,-0.19868630453420266,3.5333058834075928,-0.4274030034874654,0.1294235438108444,3.540862560272217,-0.4355712868099433,0.0991643220186233,3.540862560272217,-0.43437956273422085,0.0991643220186233,3.376903772354126,-0.26851692466280186,0.2344573140144348,-20.064680891838588,0.0
319,7.9750000000000005,1.754331827695287e+18,3.0650425762039117,6.407561186625369,3.1186208553109154,-0.9070843022691901,3.2322376125972707,2.312139893356613,0.5275817629817354,-0.35327000145812404,-0.4434406757354736,3.3084986209869385,-0.1898777656760231,3.3084986209869385,-0.19868630453420266,-0.4434406757354736,3.5333058834075928,-0.4274030034874654,0.1294235438108444,3.540862560272217,-0.4355712868099433,0.0991643220186233,3.540862560272217,-0.43437956273422085,0.0991643220186233,-20.935340298414108,0.0
320,8.0,1.754331827720287e+18,3.011980429689009,6.414893413201114,3.133479239247307,-0.7945877190684283,3.271694411950854,2.1590731266330776,0.7339539781345493,-0.4361064137984948,-0.4664892554283142,3.7042758464813232,-0.570796607234016,3.3084986209869385,-0.1898777656760231,-0.4434406757354736,3.3084986209869385,-0.19868630453420266,-0.4434406757354736,3.5333058834075928,-0.4274030034874654,0.1294235438108444,3.540862560272217,-0.4355712868099433,0.0991643220186233,-22.252418925419196,0.0
321,8.025,1.754331827745287e+18,2.917815511602208,6.403890606617765,3.154435204099411,-0.7130045312778573,3.339972170533017,1.8995188047769618,0.8967804480394592,-0.486263968771254,-0.4664892554283142,3.7042758464813232,-0.5498406423819122,3.7042758464813232,-0.570796607234016,-0.4664892554283142,3.3084986209869385,-0.1898777656760231,-0.4434406757354736,3.3084986209869385,-0.19868630453420266,-0.4434406757354736,3.5333058834075928,-0.4274030034874654,0.1294235438108444,-23.360759638902515,0.0
322,8.05,1.754331827770287e+18,2.8864292714434194,6.401921235911895,3.17996055791063,-0.6732306466479608,3.363057460588693,1.5349785254360224,0.9804935647514804,-0.5058932033156051,-0.4482144117355346,3.5559988021850586,-0.37603824427442856,3.7042758464813232,-0.5498406423819122,-0.4664892554283142,3.7042758464813232,-0.570796607234016,-0.4664892554283142,3.3084986209869385,-0.1898777656760231,-0.4434406757354736,3.3084986209869385,-0.19868630453420266,-0.4434406757354736,-24.11079019215253,0.0
323,8.075000000000001,1.754331827795287e+18,2.719363828526113,6.387169820683687,3.206982955226,-0.6702895258982741,3.459917986108209,1.0858552769690752,0.9603850926066612,-0.5014662218738202,-0.4482144117355346,3.5559988021850586,-0.3490158469590585,3.5559988021850586,-0.37603824427442856,-0.4482144117355346,3.7042758464813232,-0.5498406423819122,-0.4664892554283142,3.7042758464813232,-0.570796607234016,-0.4664892554283142,3.3084986209869385,-0.1898777656760231,-0.4434406757354736,-24.73608686144318,0.0
324,8.1,1.754331827820287e+18,2.719363828526113,6.387169820683687,3.2315891839724356,-0.68374208557222,3.459917986108209,0.5875667717779616,0.8287565639973478,-0.4812635118061185,-0.487394243478775,3.2819597721099854,-0.0503705881375498,3.5559988021850586,-0.3490158469590585,-0.4482144117355346,3.5559988021850586,-0.37603824427442856,-0.4482144117355346,3.7042758464813232,-0.5498406423819122,-0.4664892554283142,3.7042758464813232,-0.570796607234016,-0.4664892554283142,-24.804311435914915,0.0
325,8.125,1.754331827845287e+18,2.577666603633572,6.342768483553793,3.250179137279448,-0.684819924303968,3.524100872792923,0.08163554432034444,0.5972836005229605,-0.45331060842846693,-0.4766958653926849,3.3681652545928955,-0.11798611731344755,3.2819597721099854,-0.0503705881375498,-0.487394243478775,3.5559988021850586,-0.3490158469590585,-0.4482144117355346,3.5559988021850586,-0.37603824427442856,-0.4482144117355346,3.7042758464813232,-0.5498406423819122,-0.4664892554283142,-24.472856906946493,0.0
326,8.15,1.7543318278702868e+18,2.577666603633572,6.342768483553793,3.2605123545146473,-0.647111873678039,3.524100872792923,-0.39434774201398476,0.2952324173395736,-0.4242022826098824,-0.4746995270252228,3.4123475551605225,-0.1518352006458752,3.3681652545928955,-0.11798611731344755,-0.4766958653926849,3.2819597721099854,-0.0503705881375498,-0.487394243478775,3.5559988021850586,-0.3490158469590585,-0.4482144117355346,3.5559988021850586,-0.37603824427442856,-0.4482144117355346,-23.973601662883365,0.0
327,8.175,1.754331827895287e+18,2.489217772384848,6.295042267113805,3.262126145599593,-0.555853787993586,3.498799917265652,-0.8140018052249818,-0.03550889578878552,-0.3985332610014814,-0.38936448097229,3.5646843910217285,-0.3025582454221354,3.4123475551605225,-0.1518352006458752,-0.4746995270252228,3.3681652545928955,-0.11798611731344755,-0.4766958653926849,3.2819597721099854,-0.0503705881375498,-0.487394243478775,3.5559988021850586,-0.3490158469590585,-0.4482144117355346,-23.52269897454963,0.0
328,8.200000000000001,1.754331827920287e+18,2.4283153962216586,6.272756036023929,3.2560208187867863,-0.41212992314086705,3.50827770298261,-1.1650546859851234,-0.3469208994845843,-0.37845325851597866,-0.4041879177093506,3.3454067707061768,-0.08938595191939047,3.5646843910217285,-0.3025582454221354,-0.38936448097229,3.4123475551605225,-0.1518352006458752,-0.4746995270252228,3.3681652545928955,-0.11798611731344755,-0.4766958653926849,3.2819597721099854,-0.0503705881375498,-0.487394243478775,-22.79642755948886,0.0
329,8.225,1.754331827945287e+18,2.356551816177445,6.246622964105615,3.243982718373474,-0.23108977213976928,3.448627623677373,-1.4484139084207202,-0.5913878820859727,-0.3631969009412119,-0.2571667432785034,3.468707323074341,-0.22472460470086686,3.3454067707061768,-0.08938595191939047,-0.4041879177093506,3.5646843910217285,-0.3025582454221354,-0.38936448097229,3.4123475551605225,-0.1518352006458752,-0.4746995270252228,3.3681652545928955,-0.11798611731344755,-0.4766958653926849,-22.20495409398383,0.0
330,8.25,1.754331827970287e+18,2.296086819990344,6.223247016758361,3.2280827974425392,-0.035809939787403364,3.429271884424708,-1.6747253914877722,-0.727611281147032,-0.3489239583282525,-0.3606442809104919,3.3361260890960693,-0.1080432916535301,3.468707323074341,-0.22472460470086686,-0.2571667432785034,3.3454067707061768,-0.08938595191939047,-0.4041879177093506,3.5646843910217285,-0.3025582454221354,-0.38936448097229,3.4123475551605225,-0.1518352006458752,-0.4746995270252228,-21.589234470163447,0.0
331,8.275,1.754331827995287e+18,2.15811273372661,6.182005339200315,3.210623740678263,0.1502299205515653,3.361320370807062,-1.8596071659476965,-0.7260517673602227,-0.329377325346574,-0.3114177584648132,3.4271154403686523,-0.21649169969038917,3.3361260890960693,-0.1080432916535301,-0.3606442809104919,3.468707323074341,-0.22472460470086686,-0.2571667432785034,3.3454067707061768,-0.08938595191939047,-0.4041879177093506,3.5646843910217285,-0.3025582454221354,-0.38936448097229,-20.92558706134495,0.0
332,8.3,1.754331828020287e+18,2.050211571875235,6.148863995791807,3.1943505064159172,0.3091697621418188,3.2916994826248733,-2.018552528323852,-0.5742873117275895,-0.29751789024170605,-0.351859986782074,3.382518529891968,-0.188168023476051,3.4271154403686523,-0.21649169969038917,-0.3114177584648132,3.3361260890960693,-0.1080432916535301,-0.3606442809104919,3.468707323074341,-0.22472460470086686,-0.2571667432785034,3.3454067707061768,-0.08938595191939047,-0.4041879177093506,-20.368982149631265,0.0
333,8.325000000000001,1.754331828045287e+18,1.979137196610198,6.127882395877965,3.182489810614081,0.4316245965953492,3.2494076546922486,-2.162327368965494,-0.2821430287621085,-0.24765966076104548,-0.351859986782074,3.382518529891968,-0.20002871927788712,3.382518529891968,-0.188168023476051,-0.351859986782074,3.4271154403686523,-0.21649169969038917,-0.3114177584648132,3.3361260890960693,-0.1080432916535301,-0.3606442809104919,3.468707323074341,-0.22472460470086686,-0.2571667432785034,-19.949679053536457,0.0
334,8.35,1.7543318280702868e+18,1.951036402720832,6.119586865844119,3.178326452775877,0.5162914546361286,3.2326866643844547,-2.293304067437428,0.11453778801623574,-0.17723734788032738,-0.0984722971916198,3.5557861328125,-0.377459680036623,3.382518529891968,-0.20002871927788712,-0.351859986782074,3.382518529891968,-0.188168023476051,-0.351859986782074,3.4271154403686523,-0.21649169969038917,-0.3114177584648132,3.3361260890960693,-0.1080432916535301,-0.3606442809104919,-19.724633158252704,0.0
335,8.375,1.754331828095287e+18,1.8399604754447976,6.110856355542096,3.184377913957299,0.5673637614870535,3.137222253227421,-2.402896983189217,0.5534302194756728,-0.08757094720345703,-0.0002035906800301,3.4582197666168213,-0.2738418526595221,3.5557861328125,-0.377459680036623,-0.0984722971916198,3.382518529891968,-0.20002871927788712,-0.351859986782074,3.382518529891968,-0.188168023476051,-0.351859986782074,3.4271154403686523,-0.21649169969038917,-0.3114177584648132,-19.39341548059914,0.0
336,8.4,1.754331828120287e+18,1.7534377480846342,6.110060596455894,3.20148548372728,0.5912206662375546,3.0901464925282465,-2.470626051452413,0.9505870797294829,0.016355801536489988,-0.0002035906800301,3.4582197666168213,-0.25673428288954137,3.4582197666168213,-0.2738418526595221,-0.0002035906800301,3.5557861328125,-0.377459680036623,-0.0984722971916198,3.382518529891968,-0.20002871927788712,-0.351859986782074,3.382518529891968,-0.188168023476051,-0.351859986782074,-19.12540889649281,0.0
337,8.425,1.754331828145287e+18,1.6075495472408576,6.114274149420284,3.228154469674592,0.593725887383543,2.9888047018691797,-2.466056543519567,1.2116996640953526,0.1266849301541211,-0.0060864808037877,3.603609800338745,-0.37545533066415304,3.4582197666168213,-0.25673428288954137,-0.0002035906800301,3.4582197666168213,-0.2738418526595221,-0.0002035906800301,3.5557861328125,-0.377459680036623,-0.0984722971916198,3.382518529891968,-0.20002871927788712,-0.351859986782074,-19.07512837007722,0.0
338,8.450000000000001,1.754331828170287e+18,1.573366582050383,6.11294367919644,3.2603295705591604,0.5789809684904446,2.9631507039988363,-2.354875376321811,1.2490822492588796,0.23383073868293253,0.245942085981369,3.698867559432984,-0.43853798887382345,3.603609800338745,-0.37545533066415304,-0.0060864808037877,3.4582197666168213,-0.25673428288954137,-0.0002035906800301,3.4582197666168213,-0.2738418526595221,-0.0002035906800301,3.5557861328125,-0.377459680036623,-0.0984722971916198,-19.133631641353922,0.0
339,8.475,1.754331828195287e+18,1.4652060674224048,6.113001585997635,3.2916664241683913,0.5496335735748605,2.8891929448689164,-2.1089423148507556,1.001655938601021,0.3281081632344102,0.3878145515918731,3.380571126937866,-0.08890470276947493,3.698867559432984,-0.43853798887382345,0.245942085981369,3.603609800338745,-0.37545533066415304,-0.0060864808037877,3.4582197666168213,-0.25673428288954137,-0.0002035906800301,3.4582197666168213,-0.2738418526595221,-0.0002035906800301,-19.15072321635455,0.0
340,8.5,1.754331828220287e+18,1.4247519772656574,6.129609276182412,3.314339497211283,0.5080670448781743,2.8642826816954776,-1.7176977224357612,0.4535476958669965,0.4017763106045878,0.4269933402538299,3.145049333572388,0.16929016363889504,3.380571126937866,-0.08890470276947493,0.3878145515918731,3.698867559432984,-0.43853798887382345,0.245942085981369,3.603609800338745,-0.37545533066415304,-0.0060864808037877,3.4582197666168213,-0.25673428288954137,-0.0002035906800301,-19.046619867022066,0.0
341,8.525,1.754331828245287e+18,1.338828758772177,6.145398139535357,3.320390098824739,0.4573765484361046,2.803798697222638,-1.1962471832315003,-0.35374209953178587,0.45085115183524865,0.4848722517490387,2.94952654838562,0.37086355043911867,3.145049333572388,0.16929016363889504,0.4269933402538299,3.380571126937866,-0.08890470276947493,0.3878145515918731,3.698867559432984,-0.43853798887382345,0.245942085981369,3.603609800338745,-0.37545533066415304,-0.0060864808037877,-18.801670916021795,0.0
342,8.55,1.7543318282702868e+18,1.242654971041663,6.185619755386587,3.3034217106364574,0.40127839982580515,2.757054716787829,-0.5856039778596863,-1.3199527813928018,0.4758000617258468,0.4848722517490387,2.94952654838562,0.3538951622508373,2.94952654838562,0.37086355043911867,0.4848722517490387,3.145049333572388,0.16929016363889504,0.4269933402538299,3.380571126937866,-0.08890470276947493,0.3878145515918731,3.698867559432984,-0.43853798887382345,0.245942085981369,-18.68689282665041,0.0
343,8.575000000000001,1.754331828295287e+18,1.060909818205415,6.247866757585814,3.2602060684889094,0.34292988012755776,2.7115646388850716,0.056201393885693715,-2.2977474703431313,0.48067021222047634,0.4848722517490387,2.94952654838562,0.31067952010328925,2.94952654838562,0.3538951622508373,0.4848722517490387,2.94952654838562,0.37086355043911867,0.4848722517490387,3.145049333572388,0.16929016363889504,0.4269933402538299,3.380571126937866,-0.08890470276947493,0.3878145515918731,-18.63031008127514,0.0
344,8.600000000000001,1.754331828320287e+18,1.060909818205415,6.247866757585814,3.191751516789459,0.2835262697882828,2.7115646388850716,0.668735319016735,-3.116722400625335,0.47100248254307703,0.3462066352367401,2.7481882572174072,0.44356325957205156,2.94952654838562,0.31067952010328925,0.4848722517490387,2.94952654838562,0.3538951622508373,0.4848722517490387,2.94952654838562,0.37086355043911867,0.4848722517490387,3.145049333572388,0.16929016363889504,0.4269933402538299,-18.4012940118614,0.0
345,8.625,1.754331828345287e+18,0.9786742787943324,6.282542583333012,3.1036294279794547,0.2218232437365286,2.6874249967000483,1.2032754106291481,-3.6156828779639585,0.45151435960920333,0.4806792140007019,2.725635528564453,0.3779938994150016,2.7481882572174072,0.44356325957205156,0.3462066352367401,2.94952654838562,0.31067952010328925,0.4848722517490387,2.94952654838562,0.3538951622508373,0.4848722517490387,2.94952654838562,0.37086355043911867,0.4848722517490387,-18.182831572023773,0.0
346,8.65,1.754331828370287e+18,0.9185643170676352,6.312813675267978,3.005564091312435,0.15512086085527185,2.7500752150732897,1.6313096578248174,-3.6764079793081925,0.4246217767907037,0.4103116691112518,2.5597445964813232,0.44581949483111183,2.725635528564453,0.3779938994150016,0.4806792140007019,2.7481882572174072,0.44356325957205156,0.3462066352367401,2.94952654838562,0.31067952010328925,0.4848722517490387,2.94952654838562,0.3538951622508373,0.4848722517490387,-17.717867517929278,0.0
347,8.675,1.754331828395287e+18,0.8609462664706653,6.340039974930851,2.9102968151821127,0.0811527132923931,2.7562767799604067,1.945983665850234,-3.2508529951249874,0.39034518440963567,0.4371291399002075,3.075631618499756,-0.16533480331764316,2.5597445964813232,0.44581949483111183,0.4103116691112518,2.725635528564453,0.3779938994150016,0.4806792140007019,2.7481882572174072,0.44356325957205156,0.3462066352367401,2.94952654838562,0.31067952010328925,0.4848722517490387,-17.828311358636892,0.0
348,8.700000000000001,1.754331828420287e+18,0.8167097214936403,6.363244022588583,2.8316990348701827,-0.0003639188481561733,2.8148445609056374,2.158208319016405,-2.3745274876576596,0.34735619727024186,0.3385529816150665,3.191551685333252,-0.35985265046306925,3.075631618499756,-0.16533480331764316,0.4371291399002075,2.5597445964813232,0.44581949483111183,0.4103116691112518,2.725635528564453,0.3779938994150016,0.4806792140007019,2.7481882572174072,0.44356325957205156,0.3462066352367401,-18.088590304975614,0.0
349,8.725000000000001,1.754331828445287e+18,0.7344531552496658,6.400697749050379,2.782249724586973,-0.08744218067088859,2.855604430106625,2.2900737073235593,-1.161777926118173,0.2943991683776291,0.3769835233688354,3.4433727264404297,-0.6611230018534568,3.191551685333252,-0.35985265046306925,0.3385529816150665,3.075631618499756,-0.16533480331764316,0.4371291399002075,2.5597445964813232,0.44581949483111183,0.4103116691112518,2.725635528564453,0.3779938994150016,0.4806792140007019,-18.56101835186683,0.0
350,8.75,1.7543318284702868e+18,0.6610518668390535,6.40881141133716,2.770325739654377,-0.1767106481034029,2.9350461295164876,2.367534350560836,0.2166404089416029,0.23133851330485772,0.1499481052160263,3.457247734069824,-0.6869219944154472,3.4433727264404297,-0.6611230018534568,0.3769835233688354,3.191551685333252,-0.35985265046306925,0.3385529816150665,3.075631618499756,-0.16533480331764316,0.4371291399002075,2.5597445964813232,0.44581949483111183,0.4103116691112518,-19.054488376387617,0.0
351,8.775,1.754331828495287e+18,0.5928465222150265,6.435775977828869,2.798100263247223,-0.2646046636842445,2.9854250920335,2.413419667541642,1.5682471063204158,0.1595117637444195,0.1499481052160263,3.457247734069824,-0.6591474708226013,3.457247734069824,-0.6869219944154472,0.1499481052160263,3.4433727264404297,-0.6611230018534568,0.3769835233688354,3.191551685333252,-0.35985265046306925,0.3385529816150665,3.075631618499756,-0.16533480331764316,0.4371291399002075,-19.409641337441297,0.0
352,8.8,1.754331828520287e+18,0.5308999504606389,6.448533730733154,2.860926681858764,-0.34809356039860023,3.041054657590001,2.4414636747215495,2.7165245188619305,0.08156802411604801,0.1232771128416061,3.640747308731079,-0.7798206268723149,3.457247734069824,-0.6591474708226013,0.1499481052160263,3.457247734069824,-0.6869219944154472,0.1499481052160263,3.4433727264404297,-0.6611230018534568,0.3769835233688354,3.191551685333252,-0.35985265046306925,0.3385529816150665,-19.924690926153886,0.0
353,8.825000000000001,1.754331828545287e+18,0.3626302579911713,6.474741213659198,2.94867334704196,-0.42483309479227205,3.1861824356762876,2.4522082130420286,3.5313672234010123,0.0012140576670766063,-0.066843569278717,3.684332609176636,-0.7356592621346763,3.640747308731079,-0.7798206268723149,0.1232771128416061,3.457247734069824,-0.6591474708226013,0.1499481052160263,3.457247734069824,-0.6869219944154472,0.1499481052160263,3.4433727264404297,-0.6611230018534568,0.3769835233688354,-20.423964907375062,0.0
354,8.850000000000001,1.754331828570287e+18,0.3626302579911713,6.474741213659198,3.0486137148343606,-0.4930945342103527,3.1861824356762876,2.43187869204906,3.9445186462133868,-0.0768167702194532,-0.066843569278717,3.684332609176636,-0.6357188943422756,3.684332609176636,-0.7356592621346763,-0.066843569278717,3.640747308731079,-0.7798206268723149,0.1232771128416061,3.457247734069824,-0.6591474708226013,0.1499481052160263,3.457247734069824,-0.6869219944154472,0.1499481052160263,-20.86451914470641,0.0
355,8.875,1.754331828595287e+18,0.2797049912056475,6.483901483047556,3.1486392465923068,-0.5517217655571434,3.245437413618203,2.3552203576785007,3.9474599183922843,-0.14655784069324124,-0.1358508020639419,3.70524525642395,-0.5566060098316434,3.684332609176636,-0.6357188943422756,-0.066843569278717,3.684332609176636,-0.7356592621346763,-0.066843569278717,3.640747308731079,-0.7798206268723149,0.1232771128416061,3.457247734069824,-0.6591474708226013,0.1499481052160263,-21.27877099736481,0.0
356,8.9,1.754331828620287e+18,0.1930230969984681,6.479829691885453,3.2393973159118232,-0.5999920719916767,3.3164474870291825,2.1925282080112836,3.5753121621452197,-0.20067142503449312,-0.0982346683740615,3.956699132919312,-0.7173018170074887,3.70524525642395,-0.5566060098316434,-0.1358508020639419,3.684332609176636,-0.6357188943422756,-0.066843569278717,3.684332609176636,-0.7356592621346763,-0.066843569278717,3.640747308731079,-0.7798206268723149,0.1232771128416061,-21.876546663246458,0.0
357,8.925,1.754331828645287e+18,0.124320854307192,6.459528620340424,3.314663095659618,-0.6371202774572962,3.3737528336298435,1.9196512742319853,2.884874811350413,-0.23088836441808858,-0.2720349729061126,3.5555789470672607,-0.24091585140764282,3.956699132919312,-0.7173018170074887,-0.0982346683740615,3.70524525642395,-0.5566060098316434,-0.1358508020639419,3.684332609176636,-0.6357188943422756,-0.066843569278717,3.684332609176636,-0.7356592621346763,-0.066843569278717,-22.14642441475784,0.0
358,8.950000000000001,1.7543318286702868e+18,0.0595263403598549,6.453880662984005,3.3703115101338965,-0.6614790269771975,3.4207315193877905,1.528086199397256,1.9361372430946349,-0.22940939073241928,-0.2615987062454223,3.355535984039306,0.014775526094590319,3.5555789470672607,-0.24091585140764282,-0.2720349729061126,3.956699132919312,-0.7173018170074887,-0.0982346683740615,3.70524525642395,-0.5566060098316434,-0.1358508020639419,3.684332609176636,-0.6357188943422756,-0.066843569278717,-22.36857305015059,0.0
359,8.975000000000001,1.754331828695287e+18,-0.1028975167977881,6.4456444051224,3.4029004527873625,-0.670091737023368,3.5111387498358035,1.0315819471438137,0.7840608698541717,-0.19114437510867496,-0.1565732955932617,3.3750693798065186,0.027831072980843974,3.355535984039306,0.014775526094590319,-0.2615987062454223,3.5555789470672607,-0.24091585140764282,-0.2720349729061126,3.956699132919312,-0.7173018170074887,-0.0982346683740615,3.70524525642395,-0.5566060098316434,-0.1358508020639419,-22.56058195688935,0.0
360,9.0,1.754331828720287e+18,-0.1028975167977881,6.4456444051224,3.408778330162534,-0.658990156878895,3.5111387498358035,0.46691705325118743,-0.5177034665298657,-0.11609213306694524,-0.1159143447875976,2.861686944961548,0.5470913852009862,3.3750693798065186,0.027831072980843974,-0.1565732955932617,3.355535984039306,0.014775526094590319,-0.2615987062454223,3.5555789470672607,-0.24091585140764282,-0.2720349729061126,3.956699132919312,-0.7173018170074887,-0.0982346683740615,-22.199384224714823,0.0
361,9.025,1.754331828745287e+18,-0.1921984201572213,6.392266642319554,3.3840854805216627,-0.6244949696598832,3.5365461192848375,-0.11105410182025385,-1.9050383312369241,-0.01088259116098779,-0.0848027020692825,2.494396448135376,0.8896890323862867,2.861686944961548,0.5470913852009862,-0.1159143447875976,3.3750693798065186,0.027831072980843974,-0.1565732955932617,3.355535984039306,0.014775526094590319,-0.2615987062454223,3.5555789470672607,-0.24091585140764282,-0.2720349729061126,-21.669485180371883,0.0
362,9.05,1.754331828770287e+18,-0.2561911744955383,6.371432968798734,3.325563991985589,-0.5649555695124964,3.5674770775567963,-0.6383045316352078,-3.291094310503045,0.11144218993865851,-0.0848027020692825,2.494396448135376,0.8311675438502131,2.494396448135376,0.8896890323862867,-0.0848027020692825,2.861686944961548,0.5470913852009862,-0.1159143447875976,3.3750693798065186,0.027831072980843974,-0.1565732955932617,3.355535984039306,0.014775526094590319,-0.2615987062454223,-21.220401780420243,0.0
363,9.075000000000001,1.754331828795287e+18,-0.3427648273441184,6.349730213064672,3.231925670271492,-0.4823707165527615,3.542682887918509,-1.0524892061928093,-4.561537994175087,0.23393640870265847,0.3866433799266815,2.3034586906433105,0.9284669796281815,2.494396448135376,0.8311675438502131,-0.0848027020692825,2.494396448135376,0.8896890323862867,-0.0848027020692825,2.861686944961548,0.5470913852009862,-0.1159143447875976,3.3750693798065186,0.027831072980843974,-0.1565732955932617,-20.67926299654375,0.0
364,9.100000000000001,1.754331828820287e+18,-0.4075359961550839,6.3202261431061615,3.105432214192231,-0.38327583452998215,3.4971406255235586,-1.303897187701038,-5.582384695239066,0.3401523482059652,0.4922946691513061,2.277748346328736,0.8276838678634952,2.3034586906433105,0.9284669796281815,0.3866433799266815,2.494396448135376,0.8311675438502131,-0.0848027020692825,2.494396448135376,0.8896890323862867,-0.0848027020692825,2.861686944961548,0.5470913852009862,-0.1159143447875976,-20.156539943060412,0.0
365,9.125,1.754331828845287e+18,-0.5067863338949516,6.282761888478389,2.9531255787007837,-0.27814691574684414,3.4514294854131466,-1.3643604254675017,-6.220399609263816,0.41880320334515875,0.4574090838432312,2.253730535507202,0.6993950431935816,2.277748346328736,0.8276838678634952,0.4922946691513061,2.3034586906433105,0.9284669796281815,0.3866433799266815,2.494396448135376,0.8311675438502131,-0.0848027020692825,2.494396448135376,0.8896890323862867,-0.0848027020692825,-19.8307936690887,0.0
366,9.15,1.7543318288702868e+18,-0.5654887122221579,6.2589528993072285,2.786984695603659,-0.17893822383266672,3.4332292381824803,-1.2319104115172597,-6.370814713580556,0.4664924084096894,0.4487537443637848,2.1657159328460693,0.6212687627575897,2.253730535507202,0.6993950431935816,0.4574090838432312,2.277748346328736,0.8276838678634952,0.4922946691513061,2.3034586906433105,0.9284669796281815,0.3866433799266815,2.494396448135376,0.8311675438502131,-0.0848027020692825,-19.382325073822916,0.0
367,9.175,1.754331828895287e+18,-0.68375143605481,6.24873842068997,2.6225201438457804,-0.09554484534905168,3.346184550078057,-0.9299307906959215,-5.98376765805296,0.4871952935977443,0.4487537443637848,2.1657159328460693,0.456804210999711,2.1657159328460693,0.6212687627575897,0.4487537443637848,2.253730535507202,0.6993950431935816,0.4574090838432312,2.277748346328736,0.8276838678634952,0.4922946691513061,2.3034586906433105,0.9284669796281815,0.3866433799266815,-18.75211320551239,0.0
368,9.200000000000001,1.754331828920287e+18,-0.68375143605481,6.24873842068997,2.4760209819133303,-0.03297352366641786,3.346184550078057,-0.5013007971568135,-5.080713190829021,0.4889667357750258,0.407686322927475,2.1452677249908447,0.3307532569224856,2.1657159328460693,0.456804210999711,0.4487537443637848,2.1657159328460693,0.6212687627575897,0.4487537443637848,2.253730535507202,0.6993950431935816,0.4574090838432312,2.277748346328736,0.8276838678634952,0.4922946691513061,-18.201201421812257,0.0
369,9.225000000000001,1.754331828945287e+18,-0.7660293081413583,6.224416229666807,2.3614178680827664,0.009332853105419092,3.3040994698863004,0.0004548371456257862,-3.755115086846065,0.47972652969099483,0.4386842250823974,2.4966814517974854,-0.13526358371471892,2.1452677249908447,0.3307532569224856,0.407686322927475,2.1657159328460693,0.456804210999711,0.4487537443637848,2.1657159328460693,0.6212687627575897,0.4487537443637848,2.253730535507202,0.6993950431935816,0.4574090838432312,-18.10620159305119,0.0
370,9.25,1.754331828970287e+18,-0.8609365056460687,6.212729044586351,2.287924545119391,0.03590539424684848,3.2965828046001047,0.5205505022514638,-2.1567702059231877,0.4641537298205096,0.4606056809425354,2.654719352722168,-0.36679480760277716,2.4966814517974854,-0.13526358371471892,0.4386842250823974,2.1452677249908447,0.3307532569224856,0.407686322927475,2.1657159328460693,0.456804210999711,0.4487537443637848,2.1657159328460693,0.6212687627575897,0.4487537443637848,-18.242319885111822,0.0
371,9.275,1.754331828995287e+18,-0.9246399186801312,6.1968375246705145,2.259114589892815,0.05233279564553976,3.306028635893431,1.0109959399740787,-0.46420884399640594,0.442858585703591,0.4615113139152527,2.9271082878112797,-0.6679936979184649,2.654719352722168,-0.36679480760277716,0.4606056809425354,2.4966814517974854,-0.13526358371471892,0.4386842250823974,2.1452677249908447,0.3307532569224856,0.407686322927475,2.1657159328460693,0.456804210999711,0.4487537443637848,-18.665144124592523,0.0
372,9.3,1.754331829020287e+18,-0.9758212822012728,6.187059904390778,2.273344711323711,0.06223280360189902,3.2957279529766677,1.4363439943607923,1.1470613904980291,0.4137452503740108,0.4340657889842987,3.0956830978393555,-0.8223383865156446,2.9271082878112797,-0.6679936979184649,0.4615113139152527,2.654719352722168,-0.36679480760277716,0.4606056809425354,2.4966814517974854,-0.13526358371471892,0.4386842250823974,2.1452677249908447,0.3307532569224856,0.407686322927475,-19.18095141245495,0.0
373,9.325000000000001,1.754331829045287e+18,-1.062051987174505,6.179731046742936,2.3249867579069567,0.06522778275762138,3.351803894150975,1.776712046200774,2.5321357389289103,0.37447731003406454,0.4336282908916473,3.138280153274536,-0.8132933953675794,3.0956830978393555,-0.8223383865156446,0.4340657889842987,2.9271082878112797,-0.6679936979184649,0.4615113139152527,2.654719352722168,-0.36679480760277716,0.4606056809425354,2.4966814517974854,-0.13526358371471892,0.4386842250823974,-19.736809586963965,0.0
374,9.350000000000001,1.7543318290702868e+18,-1.124055139694689,6.1507220618307725,2.4059088713298413,0.05675280887553457,3.4359978566222176,2.0278586447927367,3.593860936261925,0.3245914612655336,0.4336282908916473,3.138280153274536,-0.7323712819446948,3.138280153274536,-0.8132933953675794,0.4336282908916473,3.0956830978393555,-0.8223383865156446,0.4340657889842987,2.9271082878112797,-0.6679936979184649,0.4615113139152527,2.654719352722168,-0.36679480760277716,0.4606056809425354,-20.315344594532426,0.0
375,9.375,1.754331829095287e+18,-1.176122780055448,6.13098493192819,2.5068522808428875,0.029887732536400882,3.496556586662925,2.198214473851509,4.287013142326626,0.2661620504114621,0.2075073570013046,3.340028524398804,-0.8331762435559167,3.138280153274536,-0.7323712819446948,0.4336282908916473,3.138280153274536,-0.8132933953675794,0.4336282908916473,3.0956830978393555,-0.8223383865156446,0.4340657889842987,2.9271082878112797,-0.6679936979184649,0.4615113139152527,-21.02386332024316,0.0
376,9.4,1.754331829120287e+18,-1.226643766393714,6.118945863693559,2.618557298552267,-0.021435344023768496,3.5358374303012132,2.3031874965983987,4.610943322246784,0.20286936629699295,-0.002558184787631,3.345625877380371,-0.7270685788281042,3.340028524398804,-0.8331762435559167,0.2075073570013046,3.138280153274536,-0.7323712819446948,0.4336282908916473,3.138280153274536,-0.8132933953675794,0.4336282908916473,3.0956830978393555,-0.8223383865156446,0.4340657889842987,-21.888920402891124,0.0
377,9.425,1.754331829145287e+18,-1.2839999949335734,6.100742466258433,2.7325999042517797,-0.09909155525604682,3.587432070494655,2.3580104783204874,4.595131670684556,0.13839126209632105,0.1734406352043151,3.554903745651245,-0.8223038413994654,3.345625877380371,-0.7270685788281042,-0.002558184787631,3.340028524398804,-0.8331762435559167,0.2075073570013046,3.138280153274536,-0.7323712819446948,0.4336282908916473,3.138280153274536,-0.8132933953675794,0.4336282908916473,-22.99805989362359,0.0
378,9.450000000000001,1.754331829170287e+18,-1.3734757501274857,6.059147215250382,2.841900266440338,-0.19862747143789036,3.678128295730404,2.3714171492696825,4.283364286245384,0.075410539497892,0.1734406352043151,3.554903745651245,-0.713003479210907,3.554903745651245,-0.8223038413994654,0.1734406352043151,3.345625877380371,-0.7270685788281042,-0.002558184787631,3.340028524398804,-0.8331762435559167,0.2075073570013046,3.138280153274536,-0.7323712819446948,0.4336282908916473,-24.15370182112087,0.0
379,9.475000000000001,1.754331829195287e+18,-1.4513313949409152,6.02972252089933,2.940806807923294,-0.30928270939123487,3.748873367331019,2.3425162249414373,3.721616138236206,0.01579872229238681,0.0254582446068525,3.5538697242736816,-0.6130629163503878,3.554903745651245,-0.713003479210907,0.1734406352043151,3.554903745651245,-0.8223038413994654,0.1734406352043151,3.345625877380371,-0.7270685788281042,-0.002558184787631,3.340028524398804,-0.8331762435559167,0.2075073570013046,-25.14135554731227,0.0
380,9.5,1.754331829220287e+18,-1.4513313949409152,6.02972252089933,3.0246986459822267,-0.4163102490869543,3.748873367331019,2.261970643590198,2.952573428393966,-0.038613664839474475,0.0330073535442352,3.525573492050171,-0.5008748460679442,3.5538697242736816,-0.6130629163503878,0.0254582446068525,3.554903745651245,-0.713003479210907,0.1734406352043151,3.554903745651245,-0.8223038413994654,0.1734406352043151,3.345625877380371,-0.7270685788281042,-0.002558184787631,-25.936382471933115,0.0
381,9.525,1.754331829245287e+18,-1.5373925186825206,5.97851877570558,3.089314692129651,-0.5047199098508282,3.8301573251209358,2.1167662469346413,2.0168564442228036,-0.08569689486285174,-0.0923326760530471,3.4523298740386963,-0.36301518190904547,3.525573492050171,-0.5008748460679442,0.0330073535442352,3.5538697242736816,-0.6130629163503878,0.0254582446068525,3.554903745651245,-0.713003479210907,0.1734406352043151,3.554903745651245,-0.8223038413994654,0.1734406352043151,-26.251421482316214,0.0
382,9.55,1.7543318292702868e+18,-1.6117268026679863,5.913678299252613,3.130330612585923,-0.5629357709235521,3.886332272051263,1.8965938583202706,0.9584282464259729,-0.12350245777641845,-0.2898721098899841,3.045721530914306,0.08460908167161696,3.4523298740386963,-0.36301518190904547,-0.0923326760530471,3.525573492050171,-0.5008748460679442,0.0330073535442352,3.5538697242736816,-0.6130629163503878,0.0254582446068525,3.554903745651245,-0.713003479210907,0.1734406352043151,-25.945276265349044,0.0
383,9.575000000000001,1.754331829295287e+18,-1.6614570151851114,5.877161699380258,3.1436766565711993,-0.5851045377292607,3.927892953976167,1.5995966221727436,-0.16967617445121613,-0.15098331827489592,-0.2710607945919037,3.0205283164978027,0.12314834007339659,3.045721530914306,0.08460908167161696,-0.2898721098899841,3.4523298740386963,-0.36301518190904547,-0.0923326760530471,3.525573492050171,-0.5008748460679442,0.0330073535442352,3.5538697242736816,-0.6130629163503878,0.0254582446068525,-25.3775589677315,0.0
384,9.600000000000001,1.754331829320287e+18,-1.7380275270992236,5.813163676497466,3.1266190764101567,-0.5716750437945015,4.005865641859982,1.235691682128351,-1.3028129875087153,-0.16804232634260333,0.1120584234595298,2.709812879562378,0.41680619684777875,3.0205283164978027,0.12314834007339659,-0.2710607945919037,3.045721530914306,0.08460908167161696,-0.2898721098899841,3.4523298740386963,-0.36301518190904547,-0.0923326760530471,3.525573492050171,-0.5008748460679442,0.0330073535442352,-24.336522976220888,0.0
385,9.625,1.754331829345287e+18,-1.76140126571402,5.792837469340785,3.079066556764312,-0.528603622495377,4.026440401965411,0.8265568787936839,-2.367076263132497,-0.17470960498754068,-0.1083214432001113,2.373711109161377,0.7053554476029351,2.709812879562378,0.41680619684777875,0.1120584234595298,3.0205283164978027,0.12314834007339659,-0.2710607945919037,3.045721530914306,0.08460908167161696,-0.2898721098899841,3.4523298740386963,-0.36301518190904547,-0.0923326760530471,-23.013964827577098,0.0
386,9.65,1.754331829370287e+18,-1.804838436518609,5.740338177082148,3.004332290426842,-0.46568410261577275,4.047926008139235,0.40245505317944974,-3.285844290023394,-0.17028192740629172,-0.2921188473701477,2.177626609802246,0.8267056806245958,2.373711109161377,0.7053554476029351,-0.1083214432001113,2.709812879562378,0.41680619684777875,0.1120584234595298,3.0205283164978027,0.12314834007339659,-0.2710607945919037,3.045721530914306,0.08460908167161696,-0.2898721098899841,-21.558971505907078,0.0
387,9.675,1.754331829395287e+18,-1.858590009663996,5.680778814093678,2.9088301122124918,-0.394353459112373,4.087193072795012,-0.003039348649526801,-3.9881011177643955,-0.15336492944135252,-0.2659339010715484,2.420494794845581,0.4883353173669107,2.177626609802246,0.8267056806245958,-0.2921188473701477,2.373711109161377,0.7053554476029351,-0.1083214432001113,2.709812879562378,0.41680619684777875,0.1120584234595298,3.0205283164978027,0.12314834007339659,-0.2710607945919037,-20.506380925785905,0.0
388,9.700000000000001,1.754331829420287e+18,-1.9198336843216175,5.592341886650054,2.80076938396101,-0.32531437304318656,4.074668070614907,-0.35887560469170093,-4.4158495012064956,-0.12279745382785073,-0.0310495737940073,2.356966733932495,0.4438026500285148,2.420494794845581,0.4883353173669107,-0.2659339010715484,2.177626609802246,0.8267056806245958,-0.2921188473701477,2.373711109161377,0.7053554476029351,-0.1083214432001113,2.709812879562378,0.41680619684777875,0.1120584234595298,-19.344912681830166,0.0
389,9.725000000000001,1.754331829445287e+18,-1.9490076567424,5.551895154828967,2.688509027278688,-0.2664018011432465,4.079331323280695,-0.6412137231525349,-4.529163871187251,-0.078644422476299,-0.0880942642688751,2.043933868408203,0.6445751588704849,2.356966733932495,0.4438026500285148,-0.0310495737940073,2.420494794845581,0.4883353173669107,-0.2659339010715484,2.177626609802246,0.8267056806245958,-0.2921188473701477,2.373711109161377,0.7053554476029351,-0.1083214432001113,-18.066479357526983,0.0
390,9.75,1.7543318294702868e+18,-1.9988929991517088,5.502578800616435,2.5794412679498397,-0.22110672035910112,4.044832782474508,-0.8355458192657439,-4.309291923694053,-0.022670757643602928,0.0625800341367721,2.076528310775757,0.5029129571740829,2.043933868408203,0.6445751588704849,-0.0880942642688751,2.356966733932495,0.4438026500285148,-0.0310495737940073,2.420494794845581,0.4883353173669107,-0.2659339010715484,2.177626609802246,0.8267056806245958,-0.2921188473701477,-16.8591825289363,0.0
391,9.775,1.754331829495287e+18,-2.055054043421417,5.4211180258822464,2.4798832432393483,-0.18812528269542292,4.041649232770164,-0.9359806388786875,-3.7614456415677435,0.041638681677056644,-0.0426903292536735,2.410489320755005,0.0693939224843434,2.076528310775757,0.5029129571740829,0.0625800341367721,2.043933868408203,0.6445751588704849,-0.0880942642688751,2.356966733932495,0.4438026500285148,-0.0310495737940073,2.420494794845581,0.4883353173669107,-0.2659339010715484,-16.169091315979184,0.0
392,9.8,1.754331829520287e+18,-2.0873562395823084,5.413659645200212,2.39568689871011,-0.16225287975324074,3.98623421640892,-0.9429138302514429,-2.9186371471703296,0.10928097198307135,0.0617943741381168,2.5599586963653564,-0.16427179765524658,2.410489320755005,0.0693939224843434,-0.0426903292536735,2.076528310775757,0.5029129571740829,0.0625800341367721,2.043933868408203,0.6445751588704849,-0.0880942642688751,2.356966733932495,0.4438026500285148,-0.0310495737940073,-15.759557143848248,0.0
393,9.825000000000001,1.754331829545287e+18,-2.1289308811239334,5.360383210852564,2.332729698286435,-0.13664409909439884,3.96756674105364,-0.8609134150893162,-1.846163524588367,0.17423255274676896,0.1877941787242889,2.527923822402954,-0.19519412411651915,2.5599586963653564,-0.16427179765524658,0.0617943741381168,2.410489320755005,0.0693939224843434,-0.0426903292536735,2.076528310775757,0.5029129571740829,0.0625800341367721,2.043933868408203,0.6445751588704849,-0.0880942642688751,-15.527107542890421,0.0
394,9.850000000000001,1.754331829570287e+18,-2.1733567203245334,5.318526352589364,2.296555829635977,-0.10583059745870346,3.9494931470480394,-0.697907821889913,-0.644149603897128,0.2304493274389866,0.2627207934856415,2.585639476776123,-0.2890836471401461,2.527923822402954,-0.19519412411651915,0.1877941787242889,2.5599586963653564,-0.16427179765524658,0.0617943741381168,2.410489320755005,0.0693939224843434,-0.0426903292536735,2.076528310775757,0.5029129571740829,0.0625800341367721,-15.29161371621784,0.0
395,9.875,1.754331829595287e+18,-2.2247422262657874,5.260599449728955,2.2910541748658413,-0.06833267338350923,3.9196066651345642,-0.46544362732186206,0.5556488321368894,0.2732338766419151,0.3082087934017181,2.83589768409729,-0.5448435092314488,2.585639476776123,-0.2890836471401461,0.2627207934856415,2.527923822402954,-0.19519412411651915,0.1877941787242889,2.5599586963653564,-0.16427179765524658,0.0617943741381168,2.410489320755005,0.0693939224843434,-0.0426903292536735,-15.345432766520839,0.0
396,9.9,1.754331829620287e+18,-2.2565616281888303,5.227791488072878,2.316679806963239,-0.02771622068053633,3.9007881600689367,-0.17893282814745826,1.6017806992632533,0.3003757952801138,0.3105415999889374,2.962616205215454,-0.645936398252215,2.83589768409729,-0.5448435092314488,0.3082087934017181,2.585639476776123,-0.2890836471401461,0.2627207934856415,2.527923822402954,-0.19519412411651915,0.1877941787242889,2.5599586963653564,-0.16427179765524658,0.0617943741381168,-15.482258104584917,0.0
397,9.925,1.754331829645287e+18,-2.302469388036504,5.178739930957079,2.3690181367005,0.008400078314259618,3.8768728921910354,0.1430982342120918,2.343984904506728,0.3124050003083593,0.3105415999889374,2.962616205215454,-0.5935980685149542,2.962616205215454,-0.645936398252215,0.3105415999889374,2.83589768409729,-0.5448435092314488,0.3082087934017181,2.585639476776123,-0.2890836471401461,0.2627207934856415,2.527923822402954,-0.19519412411651915,0.1877941787242889,-15.529884931059847,0.0
398,9.950000000000001,1.7543318296702868e+18,-2.360401639284891,5.125640221122013,2.438442828724064,0.030982790384971558,3.8896873412550153,0.48096694985946203,2.6595583940768694,0.3117118639266346,0.3166716992855072,2.892275333404541,-0.4538325046804772,2.962616205215454,-0.5935980685149542,0.3105415999889374,2.962616205215454,-0.645936398252215,0.3105415999889374,2.83589768409729,-0.5448435092314488,0.3082087934017181,2.585639476776123,-0.2890836471401461,0.2627207934856415,-15.453576292106519,0.0
399,9.975000000000001,1.754331829695287e+18,-2.385759996468145,5.1013765431788185,2.5112841385985645,0.03279477278403454,3.884323520781208,0.8163372082104944,2.4788338140892905,0.30087157838477563,0.2706732153892517,2.8635072708129883,-0.3522231322144238,2.892275333404541,-0.4538325046804772,0.3166716992855072,2.962616205215454,-0.5935980685149542,0.3105415999889374,2.962616205215454,-0.645936398252215,0.3105415999889374,2.83589768409729,-0.5448435092314488,0.3082087934017181,-15.294047553333868,0.0
400,10.0,1.754331829720287e+18,-2.450940153062664,5.0369686906974245,2.5723409892070364,0.010925216767557,3.9357034353096725,1.1341200339268673,1.802656472201008,0.28093032401711454,0.2354834079742431,2.672568321228028,-0.10022733202099143,2.8635072708129883,-0.3522231322144238,0.2706732153892517,2.892275333404541,-0.4538325046804772,0.3166716992855072,2.962616205215454,-0.5935980685149542,0.3105415999889374,2.962616205215454,-0.645936398252215,0.3105415999889374,-14.81376801968283,0.0
401,10.025,1.754331829745287e+18,-2.489940424867129,5.000878517434983,2.607958690173518,-0.0323243956916862,3.949841565942813,1.4227515971039095,0.7066277492558206,0.2504992184184631,0.203663483262062,2.222468376159668,0.3854903140138499,2.672568321228028,-0.10022733202099143,0.2354834079742431,2.8635072708129883,-0.3522231322144238,0.2706732153892517,2.892275333404541,-0.4538325046804772,0.3166716992855072,2.962616205215454,-0.5935980685149542,0.3105415999889374,-13.919581538269746,0.0
402,10.05,1.754331829770287e+18,-2.534271893318187,4.9676220167510605,2.608639534016286,-0.09053037054400256,3.977420879068907,1.672572030665294,-0.6693416694281387,0.20620159745966757,0.2865423262119293,1.991110682487488,0.617528851528798,2.222468376159668,0.3854903140138499,0.203663483262062,2.672568321228028,-0.10022733202099143,0.2354834079742431,2.8635072708129883,-0.3522231322144238,0.2706732153892517,2.892275333404541,-0.4538325046804772,0.3166716992855072,-12.834539185141736,0.0
403,10.075000000000001,1.754331829795287e+18,-2.582691206575535,4.920382548241223,2.5704383292302233,-0.15574991758707712,4.0058984105149005,1.8730900950579716,-2.143464498565687,0.14440304011606525,0.1702446788549423,1.815817713737488,0.7546206154927353,1.991110682487488,0.617528851528798,0.2865423262119293,2.222468376159668,0.3854903140138499,0.203663483262062,2.672568321228028,-0.10022733202099143,0.2354834079742431,2.8635072708129883,-0.3522231322144238,0.2706732153892517,-11.7812570101436,0.0
404,10.100000000000001,1.754331829820287e+18,-2.6472972601323503,4.848398954219703,2.4949991831132925,-0.2215024563499066,4.077959974524681,2.0107130004914033,-3.5208270313262986,0.06353849112688326,0.0171558167785406,1.7746860980987549,0.7203130850145376,1.815817713737488,0.7546206154927353,0.1702446788549423,1.991110682487488,0.617528851528798,0.2865423262119293,2.222468376159668,0.3854903140138499,0.203663483262062,2.672568321228028,-0.10022733202099143,0.2354834079742431,-10.828600661728709,0.0
405,10.125,1.754331829845287e+18,-2.6695180009242554,4.825080809446548,2.3886162006404907,-0.2847827381338153,4.096718677323194,2.06857452882415,-4.62195759133428,-0.03387264549264785,-0.0531949736177921,1.6913907527923584,0.6972254478481323,1.7746860980987549,0.7203130850145376,0.0171558167785406,1.815817713737488,0.7546206154927353,0.1702446788549423,1.991110682487488,0.617528851528798,0.2865423262119293,2.222468376159668,0.3854903140138499,0.203663483262062,-9.91967758534873,0.0
406,10.15,1.7543318298702868e+18,-2.72613941054595,4.7567727082556175,2.260892220680068,-0.34615490793224885,4.1724578630286455,2.0293647481652544,-5.305969829926291,-0.14023084727713905,-0.0021335079800337,1.7390648126602173,0.5218274080198508,1.6913907527923584,0.6972254478481323,-0.0531949736177921,1.7746860980987549,0.7203130850145376,0.0171558167785406,1.815817713737488,0.7546206154927353,0.1702446788549423,1.991110682487488,0.617528851528798,0.2865423262119293,-9.031003301244985,0.0
407,10.175,1.754331829895287e+18,-2.737607235419622,4.7298605203678346,2.1234282104784636,-0.4078298691376099,4.2240162960114915,1.8807442950079596,-5.485510321113918,-0.2432753019854591,-0.2980135381221771,1.4383972883224487,0.6850309221560149,1.7390648126602173,0.5218274080198508,-0.0021335079800337,1.6913907527923584,0.6972254478481323,-0.0531949736177921,1.7746860980987549,0.7203130850145376,0.0171558167785406,1.815817713737488,0.7546206154927353,0.1702446788549423,-8.109422804889943,0.0
408,10.200000000000001,1.754331829920287e+18,-2.7639543366768877,4.693257103861087,1.9886972753108125,-0.4706006519838194,4.264672060862399,1.6213722929805872,-5.133255490903003,-0.32802022228251515,-0.3535187244415283,1.7190226316452026,0.2696746436656099,1.4383972883224487,0.6850309221560149,-0.2980135381221771,1.7390648126602173,0.5218274080198508,-0.0021335079800337,1.6913907527923584,0.6972254478481323,-0.0531949736177921,1.7746860980987549,0.7203130850145376,0.0171558167785406,-7.775199503205245,0.0
409,10.225000000000001,1.754331829945287e+18,-2.823484734051373,4.602378740478444,1.8690488257562206,-0.5311535552347223,4.3610034783628,1.2646412024061908,-4.281350387743817,-0.37989019616333874,-0.3535187244415283,1.7190226316452026,0.15002619411101792,1.7190226316452026,0.2696746436656099,-0.3535187244415283,1.4383972883224487,0.6850309221560149,-0.2980135381221771,1.7390648126602173,0.5218274080198508,-0.0021335079800337,1.6913907527923584,0.6972254478481323,-0.0531949736177921,-7.646835192676577,0.0
410,10.25,1.754331829970287e+18,-2.8344273358780354,4.584257706250335,1.7757161583462782,-0.5811593532944723,4.382870121764561,0.8378686061792668,-3.0156534070719347,-0.38824151761572717,-0.4115025699138641,2.1568357944488525,-0.3811196361025744,1.7190226316452026,0.15002619411101792,-0.3535187244415283,1.7190226316452026,0.2696746436656099,-0.3535187244415283,1.4383972883224487,0.6850309221560149,-0.2980135381221771,1.7390648126602173,0.5218274080198508,-0.0021335079800337,-7.932887769374307,0.0
411,10.275,1.754331829995287e+18,-2.8552809447311143,4.525688829102776,1.7177339926101296,-0.6086708522293968,4.411708262467806,0.3768776206286871,-1.4662354617807138,-0.3491983498419417,-0.4115025699138641,2.1568357944488525,-0.43910180183872294,2.1568357944488525,-0.3811196361025744,-0.4115025699138641,1.7190226316452026,0.15002619411101792,-0.3535187244415283,1.7190226316452026,0.2696746436656099,-0.3535187244415283,1.4383972883224487,0.6850309221560149,-0.2980135381221771,-8.27831561285487,0.0
412,10.3,1.754331830020287e+18,-2.887491440165689,4.440283990000455,1.7007981162507266,-0.6013034200545626,4.434891726278732,-0.08172237833487173,0.20511598046541984,-0.2668485662781957,-0.3431695699691772,2.573045015335083,-0.8722468990843564,2.1568357944488525,-0.43910180183872294,-0.4115025699138641,2.1568357944488525,-0.3811196361025744,-0.4115025699138641,1.7190226316452026,0.15002619411101792,-0.3535187244415283,1.7190226316452026,0.2696746436656099,-0.3535187244415283,-9.027904884852772,0.0
413,10.325000000000001,1.754331830045287e+18,-2.887491440165689,4.440283990000455,1.7262829628506318,-0.5500904905950628,4.434891726278732,-0.5070963642023749,1.8200613329371946,-0.1522956146203813,-0.1000028699636459,2.541343212127685,-0.8150602492770533,2.573045015335083,-0.8722468990843564,-0.3431695699691772,2.1568357944488525,-0.43910180183872294,-0.4115025699138641,2.1568357944488525,-0.3811196361025744,-0.4115025699138641,1.7190226316452026,0.15002619411101792,-0.3535187244415283,-9.661940225143894,0.0
414,10.350000000000001,1.7543318300702868e+18,-2.9064446078329382,4.38974601364011,1.7907456196951899,-0.4528532800571608,4.39897130243115,-0.8768326753014982,3.201110551891407,-0.020829286286472883,0.1815259158611297,2.582484245300293,-0.7917386256051031,2.541343212127685,-0.8150602492770533,-0.1000028699636459,2.573045015335083,-0.8722468990843564,-0.3431695699691772,2.1568357944488525,-0.43910180183872294,-0.4115025699138641,2.1568357944488525,-0.3811196361025744,-0.4115025699138641,-10.185161926086197,0.0
415,10.375,1.754331830095287e+18,-2.925800229815617,4.328022618099146,1.8861524699078003,-0.31610215063607094,4.399539822714125,-1.1751717710240877,4.190290237266867,0.11171001174755361,-0.0473516248166561,2.55367112159729,-0.6675186516894898,2.582484245300293,-0.7917386256051031,0.1815259158611297,2.541343212127685,-0.8150602492770533,-0.1000028699636459,2.573045015335083,-0.8722468990843564,-0.3431695699691772,2.1568357944488525,-0.43910180183872294,-0.4115025699138641,-10.418301015041466,0.0
416,10.4,1.754331830120287e+18,-2.9236596422901204,4.307025426551865,2.000793802984461,-0.1547961180168715,4.3549838651651775,-1.3888900031358593,4.667427829591742,0.23205445629213567,0.2399123907089233,2.8502516746521,-0.8494578716676391,2.55367112159729,-0.6675186516894898,-0.0473516248166561,2.582484245300293,-0.7917386256051031,0.1815259158611297,2.541343212127685,-0.8150602492770533,-0.1000028699636459,2.573045015335083,-0.8722468990843564,-0.3431695699691772,-10.83218759989916,0.0
417,10.425,1.754331830145287e+18,-2.939510962472484,4.256516364981551,2.1206189784855485,0.010149819647736936,4.334430179114159,-1.5042783107903543,4.565900981210986,0.331353814317804,0.3625675439834595,2.805525541305542,-0.6849065628199935,2.8502516746521,-0.8494578716676391,0.2399123907089233,2.55367112159729,-0.6675186516894898,-0.0473516248166561,2.582484245300293,-0.7917386256051031,0.1815259158611297,2.541343212127685,-0.8150602492770533,-0.1000028699636459,-11.089691159231691,0.0
418,10.450000000000001,1.754331830170287e+18,-2.9554360523770056,4.194636875284941,2.2307317567195253,0.155986791732737,4.280424296677323,-1.5079054275610275,3.8835574485808158,0.40572364617715,0.42259481549263,2.718180656433105,-0.48744889971357974,2.805525541305542,-0.6849065628199935,0.3625675439834595,2.8502516746521,-0.8494578716676391,0.2399123907089233,2.55367112159729,-0.6675186516894898,-0.0473516248166561,2.582484245300293,-0.7917386256051031,0.1815259158611297,-11.378453754411067,0.0
419,10.475000000000001,1.754331830195287e+18,-2.9703152230449152,4.153541265918984,2.3169624136269578,0.26274146821434874,4.255465814309163,-1.391303060401298,2.6867822033503237,0.45578083823108884,0.4549368917942047,2.269691705703736,0.047270707923221966,2.718180656433105,-0.48744889971357974,0.42259481549263,2.805525541305542,-0.6849065628199935,0.3625675439834595,2.8502516746521,-0.8494578716676391,0.2399123907089233,2.55367112159729,-0.6675186516894898,-0.0473516248166561,-11.141305280811823,0.0
420,10.5,1.754331830220287e+18,-3.003665564778216,4.086434697107607,2.3675130093141052,0.31712680944074056,4.189338092436664,-1.156883649137663,1.1063483833858048,0.4854296618131629,0.452719122171402,2.119062185287476,0.2484508240266292,2.269691705703736,0.047270707923221966,0.4549368917942047,2.718180656433105,-0.48744889971357974,0.42259481549263,2.805525541305542,-0.6849065628199935,0.3625675439834595,2.8502516746521,-0.8494578716676391,0.2399123907089233,-10.322057849551175,0.0
421,10.525,1.754331830245287e+18,-3.0154261672770444,4.05805489938493,2.3745370093272746,0.3148868801194969,4.1676268652070885,-0.8213749601542336,-0.6753224115802748,0.5002236081231787,0.4978580772876739,1.6640545129776,0.7104824963496745,2.119062185287476,0.2484508240266292,0.452719122171402,2.269691705703736,0.047270707923221966,0.4549368917942047,2.718180656433105,-0.48744889971357974,0.42259481549263,2.805525541305542,-0.6849065628199935,0.3625675439834595,-9.06173471081959,0.0
422,10.55,1.7543318302702868e+18,-3.052140691235449,4.010074411687014,2.3353307999895754,0.2611559716327348,4.1427234101622386,-0.41463038729512874,-2.4446438617776667,0.5057635107157437,0.4978580772876739,1.6640545129776,0.6712762870119753,1.6640545129776,0.7104824963496745,0.4978580772876739,2.119062185287476,0.2484508240266292,0.452719122171402,2.269691705703736,0.047270707923221966,0.4549368917942047,2.718180656433105,-0.48744889971357974,0.42259481549263,-8.014420179533186,0.0
423,10.575000000000001,1.754331830295287e+18,-3.0967303882751693,3.9473155650877407,2.2528272552321678,0.16889278064342367,4.13781350604958,0.025654201355666,-3.9829501999457113,0.5065559985013655,0.5107584595680237,1.3350167274475098,0.917810527784658,1.6640545129776,0.6712762870119753,0.4978580772876739,1.6640545129776,0.7104824963496745,0.4978580772876739,2.119062185287476,0.2484508240266292,0.452719122171402,2.269691705703736,0.047270707923221966,0.4549368917942047,-6.747593804789469,0.0
424,10.600000000000001,1.754331830320287e+18,-3.1447965187188,3.890508504218529,2.135325191926923,0.055905127440221886,4.127666792676764,0.4611135070848867,-5.094888625563133,0.5055175621681985,0.5107584595680237,1.3350167274475098,0.8003084644794134,1.3350167274475098,0.917810527784658,0.5107584595680237,1.6640545129776,0.6712762870119753,0.4978580772876739,1.6640545129776,0.7104824963496745,0.4978580772876739,2.119062185287476,0.2484508240266292,0.452719122171402,-5.896914752172506,0.0
425,10.625,1.754331830345287e+18,-3.169328898007437,3.851254473533469,1.9956119882034546,-0.058749448266955905,4.118207277802025,0.8594640413241187,-5.635063911226889,0.504044465158351,0.5083312392234802,1.346131443977356,0.6494805442260987,1.3350167274475098,0.8003084644794134,0.5107584595680237,1.3350167274475098,0.917810527784658,0.5107584595680237,1.6640545129776,0.6712762870119753,0.4978580772876739,1.6640545129776,0.7104824963496745,0.4978580772876739,-5.12944809063296,0.0
426,10.65,1.754331830370287e+18,-3.185001202562717,3.842142473352931,1.8496084241159774,-0.15822661323233753,4.1430965234207395,1.1992319682098453,-5.528739704106292,0.5024226253382997,0.5015372037887573,1.214395523071289,0.6352129010446883,1.346131443977356,0.6494805442260987,0.5083312392234802,1.3350167274475098,0.8003084644794134,0.5107584595680237,1.3350167274475098,0.917810527784658,0.5107584595680237,1.6640545129776,0.6712762870119753,0.4978580772876739,-4.342399988942397,0.0
427,10.675,1.754331830395287e+18,-3.242362439037408,3.756383338491018,1.714516908266446,-0.2306566480831616,4.192607318171836,1.4716577135754083,-4.7830383228184195,0.5003430725753946,0.5026088356971741,1.3516836166381836,0.3628332916282624,1.214395523071289,0.6352129010446883,0.5015372037887573,1.346131443977356,0.6494805442260987,0.5083312392234802,1.3350167274475098,0.8003084644794134,0.5107584595680237,1.3350167274475098,0.917810527784658,0.5107584595680237,-3.6770084518919988,0.0
428,10.700000000000001,1.754331830420287e+18,-3.2787895198358763,3.70207068824726,1.6065195645120514,-0.2707930967925215,4.221368147282648,1.6796394648439477,-3.4865147319037617,0.49735854902918586,0.4979366064071655,1.4458563327789309,0.16066323173312047,1.3516836166381836,0.3628332916282624,0.5026088356971741,1.214395523071289,0.6352129010446883,0.5015372037887573,1.346131443977356,0.6494805442260987,0.5083312392234802,1.3350167274475098,0.8003084644794134,0.5107584595680237,-3.4269592682394876,0.0
429,10.725000000000001,1.754331830445287e+18,-3.2821883877826847,3.697002988009598,1.5383967822474571,-0.28023262722479975,4.224051707371615,1.8341940999326931,-1.7970139934857419,0.49319898767469694,0.4905441403388977,2.1242833137512207,-0.5858865315037636,1.4458563327789309,0.16066323173312047,0.4979366064071655,1.3516836166381836,0.3628332916282624,0.5026088356971741,1.214395523071289,0.6352129010446883,0.5015372037887573,1.346131443977356,0.6494805442260987,0.5083312392234802,-3.7881211950423843,0.0
430,10.75,1.7543318304702868e+18,-3.302832308973075,3.663571603785144,1.5176687734728478,-0.26610572364720153,4.282117020501532,1.9495985122504285,0.08008479583860745,0.48792261015185573,0.4905441403388977,2.1242833137512207,-0.6066145402783729,2.1242833137512207,-0.5858865315037636,0.4905441403388977,1.4458563327789309,0.16066323173312047,0.4979366064071655,1.3516836166381836,0.3628332916282624,0.5026088356971741,1.214395523071289,0.6352129010446883,0.5015372037887573,-4.286692443667228,0.0
431,10.775,1.754331830495287e+18,-3.3279511621853777,3.611213578659399,1.5457067738988257,-0.23856521709191275,4.351561163924023,2.0388850186267358,1.9193714302674323,0.48191164134451087,0.4873855710029602,2.3052728176116943,-0.7595660437128686,2.1242833137512207,-0.6066145402783729,0.4905441403388977,2.1242833137512207,-0.5858865315037636,0.4905441403388977,1.4458563327789309,0.16066323173312047,0.4979366064071655,1.3516836166381836,0.3628332916282624,0.5026088356971741,-4.829766787689707,0.0
432,10.8,1.754331830520287e+18,-3.336814030476037,3.585552265740662,1.617863760781468,-0.20784858241893187,4.397164006439403,2.1112067526690095,3.5039807065571664,0.4757408451764428,0.4797435104846954,2.4032373428344727,-0.7853735820530046,2.3052728176116943,-0.7595660437128686,0.4873855710029602,2.1242833137512207,-0.6066145402783729,0.4905441403388977,2.1242833137512207,-0.5858865315037636,0.4905441403388977,1.4458563327789309,0.16066323173312047,0.4979366064071655,-5.426972346266661,0.0
433,10.825000000000001,1.754331830545287e+18,-3.3623254922675265,3.5144029125137166,1.7243970599980283,-0.18184531589776448,4.467989181236631,2.171650916828635,4.650943031703484,0.46997363689798854,0.4444316923618316,2.646738290786743,-0.9223412307887149,2.4032373428344727,-0.7853735820530046,0.4797435104846954,2.3052728176116943,-0.7595660437128686,0.4873855710029602,2.1242833137512207,-0.6066145402783729,0.4905441403388977,2.1242833137512207,-0.5858865315037636,0.4905441403388977,-6.149284857777488,0.0
434,10.850000000000001,1.754331830570287e+18,-3.369932180753435,3.49536757631469,1.8519041526326472,-0.16484671911458762,4.48869337444351,2.2228620543657835,5.230368575152942,0.4649759206412909,0.4673497974872589,2.6216557025909424,-0.7697515499582952,2.646738290786743,-0.9223412307887149,0.4444316923618316,2.4032373428344727,-0.7853735820530046,0.4797435104846954,2.3052728176116943,-0.7595660437128686,0.4873855710029602,2.1242833137512207,-0.6066145402783729,0.4905441403388977,-6.5415767276991605,0.0
435,10.875,1.754331830595287e+18,-3.3835522987863182,3.435226654813012,1.98501904600183,-0.15765983355147833,4.574297582560743,2.2670161834046065,5.17730836150701,0.46083772391428846,0.4697159230709076,2.703489303588867,-0.7184702575870372,2.6216557025909424,-0.7697515499582952,0.4673497974872589,2.646738290786743,-0.9223412307887149,0.4444316923618316,2.4032373428344727,-0.7853735820530046,0.4797435104846954,2.3052728176116943,-0.7595660437128686,0.4873855710029602,-6.986205132626675,0.0
436,10.9,1.754331830620287e+18,-3.393294675984332,3.405328906692737,2.1081366303985467,-0.15877988245944247,4.607036585888116,2.306674988199179,4.496662239859621,0.45741357816321415,0.473869264125824,2.4326510429382324,-0.3245144125396857,2.703489303588867,-0.7184702575870372,0.4697159230709076,2.6216557025909424,-0.7697515499582952,0.4673497974872589,2.646738290786743,-0.9223412307887149,0.4444316923618316,2.4032373428344727,-0.7853735820530046,0.4797435104846954,-7.05398526227682,0.0
437,10.925,1.754331830645287e+18,-3.393492928980459,3.3660023699482418,2.2069883485809694,-0.1659975526528218,4.6756843785448465,2.343884237953085,3.262243343404393,0.4543821812332406,0.4445909559726715,2.4208335876464844,-0.213845239065515,2.4326510429382324,-0.3245144125396857,0.473869264125824,2.703489303588867,-0.7184702575870372,0.4697159230709076,2.6216557025909424,-0.7697515499582952,0.4673497974872589,2.646738290786743,-0.9223412307887149,0.4444316923618316,-6.892375170678181,0.0
438,10.950000000000001,1.7543318306702868e+18,-3.4028281083133534,3.3177784643288364,2.269977288483792,-0.17774245681058068,4.731883293738113,2.3781937807254643,1.6109090040997647,0.45119896866658254,0.4606658518314361,1.8683377504348757,0.40163953804891617,2.4208335876464844,-0.213845239065515,0.4445909559726715,2.4326510429382324,-0.3245144125396857,0.473869264125824,2.703489303588867,-0.7184702575870372,0.4697159230709076,2.6216557025909424,-0.7697515499582952,0.4673497974872589,-6.052197643755442,0.0
439,10.975000000000001,1.754331830695287e+18,-3.395727864394656,3.2753900428041103,2.289236744172161,-0.19365652386667292,4.79004224967243,2.4053076741114863,-0.26817177316978863,0.446912334717923,0.4288409948348999,1.7101925611495972,0.5790441830225639,1.8683377504348757,0.40163953804891617,0.4606658518314361,2.4208335876464844,-0.213845239065515,0.4445909559726715,2.4326510429382324,-0.3245144125396857,0.473869264125824,2.703489303588867,-0.7184702575870372,0.4697159230709076,-5.3842487579634035,0.0
440,11.0,1.754331830720287e+18,-3.3941421815455897,3.198361843003463,2.2614196542243934,-0.2142969144910266,4.8573264553578985,2.4179644153245485,-2.149878344611401,0.43994840858701056,0.4325569570064544,1.447487711906433,0.8139319423179603,1.7101925611495972,0.5790441830225639,0.4288409948348999,1.8683377504348757,0.40163953804891617,0.4606658518314361,2.4208335876464844,-0.213845239065515,0.4445909559726715,2.4326510429382324,-0.3245144125396857,0.473869264125824,-4.739606979284337,0.0
441,11.025,1.754331830745287e+18,-3.393806668483477,3.156098492972648,2.1882807329403904,-0.24030904011046764,4.906141953230344,2.4092089804805035,-3.795989023661949,0.42802490925474707,0.4325569570064544,1.447487711906433,0.7407930210339573,1.447487711906433,0.8139319423179603,0.4325569570064544,1.7101925611495972,0.5790441830225639,0.4288409948348999,1.8683377504348757,0.40163953804891617,0.4606658518314361,2.4208335876464844,-0.213845239065515,0.4445909559726715,-4.3696775086895,0.0
442,11.05,1.754331830770287e+18,-3.385913054066801,3.1171499896617085,2.0770632957339865,-0.27164092106325777,4.9577192211789365,2.3764341444928982,-4.9842784326534515,0.40829106341587396,0.4309753179550171,1.325392246246338,0.7516710494876486,1.447487711906433,0.7407930210339573,0.4325569570064544,1.447487711906433,0.8139319423179603,0.4325569570064544,1.7101925611495972,0.5790441830225639,0.4288409948348999,1.8683377504348757,0.40163953804891617,0.4606658518314361,-3.9719016214526883,0.0
443,11.075000000000001,1.754331830795287e+18,-3.3855637462691943,3.0277934928506927,1.9404592844040156,-0.30724752831819185,5.0715732853286575,2.3238084540230872,-5.541383871378374,0.3776718063260461,0.3956542611122131,1.3083449602127075,0.6321143241913081,1.325392246246338,0.7516710494876486,0.4309753179550171,1.447487711906433,0.7407930210339573,0.4325569570064544,1.447487711906433,0.8139319423179603,0.4325569570064544,1.7101925611495972,0.5790441830225639,0.4288409948348999,-3.650466817364669,0.0
444,11.100000000000001,1.754331830820287e+18,-3.3548208222102085,2.990312828168212,1.7956878780655874,-0.3453396158064739,5.117461502646918,2.2614259281907514,-5.374319626708785,0.33335103137350364,0.2769342362880707,1.2286831140518188,0.5670047640137685,1.3083449602127075,0.6321143241913081,0.3956542611122131,1.325392246246338,0.7516710494876486,0.4309753179550171,1.447487711906433,0.7407930210339573,0.4325569570064544,1.447487711906433,0.8139319423179603,0.4325569570064544,-3.5270253129229525,0.0
445,11.125,1.754331830845287e+18,-3.3381102373576743,2.91844196709911,1.6623701724123454,-0.38383729965210445,5.1953850897432465,2.2011048118503864,-4.493614770731579,0.2734215827946701,0.2357286661863327,1.475838541984558,0.1865316304277873,1.2286831140518188,0.5670047640137685,0.2769342362880707,1.3083449602127075,0.6321143241913081,0.3956542611122131,1.325392246246338,0.7516710494876486,0.4309753179550171,1.447487711906433,0.7407930210339573,0.4325569570064544,-3.718487581910166,0.0
446,11.15,1.7543318308702868e+18,-3.3381102373576743,2.91844196709911,1.5593716940446278,-0.420579527883538,5.1953850897432465,2.150370842932303,-3.0210024052694435,0.19781107244136348,0.2275341004133224,1.7315349578857422,-0.17216326384111436,1.475838541984558,0.1865316304277873,0.2357286661863327,1.2286831140518188,0.5670047640137685,0.2769342362880707,1.3083449602127075,0.6321143241913081,0.3956542611122131,1.325392246246338,0.7516710494876486,0.4309753179550171,-4.336470340582393,0.0
447,11.175,1.754331830895287e+18,-3.301870943439929,2.839163456391137,1.501296194129226,-0.4530824047830111,5.3139522697858474,2.1071330077903356,-1.17694799753419,0.1094252984110193,0.1608218550682068,2.068224668502808,-0.5669284743735821,1.7315349578857422,-0.17216326384111436,0.2275341004133224,1.475838541984558,0.1865316304277873,0.2357286661863327,1.2286831140518188,0.5670047640137685,0.2769342362880707,1.3083449602127075,0.6321143241913081,0.3956542611122131,-4.738064011638332,0.0
448,11.200000000000001,1.754331830920287e+18,-3.295059326715557,2.8245898135537297,1.4955345368391701,-0.478023472475353,5.338560096228915,2.057500187338316,0.7522765834274971,0.015065151276651782,0.0541841350495815,2.16295862197876,-0.6674240851395901,2.068224668502808,-0.5669284743735821,0.1608218550682068,1.7315349578857422,-0.17216326384111436,0.2275341004133224,1.475838541984558,0.1865316304277873,0.2357286661863327,1.2286831140518188,0.5670047640137685,0.2769342362880707,-5.0456354463148525,0.0
449,11.225000000000001,1.754331830945287e+18,-3.2699189799371746,2.776946028872305,1.5406606317309754,-0.4908931841324391,5.390378788032678,1.9780872295037506,2.462993458848224,-0.07454732295642896,-0.1554890871047973,2.2977068424224854,-0.7570462106915099,2.16295862197876,-0.6674240851395901,0.0541841350495815,2.068224668502808,-0.5669284743735821,0.1608218550682068,1.7315349578857422,-0.17216326384111436,0.2275341004133224,1.475838541984558,0.1865316304277873,0.2357286661863327,-5.141558655152906,0.0
450,11.25,1.754331830970287e+18,-3.248213970871596,2.7388884564152924,1.6266294180477008,-0.48627378716082115,5.452890012336523,1.8424804522545515,3.688531836729707,-0.14605616416110426,-0.0817092806100845,2.3536221981048584,-0.7269927800571576,2.2977068424224854,-0.7570462106915099,-0.1554890871047973,2.16295862197876,-0.6674240851395901,0.0541841350495815,2.068224668502808,-0.5669284743735821,0.1608218550682068,1.7315349578857422,-0.17216326384111436,0.2275341004133224,-5.181629440794616,0.0
451,11.275,1.754331830995287e+18,-3.236405966454723,2.7297571132125347,1.7367662685638476,-0.4589769831744291,5.475348179627304,1.629959463216197,4.247981528474002,-0.18597361670531218,-0.2054297477006912,2.3321499824523926,-0.5953837138885449,2.3536221981048584,-0.7269927800571576,-0.0817092806100845,2.2977068424224854,-0.7570462106915099,-0.1554890871047973,2.16295862197876,-0.6674240851395901,0.0541841350495815,2.068224668502808,-0.5669284743735821,0.1608218550682068,-5.117865683860559,0.0
452,11.3,1.754331831020287e+18,-3.1942517253538067,2.677522446719337,1.8510571972961987,-0.4058824199250892,5.527712198944097,1.3336744597894379,4.078452872820949,-0.18388925694780667,-0.0920628309249877,2.4411134719848637,-0.5900562746886651,2.3321499824523926,-0.5953837138885449,-0.2054297477006912,2.3536221981048584,-0.7269927800571576,-0.0817092806100845,2.2977068424224854,-0.7570462106915099,-0.1554890871047973,2.16295862197876,-0.6674240851395901,0.0541841350495815,-4.92810133167691,0.0
453,11.325000000000001,1.754331831045287e+18,-3.1803208693587903,2.658228908886185,1.9499238901046836,-0.3279325347724603,5.553374283667462,0.9655614122001811,3.243715299295478,-0.13565099145604154,-0.2633470296859741,2.2742490768432617,-0.32432518673857813,2.4411134719848637,-0.5900562746886651,-0.0920628309249877,2.3321499824523926,-0.5953837138885449,-0.2054297477006912,2.3536221981048584,-0.7269927800571576,-0.0817092806100845,2.2977068424224854,-0.7570462106915099,-0.1554890871047973,-4.516767256280811,0.0
454,11.350000000000001,1.7543318310702868e+18,-3.1327642877107307,2.6257207093588004,2.01762304467607,-0.23149892544751097,5.609495182589811,0.5562851688698648,1.91762122672915,-0.04555002122041161,-0.1395955830812454,2.072159767150879,-0.05453672247480901,2.2742490768432617,-0.32432518673857813,-0.2633470296859741,2.4411134719848637,-0.5900562746886651,-0.0920628309249877,2.3321499824523926,-0.5953837138885449,-0.2054297477006912,2.3536221981048584,-0.7269927800571576,-0.0817092806100845,-3.9355850844133453,0.0
455,11.375,1.754331831095287e+18,-3.079178650795101,2.5965439998869195,2.044637638470682,-0.12833307409390515,5.621234033175145,0.1500422359583448,0.3465650492417964,0.07359427722219648,0.0156441833823919,1.6568408012390137,0.38779683723166825,2.072159767150879,-0.05453672247480901,-0.1395955830812454,2.2742490768432617,-0.32432518673857813,-0.2633470296859741,2.4411134719848637,-0.5900562746886651,-0.0920628309249877,2.3321499824523926,-0.5953837138885449,-0.2054297477006912,-2.991182237350033,0.0
456,11.4,1.754331831120287e+18,-3.0650878305049494,2.584332793062817,2.028779759525431,-0.03365665156373222,5.632383451438628,-0.2043324104961901,-1.2001370258720032,0.20310741387464318,0.3275713920593261,1.446792483329773,0.5819872761956582,1.6568408012390137,0.38779683723166825,0.0156441833823919,2.072159767150879,-0.05453672247480901,-0.1395955830812454,2.2742490768432617,-0.32432518673857813,-0.2633470296859741,2.4411134719848637,-0.5900562746886651,-0.0920628309249877,-1.691893144146886,0.0
457,11.425,1.754331831145287e+18,-3.005483476063149,2.551484346512953,1.9749987469754455,0.03734973500201075,5.622395565106465,-0.46331980672314127,-2.4807350786952327,0.3233421774006331,0.4121492803096771,1.2730530500411987,0.7019456969342468,1.446792483329773,0.5819872761956582,0.3275713920593261,1.6568408012390137,0.38779683723166825,0.0156441833823919,2.072159767150879,-0.05453672247480901,-0.1395955830812454,2.2742490768432617,-0.32432518673857813,-0.2633470296859741,-0.7490315958049967,0.0
458,11.450000000000001,1.754331831170287e+18,-2.9754392335739404,2.528864393171048,1.8940087981714515,0.0736040433778114,5.630717594891257,-0.5968889143329287,-3.3216377422589844,0.418945498354565,0.4493530392646789,1.3367865085601809,0.5572222896112706,1.2730530500411987,0.7019456969342468,0.4121492803096771,1.446792483329773,0.5819872761956582,0.3275713920593261,1.6568408012390137,0.38779683723166825,0.0156441833823919,2.072159767150879,-0.05453672247480901,-0.1395955830812454,-0.20658483228831637,0.0
459,11.475000000000001,1.754331831195287e+18,-2.9118817598793845,2.4660773220411487,1.7999416471098046,0.07124341823892377,5.603015805209253,-0.5929719517157979,-3.64033900831388,0.4823749529812725,0.470677375793457,1.3468093872070312,0.4531322599027734,1.3367865085601809,0.5572222896112706,0.4493530392646789,1.2730530500411987,0.7019456969342468,0.4121492803096771,1.446792483329773,0.5819872761956582,0.3275713920593261,1.6568408012390137,0.38779683723166825,0.0156441833823919,0.21871635463361305,0.0
460,11.5,1.754331831220287e+18,-2.89545347159,2.453665139405903,1.7074387449760537,0.03459704157355809,5.6013586416025,-0.45783732256114795,-3.4476200546790134,0.5144746969178361,0.483307421207428,1.474782109260559,0.23265663571549466,1.3468093872070312,0.4531322599027734,0.470677375793457,1.3367865085601809,0.5572222896112706,0.4493530392646789,1.2730530500411987,0.7019456969342468,0.4121492803096771,1.446792483329773,0.5819872761956582,0.3275713920593261,-0.0957183948518785,0.0
461,11.525,1.754331831245287e+18,-2.858356827671627,2.414653630574242,1.628865627205034,-0.025285000103972756,5.553730707477258,-0.2132169625293091,-2.831138482302595,0.5223835910598903,0.4894333481788635,1.432927489280701,0.195938137924333,1.474782109260559,0.23265663571549466,0.483307421207428,1.3468093872070312,0.4531322599027734,0.470677375793457,1.3367865085601809,0.5572222896112706,0.4493530392646789,1.2730530500411987,0.7019456969342468,0.4121492803096771,-0.7894692893138322,0.0
462,11.55,1.7543318312702868e+18,-2.826773523724219,2.3902656047032265,1.5724186029183134,-0.09379006066534108,5.541346719619137,0.10846642438796693,-1.926757554374912,0.5160690274928321,0.4952714443206787,1.63299822807312,-0.06057962515480653,1.432927489280701,0.195938137924333,0.4894333481788635,1.474782109260559,0.23265663571549466,0.483307421207428,1.3468093872070312,0.4531322599027734,0.470677375793457,1.3367865085601809,0.5572222896112706,0.4493530392646789,-1.6812164583188518,0.0
463,11.575000000000001,1.754331831295287e+18,-2.787575483694672,2.346483357371524,1.5416192446379917,-0.15631214186128273,5.544170627469695,0.4696982906329125,-0.8861252312304178,0.504962074780838,0.4969470500946045,1.6946415901184082,-0.1530223454804165,1.63299822807312,-0.06057962515480653,0.4952714443206787,1.432927489280701,0.195938137924333,0.4894333481788635,1.474782109260559,0.23265663571549466,0.483307421207428,1.3468093872070312,0.4531322599027734,0.470677375793457,-2.7627057834274495,0.0
464,11.600000000000001,1.754331831320287e+18,-2.772056180896993,2.310271191529943,1.5361210321495973,-0.201230699406206,5.555134269865236,0.8336857747000606,0.15143009297006163,0.49571714479554513,0.4959023296833038,2.01639461517334,-0.48027358302374257,1.6946415901184082,-0.1530223454804165,0.4969470500946045,1.63299822807312,-0.06057962515480653,0.4952714443206787,1.432927489280701,0.195938137924333,0.4894333481788635,1.474782109260559,0.23265663571549466,0.483307421207428,-4.070663234314687,0.0
465,11.625,1.754331831345287e+18,-2.747832450547728,2.2881517130032645,1.5531967761133552,-0.22192046828325124,5.5558774482029545,1.169798002287538,1.0773163262693388,0.4914452066080869,0.4993284940719604,1.9677972793579104,-0.4146005032445552,2.01639461517334,-0.48027358302374257,0.4959023296833038,1.6946415901184082,-0.1530223454804165,0.4969470500946045,1.63299822807312,-0.06057962515480653,0.4952714443206787,1.432927489280701,0.195938137924333,0.4894333481788635,-5.184658780752825,0.0
466,11.65,1.754331831370287e+18,-2.686699842752316,2.237777965360789,1.5891024962689762,-0.2177469174705062,5.602623405353814,1.4576882062581427,1.820869065029635,0.49219768818608106,0.5060607194900513,1.976505279541016,-0.3874027832720399,1.9677972793579104,-0.4146005032445552,0.4993284940719604,2.01639461517334,-0.48027358302374257,0.4959023296833038,1.6946415901184082,-0.1530223454804165,0.4969470500946045,1.63299822807312,-0.06057962515480653,0.4952714443206787,-6.193330326782454,0.0
467,11.675,1.754331831395287e+18,-2.6602262885162062,2.212368212962539,1.6398244511780657,-0.19396070113373545,5.618143145209614,1.6890834457442874,2.3473019486123414,0.4961604904834431,0.5059224367141724,1.9517781734466555,-0.31195372226858975,1.976505279541016,-0.3874027832720399,0.5060607194900513,1.9677972793579104,-0.4146005032445552,0.4993284940719604,2.01639461517334,-0.48027358302374257,0.4959023296833038,1.6946415901184082,-0.1530223454804165,0.4969470500946045,-6.962088260050755,0.0
468,11.700000000000001,1.754331831420287e+18,-2.6352027262772806,2.1919397830889062,1.7012175584713307,-0.16037932594885634,5.694361435273247,1.8667893683942236,2.6504336538257784,0.5009678617205624,0.5063289999961853,2.023639678955078,-0.3224221204837474,1.9517781734466555,-0.31195372226858975,0.5059224367141724,1.976505279541016,-0.3874027832720399,0.5060607194900513,1.9677972793579104,-0.4146005032445552,0.4993284940719604,2.01639461517334,-0.48027358302374257,0.4959023296833038,-7.615263637456987,0.0
469,11.725000000000001,1.754331831445287e+18,-2.613273309679112,2.1805763156682287,1.7688588405764312,-0.12898743014452593,5.727280774734107,2.00129217377212,2.7443167987468424,0.5046983670031225,0.5012074708938599,2.2622430324554443,-0.49338419187901317,2.023639678955078,-0.3224221204837474,0.5063289999961853,1.9517781734466555,-0.31195372226858975,0.5059224367141724,1.976505279541016,-0.3874027832720399,0.5060607194900513,1.9677972793579104,-0.4146005032445552,0.4993284940719604,-7.973384245621282,0.0
470,11.75,1.7543318314702868e+18,-2.5853862824144525,2.1590583580824454,1.837979314475163,-0.11101417571287381,5.765127084475458,2.1059973269661927,2.6564864960647303,0.5063633371162282,0.5029436349868774,2.3296709060668945,-0.4916915915917315,2.2622430324554443,-0.49338419187901317,0.5012074708938599,2.023639678955078,-0.3224221204837474,0.5063289999961853,1.9517781734466555,-0.31195372226858975,0.5059224367141724,1.976505279541016,-0.3874027832720399,0.5060607194900513,-8.098281029610236,0.0
471,11.775,1.754331831495287e+18,-2.545514294135949,2.132079151146552,1.903735302469553,-0.11437960472505714,5.8142505349414195,2.1924987652225187,2.4235876526053013,0.5059274678026529,0.5026882886886597,2.2291548252105717,-0.3254195227410188,2.3296709060668945,-0.4916915915917315,0.5029436349868774,2.2622430324554443,-0.49338419187901317,0.5012074708938599,2.023639678955078,-0.3224221204837474,0.5063289999961853,1.9517781734466555,-0.31195372226858975,0.5059224367141724,-7.75570685443279,0.0
472,11.8,1.754331831520287e+18,-2.464459511262575,2.090186873811829,1.9618889743192496,-0.14231143090483053,5.921808454165574,2.267303829622632,2.088625932531971,0.504032254663132,0.5024736523628235,2.1502909660339355,-0.18840199171468597,2.2291548252105717,-0.3254195227410188,0.5026882886886597,2.3296709060668945,-0.4916915915917315,0.5029436349868774,2.2622430324554443,-0.49338419187901317,0.5012074708938599,2.023639678955078,-0.3224221204837474,0.5063289999961853,-7.121770459631832,0.0
473,11.825000000000001,1.754331831545287e+18,-2.4486151635217697,2.0809728442893176,2.009665091495729,-0.19334971250854058,5.943442993067957,2.331064284791567,1.6985719137062503,0.5016119947764283,0.5016165971755981,2.3786938190460205,-0.3690287275502917,2.1502909660339355,-0.18840199171468597,0.5024736523628235,2.2291548252105717,-0.3254195227410188,0.5026882886886597,2.3296709060668945,-0.4916915915917315,0.5029436349868774,2.2622430324554443,-0.49338419187901317,0.5012074708938599,-6.677505791814544,0.0
474,11.850000000000001,1.754331831570287e+18,-2.366640930802613,2.0486593515477383,2.046306381221659,-0.26227887605776495,6.049663905063369,2.380538256037151,1.3014533159380663,0.4995403642517992,0.5009801387786865,2.3022921085357666,-0.2559857273141075,2.3786938190460205,-0.3690287275502917,0.5016165971755981,2.1502909660339355,-0.18840199171468597,0.5024736523628235,2.2291548252105717,-0.3254195227410188,0.5026882886886597,2.3296709060668945,-0.4916915915917315,0.5029436349868774,-6.201120237183956,0.0
475,11.875,1.754331831595287e+18,-2.366640930802613,2.0486593515477383,2.0729648309468267,-0.3412729164668954,6.049663905063369,2.412361351409787,0.9428507260758211,0.4983782712061972,0.4955148100852966,2.3398399353027344,-0.26687510435590767,2.3022921085357666,-0.2559857273141075,0.5009801387786865,2.3786938190460205,-0.3690287275502917,0.5016165971755981,2.1502909660339355,-0.18840199171468597,0.5024736523628235,2.2291548252105717,-0.3254195227410188,0.5026882886886597,-5.634819097983947,0.0
476,11.9,1.754331831620287e+18,-2.2809925119913395,2.0191906852843635,2.0920205129166103,-0.4208460263268088,6.155933524678285,2.42669843613829,0.6622554466201044,0.49824525853536594,0.4995769262313843,2.2909586429595947,-0.19893813004298444,2.3398399353027344,-0.26687510435590767,0.4955148100852966,2.3022921085357666,-0.2559857273141075,0.5009801387786865,2.3786938190460205,-0.3690287275502917,0.5016165971755981,2.1502909660339355,-0.18840199171468597,0.5024736523628235,-5.106688649198828,0.0
477,11.925,1.754331831645287e+18,-2.2809925119913395,2.0191906852843635,2.1062800731768605,-0.49074719071860673,6.155933524678285,2.4287258443780764,0.48976009192678294,0.4988121008171504,0.4979435503482818,2.325802803039551,-0.21952272986269028,2.2909586429595947,-0.19893813004298444,0.4995769262313843,2.3398399353027344,-0.26687510435590767,0.4955148100852966,2.3022921085357666,-0.2559857273141075,0.5009801387786865,2.3786938190460205,-0.3690287275502917,0.5016165971755981,-4.503907537662053,0.0
478,11.950000000000001,1.7543318316702868e+18,-2.1866371487838734,1.9966935000628896,2.1184537279867004,-0.5412357620843856,6.265939624098079,2.4270570773519,0.4431970674039612,0.49939935970459504,0.4976640939712524,2.3871214389801025,-0.26866771099340214,2.325802803039551,-0.21952272986269028,0.4979435503482818,2.2909586429595947,-0.19893813004298444,0.4995769262313843,2.3398399353027344,-0.26687510435590767,0.4955148100852966,2.3022921085357666,-0.2559857273141075,0.5009801387786865,-4.059571769444548,0.0
479,11.975000000000001,1.754331831695287e+18,-2.162971439810218,1.992311032857539,2.130996211611709,-0.5649460580004281,6.295451443855237,2.43008059480604,0.5255638172672541,0.49915461033697334,0.5011605024337769,2.3848650455474854,-0.2538688339357762,2.3871214389801025,-0.26866771099340214,0.4976640939712524,2.325802803039551,-0.21952272986269028,0.4979435503482818,2.2909586429595947,-0.19893813004298444,0.4995769262313843,2.3398399353027344,-0.26687510435590767,0.4955148100852966,-3.7003776870299365,0.0
480,12.0,1.754331831720287e+18,-2.103379267953556,1.995512472123072,2.1461552100052144,-0.5589621196455169,6.35819607963314,2.4424298140830842,0.7227544049850174,0.49726759127357106,0.498439759016037,2.4398722648620605,-0.2937170548568462,2.3848650455474854,-0.2538688339357762,0.5011605024337769,2.3871214389801025,-0.26866771099340214,0.4976640939712524,2.325802803039551,-0.21952272986269028,0.4979435503482818,2.2909586429595947,-0.19893813004298444,0.4995769262313843,-3.4932198958188385,0.0
481,12.025,1.754331831745287e+18,-2.0510009568173717,1.991662466159992,2.16601297688912,-0.526253731503322,6.417739813360269,2.4635205475952233,1.0022702506235257,0.4931715825120702,0.4915533065795898,2.492171287536621,-0.326158310647501,2.4398722648620605,-0.2937170548568462,0.498439759016037,2.3848650455474854,-0.2538688339357762,0.5011605024337769,2.3871214389801025,-0.26866771099340214,0.4976640939712524,2.325802803039551,-0.21952272986269028,0.4979435503482818,-3.4563630245572936,0.0
482,12.05,1.754331831770287e+18,-1.999748215376183,1.9899055577017704,2.1923537729968925,-0.4756087558248754,6.470777127918166,2.488579121187942,1.3143080523389157,0.48667635191421676,0.4848986566066742,2.556687355041504,-0.3643335820446114,2.492171287536621,-0.326158310647501,0.4915533065795898,2.4398722648620605,-0.2937170548568462,0.498439759016037,2.3848650455474854,-0.2538688339357762,0.5011605024337769,2.3871214389801025,-0.26866771099340214,0.4976640939712524,-3.905305688273522,0.0
483,12.075000000000001,1.754331831795287e+18,-1.9393236399890543,1.9921416594763957,2.2262810824003387,-0.41964618233592466,6.541606089758512,2.5111611863050056,1.5968140224226361,0.47798330872660444,0.4878185987472534,2.5872387886047363,-0.3609577062043976,2.556687355041504,-0.3643335820446114,0.4848986566066742,2.492171287536621,-0.326158310647501,0.4915533065795898,2.4398722648620605,-0.2937170548568462,0.498439759016037,2.3848650455474854,-0.2538688339357762,0.5011605024337769,-4.389411734551317,0.0
484,12.100000000000001,1.754331831820287e+18,-1.8927187448960456,2.011547527503608,2.2676436041655164,-0.3712868066683821,6.600442631992646,2.525792415977953,1.7852969167671633,0.4675439379087719,0.4730841517448425,2.742105484008789,-0.4744618798432727,2.5872387886047363,-0.3609577062043976,0.4878185987472534,2.556687355041504,-0.3643335820446114,0.4848986566066742,2.492171287536621,-0.326158310647501,0.4915533065795898,2.4398722648620605,-0.2937170548568462,0.498439759016037,-5.280679811242368,0.0
485,12.125,1.754331831845287e+18,-1.83817484920334,2.0183954666322643,2.314487636650058,-0.33992524983729233,6.66492914102244,2.529810203884841,1.826424341710246,0.4557483462833536,0.4491573572158813,2.7548515796661377,-0.4403639430160795,2.742105484008789,-0.4744618798432727,0.4730841517448425,2.5872387886047363,-0.3609577062043976,0.4878185987472534,2.556687355041504,-0.3643335820446114,0.4848986566066742,2.492171287536621,-0.326158310647501,0.4915533065795898,-6.426399201861383,0.0
486,12.15,1.7543318318702868e+18,-1.7812627549374662,2.0393905125838403,2.3628653661363805,-0.3289237019514976,6.72111192701808,2.52404342683504,1.6922825428575579,0.44249000342654204,0.4342184662818908,2.8695528507232666,-0.5066874845868861,2.7548515796661377,-0.4403639430160795,0.4491573572158813,2.742105484008789,-0.4744618798432727,0.4730841517448425,2.5872387886047363,-0.3609577062043976,0.4878185987472534,2.556687355041504,-0.3643335820446114,0.4848986566066742,-7.759792367072865,0.0
487,12.175,1.754331831895287e+18,-1.7152858933194164,2.0561543633692345,2.4073062654451167,-0.3355100137581166,6.800886707211621,2.5123524780469864,1.3906505699406613,0.42672905960068,0.4264103174209595,2.8972182273864746,-0.4899119619413579,2.8695528507232666,-0.5066874845868861,0.4342184662818908,2.7548515796661377,-0.4403639430160795,0.4491573572158813,2.742105484008789,-0.4744618798432727,0.4730841517448425,2.5872387886047363,-0.3609577062043976,0.4878185987472534,-8.738039646381134,0.0
488,12.200000000000001,1.754331831920287e+18,-1.6584573614618012,2.084014472096019,2.4420418671852855,-0.3530065655497641,6.857326817897339,2.5002737273416042,0.9666855939602699,0.40621314394323105,0.4264103174209595,2.8972182273864746,-0.4551763602011891,2.8972182273864746,-0.4899119619413579,0.4264103174209595,2.8695528507232666,-0.5066874845868861,0.4342184662818908,2.7548515796661377,-0.4403639430160795,0.4491573572158813,2.742105484008789,-0.4744618798432727,0.4730841517448425,-9.637018656610838,0.0
489,12.225000000000001,1.754331831945287e+18,-1.5734230546182235,2.1413843806731547,2.46269360828556,-0.3742816492427345,6.958865529875678,2.493079784222776,0.49346790226136666,0.3774864117401348,0.3531292378902435,2.6744043827056885,-0.21171077442012853,2.8972182273864746,-0.4551763602011891,0.4264103174209595,2.8972182273864746,-0.4899119619413579,0.4264103174209595,2.8695528507232666,-0.5066874845868861,0.4342184662818908,2.7548515796661377,-0.4403639430160795,0.4491573572158813,-10.49330458990145,0.0
490,12.25,1.754331831970287e+18,-1.5514199338923005,2.1532388795714734,2.467772472402184,-0.3948848067245859,6.9858299713336365,2.4935537214798145,0.052484463130493264,0.3362722042896898,0.3340213596820831,2.662217855453491,-0.1944453830513071,2.6744043827056885,-0.21171077442012853,0.3531292378902435,2.8972182273864746,-0.4551763602011891,0.4264103174209595,2.8972182273864746,-0.4899119619413579,0.4264103174209595,2.8695528507232666,-0.5066874845868861,0.4342184662818908,-11.19066293012684,0.0
491,12.275,1.754331831995287e+18,-1.472622296693281,2.2076083600473693,2.4592609108857393,-0.4145559107504151,7.072072179821159,2.4998303551435264,-0.2909060346075591,0.2782915386609803,0.2768410444259643,2.6167006492614746,-0.15743973837573533,2.662217855453491,-0.1944453830513071,0.3340213596820831,2.6744043827056885,-0.21171077442012853,0.3531292378902435,2.8972182273864746,-0.4551763602011891,0.4264103174209595,2.8972182273864746,-0.4899119619413579,0.4264103174209595,-11.417496590986918,0.0
492,12.3,1.754331832020287e+18,-1.433725682367185,2.236852585103402,2.441881092041655,-0.4365291925692091,7.121443389401572,2.503881965652255,-0.5093006505586913,0.20053047196319043,0.1261616498231887,2.483311176300049,-0.041430084258393673,2.6167006492614746,-0.15743973837573533,0.2768410444259643,2.662217855453491,-0.1944453830513071,0.3340213596820831,2.6744043827056885,-0.21171077442012853,0.3531292378902435,2.8972182273864746,-0.4551763602011891,0.4264103174209595,-11.294654877590066,0.0
493,12.325000000000001,1.754331832045287e+18,-1.4079901356767015,2.255254382111468,2.421247265114929,-0.46502886921864833,7.1504324101739725,2.4914714852800577,-0.6245412304839156,0.10279811422457572,0.1413439810276031,2.4074010848999023,0.013846180215026482,2.483311176300049,-0.041430084258393673,0.1261616498231887,2.6167006492614746,-0.15743973837573533,0.2768410444259643,2.662217855453491,-0.1944453830513071,0.3340213596820831,2.6744043827056885,-0.21171077442012853,0.3531292378902435,-11.085614573258521,0.0
494,12.350000000000001,1.7543318320702868e+18,-1.353237424119281,2.303978160920668,2.4016079076604164,-0.5021979256353806,7.221343668117746,2.444228606062827,-0.7034740871583016,-0.010916171931647832,0.1286098510026931,2.5015814304351807,-0.09997352277476423,2.4074010848999023,0.013846180215026482,0.1413439810276031,2.483311176300049,-0.041430084258393673,0.1261616498231887,2.6167006492614746,-0.15743973837573533,0.2768410444259643,2.662217855453491,-0.1944453830513071,0.3340213596820831,-10.89650444889314,0.0
495,12.375,1.754331832095287e+18,-1.2862134880767917,2.3744848156395344,2.38402805462753,-0.5459865270752886,7.32023031820931,2.343672386791663,-0.838168773154153,-0.13210790075412798,-0.0715322941541671,2.286498069763184,0.09752998486434583,2.5015814304351807,-0.09997352277476423,0.1286098510026931,2.4074010848999023,0.013846180215026482,0.1413439810276031,2.483311176300049,-0.041430084258393673,0.1261616498231887,2.6167006492614746,-0.15743973837573533,0.2768410444259643,-10.254130954797345,0.0
496,12.4,1.754331832120287e+18,-1.2687615849890133,2.392099838709836,2.365641124072538,-0.5900148331550961,7.346192220195941,2.175894527266035,-1.1159812081185603,-0.24915708825583802,-0.3940737843513489,1.9847776889801023,0.3808634350924358,2.286498069763184,0.09752998486434583,-0.0715322941541671,2.5015814304351807,-0.09997352277476423,0.1286098510026931,2.4074010848999023,0.013846180215026482,0.1413439810276031,2.483311176300049,-0.041430084258393673,0.1261616498231887,-9.227331121452693,0.0
497,12.425,1.754331832145287e+18,-1.1898088841895618,2.516192208345863,2.340222571114484,-0.6253498706277231,7.4870998828344115,1.9350897964293539,-1.5886713074948402,-0.3503347970537336,-0.39129838347435,2.0622355937957764,0.2779869773187076,1.9847776889801023,0.3808634350924358,-0.3940737843513489,2.286498069763184,0.09752998486434583,-0.0715322941541671,2.5015814304351807,-0.09997352277476423,0.1286098510026931,2.4074010848999023,0.013846180215026482,0.1413439810276031,-8.355746075619031,0.0
498,12.450000000000001,1.754331832170287e+18,-1.1898088841895618,2.516192208345863,2.299979128039771,-0.6431348303640297,7.4870998828344115,1.624792425257335,-2.250552484480334,-0.42719575680600896,-0.4625323414802551,1.864922046661377,0.43505708137839383,2.0622355937957764,0.2779869773187076,-0.39129838347435,1.9847776889801023,0.3808634350924358,-0.3940737843513489,2.286498069763184,0.09752998486434583,-0.0715322941541671,2.5015814304351807,-0.09997352277476423,0.1286098510026931,-7.466856489560161,0.0
499,12.475000000000001,1.754331832195287e+18,-1.1921624244138602,2.556397621586798,2.238119563791786,-0.6367218885100256,7.519282987005165,1.2570585793946045,-3.032966883750148,-0.47676243786984307,-0.4595032036304474,1.614842176437378,0.623277387354408,1.864922046661377,0.43505708137839383,-0.4625323414802551,2.0622355937957764,0.2779869773187076,-0.39129838347435,1.9847776889801023,0.3808634350924358,-0.3940737843513489,2.286498069763184,0.09752998486434583,-0.0715322941541671,-6.491355969991329,0.0
500,12.5,1.754331832220287e+18,-1.175122464815075,2.6253328420635715,2.1514521848477957,-0.6026055304975096,7.556667910918808,0.8505356778663534,-3.8171305600946113,-0.5016167591138165,-0.467008888721466,1.550861120223999,0.6005910646237966,1.614842176437378,0.623277387354408,-0.4595032036304474,1.864922046661377,0.43505708137839383,-0.4625323414802551,2.0622355937957764,0.2779869773187076,-0.39129838347435,1.9847776889801023,0.3808634350924358,-0.3940737843513489,-5.7905375733465405,0.0
501,12.525,1.754331832245287e+18,-1.1539386995642769,2.67633240578384,2.042065259668118,-0.5405314960312307,7.600819568623709,0.427838960678654,-4.4614420340577565,-0.5081742074475627,-0.4841448962688446,1.5341194868087769,0.5079457728593413,1.550861120223999,0.6005910646237966,-0.467008888721466,1.614842176437378,0.623277387354408,-0.4595032036304474,1.864922046661377,0.43505708137839383,-0.4625323414802551,2.0622355937957764,0.2779869773187076,-0.39129838347435,-5.668082114501049,0.0
502,12.55,1.7543318322702868e+18,-1.1259476657890666,2.7495621266389247,1.917344463505745,-0.45365685899542374,7.621323860126701,0.012060344115485141,-4.834847829737933,-0.5041689155645823,-0.4986639022827148,1.111643671989441,0.8057007915163041,1.5341194868087769,0.5079457728593413,-0.4841448962688446,1.550861120223999,0.6005910646237966,-0.467008888721466,1.614842176437378,0.623277387354408,-0.4595032036304474,1.864922046661377,0.43505708137839383,-0.4625323414802551,-5.479910174513543,0.0
503,12.575000000000001,1.754331832295287e+18,-1.1097476398226291,2.854467192603535,1.7882710165557572,-0.34902739208520767,7.617066735121841,-0.3772733741284858,-4.846405063380745,-0.49642218787513953,-0.488624632358551,1.4293146133422852,0.358956403213472,1.111643671989441,0.8057007915163041,-0.4986639022827148,1.5341194868087769,0.5079457728593413,-0.4841448962688446,1.550861120223999,0.6005910646237966,-0.467008888721466,1.614842176437378,0.623277387354408,-0.4595032036304474,-5.875574386792807,0.0
504,12.600000000000001,1.754331832320287e+18,-1.1097476398226291,2.854467192603535,1.6667838189787954,-0.23758908096231823,7.617066735121841,-0.7274214888097246,-4.463164086918813,-0.489533428214519,-0.4887796640396118,1.688798189163208,-0.022014370184412657,1.4293146133422852,0.358956403213472,-0.488624632358551,1.111643671989441,0.8057007915163041,-0.4986639022827148,1.5341194868087769,0.5079457728593413,-0.4841448962688446,1.550861120223999,0.6005910646237966,-0.467008888721466,-6.617901841991757,0.0
505,12.625,1.754331832345287e+18,-1.1042852758203647,2.9009980986757298,1.5633491053481237,-0.13265246730677255,7.586748377460496,-1.0333580525385204,-3.7129523246304905,-0.4855981223206394,-0.496857076883316,1.4551931619644165,0.10815594338370715,1.688798189163208,-0.022014370184412657,-0.4887796640396118,1.4293146133422852,0.358956403213472,-0.488624632358551,1.111643671989441,0.8057007915163041,-0.4986639022827148,1.5341194868087769,0.5079457728593413,-0.4841448962688446,-7.206971346456182,0.0
506,12.65,1.754331832370287e+18,-1.0916338735477042,2.9502594407500413,1.4854999761770002,-0.04660932452240078,7.581411102879581,-1.296278528666401,-2.6737086733869497,-0.48466581006323556,-0.5018131136894226,1.343559741973877,0.1419402342031233,1.4551931619644165,0.10815594338370715,-0.496857076883316,1.688798189163208,-0.022014370184412657,-0.4887796640396118,1.4293146133422852,0.358956403213472,-0.488624632358551,1.111643671989441,0.8057007915163041,-0.4986639022827148,-7.5868585202729095,0.0
507,12.675,1.754331832395287e+18,-1.077258077112683,2.997416140389866,1.4374215877746843,0.01292767248617557,7.512163151098269,-1.5210599632347968,-1.4547600280332744,-0.4854766971840373,-0.4933283627033233,1.7111142873764038,-0.2736926996017195,1.343559741973877,0.1419402342031233,-0.5018131136894226,1.4551931619644165,0.10815594338370715,-0.496857076883316,1.688798189163208,-0.022014370184412657,-0.4887796640396118,1.4293146133422852,0.358956403213472,-0.488624632358551,-8.545582142030643,0.0
508,12.700000000000001,1.754331832420287e+18,-1.0638661434016914,3.0410735569545437,1.4202524372810053,0.04562546376115005,7.480232075544082,-1.7142233724872895,-0.17664936235383294,-0.4860535019254344,-0.4884828329086303,1.9017506837844849,-0.4814982465034796,1.7111142873764038,-0.2736926996017195,-0.4933283627033233,1.343559741973877,0.1419402342031233,-0.5018131136894226,1.4551931619644165,0.10815594338370715,-0.496857076883316,1.688798189163208,-0.022014370184412657,-0.4887796640396118,-9.296755032199734,0.0
509,12.725000000000001,1.754331832445287e+18,-1.039347209434207,3.0635975193924128,1.4327409256424273,0.058087231691467636,7.4409717674367615,-1.8828814670553762,1.0452301296289737,-0.4839308171036925,-0.4806351959705353,2.0395305156707764,-0.6067895900283491,1.9017506837844849,-0.4814982465034796,-0.4884828329086303,1.7111142873764038,-0.2736926996017195,-0.4933283627033233,1.343559741973877,0.1419402342031233,-0.5018131136894226,1.4551931619644165,0.10815594338370715,-0.496857076883316,-10.0535708163391,0.0
510,12.75,1.7543318324702868e+18,-1.0234363312975765,3.1107194575247576,1.4719604140551321,0.06061386527701459,7.394291990264146,-2.034120503847276,2.1108891137797983,-0.4760784228506121,-0.4598307907581329,2.237895965576172,-0.7659355515210398,2.0395305156707764,-0.6067895900283491,-0.4806351959705353,1.9017506837844849,-0.4814982465034796,-0.4884828329086303,1.7111142873764038,-0.2736926996017195,-0.4933283627033233,1.343559741973877,0.1419402342031233,-0.5018131136894226,-10.438386731757566,0.0
511,12.775,1.754331832495287e+18,-1.0071053281272615,3.1372330305285403,1.5338056084446057,0.06258557777616489,7.361142343312832,-2.1740466674273247,2.9406442714559633,-0.45878941142917345,-0.4598307907581329,2.237895965576172,-0.7040903571315662,2.237895965576172,-0.7659355515210398,-0.4598307907581329,2.0395305156707764,-0.6067895900283491,-0.4806351959705353,1.9017506837844849,-0.4814982465034796,-0.4884828329086303,1.7111142873764038,-0.2736926996017195,-0.4933283627033233,-10.70337528705041,0.0
512,12.8,1.754331832520287e+18,-0.9809745149730542,3.2057884523471345,1.6130981707103316,0.0687531957008004,7.271540294131028,-2.3061839853312347,3.477298256841813,-0.4278695363093818,-0.4075168669223785,2.3652262687683105,-0.752128098057979,2.237895965576172,-0.7040903571315662,-0.4598307907581329,2.237895965576172,-0.7659355515210398,-0.4598307907581329,2.0395305156707764,-0.6067895900283491,-0.4806351959705353,1.9017506837844849,-0.4814982465034796,-0.4884828329086303,-10.58325648602403,0.0
513,12.825000000000001,1.754331832545287e+18,-0.9753031059908084,3.208895397462888,1.703413328697964,0.07824368901615357,7.2273700171723485,-2.429585727468314,3.6882755203254636,-0.37936820262161797,-0.3765124082565307,2.3302595615386963,-0.6268462328407323,2.3652262687683105,-0.752128098057979,-0.4075168669223785,2.237895965576172,-0.7040903571315662,-0.4598307907581329,2.237895965576172,-0.7659355515210398,-0.4598307907581329,2.0395305156707764,-0.6067895900283491,-0.4806351959705353,-10.39504246958771,0.0
514,12.850000000000001,1.754331832570287e+18,-0.9544262833190658,3.25332284983709,1.7970233384645689,0.08664222335287437,7.164328352582821,-2.5374770753859606,3.5688756748064487,-0.31087853263652815,-0.3046891391277313,2.5009965896606445,-0.7039732511960757,2.3302595615386963,-0.6268462328407323,-0.3765124082565307,2.3652262687683105,-0.752128098057979,-0.4075168669223785,2.237895965576172,-0.7040903571315662,-0.4598307907581329,2.237895965576172,-0.7659355515210398,-0.4598307907581329,-10.307277095178684,0.0
515,12.875,1.754331832595287e+18,-0.9353457049687508,3.26950285289028,1.885366488379284,0.08993142012922817,7.119121762817237,-2.6172335425068685,3.1456782582417007,-0.22316210125348343,-0.2060707360506057,2.611524105072021,-0.726157616692737,2.5009965896606445,-0.7039732511960757,-0.3046891391277313,2.3302595615386963,-0.6268462328407323,-0.3765124082565307,2.3652262687683105,-0.752128098057979,-0.4075168669223785,2.237895965576172,-0.7040903571315662,-0.4598307907581329,-10.365916060181931,0.0
516,12.9,1.754331832620287e+18,-0.8853981584894468,3.3178322286289004,1.960148516354238,0.08811164465380991,7.004388597507592,-2.6520875967351576,2.4775659381398856,-0.12157682778619502,-0.2060707360506057,2.611524105072021,-0.651375588717783,2.611524105072021,-0.726157616692737,-0.2060707360506057,2.5009965896606445,-0.7039732511960757,-0.3046891391277313,2.3302595615386963,-0.6268462328407323,-0.3765124082565307,2.3652262687683105,-0.752128098057979,-0.4075168669223785,-10.167833777232074,0.0
517,12.925,1.754331832645287e+18,-0.8697401532044475,3.327411994847011,2.014783367313307,0.08643159275900884,6.984468055238137,-2.624306679590796,1.651667395008759,-0.016592358518055746,-0.0466714575886726,2.1707189083099365,-0.15593554099662965,2.611524105072021,-0.651375588717783,-0.2060707360506057,2.611524105072021,-0.726157616692737,-0.2060707360506057,2.5009965896606445,-0.7039732511960757,-0.3046891391277313,2.3302595615386963,-0.6268462328407323,-0.3765124082565307,-9.63886275540871,0.0
518,12.950000000000001,1.7543318326702868e+18,-0.8046906446370867,3.374922634088843,2.0456472674035773,0.0933756254595594,6.882312814099973,-2.518933907875799,0.7728931105976922,0.07726174274698372,0.0647277161478996,2.105165719985962,-0.05951845258238464,2.1707189083099365,-0.15593554099662965,-0.0466714575886726,2.611524105072021,-0.651375588717783,-0.2060707360506057,2.611524105072021,-0.726157616692737,-0.2060707360506057,2.5009965896606445,-0.7039732511960757,-0.3046891391277313,-9.210932308277515,0.0
519,12.975000000000001,1.754331832695287e+18,-0.790077644782798,3.388313183849738,2.05267658545132,0.11634936074055129,6.855356071246851,-2.3270617775364015,-0.051943131399038014,0.14419185391049752,0.1871397197246551,1.9879876375198364,0.06468894793148339,2.105165719985962,-0.05951845258238464,0.0647277161478996,2.1707189083099365,-0.15593554099662965,-0.0466714575886726,2.611524105072021,-0.651375588717783,-0.2060707360506057,2.611524105072021,-0.726157616692737,-0.2060707360506057,-9.193514068269254,0.0
520,13.0,1.754331832720287e+18,-0.7395265152548016,3.440363696344204,2.0391124471879545,0.1573252717193545,6.759371667801682,-2.0482180907441414,-0.7321631542169872,0.17106310953439094,0.2125670462846756,1.947387456893921,0.09172499029403358,1.9879876375198364,0.06468894793148339,0.1871397197246551,2.105165719985962,-0.05951845258238464,0.0647277161478996,2.1707189083099365,-0.15593554099662965,-0.0466714575886726,2.611524105072021,-0.651375588717783,-0.2060707360506057,-9.35023990200185,0.0
521,13.025,1.754331832745287e+18,-0.7239019266572488,3.4519946537268598,2.0105125992944486,0.21070012438947958,6.732646580967219,-1.6919893366903116,-1.2089193712514192,0.15115633493433753,0.1850817203521728,1.8142601251602173,0.1962524741342313,1.947387456893921,0.09172499029403358,0.2125670462846756,1.9879876375198364,0.06468894793148339,0.1871397197246551,2.105165719985962,-0.05951845258238464,0.0647277161478996,2.1707189083099365,-0.15593554099662965,-0.0466714575886726,-9.864469924217293,0.0
522,13.05,1.754331832770287e+18,-0.653886901042783,3.4777740686947283,1.9733732726616129,0.2643746500489613,6.666831033883064,-1.2787609425999749,-1.4643047921039027,0.0863545771906297,0.1334206461906433,1.8138408660888672,0.1595324065727457,1.8142601251602173,0.1962524741342313,0.1850817203521728,1.947387456893921,0.09172499029403358,0.2125670462846756,1.9879876375198364,0.06468894793148339,0.1871397197246551,2.105165719985962,-0.05951845258238464,0.0647277161478996,-10.376213804656523,0.0
523,13.075000000000001,1.754331832795287e+18,-0.5831919578237419,3.518016425796893,1.9337641792940625,0.30351274830350733,6.580735248830369,-0.8389648583236724,-1.5213129225509046,-0.013096583415954433,-0.0500883124768734,1.7807623147964478,0.15300186449761477,1.8138408660888672,0.1595324065727457,0.1334206461906433,1.8142601251602173,0.1962524741342313,0.1850817203521728,1.947387456893921,0.09172499029403358,0.2125670462846756,1.9879876375198364,0.06468894793148339,0.1871397197246551,-11.141022467943566,0.0
524,13.100000000000001,1.754331832820287e+18,-0.5831919578237419,3.518016425796893,1.896293223124325,0.31541698703785215,6.580735248830369,-0.41039897097063105,-1.4345757019083327,-0.13118004635873198,-0.1950376033782959,1.7495455741882324,0.1467476489360926,1.7807623147964478,0.15300186449761477,-0.0500883124768734,1.8138408660888672,0.1595324065727457,0.1334206461906433,1.8142601251602173,0.1962524741342313,0.1850817203521728,1.947387456893921,0.09172499029403358,0.2125670462846756,-11.794583283486885,0.0
525,13.125,1.754331832845287e+18,-0.51278294865492,3.5310196506584117,1.8635625270000837,0.29369547225057,6.575814642610043,-0.033819270873697044,-1.2743057629814438,-0.25011557687239216,-0.1950376033782959,1.7495455741882324,0.11401695281185131,1.7495455741882324,0.1467476489360926,-0.1950376033782959,1.7807623147964478,0.15300186449761477,-0.0500883124768734,1.8138408660888672,0.1595324065727457,0.1334206461906433,1.8142601251602173,0.1962524741342313,0.1850817203521728,-12.330046874901134,0.0
526,13.15,1.7543318328702868e+18,-0.4814300736053689,3.541583357724285,1.836131437896901,0.2402640237147825,6.595274395347275,0.252628488789353,-1.1076393800651243,-0.3544547565797393,-0.4284668564796448,1.8917303085327148,-0.055598870635813924,1.7495455741882324,0.11401695281185131,-0.1950376033782959,1.7495455741882324,0.1467476489360926,-0.1950376033782959,1.7807623147964478,0.15300186449761477,-0.0500883124768734,1.8138408660888672,0.1595324065727457,0.1334206461906433,-13.020858646581637,0.0
527,13.175,1.754331832895287e+18,-0.4357390181468008,3.5575233046800143,1.8129070723799232,0.1645739363417812,6.575540941534715,0.41937208767116463,-0.9821673060582704,-0.43408902539224775,-0.445856511592865,1.825570821762085,-0.012663749382161749,1.8917303085327148,-0.055598870635813924,-0.4284668564796448,1.7495455741882324,0.11401695281185131,-0.1950376033782959,1.7495455741882324,0.1467476489360926,-0.1950376033782959,1.7807623147964478,0.15300186449761477,-0.0500883124768734,-13.39635568759206,0.0
528,13.200000000000001,1.754331832920287e+18,-0.3735137010488105,3.5773881719013945,1.791844803010909,0.08053889404889145,6.629171606116423,0.450518982152959,-0.9157527899776258,-0.4854932002593339,-0.4841979742050171,1.83336341381073,-0.04151861079982089,1.825570821762085,-0.012663749382161749,-0.445856511592865,1.8917303085327148,-0.055598870635813924,-0.4284668564796448,1.7495455741882324,0.11401695281185131,-0.1950376033782959,1.7495455741882324,0.1467476489360926,-0.1950376033782959,-13.598537530125002,0.0
529,13.225000000000001,1.754331832945287e+18,-0.318594561390729,3.595866287869238,1.7708258605809333,0.0025311893447884843,6.6437109869131366,0.3465283842475644,-0.89498921975794,-0.5111209939851921,-0.4841979742050171,1.83336341381073,-0.0625375532297967,1.83336341381073,-0.04151861079982089,-0.4841979742050171,1.825570821762085,-0.012663749382161749,-0.445856511592865,1.8917303085327148,-0.055598870635813924,-0.4284668564796448,1.7495455741882324,0.11401695281185131,-0.1950376033782959,-13.075188551851035,0.0
530,13.25,1.754331832970287e+18,-0.2734487667311369,3.6125521492013126,1.748546860591639,-0.05793159688042838,6.652879519823594,0.12350379214275338,-0.8823023060468465,-0.5174302006084679,-0.4939014315605163,1.7742022275924685,-0.025655367000829488,1.83336341381073,-0.0625375532297967,-0.4841979742050171,1.83336341381073,-0.04151861079982089,-0.4841979742050171,1.825570821762085,-0.012663749382161749,-0.445856511592865,1.8917303085327148,-0.055598870635813924,-0.4284668564796448,-12.494229378573491,0.0
531,13.275,1.754331832995287e+18,-0.2470036489574911,3.622098918132286,1.7252096177563123,-0.09376297897553787,6.659945253704215,-0.19048110010033556,-0.8293543579638669,-0.5123816055505062,-0.5023432374000549,1.666581630706787,0.05862798704952521,1.7742022275924685,-0.025655367000829488,-0.4939014315605163,1.83336341381073,-0.0625375532297967,-0.4841979742050171,1.83336341381073,-0.04151861079982089,-0.4841979742050171,1.825570821762085,-0.012663749382161749,-0.445856511592865,-11.676035347811098,0.0
532,13.3,1.754331833020287e+18,-0.2114310888774899,3.630506127886963,1.7027842112223412,-0.10215855139585223,6.661653913029379,-0.5605970969354029,-0.692691969838123,-0.5032580743862634,-0.5054584741592407,1.68224835395813,0.020535857264211144,1.666581630706787,0.05862798704952521,-0.5023432374000549,1.7742022275924685,-0.025655367000829488,-0.4939014315605163,1.83336341381073,-0.0625375532297967,-0.4841979742050171,1.83336341381073,-0.04151861079982089,-0.4841979742050171,-10.87012590849388,0.0
533,13.325000000000001,1.754331833045287e+18,-0.1565867198008024,3.652566384131646,1.684693299938694,-0.08357539586926656,6.629741082444967,-0.9505644733444623,-0.4470102605315322,-0.495318452874644,-0.4959011971950531,1.884022831916809,-0.19932953197811498,1.68224835395813,0.020535857264211144,-0.5054584741592407,1.666581630706787,0.05862798704952521,-0.5023432374000549,1.7742022275924685,-0.025655367000829488,-0.4939014315605163,1.83336341381073,-0.0625375532297967,-0.4841979742050171,-10.14711420968328,0.0
534,13.350000000000001,1.7543318330702868e+18,-0.1235510301751507,3.665923483700796,1.674957555540297,-0.04082738409729555,6.617136872282045,-1.327225878094758,-0.09222353604776767,-0.491364940656167,-0.5005311965942383,1.9239343404769895,-0.24897678493669262,1.884022831916809,-0.19932953197811498,-0.4959011971950531,1.68224835395813,0.020535857264211144,-0.5054584741592407,1.666581630706787,0.05862798704952521,-0.5023432374000549,1.7742022275924685,-0.025655367000829488,-0.4939014315605163,-9.62633944466168,0.0
535,13.375,1.754331833095287e+18,-0.0462779045897243,3.694462063467304,1.6770788317132392,0.021214626752480887,6.567514831481369,-1.664114975837674,0.3474414352814228,-0.49198554618386126,-0.4995851218700409,1.995528221130371,-0.31844938941713186,1.9239343404769895,-0.24897678493669262,-0.5005311965942383,1.884022831916809,-0.19932953197811498,-0.4959011971950531,1.68224835395813,0.020535857264211144,-0.5054584741592407,1.666581630706787,0.05862798704952521,-0.5023432374000549,-9.226318576491774,0.0
536,13.4,1.754331833120287e+18,-0.0170636434400632,3.705722701261133,1.6930715407829784,0.09552599556547459,6.546694832262845,-1.9438874076834949,0.8314812077479207,-0.49611817460832314,-0.5034476518630981,2.058096408843994,-0.36502486806101575,1.995528221130371,-0.31844938941713186,-0.4995851218700409,1.9239343404769895,-0.24897678493669262,-0.5005311965942383,1.884022831916809,-0.19932953197811498,-0.4959011971950531,1.68224835395813,0.020535857264211144,-0.5054584741592407,-9.266829032013103,0.0
537,13.425,1.754331833145287e+18,0.0361877951455524,3.719643627179675,1.7229979182144786,0.17312111686652354,6.484681548368734,-2.159430242238096,1.3150723204199273,-0.5016388389375429,-0.4994189441204071,2.235557794570923,-0.5125598763564443,2.058096408843994,-0.36502486806101575,-0.5034476518630981,1.995528221130371,-0.31844938941713186,-0.4995851218700409,1.9239343404769895,-0.24897678493669262,-0.5005311965942383,1.884022831916809,-0.19932953197811498,-0.4959011971950531,-9.565543669304033,0.0
538,13.450000000000001,1.754331833170287e+18,0.0718718409601142,3.7406439956404753,1.765164802027521,0.24419638412070804,6.415527933328176,-2.3135361594429855,1.7605042272319147,-0.5058307587676236,-0.5026347637176514,2.3386261463165283,-0.5734613442890073,2.235557794570923,-0.5125598763564443,-0.4994189441204071,2.058096408843994,-0.36502486806101575,-0.5034476518630981,1.995528221130371,-0.31844938941713186,-0.4995851218700409,1.9239343404769895,-0.24897678493669262,-0.5005311965942383,-10.540644551641957,0.0
539,13.475000000000001,1.754331833195287e+18,0.0806891121633417,3.743206165465965,1.8168843938747188,0.3002951885199738,6.404383831685378,-2.4171506308676007,2.1440162597293644,-0.5057621008467137,-0.4903300404548645,2.530665397644043,-0.7137810037693242,2.3386261463165283,-0.5734613442890073,-0.5026347637176514,2.235557794570923,-0.5125598763564443,-0.4994189441204071,2.058096408843994,-0.36502486806101575,-0.5034476518630981,1.995528221130371,-0.31844938941713186,-0.4995851218700409,-11.833469738433845,0.0
540,13.5,1.754331833220287e+18,0.1783995937878684,3.7584777016648143,1.8754541104990565,0.33675631195827677,6.270943996230814,-2.486229904943151,2.455842077635872,-0.4987070302274767,-0.4944616854190826,2.5092427730560303,-0.6337886625569737,2.530665397644043,-0.7137810037693242,-0.4903300404548645,2.3386261463165283,-0.5734613442890073,-0.5026347637176514,2.235557794570923,-0.5125598763564443,-0.4994189441204071,2.058096408843994,-0.36502486806101575,-0.5034476518630981,-13.28119034330878,0.0
541,13.525,1.754331833245287e+18,0.1783995937878684,3.7584777016648143,1.9388751633078385,0.3542583403286888,6.270943996230814,-2.537524438893209,2.693954416542487,-0.48273057394265295,-0.4719659388065338,2.68886661529541,-0.7499914519875717,2.5092427730560303,-0.6337886625569737,-0.4944616854190826,2.530665397644043,-0.7137810037693242,-0.4903300404548645,2.3386261463165283,-0.5734613442890073,-0.5026347637176514,2.235557794570923,-0.5125598763564443,-0.4994189441204071,-14.771974816330307,0.0
542,13.55,1.7543318332702868e+18,0.2197014317362109,3.7531153924322735,2.005940699331462,0.3585179214612603,6.213199383220969,-2.584343079202346,2.854489462933548,-0.4574179787807575,-0.4739026129245758,2.6516034603118896,-0.6456627609804277,2.68886661529541,-0.7499914519875717,-0.4719659388065338,2.5092427730560303,-0.6337886625569737,-0.4944616854190826,2.530665397644043,-0.7137810037693242,-0.4903300404548645,2.3386261463165283,-0.5734613442890073,-0.5026347637176514,-16.169308626798383,0.0
543,13.575000000000001,1.754331833295287e+18,0.2645425960012826,3.756613220098374,2.075683944100209,0.3580035965576066,6.151892859926108,-2.6337960674797154,2.9231762294429027,-0.4245258087570289,-0.4492955803871155,2.710874080657959,-0.6351901365577501,2.6516034603118896,-0.6456627609804277,-0.4739026129245758,2.68886661529541,-0.7499914519875717,-0.4719659388065338,2.5092427730560303,-0.6337886625569737,-0.4944616854190826,2.530665397644043,-0.7137810037693242,-0.4903300404548645,-17.436613087547443,0.0
544,13.600000000000001,1.754331833320287e+18,0.3361190372199467,3.7515276123106656,2.1465507544683025,0.3604830770062159,6.070017754521483,-2.686358177443903,2.8718147339508713,-0.3881872679968846,-0.4272601902484894,2.701136350631714,-0.5545855961634114,2.710874080657959,-0.6351901365577501,-0.4492955803871155,2.6516034603118896,-0.6456627609804277,-0.4739026129245758,2.68886661529541,-0.7499914519875717,-0.4719659388065338,2.5092427730560303,-0.6337886625569737,-0.4944616854190826,-18.558203447724622,0.0
545,13.625,1.754331833345287e+18,0.3737406392548368,3.752202561679917,2.2157570415229304,0.3698702470645178,6.020996746671406,-2.737350685330342,2.6620696165524405,-0.3543579259057459,-0.3084403872489929,2.882955551147461,-0.6671985096245305,2.701136350631714,-0.5545855961634114,-0.4272601902484894,2.710874080657959,-0.6351901365577501,-0.4492955803871155,2.6516034603118896,-0.6456627609804277,-0.4739026129245758,2.68886661529541,-0.7499914519875717,-0.4719659388065338,-19.41193358777694,0.0
546,13.65,1.754331833370287e+18,0.4329776096432942,3.736765084033141,2.2790817774024115,0.38482257408319653,5.953120400077782,-2.7792672563271084,2.2562294903314206,-0.3294859555336488,-0.3084403872489929,2.882955551147461,-0.6038737737450495,2.882955551147461,-0.6671985096245305,-0.3084403872489929,2.701136350631714,-0.5545855961634114,-0.4272601902484894,2.710874080657959,-0.6351901365577501,-0.4492955803871155,2.6516034603118896,-0.6456627609804277,-0.4739026129245758,-19.843644097680873,0.0
547,13.675,1.754331833395287e+18,0.5248982309717847,3.726524709330868,2.3310964996998718,0.3997790386999579,5.8369099860685685,-2.8040645487712217,1.6320266499578948,-0.3187754532379145,-0.3733790814876556,2.718458414077759,-0.38736191437788703,2.882955551147461,-0.6038737737450495,-0.3084403872489929,2.882955551147461,-0.6671985096245305,-0.3084403872489929,2.701136350631714,-0.5545855961634114,-0.4272601902484894,2.710874080657959,-0.6351901365577501,-0.4492955803871155,-19.664077537685177,0.0
548,13.700000000000001,1.754331833420287e+18,0.563565658677792,3.689876887186725,2.3657534267199,0.407926557152106,5.780376127996589,-2.805041806354561,0.7969435135127736,-0.324627714835165,-0.2962929308414459,2.4979770183563232,-0.13222359163642317,2.718458414077759,-0.38736191437788703,-0.3733790814876556,2.882955551147461,-0.6038737737450495,-0.3084403872489929,2.882955551147461,-0.6671985096245305,-0.3084403872489929,2.701136350631714,-0.5545855961634114,-0.4272601902484894,-19.128877044182012,0.0
549,13.725000000000001,1.754331833445287e+18,0.6088967681099211,3.678071270316973,2.3772865299525785,0.40458766623687553,5.722118108987279,-2.7782711033081218,-0.20282604156041525,-0.34581760061724026,-0.2102966010570526,2.383770704269409,-0.006484174316830682,2.4979770183563232,-0.13222359163642317,-0.2962929308414459,2.718458414077759,-0.38736191437788703,-0.3733790814876556,2.882955551147461,-0.6038737737450495,-0.3084403872489929,2.882955551147461,-0.6671985096245305,-0.3084403872489929,-18.378315007807334,0.0
550,13.75,1.7543318334702868e+18,0.6460331937175989,3.633837737035989,2.36136469690998,0.3893870426705952,5.681285047689243,-2.723652836390825,-1.2823331193087002,-0.3777788233068805,-0.457867830991745,1.9268138408660889,0.4345508560438911,2.383770704269409,-0.006484174316830682,-0.2102966010570526,2.4979770183563232,-0.13222359163642317,-0.2962929308414459,2.718458414077759,-0.38736191437788703,-0.3733790814876556,2.882955551147461,-0.6038737737450495,-0.3084403872489929,-17.216771371706287,0.0
551,13.775,1.754331833495287e+18,0.6977079533174626,3.612868407794776,2.316320353695281,0.3663796303381926,5.612076293354948,-2.645604703835127,-2.3278675114274,-0.41400252585423214,-0.4850800633430481,1.6405538320541382,0.675766521641143,1.9268138408660889,0.4345508560438911,-0.457867830991745,2.383770704269409,-0.006484174316830682,-0.2102966010570526,2.4979770183563232,-0.13222359163642317,-0.2962929308414459,2.718458414077759,-0.38736191437788703,-0.3733790814876556,-15.945621136176598,0.0
552,13.8,1.754331833520287e+18,0.7600043694325613,3.5706545620472823,2.244121438858994,0.34248843631548964,5.531396386431927,-2.5531498521754443,-3.215153339107945,-0.44798206422166004,-0.4690782725811004,1.6630210876464844,0.5811003512125095,1.6405538320541382,0.675766521641143,-0.4850800633430481,1.9268138408660889,0.4345508560438911,-0.457867830991745,2.383770704269409,-0.006484174316830682,-0.2102966010570526,2.4979770183563232,-0.13222359163642317,-0.2962929308414459,-14.774464510275424,0.0
553,13.825000000000001,1.754331833545287e+18,0.8116364818047792,3.5266410327760487,2.1506832856095808,0.3253006841977566,5.435679233807918,-2.4589634666448337,-3.8313627239656216,-0.4747472950344051,-0.4530478417873382,1.598976731300354,0.5517065543092268,1.6630210876464844,0.5811003512125095,-0.4690782725811004,1.6405538320541382,0.675766521641143,-0.4850800633430481,1.9268138408660889,0.4345508560438911,-0.457867830991745,2.383770704269409,-0.006484174316830682,-0.2102966010570526,-13.898432769227618,0.0
554,13.850000000000001,1.754331833570287e+18,0.855357269275109,3.490899377593541,2.045250507182661,0.3212005988690335,5.3647876573319735,-2.3771977155239328,-4.095287223739404,-0.49128311708237304,-0.4785245358943939,1.3199503421783447,0.7253001650043163,1.598976731300354,0.5517065543092268,-0.4530478417873382,1.6630210876464844,0.5811003512125095,-0.4690782725811004,1.6405538320541382,0.675766521641143,-0.4850800633430481,1.9268138408660889,0.4345508560438911,-0.457867830991745,-13.118595881748492,0.0
555,13.875,1.754331833595287e+18,0.8906870834595062,3.4385280647415737,1.9389188842525733,0.3342792652218832,5.312099468675603,-2.3206140797984585,-3.970513329249172,-0.49586592245752076,-0.4785245358943939,1.3199503421783447,0.6189685420742286,1.3199503421783447,0.7253001650043163,-0.4785245358943939,1.598976731300354,0.5517065543092268,-0.4530478417873382,1.6630210876464844,0.5811003512125095,-0.4690782725811004,1.6405538320541382,0.675766521641143,-0.4850800633430481,-12.887424176905933,0.0
556,13.9,1.754331833620287e+18,0.9045871202310044,3.422967596603682,1.842740878990307,0.36592069387028403,5.287153592147973,-2.29797592212976,-3.4686467506299956,-0.48695709962363,-0.4851511418819427,1.6414263248443604,0.20131455414594668,1.3199503421783447,0.6189685420742286,-0.4785245358943939,1.3199503421783447,0.7253001650043163,-0.4785245358943939,1.598976731300354,0.5517065543092268,-0.4530478417873382,1.6630210876464844,0.5811003512125095,-0.4690782725811004,-13.268096898955644,0.0
557,13.925,1.754331833645287e+18,0.9746542598958832,3.3402486216087905,1.7660303872896668,0.41467969004614863,5.178728744624912,-2.312325978648739,-2.6427898558325724,-0.4624068045072719,-0.4373909533023834,2.2250702381134038,-0.459039850823737,1.6414263248443604,0.20131455414594668,-0.4851511418819427,1.3199503421783447,0.6189685420742286,-0.4785245358943939,1.3199503421783447,0.7253001650043163,-0.4785245358943939,1.598976731300354,0.5517065543092268,-0.4530478417873382,-14.429082446713627,0.0
558,13.950000000000001,1.7543318336702868e+18,0.9746542598958832,3.3402486216087905,1.7153454764717126,0.47611891039645776,5.178728744624912,-2.3602173433294924,-1.5744634323358293,-0.41945973156354355,-0.405210942029953,2.4389710426330566,-0.723625566161344,2.2250702381134038,-0.459039850823737,-0.4373909533023834,1.6414263248443604,0.20131455414594668,-0.4851511418819427,1.3199503421783447,0.6189685420742286,-0.4785245358943939,1.3199503421783447,0.7253001650043163,-0.4785245358943939,-15.709930302486242,0.0
559,13.975000000000001,1.754331833695287e+18,1.016976555298669,3.278909550598108,1.6942813770845038,0.5426110718093587,5.075073136056984,-2.431856623347358,-0.3588775078381333,-0.3556552352460979,-0.3523478507995605,2.447300910949707,-0.7530195338652033,2.4389710426330566,-0.723625566161344,-0.405210942029953,2.2250702381134038,-0.459039850823737,-0.4373909533023834,1.6414263248443604,0.20131455414594668,-0.4851511418819427,1.3199503421783447,0.6189685420742286,-0.4785245358943939,-16.916082096254218,0.0
560,14.0,1.754331833720287e+18,1.043702258743192,3.236517127768777,1.7038584577076394,0.603527375575451,5.005893455370774,-2.5122885650814815,0.9067223210399276,-0.2702930456366456,-0.3140042424201965,2.5414493083953857,-0.8375908506877463,2.447300910949707,-0.7530195338652033,-0.3523478507995605,2.4389710426330566,-0.723625566161344,-0.405210942029953,2.2250702381134038,-0.459039850823737,-0.4373909533023834,1.6414263248443604,0.20131455414594668,-0.4851511418819427,-17.98632958265746,0.0
561,14.025,1.754331833745287e+18,1.0631540407227966,3.195909216578748,1.7431126901952976,0.646422940014714,4.986050229151699,-2.5836097620491767,2.1288599858199224,-0.1657779296934438,-0.2871922850608825,2.62107515335083,-0.8779624631555325,2.5414493083953857,-0.8375908506877463,-0.3140042424201965,2.447300910949707,-0.7530195338652033,-0.3523478507995605,2.4389710426330566,-0.723625566161344,-0.405210942029953,2.2250702381134038,-0.459039850823737,-0.4373909533023834,-19.060230183737325,0.0
562,14.05,1.754331833770287e+18,1.0834889533103285,3.151389615417646,1.8095365088457436,0.6595581677056345,4.866509182817913,-2.6276798159034054,3.2179409552577996,-0.04806831071326524,0.0727080926299095,2.674386978149414,-0.8648504693036705,2.62107515335083,-0.8779624631555325,-0.2871922850608825,2.5414493083953857,-0.8375908506877463,-0.3140042424201965,2.447300910949707,-0.7530195338652033,-0.3523478507995605,2.4389710426330566,-0.723625566161344,-0.405210942029953,-19.864501027886188,0.0
563,14.075000000000001,1.754331833795287e+18,1.091502904124238,3.107630180351439,1.8991946836350144,0.6353497088517864,4.846537524711762,-2.6284110092244988,4.085570137733221,0.0741584375250607,0.0727080926299095,2.674386978149414,-0.7751922945143996,2.674386978149414,-0.8648504693036705,0.0727080926299095,2.62107515335083,-0.8779624631555325,-0.2871922850608825,2.5414493083953857,-0.8375908506877463,-0.3140042424201965,2.447300910949707,-0.7530195338652033,-0.3523478507995605,-20.486670976920173,0.0
564,14.100000000000001,1.754331833820287e+18,1.0969371660364815,3.090002973084152,2.0065347604801826,0.5734889818456517,4.820716500392469,-2.572905133131309,4.643457449587573,0.19130709971550733,0.2252442091703415,2.666707754135132,-0.6601729936549492,2.674386978149414,-0.7751922945143996,0.0727080926299095,2.674386978149414,-0.8648504693036705,0.0727080926299095,2.62107515335083,-0.8779624631555325,-0.2871922850608825,2.5414493083953857,-0.8375908506877463,-0.3140042424201965,-20.66657038755138,0.0
565,14.125,1.754331833845287e+18,1.093452613464657,3.029544792141918,2.124065143330865,0.4821476346804347,4.715296402838936,-2.451459817170403,4.807912298644571,0.29484516371091773,0.2318713814020156,2.891192674636841,-0.767127531305976,2.666707754135132,-0.6601729936549492,0.2252442091703415,2.674386978149414,-0.7751922945143996,0.0727080926299095,2.674386978149414,-0.8648504693036705,0.0727080926299095,2.62107515335083,-0.8779624631555325,-0.2871922850608825,-21.019097415612798,0.0
566,14.15,1.7543318338702868e+18,1.0977299745549465,3.010959062492472,2.2421666367026383,0.37632581604889775,4.688028066055436,-2.2573164752066988,4.511756774442382,0.37878333935018677,0.407028317451477,3.0682952404022217,-0.8261286036995834,2.891192674636841,-0.767127531305976,0.2318713814020156,2.666707754135132,-0.6601729936549492,0.2252442091703415,2.674386978149414,-0.7751922945143996,0.0727080926299095,2.674386978149414,-0.8648504693036705,0.0727080926299095,-21.45782323604034,0.0
567,14.175,1.754331833895287e+18,1.1004079383996532,2.944252842800648,2.3493178142935145,0.2736901094686277,4.619824793551716,-1.9872668588169597,3.7222411150762427,0.4403880306620324,0.4733123779296875,2.853177547454834,-0.5038597331613195,3.0682952404022217,-0.8261286036995834,0.407028317451477,2.891192674636841,-0.767127531305976,0.2318713814020156,2.666707754135132,-0.6601729936549492,0.2252442091703415,2.674386978149414,-0.7751922945143996,0.0727080926299095,-21.649729246933074,0.0
568,14.200000000000001,1.754331833920287e+18,1.1041799623656448,2.902289888082265,2.432949255077176,0.18938223970657755,4.566214640576153,-1.6435277670630821,2.4603488534169773,0.480128932540581,0.4743883907794952,2.6424381732940674,-0.2094889182168913,2.853177547454834,-0.5038597331613195,0.4733123779296875,3.0682952404022217,-0.8261286036995834,0.407028317451477,2.891192674636841,-0.767127531305976,0.2318713814020156,2.666707754135132,-0.6601729936549492,0.2252442091703415,-21.536796044666218,0.0
569,14.225000000000001,1.754331833945287e+18,1.0808451943223203,2.8254871134276813,2.4809890555354137,0.1316718461057848,4.5348717105242775,-1.236087008712789,0.8149061820457905,0.5009562768241905,0.482170820236206,2.2714786529541016,0.20951040258131215,2.6424381732940674,-0.2094889182168913,0.4743883907794952,2.853177547454834,-0.5038597331613195,0.4733123779296875,3.0682952404022217,-0.8261286036995834,0.407028317451477,2.891192674636841,-0.767127531305976,0.2318713814020156,-20.83390145020589,0.0
570,14.25,1.754331833970287e+18,1.0674550096358906,2.7445749122439933,2.483917302252447,0.09996849445945491,4.478780357655282,-0.7839235145368117,-1.0549991364223474,0.5071292708780266,0.4868416786193847,1.9743825197219849,0.5095347825304621,2.2714786529541016,0.20951040258131215,0.482170820236206,2.6424381732940674,-0.2094889182168913,0.4743883907794952,2.853177547454834,-0.5038597331613195,0.4733123779296875,3.0682952404022217,-0.8261286036995834,0.407028317451477,-19.832675076083696,0.0
571,14.275,1.754331833995287e+18,1.0607646041305836,2.6985819141909326,2.436896641240309,0.08585153440065617,4.447759738887999,-0.3137251565481108,-2.9334153240015466,0.5029885066875049,0.4979763627052307,1.7222119569778442,0.7146846842624646,1.9743825197219849,0.5095347825304621,0.4868416786193847,2.2714786529541016,0.20951040258131215,0.482170820236206,2.6424381732940674,-0.2094889182168913,0.4743883907794952,2.853177547454834,-0.5038597331613195,0.4733123779296875,-18.792570869080212,0.0
572,14.3,1.754331834020287e+18,1.0547932994860545,2.657532354089949,2.3414287056101735,0.07667258166743904,4.42007329076848,0.14414923639145424,-4.576745236364076,0.4920787399547689,0.4989341795444488,1.6124744415283203,0.7289542640818532,1.7222119569778442,0.7146846842624646,0.4979763627052307,1.9743825197219849,0.5095347825304621,0.4868416786193847,2.2714786529541016,0.20951040258131215,0.482170820236206,2.6424381732940674,-0.2094889182168913,0.4743883907794952,-17.875214613283674,0.0
573,14.325000000000001,1.754331834045287e+18,1.023665320438917,2.5958791680836018,2.2060369642501847,0.06032844432927645,4.4351547629330526,0.561460414016468,-5.754067230887552,0.47680916615879393,0.4848685264587402,1.367291808128357,0.8387451561218278,1.6124744415283203,0.7289542640818532,0.4989341795444488,1.7222119569778442,0.7146846842624646,0.4979763627052307,1.9743825197219849,0.5095347825304621,0.4868416786193847,2.2714786529541016,0.20951040258131215,0.482170820236206,-16.667440729611556,0.0
574,14.350000000000001,1.7543318340702868e+18,0.9986069827821796,2.493930227165285,2.045638794991029,0.0294677262143675,4.401078663440008,0.9179536442785915,-6.28996676283832,0.45854555056127344,0.467235267162323,1.196796417236328,0.848842377754701,1.367291808128357,0.8387451561218278,0.4848685264587402,1.6124744415283203,0.7289542640818532,0.4989341795444488,1.7222119569778442,0.7146846842624646,0.4979763627052307,1.9743825197219849,0.5095347825304621,0.4868416786193847,-15.562612624542748,0.0
575,14.375000000000002,1.754331834095287e+18,0.9946182485742074,2.4819118927765844,1.8795328649413712,-0.016227038385749182,4.45395850426924,1.2055626392996202,-6.09957384230663,0.4378649038085195,0.467235267162323,1.196796417236328,0.6827364477050433,1.196796417236328,0.848842377754701,0.467235267162323,1.367291808128357,0.8387451561218278,0.4848685264587402,1.6124744415283203,0.7289542640818532,0.4989341795444488,1.7222119569778442,0.7146846842624646,0.4979763627052307,-14.613001072481797,0.0
576,14.4,1.754331834120287e+18,0.968476801853269,2.4045875069824167,1.7283003390700618,-0.07032164488745936,4.5077028344445145,1.4295231773061876,-5.206672444929238,0.4147470744305801,0.3616417944431305,2.142565488815308,-0.4142651497452463,1.196796417236328,0.6827364477050433,0.467235267162323,1.196796417236328,0.848842377754701,0.467235267162323,1.367291808128357,0.8387451561218278,0.4848685264587402,1.6124744415283203,0.7289542640818532,0.4989341795444488,-14.828328092184059,0.0
577,14.425,1.754331834145287e+18,0.9492957305587696,2.3410495169874888,1.6102990635532053,-0.12236324082787828,4.53974545827748,1.6057006163926506,-3.7396610838248483,0.3886664536254152,0.3979000151157379,2.35135269165039,-0.7410536280971849,2.142565488815308,-0.4142651497452463,0.3616417944431305,1.196796417236328,0.6827364477050433,0.467235267162323,1.196796417236328,0.848842377754701,0.467235267162323,1.367291808128357,0.8387451561218278,0.4848685264587402,-15.349858990418554,0.0
578,14.450000000000001,1.754331834170287e+18,0.9304104187060832,2.3024501707488323,1.5386312377994433,-0.1621649921765988,4.595902624059851,1.754638813720542,-1.9057742962119448,0.35872368285253015,0.358272910118103,2.4283854961395264,-0.889754258340083,2.35135269165039,-0.7410536280971849,0.3979000151157379,2.142565488815308,-0.4142651497452463,0.3616417944431305,1.196796417236328,0.6827364477050433,0.467235267162323,1.196796417236328,0.848842377754701,0.467235267162323,-15.970945537765235,0.0
579,14.475000000000001,1.754331834195287e+18,0.9199789226193312,2.257687976003479,1.5193403453113545,-0.18402158235228666,4.633244138400403,1.894065235058264,0.05029872042486118,0.3239693080159572,0.3219161927700043,2.4544055461883545,-0.935065200877,2.4283854961395264,-0.889754258340083,0.358272910118103,2.35135269165039,-0.7410536280971849,0.3979000151157379,2.142565488815308,-0.4142651497452463,0.3616417944431305,1.196796417236328,0.6827364477050433,0.467235267162323,-16.652141904706458,0.0
580,14.500000000000002,1.754331834220287e+18,0.937152930400106,2.2027115301465288,1.5511656372998541,-0.18900171576893673,4.677491114513548,2.032252708724536,1.8931518679339399,0.28391624396767223,0.3054878711700439,2.4820339679718018,-0.9308683306719476,2.4544055461883545,-0.935065200877,0.3219161927700043,2.4283854961395264,-0.889754258340083,0.358272910118103,2.35135269165039,-0.7410536280971849,0.3979000151157379,2.142565488815308,-0.4142651497452463,0.3616417944431305,-17.28929318052156,0.0
581,14.525,1.754331834245287e+18,0.9309247989464452,2.1690338017894897,1.6267088753439036,-0.18414594347393232,4.713288151697097,2.1644462899777315,3.4372667318348147,0.2390720210409249,0.2414107173681259,2.476414918899536,-0.8497060435556325,2.4820339679718018,-0.9308683306719476,0.3054878711700439,2.4544055461883545,-0.935065200877,0.3219161927700043,2.4283854961395264,-0.889754258340083,0.358272910118103,2.35135269165039,-0.7410536280971849,0.3979000151157379,-17.81284091342969,0.0
582,14.55,1.7543318342702868e+18,0.926334619455316,2.133631980966378,1.7346065468045975,-0.17887987903967,4.752340292779557,2.2735352277071437,4.572004598421399,0.19128778717444783,0.167634516954422,2.491487741470337,-0.7568811946657394,2.476414918899536,-0.8497060435556325,0.2414107173681259,2.4820339679718018,-0.9308683306719476,0.3054878711700439,2.4544055461883545,-0.935065200877,0.3219161927700043,2.4283854961395264,-0.889754258340083,0.358272910118103,-18.205388526050818,0.0
583,14.575000000000001,1.754331834295287e+18,0.922340067906636,2.0352030887702224,1.8621893705586883,-0.18041129605001877,4.835487494634387,2.3347185483321673,5.2661677924641905,0.1438193052817225,0.1564787626266479,2.8528568744659424,-0.9906675039072541,2.491487741470337,-0.7568811946657394,0.167634516954422,2.476414918899536,-0.8497060435556325,0.2414107173681259,2.4820339679718018,-0.9308683306719476,0.3054878711700439,2.4544055461883545,-0.935065200877,0.3219161927700043,-18.835098323753677,0.0
584,14.600000000000001,1.754331834320287e+18,0.9278178853828352,1.991159020181404,1.9979636121496784,-0.19039318111267975,4.889663673117389,2.3228159309745617,5.553216459458561,0.10111398025635285,0.0842702761292457,2.845100164413452,-0.8471365522637737,2.8528568744659424,-0.9906675039072541,0.1564787626266479,2.491487741470337,-0.7568811946657394,0.167634516954422,2.476414918899536,-0.8497060435556325,0.2414107173681259,2.4820339679718018,-0.9308683306719476,0.3054878711700439,-19.207772996174178,0.0
585,14.625000000000002,1.754331834345287e+18,0.9226210685745672,1.9793950217266891,2.133194524104752,-0.20445845950994015,4.946792455836005,2.220447232967579,5.5035864545683975,0.06836843238795992,0.098757192492485,2.9824256896972656,-0.8492311655925135,2.845100164413452,-0.8471365522637737,0.0842702761292457,2.8528568744659424,-0.9906675039072541,0.1564787626266479,2.491487741470337,-0.7568811946657394,0.167634516954422,2.476414918899536,-0.8497060435556325,0.2414107173681259,-19.61664021875061,0.0
586,14.65,1.754331834370287e+18,0.9263205750550464,1.939979780047472,2.262182375714639,-0.2147929717259999,4.993328343672599,2.0251479231782494,5.193752912116791,0.05084738996590665,0.0754284635186195,2.931113004684448,-0.6689306289698087,2.9824256896972656,-0.8492311655925135,0.098757192492485,2.845100164413452,-0.8471365522637737,0.0842702761292457,2.8528568744659424,-0.9906675039072541,0.1564787626266479,2.491487741470337,-0.7568811946657394,0.167634516954422,-19.77888336313353,0.0
587,14.675,1.754331834395287e+18,0.9438326376155216,1.880440668464158,2.3813945046316434,-0.21436832627262264,5.051691895432247,1.753301631008508,4.681795471283652,0.0529369022554172,0.0080082388594746,3.134500503540039,-0.7531059989083957,2.931113004684448,-0.6689306289698087,0.0754284635186195,2.9824256896972656,-0.8492311655925135,0.098757192492485,2.845100164413452,-0.8471365522637737,0.0842702761292457,2.8528568744659424,-0.9906675039072541,0.1564787626266479,-20.04207740010057,0.0
588,14.700000000000001,1.754331834420287e+18,0.9697254294261975,1.830213879331096,2.4880442546076034,-0.2005737533068186,5.08505301021762,1.4391107980076923,3.9963170158655688,0.07702198988188994,0.0813242271542549,3.048373222351074,-0.5603289677434709,3.134500503540039,-0.7531059989083957,0.0080082388594746,2.931113004684448,-0.6689306289698087,0.0754284635186195,2.9824256896972656,-0.8492311655925135,0.098757192492485,2.845100164413452,-0.8471365522637737,0.0842702761292457,-20.147230007642854,0.0
589,14.725000000000001,1.754331834445287e+18,0.9908147102815864,1.766229070345439,2.578775376973841,-0.1764171335675297,5.144249596195792,1.12833205665484,3.1406949951087637,0.12246849822689893,0.144626185297966,3.0555999279022217,-0.47682455092838083,3.048373222351074,-0.5603289677434709,0.0813242271542549,3.134500503540039,-0.7531059989083957,0.0080082388594746,2.931113004684448,-0.6689306289698087,0.0754284635186195,2.9824256896972656,-0.8492311655925135,0.098757192492485,-20.412343784151105,0.0
590,14.750000000000002,1.7543318344702868e+18,0.9981989885331196,1.7438251943355745,2.648943742464738,-0.14901808308959744,5.164976906216511,0.8685423365947783,2.109460444932395,0.18508453589287682,0.144626185297966,3.0555999279022217,-0.4066561854374835,3.0555999279022217,-0.47682455092838083,0.144626185297966,3.048373222351074,-0.5603289677434709,0.0813242271542549,3.134500503540039,-0.7531059989083957,0.0080082388594746,2.931113004684448,-0.6689306289698087,0.0754284635186195,-20.62455458653728,0.0
591,14.775,1.754331834495287e+18,1.0299690929155283,1.6787623143779082,2.6927701117187817,-0.12662850996048336,5.2058909393544415,0.6988118080063831,0.909800123816295,0.2573667223219033,0.194597989320755,2.782566547393799,-0.08979643567501716,3.0555999279022217,-0.4066561854374835,0.144626185297966,3.0555999279022217,-0.47682455092838083,0.144626185297966,3.048373222351074,-0.5603289677434709,0.0813242271542549,3.134500503540039,-0.7531059989083957,0.0080082388594746,-20.556911283836563,0.0
592,14.8,1.754331834520287e+18,1.0733493716153233,1.592250435561059,2.7043938534410676,-0.11586508190197867,5.227578956377839,0.6414258102272855,-0.4200767719965989,0.3296362679944826,0.4125018119812011,2.081613302230835,0.6227805512102327,2.782566547393799,-0.08979643567501716,0.194597989320755,3.0555999279022217,-0.4066561854374835,0.144626185297966,3.0555999279022217,-0.47682455092838083,0.144626185297966,3.048373222351074,-0.5603289677434709,0.0813242271542549,-19.892700648367935,0.0
593,14.825000000000001,1.754331834545287e+18,1.0958117382636186,1.547777543567321,2.679547653566867,-0.12024192820016763,5.248623439668011,0.6975850908780123,-1.802419788391117,0.391851047698631,0.4242988228797912,1.855907917022705,0.8236397365441621,2.081613302230835,0.6227805512102327,0.4125018119812011,2.782566547393799,-0.08979643567501716,0.194597989320755,3.0555999279022217,-0.4066561854374835,0.144626185297966,3.0555999279022217,-0.47682455092838083,0.144626185297966,-19.0829070920388,0.0
594,14.850000000000001,1.754331834570287e+18,1.1406017030123483,1.4643059848203563,2.6172765704749175,-0.14012395223877924,5.248163594537033,0.848280922136448,-3.1243394175010404,0.4355379469945612,0.4242988228797912,1.855907917022705,0.7613686534522124,1.855907917022705,0.8236397365441621,0.4242988228797912,2.081613302230835,0.6227805512102327,0.4125018119812011,2.782566547393799,-0.08979643567501716,0.194597989320755,3.0555999279022217,-0.4066561854374835,0.144626185297966,-18.221564915811822,0.0
595,14.875000000000002,1.754331834595287e+18,1.1702527755862713,1.4123142612753412,2.521023864577201,-0.1734966137930129,5.263102923901808,1.0603565952332825,-4.253854671540238,0.45521423999666,0.4377472698688507,1.7460262775421145,0.7749975870350865,1.855907917022705,0.7613686534522124,0.4242988228797912,1.855907917022705,0.8236397365441621,0.4242988228797912,2.081613302230835,0.6227805512102327,0.4125018119812011,2.782566547393799,-0.08979643567501716,0.194597989320755,-17.544097313641085,0.0
596,14.9,1.754331834620287e+18,1.2070807706831466,1.3387104031807318,2.3986176565810893,-0.2168030648159862,5.296845253890581,1.2960611196462777,-5.0627855759541545,0.44899852054888983,0.422759473323822,1.6216713190078735,0.7769463375732157,1.7460262775421145,0.7749975870350865,0.4377472698688507,1.855907917022705,0.7613686534522124,0.4242988228797912,1.855907917022705,0.8236397365441621,0.4242988228797912,2.081613302230835,0.6227805512102327,0.4125018119812011,-17.148014411160304,0.0
597,14.925,1.754331834645287e+18,1.2206449310684309,1.3062233840547464,2.2611606525016987,-0.26548479747461273,5.305692762477598,1.5229669701437563,-5.450094832136019,0.4185500499938152,0.422759473323822,1.6216713190078735,0.6394893334938252,1.6216713190078735,0.7769463375732157,0.422759473323822,1.7460262775421145,0.7749975870350865,0.4377472698688507,1.855907917022705,0.7613686534522124,0.4242988228797912,1.855907917022705,0.8236397365441621,0.4242988228797912,-16.786512054985185,0.0
598,14.950000000000001,1.7543318346702868e+18,1.2428931867882782,1.2558301994890655,2.1213029174111995,-0.31433256022800105,5.352291627078362,1.7208532413966682,-5.3599032007378895,0.3686160464231762,0.3721362352371216,1.460037350654602,0.6612655667565974,1.6216713190078735,0.6394893334938252,0.422759473323822,1.6216713190078735,0.7769463375732157,0.422759473323822,1.7460262775421145,0.7749975870350865,0.4377472698688507,1.855907917022705,0.7613686534522124,0.4242988228797912,-16.560303569606983,0.0
599,14.975000000000001,1.754331834695287e+18,1.2802060901193344,1.194794515336847,1.991541547555996,-0.3578914039527806,5.394093262877725,1.8833853763665103,-4.7906728346833996,0.30626757942072314,0.3721997737884521,1.7691941261291504,0.22234742142684571,1.460037350654602,0.6612655667565974,0.3721362352371216,1.6216713190078735,0.6394893334938252,0.422759473323822,1.6216713190078735,0.7769463375732157,0.422759473323822,1.7460262775421145,0.7749975870350865,0.4377472698688507,-16.961233535534543,0.0
600,15.000000000000002,1.754331834720287e+18,1.3219158827972637,1.1458393122697426,1.882943922871488,-0.39099343057526487,5.434034300839652,2.0146534320168574,-3.794886309422887,0.23967335320255112,0.3024542331695556,1.9469443559646609,-0.06400043309317294,1.7691941261291504,0.22234742142684571,0.3721997737884521,1.460037350654602,0.6612655667565974,0.3721362352371216,1.6216713190078735,0.6394893334938252,0.422759473323822,1.6216713190078735,0.7769463375732157,0.422759473323822,-17.625825033251516,0.0
601,15.025,1.754331834745287e+18,1.359111537439337,1.0865616441031456,1.804311507985165,-0.40932864299585303,5.515433475073257,2.1226336137994273,-2.470863279383787,0.1763475196515527,0.0513407737016677,2.029716730117798,-0.2254052221326328,1.9469443559646609,-0.06400043309317294,0.3024542331695556,1.7691941261291504,0.22234742142684571,0.3721997737884521,1.460037350654602,0.6612655667565974,0.3721362352371216,1.6216713190078735,0.6394893334938252,0.422759473323822,-18.35917602824349,0.0
602,15.05,1.754331834770287e+18,1.3723273969997505,1.0689501510829014,1.7616322907734527,-0.4099734677719743,5.536141560110654,2.2123436959929172,-0.9495154860843836,0.12130164581752012,0.0513407737016677,2.029716730117798,-0.2680844393443451,2.029716730117798,-0.2254052221326328,0.0513407737016677,1.9469443559646609,-0.06400043309317294,0.3024542331695556,1.7691941261291504,0.22234742142684571,0.3721997737884521,1.460037350654602,0.6612655667565974,0.3721362352371216,-19.43296125910414,0.0
603,15.075000000000001,1.754331834795287e+18,1.423296294315746,1.0131863431845254,1.7577348112904114,-0.39187670893334403,5.608791291227865,2.280920586221757,0.6211759567257437,0.07604176567100782,0.0292620006948709,2.349964141845703,-0.5922293305552917,2.029716730117798,-0.2680844393443451,0.0513407737016677,2.029716730117798,-0.2254052221326328,0.0513407737016677,1.9469443559646609,-0.06400043309317294,0.3024542331695556,1.7691941261291504,0.22234742142684571,0.3721997737884521,-20.384146992872903,0.0
604,15.100000000000001,1.754331834820287e+18,1.464762394176531,0.9671182993554676,1.7921312914527563,-0.3562954435529243,5.677515096943972,2.315971924748657,2.0919111598328066,0.039223044803563624,0.1462583988904953,2.5859057903289795,-0.7937744988762232,2.349964141845703,-0.5922293305552917,0.0292620006948709,2.029716730117798,-0.2680844393443451,0.0513407737016677,2.029716730117798,-0.2254052221326328,0.0513407737016677,1.9469443559646609,-0.06400043309317294,0.3024542331695556,-21.15590712156471,0.0
605,15.125000000000002,1.754331834845287e+18,1.49309461186705,0.9513996973636848,1.861029684042781,-0.3070365380408401,5.714004235616198,2.2978610637089627,3.326833444545258,0.008821932997855445,0.0676630437374115,2.5728204250335693,-0.7117907409907884,2.5859057903289795,-0.7937744988762232,0.1462583988904953,2.349964141845703,-0.5922293305552917,0.0292620006948709,2.029716730117798,-0.2680844393443451,0.0513407737016677,2.029716730117798,-0.2254052221326328,0.0513407737016677,-21.975853805939206,0.0
606,15.15,1.7543318348702868e+18,1.5235545453911654,0.9226226975404236,1.9575286607602254,-0.25020830755688306,5.761384679023749,2.205670774548008,4.216560789866224,-0.01539767597054339,0.0244186408817768,2.6236162185668945,-0.6660875578066692,2.5728204250335693,-0.7117907409907884,0.0676630437374115,2.5859057903289795,-0.7937744988762232,0.1462583988904953,2.349964141845703,-0.5922293305552917,0.0292620006948709,2.029716730117798,-0.2680844393443451,0.0513407737016677,-22.783881597948998,0.0
607,15.175,1.754331834895287e+18,1.57202828476598,0.9068071272147772,2.072116230357539,-0.19323668150210915,5.8221985629351245,2.025175458931646,4.68874320020455,-0.030621632242484965,-0.0709479451179504,2.8473074436187744,-0.7751912132612353,2.6236162185668945,-0.6660875578066692,0.0244186408817768,2.5728204250335693,-0.7117907409907884,0.0676630437374115,2.5859057903289795,-0.7937744988762232,0.1462583988904953,2.349964141845703,-0.5922293305552917,0.0292620006948709,-23.285380111608518,0.0
608,15.200000000000001,1.754331834920287e+18,1.6159094142200088,0.8760767799749036,2.1935932585566946,-0.14324602879595588,5.879861350630783,1.756024602820057,4.715136617307487,-0.03167095647711838,-0.0383735001087188,2.9125418663024902,-0.7189486077457956,2.8473074436187744,-0.7751912132612353,-0.0709479451179504,2.6236162185668945,-0.6660875578066692,0.0244186408817768,2.5728204250335693,-0.7117907409907884,0.0676630437374115,2.5859057903289795,-0.7937744988762232,0.1462583988904953,-23.52283047285083,0.0
609,15.225000000000001,1.754331834945287e+18,1.6598414661302332,0.8637357675266522,2.3103544100063527,-0.10533349581226925,5.928749326414125,1.4155580284343987,4.314027905854437,-0.013243680386139326,-0.028057288378477,2.942570447921753,-0.6322160379154003,2.9125418663024902,-0.7189486077457956,-0.0383735001087188,2.8473074436187744,-0.7751912132612353,-0.0709479451179504,2.6236162185668945,-0.6660875578066692,0.0244186408817768,2.5728204250335693,-0.7117907409907884,0.0676630437374115,-23.54825692073788,0.0
610,15.250000000000002,1.754331834970287e+18,1.700095751144718,0.8416572333834753,2.4117616419091106,-0.08143124025590928,5.970712930814748,1.0381367951172218,3.5471117376926204,0.02742594796663575,-0.028057288378477,2.942570447921753,-0.5308088060126424,2.942570447921753,-0.6322160379154003,-0.028057288378477,2.9125418663024902,-0.7189486077457956,-0.0383735001087188,2.8473074436187744,-0.7751912132612353,-0.0709479451179504,2.6236162185668945,-0.6660875578066692,0.0244186408817768,-23.313130175229485,0.0
611,15.275,1.754331834995287e+18,1.7546075759639477,0.829012300877713,2.489326704469434,-0.07022480163018018,5.995850943464161,0.6703647621185155,2.5106958368520647,0.08870762523177504,0.0841047540307045,2.7562825679779053,-0.2669558635084712,2.942570447921753,-0.5308088060126424,-0.028057288378477,2.942570447921753,-0.6322160379154003,-0.028057288378477,2.9125418663024902,-0.7189486077457956,-0.0383735001087188,2.8473074436187744,-0.7751912132612353,-0.0709479451179504,-22.87599568160639,0.0
612,15.3,1.754331835020287e+18,1.7967528958032384,0.8128890310172734,2.5375312538278902,-0.06813390025327033,6.0281994787783635,0.3632259663228215,1.3222222899228941,0.16430045836871046,0.1511965990066528,2.5228524208068848,0.014678833021005477,2.7562825679779053,-0.2669558635084712,0.0841047540307045,2.942570447921753,-0.5308088060126424,-0.028057288378477,2.942570447921753,-0.6322160379154003,-0.028057288378477,2.9125418663024902,-0.7189486077457956,-0.0383735001087188,-22.109188750527405,0.0
613,15.325000000000001,1.754331835045287e+18,1.8691226458374737,0.7853999282087747,2.554196872020235,-0.07090996068732754,6.035540297555003,0.16236251890432316,0.10419358982514562,0.24465010295814615,0.2789972126483917,2.4969215393066406,0.057275332713594196,2.5228524208068848,0.014678833021005477,0.1511965990066528,2.7562825679779053,-0.2669558635084712,0.0841047540307045,2.942570447921753,-0.5308088060126424,-0.028057288378477,2.942570447921753,-0.6322160379154003,-0.028057288378477,-21.42506718497308,0.0
614,15.350000000000001,1.7543318350702868e+18,1.9281974326705948,0.7754073093469303,2.5403547301853773,-0.07516835093072624,6.017806214334964,0.0982708127960303,-1.0316863162021452,0.31948068932967244,0.3530923128128052,2.266481399536133,0.27387333064924446,2.4969215393066406,0.057275332713594196,0.2789972126483917,2.5228524208068848,0.014678833021005477,0.1511965990066528,2.7562825679779053,-0.2669558635084712,0.0841047540307045,2.942570447921753,-0.5308088060126424,-0.028057288378477,-20.44722060312776,0.0
615,15.375000000000002,1.754331835095287e+18,2.0007610111985024,0.7557641159617545,2.499664458923141,-0.07927864491956331,6.02722648927968,0.1789879962066723,-1.9972594077907777,0.38043982985036284,0.4018516838550567,2.106363296508789,0.39330116241435187,2.266481399536133,0.27387333064924446,0.3530923128128052,2.4969215393066406,0.057275332713594196,0.2789972126483917,2.5228524208068848,0.014678833021005477,0.1511965990066528,2.7562825679779053,-0.2669558635084712,0.0841047540307045,-19.32776182402067,0.0
616,15.4,1.754331835120287e+18,2.088442590618704,0.7226137924657954,2.4375900457835207,-0.08343683407830357,6.020192039610195,0.3878849399410228,-2.7352688139925303,0.4228776677350936,0.4232599139213562,2.026509523391724,0.4110805223917966,2.106363296508789,0.39330116241435187,0.4018516838550567,2.266481399536133,0.27387333064924446,0.3530923128128052,2.4969215393066406,0.057275332713594196,0.2789972126483917,2.5228524208068848,0.014678833021005477,0.1511965990066528,-18.26530571291109,0.0
617,15.425,1.754331835145287e+18,2.135353702091815,0.7104427318655011,2.3605910577119986,-0.08917416210700288,6.021583461185,0.6878319453695594,-3.220235108496663,0.4462238442053215,0.4439045488834381,1.8957726955413816,0.464818362170617,2.026509523391724,0.4110805223917966,0.4232599139213562,2.106363296508789,0.39330116241435187,0.4018516838550567,2.266481399536133,0.27387333064924446,0.3530923128128052,2.4969215393066406,0.057275332713594196,0.2789972126483917,-17.64455180974384,0.0
618,15.450000000000001,1.754331835170287e+18,2.1924725875073063,0.6907415997843849,2.275443487501292,-0.09871330094157539,6.0340378693523,1.0307370086309675,-3.4532744930678816,0.4530456645782285,0.4309479296207428,1.9212024211883545,0.3542410663129374,1.8957726955413816,0.464818362170617,0.4439045488834381,2.026509523391724,0.4110805223917966,0.4232599139213562,2.106363296508789,0.39330116241435187,0.4018516838550567,2.266481399536133,0.27387333064924446,0.3530923128128052,-17.23079229084852,0.0
619,15.475000000000001,1.754331835195287e+18,2.288602493910512,0.6662432368778708,2.188629261439278,-0.11439104890091167,6.0656873351558,1.3694264914677394,-3.4527636147124503,0.4473662263220745,0.4229118525981903,1.7662276029586792,0.42240165848059874,1.9212024211883545,0.3542410663129374,0.4309479296207428,1.8957726955413816,0.464818362170617,0.4439045488834381,2.026509523391724,0.4110805223917966,0.4232599139213562,2.106363296508789,0.39330116241435187,0.4018516838550567,-16.873079580299404,0.0
620,15.500000000000002,1.754331835220287e+18,2.31455634267026,0.6628461077006236,2.105765974073872,-0.13806167679775938,6.09636376425349,1.6679761995982716,-3.2438550402167903,0.4330044136147852,0.4229118525981903,1.7662276029586792,0.3395383711151929,1.7662276029586792,0.42240165848059874,0.4229118525981903,1.9212024211883545,0.3542410663129374,0.4309479296207428,1.8957726955413816,0.464818362170617,0.4439045488834381,2.026509523391724,0.4110805223917966,0.4232599139213562,-16.625266199478247,0.0
621,15.525,1.754331835245287e+18,2.3702112461828646,0.6477279396131819,2.031261470280824,-0.1703273276501667,6.1291311400958755,1.9072685144311867,-2.8502201326281,0.4125455762894111,0.4213188886642456,1.809321641921997,0.22193982835882675,1.7662276029586792,0.3395383711151929,0.4229118525981903,1.7662276029586792,0.42240165848059874,0.4229118525981903,1.9212024211883545,0.3542410663129374,0.4309479296207428,1.8957726955413816,0.464818362170617,0.4439045488834381,-16.599578845253653,0.0
622,15.55,1.7543318352702868e+18,2.422353213268196,0.6358304689518242,1.9684428436401362,-0.20973648729417904,6.160696776518238,2.084584811630632,-2.290798434022205,0.3871742045012258,0.3912385702133178,1.8293181657791135,0.13912467786102267,1.809321641921997,0.22193982835882675,0.4213188886642456,1.7662276029586792,0.3395383711151929,0.4229118525981903,1.7662276029586792,0.42240165848059874,0.4229118525981903,1.9212024211883545,0.3542410663129374,0.4309479296207428,-16.619986573965377,0.0
623,15.575000000000001,1.754331835295287e+18,2.487663975446066,0.6196217168912792,1.9201248131781936,-0.2524418533319992,6.204076529878271,2.208545100717105,-1.5827525915522327,0.35719708370617337,0.3912385702133178,1.8293181657791135,0.09080664739908006,1.8293181657791135,0.13912467786102267,0.3912385702133178,1.809321641921997,0.22193982835882675,0.4213188886642456,1.7662276029586792,0.3395383711151929,0.4229118525981903,1.7662276029586792,0.42240165848059874,0.4229118525981903,-16.68218179106391,0.0
624,15.600000000000001,1.754331835320287e+18,2.541992569595336,0.6043431473668976,1.8891929083959171,-0.2927529291018069,6.273944947183771,2.2922094473656616,-0.7496097974478535,0.32285436075819995,0.2982826232910156,2.2756335735321045,-0.38644066513618736,1.8293181657791135,0.09080664739908006,0.3912385702133178,1.8293181657791135,0.13912467786102267,0.3912385702133178,1.809321641921997,0.22193982835882675,0.4213188886642456,1.7662276029586792,0.3395383711151929,0.4229118525981903,-17.21537010513619,0.0
625,15.625000000000002,1.754331835345287e+18,2.605895951829827,0.6109900236844519,1.8786831373527286,-0.3244910461287577,6.351252565773103,2.3469211651896975,0.16859076858135202,0.2850352946181914,0.2714253962039947,2.354649305343628,-0.4759661679908993,2.2756335735321045,-0.38644066513618736,0.2982826232910156,1.8293181657791135,0.09080664739908006,0.3912385702133178,1.8293181657791135,0.13912467786102267,0.3912385702133178,1.809321641921997,0.22193982835882675,0.4213188886642456,-17.80535322593894,0.0
626,15.65,1.754331835370287e+18,2.644525987075183,0.6071072939702773,1.8911334263021886,-0.3425215133794213,6.39502837131985,2.3783255978204147,1.1075982572735876,0.24569040693596858,0.2690359950065613,2.385293245315552,-0.4941598190133636,2.354649305343628,-0.4759661679908993,0.2714253962039947,2.2756335735321045,-0.38644066513618736,0.2982826232910156,1.8293181657791135,0.09080664739908006,0.3912385702133178,1.8293181657791135,0.13912467786102267,0.3912385702133178,-18.24391417431649,0.0
627,15.675,1.754331835395287e+18,2.7191055568080813,0.6087738041365052,1.9274204394121655,-0.34379003422947585,6.4925738478085675,2.3850990672320087,1.9779245185774188,0.20787939373839998,0.2157813310623169,2.4009692668914795,-0.47354882747931404,2.385293245315552,-0.4941598190133636,0.2690359950065613,2.354649305343628,-0.4759661679908993,0.2714253962039947,2.2756335735321045,-0.38644066513618736,0.2982826232910156,1.8293181657791135,0.09080664739908006,0.3912385702133178,-18.704799252413643,0.0
628,15.700000000000001,1.754331835420287e+18,2.733667517739236,0.6082946047612634,1.9855905280916706,-0.3276143708704362,6.510338789953958,2.3603987732188956,2.6729108605601035,0.17543445101687544,0.1848429292440414,2.5136194229125977,-0.5280288948209271,2.4009692668914795,-0.47354882747931404,0.2157813310623169,2.385293245315552,-0.4941598190133636,0.2690359950065613,2.354649305343628,-0.4759661679908993,0.2714253962039947,2.2756335735321045,-0.38644066513618736,0.2982826232910156,-19.191309536434748,0.0
629,15.725000000000001,1.754331835445287e+18,2.7897354231748737,0.6212471004612237,2.0602166455519533,-0.29545773246893997,6.574651469379963,2.2955074388926318,3.0854555329386795,0.152252061464278,0.1514601707458496,2.509817123413086,-0.44960047786113266,2.5136194229125977,-0.5280288948209271,0.1848429292440414,2.4009692668914795,-0.47354882747931404,0.2157813310623169,2.385293245315552,-0.4941598190133636,0.2690359950065613,2.354649305343628,-0.4759661679908993,0.2714253962039947,-19.578372461066085,0.0
630,15.750000000000002,1.7543318354702868e+18,2.829728487767252,0.6248588339388523,2.142612214591699,-0.2505920790633499,6.623567215075018,2.1846126468438976,3.1300337335591824,0.14136558562394685,0.1026524528861045,2.527235269546509,-0.38462305495481,2.509817123413086,-0.44960047786113266,0.1514601707458496,2.5136194229125977,-0.5280288948209271,0.1848429292440414,2.4009692668914795,-0.47354882747931404,0.2157813310623169,2.385293245315552,-0.4941598190133636,0.2690359950065613,-19.937340149020066,0.0
631,15.775,1.754331835495287e+18,2.922561225323773,0.6700656097530651,2.221931329750819,-0.19788359158897947,6.734058696911099,2.0293538563887954,2.7646069864975837,0.1441352472520465,0.1154298260807991,2.560431241989136,-0.338499912238317,2.527235269546509,-0.38462305495481,0.1026524528861045,2.509817123413086,-0.44960047786113266,0.1514601707458496,2.5136194229125977,-0.5280288948209271,0.1848429292440414,2.4009692668914795,-0.47354882747931404,0.2157813310623169,-20.334468048307908,0.0
632,15.8,1.754331835520287e+18,2.9412675640069708,0.675050017779169,2.286891901207954,-0.14357063175560028,6.75523956681381,1.8417106202328684,2.0065313000638825,0.15992919677056663,0.1951630860567093,2.4158523082733154,-0.1289604070653616,2.560431241989136,-0.338499912238317,0.1154298260807991,2.527235269546509,-0.38462305495481,0.1026524528861045,2.509817123413086,-0.44960047786113266,0.1514601707458496,2.5136194229125977,-0.5280288948209271,0.1848429292440414,-20.48396431263748,0.0
633,15.825000000000001,1.754331835545287e+18,2.9892222816844223,0.7081638019549215,2.3276784351165354,-0.09469591198799772,6.80091346297256,1.643992767396892,0.93773979716108,0.18644517120871906,0.2058950960636139,2.158881664276123,0.16879677084041234,2.4158523082733154,-0.1289604070653616,0.1951630860567093,2.560431241989136,-0.338499912238317,0.1154298260807991,2.527235269546509,-0.38462305495481,0.1026524528861045,2.509817123413086,-0.44960047786113266,0.1514601707458496,-20.11583800981895,0.0
634,15.850000000000001,1.754331835570287e+18,3.0491977952257607,0.7314753258646793,2.3375946727154138,-0.058035393728757594,6.867481333830275,1.4653077174657674,-0.3031004816212193,0.22046527280191947,0.2162953317165374,2.0398736000061035,0.29772107270931025,2.158881664276123,0.16879677084041234,0.2058950960636139,2.4158523082733154,-0.1289604070653616,0.1951630860567093,2.560431241989136,-0.338499912238317,0.1154298260807991,2.527235269546509,-0.38462305495481,0.1026524528861045,-19.56914015217295,0.0
635,15.875000000000002,1.754331835595287e+18,3.0800326750785327,0.7636368545305854,2.3142011788927292,-0.03878046275807193,6.874781740637726,1.3350350480018676,-1.540766054079452,0.25863427279075235,0.2636010944843292,1.9163460731506348,0.3978551057420945,2.0398736000061035,0.29772107270931025,0.2162953317165374,2.158881664276123,0.16879677084041234,0.2058950960636139,2.4158523082733154,-0.1289604070653616,0.1951630860567093,2.560431241989136,-0.338499912238317,0.1154298260807991,-18.852835657013724,0.0
636,15.9,1.754331835620287e+18,3.11754215089665,0.78692622322041,2.2598320450850093,-0.03950775713050867,6.909129141417822,1.2752054682895828,-2.5924722581889985,0.2979511348927056,0.307064950466156,1.8352882862091064,0.4245437588759029,1.9163460731506348,0.3978551057420945,0.2636010944843292,2.0398736000061035,0.29772107270931025,0.2162953317165374,2.158881664276123,0.16879677084041234,0.2058950960636139,2.4158523082733154,-0.1289604070653616,0.1951630860567093,-18.063267030076805,0.0
637,15.925,1.754331835645287e+18,3.1758963472348967,0.8231579317014814,2.1814338424136426,-0.05990901479596627,6.962564038203612,1.2944863709414565,-3.3001130149065796,0.33593118998207544,0.2923851311206817,1.8213434219360352,0.3600904204776074,1.8352882862091064,0.4245437588759029,0.307064950466156,1.9163460731506348,0.3978551057420945,0.2636010944843292,2.0398736000061035,0.29772107270931025,0.2162953317165374,2.158881664276123,0.16879677084041234,0.2058950960636139,-17.190616733242752,0.0
638,15.950000000000001,1.7543318356702868e+18,3.217960598061097,0.8439368597530894,2.0896634704453447,-0.0973791740904198,6.971510087802274,1.3860420428161,-3.5592763861915433,0.3706078434914644,0.3723110556602478,1.9203351736068728,0.16932829683847195,1.8213434219360352,0.3600904204776074,0.2923851311206817,1.8352882862091064,0.4245437588759029,0.307064950466156,1.9163460731506348,0.3978551057420945,0.2636010944843292,2.0398736000061035,0.29772107270931025,0.2162953317165374,-16.447827092115272,0.0
639,15.975000000000001,1.754331835695287e+18,3.2782786850002155,0.8942977529494822,1.997253030303742,-0.1480610951810205,7.002599853212129,1.529974722975248,-3.3390062301448227,0.400573043321325,0.4282240569591522,1.8879709243774412,0.10928210592630072,1.9203351736068728,0.16932829683847195,0.3723110556602478,1.8213434219360352,0.3600904204776074,0.2923851311206817,1.8352882862091064,0.4245437588759029,0.307064950466156,1.9163460731506348,0.3978551057420945,0.2636010944843292,-15.62476398241965,0.0
640,16.0,1.754331835720287e+18,3.3127199754695007,0.9191802788974162,1.9168527980111287,-0.20765829085460477,7.0271079092575075,1.6992606395690926,-2.687999127771253,0.42510960013183713,0.4282240569591522,1.8879709243774412,0.02888187363368755,1.8879709243774412,0.10928210592630072,0.4282240569591522,1.9203351736068728,0.16932829683847195,0.3723110556602478,1.8213434219360352,0.3600904204776074,0.2923851311206817,1.8352882862091064,0.4245437588759029,0.307064950466156,-14.962093446228987,0.0
641,16.025000000000002,1.754331835745287e+18,3.359623878537406,0.9639806912315878,1.8587944984453608,-0.27154225963919376,7.084911245713876,1.8669850521229208,-1.725625085080126,0.44428114260009455,0.4546210169792175,1.9394406080245967,-0.0806461095792359,1.8879709243774412,0.02888187363368755,0.4282240569591522,1.8879709243774412,0.10928210592630072,0.4282240569591522,1.9203351736068728,0.16932829683847195,0.3723110556602478,1.8213434219360352,0.3600904204776074,0.2923851311206817,-14.292748103820651,0.0
642,16.05,1.754331835770287e+18,3.447045635568011,1.028005369808496,1.8293086883809215,-0.3342939365685266,7.176395535303544,2.012588468367278,-0.6193073569910406,0.45880475378156427,0.4411019682884216,2.100128650665283,-0.27081996228436167,1.9394406080245967,-0.0806461095792359,0.4546210169792175,1.8879709243774412,0.02888187363368755,0.4282240569591522,1.8879709243774412,0.10928210592630072,0.4282240569591522,1.9203351736068728,0.16932829683847195,0.3723110556602478,-13.917905305124586,0.0
643,16.075,1.754331835795287e+18,3.447045635568011,1.028005369808496,1.8296146326619829,-0.38935124968363477,7.176395535303544,2.1255216724770905,0.4472894535454996,0.4696811557040173,0.4638861715793609,2.221606731414795,-0.39199209875281205,2.100128650665283,-0.27081996228436167,0.4411019682884216,1.9394406080245967,-0.0806461095792359,0.4546210169792175,1.8879709243774412,0.02888187363368755,0.4282240569591522,1.8879709243774412,0.10928210592630072,0.4282240569591522,-13.674707267319649,0.0
644,16.1,1.754331835820287e+18,3.490599186128648,1.0767843234919336,1.856046182753854,-0.42948100245999293,7.263319368616005,2.2056593017941473,1.3088001682951635,0.4777452513541312,0.4787648916244507,2.2144784927368164,-0.3584323099829625,2.221606731414795,-0.39199209875281205,0.4638861715793609,2.100128650665283,-0.27081996228436167,0.4411019682884216,1.9394406080245967,-0.0806461095792359,0.4546210169792175,1.8879709243774412,0.02888187363368755,0.4282240569591522,-13.4785539811392,0.0
645,16.125,1.754331835845287e+18,3.5171397585768123,1.1047975240620689,1.901093483869497,-0.4483423685611394,7.304162248593144,2.260710131867819,1.8483264334909213,0.48336119609484424,0.4802772104740143,2.330408096313477,-0.42931461244397995,2.2144784927368164,-0.3584323099829625,0.4787648916244507,2.221606731414795,-0.39199209875281205,0.4638861715793609,2.100128650665283,-0.27081996228436167,0.4411019682884216,1.9394406080245967,-0.0806461095792359,0.4546210169792175,-13.24067008395865,0.0
646,16.150000000000002,1.7543318358702868e+18,3.563436226240197,1.1667323140657817,1.9550353376517355,-0.44272194569845086,7.360018764509688,2.3016806416220112,2.017022763610316,0.48640210663388905,0.4803810715675354,2.3533215522766118,-0.39828621462487623,2.330408096313477,-0.42931461244397995,0.4802772104740143,2.2144784927368164,-0.3584323099829625,0.4787648916244507,2.221606731414795,-0.39199209875281205,0.4638861715793609,2.100128650665283,-0.27081996228436167,0.4411019682884216,-13.035082524838476,0.0
647,16.175,1.754331835895287e+18,3.591036697429489,1.2001115541548393,2.0077968303687497,-0.41441326577245335,7.401490697581344,2.3381000132743064,1.8391422317914234,0.4865146358801857,0.492834985256195,2.1878628730773926,-0.1800660427086429,2.3533215522766118,-0.39828621462487623,0.4803810715675354,2.330408096313477,-0.42931461244397995,0.4802772104740143,2.2144784927368164,-0.3584323099829625,0.4787648916244507,2.221606731414795,-0.39199209875281205,0.4638861715793609,-12.82778665316923,0.0
648,16.2,1.754331835920287e+18,3.590837065711176,1.2315835964548791,2.050757506396933,-0.37058830729786446,7.4583148691179995,2.374781718820072,1.4017279540373673,0.48355024105879135,0.4841498732566833,2.238107681274414,-0.18735017487748085,2.1878628730773926,-0.1800660427086429,0.492834985256195,2.3533215522766118,-0.39828621462487623,0.4803810715675354,2.330408096313477,-0.42931461244397995,0.4802772104740143,2.2144784927368164,-0.3584323099829625,0.4787648916244507,-12.882913236410289,0.0
649,16.225,1.754331835945287e+18,3.618445559194803,1.27813191882498,2.078289894320617,-0.3221987849922026,7.519250443285349,2.4111342168929677,0.8315316851999047,0.4779707841451863,0.488492876291275,2.2119011878967285,-0.13361129357611157,2.238107681274414,-0.18735017487748085,0.4841498732566833,2.1878628730773926,-0.1800660427086429,0.492834985256195,2.3533215522766118,-0.39828621462487623,0.4803810715675354,2.330408096313477,-0.42931461244397995,0.4802772104740143,-13.01004035566957,0.0
650,16.25,1.754331835970287e+18,3.660058916880839,1.3775757284577266,2.0887392870028108,-0.28110918450172756,7.664224355861863,2.4428498109299093,0.26464782027714046,0.47101616315628414,0.4852788746356964,2.1548891067504883,-0.06614981974767753,2.2119011878967285,-0.13361129357611157,0.488492876291275,2.238107681274414,-0.18735017487748085,0.4841498732566833,2.1878628730773926,-0.1800660427086429,0.492834985256195,2.3533215522766118,-0.39828621462487623,0.4803810715675354,-13.510741031461139,0.0
651,16.275000000000002,1.754331835995287e+18,3.660058916880839,1.3775757284577266,2.084506713941333,-0.2572715500365013,7.664224355861863,2.4648737749841048,-0.18394572728894018,0.46447899279207866,0.4623434841632843,2.169674873352051,-0.08516815941071787,2.1548891067504883,-0.06614981974767753,0.4852788746356964,2.2119011878967285,-0.13361129357611157,0.488492876291275,2.238107681274414,-0.18735017487748085,0.4841498732566833,2.1878628730773926,-0.1800660427086429,0.492834985256195,-14.271675712512998,0.0
652,16.3,1.754331836020287e+18,3.664046556638684,1.4256201665594077,2.0710695969094743,-0.25680911461127315,7.713433016158159,2.474218245439405,-0.4437753482548076,0.46007557865940213,0.4458999633789062,2.2038238048553467,-0.13275420794587234,2.169674873352051,-0.08516815941071787,0.4623434841632843,2.1548891067504883,-0.06614981974767753,0.4852788746356964,2.2119011878967285,-0.13361129357611157,0.488492876291275,2.238107681274414,-0.18735017487748085,0.4841498732566833,-14.98553027167138,0.0
653,16.325,1.754331836045287e+18,3.6756949280173545,1.465001353717731,2.055161631072829,-0.28113945047788724,7.766787689494026,2.4714996343927536,-0.4999139761961815,0.45859058559285754,0.451878011226654,2.167882204055786,-0.11272057298295701,2.2038238048553467,-0.13275420794587234,0.4458999633789062,2.169674873352051,-0.08516815941071787,0.4623434841632843,2.1548891067504883,-0.06614981974767753,0.4852788746356964,2.2119011878967285,-0.13361129357611157,0.488492876291275,-15.649957398963565,0.0
654,16.35,1.7543318360702868e+18,3.678127374238229,1.5309553658027146,2.042701725080142,-0.32707211486878124,7.8629398894650455,2.4608977506329803,-0.38974598018168277,0.4591079007303718,0.4679014384746551,2.1985561847686768,-0.15585445968853495,2.167882204055786,-0.11272057298295701,0.451878011226654,2.2038238048553467,-0.13275420794587234,0.4458999633789062,2.169674873352051,-0.08516815941071787,0.4623434841632843,2.1548891067504883,-0.06614981974767753,0.4852788746356964,-16.531112023656416,0.0
655,16.375,1.754331836095287e+18,3.6862919185953777,1.573418799551151,2.0371702932292957,-0.38788855442708664,7.921460860378838,2.4489555509713004,-0.18739178547622093,0.4586429403730769,0.4372431337833404,2.307018518447876,-0.2698482252185803,2.1985561847686768,-0.15585445968853495,0.4679014384746551,2.167882204055786,-0.11272057298295701,0.451878011226654,2.2038238048553467,-0.13275420794587234,0.4458999633789062,2.169674873352051,-0.08516815941071787,0.4623434841632843,-17.419928790949225,0.0
656,16.400000000000002,1.754331836120287e+18,3.697194135874411,1.62656804060995,2.038923898920655,-0.455112676758271,7.963018810354869,2.442734983605529,0.019053332738931332,0.45237413750172023,0.4350432157516479,2.329729557037353,-0.29080565811669823,2.307018518447876,-0.2698482252185803,0.4372431337833404,2.1985561847686768,-0.15585445968853495,0.4679014384746551,2.167882204055786,-0.11272057298295701,0.451878011226654,2.2038238048553467,-0.13275420794587234,0.4458999633789062,-17.91204900321187,0.0
657,16.425,1.754331836145287e+18,3.6712357696741895,1.780222021569452,2.0455487424809027,-0.5202095783798898,8.140555280058159,2.4476036902722655,0.15075283863628838,0.4344930835645774,0.4437766671180725,2.2733640670776367,-0.22781532459673404,2.329729557037353,-0.29080565811669823,0.4350432157516479,2.307018518447876,-0.2698482252185803,0.4372431337833404,2.1985561847686768,-0.15585445968853495,0.4679014384746551,2.167882204055786,-0.11272057298295701,0.451878011226654,-17.680824476984867,0.0
658,16.45,1.754331836170287e+18,3.6712357696741895,1.780222021569452,2.052973495664564,-0.5755299518568064,8.140555280058159,2.4649276161281954,0.15566151390681734,0.399478487608105,0.4437766671180725,2.2733640670776367,-0.2203905714130725,2.2733640670776367,-0.22781532459673404,0.4437766671180725,2.329729557037353,-0.29080565811669823,0.4350432157516479,2.307018518447876,-0.2698482252185803,0.4372431337833404,2.1985561847686768,-0.15585445968853495,0.4679014384746551,-17.1775894822366,0.0
659,16.475,1.754331836195287e+18,3.6712357696741895,1.780222021569452,2.056839560764596,-0.6145601445191259,8.140555280058159,2.490223824652042,0.016521839584185617,0.34340198476396594,0.4217589795589447,2.283254861831665,-0.22641530106706886,2.2733640670776367,-0.2203905714130725,0.4437766671180725,2.2733640670776367,-0.22781532459673404,0.4437766671180725,2.329729557037353,-0.29080565811669823,0.4350432157516479,2.307018518447876,-0.2698482252185803,0.4372431337833404,-16.65098524943846,0.0
660,16.5,1.754331836220287e+18,3.6583279082997424,1.8400173098092256,2.053625603902412,-0.6322071128971305,8.217909069097914,2.512541813453282,-0.25128332196249625,0.2648692651623908,0.0742792040109634,2.113433361053467,-0.05980775715105491,2.283254861831665,-0.22641530106706886,0.4217589795589447,2.2733640670776367,-0.2203905714130725,0.4437766671180725,2.2733640670776367,-0.22781532459673404,0.4437766671180725,2.329729557037353,-0.29080565811669823,0.4350432157516479,-15.873202155901769,0.0
661,16.525000000000002,1.754331836245287e+18,3.6488801841121337,1.8934735690476736,2.041213644151644,-0.6256967697949015,8.288063099375632,2.5157167972492878,-0.6096487656722298,0.16548690167148583,0.181334838271141,2.2141530513763428,-0.1729394072246988,2.113433361053467,-0.05980775715105491,0.0742792040109634,2.283254861831665,-0.22641530106706886,0.4217589795589447,2.2733640670776367,-0.2203905714130725,0.4437766671180725,2.2733640670776367,-0.22781532459673404,0.4437766671180725,-15.168179099970937,0.0
662,16.55,1.7543318362702868e+18,3.638961388946169,1.9232480448887856,2.0188622936984215,-0.595792772749799,8.311290857482028,2.4815567059225825,-1.0112470726465304,0.05002881561343197,0.181334838271141,2.2141530513763428,-0.19529075767792126,2.2141530513763428,-0.1729394072246988,0.181334838271141,2.113433361053467,-0.05980775715105491,0.0742792040109634,2.283254861831665,-0.22641530106706886,0.4217589795589447,2.2733640670776367,-0.2203905714130725,0.4437766671180725,-14.498619388345187,0.0
663,16.575,1.754331836295287e+18,3.57985393819395,2.0364237121352557,1.9867995116317716,-0.5473350756121312,8.477156351486432,2.3941372053364316,-1.4121564582193538,-0.07366591496819917,-0.1053710430860519,1.647055983543396,0.3397435280883756,2.2141530513763428,-0.19529075767792126,0.181334838271141,2.2141530513763428,-0.1729394072246988,0.181334838271141,2.113433361053467,-0.05980775715105491,0.0742792040109634,2.283254861831665,-0.22641530106706886,0.4217589795589447,-13.38368356574241,0.0
664,16.6,1.754331836320287e+18,3.57985393819395,2.0364237121352557,1.9457632104262326,-0.48828679998540186,8.477156351486432,2.2437204246493687,-1.7802424371084467,-0.1954366197372499,-0.1053710430860519,1.647055983543396,0.2987072268828366,1.647055983543396,0.3397435280883756,-0.1053710430860519,2.2141530513763428,-0.19529075767792126,0.181334838271141,2.2141530513763428,-0.1729394072246988,0.181334838271141,2.113433361053467,-0.05980775715105491,0.0742792040109634,-12.424803345204626,0.0
665,16.625,1.754331836345287e+18,3.55002490357358,2.082114360032302,1.896738998794485,-0.42740292641153593,8.529853340276555,2.028914365591698,-2.0977460572633158,-0.30455015961719173,-0.4157891273498535,1.5126875638961792,0.38405143489830573,1.647055983543396,0.2987072268828366,-0.1053710430860519,1.647055983543396,0.3397435280883756,-0.1053710430860519,2.2141530513763428,-0.19529075767792126,0.181334838271141,2.2141530513763428,-0.1729394072246988,0.181334838271141,-11.273624379000344,0.0
666,16.650000000000002,1.754331836370287e+18,3.5201063853115038,2.134984403905657,1.8409136127534662,-0.3715090539614568,8.597901794973053,1.7565150344296758,-2.3584213407920336,-0.39217239401218046,-0.4506132006645202,1.5968726873397827,0.2440409254136835,1.5126875638961792,0.38405143489830573,-0.4157891273498535,1.647055983543396,0.2987072268828366,-0.1053710430860519,1.647055983543396,0.3397435280883756,-0.1053710430860519,2.2141530513763428,-0.19529075767792126,0.181334838271141,-10.203454849887077,0.0
667,16.675,1.754331836395287e+18,3.4806122092420817,2.167042005667457,1.7796762222422797,-0.3236066032323303,8.636251366837616,1.4394484571224495,-2.5610148360988547,-0.4535823106520912,-0.4397001564502716,1.486757516860962,0.2929187053813178,1.5968726873397827,0.2440409254136835,-0.4506132006645202,1.5126875638961792,0.38405143489830573,-0.4157891273498535,1.647055983543396,0.2987072268828366,-0.1053710430860519,1.647055983543396,0.3397435280883756,-0.1053710430860519,-9.40667641134444,0.0
668,16.7,1.754331836420287e+18,3.449921638876039,2.205539409244592,1.7145446070084869,-0.2825906707269732,8.68958987403667,1.093780092460867,-2.7016651618222967,-0.4890998620689349,-0.4796380698680877,1.2138227224349976,0.5007218845734893,1.486757516860962,0.2929187053813178,-0.4397001564502716,1.5968726873397827,0.2440409254136835,-0.4506132006645202,1.5126875638961792,0.38405143489830573,-0.4157891273498535,1.647055983543396,0.2987072268828366,-0.1053710430860519,-8.696465608554059,0.0
669,16.725,1.754331836445287e+18,3.4181378931624,2.235687382172633,1.647101958136029,-0.24461713475897906,8.69546358316267,0.7357288598964098,-2.7679065605136715,-0.5033630396756384,-0.4796380698680877,1.2138227224349976,0.43327923570103155,1.2138227224349976,0.5007218845734893,-0.4796380698680877,1.486757516860962,0.2929187053813178,-0.4397001564502716,1.5968726873397827,0.2440409254136835,-0.4506132006645202,1.5126875638961792,0.38405143489830573,-0.4157891273498535,-8.47269677543434,0.0
670,16.75,1.7543318364702868e+18,3.409141254501423,2.2444995623722885,1.5791255034391982,-0.20543157268684376,8.704438332027898,0.3792772078672073,-2.7364637144161827,-0.5034190010591908,-0.4904890358448028,1.210715413093567,0.3684100903456313,1.2138227224349976,0.43327923570103155,-0.4796380698680877,1.2138227224349976,0.5007218845734893,-0.4796380698680877,1.486757516860962,0.2929187053813178,-0.4397001564502716,1.5968726873397827,0.2440409254136835,-0.4506132006645202,-8.613821467619172,0.0
671,16.775000000000002,1.754331836495287e+18,3.332174230767632,2.3115422684099136,1.5129311277609518,-0.16254909237073978,8.742184318038989,0.03466924954862847,-2.576025265351048,-0.4965184408568691,-0.4834955334663391,1.4466767311096191,0.0662543966513327,1.210715413093567,0.3684100903456313,-0.4904890358448028,1.2138227224349976,0.43327923570103155,-0.4796380698680877,1.2138227224349976,0.5007218845734893,-0.4796380698680877,1.486757516860962,0.2929187053813178,-0.4397001564502716,-9.262251755230302,0.0
672,16.8,1.754331836520287e+18,3.3183520457478743,2.3246853295221994,1.4517240869249073,-0.11626845635080421,8.748967178650638,-0.2920266006642869,-2.254830129163588,-0.4884027685530253,-0.4847708344459533,1.462671995162964,-0.010947908238056803,1.4466767311096191,0.0662543966513327,-0.4834955334663391,1.210715413093567,0.3684100903456313,-0.4904890358448028,1.2138227224349976,0.43327923570103155,-0.4796380698680877,1.2138227224349976,0.5007218845734893,-0.4796380698680877,-10.00215392755021,0.0
673,16.825,1.754331836545287e+18,3.2827424086713406,2.3462419997837287,1.399682892096071,-0.06913467340004725,8.729202500773164,-0.5982403296178619,-1.751449760584862,-0.4824871676607246,-0.4895998239517212,1.4286051988601685,-0.02892230676409735,1.462671995162964,-0.010947908238056803,-0.4847708344459533,1.4466767311096191,0.0662543966513327,-0.4834955334663391,1.210715413093567,0.3684100903456313,-0.4904890358448028,1.2138227224349976,0.43327923570103155,-0.4796380698680877,-10.869821390436137,0.0
674,16.85,1.754331836570287e+18,3.256742787804761,2.3682058598285667,1.3616413531095073,-0.024314085306440802,8.728906724043265,-0.8834698353614525,-1.0659643101882583,-0.47993061854217123,-0.4887435138225555,1.5274187326431274,-0.16577737953362015,1.4286051988601685,-0.02892230676409735,-0.4895998239517212,1.462671995162964,-0.010947908238056803,-0.4847708344459533,1.4466767311096191,0.0662543966513327,-0.4834955334663391,1.210715413093567,0.3684100903456313,-0.4904890358448028,-11.88444114772446,0.0
675,16.875,1.754331836595287e+18,3.2352016275285824,2.3906996871239645,1.3424102930444586,0.016116792644045162,8.708298059772693,-1.1479306542164411,-0.22819201195291017,-0.48029632305667064,-0.4880719184875488,1.722952365875244,-0.38054207283078534,1.5274187326431274,-0.16577737953362015,-0.4887435138225555,1.4286051988601685,-0.02892230676409735,-0.4895998239517212,1.462671995162964,-0.010947908238056803,-0.4847708344459533,1.4466767311096191,0.0662543966513327,-0.4834955334663391,-12.947719668260287,0.0
676,16.900000000000002,1.754331836620287e+18,3.205677233363962,2.4147341991182363,1.3458670777028383,0.05209272799464784,8.697319499374988,-1.3919751873298893,0.7000043718669317,-0.48240231707526143,-0.4855547547340393,1.9032424688339236,-0.5573753911310853,1.722952365875244,-0.38054207283078534,-0.4880719184875488,1.5274187326431274,-0.16577737953362015,-0.4887435138225555,1.4286051988601685,-0.02892230676409735,-0.4895998239517212,1.462671995162964,-0.010947908238056803,-0.4847708344459533,-13.090829909646127,0.0
677,16.925,1.754331836645287e+18,3.1618577715505887,2.438793100956732,1.3739742198604952,0.0854207990973219,8.640713806203953,-1.6161593271756105,1.6300322663734566,-0.485029097982247,-0.4855547547340393,1.9032424688339236,-0.5292682489734284,1.9032424688339236,-0.5573753911310853,-0.4855547547340393,1.722952365875244,-0.38054207283078534,-0.4880719184875488,1.5274187326431274,-0.16577737953362015,-0.4887435138225555,1.4286051988601685,-0.02892230676409735,-0.4895998239517212,-12.87904453052237,0.0
678,16.95,1.7543318366702868e+18,3.140800805677044,2.4706652300051823,1.425966537277683,0.11886642088437012,8.580012416372323,-1.8212686025198246,2.459290590757344,-0.4873151790860275,-0.4838742017745971,2.040703535079956,-0.614736997802273,1.9032424688339236,-0.5292682489734284,-0.4855547547340393,1.9032424688339236,-0.5573753911310853,-0.4855547547340393,1.722952365875244,-0.38054207283078534,-0.4880719184875488,1.5274187326431274,-0.16577737953362015,-0.4887435138225555,-12.60402726998456,0.0
679,16.975,1.754331836695287e+18,3.08986297284032,2.5235328160801016,1.4980224133535431,0.15497633877646713,8.537199864381979,-2.0078975160632533,3.089043715285244,-0.48884006245127587,-0.4872757792472839,2.0711007118225098,-0.5730782984689666,2.040703535079956,-0.614736997802273,-0.4838742017745971,1.9032424688339236,-0.5292682489734284,-0.4855547547340393,1.9032424688339236,-0.5573753911310853,-0.4855547547340393,1.722952365875244,-0.38054207283078534,-0.4880719184875488,-12.242040367576527,0.0
680,17.0,1.754331836720287e+18,3.061657371046108,2.551342352972066,1.5836365500931597,0.19515811131137767,8.502315850989989,-2.1758126402244846,3.443616857838932,-0.48950272881902956,-0.4870723783969879,2.1887660026550293,-0.6051294525618696,2.0711007118225098,-0.5730782984689666,-0.4872757792472839,2.040703535079956,-0.614736997802273,-0.4838742017745971,1.9032424688339236,-0.5292682489734284,-0.4855547547340393,1.9032424688339236,-0.5573753911310853,-0.4855547547340393,-11.916301489466447,0.0
681,17.025000000000002,1.754331836745287e+18,3.035757899173553,2.573551847277423,1.6746273120180828,0.23939583246201177,8.433023267054887,-2.323629854361826,3.486444669450433,-0.48933492940384654,-0.4876532852649688,2.269965648651123,-0.5953383366330403,2.1887660026550293,-0.6051294525618696,-0.4870723783969879,2.0711007118225098,-0.5730782984689666,-0.4872757792472839,2.040703535079956,-0.614736997802273,-0.4838742017745971,1.9032424688339236,-0.5292682489734284,-0.4855547547340393,-11.661933782543857,0.0
682,17.05,1.754331836770287e+18,3.0261721460976347,2.583590282096833,1.7624752414285314,0.2866357850695936,8.418797499332735,-2.449218572130987,3.229016637009773,-0.488360789464514,-0.4860236048698425,2.348388195037842,-0.5859129536093104,2.269965648651123,-0.5953383366330403,-0.4876532852649688,2.1887660026550293,-0.6051294525618696,-0.4870723783969879,2.0711007118225098,-0.5730782984689666,-0.4872757792472839,2.040703535079956,-0.614736997802273,-0.4838742017745971,-11.490965541487427,0.0
683,17.075,1.754331836795287e+18,3.0008112261949744,2.611687476488655,1.8396758916864528,0.3354869986939739,8.320679363548583,-2.5509052844304803,2.7303026073043086,-0.48655807554852454,-0.4908547699451446,2.188251495361328,-0.3485756036748753,2.348388195037842,-0.5859129536093104,-0.4860236048698425,2.269965648651123,-0.5953383366330403,-0.4876532852649688,2.1887660026550293,-0.6051294525618696,-0.4870723783969879,2.0711007118225098,-0.5730782984689666,-0.4872757792472839,-10.848873641255048,0.0
684,17.1,1.754331836820287e+18,2.949988870741524,2.7000196544244086,1.9008962904174376,0.3847609027523483,8.171860185161835,-2.6290459742792027,2.0864138049821506,-0.48391754373758655,-0.4814525544643402,2.3307881355285645,-0.4298918451111269,2.188251495361328,-0.3485756036748753,-0.4908547699451446,2.348388195037842,-0.5859129536093104,-0.4860236048698425,2.269965648651123,-0.5953383366330403,-0.4876532852649688,2.1887660026550293,-0.6051294525618696,-0.4870723783969879,-10.4316289341024,0.0
685,17.125,1.754331836845287e+18,2.949988870741524,2.7000196544244086,1.9437684782417233,0.4335379970114923,8.171860185161835,-2.6870291972786076,1.4125203450023986,-0.48055302946865325,-0.4832261800765991,2.2459428310394287,-0.30217435279770544,2.3307881355285645,-0.4298918451111269,-0.4814525544643402,2.188251495361328,-0.3485756036748753,-0.4908547699451446,2.348388195037842,-0.5859129536093104,-0.4860236048698425,2.269965648651123,-0.5953383366330403,-0.4876532852649688,-9.884572121307592,0.0
686,17.150000000000002,1.7543318368702868e+18,2.936575730588071,2.7786314796209006,1.9691485117451102,0.4806834880203928,8.076503170250614,-2.730753129907556,0.8208667657743963,-0.47679639446573274,-0.4763099253177643,2.392613410949707,-0.42346489920459685,2.2459428310394287,-0.30217435279770544,-0.4832261800765991,2.3307881355285645,-0.4298918451111269,-0.4814525544643402,2.188251495361328,-0.3485756036748753,-0.4908547699451446,2.348388195037842,-0.5859129536093104,-0.4860236048698425,-9.639106391542382,0.0
687,17.175,1.754331836895287e+18,2.936575730588071,2.7786314796209006,1.9807483174056906,0.5239959387639105,8.076503170250614,-2.7664820060919264,0.3996794220691895,-0.4732157895221768,-0.4734680354595184,2.3447742462158203,-0.36402592881012974,2.392613410949707,-0.42346489920459685,-0.4763099253177643,2.2459428310394287,-0.30217435279770544,-0.4832261800765991,2.3307881355285645,-0.4298918451111269,-0.4814525544643402,2.188251495361328,-0.3485756036748753,-0.4908547699451446,-9.250026321444114,0.0
688,17.200000000000003,1.754331836920287e+18,2.9228133410285864,2.8401312451119565,1.984223531372275,0.5595162516830644,8.004122177393047,-2.7982794519258865,0.19761398457814588,-0.4705115666472579,-0.4734680354595184,2.3447742462158203,-0.3605507148435454,2.3447742462158203,-0.36402592881012974,-0.4734680354595184,2.392613410949707,-0.42346489920459685,-0.4763099253177643,2.2459428310394287,-0.30217435279770544,-0.4832261800765991,2.3307881355285645,-0.4298918451111269,-0.4814525544643402,-9.05024806854419,0.0
689,17.225,1.754331836945287e+18,2.901903259517628,2.90025748403527,1.9859540350409532,0.5817324208648482,7.9130939137708305,-2.8267763230770107,0.21715409638779415,-0.4692639973404761,-0.4763577878475189,2.389889001846313,-0.4039349668053598,2.3447742462158203,-0.3605507148435454,-0.4734680354595184,2.3447742462158203,-0.36402592881012974,-0.4734680354595184,2.392613410949707,-0.42346489920459685,-0.4763099253177643,2.2459428310394287,-0.30217435279770544,-0.4832261800765991,-8.977358484421169,0.0
690,17.25,1.754331836970287e+18,2.8838150074668487,2.9406351337260417,1.991796209773354,0.585115495501802,7.84892088170632,-2.8501849820213567,0.4182906211269532,-0.46953656149380385,-0.4755590558052063,2.3956239223480225,-0.40382771257466854,2.389889001846313,-0.4039349668053598,-0.4763577878475189,2.3447742462158203,-0.3605507148435454,-0.4734680354595184,2.3447742462158203,-0.36402592881012974,-0.4734680354595184,2.392613410949707,-0.42346489920459685,-0.4763099253177643,-8.974530011558354,0.0
691,17.275000000000002,1.754331836995287e+18,2.8712344819226447,2.996344289007773,2.0060266986563833,0.5666089276765726,7.766616941059741,-2.8668751280825067,0.7313367906094056,-0.4703950425730835,-0.4627751410007477,2.450892686843872,-0.4448659881874888,2.3956239223480225,-0.40382771257466854,-0.4755590558052063,2.389889001846313,-0.4039349668053598,-0.4763577878475189,2.3447742462158203,-0.3605507148435454,-0.4734680354595184,2.3447742462158203,-0.36402592881012974,-0.4734680354595184,-9.329599564070826,0.0
692,17.3,1.754331837020287e+18,2.8976750261377497,3.082805314172899,2.030618963032398,0.5279358792702303,7.686604666144271,-2.877802378656396,1.0754501853476084,-0.46949108861512934,-0.4499959349632263,2.545385837554932,-0.5147668745225342,2.450892686843872,-0.4448659881874888,-0.4627751410007477,2.3956239223480225,-0.40382771257466854,-0.4755590558052063,2.389889001846313,-0.4039349668053598,-0.4763577878475189,2.3447742462158203,-0.3605507148435454,-0.4734680354595184,-10.467146989803592,0.0
693,17.325000000000003,1.754331837045287e+18,2.8946390359172485,3.1074761968307163,2.064980259436351,0.4765298262077363,7.6534520590000295,-2.887269474594543,1.3779421898077293,-0.4629359062175393,-0.4469283521175384,2.595428228378296,-0.530447968941945,2.545385837554932,-0.5147668745225342,-0.4499959349632263,2.450892686843872,-0.4448659881874888,-0.4627751410007477,2.3956239223480225,-0.40382771257466854,-0.4755590558052063,2.389889001846313,-0.4039349668053598,-0.4763577878475189,-11.8212346952897,0.0
694,17.35,1.7543318370702868e+18,2.9167976296295897,3.171577398125797,2.10629335600012,0.42453960278035946,7.557180910781194,-2.9014534100797484,1.5892432586244245,-0.4456671591829131,-0.4612747430801391,2.5395522117614746,-0.4332588557613546,2.595428228378296,-0.530447968941945,-0.4469283521175384,2.545385837554932,-0.5147668745225342,-0.4499959349632263,2.450892686843872,-0.4448659881874888,-0.4627751410007477,2.3956239223480225,-0.40382771257466854,-0.4755590558052063,-13.015862204503268,0.0
695,17.375,1.754331837095287e+18,2.9242935302305817,3.2298547070643626,2.150498138539642,0.3861354905662262,7.473413818536785,-2.9251141431751635,1.6896537210042943,-0.4123420868209814,-0.432081937789917,2.581639289855957,-0.43114115131631525,2.5395522117614746,-0.4332588557613546,-0.4612747430801391,2.595428228378296,-0.530447968941945,-0.4469283521175384,2.545385837554932,-0.5147668745225342,-0.4499959349632263,2.450892686843872,-0.4448659881874888,-0.4627751410007477,-14.222000942854669,0.0
696,17.400000000000002,1.754331837120287e+18,2.932656611805887,3.264314621199438,2.19365263521645,0.3738621188249494,7.4115695307439555,-2.957606361496226,1.6865064692523366,-0.3585581401767744,-0.3577868938446045,2.724188804626465,-0.530536169410015,2.581639289855957,-0.43114115131631525,-0.432081937789917,2.5395522117614746,-0.4332588557613546,-0.4612747430801391,2.595428228378296,-0.530447968941945,-0.4469283521175384,2.545385837554932,-0.5147668745225342,-0.4499959349632263,-15.529483449837898,0.0
697,17.425,1.754331837145287e+18,2.941711668806888,3.3161848510019944,2.2331248327093993,0.39510462559518383,7.332929823362077,-2.989723125658198,1.6033940203586194,-0.2820823989188811,-0.2655760049819946,2.731729030609131,-0.49860419789973154,2.724188804626465,-0.530536169410015,-0.3577868938446045,2.581639289855957,-0.43114115131631525,-0.432081937789917,2.5395522117614746,-0.4332588557613546,-0.4612747430801391,2.595428228378296,-0.530447968941945,-0.4469283521175384,-16.667576981231456,0.0
698,17.450000000000003,1.754331837170287e+18,2.9799659950773307,3.3724902805101773,2.268063120822277,0.4498552278051926,7.272945833537982,-3.0028935199720825,1.465660742552572,-0.18383355325535428,-0.1400354206562042,2.6560633182525635,-0.3880001974302867,2.731729030609131,-0.49860419789973154,-0.2655760049819946,2.724188804626465,-0.530536169410015,-0.3577868938446045,2.581639289855957,-0.43114115131631525,-0.432081937789917,2.5395522117614746,-0.4332588557613546,-0.4612747430801391,-17.71684274541834,0.0
699,17.475,1.754331837195287e+18,2.99880620575776,3.4267169706236813,2.298933157437967,0.5306545378272145,7.196735226553382,-2.9716757846530064,1.2874833151485732,-0.06846026865590073,-0.0854537263512611,2.6414310932159424,-0.3424979357779754,2.6560633182525635,-0.3880001974302867,-0.1400354206562042,2.731729030609131,-0.49860419789973154,-0.2655760049819946,2.724188804626465,-0.530536169410015,-0.3577868938446045,2.581639289855957,-0.43114115131631525,-0.432081937789917,-18.28168810262316,0.0
700,17.5,1.754331837220287e+18,3.0543923557063555,3.5224507605354773,2.326378268097151,0.6247491290876427,7.057865201964169,-2.8693682400439013,1.0650889647471762,0.055702534938260245,-0.1167561560869216,2.6220967769622803,-0.29571850886512907,2.6414310932159424,-0.3424979357779754,-0.0854537263512611,2.6560633182525635,-0.3880001974302867,-0.1400354206562042,2.731729030609131,-0.49860419789973154,-0.2655760049819946,2.724188804626465,-0.530536169410015,-0.3577868938446045,-18.51340617839512,0.0
701,17.525000000000002,1.754331837245287e+18,3.0543923557063555,3.5224507605354773,2.349982310799403,0.7174732998712956,7.057865201964169,-2.675240834990971,0.7782606817205533,0.17766465037777002,0.2242515236139297,2.6061151027679443,-0.25613279196854144,2.6220967769622803,-0.29571850886512907,-0.1167561560869216,2.6414310932159424,-0.3424979357779754,-0.0854537263512611,2.6560633182525635,-0.3880001974302867,-0.1400354206562042,2.731729030609131,-0.49860419789973154,-0.2655760049819946,-18.544133748231026,0.0
702,17.55,1.7543318372702868e+18,3.12032416673614,3.576886985100162,2.3675435868231665,0.795293569271059,6.967539712919891,-2.380968717358155,0.3991928788802858,0.2859836580724149,0.4040693640708923,2.297428607940674,0.07011497888249263,2.6061151027679443,-0.25613279196854144,0.2242515236139297,2.6220967769622803,-0.29571850886512907,-0.1167561560869216,2.6414310932159424,-0.3424979357779754,-0.0854537263512611,2.6560633182525635,-0.3880001974302867,-0.1400354206562042,-18.20593433000419,0.0
703,17.575000000000003,1.754331837295287e+18,3.170131935949412,3.646768068228224,2.375216870554602,0.8473933591408912,6.8548911764371745,-1.9939211114389375,-0.0947912755371349,0.371621670825235,0.4069296717643738,2.0572268962860107,0.31798997426859144,2.297428607940674,0.07011497888249263,0.4040693640708923,2.6061151027679443,-0.25613279196854144,0.2242515236139297,2.6220967769622803,-0.29571850886512907,-0.1167561560869216,2.6414310932159424,-0.3424979357779754,-0.0854537263512611,-17.295715025180307,0.0
704,17.6,1.754331837320287e+18,3.2214431650437367,3.669443517960285,2.3684603288392565,0.865853246765252,6.788978099271819,-1.53615924091025,-0.7092131910385475,0.43025529616695457,0.4069296717643738,2.0572268962860107,0.31123343255324576,2.0572268962860107,0.31798997426859144,0.4069296717643738,2.297428607940674,0.07011497888249263,0.4040693640708923,2.6061151027679443,-0.25613279196854144,0.2242515236139297,2.6220967769622803,-0.29571850886512907,-0.1167561560869216,-16.190707093750834,0.0
705,17.625,1.754331837345287e+18,3.262544529604404,3.710220342383761,2.343336312778423,0.8454092722111041,6.71392514033662,-1.0396964587217339,-1.4249551851664146,0.4629481595656644,0.4375093281269073,1.9794015884399412,0.36393472433848184,2.0572268962860107,0.31123343255324576,0.4069296717643738,2.0572268962860107,0.31798997426859144,0.4069296717643738,2.297428607940674,0.07011497888249263,0.4040693640708923,2.6061151027679443,-0.25613279196854144,0.2242515236139297,-15.114981628421566,0.0
706,17.650000000000002,1.754331837370287e+18,3.315365735093926,3.7151708609120777,2.2975970348691566,0.7837655721007858,6.734572772664467,-0.5397474377063708,-2.197195769429834,0.47497556995632206,0.4863323271274566,1.8024438619613647,0.4951531729077918,1.9794015884399412,0.36393472433848184,0.4375093281269073,2.0572268962860107,0.31123343255324576,0.4069296717643738,2.0572268962860107,0.31798997426859144,0.4069296717643738,2.297428607940674,0.07011497888249263,0.4040693640708923,-13.953740897707105,0.0
707,17.675,1.754331837395287e+18,3.37855651335091,3.747299432319205,2.231210139109778,0.682702727208068,6.713217897307516,-0.06787385685056398,-2.960352681373657,0.4734676382063994,0.4666085243225097,1.6368235349655151,0.5943866041442627,1.8024438619613647,0.4951531729077918,0.4863323271274566,1.9794015884399412,0.36393472433848184,0.4375093281269073,2.0572268962860107,0.31123343255324576,0.4069296717643738,2.0572268962860107,0.31798997426859144,0.4069296717643738,-12.584163080301606,0.0
708,17.700000000000003,1.754331837420287e+18,3.4217975908011766,3.766028574645302,2.1463367188072646,0.5493785417493423,6.728093242291224,0.3534465712886547,-3.6369811228948423,0.4648643401175037,0.4090137183666229,1.6083606481552124,0.5379760706520522,1.6368235349655151,0.5943866041442627,0.4666085243225097,1.8024438619613647,0.4951531729077918,0.4863323271274566,1.9794015884399412,0.36393472433848184,0.4375093281269073,2.0572268962860107,0.31123343255324576,0.4069296717643738,-11.327238401903758,0.0
709,17.725,1.754331837445287e+18,3.46635808137158,3.7884308633194617,2.0469895050219558,0.3967019115496121,6.7497305705862605,0.7137031158646941,-4.148094651246076,0.4530394200159878,0.4633942544460296,1.364176630973816,0.6828128740481398,1.6083606481552124,0.5379760706520522,0.4090137183666229,1.6368235349655151,0.5943866041442627,0.4666085243225097,1.8024438619613647,0.4951531729077918,0.4863323271274566,1.9794015884399412,0.36393472433848184,0.4375093281269073,-10.012209489940219,0.0
710,17.75,1.7543318374702868e+18,3.498750199101079,3.798363212020354,1.9385944720751376,0.2417178568177308,6.766133835327682,1.0140338046713822,-4.422960810216306,0.4386090474093751,0.4409761726856231,1.1804217100143433,0.7581727620607943,1.364176630973816,0.6828128740481398,0.4633942544460296,1.6083606481552124,0.5379760706520522,0.4090137183666229,1.6368235349655151,0.5943866041442627,0.4666085243225097,1.8024438619613647,0.4951531729077918,0.4863323271274566,-8.723227921866782,0.0
711,17.775000000000002,1.754331837495287e+18,3.5561308568170267,3.8259611479977536,1.827568894801835,0.10176916034160989,6.775857649929176,1.263893344546884,-4.407503237543523,0.4195033371295173,0.4217370748519897,1.2768841981887815,0.5506846966130534,1.1804217100143433,0.7581727620607943,0.4409761726856231,1.364176630973816,0.6828128740481398,0.4633942544460296,1.6083606481552124,0.5379760706520522,0.4090137183666229,1.6368235349655151,0.5943866041442627,0.4666085243225097,-7.905587361745257,0.0
712,17.8,1.754331837520287e+18,3.6081698970953378,3.853928022405015,1.7209474354703411,-0.010389619930918212,6.8046961098623235,1.4759366490350123,-4.071314192231226,0.3924406396975988,0.4034158289432525,1.3291555643081665,0.3917918711621746,1.2768841981887815,0.5506846966130534,0.4217370748519897,1.1804217100143433,0.7581727620607943,0.4409761726856231,1.364176630973816,0.6828128740481398,0.4633942544460296,1.6083606481552124,0.5379760706520522,0.4090137183666229,-7.528474323604088,0.0
713,17.825000000000003,1.754331837545287e+18,3.652457714604672,3.8757852584508,1.6260543579041038,-0.09028109739063127,6.8274596789899675,1.6609214415547031,-3.413469182429482,0.3546704091824979,0.3947221934795379,1.364234209060669,0.26182014884343485,1.3291555643081665,0.3917918711621746,0.4034158289432525,1.2768841981887815,0.5506846966130534,0.4217370748519897,1.1804217100143433,0.7581727620607943,0.4409761726856231,1.364176630973816,0.6828128740481398,0.4633942544460296,-7.323929507474247,0.0
714,17.85,1.754331837570287e+18,3.675615573236756,3.897659099396532,1.550153650076243,-0.14223946908082907,6.871472689733292,1.8241138074813799,-2.4668040581598434,0.305336670133684,0.3033181130886078,1.5193239450454712,0.03082970503077176,1.364234209060669,0.26182014884343485,0.3947221934795379,1.3291555643081665,0.3917918711621746,0.4034158289432525,1.2768841981887815,0.5506846966130534,0.4217370748519897,1.1804217100143433,0.7581727620607943,0.4409761726856231,-7.56697313309272,0.0
715,17.875,1.754331837595287e+18,3.7831299305278367,3.9563097195900654,1.4999143916625859,-0.1764221246942888,6.994886382059489,1.9637685666827065,-1.299468925222795,0.24604242140191293,0.2388663291931152,1.7548527717590332,-0.2549383800964473,1.5193239450454712,0.03082970503077176,0.3033181130886078,1.364234209060669,0.26182014884343485,0.3947221934795379,1.3291555643081665,0.3917918711621746,0.4034158289432525,1.2768841981887815,0.5506846966130534,0.4217370748519897,-8.215212675603519,0.0
716,17.900000000000002,1.754331837620287e+18,3.7831299305278367,3.9563097195900654,1.480557522966939,-0.20367470818254318,6.994886382059489,2.0714265630855375,-0.012044042503698674,0.18057554161550218,0.1257812976837158,1.971664309501648,-0.49110678653470896,1.7548527717590332,-0.2549383800964473,0.2388663291931152,1.5193239450454712,0.03082970503077176,0.3033181130886078,1.364234209060669,0.26182014884343485,0.3947221934795379,1.3291555643081665,0.3917918711621746,0.4034158289432525,-9.117399984530024,0.0
717,17.925,1.754331837645287e+18,3.8160257150830734,3.9901042815084655,1.4947703989043393,-0.23050495924738834,7.056735127238846,2.1335058503211646,1.2711775519834954,0.11410378921888113,0.1499051004648208,2.0475270748138428,-0.5527566759095035,1.971664309501648,-0.49110678653470896,0.1257812976837158,1.7548527717590332,-0.2549383800964473,0.2388663291931152,1.5193239450454712,0.03082970503077176,0.3033181130886078,1.364234209060669,0.26182014884343485,0.3947221934795379,-10.134975022610146,0.0
718,17.950000000000003,1.7543318376702868e+18,3.842128353889677,4.009165558330062,1.5417293008886348,-0.256297497755541,7.1072576033067065,2.1339436461459185,2.416829507482638,0.052246579005003846,0.078501708805561,2.04550838470459,-0.503779083815955,2.0475270748138428,-0.5527566759095035,0.1499051004648208,1.971664309501648,-0.49110678653470896,0.1257812976837158,1.7548527717590332,-0.2549383800964473,0.2388663291931152,1.5193239450454712,0.03082970503077176,0.3033181130886078,-10.992995172739038,0.0
719,17.975,1.754331837695287e+18,3.8688404636045446,4.029543598539198,1.6166509638042275,-0.27402274547073685,7.148901382485118,2.0579458562230655,3.3012017312559245,0.0002695805485330757,-0.0410115495324134,2.115832567214966,-0.49918160341073836,2.04550838470459,-0.503779083815955,0.078501708805561,2.0475270748138428,-0.5527566759095035,0.1499051004648208,1.971664309501648,-0.49110678653470896,0.1257812976837158,1.7548527717590332,-0.2549383800964473,0.2388663291931152,-11.914578434630375,0.0
720,18.0,1.754331837720287e+18,3.908800551944776,4.0719612783125525,1.7111435164130246,-0.2741995539396699,7.213268085471234,1.89667951676262,3.8294451184583362,-0.03754461660274564,-0.0367537215352058,2.2564263343811035,-0.5452828179680789,2.115832567214966,-0.49918160341073836,-0.0410115495324134,2.04550838470459,-0.503779083815955,0.078501708805561,2.0475270748138428,-0.5527566759095035,0.1499051004648208,1.971664309501648,-0.49110678653470896,0.1257812976837158,-12.799399623713647,0.0
721,18.025000000000002,1.754331837745287e+18,3.927395519755095,4.105103749950563,1.8143401926180498,-0.2502277139643807,7.26208204947176,1.6520103730886113,3.950797495557877,-0.05834561773546945,-0.0348589643836021,2.249697685241699,-0.4353574926236494,2.2564263343811035,-0.5452828179680789,-0.0367537215352058,2.115832567214966,-0.49918160341073836,-0.0410115495324134,2.04550838470459,-0.503779083815955,0.078501708805561,2.0475270748138428,-0.5527566759095035,0.1499051004648208,-13.456696944696123,0.0
722,18.05,1.754331837770287e+18,3.9531690222613056,4.1327662473016655,1.9145393663732162,-0.20241037303331036,7.3068589866631735,1.3396458914792753,3.6659735656137444,-0.06096191251695951,-0.0630059689283371,2.3648111820220947,-0.4502718156488785,2.249697685241699,-0.4353574926236494,-0.0348589643836021,2.2564263343811035,-0.5452828179680789,-0.0367537215352058,2.115832567214966,-0.49918160341073836,-0.0410115495324134,2.04550838470459,-0.503779083815955,0.078501708805561,-14.046093438206023,0.0
723,18.075000000000003,1.754331837795287e+18,3.9657355303780175,4.166233653887532,2.0009603398916784,-0.13870994273156875,7.3520827887711855,0.9889461845955756,3.024832678795785,-0.04594564655753562,-0.0518586114048957,2.443051815032959,-0.44209147514128055,2.3648111820220947,-0.4502718156488785,-0.0630059689283371,2.249697685241699,-0.4353574926236494,-0.0348589643836021,2.2564263343811035,-0.5452828179680789,-0.0367537215352058,2.115832567214966,-0.49918160341073836,-0.0410115495324134,-14.578991560746385,0.0
724,18.1,1.754331837820287e+18,3.987614287885584,4.214169030647799,2.0652431820513333,-0.07208346160817833,7.37683462890354,0.6387020776548961,2.1151632109704823,-0.015430309579781261,-0.0518586114048957,2.443051815032959,-0.3778086329816257,2.443051815032959,-0.44209147514128055,-0.0518586114048957,2.3648111820220947,-0.4502718156488785,-0.0630059689283371,2.249697685241699,-0.4353574926236494,-0.0348589643836021,2.2564263343811035,-0.5452828179680789,-0.0367537215352058,-14.570359528591823,0.0
725,18.125,1.754331837845287e+18,4.006869411664557,4.2457735748838825,2.1023956586481973,-0.0159230916142235,7.407530023781074,0.3299784876316576,1.0459459315797646,0.02721476792847949,0.0694312378764152,2.1244914531707764,-0.022095794522579038,2.443051815032959,-0.3778086329816257,-0.0518586114048957,2.443051815032959,-0.44209147514128055,-0.0518586114048957,2.3648111820220947,-0.4502718156488785,-0.0630059689283371,2.249697685241699,-0.4353574926236494,-0.0348589643836021,-14.116489155123501,0.0
726,18.150000000000002,1.7543318378702868e+18,4.023400211548135,4.277417041197697,2.1110084483307343,0.020263706395105222,7.399968225414008,0.09834003530715422,-0.07014787296432436,0.07793339874120019,0.0736589357256889,1.9791076183319087,0.13190082999882558,2.1244914531707764,-0.022095794522579038,0.0694312378764152,2.443051815032959,-0.3778086329816257,-0.0518586114048957,2.443051815032959,-0.44209147514128055,-0.0518586114048957,2.3648111820220947,-0.4502718156488785,-0.0630059689283371,-13.490428506111313,0.0
727,18.175,1.754331837895287e+18,4.056473212355611,4.338173201456733,2.092749150386384,0.03332190235225328,7.4319605513302855,-0.03236678349122179,-1.1305429953213437,0.13263240075215765,0.1021815091371536,1.9292614459991453,0.16348770438723892,1.9791076183319087,0.13190082999882558,0.0736589357256889,2.1244914531707764,-0.022095794522579038,0.0694312378764152,2.443051815032959,-0.3778086329816257,-0.0518586114048957,2.443051815032959,-0.44209147514128055,-0.0518586114048957,-12.853391974244762,0.0
728,18.200000000000003,1.754331837920287e+18,4.079026448668288,4.4013926892156,2.05137449716642,0.0264791906600053,7.415055464070115,-0.05332369267433134,-2.0502088991796033,0.18774314353924595,0.2395245432853698,1.826026201248169,0.22534829591825112,1.9292614459991453,0.16348770438723892,0.1021815091371536,1.9791076183319087,0.13190082999882558,0.0736589357256889,2.1244914531707764,-0.022095794522579038,0.0694312378764152,2.443051815032959,-0.3778086329816257,-0.0518586114048957,-12.100014783505582,0.0
729,18.225,1.754331837945287e+18,4.103155380393282,4.4430518044577285,1.9916749620200154,0.007253227547147463,7.399570840441159,0.02945249296810435,-2.7628698358712995,0.24051716443457447,0.2547230720520019,1.7012180089950562,0.2904569530249592,1.826026201248169,0.22534829591825112,0.2395245432853698,1.9292614459991453,0.16348770438723892,0.1021815091371536,1.9791076183319087,0.13190082999882558,0.0736589357256889,2.1244914531707764,-0.022095794522579038,0.0694312378764152,-11.35995735261949,0.0
730,18.25,1.754331837970287e+18,4.123927251132868,4.474123436363382,1.9187782874479111,-0.015868579691917795,7.390337391801838,0.1985277151393607,-3.218559643560804,0.28897800516155536,0.2382424622774124,1.681646704673767,0.23713158277414403,1.7012180089950562,0.2904569530249592,0.2547230720520019,1.826026201248169,0.22534829591825112,0.2395245432853698,1.9292614459991453,0.16348770438723892,0.1021815091371536,1.9791076183319087,0.13190082999882558,0.0736589357256889,-10.738202714890537,0.0
731,18.275000000000002,1.754331837995287e+18,4.150539689288514,4.525757924878996,1.8380356834958356,-0.03673745150359221,7.3929559891638466,0.43029732672034915,-3.381295839284885,0.33162446895610337,0.3192254304885864,1.5888198614120483,0.24921582208378723,1.681646704673767,0.23713158277414403,0.2382424622774124,1.7012180089950562,0.2904569530249592,0.2547230720520019,1.826026201248169,0.22534829591825112,0.2395245432853698,1.9292614459991453,0.16348770438723892,0.1021815091371536,-10.150486980568433,0.0
732,18.3,1.754331838020287e+18,4.168615297466426,4.561672589936517,1.7553785650813793,-0.05357801009004068,7.394879713619058,0.699973171794169,-3.230003288076839,0.36715169278540827,0.3684458434581756,1.6280148029327393,0.1273637621486401,1.5888198614120483,0.24921582208378723,0.3192254304885864,1.681646704673767,0.23713158277414403,0.2382424622774124,1.7012180089950562,0.2904569530249592,0.2547230720520019,1.826026201248169,0.22534829591825112,0.2395245432853698,-9.89416281135443,0.0
733,18.325000000000003,1.754331838045287e+18,4.191680703195098,4.61856660984424,1.6777394065348081,-0.06900472965300249,7.419365472968394,0.9846737558283323,-2.7635857690841164,0.39444374918950503,0.420812577009201,1.6341960430145264,0.043543363520281764,1.6280148029327393,0.1273637621486401,0.3684458434581756,1.5888198614120483,0.24921582208378723,0.3192254304885864,1.681646704673767,0.23713158277414403,0.2382424622774124,1.7012180089950562,0.2904569530249592,0.2547230720520019,-10.01941621867456,0.0
734,18.35,1.7543318380702868e+18,4.217158579338963,4.668263407441742,1.6130310708770843,-0.08820862004842897,7.435303202241893,1.264412356669134,-2.008212142390038,0.4128442801144429,0.4239245057106018,1.8602302074432373,-0.247199136566153,1.6341960430145264,0.043543363520281764,0.420812577009201,1.6280148029327393,0.1273637621486401,0.3684458434581756,1.5888198614120483,0.24921582208378723,0.3192254304885864,1.681646704673767,0.23713158277414403,0.2382424622774124,-10.564336427950023,0.0
735,18.375,1.754331838095287e+18,4.247055603703025,4.70923662696391,1.5693575164580953,-0.11630116053567396,7.461862201926868,1.5221328963999954,-1.0227794294726855,0.4224599047457255,0.4239245057106018,1.8602302074432373,-0.290872690985142,1.8602302074432373,-0.247199136566153,0.4239245057106018,1.6341960430145264,0.043543363520281764,0.420812577009201,1.6280148029327393,0.1273637621486401,0.3684458434581756,1.5888198614120483,0.24921582208378723,0.3192254304885864,-11.253064224677262,0.0
736,18.400000000000002,1.754331838120287e+18,4.271433713182556,4.757423968833464,1.553534120027164,-0.15598432371099885,7.488385540193403,1.7441979875458447,0.1017902152886664,0.4242413541913017,0.4057440459728241,2.250486373901367,-0.6969522538742032,1.8602302074432373,-0.290872690985142,0.4239245057106018,1.8602302074432373,-0.247199136566153,0.4239245057106018,1.6341960430145264,0.043543363520281764,0.420812577009201,1.6280148029327393,0.1273637621486401,0.3684458434581756,-12.374560237427367,0.0
737,18.425,1.754331838145287e+18,4.304089202053746,4.837222738767408,1.5694084356378353,-0.20627898251430668,7.571637584213758,1.9218320066456709,1.251967687503725,0.41979580608352385,0.4054055213928222,2.266761302947998,-0.6973528673101628,2.250486373901367,-0.6969522538742032,0.4057440459728241,1.8602302074432373,-0.290872690985142,0.4239245057106018,1.8602302074432373,-0.247199136566153,0.4239245057106018,1.6341960430145264,0.043543363520281764,0.420812577009201,-13.432003525215137,0.0
738,18.450000000000003,1.754331838170287e+18,4.304089202053746,4.837222738767408,1.6166655140888664,-0.2624163917533281,7.571637584213758,2.052786037099016,2.309059243854549,0.41108228402734226,0.4205720722675323,2.337383270263672,-0.7207177561748055,2.266761302947998,-0.6973528673101628,0.4054055213928222,2.250486373901367,-0.6969522538742032,0.4057440459728241,1.8602302074432373,-0.290872690985142,0.4239245057106018,1.8602302074432373,-0.247199136566153,0.4239245057106018,-14.322049578228416,0.0
739,18.475,1.754331838195287e+18,4.311757631581082,4.876438104117694,1.690699689862381,-0.316656045456241,7.6529182951026495,2.141848545043752,3.1706406607259763,0.40015650282419274,0.4205720722675323,2.337383270263672,-0.6466835804012909,2.337383270263672,-0.7207177561748055,0.4205720722675323,2.266761302947998,-0.6973528673101628,0.4054055213928222,2.250486373901367,-0.6969522538742032,0.4057440459728241,1.8602302074432373,-0.290872690985142,0.4239245057106018,-15.078015264556006,0.0
740,18.5,1.754331838220287e+18,4.320195398932332,4.922804798861657,1.7837501198262948,-0.35985339943695277,7.710954948994734,2.1992389412367017,3.76994691728054,0.3889974901195516,0.3770232796669006,2.378716468811035,-0.5949663489847403,2.337383270263672,-0.6466835804012909,0.4205720722675323,2.337383270263672,-0.7207177561748055,0.4205720722675323,2.266761302947998,-0.6973528673101628,0.4054055213928222,2.250486373901367,-0.6969522538742032,0.4057440459728241,-15.701863487174434,0.0
741,18.525000000000002,1.754331838245287e+18,4.337172847315159,4.987263711400255,1.8869223631755996,-0.3837388000529479,7.799104207647168,2.237171397619222,4.087393633548162,0.3793394866013467,0.3831576704978943,2.6952455043792725,-0.8083231412036729,2.378716468811035,-0.5949663489847403,0.3770232796669006,2.337383270263672,-0.6466835804012909,0.4205720722675323,2.337383270263672,-0.7207177561748055,0.4205720722675323,2.266761302947998,-0.6973528673101628,0.4054055213928222,-16.42954051879887,0.0
742,18.55,1.7543318382702868e+18,4.337172847315159,4.987263711400255,1.9922651633085862,-0.3836917976816558,7.799104207647168,2.2661476535621445,4.150768483729535,0.3724570377989979,0.3671219646930694,2.832903385162353,-0.8406382218537669,2.6952455043792725,-0.8083231412036729,0.3831576704978943,2.378716468811035,-0.5949663489847403,0.3770232796669006,2.337383270263672,-0.6466835804012909,0.4205720722675323,2.337383270263672,-0.7207177561748055,0.4205720722675323,-16.99935877836828,0.0
743,18.575000000000003,1.754331838295287e+18,4.33703814746534,5.06520891466156,2.0941230069730588,-0.36129678429399315,7.867837622843869,2.2928416205064392,4.024193350379104,0.36895093310688987,0.3671219646930694,2.832903385162353,-0.7387803781892943,2.832903385162353,-0.8406382218537669,0.3671219646930694,2.6952455043792725,-0.8083231412036729,0.3831576704978943,2.378716468811035,-0.5949663489847403,0.3770232796669006,2.337383270263672,-0.6466835804012909,0.4205720722675323,-17.34614705780476,0.0
744,18.6,1.754331838320287e+18,4.344137887417712,5.1180404910002615,2.1895173247941018,-0.3255720764264508,7.9268898250710205,2.3203250757439697,3.789355946776187,0.36864272376352697,0.365274578332901,2.9885058403015137,-0.7989885155074119,2.832903385162353,-0.7387803781892943,0.3671219646930694,2.832903385162353,-0.8406382218537669,0.3671219646930694,2.6952455043792725,-0.8083231412036729,0.3831576704978943,2.378716468811035,-0.5949663489847403,0.3770232796669006,-17.78670326332921,0.0
745,18.625,1.754331838345287e+18,4.33333313527473,5.169414547292045,2.2778201570709053,-0.29190739358219964,8.001393744141863,2.3496263186058672,3.5245666623781946,0.3706666157626497,0.365274578332901,2.9885058403015137,-0.7106856832306083,2.9885058403015137,-0.7989885155074119,0.365274578332901,2.832903385162353,-0.7387803781892943,0.3671219646930694,2.832903385162353,-0.8406382218537669,0.3671219646930694,2.6952455043792725,-0.8083231412036729,0.3831576704978943,-18.068074334115835,0.0
746,18.650000000000002,1.754331838370287e+18,4.334321073510906,5.192046691914705,2.360077279204827,-0.2784646289353515,8.028202523700728,2.380807951205132,3.287361570901666,0.3737778819523277,0.3750539124011993,2.969825267791748,-0.6097479885869213,2.9885058403015137,-0.7106856832306083,0.365274578332901,2.9885058403015137,-0.7989885155074119,0.365274578332901,2.832903385162353,-0.7387803781892943,0.3671219646930694,2.832903385162353,-0.8406382218537669,0.3671219646930694,-18.27953610807788,0.0
747,18.675,1.754331838395287e+18,4.328275682049221,5.260312601511711,2.438156230911834,-0.30077098636119404,8.113768852362302,2.41263038082792,3.104819374797787,0.37680811860557295,0.3864680826663971,3.098271369934082,-0.6601151390222482,2.969825267791748,-0.6097479885869213,0.3750539124011993,2.9885058403015137,-0.7106856832306083,0.365274578332901,2.9885058403015137,-0.7989885155074119,0.365274578332901,2.832903385162353,-0.7387803781892943,0.3671219646930694,-18.759585204391488,0.0
748,18.700000000000003,1.754331838420287e+18,4.325462497840805,5.304899301730286,2.5138177395665915,-0.36607468630116924,8.165520938307512,2.441492466838453,2.9731877223554046,0.3791166595892117,0.3849238157272339,3.199852228164673,-0.6860344885980814,3.098271369934082,-0.6601151390222482,0.3864680826663971,2.969825267791748,-0.6097479885869213,0.3750539124011993,2.9885058403015137,-0.7106856832306083,0.365274578332901,2.9885058403015137,-0.7989885155074119,0.365274578332901,-19.258269518112087,0.0
749,18.725,1.754331838445287e+18,4.300539823037411,5.377466827325576,2.5879244257455674,-0.469485857746466,8.22627756887089,2.461257433661385,2.865717962703774,0.3808547070009691,0.3849238157272339,3.199852228164673,-0.6119278024191055,3.199852228164673,-0.6860344885980814,0.3849238157272339,3.098271369934082,-0.6601151390222482,0.3864680826663971,2.969825267791748,-0.6097479885869213,0.3750539124011993,2.9885058403015137,-0.7106856832306083,0.365274578332901,-19.73658602695508,0.0
750,18.75,1.7543318384702868e+18,4.2636754109765125,5.536229190118648,2.660070626975744,-0.5937652086841971,8.355788955569793,2.465086001366678,2.7455727716943943,0.382909177877861,0.3797487914562225,3.3277571201324463,-0.6676864931567024,3.199852228164673,-0.6119278024191055,0.3849238157272339,3.199852228164673,-0.6860344885980814,0.3849238157272339,3.098271369934082,-0.6601151390222482,0.3864680826663971,2.969825267791748,-0.6097479885869213,0.3750539124011993,-20.338122700364107,0.0
751,18.775000000000002,1.754331838495287e+18,4.2636754109765125,5.536229190118648,2.728762864231806,-0.7135660697997595,8.355788955569793,2.4488340151206316,2.5797690392707495,0.3865153450873558,0.387481153011322,3.419674873352051,-0.690912009120245,3.3277571201324463,-0.6676864931567024,0.3797487914562225,3.199852228164673,-0.6119278024191055,0.3849238157272339,3.199852228164673,-0.6860344885980814,0.3849238157272339,3.098271369934082,-0.6601151390222482,0.3864680826663971,-20.943866550073633,0.0
752,18.8,1.754331838520287e+18,4.233179178488768,5.640951931042412,2.7920082772616026,-0.8030631159506331,8.466444270248484,2.414097040515387,2.350418320116708,0.3926613404845174,0.387481153011322,3.419674873352051,-0.6276665960904482,3.419674873352051,-0.690912009120245,0.387481153011322,3.3277571201324463,-0.6676864931567024,0.3797487914562225,3.199852228164673,-0.6119278024191055,0.3849238157272339,3.199852228164673,-0.6860344885980814,0.3849238157272339,-21.43877893821821,0.0
753,18.825000000000003,1.754331838545287e+18,4.233179178488768,5.640951931042412,2.8480031512179385,-0.8441275893901571,8.466444270248484,2.3688225808537378,2.06073492843488,0.40149323877331583,0.3970189094543457,3.371898651123047,-0.5238954999051084,3.419674873352051,-0.6276665960904482,0.387481153011322,3.419674873352051,-0.690912009120245,0.387481153011322,3.3277571201324463,-0.6676864931567024,0.3797487914562225,3.199852228164673,-0.6119278024191055,0.3849238157272339,-21.84995386514036,0.0
754,18.85,1.754331838570287e+18,4.146263494226455,5.728990367850764,2.895646205234639,-0.8317678188878976,8.563191052677453,2.3247205700083504,1.7348928762637081,0.4119435313015821,0.4043287932872772,3.433685302734375,-0.5380390974997362,3.371898651123047,-0.5238954999051084,0.3970189094543457,3.419674873352051,-0.6276665960904482,0.387481153011322,3.419674873352051,-0.690912009120245,0.387481153011322,3.3277571201324463,-0.6676864931567024,0.3797487914562225,-22.23213850295156,0.0
755,18.875,1.754331838595287e+18,4.13355875049878,5.7500630235355,2.9347618493359984,-0.7748656341452012,8.586065302476225,2.2925243832418287,1.4123266543237722,0.4217520052501996,0.4043287932872772,3.433685302734375,-0.4989234533983766,3.433685302734375,-0.5380390974997362,0.4043287932872772,3.371898651123047,-0.5238954999051084,0.3970189094543457,3.419674873352051,-0.6276665960904482,0.387481153011322,3.419674873352051,-0.690912009120245,0.387481153011322,-22.46121373113136,0.0
756,18.900000000000002,1.754331838620287e+18,4.092082880579096,5.799391245383471,2.9660923621391464,-0.6924485570529214,8.625856844666053,2.2773401734964236,1.1381696546697964,0.4279319217109833,0.4549785852432251,3.296032428741455,-0.3299400666023087,3.433685302734375,-0.4989234533983766,0.4043287932872772,3.433685302734375,-0.5380390974997362,0.4043287932872772,3.371898651123047,-0.5238954999051084,0.3970189094543457,3.419674873352051,-0.6276665960904482,0.387481153011322,-22.50034813961697,0.0
757,18.925,1.754331838645287e+18,4.044451932470663,5.862708329646131,2.991204705881332,-0.6074380926996471,8.695166748123423,2.2762547296750557,0.9521287366419621,0.42757359311348253,0.4285690188407898,3.4270782470703125,-0.4358735411889807,3.296032428741455,-0.3299400666023087,0.4549785852432251,3.433685302734375,-0.4989234533983766,0.4043287932872772,3.433685302734375,-0.5380390974997362,0.4043287932872772,3.371898651123047,-0.5238954999051084,0.3970189094543457,-22.708406356209213,0.0
758,18.950000000000003,1.7543318386702868e+18,4.001729792983097,5.924254154443685,3.012401560055585,-0.5402764804492008,8.736266564077434,2.279213193765551,0.8782784245694965,0.41873586069396895,0.4133718907833099,3.461815357208252,-0.4494137971526668,3.4270782470703125,-0.4358735411889807,0.4285690188407898,3.296032428741455,-0.3299400666023087,0.4549785852432251,3.433685302734375,-0.4989234533983766,0.4043287932872772,3.433685302734375,-0.5380390974997362,0.4043287932872772,-22.93742958194881,0.0
759,18.975,1.754331838695287e+18,3.938415337320725,5.981534678703912,3.0325747080297263,-0.5043446134480878,8.799455165736727,2.272711067349818,0.918099698065988,0.4011363312000086,0.3942590951919555,3.5191218852996826,-0.48654717726995633,3.461815357208252,-0.4494137971526668,0.4133718907833099,3.4270782470703125,-0.4358735411889807,0.4285690188407898,3.296032428741455,-0.3299400666023087,0.4549785852432251,3.433685302734375,-0.4989234533983766,0.4043287932872772,-23.197561458151696,0.0
760,19.0,1.754331838720287e+18,3.867669886014962,6.051592263070453,3.054836920892058,-0.5041459940500568,8.877087722734469,2.244837030566233,1.0485665967067965,0.37641688224165387,0.3909821510314941,3.517750740051269,-0.46291381915921104,3.5191218852996826,-0.48654717726995633,0.3942590951919555,3.461815357208252,-0.4494137971526668,0.4133718907833099,3.4270782470703125,-0.4358735411889807,0.4285690188407898,3.296032428741455,-0.3299400666023087,0.4549785852432251,-23.600667520159853,0.0
761,19.025000000000002,1.754331838745287e+18,3.820833366350159,6.082423807243701,3.0818385367608228,-0.5361080801930499,8.915517634761347,2.1898952406995065,1.2261221234748787,0.3478473050025015,0.3884049654006958,3.549285411834717,-0.46744687507389404,3.517750740051269,-0.46291381915921104,0.3909821510314941,3.5191218852996826,-0.48654717726995633,0.3942590951919555,3.461815357208252,-0.4494137971526668,0.4133718907833099,3.4270782470703125,-0.4358735411889807,0.4285690188407898,-23.89517498800905,0.0
762,19.05,1.754331838770287e+18,3.764236916093804,6.1283910584892505,3.1149055039872797,-0.5909332307617216,8.970363534656215,2.1111060079271287,1.396003118269158,0.3194088486553577,0.3167768716812134,3.5513691902160645,-0.43646368622878473,3.549285411834717,-0.46744687507389404,0.3884049654006958,3.517750740051269,-0.46291381915921104,0.3909821510314941,3.5191218852996826,-0.48654717726995633,0.3942590951919555,3.461815357208252,-0.4494137971526668,0.4133718907833099,-24.13634791655991,0.0
763,19.075000000000003,1.754331838795287e+18,3.6960357401870594,6.155506762919687,3.153374050928613,-0.6562493989008272,9.009997863470728,2.0205649102148278,1.504835523687836,0.2943652125512792,0.2536483108997345,3.6479787826538086,-0.4946047317251958,3.5513691902160645,-0.43646368622878473,0.3167768716812134,3.549285411834717,-0.46744687507389404,0.3884049654006958,3.517750740051269,-0.46291381915921104,0.3909821510314941,3.5191218852996826,-0.48654717726995633,0.3942590951919555,-24.970696176373483,0.0
764,19.1,1.754331838820287e+18,3.5883996320955607,6.226926929176404,3.19453886641403,-0.7189220063361114,9.10345622847803,1.936458593480538,1.5132335725439547,0.27372363057488763,0.2581813037395477,3.649823904037476,-0.4552850376234461,3.6479787826538086,-0.4946047317251958,0.2536483108997345,3.5513691902160645,-0.43646368622878473,0.3167768716812134,3.549285411834717,-0.46744687507389404,0.3884049654006958,3.517750740051269,-0.46291381915921104,0.3909821510314941,-25.724688440879767,0.0
765,19.125,1.754331838845287e+18,3.4876774671469315,6.2685702768708005,3.234379375195569,-0.7671182641608828,9.169755773388001,1.8781102721726168,1.4048489409677367,0.25523368519638284,0.2189996540546417,3.657119274139404,-0.4227398989438349,3.649823904037476,-0.4552850376234461,0.2581813037395477,3.6479787826538086,-0.4946047317251958,0.2536483108997345,3.5513691902160645,-0.43646368622878473,0.3167768716812134,3.549285411834717,-0.46744687507389404,0.3884049654006958,-26.53147977472191,0.0
766,19.150000000000002,1.7543318388702868e+18,3.401704920191573,6.2898342077829135,3.2688125749835333,-0.792323149186935,9.225675020512229,1.8597055710363897,1.1892156674394037,0.23350357846329048,0.2575986683368683,3.567071914672852,-0.2982593396893187,3.657119274139404,-0.4227398989438349,0.2189996540546417,3.649823904037476,-0.4552850376234461,0.2581813037395477,3.6479787826538086,-0.4946047317251958,0.2536483108997345,3.5513691902160645,-0.43646368622878473,0.3167768716812134,-27.073780039824907,0.0
767,19.175,1.754331838895287e+18,3.401704920191573,6.2898342077829135,3.2949208100576737,-0.7910577392680335,9.225675020512229,1.883949110230013,0.8976244783615208,0.2013870994098833,0.2126705795526504,3.569798707962036,-0.27487789790436246,3.567071914672852,-0.2982593396893187,0.2575986683368683,3.657119274139404,-0.4227398989438349,0.2189996540546417,3.649823904037476,-0.4552850376234461,0.2581813037395477,3.6479787826538086,-0.4946047317251958,0.2536483108997345,-27.64157664311059,0.0
768,19.200000000000003,1.754331838920287e+18,3.310239931410507,6.311053228976881,3.311622666609043,-0.7657652491137139,9.291302684308484,1.9375781885720431,0.5734736719781656,0.15224955929242162,0.1322524696588516,3.418903350830078,-0.1072806842210352,3.569798707962036,-0.27487789790436246,0.2126705795526504,3.567071914672852,-0.2982593396893187,0.2575986683368683,3.657119274139404,-0.4227398989438349,0.2189996540546417,3.649823904037476,-0.4552850376234461,0.2581813037395477,-28.249579211905115,0.0
769,19.225,1.754331838945287e+18,3.224383870237718,6.337490685821569,3.3195749597417548,-0.724552819518037,9.333756369864929,1.9909284715577504,0.260241303404318,0.08235175288151472,0.1322524696588516,3.418903350830078,-0.09932839108832336,3.418903350830078,-0.1072806842210352,0.1322524696588516,3.569798707962036,-0.27487789790436246,0.2126705795526504,3.567071914672852,-0.2982593396893187,0.2575986683368683,3.657119274139404,-0.4227398989438349,0.2189996540546417,-28.782186838694468,0.0
770,19.25,1.754331838970287e+18,3.139856483900748,6.35781946968669,3.320497773533391,-0.6798191364532417,9.380885734658808,2.0028746865948475,-0.009221322751625183,-0.007480226592888303,0.0539583675563335,3.4917151927948,-0.17121741926140865,3.418903350830078,-0.09932839108832336,0.1322524696588516,3.418903350830078,-0.1072806842210352,0.1322524696588516,3.569798707962036,-0.27487789790436246,0.2126705795526504,3.567071914672852,-0.2982593396893187,0.2575986683368683,-29.32181434830151,0.0
771,19.275000000000002,1.754331838995287e+18,3.066229825990809,6.370713452432478,3.3163450335217886,-0.645880666714926,9.427359138737197,1.9307013651202949,-0.21909131819873556,-0.11152258565996322,-0.1583008766174316,3.4427030086517334,-0.12635797512994484,3.4917151927948,-0.17121741926140865,0.0539583675563335,3.418903350830078,-0.09932839108832336,0.1322524696588516,3.418903350830078,-0.1072806842210352,0.1322524696588516,3.569798707962036,-0.27487789790436246,0.2126705795526504,-29.514426720082785,0.0
772,19.3,1.754331839020287e+18,2.9152351064591784,6.374712860602705,3.308692117802579,-0.6357371261728535,9.517925110591456,1.7425972535704255,-0.37128949309041775,-0.22031550651633813,-0.2060243040323257,3.279289484024048,0.02940263377853114,3.4427030086517334,-0.12635797512994484,-0.1583008766174316,3.4917151927948,-0.17121741926140865,0.0539583675563335,3.418903350830078,-0.09932839108832336,0.1322524696588516,3.418903350830078,-0.1072806842210352,0.1322524696588516,-29.4740761780662,0.0
773,19.325000000000003,1.754331839045287e+18,2.9152351064591784,6.374712860602705,3.2984903213048473,-0.657454382513603,9.517925110591456,1.428959165906376,-0.48094566063192634,-0.32285476074154024,-0.416203498840332,3.35174298286438,-0.053252661559532566,3.279289484024048,0.02940263377853114,-0.2060243040323257,3.4427030086517334,-0.12635797512994484,-0.1583008766174316,3.4917151927948,-0.17121741926140865,0.0539583675563335,3.418903350830078,-0.09932839108832336,0.1322524696588516,-29.498406532861633,0.0
774,19.35,1.7543318390702868e+18,2.7685757170041434,6.373660594263456,3.2861324958394023,-0.7111653275408546,9.593209506254329,1.0079573327038218,-0.5684610699647066,-0.4088924637896898,-0.416203498840332,3.35174298286438,-0.06561048702497763,3.35174298286438,-0.053252661559532566,-0.416203498840332,3.279289484024048,0.02940263377853114,-0.2060243040323257,3.4427030086517334,-0.12635797512994484,-0.1583008766174316,3.4917151927948,-0.17121741926140865,0.0539583675563335,-29.39823964035299,0.0
775,19.375,1.754331839095287e+18,2.6930356564877416,6.358302164522537,3.2716777596695916,-0.7879012467584358,9.64344010625349,0.5218935594287489,-0.6506831885123762,-0.47047956944726177,-0.4429771304130554,3.3114051818847656,-0.039727422215174,3.35174298286438,-0.06561048702497763,-0.416203498840332,3.35174298286438,-0.053252661559532566,-0.416203498840332,3.279289484024048,0.02940263377853114,-0.2060243040323257,3.4427030086517334,-0.12635797512994484,-0.1583008766174316,-29.05742498973738,0.0
776,19.400000000000002,1.754331839120287e+18,2.507503167660044,6.34455831443983,3.255094031370836,-0.8710299712668823,9.753319977334117,0.02447573064446669,-0.7336354712773879,-0.5024631368256621,-0.4429771304130554,3.3114051818847656,-0.056311150513929764,3.3114051818847656,-0.039727422215174,-0.4429771304130554,3.35174298286438,-0.06561048702497763,-0.416203498840332,3.35174298286438,-0.053252661559532566,-0.416203498840332,3.279289484024048,0.02940263377853114,-0.2060243040323257,-28.556360749120223,0.0
777,19.425,1.754331839145287e+18,2.507503167660044,6.34455831443983,3.2364632317600956,-0.9400143325467515,9.753319977334117,-0.4361361163062695,-0.8086507340934562,-0.5023519291951858,-0.4755891561508178,3.204608201980591,0.03185502977950483,3.3114051818847656,-0.056311150513929764,-0.4429771304130554,3.3114051818847656,-0.039727422215174,-0.4429771304130554,3.35174298286438,-0.06561048702497763,-0.416203498840332,3.35174298286438,-0.053252661559532566,-0.416203498840332,-27.99523747036729,0.0
778,19.450000000000003,1.754331839170287e+18,2.507503167660044,6.34455831443983,3.2161828476926133,-0.9750229850884752,9.753319977334117,-0.8310094365552466,-0.8529002615446467,-0.4702433750488073,-0.4878749847412109,3.265347480773926,-0.04916463308131247,3.204608201980591,0.03185502977950483,-0.4755891561508178,3.3114051818847656,-0.056311150513929764,-0.4429771304130554,3.3114051818847656,-0.039727422215174,-0.4429771304130554,3.35174298286438,-0.06561048702497763,-0.416203498840332,-27.42966510564633,0.0
779,19.475,1.754331839195287e+18,2.361096990524123,6.290834256681448,3.1951987872189895,-0.960574486141082,9.69627967981894,-1.15505536647817,-0.8343718162143091,-0.40914847518713965,-0.4488416016101837,3.422457456588745,-0.22725866936975558,3.265347480773926,-0.04916463308131247,-0.4878749847412109,3.204608201980591,0.03185502977950483,-0.4755891561508178,3.3114051818847656,-0.056311150513929764,-0.4429771304130554,3.3114051818847656,-0.039727422215174,-0.4429771304130554,-27.08384547654712,0.0
780,19.5,1.754331839220287e+18,2.361096990524123,6.290834256681448,3.1752177404158703,-0.8873644238290745,9.69627967981894,-1.4217189537761041,-0.7204213984010556,-0.32537454870359633,-0.3324998021125793,3.609666109085083,-0.43444836866921266,3.422457456588745,-0.22725866936975558,-0.4488416016101837,3.265347480773926,-0.04916463308131247,-0.4878749847412109,3.204608201980591,0.03185502977950483,-0.4755891561508178,3.3114051818847656,-0.056311150513929764,-0.4429771304130554,-26.913164392654462,0.0
781,19.525000000000002,1.754331839245287e+18,2.269092082505443,6.266741520028936,3.158771424439371,-0.7528818760295807,9.661112678594051,-1.6514741300554836,-0.4881831749589547,-0.22818508970696344,-0.3482819497585296,3.4377827644348145,-0.2790113399954435,3.609666109085083,-0.43444836866921266,-0.3324998021125793,3.422457456588745,-0.22725866936975558,-0.4488416016101837,3.265347480773926,-0.04916463308131247,-0.4878749847412109,3.204608201980591,0.03185502977950483,-0.4755891561508178,-26.596837396016866,0.0
782,19.55,1.7543318392702868e+18,2.204578251461414,6.250364145034323,3.149008029944632,-0.5619474760845642,9.575708179603657,-1.8595953726865044,-0.13450083850395864,-0.1281158996672955,-0.1749647408723831,3.5526721477508545,-0.4036641178062226,3.4377827644348145,-0.2790113399954435,-0.3482819497585296,3.609666109085083,-0.43444836866921266,-0.3324998021125793,3.422457456588745,-0.22725866936975558,-0.4488416016101837,3.265347480773926,-0.04916463308131247,-0.4878749847412109,-26.41458856021378,0.0
783,19.575000000000003,1.754331839295287e+18,2.110773213753979,6.238753333938623,3.149150869864572,-0.3274769656542015,9.510064846111213,-2.0476707492280846,0.3171709023878355,-0.034117873438571,0.2463354170322418,3.726340055465698,-0.5771891856011258,3.5526721477508545,-0.4036641178062226,-0.1749647408723831,3.4377827644348145,-0.2790113399954435,-0.3482819497585296,3.609666109085083,-0.43444836866921266,-0.3324998021125793,3.422457456588745,-0.22725866936975558,-0.4488416016101837,-26.643202142140026,0.0
784,19.6,1.754331839320287e+18,1.986242587080572,6.225361100647573,3.1616711094918286,-0.07054159762948084,9.457971964326823,-2.2010294908485895,0.8150883512312006,0.049226009774244565,0.1133103594183921,3.5475049018859863,-0.3858337923941577,3.726340055465698,-0.5771891856011258,0.2463354170322418,3.5526721477508545,-0.4036641178062226,-0.1749647408723831,3.4377827644348145,-0.2790113399954435,-0.3482819497585296,3.609666109085083,-0.43444836866921266,-0.3324998021125793,-26.59914408942306,0.0
785,19.625,1.754331839345287e+18,1.928063658748128,6.216544848234941,3.187372905845852,0.18158041276577785,9.426301976693132,-2.2920035303049264,1.283993613808932,0.12262789958151193,0.1133103594183921,3.5475049018859863,-0.36013199604013435,3.5475049018859863,-0.3858337923941577,0.1133103594183921,3.726340055465698,-0.5771891856011258,0.2463354170322418,3.5526721477508545,-0.4036641178062226,-0.1749647408723831,3.4377827644348145,-0.2790113399954435,-0.3482819497585296,-26.657101732665485,0.0
786,19.650000000000002,1.754331839370287e+18,1.8305554439056728,6.212494796799806,3.224709752458012,0.39978052972669365,9.343689012037698,-2.287449784054698,1.6361646586488237,0.19021414662024402,-0.0201002452522516,3.800526142120361,-0.5758163896623487,3.5475049018859863,-0.36013199604013435,0.1133103594183921,3.5475049018859863,-0.3858337923941577,0.1133103594183921,3.726340055465698,-0.5771891856011258,0.2463354170322418,3.5526721477508545,-0.4036641178062226,-0.1749647408723831,-26.80945322312324,0.0
787,19.675,1.754331839395287e+18,1.7017915434995483,6.198393424206474,3.2696010825537196,0.558912395492774,9.257485653645162,-2.158354510971854,1.7870526941809965,0.2557634306658433,0.1918248385190963,3.841959238052368,-0.5723581554986485,3.800526142120361,-0.5758163896623487,-0.0201002452522516,3.5475049018859863,-0.36013199604013435,0.1133103594183921,3.5475049018859863,-0.3858337923941577,0.1133103594183921,3.726340055465698,-0.5771891856011258,0.2463354170322418,-27.017785449811758,0.0
788,19.700000000000003,1.754331839420287e+18,1.7017915434995483,6.198393424206474,3.3158138596714997,0.6431306603283629,9.257485653645162,-1.8892407059039569,1.6726045764288167,0.3193602775264308,0.3512718975543976,3.710827350616455,-0.3950134909449554,3.841959238052368,-0.5723581554986485,0.1918248385190963,3.800526142120361,-0.5758163896623487,-0.0201002452522516,3.5475049018859863,-0.36013199604013435,0.1133103594183921,3.5475049018859863,-0.3858337923941577,0.1133103594183921,-27.052248225913168,0.0
789,19.725,1.754331839445287e+18,1.5935937717763222,6.225159618322781,3.355812933515567,0.6491059151970093,9.189599712878476,-1.4849742703431208,1.2647681384039597,0.37639282710890126,0.4365771412849426,3.433046579360962,-0.07723364584539505,3.710827350616455,-0.3950134909449554,0.3512718975543976,3.841959238052368,-0.5723581554986485,0.1918248385190963,3.800526142120361,-0.5758163896623487,-0.0201002452522516,3.5475049018859863,-0.36013199604013435,0.1133103594183921,-26.7255469049532,0.0
790,19.75,1.7543318394702868e+18,1.514632919612107,6.245602623037662,3.3819386048060682,0.5863037901205584,9.149521743986586,-0.9725060885139121,0.5818305757601997,0.41915549962282433,0.4483625590801239,3.192713975906372,0.18922462889969616,3.433046579360962,-0.07723364584539505,0.4365771412849426,3.710827350616455,-0.3950134909449554,0.3512718975543976,3.841959238052368,-0.5723581554986485,0.1918248385190963,3.800526142120361,-0.5758163896623487,-0.0201002452522516,-26.13249456347884,0.0
791,19.775000000000002,1.754331839495287e+18,1.4017897253662903,6.27672506378196,3.3877112172173907,0.4743801431876277,9.100192477448822,-0.3960598177312282,-0.30891403191569344,0.4398262107742147,0.4526256918907165,3.0732710361480717,0.3144401810693189,3.192713975906372,0.18922462889969616,0.4483625590801239,3.433046579360962,-0.07723364584539505,0.4365771412849426,3.710827350616455,-0.3950134909449554,0.3512718975543976,3.841959238052368,-0.5723581554986485,0.1918248385190963,-25.373188394222034,0.0
792,19.8,1.754331839520287e+18,1.304656450107248,6.309545037230196,3.368983709398329,0.33829507862155506,9.097932860379194,0.19316931782836932,-1.2973284453362544,0.43322163688779464,0.4412348568439483,2.7929136753082275,0.5760700340901015,3.0732710361480717,0.3144401810693189,0.4526256918907165,3.192713975906372,0.18922462889969616,0.4483625590801239,3.433046579360962,-0.07723364584539505,0.4365771412849426,3.710827350616455,-0.3950134909449554,0.3512718975543976,-24.282351485609393,0.0
793,19.825000000000003,1.754331839545287e+18,1.2397324751267549,6.330068275897625,3.3247299329604276,0.20211635721888546,9.082288350278002,0.7488951076948187,-2.2449961160689584,0.39830780699789586,0.4412348568439483,2.7929136753082275,0.5318162576522001,2.7929136753082275,0.5760700340901015,0.4412348568439483,3.0732710361480717,0.3144401810693189,0.4526256918907165,3.192713975906372,0.18922462889969616,0.4483625590801239,3.433046579360962,-0.07723364584539505,0.4365771412849426,-23.220087259015248,0.0
794,19.85,1.754331839570287e+18,1.168478469378556,6.35614865062772,3.2574504103316317,0.0829176082808244,9.126691703281853,1.2384453670370434,-3.006159876008283,0.33828180196182245,0.2170904725790023,2.5902750492095947,0.667175361122037,2.7929136753082275,0.5318162576522001,0.4412348568439483,2.7929136753082275,0.5760700340901015,0.4412348568439483,3.0732710361480717,0.3144401810693189,0.4526256918907165,3.192713975906372,0.18922462889969616,0.4483625590801239,-22.11965304213186,0.0
795,19.875,1.754331839595287e+18,1.0755444240469618,6.3886435901325225,3.1732424614807715,-0.013459368243500063,9.14583482747696,1.6454734975577026,-3.451649878577761,0.25966726153601,0.2170904725790023,2.5902750492095947,0.5829674122711768,2.5902750492095947,0.667175361122037,0.2170904725790023,2.7929136753082275,0.5318162576522001,0.4412348568439483,2.7929136753082275,0.5760700340901015,0.4412348568439483,3.0732710361480717,0.3144401810693189,0.4526256918907165,-21.105544478544363,0.0
796,19.900000000000002,1.754331839620287e+18,1.0189536513157984,6.406097999497042,3.081432573228984,-0.09322569657307533,9.194488133089937,1.9669885171720474,-3.4915450945095845,0.17104969436656733,0.3677288591861725,2.9546542167663574,0.12677835646262636,2.5902750492095947,0.5829674122711768,0.2170904725790023,2.5902750492095947,0.667175361122037,0.2170904725790023,2.7929136753082275,0.5318162576522001,0.4412348568439483,2.7929136753082275,0.5760700340901015,0.4412348568439483,-20.448229952671724,0.0
797,19.925,1.754331839645287e+18,0.9423431275937748,6.431522841694936,2.9935585607747806,-0.17151799162205955,9.226967980686634,2.2071801708081136,-3.092206962561576,0.08178278355192653,0.0082183564081788,3.080597400665283,-0.08703883989050265,2.9546542167663574,0.12677835646262636,0.3677288591861725,2.5902750492095947,0.5829674122711768,0.2170904725790023,2.5902750492095947,0.667175361122037,0.2170904725790023,2.7929136753082275,0.5318162576522001,0.4412348568439483,-20.036664594662497,0.0
798,19.950000000000003,1.7543318396702868e+18,0.8768293411238623,6.436730990824676,2.9216544419093275,-0.2662037720630871,9.287222808194286,2.3709331654279406,-2.28418553155676,0.0006016359448238529,0.0082183564081788,3.080597400665283,-0.15894295875595565,3.080597400665283,-0.08703883989050265,0.0082183564081788,2.9546542167663574,0.12677835646262636,0.3677288591861725,2.5902750492095947,0.5829674122711768,0.2170904725790023,2.5902750492095947,0.667175361122037,0.2170904725790023,-19.807607355988168,0.0
799,19.975,1.754331839695287e+18,0.7303048403014563,6.480605671638092,2.876133441558968,-0.3906473399579839,9.388971055701699,2.4592227676040173,-1.1593001077205476,-0.06586684168483128,-0.1562156677246093,3.407609462738037,-0.5314760211790692,3.080597400665283,-0.15894295875595565,0.0082183564081788,3.080597400665283,-0.08703883989050265,0.0082183564081788,2.9546542167663574,0.12677835646262636,0.3677288591861725,2.5902750492095947,0.5829674122711768,0.2170904725790023,-19.996585441389257,0.0
800,20.0,1.754331839720287e+18,0.7303048403014563,6.480605671638092,2.8638087194788704,-0.5478707235189307,9.388971055701699,2.4676487348094973,0.14244234057111405,-0.11424597386929596,-0.1211898922920227,3.60956072807312,-0.7457520085942497,3.407609462738037,-0.5314760211790692,-0.1562156677246093,3.080597400665283,-0.15894295875595565,0.0082183564081788,3.080597400665283,-0.08703883989050265,0.0082183564081788,2.9546542167663574,0.12677835646262636,0.3677288591861725,-20.44661894111838,0.0
801,20.025000000000002,1.754331839745287e+18,0.5374236119743339,6.503704592720879,2.88660418271586,-0.7280492054282505,9.55967446965567,2.3884921270208346,1.4531973547741788,-0.1445532437713166,-0.1211898922920227,3.60956072807312,-0.7229565453572602,3.60956072807312,-0.7457520085942497,-0.1211898922920227,3.407609462738037,-0.5314760211790692,-0.1562156677246093,3.080597400665283,-0.15894295875595565,0.0082183564081788,3.080597400665283,-0.08703883989050265,0.0082183564081788,-20.9134426945071,0.0
802,20.05,1.754331839770287e+18,0.5374236119743339,6.503704592720879,2.9413199071664953,-0.9100817900483101,9.55967446965567,2.2156670589544496,2.6006588125191157,-0.15915042884474714,-0.212160587310791,3.635818958282471,-0.6944990511159759,3.60956072807312,-0.7229565453572602,-0.1211898922920227,3.60956072807312,-0.7457520085942497,-0.1211898922920227,3.407609462738037,-0.5314760211790692,-0.1562156677246093,3.080597400665283,-0.15894295875595565,0.0082183564081788,-21.678056724505566,0.0
803,20.075000000000003,1.754331839795287e+18,0.3711380910314412,6.504983459592888,3.0204678883381297,-1.0665759490602844,9.684877781041076,1.950821473834851,3.430203103208386,-0.1611004093121632,0.0155314654111862,3.677381277084351,-0.6569133887462213,3.635818958282471,-0.6944990511159759,-0.212160587310791,3.60956072807312,-0.7229565453572602,-0.1211898922920227,3.60956072807312,-0.7457520085942497,-0.1211898922920227,3.407609462738037,-0.5314760211790692,-0.1562156677246093,-22.652960087520377,0.0
804,20.1,1.754331839820287e+18,0.3711380910314412,6.504983459592888,3.1137588588535334,-1.1705380885660686,9.684877781041076,1.608178152687121,3.8227590426764984,-0.15306102138910377,0.0682835727930069,3.780482292175293,-0.6667234333217595,3.677381277084351,-0.6569133887462213,0.0155314654111862,3.635818958282471,-0.6944990511159759,-0.212160587310791,3.60956072807312,-0.7229565453572602,-0.1211898922920227,3.60956072807312,-0.7457520085942497,-0.1211898922920227,-23.630916953395385,0.0
805,20.125,1.754331839845287e+18,0.3232692463019329,6.475749055289885,3.2095590891206434,-1.2017726216941107,9.727820366426638,1.2159041206514234,3.7071508795635415,-0.13758133890549748,-0.4565040171146393,3.220655918121338,-0.01109682900069453,3.780482292175293,-0.6667234333217595,0.0682835727930069,3.677381277084351,-0.6569133887462213,0.0155314654111862,3.635818958282471,-0.6944990511159759,-0.212160587310791,3.60956072807312,-0.7229565453572602,-0.1211898922920227,-24.005948506734562,0.0
806,20.150000000000002,1.7543318398702868e+18,0.2500359430079366,6.45281738532612,3.295853620735193,-1.1515409764125564,9.774584302781673,0.8127062275036377,3.067147121361693,-0.11843284163296318,-0.4191647469997406,3.4788153171539307,-0.1829616964187375,3.220655918121338,-0.01109682900069453,-0.4565040171146393,3.780482292175293,-0.6667234333217595,0.0682835727930069,3.677381277084351,-0.6569133887462213,0.0155314654111862,3.635818958282471,-0.6944990511159759,-0.212160587310791,-24.68406337606109,0.0
807,20.175,1.754331839895287e+18,0.1057304735545865,6.418989362862467,3.360845566269395,-1.0248901591576338,9.82722519914532,0.43990136727575374,1.9439954961366548,-0.10122861407375285,0.0386033803224563,3.689219474792481,-0.3283739085230861,3.4788153171539307,-0.1829616964187375,-0.4191647469997406,3.220655918121338,-0.01109682900069453,-0.4565040171146393,3.780482292175293,-0.6667234333217595,0.0682835727930069,3.677381277084351,-0.6569133887462213,0.0155314654111862,-25.60682388872844,0.0
808,20.200000000000003,1.754331839920287e+18,0.0769587727350251,6.411729355114925,3.393714631404792,-0.8404045499741931,9.843010117002112,0.13137807693128403,0.43479213881323014,-0.09170173416766504,0.0386033803224563,3.689219474792481,-0.2955048433876888,3.689219474792481,-0.3283739085230861,0.0386033803224563,3.4788153171539307,-0.1829616964187375,-0.4191647469997406,3.220655918121338,-0.01109682900069453,-0.4565040171146393,3.780482292175293,-0.6667234333217595,0.0682835727930069,-26.440304802768182,0.0
809,20.225,1.754331839945287e+18,0.0419521295426812,6.384742626388558,3.385865343973527,-0.6269773703295687,9.801175332738884,-0.0944873641427242,-1.3138321921766791,-0.09212388041506415,0.1911597102880478,2.4159843921661377,0.9698809518073892,3.689219474792481,-0.2955048433876888,0.0386033803224563,3.689219474792481,-0.3283739085230861,0.0386033803224563,3.4788153171539307,-0.1829616964187375,-0.4191647469997406,3.220655918121338,-0.01109682900069453,-0.4565040171146393,-26.15323672500893,0.0
810,20.25,1.754331839970287e+18,-0.0193302460845057,6.35998644938429,3.332472265733548,-0.41760901739659917,9.812980368074093,-0.23756629678916721,-3.1177365273913575,-0.09853884509078437,-0.1495186388492584,2.454807996749878,0.8776642689836702,2.4159843921661377,0.9698809518073892,0.1911597102880478,3.689219474792481,-0.2955048433876888,0.0386033803224563,3.689219474792481,-0.3283739085230861,0.0386033803224563,3.4788153171539307,-0.1829616964187375,-0.4191647469997406,-26.033745218086054,0.0
811,20.275000000000002,1.754331839995287e+18,-0.2178147165553934,6.292009694959427,3.233775494773208,-0.24166822291734721,9.781129865935425,-0.31286274127429214,-4.773624987568496,-0.10140271053034076,-0.2198122143745422,2.405601739883423,0.828173754889785,2.454807996749878,0.8776642689836702,-0.1495186388492584,2.4159843921661377,0.9698809518073892,0.1911597102880478,3.689219474792481,-0.2955048433876888,0.0386033803224563,3.689219474792481,-0.3283739085230861,0.0386033803224563,-25.756256159809325,0.0
812,20.3,1.754331840020287e+18,-0.2178147165553934,6.292009694959427,3.0956095308565805,-0.11824482558726415,9.781129865935425,-0.34369783894484407,-6.082987123621514,-0.08979253747924949,-0.2198122143745422,2.405601739883423,0.6900077909731577,2.405601739883423,0.828173754889785,-0.2198122143745422,2.454807996749878,0.8776642689836702,-0.1495186388492584,2.4159843921661377,0.9698809518073892,0.1911597102880478,3.689219474792481,-0.2955048433876888,0.0386033803224563,-25.45804023999834,0.0
813,20.325000000000003,1.754331840045287e+18,-0.2811826713934087,6.267616630565294,2.928951200349981,-0.052793952470108985,9.771012353139842,-0.35388086593742335,-6.879016748890523,-0.056740575030028655,-0.1949488222599029,2.3939993381500244,0.5349518621999567,2.405601739883423,0.6900077909731577,-0.2198122143745422,2.405601739883423,0.828173754889785,-0.2198122143745422,2.454807996749878,0.8776642689836702,-0.1495186388492584,2.4159843921661377,0.9698809518073892,0.1911597102880478,-25.18490852664182,0.0
814,20.35,1.7543318400702868e+18,-0.3455606634288033,6.243205233218284,2.7486108281787476,-0.03762110719018186,9.757234182310754,-0.3606790804428644,-7.05225398643861,-0.002567456552720086,0.1153040528297424,2.1554229259490967,0.5931879022296509,2.3939993381500244,0.5349518621999567,-0.1949488222599029,2.405601739883423,0.6900077909731577,-0.2198122143745422,2.405601739883423,0.828173754889785,-0.2198122143745422,2.454807996749878,0.8776642689836702,-0.1495186388492584,-24.622550329442937,0.0
815,20.375,1.754331840095287e+18,-0.4234344899527205,6.214016496016328,2.5713807188626956,-0.0554230836793474,9.746717921641132,-0.36974153746732813,-6.569894109683776,0.06540149623843343,0.1420050263404846,1.908994555473328,0.6623861633893675,2.1554229259490967,0.5931879022296509,0.1153040528297424,2.3939993381500244,0.5349518621999567,-0.1949488222599029,2.405601739883423,0.6900077909731577,-0.2198122143745422,2.405601739883423,0.828173754889785,-0.2198122143745422,-23.705225785957126,0.0
816,20.400000000000002,1.754331840120287e+18,-0.4941764296619819,6.215134732266587,2.4139645306252224,-0.0847282898566686,9.743593425666637,-0.3730718009481294,-5.484117120663928,0.13604956391448866,0.185270756483078,2.5607473850250244,-0.146782854399802,1.908994555473328,0.6623861633893675,0.1420050263404846,2.1554229259490967,0.5931879022296509,0.1153040528297424,2.3939993381500244,0.5349518621999567,-0.1949488222599029,2.405601739883423,0.6900077909731577,-0.2198122143745422,-23.360901853822217,0.0
817,20.425,1.754331840145287e+18,-0.5709582223681142,6.188958311372309,2.2909346101631294,-0.10602421202800598,9.734627164893435,-0.3509694363697496,-3.9264564527231265,0.1985228219842271,0.1736249774694442,2.8345658779144287,-0.5436312677512993,2.5607473850250244,-0.146782854399802,0.185270756483078,1.908994555473328,0.6623861633893675,0.1420050263404846,2.1554229259490967,0.5931879022296509,0.1153040528297424,2.3939993381500244,0.5349518621999567,-0.1949488222599029,-23.35177644566401,0.0
818,20.450000000000003,1.754331840170287e+18,-0.6377776594420057,6.165346178362529,2.212916107919193,-0.1070647219585352,9.726774467782246,-0.27803703057047885,-2.0879000684495455,0.24520488417039019,0.2589937150478363,3.109538316726685,-0.896622208807492,2.8345658779144287,-0.5436312677512993,0.1736249774694442,2.5607473850250244,-0.146782854399802,0.185270756483078,1.908994555473328,0.6623861633893675,0.1420050263404846,2.1554229259490967,0.5931879022296509,0.1153040528297424,-23.74461957065555,0.0
819,20.475,1.754331840195287e+18,-0.7021666943178788,6.143789329196996,2.1852085770688428,-0.08570819280424351,9.718653644013068,-0.1320179843976347,-0.18761240492031492,0.2728193068630257,0.2445889115333557,3.07604718208313,-0.8908386050142871,3.109538316726685,-0.896622208807492,0.2589937150478363,2.8345658779144287,-0.5436312677512993,0.1736249774694442,2.5607473850250244,-0.146782854399802,0.185270756483078,1.908994555473328,0.6623861633893675,0.1420050263404846,-24.1362765722591,0.0
820,20.5,1.754331840220287e+18,-0.748165423223063,6.129711387240378,2.2070751012022756,-0.04928192545321896,9.709524787099957,0.09704958017402436,1.5638275184804857,0.2819295860965895,0.2715918719768524,3.1139726638793945,-0.906897562677119,3.07604718208313,-0.8908386050142871,0.2445889115333557,3.109538316726685,-0.896622208807492,0.2589937150478363,2.8345658779144287,-0.5436312677512993,0.1736249774694442,2.5607473850250244,-0.146782854399802,0.185270756483078,-24.49789131696814,0.0
821,20.525000000000002,1.754331840245287e+18,-0.8158943082128784,6.108415688120506,2.271917313017065,-0.010837373268252709,9.69943476160205,0.400512613504272,2.998811275066778,0.27558492522260947,0.263212651014328,3.187461376190185,-0.9155440631731202,3.1139726638793945,-0.906897562677119,0.2715918719768524,3.07604718208313,-0.8908386050142871,0.2445889115333557,3.109538316726685,-0.896622208807492,0.2589937150478363,2.8345658779144287,-0.5436312677512993,0.1736249774694442,-24.97807788751761,0.0
822,20.55,1.7543318402702868e+18,-0.8729858593579678,6.090719605071366,2.368504917979482,0.016018175465061162,9.712778037938488,0.7503278944022772,4.016730725699585,0.25782550430024287,0.2700329422950744,3.1900882720947266,-0.8215833541152446,3.187461376190185,-0.9155440631731202,0.263212651014328,3.1139726638793945,-0.906897562677119,0.2715918719768524,3.07604718208313,-0.8908386050142871,0.2445889115333557,3.109538316726685,-0.896622208807492,0.2589937150478363,-25.349389425983976,0.0
823,20.575000000000003,1.754331840295287e+18,-0.9766539114763964,6.061680336082957,2.483260249116929,0.0215979159895439,9.720501246345496,1.1048170722096005,4.591841570152834,0.23248240620522953,0.2483629435300827,3.247514247894287,-0.7642539987773582,3.1900882720947266,-0.8215833541152446,0.2700329422950744,3.187461376190185,-0.9155440631731202,0.263212651014328,3.1139726638793945,-0.906897562677119,0.2715918719768524,3.07604718208313,-0.8908386050142871,0.2445889115333557,-25.671551949620056,0.0
824,20.6,1.754331840320287e+18,-1.0685365033201908,6.0327981085010345,2.6031813749353634,0.0024927306366972785,9.782409812894972,1.4193056819983991,4.763344872603423,0.20242281124962977,0.2042832970619201,3.5355448722839355,-0.9323634973485722,3.247514247894287,-0.7642539987773582,0.2483629435300827,3.1900882720947266,-0.8215833541152446,0.2700329422950744,3.187461376190185,-0.9155440631731202,0.263212651014328,3.1139726638793945,-0.906897562677119,0.2715918719768524,-26.226106813987002,0.0
825,20.625,1.754331840345287e+18,-1.0685365033201908,6.0327981085010345,2.7184384678149542,-0.03840594468583816,9.782409812894972,1.6577976797376937,4.611192565869347,0.1692564662918457,0.0925441160798072,3.5728468894958496,-0.8544084216808954,3.5355448722839355,-0.9323634973485722,0.2042832970619201,3.247514247894287,-0.7642539987773582,0.2483629435300827,3.1900882720947266,-0.8215833541152446,0.2700329422950744,3.187461376190185,-0.9155440631731202,0.263212651014328,-27.058419441145315,0.0
826,20.650000000000002,1.754331840370287e+18,-1.124153344784622,6.012380496124108,2.8235166428517333,-0.09355493070993282,9.808951978805492,1.8014890316376488,4.22547145588787,0.13351847643302442,0.1379397213459015,3.5260558128356934,-0.70253916998396,3.5728468894958496,-0.8544084216808954,0.0925441160798072,3.5355448722839355,-0.9323634973485722,0.2042832970619201,3.247514247894287,-0.7642539987773582,0.2483629435300827,3.1900882720947266,-0.8215833541152446,0.2700329422950744,-27.892859441128103,0.0
827,20.675,1.754331840395287e+18,-1.163205518202532,6.000854051561707,2.916417471402622,-0.15323062235928978,9.829162952111451,1.8514637763668935,3.679125046648522,0.09527480990245867,0.2130776047706604,3.5561368465423584,-0.6397193751397365,3.5260558128356934,-0.70253916998396,0.1379397213459015,3.5728468894958496,-0.8544084216808954,0.0925441160798072,3.5355448722839355,-0.9323634973485722,0.2042832970619201,3.247514247894287,-0.7642539987773582,0.2483629435300827,-28.69606652065508,0.0
828,20.700000000000003,1.754331840420287e+18,-1.2296327688270416,5.979427916368238,2.996528567630892,-0.20817756454338726,9.906352542043788,1.8251217918526013,3.0123641994731787,0.05484718763955228,0.0222658030688762,3.499972343444824,-0.5034437758139321,3.5561368465423584,-0.6397193751397365,0.2130776047706604,3.5260558128356934,-0.70253916998396,0.1379397213459015,3.5728468894958496,-0.8544084216808954,0.0925441160798072,3.5355448722839355,-0.9323634973485722,0.2042832970619201,-29.42485859238726,0.0
829,20.725,1.754331840445287e+18,-1.3616665271571111,5.912166819014829,3.062460566112971,-0.2519081820096534,10.02162699430992,1.7478451235254007,2.2328195918080795,0.013174992902285953,0.0222658030688762,3.499972343444824,-0.4375117773318533,3.499972343444824,-0.5034437758139321,0.0222658030688762,3.5561368465423584,-0.6397193751397365,0.2130776047706604,3.5260558128356934,-0.70253916998396,0.1379397213459015,3.5728468894958496,-0.8544084216808954,0.0925441160798072,-30.152827322744074,0.0
830,20.75,1.7543318404702868e+18,-1.3862042497341225,5.881655650711197,3.110947163228437,-0.2820698653993877,10.03022169640554,1.6429400942687147,1.3299080313528342,-0.02842873444700159,-0.0633863881230354,3.303783655166626,-0.19283649193818908,3.499972343444824,-0.4375117773318533,0.0222658030688762,3.499972343444824,-0.5034437758139321,0.0222658030688762,3.5561368465423584,-0.6397193751397365,0.2130776047706604,3.5260558128356934,-0.70253916998396,0.1379397213459015,-30.582795397456408,0.0
831,20.775000000000002,1.754331840495287e+18,-1.4239498557873596,5.857210749459185,3.1371215622476045,-0.300414497366104,10.047298252835466,1.523623886937062,0.2971173524185328,-0.06881564848842849,-0.132014587521553,2.8742964267730717,0.2628251354745328,3.303783655166626,-0.19283649193818908,-0.0633863881230354,3.499972343444824,-0.4375117773318533,0.0222658030688762,3.499972343444824,-0.5034437758139321,0.0222658030688762,3.5561368465423584,-0.6397193751397365,0.2130776047706604,-30.56918608406566,0.0
832,20.8,1.754331840520287e+18,-1.473678683675053,5.8268499767366615,3.135788808097534,-0.3114521890014093,10.077348200215813,1.3900871532130805,-0.8463657439296142,-0.10717057442083948,-0.121279552578926,2.7160139083862305,0.41977489971130355,2.8742964267730717,0.2628251354745328,-0.132014587521553,3.303783655166626,-0.19283649193818908,-0.0633863881230354,3.499972343444824,-0.4375117773318533,0.0222658030688762,3.499972343444824,-0.5034437758139321,0.0222658030688762,-30.276774946502996,0.0
833,20.825000000000003,1.754331840545287e+18,-1.616392904058042,5.740143848783783,3.1030679743707807,-0.3204973744009151,10.166173745340105,1.2324522376353924,-2.0424595326303927,-0.14236329401787282,-0.121279552578926,2.7160139083862305,0.3870540659845503,2.7160139083862305,0.41977489971130355,-0.121279552578926,2.8742964267730717,0.2628251354745328,-0.132014587521553,3.303783655166626,-0.19283649193818908,-0.0633863881230354,3.499972343444824,-0.4375117773318533,0.0222658030688762,-29.933264244038728,0.0
834,20.85,1.754331840570287e+18,-1.6705131670716256,5.703720391764394,3.037872721537763,-0.33191939604524995,10.201043747712701,1.0378067810154374,-3.1939129995021185,-0.17172717541757995,-0.0601189285516738,2.2755348682403564,0.7623378532974066,2.7160139083862305,0.3870540659845503,-0.121279552578926,2.7160139083862305,0.41977489971130355,-0.121279552578926,2.8742964267730717,0.2628251354745328,-0.132014587521553,3.303783655166626,-0.19283649193818908,-0.0633863881230354,-28.92372725417517,0.0
835,20.875,1.754331840595287e+18,-1.694241084365495,5.665841608860471,2.9428816788227037,-0.34795174991042616,10.208737506343818,0.7978605231606302,-4.177073503581244,-0.19019642103824724,-0.1537048071622848,2.120256900787353,0.8226247780353506,2.2755348682403564,0.7623378532974066,-0.0601189285516738,2.7160139083862305,0.3870540659845503,-0.121279552578926,2.7160139083862305,0.41977489971130355,-0.121279552578926,2.8742964267730717,0.2628251354745328,-0.132014587521553,-27.810229785154675,0.0
836,20.900000000000002,1.754331840620287e+18,-1.7599896773915005,5.604668885597769,2.8248004433241736,-0.3679902434859484,10.254764490847155,0.5139953482822379,-4.863925051627467,-0.19084158187877745,-0.1914377361536026,2.138048887252808,0.6867515560713655,2.120256900787353,0.8226247780353506,-0.1537048071622848,2.2755348682403564,0.7623378532974066,-0.0601189285516738,2.7160139083862305,0.3870540659845503,-0.121279552578926,2.7160139083862305,0.41977489971130355,-0.121279552578926,-26.42652597520911,0.0
837,20.925,1.754331840645287e+18,-1.767800305552136,5.579839942561336,2.693825070776626,-0.3883437220885184,10.276036502737078,0.19824971146055528,-5.1473713688137215,-0.16711822425437567,-0.245514914393425,2.262467622756958,0.4313574480196678,2.138048887252808,0.6867515560713655,-0.1914377361536026,2.120256900787353,0.8226247780353506,-0.1537048071622848,2.2755348682403564,0.7623378532974066,-0.0601189285516738,2.7160139083862305,0.3870540659845503,-0.121279552578926,-25.297815659879276,0.0
838,20.950000000000003,1.7543318406702868e+18,-1.813690261208487,5.530592055531286,2.5623299269361097,-0.402658582567676,10.308039578256766,-0.1290706037884221,-4.9635468194818575,-0.1159781540379283,-0.1912775337696075,2.25319766998291,0.30913225695319957,2.262467622756958,0.4313574480196678,-0.245514914393425,2.138048887252808,0.6867515560713655,-0.1914377361536026,2.120256900787353,0.8226247780353506,-0.1537048071622848,2.2755348682403564,0.7623378532974066,-0.0601189285516738,-24.267965646751275,0.0
839,20.975,1.754331840695287e+18,-1.904692785984449,5.457394125548047,2.4430201273334253,-0.40324434172089424,10.276353903587973,-0.44314109628715304,-4.306480792109244,-0.04020802020953088,-0.1122354194521904,2.387035131454468,0.05598499587895711,2.25319766998291,0.30913225695319957,-0.1912775337696075,2.262467622756958,0.4313574480196678,-0.245514914393425,2.138048887252808,0.6867515560713655,-0.1914377361536026,2.120256900787353,0.8226247780353506,-0.1537048071622848,-23.565297070471026,0.0
840,21.0,1.754331840720287e+18,-1.9383817225110451,5.417915304576323,2.347068708123275,-0.3831444373498871,10.287580167083064,-0.7178644629472932,-3.2328651618860937,0.051428994164044416,0.1472355276346206,2.236318349838257,0.110750358285018,2.387035131454468,0.05598499587895711,-0.1122354194521904,2.25319766998291,0.30913225695319957,-0.1912775337696075,2.262467622756958,0.4313574480196678,-0.245514914393425,2.138048887252808,0.6867515560713655,-0.1914377361536026,-22.859580363201268,0.0
841,21.025000000000002,1.754331840745287e+18,-2.019446606066764,5.341184427827899,2.282790875783165,-0.3383529323809135,10.23308781291749,-0.9281215936020377,-1.8570009897854132,0.14654822350748087,0.1472355276346206,2.236318349838257,0.04647252594490814,2.236318349838257,0.110750358285018,0.1472355276346206,2.387035131454468,0.05598499587895711,-0.1122354194521904,2.25319766998291,0.30913225695319957,-0.1912775337696075,2.262467622756958,0.4313574480196678,-0.245514914393425,-22.004784696052685,0.0
842,21.05,1.754331840770287e+18,-2.0493640199619643,5.319767605116793,2.2550232593275594,-0.2695030498548408,10.21325624083055,-1.051876819398105,-0.3375395645978099,0.2329823458423565,0.2848356068134308,2.4549360275268555,-0.19991276819929604,2.236318349838257,0.04647252594490814,0.1472355276346206,2.236318349838257,0.110750358285018,0.1472355276346206,2.387035131454468,0.05598499587895711,-0.1122354194521904,2.25319766998291,0.30913225695319957,-0.1912775337696075,-21.364059242398213,0.0
843,21.075000000000003,1.754331840795287e+18,-2.1043585631140944,5.263250160390926,2.26491719426091,-0.1826055799333016,10.183016557808713,-1.0730116847500488,1.1417576428177163,0.30239915337042667,0.355795294046402,2.5856151580810547,-0.3206979638201446,2.4549360275268555,-0.19991276819929604,0.2848356068134308,2.236318349838257,0.04647252594490814,0.1472355276346206,2.236318349838257,0.110750358285018,0.1472355276346206,2.387035131454468,0.05598499587895711,-0.1122354194521904,-20.945976828029064,0.0
844,21.1,1.754331840820287e+18,-2.1488441061375223,5.216259904835573,2.3097694514361677,-0.08856896338525469,10.163287727124253,-0.9845738252301339,2.394962927083914,0.35222206635070524,0.3383465409278869,2.9625697135925293,-0.6528002621563616,2.5856151580810547,-0.3206979638201446,0.355795294046402,2.4549360275268555,-0.19991276819929604,0.2848356068134308,2.236318349838257,0.04647252594490814,0.1472355276346206,2.236318349838257,0.110750358285018,0.1472355276346206,-20.799788574678015,0.0
845,21.125,1.754331840845287e+18,-2.1726328454224197,5.195394383077607,2.382821269570183,-0.001290942807324829,10.130321576206349,-0.7910653664189422,3.2582925458121457,0.3852449076265099,0.3667231798171997,2.979806900024414,-0.5969856304542311,2.9625697135925293,-0.6528002621563616,0.3383465409278869,2.5856151580810547,-0.3206979638201446,0.355795294046402,2.4549360275268555,-0.19991276819929604,0.2848356068134308,2.236318349838257,0.04647252594490814,0.1472355276346206,-20.686088521901638,0.0
846,21.150000000000002,1.7543318408702868e+18,-2.2364328233710173,5.13967234866017,2.47333944848578,0.06547863423422783,10.098317046545692,-0.5084057874079787,3.6130459683509804,0.4073389830187792,0.3570331037044525,2.926647186279297,-0.4533077377935171,2.979806900024414,-0.5969856304542311,0.3667231798171997,2.9625697135925293,-0.6528002621563616,0.3383465409278869,2.5856151580810547,-0.3206979638201446,0.355795294046402,2.4549360275268555,-0.19991276819929604,0.2848356068134308,-20.529648271108233,0.0
847,21.175,1.754331840895287e+18,-2.271278094017484,5.107907840548807,2.567427621058376,0.10160208666364244,10.07913699912205,-0.16109890105643906,3.403858375390768,0.4243526257362464,0.4192102253437042,2.979365587234497,-0.4119379661761209,2.926647186279297,-0.4533077377935171,0.3570331037044525,2.979806900024414,-0.5969856304542311,0.3667231798171997,2.9625697135925293,-0.6528002621563616,0.3383465409278869,2.5856151580810547,-0.3206979638201446,0.355795294046402,-20.281471098262106,0.0
848,21.200000000000003,1.754331840920287e+18,-2.3636298684621675,5.036123016772646,2.649762635691408,0.10310395762101861,10.062230727078598,0.22269620450195973,2.648759528222197,0.4394379392335676,0.4375937581062317,2.771766901016236,-0.12200426532482789,2.979365587234497,-0.4119379661761209,0.4192102253437042,2.926647186279297,-0.4533077377935171,0.3570331037044525,2.979806900024414,-0.5969856304542311,0.3667231798171997,2.9625697135925293,-0.6528002621563616,0.3383465409278869,-19.717440874988853,0.0
849,21.225,1.754331840945287e+18,-2.3843617262133607,5.019403651897401,2.7059764657838774,0.07290475917141531,10.055715337251907,0.6164710772642433,1.4383222476827315,0.4516509360423569,0.4627739489078522,2.2846999168396,0.42127654894427735,2.771766901016236,-0.12200426532482789,0.4375937581062317,2.979365587234497,-0.4119379661761209,0.4192102253437042,2.926647186279297,-0.4533077377935171,0.3570331037044525,2.979806900024414,-0.5969856304542311,0.3667231798171997,-18.684236523625472,0.0
850,21.25,1.754331840970287e+18,-2.428360378716616,4.997260930738473,2.7250664855031754,0.019533347967312428,10.094802445879695,0.9989543762620618,-0.07685773372863554,0.456084150229394,0.4485628008842468,2.0057852268218994,0.719281258681276,2.2846999168396,0.42127654894427735,0.4627739489078522,2.771766901016236,-0.12200426532482789,0.4375937581062317,2.979365587234497,-0.4119379661761209,0.4192102253437042,2.926647186279297,-0.4533077377935171,0.3570331037044525,-17.29726877178749,0.0
851,21.275000000000002,1.754331840995287e+18,-2.4705911973130643,4.965825604042786,2.701210210011728,-0.04573147267587423,10.108449980224682,1.3547098987052393,-1.7084170388426188,0.44533843419915903,0.4091340005397796,1.865542769432068,0.83566744057966,2.0057852268218994,0.719281258681276,0.4485628008842468,2.2846999168396,0.42127654894427735,0.4627739489078522,2.771766901016236,-0.12200426532482789,0.4375937581062317,2.979365587234497,-0.4119379661761209,0.4192102253437042,-15.770689322087588,0.0
852,21.3,1.754331841020287e+18,-2.5468484074477877,4.907875810249333,2.6345820646144533,-0.11237442279030395,10.1454515774145,1.6722530332674608,-3.2577800203370644,0.41191080892540466,0.4267291128635406,1.8023828268051147,0.8321992378093386,1.865542769432068,0.83566744057966,0.4091340005397796,2.0057852268218994,0.719281258681276,0.4485628008842468,2.2846999168396,0.42127654894427735,0.4627739489078522,2.771766901016236,-0.12200426532482789,0.4375937581062317,-14.310823488187799,0.0
853,21.325000000000003,1.754331841045287e+18,-2.590926158502146,4.877932824506515,2.531048201972326,-0.17366980212039457,10.165913503732181,1.9415774747658299,-4.543267705225058,0.35092632221283276,0.3581687808036804,1.6612696647644043,0.8697785372079219,1.8023828268051147,0.8321992378093386,0.4267291128635406,1.865542769432068,0.83566744057966,0.4091340005397796,2.0057852268218994,0.719281258681276,0.4485628008842468,2.2846999168396,0.42127654894427735,0.4627739489078522,-12.917149451074769,0.0
854,21.35,1.7543318410702868e+18,-2.6548887511085484,4.824071613578885,2.4008898926021716,-0.22817686746747998,10.219119274163875,2.1529127033432784,-5.42149197979083,0.2624539647325494,0.3511184453964233,1.6719789505004885,0.7289109421016831,1.6612696647644043,0.8697785372079219,0.3581687808036804,1.8023828268051147,0.8321992378093386,0.4267291128635406,1.865542769432068,0.83566744057966,0.4091340005397796,2.0057852268218994,0.719281258681276,0.4485628008842468,-11.65019941147335,0.0
855,21.375,1.754331841095287e+18,-2.6992241622997426,4.788119484347069,2.2569531046110907,-0.2791490408943148,10.253000446752743,2.2973029574085415,-5.799924687170599,0.1525357421477199,0.1814130693674087,1.4658994674682615,0.7910536371428292,1.6719789505004885,0.7289109421016831,0.3511184453964233,1.6612696647644043,0.8697785372079219,0.3581687808036804,1.8023828268051147,0.8321992378093386,0.4267291128635406,1.865542769432068,0.83566744057966,0.4091340005397796,-10.360222320932145,0.0
856,21.400000000000002,1.754331841120287e+18,-2.7414623489025374,4.751679507467059,2.1127493847498213,-0.33206311160764646,10.331414865754502,2.3682725276458676,-5.640549063187362,0.03230494949503308,0.0146390739828348,1.5689754486083984,0.5437739361414229,1.4658994674682615,0.7910536371428292,0.1814130693674087,1.6719789505004885,0.7289109421016831,0.3511184453964233,1.6612696647644043,0.8697785372079219,0.3581687808036804,1.8023828268051147,0.8321992378093386,0.4267291128635406,-9.486508318188413,0.0
857,21.425,1.754331841145287e+18,-2.7854523388389216,4.7101708025086255,1.9809437378370334,-0.39118870729218835,10.391583550838174,2.3632802683902856,-4.957163334361784,-0.08470277747225748,-0.1346287876367569,1.6506462097167969,0.3302975281202365,1.5689754486083984,0.5437739361414229,0.0146390739828348,1.4658994674682615,0.7910536371428292,0.1814130693674087,1.6719789505004885,0.7289109421016831,0.3511184453964233,1.6612696647644043,0.8697785372079219,0.3581687808036804,-8.720337248879195,0.0
858,21.450000000000003,1.754331841170287e+18,-2.843295637740108,4.628351108618037,1.8724117196456194,-0.4564708369111851,10.502692403291764,2.2841048276626945,-3.810109203250631,-0.18602872845625892,-0.2867113053798675,1.9798758029937744,-0.10746408334815505,1.6506462097167969,0.3302975281202365,-0.1346287876367569,1.5689754486083984,0.5437739361414229,0.0146390739828348,1.4658994674682615,0.7910536371428292,0.1814130693674087,1.6719789505004885,0.7289109421016831,0.3511184453964233,-8.378387535074683,0.0
859,21.475,1.754331841195287e+18,-2.870977658361212,4.590990784649317,1.795807147902476,-0.5218960350498143,10.553228140319192,2.136169082888633,-2.3014393752510096,-0.2630400148455007,-0.2867113053798675,1.9798758029937744,-0.18406865509129844,1.9798758029937744,-0.10746408334815505,-0.2867113053798675,1.6506462097167969,0.3302975281202365,-0.1346287876367569,1.5689754486083984,0.5437739361414229,0.0146390739828348,1.4658994674682615,0.7910536371428292,0.1814130693674087,-8.075909012896025,0.0
860,21.5,1.754331841220287e+18,-2.897784701206697,4.565233315465304,1.7574245018322605,-0.5760325964040902,10.599236884901496,1.927252311040021,-0.571185392714903,-0.3117785388939916,-0.2698939740657806,2.3433969020843506,-0.5859724002520901,1.9798758029937744,-0.18406865509129844,-0.2867113053798675,1.9798758029937744,-0.10746408334815505,-0.2867113053798675,1.6506462097167969,0.3302975281202365,-0.1346287876367569,1.5689754486083984,0.5437739361414229,0.0146390739828348,-8.198967593988904,0.0
861,21.525000000000002,1.754331841245287e+18,-2.9164326247103425,4.538532703160878,1.7610123423185147,-0.6047132436592261,10.640437031411588,1.6659522411592211,1.2074135950160632,-0.3318396414100362,-0.2550836205482483,2.5477006435394287,-0.786688301220914,2.3433969020843506,-0.5859724002520901,-0.2698939740657806,1.9798758029937744,-0.18406865509129844,-0.2867113053798675,1.9798758029937744,-0.10746408334815505,-0.2867113053798675,1.6506462097167969,0.3302975281202365,-0.1346287876367569,-8.518209020135924,0.0
862,21.55,1.7543318412702868e+18,-2.9394153810656496,4.499944085218352,1.807179805583954,-0.5950805820775465,10.693332922501384,1.3602417038298102,2.837629383122199,-0.3243805240604353,-0.1893638670444488,2.6237196922302246,-0.8165398866462705,2.5477006435394287,-0.786688301220914,-0.2550836205482483,2.3433969020843506,-0.5859724002520901,-0.2698939740657806,1.9798758029937744,-0.18406865509129844,-0.2867113053798675,1.9798758029937744,-0.10746408334815505,-0.2867113053798675,-8.898285220553412,0.0
863,21.575000000000003,1.754331841295287e+18,-2.9569160881163645,4.46534812927302,1.8923348129969573,-0.5397156996880057,10.737370130807742,1.016752686162595,4.117398573830315,-0.29077201928247803,-0.3884737193584442,2.618898630142212,-0.7265638171452546,2.6237196922302246,-0.8165398866462705,-0.1893638670444488,2.5477006435394287,-0.786688301220914,-0.2550836205482483,2.3433969020843506,-0.5859724002520901,-0.2698939740657806,1.9798758029937744,-0.18406865509129844,-0.2867113053798675,-9.13024430597347,0.0
864,21.6,1.754331841320287e+18,-2.973474381167194,4.402459787512892,2.0076222627038054,-0.43951984601002814,10.75927334631058,0.6415958591084577,4.866553125645931,-0.2327140957483867,-0.3199594020843506,2.779834985733032,-0.7722127230292264,2.618898630142212,-0.7265638171452546,-0.3884737193584442,2.6237196922302246,-0.8165398866462705,-0.1893638670444488,2.5477006435394287,-0.786688301220914,-0.2550836205482483,2.3433969020843506,-0.5859724002520901,-0.2698939740657806,-9.44717199137925,0.0
865,21.625,1.754331841345287e+18,-2.988117056289954,4.366042563094975,2.1386752601187626,-0.3044493919283191,10.793721486492966,0.24311399464138422,4.9594276936892445,-0.15336180103365477,-0.2278831005096435,2.7779853343963623,-0.6393100742775997,2.779834985733032,-0.7722127230292264,-0.3199594020843506,2.618898630142212,-0.7265638171452546,-0.3884737193584442,2.6237196922302246,-0.8165398866462705,-0.1893638670444488,2.5477006435394287,-0.786688301220914,-0.2550836205482483,-9.663742166713014,0.0
866,21.650000000000002,1.754331841370287e+18,-2.996620291554583,4.30842970907563,2.2668414377150916,-0.15192404839949886,10.790639134720774,-0.16411432408854576,4.355128498612495,-0.058230314516566996,0.0829558074474334,2.936180353164673,-0.6693389154495812,2.7779853343963623,-0.6393100742775997,-0.2278831005096435,2.779834985733032,-0.7722127230292264,-0.3199594020843506,2.618898630142212,-0.7265638171452546,-0.3884737193584442,2.6237196922302246,-0.8165398866462705,-0.1893638670444488,-10.034821742473277,0.0
867,21.675,1.754331841395287e+18,-2.988671345762248,4.2667203603007575,2.3719991081107814,-0.003395507106317334,10.773174260079564,-0.556013290583269,3.1160185723966576,0.045014420074620476,-0.0137633215636014,2.4266395568847656,-0.05464044877398422,2.936180353164673,-0.6693389154495812,0.0829558074474334,2.7779853343963623,-0.6393100742775997,-0.2278831005096435,2.779834985733032,-0.7722127230292264,-0.3199594020843506,2.618898630142212,-0.7265638171452546,-0.3884737193584442,-9.8145842933429,0.0
868,21.700000000000003,1.754331841420287e+18,-2.9971711091484554,4.224193035412173,2.4364318757242422,0.12005427931947416,10.77375167322631,-0.8990204926393671,1.406719837888093,0.14780670348539252,0.2013605386018753,2.1381044387817383,0.29832743694250397,2.4266395568847656,-0.05464044877398422,-0.0137633215636014,2.936180353164673,-0.6693389154495812,0.0829558074474334,2.7779853343963623,-0.6393100742775997,-0.2278831005096435,2.779834985733032,-0.7722127230292264,-0.3199594020843506,-9.408976172179358,0.0
869,21.725,1.754331841445287e+18,-3.0112202897875644,4.1562571871453375,2.4487091413972157,0.2021083628834876,10.764232094982884,-1.1547694817218315,-0.5290631916090869,0.24227575047719258,0.2013605386018753,2.1381044387817383,0.31060470261547746,2.1381044387817383,0.29832743694250397,0.2013605386018753,2.4266395568847656,-0.05464044877398422,-0.0137633215636014,2.936180353164673,-0.6693389154495812,0.0829558074474334,2.7779853343963623,-0.6393100742775997,-0.2278831005096435,-8.999043078475559,0.0
870,21.75,1.7543318414702868e+18,-3.013025361512132,4.116742884764578,2.4063225673754096,0.23467441141659184,10.736482616224416,-1.2884219516388085,-2.4099861568869043,0.3225482402481758,0.3222575485706329,1.648503065109253,0.7578195022661567,2.1381044387817383,0.31060470261547746,0.2013605386018753,2.1381044387817383,0.29832743694250397,0.2013605386018753,2.4266395568847656,-0.05464044877398422,-0.0137633215636014,2.936180353164673,-0.6693389154495812,0.0829558074474334,-8.070006156947994,0.0
871,21.775000000000002,1.754331841495287e+18,-3.0279714304951275,4.038112262505455,2.316150111361944,0.21957439066617515,10.71567766323248,-1.2775728198891696,-3.9671144945448225,0.38547152757772885,0.4305662512779236,1.4237855672836304,0.8923645440783137,1.648503065109253,0.7578195022661567,0.3222575485706329,2.1381044387817383,0.31060470261547746,0.2013605386018753,2.1381044387817383,0.29832743694250397,0.2013605386018753,2.4266395568847656,-0.05464044877398422,-0.0137633215636014,-7.0512836377397345,0.0
872,21.8,1.754331841520287e+18,-3.055765446040485,3.97931429145527,2.192607326674076,0.16781196665353715,10.645511793766246,-1.118344644317229,-4.990263130580319,0.4306924396649494,0.4305662512779236,1.4237855672836304,0.7688217593904456,1.4237855672836304,0.8923645440783137,0.4305662512779236,1.648503065109253,0.7578195022661567,0.3222575485706329,2.1381044387817383,0.31060470261547746,0.2013605386018753,2.1381044387817383,0.29832743694250397,0.2013605386018753,-6.311864512127821,0.0
873,21.825000000000003,1.754331841545287e+18,-3.084974336516252,3.929970967290644,2.0542034983365665,0.09631801446865348,10.600250926830261,-0.8266869389260685,-5.359767507337416,0.4601214588632267,0.4343548417091369,1.4063806533813477,0.6478228449552188,1.4237855672836304,0.7688217593904456,0.4305662512779236,1.4237855672836304,0.8923645440783137,0.4305662512779236,1.648503065109253,0.7578195022661567,0.3222575485706329,2.1381044387817383,0.31060470261547746,0.2013605386018753,-5.610789005613069,0.0
874,21.85,1.754331841570287e+18,-3.0910958332847045,3.910003760494484,1.919697792219679,0.023083208961537056,10.58616950362724,-0.43495727600998957,-5.057767756614737,0.4769557893095695,0.4592022895812988,1.3118127584457395,0.6078850337739394,1.4063806533813477,0.6478228449552188,0.4343548417091369,1.4237855672836304,0.7688217593904456,0.4305662512779236,1.4237855672836304,0.8923645440783137,0.4305662512779236,1.648503065109253,0.7578195022661567,0.3222575485706329,-4.937293484814152,0.0
875,21.875,1.754331841595287e+18,-3.1283716618426816,3.8221875057014856,1.804977608689512,-0.03757094718671954,10.569078209052211,0.0145740381611991,-4.159505990231297,0.484620094942209,0.4823670387268066,1.7166881561279297,0.08828945256158227,1.3118127584457395,0.6078850337739394,0.4592022895812988,1.4063806533813477,0.6478228449552188,0.4343548417091369,1.4237855672836304,0.7688217593904456,0.4305662512779236,1.4237855672836304,0.8923645440783137,0.4305662512779236,-4.809276610037395,0.0
876,21.900000000000002,1.754331841620287e+18,-3.142055310822209,3.788662504849336,1.7213055319169108,-0.07795079007148736,10.554215783708642,0.47724604286701316,-2.810545091115224,0.486018743363531,0.4916329681873321,1.8462486267089844,-0.12494309479207355,1.7166881561279297,0.08828945256158227,0.4823670387268066,1.3118127584457395,0.6078850337739394,0.4592022895812988,1.4063806533813477,0.6478228449552188,0.4343548417091369,1.4237855672836304,0.7688217593904456,0.4305662512779236,-4.877908554315539,0.0
877,21.925,1.754331841645287e+18,-3.1819799040081804,3.726610050360836,1.674978478998022,-0.09757530507087758,10.566753783439049,0.913013997048425,-1.198318665257648,0.48329465882332573,0.487210065126419,2.162172079086304,-0.48719360008828216,1.8462486267089844,-0.12494309479207355,0.4916329681873321,1.7166881561279297,0.08828945256158227,0.4823670387268066,1.3118127584457395,0.6078850337739394,0.4592022895812988,1.4063806533813477,0.6478228449552188,0.4343548417091369,-5.396957184183327,0.0
878,21.950000000000003,1.7543318416702868e+18,-3.207128104773924,3.674807743589183,1.6679402830995542,-0.10184127062645315,10.58989687251011,1.2919841556147806,0.4745259970448364,0.4780091555789788,0.4845295250415802,2.2564010620117188,-0.5884607789121645,2.162172079086304,-0.48719360008828216,0.487210065126419,1.8462486267089844,-0.12494309479207355,0.4916329681873321,1.7166881561279297,0.08828945256158227,0.4823670387268066,1.3118127584457395,0.6078850337739394,0.4592022895812988,-5.936253330014178,0.0
879,21.975,1.754331841695287e+18,-3.227045233118136,3.628043108222056,1.698634897230862,-0.0996153788091434,10.626698850474508,1.5977468576763887,2.0109828791448585,0.4714890136475926,0.4713217318058014,2.472165107727051,-0.7735302104961888,2.2564010620117188,-0.5884607789121645,0.4845295250415802,2.162172079086304,-0.48719360008828216,0.487210065126419,1.8462486267089844,-0.12494309479207355,0.4916329681873321,1.7166881561279297,0.08828945256158227,0.4823670387268066,-6.482524871140612,0.0
880,22.0,1.754331841720287e+18,-3.244611841612908,3.5894287300554133,1.762490604786345,-0.1004260872405622,10.647548184777419,1.8279594526335534,3.2347876385420884,0.4650832994046615,0.4708568155765533,2.4695498943328857,-0.7070592895465408,2.472165107727051,-0.7735302104961888,0.4713217318058014,2.2564010620117188,-0.5884607789121645,0.4845295250415802,2.162172079086304,-0.48719360008828216,0.487210065126419,1.8462486267089844,-0.12494309479207355,0.4916329681873321,-6.755135792017939,0.0
881,22.025000000000002,1.754331841745287e+18,-3.2525678693201447,3.5675090375626706,1.8518807410250093,-0.11170615297592706,10.702592738402707,1.992083209980177,4.0025298560126314,0.4601686987461543,0.4708568155765533,2.4695498943328857,-0.6176691533078764,2.4695498943328857,-0.7070592895465408,0.4708568155765533,2.472165107727051,-0.7735302104961888,0.4713217318058014,2.2564010620117188,-0.5884607789121645,0.4845295250415802,2.162172079086304,-0.48719360008828216,0.487210065126419,-7.093793605330373,0.0
882,22.05,1.754331841770287e+18,-3.266710842735153,3.5338221501298106,1.9559587181704174,-0.13657091161565638,10.733626820094967,2.106768332095793,4.215812837391087,0.4578696084296825,0.4491522312164306,2.6345036029815674,-0.6785448848111499,2.4695498943328857,-0.6176691533078764,0.4708568155765533,2.4695498943328857,-0.7070592895465408,0.4708568155765533,2.472165107727051,-0.7735302104961888,0.4713217318058014,2.2564010620117188,-0.5884607789121645,0.4845295250415802,-7.368674372335301,0.0
883,22.075000000000003,1.754331841795287e+18,-3.2838992308368877,3.479379617785928,2.0610219819155122,-0.17278979487422794,10.814659893823954,2.1899479815928418,3.834465050282557,0.4585889332487587,0.4441120326519012,2.608912944793701,-0.547890962878189,2.6345036029815674,-0.6785448848111499,0.4491522312164306,2.4695498943328857,-0.6176691533078764,0.4708568155765533,2.4695498943328857,-0.7070592895465408,0.4708568155765533,2.472165107727051,-0.7735302104961888,0.4713217318058014,-7.339376149612363,0.0
884,22.1,1.754331841820287e+18,-3.296925557690212,3.4432367247793865,2.151833799576134,-0.2135478562871099,10.854082324610433,2.2552595819430454,2.888709158810549,0.46155107319863253,0.4581927955150604,2.297154426574707,-0.14532062699857295,2.608912944793701,-0.547890962878189,0.4441120326519012,2.6345036029815674,-0.6785448848111499,0.4491522312164306,2.4695498943328857,-0.6176691533078764,0.4708568155765533,2.4695498943328857,-0.7070592895465408,0.4708568155765533,-7.098862984216779,0.0
885,22.125,1.754331841845287e+18,-3.3215471421731424,3.344660255085574,2.2138191453355804,-0.25002329192051415,10.974458361497334,2.308693758098236,1.4857016523089117,0.4645855626008439,0.4792678356170654,1.8899013996124268,0.3239177457231537,2.297154426574707,-0.14532062699857295,0.4581927955150604,2.608912944793701,-0.547890962878189,0.4441120326519012,2.6345036029815674,-0.6785448848111499,0.4491522312164306,2.4695498943328857,-0.6176691533078764,0.4708568155765533,-6.414813242453491,0.0
886,22.150000000000002,1.7543318418702868e+18,-3.315650018652013,3.3029739110627574,2.2356309515510797,-0.274901595666337,11.017993737839978,2.3488061645753255,-0.19470071790745297,0.46429854173441654,0.4421107470989227,1.664801001548767,0.5708299500023126,1.8899013996124268,0.3239177457231537,0.4792678356170654,2.297154426574707,-0.14532062699857295,0.4581927955150604,2.608912944793701,-0.547890962878189,0.4441120326519012,2.6345036029815674,-0.6785448848111499,0.4491522312164306,-5.268166902788829,0.0
887,22.175,1.754331841895287e+18,-3.312989284143783,3.276174647109233,2.2114617242260763,-0.28532263149784076,11.044025117188392,2.3703011084115366,-1.918267018892706,0.4566409329265449,0.453997790813446,1.4589515924453735,0.7525101317807028,1.664801001548767,0.5708299500023126,0.4421107470989227,1.8899013996124268,0.3239177457231537,0.4792678356170654,2.297154426574707,-0.14532062699857295,0.4581927955150604,2.608912944793701,-0.547890962878189,0.4441120326519012,-3.9432986155094776,0.0
888,22.200000000000003,1.754331841920287e+18,-3.31638210951889,3.233169389444165,2.1425617521355536,-0.28394575051142157,11.093065608818987,2.3690910523976783,-3.428479348957912,0.4377585894995228,0.4615496397018432,1.356400966644287,0.7861607854912664,1.4589515924453735,0.7525101317807028,0.453997790813446,1.664801001548767,0.5708299500023126,0.4421107470989227,1.8899013996124268,0.3239177457231537,0.4792678356170654,2.297154426574707,-0.14532062699857295,0.4581927955150604,-2.7621243390732557,0.0
889,22.225,1.754331841945287e+18,-3.307225338091369,3.1710076981110014,2.0375539611833036,-0.2777319422016602,11.173662605827822,2.3461773625472824,-4.48783472993176,0.4049156173609183,0.3985752463340759,1.3090447187423706,0.728509242440933,1.356400966644287,0.7861607854912664,0.4615496397018432,1.4589515924453735,0.7525101317807028,0.453997790813446,1.664801001548767,0.5708299500023126,0.4421107470989227,1.8899013996124268,0.3239177457231537,0.4792678356170654,-1.9563814507869282,0.0
890,22.25,1.754331841970287e+18,-3.303071508646632,3.1093915856406333,1.9113084669874565,-0.2750664815858785,11.254339538726843,2.308424356884184,-4.920484584451919,0.35722703333448697,0.3962862193584442,1.313959002494812,0.5973494644926445,1.3090447187423706,0.728509242440933,0.3985752463340759,1.356400966644287,0.7861607854912664,0.4615496397018432,1.4589515924453735,0.7525101317807028,0.453997790813446,1.664801001548767,0.5708299500023126,0.4421107470989227,-1.5482566151939798,0.0
891,22.275000000000002,1.754331841995287e+18,-3.2990014670570496,3.0651422563718747,1.7824641537486865,-0.28243780429537296,11.298468307798988,2.2659956661811016,-4.647000423568079,0.2959830611019867,0.2579145133495331,1.33586847782135,0.4465956759273364,1.313959002494812,0.5973494644926445,0.3962862193584442,1.3090447187423706,0.728509242440933,0.3985752463340759,1.356400966644287,0.7861607854912664,0.4615496397018432,1.4589515924453735,0.7525101317807028,0.453997790813446,-1.4161011203359621,0.0
892,22.3,1.754331842020287e+18,-3.2934270436691344,3.029517407709461,1.6701212091368927,-0.30191254449532834,11.34701946476441,2.2277131295572,-3.703145393252783,0.22452759060327582,0.2310774028301239,1.6373538970947266,0.0327673120421661,1.33586847782135,0.4465956759273364,0.2579145133495331,1.313959002494812,0.5973494644926445,0.3962862193584442,1.3090447187423706,0.728509242440933,0.3985752463340759,1.356400966644287,0.7861607854912664,0.4615496397018432,-1.9594038423838975,0.0
893,22.325000000000003,1.754331842045287e+18,-3.2754185998682823,2.979818897123065,1.5905167745965185,-0.3302385007264969,11.411331730761844,2.1961397112462033,-2.237722639604464,0.1478706827070285,0.0721309706568718,1.928657054901123,-0.3381402803046045,1.6373538970947266,0.0327673120421661,0.2310774028301239,1.33586847782135,0.4465956759273364,0.2579145133495331,1.313959002494812,0.5973494644926445,0.3962862193584442,1.3090447187423706,0.728509242440933,0.3985752463340759,-2.8293603803407024,0.0
894,22.35,1.7543318420702868e+18,-3.266369921262175,2.946303781428128,1.5544123236925724,-0.3597854523889057,11.457603000789925,2.164110380417622,-0.48897983074044005,0.07228070852845603,0.1536844074726104,2.179650068283081,-0.6252377445905086,1.928657054901123,-0.3381402803046045,0.0721309706568718,1.6373538970947266,0.0327673120421661,0.2310774028301239,1.33586847782135,0.4465956759273364,0.2579145133495331,1.313959002494812,0.5973494644926445,0.3962862193584442,-4.121773486053248,0.0
895,22.375,1.754331842095287e+18,-3.261816091860496,2.897228278343252,1.5655556616344721,-0.3809113551295679,11.503775924850883,2.1143087907184834,1.2564195961345255,0.004913685765535946,0.0613328106701374,2.2063632011413574,-0.6408075395068853,2.179650068283081,-0.6252377445905086,0.1536844074726104,1.928657054901123,-0.3381402803046045,0.0721309706568718,1.6373538970947266,0.0327673120421661,0.2310774028301239,1.33586847782135,0.4465956759273364,0.2579145133495331,-5.34554843783131,0.0
896,22.400000000000002,1.754331842120287e+18,-3.229289859843933,2.849387896434526,1.620239344709129,-0.3848918688745807,11.57520705377762,2.023016229310048,2.714172898374768,-0.046732314624505646,-0.1003143936395645,2.251530647277832,-0.631291302568703,2.2063632011413574,-0.6408075395068853,0.0613328106701374,2.179650068283081,-0.6252377445905086,0.1536844074726104,1.928657054901123,-0.3381402803046045,0.0721309706568718,1.6373538970947266,0.0327673120421661,0.2310774028301239,-6.10361809686264,0.0
897,22.425,1.754331842145287e+18,-3.2114152656287978,2.8137645279348504,1.7078633912790302,-0.36643756502912567,11.604331450049846,1.8677338343949201,3.65304792450542,-0.07575762142131771,-0.1534832864999771,2.388054847717285,-0.680191456438255,2.251530647277832,-0.631291302568703,-0.1003143936395645,2.2063632011413574,-0.6408075395068853,0.0613328106701374,2.179650068283081,-0.6252377445905086,0.1536844074726104,1.928657054901123,-0.3381402803046045,0.0721309706568718,-6.696770713410392,0.0
898,22.450000000000003,1.754331842170287e+18,-3.1955071604706715,2.7810448922143927,1.8124774075004606,-0.3250988419416381,11.644280608301427,1.6363706645799387,3.935515063367962,-0.07710389846013911,0.0248380657285451,2.3496198654174805,-0.5371424579170199,2.388054847717285,-0.680191456438255,-0.1534832864999771,2.251530647277832,-0.631291302568703,-0.1003143936395645,2.2063632011413574,-0.6408075395068853,0.0613328106701374,2.179650068283081,-0.6252377445905086,0.1536844074726104,-7.074970212571456,0.0
899,22.475,1.754331842195287e+18,-3.168513936498101,2.7478570424992776,1.9153172987928428,-0.2652969925301715,11.72290609757628,1.3343363148220757,3.5401373187870346,-0.048750272566903424,-0.0208103153854608,2.1942293643951416,-0.27891206560229875,2.3496198654174805,-0.5371424579170199,0.0248380657285451,2.388054847717285,-0.680191456438255,-0.1534832864999771,2.251530647277832,-0.631291302568703,-0.1003143936395645,2.2063632011413574,-0.6408075395068853,0.0613328106701374,-6.822406256994686,0.0
900,22.5,1.754331842220287e+18,-3.1447704774075618,2.707274477734724,1.9981555840490828,-0.19505389793392378,11.77961836065604,0.9862167162100903,2.5612494790826985,0.00745266458558356,-0.0799298956990242,1.841768264770508,0.15638731927857474,2.1942293643951416,-0.27891206560229875,-0.0208103153854608,2.3496198654174805,-0.5371424579170199,0.0248380657285451,2.388054847717285,-0.680191456438255,-0.1534832864999771,2.251530647277832,-0.631291302568703,-0.1003143936395645,-5.92026692912186,0.0
901,22.525000000000002,1.754331842245287e+18,-3.1041803928268434,2.6869825572902943,2.0468423689216686,-0.12378062627694097,11.802012199598074,0.6309328264288283,1.1863812144281405,0.0855549986005768,0.0057484237477183,1.8663692474365237,0.18047312148514494,1.841768264770508,0.15638731927857474,-0.0799298956990242,2.1942293643951416,-0.27891206560229875,-0.0208103153854608,2.3496198654174805,-0.5371424579170199,0.0248380657285451,2.388054847717285,-0.680191456438255,-0.1534832864999771,-5.016837262279456,0.0
902,22.55,1.7543318422702868e+18,-3.06872735817997,2.6562992572463493,2.054041716633684,-0.059846287707005535,11.80724828914624,0.31235392941699325,-0.3430570280290962,0.17617815489556335,0.2702285647392273,1.5602117776870728,0.4938299389466114,1.8663692474365237,0.18047312148514494,0.0057484237477183,1.841768264770508,0.15638731927857474,-0.0799298956990242,2.1942293643951416,-0.27891206560229875,-0.0208103153854608,2.3496198654174805,-0.5371424579170199,0.0248380657285451,-3.828508272216869,0.0
903,22.575000000000003,1.754331842295287e+18,-3.0285328410097145,2.615047992215149,2.0202833439678956,-0.008841757021293526,11.820369543312903,0.06929304237492023,-1.7784811403239407,0.2682202323623234,0.2702285647392273,1.5602117776870728,0.4600715662808228,1.5602117776870728,0.4938299389466114,0.2702285647392273,1.8663692474365237,0.18047312148514494,0.0057484237477183,1.841768264770508,0.15638731927857474,-0.0799298956990242,2.1942293643951416,-0.27891206560229875,-0.0208103153854608,-2.7115233171898243,0.0
904,22.6,1.754331842320287e+18,-3.0024336654264143,2.5891330431977435,1.9530947499636455,0.02684856729007388,11.836311691477652,-0.07163639978982127,-2.907527175365923,0.35121300350716744,0.3648968338966369,1.2637038230895996,0.6893909268740459,1.5602117776870728,0.4600715662808228,0.2702285647392273,1.5602117776870728,0.4938299389466114,0.2702285647392273,1.8663692474365237,0.18047312148514494,0.0057484237477183,1.841768264770508,0.15638731927857474,-0.0799298956990242,-1.3554089569940186,0.0
905,22.625,1.754331842345287e+18,-2.9668609854680748,2.565450152266809,1.8647051452202243,0.04725077441943738,11.808303507869631,-0.09897400638145819,-3.5850610459722607,0.41751105417220247,0.4307686388492584,1.3298145532608032,0.5348905919594211,1.2637038230895996,0.6893909268740459,0.3648968338966369,1.5602117776870728,0.4600715662808228,0.2702285647392273,1.5602117776870728,0.4938299389466114,0.2702285647392273,1.8663692474365237,0.18047312148514494,0.0057484237477183,-0.8094215360339032,0.0
906,22.650000000000002,1.754331842370287e+18,-2.914701898861344,2.5130927527136144,1.7691622278673371,0.05347512318783114,11.803790817464824,-0.0158628065067591,-3.7468767917273533,0.46356754554886825,0.4645541906356811,1.5210373401641846,0.24812488770315255,1.3298145532608032,0.5348905919594211,0.4307686388492584,1.2637038230895996,0.6893909268740459,0.3648968338966369,1.5602117776870728,0.4600715662808228,0.2702285647392273,1.5602117776870728,0.4938299389466114,0.2702285647392273,-0.37833495191201316,0.0
907,22.675,1.754331842395287e+18,-2.8914488661076927,2.4942944359762125,1.679656132890882,0.046684492325702195,11.802633734935215,0.16257159876905017,-3.4063841293374444,0.49000368781873943,0.4863502383232116,1.4279693365097046,0.2516867963811773,1.5210373401641846,0.24812488770315255,0.4645541906356811,1.3298145532608032,0.5348905919594211,0.4307686388492584,1.2637038230895996,0.6893909268740459,0.3648968338966369,1.5602117776870728,0.4600715662808228,0.2702285647392273,0.20172575299225026,0.0
908,22.700000000000003,1.754331842420287e+18,-2.8475399214475656,2.451743872981125,1.6066520580976145,0.027852812911707336,11.805006712475196,0.41277006244823145,-2.63905968597308,0.5006394797896139,0.4886129796504974,1.4344652891159058,0.1721867689817087,1.4279693365097046,0.2516867963811773,0.4863502383232116,1.5210373401641846,0.24812488770315255,0.4645541906356811,1.3298145532608032,0.5348905919594211,0.4307686388492584,1.2637038230895996,0.6893909268740459,0.3648968338966369,0.6694173653616478,0.0
909,22.725,1.754331842445287e+18,-2.8245215211712686,2.4298249940386123,1.5571710558762153,-0.0016931961111533295,11.805960298491938,0.7065708085335457,-1.5616344263738264,0.5009353323772098,0.4916254878044128,1.786590814590454,-0.2294197587142388,1.4344652891159058,0.1721867689817087,0.4886129796504974,1.4279693365097046,0.2516867963811773,0.4863502383232116,1.5210373401641846,0.24812488770315255,0.4645541906356811,1.3298145532608032,0.5348905919594211,0.4307686388492584,-0.5298833451599803,0.0
910,22.75,1.7543318424702868e+18,-2.776432661334269,2.382556514383655,1.5351221783354698,-0.0393799105015878,11.820811086856367,1.0149618887529552,-0.3123371018373148,0.4963785812779096,0.4867510795593261,2.087103366851806,-0.5519811885163364,1.786590814590454,-0.2294197587142388,0.4916254878044128,1.4344652891159058,0.1721867689817087,0.4886129796504974,1.4279693365097046,0.2516867963811773,0.4863502383232116,1.5210373401641846,0.24812488770315255,0.4645541906356811,-1.9595288026599869,0.0
911,22.775000000000002,1.754331842495287e+18,-2.7583429400546,2.364766337649889,1.5420876140833357,-0.08078467872978465,11.824814128371633,1.3115425756312364,0.9643755580750537,0.49125865708579797,0.4938347339630127,2.163053035736084,-0.6209654216527483,2.087103366851806,-0.5519811885163364,0.4867510795593261,1.786590814590454,-0.2294197587142388,0.4916254878044128,1.4344652891159058,0.1721867689817087,0.4886129796504974,1.4279693365097046,0.2516867963811773,0.4863502383232116,-3.4086679792025203,0.0
912,22.8,1.754331842520287e+18,-2.7412974530790946,2.338193583887822,1.5777936355181867,-0.11989808474728575,11.867082765641946,1.5755285501577154,2.1287625284304768,0.4880671394075663,0.4867629110813141,2.1491711139678955,-0.5713774784497088,2.163053035736084,-0.6209654216527483,0.4938347339630127,2.087103366851806,-0.5519811885163364,0.4867510795593261,1.786590814590454,-0.2294197587142388,0.4916254878044128,1.4344652891159058,0.1721867689817087,0.4886129796504974,-4.670053248625386,0.0
913,22.825000000000003,1.754331842545287e+18,-2.704094056693779,2.301907218117054,1.6398881395112213,-0.15046195474280744,11.894174466976168,1.7939913575667408,3.0551092754921916,0.48752534642574336,0.4910266399383545,2.1899232864379883,-0.550035146926767,2.1491711139678955,-0.5713774784497088,0.4867629110813141,2.163053035736084,-0.6209654216527483,0.4938347339630127,2.087103366851806,-0.5519811885163364,0.4867510795593261,1.786590814590454,-0.2294197587142388,0.4916254878044128,-5.7550402577521105,0.0
914,22.85,1.754331842570287e+18,-2.685581701639723,2.281684766431584,1.723306252696935,-0.16804572135737578,11.954844529795421,1.962803638300895,3.6424009304397784,0.4890659206261425,0.4952512979507446,2.300276279449463,-0.576970026752528,2.1899232864379883,-0.550035146926767,0.4910266399383545,2.1491711139678955,-0.5713774784497088,0.4867629110813141,2.163053035736084,-0.6209654216527483,0.4938347339630127,2.087103366851806,-0.5519811885163364,0.4867510795593261,-6.925198186734289,0.0
915,22.875,1.754331842595287e+18,-2.6485634538589053,2.254218903770001,1.8199188878535448,-0.17201599782396018,12.010152393798537,2.085845321620896,3.8273897155081515,0.4915150658277936,0.4939597249031067,2.348745107650757,-0.528826219797212,2.300276279449463,-0.576970026752528,0.4952512979507446,2.1899232864379883,-0.550035146926767,0.4910266399383545,2.1491711139678955,-0.5713774784497088,0.4867629110813141,2.163053035736084,-0.6209654216527483,0.4938347339630127,-8.11641056992087,0.0
916,22.900000000000002,1.754331842620287e+18,-2.6009900199453924,2.2256543776562188,1.9190647231397449,-0.16639565865574088,12.069306915794169,2.1725901680908297,3.5979625988752426,0.49373292350911485,0.4952272772789001,2.4715492725372314,-0.5524845493974866,2.348745107650757,-0.528826219797212,0.4939597249031067,2.300276279449463,-0.576970026752528,0.4952512979507446,2.1899232864379883,-0.550035146926767,0.4910266399383545,2.1491711139678955,-0.5713774784497088,0.4867629110813141,-8.522112264918553,0.0
917,22.925,1.754331842645287e+18,-2.5669005331244783,2.2015924360692285,2.0091105547870356,-0.15898137441948776,12.11481386775031,2.2348412296201055,3.002120232265166,0.49504222625760663,0.4952272772789001,2.4715492725372314,-0.46243871775019585,2.4715492725372314,-0.5524845493974866,0.4952272772789001,2.348745107650757,-0.528826219797212,0.4939597249031067,2.300276279449463,-0.576970026752528,0.4952512979507446,2.1899232864379883,-0.550035146926767,0.4910266399383545,-8.44091971491745,0.0
918,22.950000000000003,1.7543318426702868e+18,-2.5135151944640457,2.18289452316474,2.079696138170916,-0.15885781338470056,12.193965529324418,2.283598718857183,2.1472824764944165,0.49537300645030174,0.4976348876953125,2.272061586380005,-0.19236544820908907,2.4715492725372314,-0.46243871775019585,0.4952272772789001,2.4715492725372314,-0.5524845493974866,0.4952272772789001,2.348745107650757,-0.528826219797212,0.4939597249031067,2.300276279449463,-0.576970026752528,0.4952512979507446,-7.736662954319047,0.0
919,22.975,1.754331842695287e+18,-2.4800912129658768,2.162238492483378,2.1240309815838927,-0.17322403182789628,12.238996860338123,2.3268238856492016,1.1865983626455145,0.4951397911736456,0.4941427409648895,2.154296875,-0.030265893416107303,2.272061586380005,-0.19236544820908907,0.4976348876953125,2.4715492725372314,-0.46243871775019585,0.4952272772789001,2.4715492725372314,-0.5524845493974866,0.4952272772789001,2.348745107650757,-0.528826219797212,0.4939597249031067,-6.876090242720867,0.0
920,23.0,1.754331842720287e+18,-2.4509737176114275,2.1442438715421543,2.140561590338128,-0.20482608632081548,12.278226165550258,2.3684838530133407,0.2928621555717187,0.4949306135838093,0.4941427409648895,2.154296875,-0.013735284661871905,2.154296875,-0.030265893416107303,0.4941427409648895,2.272061586380005,-0.19236544820908907,0.4976348876953125,2.4715492725372314,-0.46243871775019585,0.4952272772789001,2.4715492725372314,-0.5524845493974866,0.4952272772789001,-5.98292796470562,0.0
921,23.025000000000002,1.754331842745287e+18,-2.3853323472939136,2.126274962106237,2.133462657473645,-0.2510496034444539,12.35648313233053,2.4088548578599376,-0.3749640203520007,0.4951253604875376,0.4920313954353332,2.103271484375,0.030191173098645052,2.154296875,-0.013735284661871905,0.4941427409648895,2.154296875,-0.030265893416107303,0.4941427409648895,2.272061586380005,-0.19236544820908907,0.4976348876953125,2.4715492725372314,-0.46243871775019585,0.4952272772789001,-5.037192728433855,0.0
922,23.05,1.754331842770287e+18,-2.303373577189479,2.0933961217464594,2.1117034671047916,-0.3049657648704689,12.439408597085372,2.4457474809884645,-0.7044914706126512,0.4955771358799823,0.4920313954353332,2.103271484375,0.00843198272979162,2.103271484375,0.030191173098645052,0.4920313954353332,2.154296875,-0.013735284661871905,0.4941427409648895,2.154296875,-0.030265893416107303,0.4941427409648895,2.272061586380005,-0.19236544820908907,0.4976348876953125,-4.207177391588819,0.0
923,23.075000000000003,1.754331842795287e+18,-2.285628762924789,2.0879180610714334,2.0868778254929343,-0.3577569849000179,12.46034176316483,2.4761840161975566,-0.6532100233576811,0.495479823166912,0.4936447739601135,2.1969127655029297,-0.11003494000999536,2.103271484375,0.00843198272979162,0.4920313954353332,2.103271484375,0.030191173098645052,0.4920313954353332,2.154296875,-0.013735284661871905,0.4941427409648895,2.154296875,-0.030265893416107303,0.4941427409648895,-3.552958332821455,0.0
924,23.1,1.754331842820287e+18,-2.21490928179713,2.089249726960777,2.0704140142153284,-0.40146036001468155,12.545126616424769,2.4979920042602424,-0.25596767839422463,0.4935033605869026,0.4899791181087494,2.272979974746704,-0.20256596053137566,2.1969127655029297,-0.11003494000999536,0.4936447739601135,2.103271484375,0.00843198272979162,0.4920313954353332,2.103271484375,0.030191173098645052,0.4920313954353332,2.154296875,-0.013735284661871905,0.4941427409648895,-2.8231607960042595,0.0
925,23.125,1.754331842845287e+18,-2.1751413097592227,2.0818977483326533,2.0709770219490005,-0.431075839478054,12.594433611272278,2.5107660865665817,0.38532936187995037,0.48820908774805116,0.4799763262271881,2.477248430252075,-0.40627140830307473,2.272979974746704,-0.20256596053137566,0.4899791181087494,2.1969127655029297,-0.11003494000999536,0.4936447739601135,2.103271484375,0.00843198272979162,0.4920313954353332,2.103271484375,0.030191173098645052,0.4920313954353332,-2.3750237826264384,0.0
926,23.150000000000002,1.7543318428702868e+18,-2.1117952928720323,2.0679647281251423,2.092749278150731,-0.44558771625140187,12.64491016362239,2.515884839270632,1.1267184639401568,0.4786689467598647,0.4821940958499908,2.6221628189086914,-0.5294135407579605,2.477248430252075,-0.40627140830307473,0.4799763262271881,2.272979974746704,-0.20256596053137566,0.4899791181087494,2.1969127655029297,-0.11003494000999536,0.4936447739601135,2.103271484375,0.00843198272979162,0.4920313954353332,-2.201898153400439,0.0
927,23.175,1.754331842895287e+18,-2.049441347448205,2.062744086890712,2.1349484598937534,-0.44792513083031177,12.719709417460512,2.515722901141492,1.8148781479248743,0.46511144296747375,0.4736672341823578,2.688686847686768,-0.5537383877930147,2.6221628189086914,-0.5294135407579605,0.4821940958499908,2.477248430252075,-0.40627140830307473,0.4799763262271881,2.272979974746704,-0.20256596053137566,0.4899791181087494,2.1969127655029297,-0.11003494000999536,0.4936447739601135,-2.115917166053717,0.0
928,23.200000000000003,1.754331842920287e+18,-1.9709216435428625,2.073711101892449,2.1925785777109135,-0.44411364208013826,12.818086062846659,2.5125379387645075,2.318927784247009,0.44932474973310094,0.472705602645874,2.6857831478118896,-0.4932045701009762,2.688686847686768,-0.5537383877930147,0.4736672341823578,2.6221628189086914,-0.5294135407579605,0.4821940958499908,2.477248430252075,-0.40627140830307473,0.4799763262271881,2.272979974746704,-0.20256596053137566,0.4899791181087494,-2.105677960340761,0.0
929,23.225,1.754331842945287e+18,-1.9499612775120532,2.0743327718756284,2.2580853557445355,-0.4419122117956923,12.844336218956201,2.5075287144911966,2.5538314955068318,0.43451953691886835,0.4431679546833038,2.82851505279541,-0.5704296970508747,2.6857831478118896,-0.4932045701009762,0.472705602645874,2.688686847686768,-0.5537383877930147,0.4736672341823578,2.6221628189086914,-0.5294135407579605,0.4821940958499908,2.477248430252075,-0.40627140830307473,0.4799763262271881,-2.2385958800597825,0.0
930,23.25,1.754331842970287e+18,-1.8669951007430343,2.1079718468160245,2.3233419488346905,-0.4491858081598489,12.934672375323725,2.5004143067008116,2.49106977698606,0.4244632070000706,0.4309477508068084,2.823267936706543,-0.4999259878718525,2.82851505279541,-0.5704296970508747,0.4431679546833038,2.6857831478118896,-0.4932045701009762,0.472705602645874,2.688686847686768,-0.5537383877930147,0.4736672341823578,2.6221628189086914,-0.5294135407579605,0.4821940958499908,-2.545685375993446,0.0
931,23.275000000000002,1.754331842995287e+18,-1.8319360953388968,2.11738903225802,2.3813285453608644,-0.4721646256458547,12.976861002776477,2.489819626924316,2.1561930883918885,0.4219640713878682,0.4309477508068084,2.823267936706543,-0.4419393913456786,2.823267936706543,-0.4999259878718525,0.4309477508068084,2.82851505279541,-0.5704296970508747,0.4431679546833038,2.6857831478118896,-0.4932045701009762,0.472705602645874,2.688686847686768,-0.5537383877930147,0.4736672341823578,-3.2504499028136573,0.0
932,23.3,1.754331843020287e+18,-1.7704889029991904,2.118155784339197,2.4270683427584188,-0.5136901092362526,13.019633809572083,2.474636510627904,1.6162149562128478,0.42713218326964386,0.3471342623233795,2.7928450107574463,-0.3657766679990275,2.823267936706543,-0.4419393913456786,0.4309477508068084,2.823267936706543,-0.4999259878718525,0.4309477508068084,2.82851505279541,-0.5704296970508747,0.4431679546833038,2.6857831478118896,-0.4932045701009762,0.472705602645874,-4.036001470523988,0.0
933,23.325000000000003,1.754331843045287e+18,-1.7215497732526843,2.134481224518651,2.4577732894698916,-0.5716861388802041,13.072613882810485,2.45598730329461,0.9615685360939389,0.43611129561729484,0.442555159330368,2.702868700027466,-0.24509541055757422,2.7928450107574463,-0.3657766679990275,0.3471342623233795,2.823267936706543,-0.4419393913456786,0.4309477508068084,2.823267936706543,-0.4999259878718525,0.4309477508068084,2.82851505279541,-0.5704296970508747,0.4431679546833038,-4.668150947066113,0.0
934,23.35,1.7543318430702868e+18,-1.6732037374227549,2.1619916108776893,2.472518025649749,-0.6384117735945487,13.140658725780273,2.438632687356243,0.2873250771635517,0.4409739725427108,0.4417683780193329,2.5743796825408936,-0.10186165689114457,2.702868700027466,-0.24509541055757422,0.442555159330368,2.7928450107574463,-0.3657766679990275,0.3471342623233795,2.823267936706543,-0.4419393913456786,0.4309477508068084,2.823267936706543,-0.4999259878718525,0.4309477508068084,-5.532350457254664,0.0
935,23.375,1.754331843095287e+18,-1.6055942651483726,2.174448004651917,2.471861039261856,-0.7012888294906939,13.245214710529508,2.4305039071620285,-0.3229332979925306,0.43111486930693815,0.4205387830734253,2.470496416091919,0.0013646231699371292,2.5743796825408936,-0.10186165689114457,0.4417683780193329,2.702868700027466,-0.24509541055757422,0.442555159330368,2.7928450107574463,-0.3657766679990275,0.3471342623233795,2.823267936706543,-0.4419393913456786,0.4309477508068084,-6.353610612120078,0.0
936,23.400000000000002,1.754331843120287e+18,-1.5321276832872837,2.221135125041486,2.4576143834346453,-0.7458199211197037,13.32604206375227,2.439928706712065,-0.8088910763127163,0.3959165188139984,0.4066483378410339,2.4685463905334477,-0.010932007098802377,2.470496416091919,0.0013646231699371292,0.4205387830734253,2.5743796825408936,-0.10186165689114457,0.4417683780193329,2.702868700027466,-0.24509541055757422,0.442555159330368,2.7928450107574463,-0.3657766679990275,0.3471342623233795,-7.051294175290245,0.0
937,23.425,1.754331843145287e+18,-1.4904166202860871,2.248289662743577,2.4326536127833993,-0.7601531898602779,13.377283007402646,2.471386025811768,-1.1405265612850806,0.3279782703253202,0.3168289363384247,2.4735898971557617,-0.04093628437236241,2.4685463905334477,-0.010932007098802377,0.4066483378410339,2.470496416091919,0.0013646231699371292,0.4205387830734253,2.5743796825408936,-0.10186165689114457,0.4417683780193329,2.702868700027466,-0.24509541055757422,0.442555159330368,-7.523587907682275,0.0
938,23.450000000000003,1.754331843170287e+18,-1.429716134511299,2.285035670373229,2.4005476281394036,-0.7397300763781506,13.42387125704829,2.521365403970141,-1.3205366129042178,0.22594388937000945,0.298200398683548,2.378135681152344,0.022411946987059395,2.4735898971557617,-0.04093628437236241,0.3168289363384247,2.4685463905334477,-0.010932007098802377,0.4066483378410339,2.470496416091919,0.0013646231699371292,0.4205387830734253,2.5743796825408936,-0.10186165689114457,0.4417683780193329,-7.810308217648416,0.0
939,23.475,1.754331843195287e+18,-1.397128055665112,2.311664476857449,2.3649229343700484,-0.6899709779626938,13.467481646162875,2.575949764449625,-1.3822805063445183,0.09593242854959463,0.1267538964748382,2.2933804988861084,0.07154243548394001,2.378135681152344,0.022411946987059395,0.298200398683548,2.4735898971557617,-0.04093628437236241,0.3168289363384247,2.4685463905334477,-0.010932007098802377,0.4066483378410339,2.470496416091919,0.0013646231699371292,0.4205387830734253,-7.794750778043433,0.0
940,23.5,1.754331843220287e+18,-1.3508692107034754,2.39061776563978,2.3286726729600415,-0.6254315968078852,13.544056537009668,2.6113856758410954,-1.3832442243754874,-0.049185989294603605,0.06074720621109,2.358719825744629,-0.03004715278458736,2.2933804988861084,0.07154243548394001,0.1267538964748382,2.378135681152344,0.022411946987059395,0.298200398683548,2.4735898971557617,-0.04093628437236241,0.3168289363384247,2.4685463905334477,-0.010932007098802377,0.4066483378410339,-7.935548289113038,0.0
941,23.525000000000002,1.754331843245287e+18,-1.3254849689649184,2.4158371634868896,2.2932142231936616,-0.5651423634839216,13.584364191843225,2.598226886809617,-1.394269145277214,-0.1927882282744222,-0.3700394928455353,2.033132314682007,0.2600819085116548,2.358719825744629,-0.03004715278458736,0.06074720621109,2.2933804988861084,0.07154243548394001,0.1267538964748382,2.378135681152344,0.022411946987059395,0.298200398683548,2.4735898971557617,-0.04093628437236241,0.3168289363384247,-7.721938906546292,0.0
942,23.55,1.7543318432702868e+18,-1.2977875800968413,2.4633801929475068,2.2579912752106184,-0.5255286005290726,13.637043909457564,2.508472008253302,-1.485557891466995,-0.3189008566917447,-0.4025077521800995,2.009353876113892,0.24863739909672633,2.033132314682007,0.2600819085116548,-0.3700394928455353,2.358719825744629,-0.03004715278458736,0.06074720621109,2.2933804988861084,0.07154243548394001,0.1267538964748382,2.378135681152344,0.022411946987059395,0.298200398683548,-7.273388739250269,0.0
943,23.575000000000003,1.754331843295287e+18,-1.241713431463937,2.5298427248288524,2.22038154417326,-0.5136309958006886,13.735551619705232,2.323665909371,-1.7115461538063443,-0.41632708739456853,-0.3771071434020996,2.198770523071289,0.021611021101970884,2.009353876113892,0.24863739909672633,-0.4025077521800995,2.033132314682007,0.2600819085116548,-0.3700394928455353,2.358719825744629,-0.03004715278458736,0.06074720621109,2.2933804988861084,0.07154243548394001,0.1267538964748382,-6.931079754328154,0.0
944,23.6,1.754331843320287e+18,-1.212502665963452,2.595637497379508,2.176125210339414,-0.5234869209178438,13.80192086343624,2.0410150918994097,-2.0976210508184128,-0.4808879623437808,-0.4608104825019836,1.7040245532989502,0.472100657040464,2.198770523071289,0.021611021101970884,-0.3771071434020996,2.009353876113892,0.24863739909672633,-0.4025077521800995,2.033132314682007,0.2600819085116548,-0.3700394928455353,2.358719825744629,-0.03004715278458736,0.06074720621109,-5.806178835131329,0.0
945,23.625,1.754331843345287e+18,-1.198709921056965,2.6176565556708464,2.1202866749206826,-0.537402499570423,13.832986057258134,1.6749889857605624,-2.631850795311626,-0.5151905235546503,-0.50338214635849,1.3732870817184448,0.7469995932022377,1.7040245532989502,0.472100657040464,-0.4608104825019836,2.198770523071289,0.021611021101970884,-0.3771071434020996,2.009353876113892,0.24863739909672633,-0.4025077521800995,2.033132314682007,0.2600819085116548,-0.3700394928455353,-4.462193611474859,0.0
946,23.650000000000002,1.754331843370287e+18,-1.1570254364963422,2.727545323411825,2.048588287140445,-0.5320468239885734,13.948325732138015,1.2536228278952406,-3.264075906009146,-0.5265177966506114,-0.5135603547096252,1.2476015090942385,0.8009867780462063,1.3732870817184448,0.7469995932022377,-0.50338214635849,1.7040245532989502,0.472100657040464,-0.4608104825019836,2.198770523071289,0.021611021101970884,-0.3771071434020996,2.009353876113892,0.24863739909672633,-0.4025077521800995,-3.2078990956351356,0.0
947,23.675,1.754331843395287e+18,-1.1493447799997585,2.7437255854859703,1.9587752147869797,-0.4874417721225289,13.968697598751493,0.8109353159074884,-3.9130121583325748,-0.5239845218310993,-0.5135603547096252,1.2476015090942385,0.7111737056927412,1.2476015090942385,0.8009867780462063,-0.5135603547096252,1.3732870817184448,0.7469995932022377,-0.50338214635849,1.7040245532989502,0.472100657040464,-0.4608104825019836,2.198770523071289,0.021611021101970884,-0.3771071434020996,-2.084787423766274,0.0
948,23.700000000000003,1.754331843420287e+18,-1.1604338149581288,2.7890102321388017,1.8515925541791516,-0.3955128649789324,13.951463126569916,0.3784349374630441,-4.479945757190049,-0.5159696753066144,-0.5063427090644836,1.1634584665298462,0.6881340876493054,1.2476015090942385,0.7111737056927412,-0.5135603547096252,1.2476015090942385,0.8009867780462063,-0.5135603547096252,1.3732870817184448,0.7469995932022377,-0.50338214635849,1.7040245532989502,0.472100657040464,-0.4608104825019836,-1.2746490707921405,0.0
949,23.725,1.754331843445287e+18,-1.1454173962581056,2.8494081105836626,1.731051338079582,-0.26460854244126,13.992305154870639,-0.021142593812177903,-4.865888569835102,-0.5084268952718171,-0.5060168504714966,0.9763347506523132,0.7547165874272688,1.1634584665298462,0.6881340876493054,-0.5063427090644836,1.2476015090942385,0.7111737056927412,-0.5135603547096252,1.2476015090942385,0.8009867780462063,-0.5135603547096252,1.3732870817184448,0.7469995932022377,-0.50338214635849,-0.9412090323091491,0.0
950,23.75,1.7543318434702868e+18,-1.151454264479189,2.911442921304909,1.6039084386324625,-0.11778766976746728,13.968321412690702,-0.37601266283192203,-4.988333642858026,-0.5042724994391536,-0.5060168504714966,0.9763347506523132,0.6275736879801492,0.9763347506523132,0.7547165874272688,-0.5060168504714966,1.1634584665298462,0.6881340876493054,-0.5063427090644836,1.2476015090942385,0.7111737056927412,-0.5135603547096252,1.2476015090942385,0.8009867780462063,-0.5135603547096252,-1.0329166030102759,0.0
951,23.775000000000002,1.754331843495287e+18,-1.1435937476903728,2.954166369773958,1.4785591752909122,0.01469777660477503,13.97840576114182,-0.6836037981892836,-4.794249436879661,-0.5037315693802412,-0.5125209093093872,1.0758038759231567,0.40275529936775545,0.9763347506523132,0.6275736879801492,-0.5060168504714966,0.9763347506523132,0.7547165874272688,-0.5060168504714966,1.1634584665298462,0.6881340876493054,-0.5063427090644836,1.2476015090942385,0.7111737056927412,-0.5135603547096252,-1.4658287442221805,0.0
952,23.8,1.754331843520287e+18,-1.1395608774733823,2.9963498703172284,1.3637026427913694,0.10570958588029464,13.954219381640046,-0.9467230339696121,-4.26740584179813,-0.5053059327427456,-0.5121369361877441,0.9246324300765992,0.4390702127147702,1.0758038759231567,0.40275529936775545,-0.5125209093093872,0.9763347506523132,0.6275736879801492,-0.5060168504714966,0.9763347506523132,0.7547165874272688,-0.5060168504714966,1.1634584665298462,0.6881340876493054,-0.5063427090644836,-1.8589577693167487,0.0
953,23.825000000000003,1.754331843545287e+18,-1.1318039986464452,3.052738631253516,1.267160491154783,0.14012873368988618,13.91892361317136,-1.1699373388418617,-3.4298725688080602,-0.5069394861022992,-0.5121451020240784,1.141255497932434,0.12590499322234883,0.9246324300765992,0.4390702127147702,-0.5121369361877441,1.0758038759231567,0.40275529936775545,-0.5125209093093872,0.9763347506523132,0.6275736879801492,-0.5060168504714966,0.9763347506523132,0.7547165874272688,-0.5060168504714966,-2.602831313302322,0.0
954,23.85,1.754331843570287e+18,-1.12625001769187,3.083451154956653,1.195137014432345,0.11904903020144625,13.90862703162703,-1.3577306401764635,-2.3388267967798657,-0.5069996061505221,-0.5092487335205078,1.4203758239746094,-0.22523880954226438,1.141255497932434,0.12590499322234883,-0.5121451020240784,0.9246324300765992,0.4390702127147702,-0.5121369361877441,1.0758038759231567,0.40275529936775545,-0.5125209093093872,0.9763347506523132,0.6275736879801492,-0.5060168504714966,-3.556981064946269,0.0
955,23.875,1.754331843595287e+18,-1.1032168087585346,3.124485781402188,1.151987326561007,0.05829387803103716,13.851879847171698,-1.5145714937426762,-1.0801924320665641,-0.5048309056345485,-0.5074626207351685,1.6927413940429688,-0.5407540674819618,1.4203758239746094,-0.22523880954226438,-0.5092487335205078,1.141255497932434,0.12590499322234883,-0.5121451020240784,0.9246324300765992,0.4390702127147702,-0.5121369361877441,1.0758038759231567,0.40275529936775545,-0.5125209093093872,-4.88878876957106,0.0
956,23.900000000000002,1.754331843620287e+18,-1.0974040972949275,3.152702679721471,1.1402618132966462,-0.017356515111630194,13.828106002723,-1.6458570058831252,0.23983533076985727,-0.5008071554762117,-0.4999407827854156,1.8671883344650269,-0.7269265211683806,1.6927413940429688,-0.5407540674819618,-0.5074626207351685,1.4203758239746094,-0.22523880954226438,-0.5092487335205078,1.141255497932434,0.12590499322234883,-0.5121451020240784,0.9246324300765992,0.4390702127147702,-0.5121369361877441,-6.159489226880863,0.0
957,23.925,1.754331843645287e+18,-1.078799394155853,3.196809462773607,1.1606364381076375,-0.08167858896321471,13.770110554094707,-1.7584728684179127,1.5051130649119406,-0.4959556537762497,-0.4937575459480285,1.9388779401779173,-0.7782415020702798,1.8671883344650269,-0.7269265211683806,-0.4999407827854156,1.6927413940429688,-0.5407540674819618,-0.5074626207351685,1.4203758239746094,-0.22523880954226438,-0.5092487335205078,1.141255497932434,0.12590499322234883,-0.5121451020240784,-7.26802825707138,0.0
958,23.950000000000003,1.7543318436702868e+18,-1.0711510954740238,3.226438699350173,1.2115191683592725,-0.11390653995269956,13.738824822888645,-1.8603328763439433,2.6018494351637633,-0.4913296183966492,-0.4889411330223083,1.979804754257202,-0.7682855858979294,1.9388779401779173,-0.7782415020702798,-0.4937575459480285,1.8671883344650269,-0.7269265211683806,-0.4999407827854156,1.6927413940429688,-0.5407540674819618,-0.5074626207351685,1.4203758239746094,-0.22523880954226438,-0.5092487335205078,-7.928849759621154,0.0
959,23.975,1.754331843695287e+18,-1.0473315131905974,3.250910402738624,1.2885426187809625,-0.10352240076445562,13.661320540790642,-1.9590844551509274,3.4325661176242264,-0.4873517866685486,-0.4803892374038696,2.0389509201049805,-0.7504083013240179,1.979804754257202,-0.7682855858979294,-0.4889411330223083,1.9388779401779173,-0.7782415020702798,-0.4937575459480285,1.8671883344650269,-0.7269265211683806,-0.4999407827854156,1.6927413940429688,-0.5407540674819618,-0.5074626207351685,-8.495189405853873,0.0
960,24.0,1.754331843720287e+18,-1.0441462921506597,3.259354405384088,1.3844446190764936,-0.05214592005810542,13.649115158145143,-2.060706874722932,3.9302160211089454,-0.4833462047333153,-0.4809188842773437,2.0444447994232178,-0.6600001803467241,2.0389509201049805,-0.7504083013240179,-0.4803892374038696,1.979804754257202,-0.7682855858979294,-0.4889411330223083,1.9388779401779173,-0.7782415020702798,-0.4937575459480285,1.8671883344650269,-0.7269265211683806,-0.4999407827854156,-8.569217185948508,0.0
961,24.025000000000002,1.754331843745287e+18,-1.0324364083254594,3.290397240012604,1.489740181051844,0.027863183100461306,13.604244296428211,-2.168803929353644,4.069672053936152,-0.477418249219024,-0.4726801216602325,2.385270118713379,-0.8955299376615349,2.0444447994232178,-0.6600001803467241,-0.4809188842773437,2.0389509201049805,-0.7504083013240179,-0.4803892374038696,1.979804754257202,-0.7682855858979294,-0.4889411330223083,1.9388779401779173,-0.7782415020702798,-0.4937575459480285,-8.67805882238913,0.0
962,24.05,1.754331843770287e+18,-1.0345588678496709,3.34961300992886,1.594190146438352,0.11787370679465527,13.512695655900169,-2.28486700228266,3.873261845184416,-0.46674403319138114,-0.4576974213123321,2.3524858951568604,-0.7582957487185082,2.385270118713379,-0.8955299376615349,-0.4726801216602325,2.0444447994232178,-0.6600001803467241,-0.4809188842773437,2.0389509201049805,-0.7504083013240179,-0.4803892374038696,1.979804754257202,-0.7682855858979294,-0.4889411330223083,-8.619814684461366,0.0
963,24.075000000000003,1.754331843795287e+18,-0.9879202948505288,3.3933971325343126,1.688658024695022,0.19918873286867825,13.416418030611947,-2.4088463766964185,3.4077960093108044,-0.44820357060158095,-0.4556031227111816,2.372031211853028,-0.6833731871580058,2.3524858951568604,-0.7582957487185082,-0.4576974213123321,2.385270118713379,-0.8955299376615349,-0.4726801216602325,2.0444447994232178,-0.6600001803467241,-0.4809188842773437,2.0389509201049805,-0.7504083013240179,-0.4803892374038696,-8.576624054474117,0.0
964,24.1,1.754331843820287e+18,-0.9879202948505288,3.3933971325343126,1.7667401121136452,0.2586756835128588,13.416418030611947,-2.5388536326482387,2.772568876108336,-0.41915752564552805,-0.4406459927558899,2.236482620239258,-0.4697425081256126,2.372031211853028,-0.6833731871580058,-0.4556031227111816,2.3524858951568604,-0.7582957487185082,-0.4576974213123321,2.385270118713379,-0.8955299376615349,-0.4726801216602325,2.0444447994232178,-0.6600001803467241,-0.4809188842773437,-8.274153839570504,0.0
965,24.125,1.754331843845287e+18,-0.933651023128709,3.445910467026917,1.8256398049123772,0.2917007997101325,13.320581705156835,-2.6694727753008944,2.080425600974321,-0.37807132600075427,-0.4162681400775909,2.317157745361328,-0.4915179404489509,2.236482620239258,-0.4697425081256126,-0.4406459927558899,2.372031211853028,-0.6833731871580058,-0.4556031227111816,2.3524858951568604,-0.7582957487185082,-0.4576974213123321,2.385270118713379,-0.8955299376615349,-0.4726801216602325,-8.126361705741855,0.0
966,24.150000000000002,1.7543318438702868e+18,-0.9017778396672638,3.4541869348579057,1.8660837424239851,0.301697494559532,13.254606585223142,-2.789549373982179,1.4361992096956748,-0.324729453130826,-0.3419772386550903,2.279977798461914,-0.41389405603792895,2.317157745361328,-0.4915179404489509,-0.4162681400775909,2.236482620239258,-0.4697425081256126,-0.4406459927558899,2.372031211853028,-0.6833731871580058,-0.4556031227111816,2.3524858951568604,-0.7582957487185082,-0.4576974213123321,-7.8709168463302035,0.0
967,24.175,1.754331843895287e+18,-0.8477912213841439,3.5142214773347087,1.8914589462870715,0.2972904365878998,13.158598770481165,-2.8811995517701234,0.9177728958511527,-0.26004554264653096,-0.112567588686943,2.27057147026062,-0.37911252397354867,2.279977798461914,-0.41389405603792895,-0.3419772386550903,2.317157745361328,-0.4915179404489509,-0.4162681400775909,2.236482620239258,-0.4697425081256126,-0.4406459927558899,2.372031211853028,-0.6833731871580058,-0.4556031227111816,-8.195388921529768,0.0
968,24.200000000000003,1.754331843920287e+18,-0.8477912213841439,3.5142214773347087,1.9065647988379775,0.2885474552498767,13.158598770481165,-2.921484494988085,0.5643553931667425,-0.18585527849089856,-0.1886333376169204,1.9474844932556152,-0.040919694417637764,2.27057147026062,-0.37911252397354867,-0.112567588686943,2.279977798461914,-0.41389405603792895,-0.3419772386550903,2.317157745361328,-0.4915179404489509,-0.4162681400775909,2.236482620239258,-0.4697425081256126,-0.4406459927558899,-8.53463605288991,0.0
969,24.225,1.754331843945287e+18,-0.8137304027276882,3.547923127799548,1.9163462918826781,0.2836427660943544,13.078169356134191,-2.8870687637958463,0.3745078819540629,-0.10519505956640597,-0.1730192750692367,2.029327392578125,-0.11298110069544687,1.9474844932556152,-0.040919694417637764,-0.1886333376169204,2.27057147026062,-0.37911252397354867,-0.112567588686943,2.279977798461914,-0.41389405603792895,-0.3419772386550903,2.317157745361328,-0.4915179404489509,-0.4162681400775909,-8.958221856200833,0.0
970,24.25,1.754331843970287e+18,-0.7669225443762198,3.58390077575206,1.9248352763199896,0.28672053043361245,12.990369791604607,-2.760775317941891,0.31372252362618347,-0.023119014784118548,-0.0376053266227245,2.190664768218994,-0.2658294918990045,2.029327392578125,-0.11298110069544687,-0.1730192750692367,1.9474844932556152,-0.040919694417637764,-0.1886333376169204,2.27057147026062,-0.37911252397354867,-0.112567588686943,2.279977798461914,-0.41389405603792895,-0.3419772386550903,-9.981870850365995,0.0
971,24.275000000000002,1.754331843995287e+18,-0.7242008239860533,3.602447270074081,1.9344434677913933,0.2973874329290128,12.93057338999376,-2.537712098582913,0.32878997442047664,0.05261726827911517,-0.0557649359107017,2.1154284477233887,-0.18098497993199536,2.190664768218994,-0.2658294918990045,-0.0376053266227245,2.029327392578125,-0.11298110069544687,-0.1730192750692367,1.9474844932556152,-0.040919694417637764,-0.1886333376169204,2.27057147026062,-0.37911252397354867,-0.112567588686943,-11.055220374376303,0.0
972,24.3,1.754331844020287e+18,-0.6833624728929681,3.6277302889209286,1.9457381283574233,0.3117559983461563,12.850971659924193,-2.2282136954780007,0.36455363268337204,0.11195603003641384,0.1671221256256103,2.0524258613586426,-0.10668773300121925,2.1154284477233887,-0.18098497993199536,-0.0557649359107017,2.190664768218994,-0.2658294918990045,-0.0376053266227245,2.029327392578125,-0.11298110069544687,-0.1730192750692367,1.9474844932556152,-0.040919694417637764,-0.1886333376169204,-11.930729866767969,0.0
973,24.325000000000003,1.754331844045287e+18,-0.6303493665241939,3.642625888344666,1.9577643542970142,0.32431626966224697,12.738596507152431,-1.855894673270087,0.37835647006572176,0.14443771196677094,0.2193027883768081,2.1402175426483154,-0.1824531883513012,2.0524258613586426,-0.10668773300121925,0.1671221256256103,2.1154284477233887,-0.18098497993199536,-0.0557649359107017,2.190664768218994,-0.2658294918990045,-0.0376053266227245,2.029327392578125,-0.11298110069544687,-0.1730192750692367,-12.761005900074489,0.0
974,24.35,1.7543318440702868e+18,-0.5102214463384245,3.672364326296667,1.9687919938234844,0.3297117483342886,12.675311802012159,-1.451534629988591,0.34855070992882875,0.14207048183625479,0.1478407680988311,2.041520833969116,-0.07272884014563186,2.1402175426483154,-0.1824531883513012,0.2193027883768081,2.0524258613586426,-0.10668773300121925,0.1671221256256103,2.1154284477233887,-0.18098497993199536,-0.0557649359107017,2.190664768218994,-0.2658294918990045,-0.0376053266227245,-13.441619773994061,0.0
975,24.375,1.754331844095287e+18,-0.5102214463384245,3.672364326296667,1.9771733622650232,0.32393011084759094,12.675311802012159,-1.0459284285689066,0.2754752922150588,0.10201629217989085,0.0456799007952213,2.0008656978607178,-0.023692335595694614,2.041520833969116,-0.07272884014563186,0.1478407680988311,2.1402175426483154,-0.1824531883513012,0.2193027883768081,2.0524258613586426,-0.10668773300121925,0.1671221256256103,2.1154284477233887,-0.18098497993199536,-0.0557649359107017,-13.553601562151336,0.0
976,24.400000000000002,1.754331844120287e+18,-0.4795094153321892,3.681084331640879,1.9819696329079364,0.3049172998041052,12.638442701711693,-0.665342208761241,0.1756577665308261,0.02803758686326706,0.0621804855763912,2.2354543209075928,-0.2534846879996564,2.0008656978607178,-0.023692335595694614,0.0456799007952213,2.041520833969116,-0.07272884014563186,0.1478407680988311,2.1402175426483154,-0.1824531883513012,0.2193027883768081,2.0524258613586426,-0.10668773300121925,0.1671221256256103,-13.682143155358919,0.0
977,24.425,1.754331844145287e+18,-0.4310739852643417,3.670772344120799,1.9831650379979202,0.2727292653467761,12.628703035959687,-0.33108881125934664,0.0719511371141838,-0.06982174574572943,0.0621804855763912,2.2354543209075928,-0.25228928290967256,2.2354543209075928,-0.2534846879996564,0.0621804855763912,2.0008656978607178,-0.023692335595694614,0.0456799007952213,2.041520833969116,-0.07272884014563186,0.1478407680988311,2.1402175426483154,-0.1824531883513012,0.2193027883768081,-13.44723883818031,0.0
978,24.450000000000003,1.754331844170287e+18,-0.3821536226011499,3.679401785453917,1.981506052151632,0.22926668945255171,12.589458060568054,-0.061567394366452456,-0.016682996561541544,-0.17734357939387393,-0.2368745356798172,1.9094719886779783,0.0720340634736536,2.2354543209075928,-0.25228928290967256,0.0621804855763912,2.2354543209075928,-0.2534846879996564,0.0621804855763912,2.0008656978607178,-0.023692335595694614,0.0456799007952213,2.041520833969116,-0.07272884014563186,0.1478407680988311,-12.786743995794492,0.0
979,24.475,1.754331844195287e+18,-0.2986287149278404,3.678065214090136,1.9781341322489268,0.1777342632150921,12.613818339813792,0.1263587114688287,-0.08222387014414921,-0.27957889648292605,-0.4010587930679321,1.966817021369934,0.011317110878992676,1.9094719886779783,0.0720340634736536,-0.2368745356798172,2.2354543209075928,-0.25228928290967256,0.0621804855763912,2.2354543209075928,-0.2534846879996564,0.0621804855763912,2.0008656978607178,-0.023692335595694614,0.0456799007952213,-12.00189667441931,0.0
980,24.5,1.754331844220287e+18,-0.2551736389074976,3.6814174090711935,1.974177899105681,0.12211682949975797,12.59639387119122,0.21850383738672363,-0.1292121961080857,-0.3645814320053732,-0.3885938227176666,2.3030285835266118,-0.3288506844209307,1.966817021369934,0.011317110878992676,-0.4010587930679321,1.9094719886779783,0.0720340634736536,-0.2368745356798172,2.2354543209075928,-0.25228928290967256,0.0621804855763912,2.2354543209075928,-0.2534846879996564,0.0621804855763912,-11.6236880692937,0.0
981,24.525000000000002,1.754331844245287e+18,-0.1940176781174711,3.684770005559013,1.9703931508488568,0.0668755278915305,12.64502718898738,0.20649224108192554,-0.17059713326091622,-0.42603720494501074,-0.3885938227176666,2.3030285835266118,-0.33263543267775497,2.3030285835266118,-0.3288506844209307,-0.3885938227176666,1.966817021369934,0.011317110878992676,-0.4010587930679321,1.9094719886779783,0.0720340634736536,-0.2368745356798172,2.2354543209075928,-0.25228928290967256,0.0621804855763912,-11.338654348663578,0.0
982,24.55,1.7543318442702868e+18,-0.1289292685844802,3.689479316298023,1.9669012694977281,0.016777804952348457,12.644614836568739,0.09097728923322242,-0.21946323920082292,-0.4638233792024063,-0.4683629274368286,2.1041958332061768,-0.1372945637084486,2.3030285835266118,-0.33263543267775497,-0.3885938227176666,2.3030285835266118,-0.3288506844209307,-0.3885938227176666,1.966817021369934,0.011317110878992676,-0.4010587930679321,1.9094719886779783,0.0720340634736536,-0.2368745356798172,-10.797404027560878,0.0
983,24.575000000000003,1.754331844295287e+18,-0.1289292685844802,3.689479316298023,1.9631283486979794,-0.0234039554911512,12.644614836568739,-0.11678371770439061,-0.2797783110036094,-0.482551701136136,-0.4509502649307251,1.9687846899032595,-0.005656341205280135,2.1041958332061768,-0.1372945637084486,-0.4683629274368286,2.3030285835266118,-0.33263543267775497,-0.3885938227176666,2.3030285835266118,-0.3288506844209307,-0.3885938227176666,1.966817021369934,0.011317110878992676,-0.4010587930679321,-10.255169405887967,0.0
984,24.6,1.754331844320287e+18,-0.038331227064996,3.696764988882324,1.9580867027883515,-0.04948245278394328,12.667911810890809,-0.39581821352782004,-0.33980555600367046,-0.4889996035209255,-0.476153552532196,2.0919978618621826,-0.1339111590738311,1.9687846899032595,-0.005656341205280135,-0.4509502649307251,2.1041958332061768,-0.1372945637084486,-0.4683629274368286,2.3030285835266118,-0.33263543267775497,-0.3885938227176666,2.3030285835266118,-0.3288506844209307,-0.3885938227176666,-10.243759937963228,0.0
985,24.625,1.754331844345287e+18,0.0011970499212585,3.700538425787255,1.951024690504013,-0.058595537834491805,12.670994008973835,-0.7187031942798006,-0.3711212726596337,-0.48954559986574503,-0.4725331366062164,2.054417371749878,-0.10339268124586498,2.0919978618621826,-0.1339111590738311,-0.476153552532196,1.9687846899032595,-0.005656341205280135,-0.4509502649307251,2.1041958332061768,-0.1372945637084486,-0.4683629274368286,2.3030285835266118,-0.33263543267775497,-0.3885938227176666,-10.671070364932245,0.0
986,24.650000000000002,1.754331844370287e+18,0.0585168860152522,3.70482428914731,1.942230410946549,-0.04974164089123693,12.659755831159703,-1.0563464539403422,-0.3344115609642053,-0.4884350036902544,-0.4900268614292145,2.215573787689209,-0.27334337674266007,2.054417371749878,-0.10339268124586498,-0.4725331366062164,2.0919978618621826,-0.1339111590738311,-0.476153552532196,1.9687846899032595,-0.005656341205280135,-0.4509502649307251,2.1041958332061768,-0.1372945637084486,-0.4683629274368286,-11.515243691677217,0.0
987,24.675,1.754331844395287e+18,0.11904304413319,3.71178925563,1.933610490916246,-0.023842606385143614,12.65563432720581,-1.3828337481690325,-0.19090796531894924,-0.48722173486693615,-0.4967799484729767,1.9774136543273928,-0.04380316341114687,2.215573787689209,-0.27334337674266007,-0.4900268614292145,2.054417371749878,-0.10339268124586498,-0.4725331366062164,2.0919978618621826,-0.1339111590738311,-0.476153552532196,1.9687846899032595,-0.005656341205280135,-0.4509502649307251,-12.311556986869068,0.0
988,24.700000000000003,1.754331844420287e+18,0.1251015058954734,3.714039940635246,1.9287083588322884,0.01661511091917645,12.602436175609984,-1.6788535740214154,0.0837615181827314,-0.4852791266618943,-0.4888755977153778,2.227231025695801,-0.29852266686351236,1.9774136543273928,-0.04380316341114687,-0.4967799484729767,2.215573787689209,-0.27334337674266007,-0.4900268614292145,2.054417371749878,-0.10339268124586498,-0.4725331366062164,2.0919978618621826,-0.1339111590738311,-0.476153552532196,-13.396240439223847,0.0
989,24.725,1.754331844445287e+18,0.1760817613507486,3.720127061491488,1.9320285337303442,0.06807541060645822,12.5777916589234,-1.9329341377335967,0.48761486131730936,-0.4809731897072593,-0.4810370802879333,2.449739933013916,-0.5177113992835718,2.227231025695801,-0.29852266686351236,-0.4888755977153778,1.9774136543273928,-0.04380316341114687,-0.4967799484729767,2.215573787689209,-0.27334337674266007,-0.4900268614292145,2.054417371749878,-0.10339268124586498,-0.4725331366062164,-14.642461080948351,0.0
990,24.75,1.7543318444702868e+18,0.2500977417408934,3.719235158461876,1.9478000078200493,0.1263002367804501,12.503850156800722,-2.140740798585796,0.9862009530665888,-0.47299181701264864,-0.4809809625148773,2.481048583984375,-0.5332485761643257,2.449739933013916,-0.5177113992835718,-0.4810370802879333,2.227231025695801,-0.29852266686351236,-0.4888755977153778,1.9774136543273928,-0.04380316341114687,-0.4967799484729767,2.215573787689209,-0.27334337674266007,-0.4900268614292145,-15.773059121605321,0.0
991,24.775000000000002,1.754331844495287e+18,0.3026851666657753,3.720193906323965,1.9785695100951286,0.18662573817481776,12.45090535750695,-2.3032946434264367,1.5145616143854992,-0.4613763226966516,-0.4726815819740295,2.515701532363892,-0.5371320222687634,2.481048583984375,-0.5332485761643257,-0.4809809625148773,2.449739933013916,-0.5177113992835718,-0.4810370802879333,2.227231025695801,-0.29852266686351236,-0.4888755977153778,1.9774136543273928,-0.04380316341114687,-0.4967799484729767,-16.756786819801423,0.0
992,24.8,1.754331844520287e+18,0.3662989427864174,3.720690963987579,2.024138135748768,0.2442499762645094,12.394112996379054,-2.4250239672860725,1.9870578130668235,-0.44792854838564355,-0.4686356782913208,2.644370079040528,-0.6202319432917598,2.515701532363892,-0.5371320222687634,-0.4726815819740295,2.481048583984375,-0.5332485761643257,-0.4809809625148773,2.449739933013916,-0.5177113992835718,-0.4810370802879333,2.227231025695801,-0.29852266686351236,-0.4888755977153778,-17.409786075135347,0.0
993,24.825000000000003,1.754331844545287e+18,0.4170071261096351,3.720353621930109,2.081227429642851,0.29473083945488243,12.34120740559682,-2.512312714662277,2.312574102929593,-0.43584080088343025,-0.4379424750804901,2.717824459075928,-0.6365970294330774,2.644370079040528,-0.6202319432917598,-0.4686356782913208,2.515701532363892,-0.5371320222687634,-0.4726815819740295,2.481048583984375,-0.5332485761643257,-0.4809809625148773,2.449739933013916,-0.5177113992835718,-0.4810370802879333,-17.70824282426382,0.0
994,24.85,1.754331844570287e+18,0.466461225419124,3.7124515859882328,2.1439491001329287,0.3347048410785062,12.263794436975584,-2.572796709231443,2.411321218070064,-0.4286389074910062,-0.4136690199375152,2.78857684135437,-0.6446277412214414,2.717824459075928,-0.6365970294330774,-0.4379424750804901,2.644370079040528,-0.6202319432917598,-0.4686356782913208,2.515701532363892,-0.5371320222687634,-0.4726815819740295,2.481048583984375,-0.5332485761643257,-0.4809809625148773,-17.727632820894755,0.0
995,24.875,1.754331844595287e+18,0.5666040266112837,3.682928120396564,2.2048563962895273,0.362605596168722,12.148793530734402,-2.6151148196854086,2.2294986670763115,-0.42881999191430153,-0.396329402923584,2.6898961067199707,-0.48503971043044336,2.78857684135437,-0.6446277412214414,-0.4136690199375152,2.717824459075928,-0.6365970294330774,-0.4379424750804901,2.644370079040528,-0.6202319432917598,-0.4686356782913208,2.515701532363892,-0.5371320222687634,-0.4726815819740295,-17.57186499181831,0.0
996,24.900000000000002,1.754331844620287e+18,0.5666040266112837,3.682928120396564,2.256202438634585,0.3790338051463579,12.148793530734402,-2.648414903281044,1.74923398832022,-0.43677749267176735,-0.3856493830680847,2.728611469268799,-0.4724090306342137,2.6898961067199707,-0.48503971043044336,-0.396329402923584,2.78857684135437,-0.6446277412214414,-0.4136690199375152,2.717824459075928,-0.6365970294330774,-0.4379424750804901,2.644370079040528,-0.6202319432917598,-0.4686356782913208,-17.41298271988382,0.0
997,24.925,1.754331844645287e+18,0.6295174247093631,3.658047712711192,2.2910341344727936,0.3865159401692561,12.070090336295474,-2.6810350300109964,0.9928267356601553,-0.4505529065437854,-0.4934243857860565,2.084282636642456,0.20675149783033753,2.728611469268799,-0.4724090306342137,-0.3856493830680847,2.6898961067199707,-0.48503971043044336,-0.396329402923584,2.78857684135437,-0.6446277412214414,-0.4136690199375152,2.717824459075928,-0.6365970294330774,-0.4379424750804901,-16.52603976561523,0.0
998,24.950000000000003,1.7543318446702868e+18,0.6963120750873721,3.635722401520861,2.3039035301466817,0.38867162942465666,11.987751511049938,-2.7184995287300193,0.02165321973219942,-0.4665644419224288,-0.4928040504455566,2.030161142349243,0.27374238779743854,2.084282636642456,0.20675149783033753,-0.4934243857860565,2.728611469268799,-0.4724090306342137,-0.3856493830680847,2.6898961067199707,-0.48503971043044336,-0.396329402923584,2.78857684135437,-0.6446277412214414,-0.4136690199375152,-15.71515491990077,0.0
999,24.975,1.754331844695287e+18,0.7353723747022127,3.606814865160051,2.291234021389309,0.3891294069750268,11.930675931555086,-2.7617693765070936,-1.0693206264284218,-0.48092669530337295,-0.4952934086322784,1.744831681251526,0.5464023401377831,2.030161142349243,0.27374238779743854,-0.4928040504455566,2.084282636642456,0.20675149783033753,-0.4934243857860565,2.728611469268799,-0.4724090306342137,-0.3856493830680847,2.6898961067199707,-0.48503971043044336,-0.396329402923584,-14.889840514160689,0.0
1000,25.0,1.754331844720287e+18,0.7827491482112783,3.583284224615708,2.2515772578255433,0.39066870385734725,11.867733654620828,-2.8068376638002737,-2.160583295986244,-0.490661796566453,-0.4952934086322784,1.744831681251526,0.5067455765740172,1.744831681251526,0.5464023401377831,-0.4952934086322784,2.030161142349243,0.27374238779743854,-0.4928040504455566,2.084282636642456,0.20675149783033753,-0.4934243857860565,2.728611469268799,-0.4724090306342137,-0.3856493830680847,-14.539482256865247,0.0
1001,25.025000000000002,1.754331844745287e+18,0.8405104802631755,3.5364557122729843,2.185976829397113,0.3949272411859064,11.789925438144326,-2.8461346078584993,-3.1202156866347037,-0.49422847847027185,-0.4894229769706726,1.608757734298706,0.5772190950984069,1.744831681251526,0.5067455765740172,-0.4952934086322784,1.744831681251526,0.5464023401377831,-0.4952934086322784,2.030161142349243,0.27374238779743854,-0.4928040504455566,2.084282636642456,0.20675149783033753,-0.4934243857860565,-14.142736283251985,0.0
1002,25.05,1.754331844770287e+18,0.8910153434141765,3.5034853686055474,2.0984316535084413,0.40267125797285375,11.715690867495715,-2.8713673619349445,-3.818738497270805,-0.4912187636879937,-0.4713801741600036,1.6344342231750488,0.46399743033339247,1.608757734298706,0.5772190950984069,-0.4894229769706726,1.744831681251526,0.5067455765740172,-0.4952934086322784,1.744831681251526,0.5464023401377831,-0.4952934086322784,2.030161142349243,0.27374238779743854,-0.4928040504455566,-14.172568791865203,0.0
1003,25.075000000000003,1.754331844795287e+18,0.9274988610255996,3.451201318487426,1.996200289187223,0.4142612995921287,11.633688236165558,-2.876808179509027,-4.145763517834596,-0.4814712096846866,-0.4952968657016754,1.4147849082946775,0.5814153808925455,1.6344342231750488,0.46399743033339247,-0.4713801741600036,1.608757734298706,0.5772190950984069,-0.4894229769706726,1.744831681251526,0.5067455765740172,-0.4952934086322784,1.744831681251526,0.5464023401377831,-0.4952934086322784,-14.05122497725348,0.0
1004,25.1,1.754331844820287e+18,0.9788481925444268,3.3978269714397165,1.8895832832815407,0.4298117936548904,11.546461573800087,-2.8617063877198907,-4.026567192405586,-0.4640312164845875,-0.484295129776001,1.5746150016784668,0.3149682816030739,1.4147849082946775,0.5814153808925455,-0.4952968657016754,1.6344342231750488,0.46399743033339247,-0.4713801741600036,1.608757734298706,0.5772190950984069,-0.4894229769706726,1.744831681251526,0.5067455765740172,-0.4952934086322784,-14.425647622524453,0.0
1005,25.125,1.754331844845287e+18,1.02171884189731,3.343673832816473,1.7909459684384597,0.4487909171094059,11.436072181643917,-2.8306114239090276,-3.435800845354268,-0.43638726718714405,-0.4069139659404754,2.1533350944519043,-0.36238912601344464,1.5746150016784668,0.3149682816030739,-0.484295129776001,1.4147849082946775,0.5814153808925455,-0.4952968657016754,1.6344342231750488,0.46399743033339247,-0.4713801741600036,1.608757734298706,0.5772190950984069,-0.4894229769706726,-15.32292734049732,0.0
1006,25.150000000000002,1.7543318448702868e+18,1.0255449701117607,3.333164536709037,1.7130535224257397,0.46928049482443684,11.432106595667696,-2.7912007644393597,-2.4053315164720153,-0.3943688790764584,-0.3285925090312958,2.2645022869110107,-0.551448764485271,2.1533350944519043,-0.36238912601344464,-0.4069139659404754,1.5746150016784668,0.3149682816030739,-0.484295129776001,1.4147849082946775,0.5814153808925455,-0.4952968657016754,1.6344342231750488,0.46399743033339247,-0.4713801741600036,-16.122500992685744,0.0
1007,25.175,1.754331844895287e+18,1.046533785090971,3.301692239415955,1.6670951964612093,0.48749126520737585,11.373252677268486,-2.750406750947284,-1.0240096145812008,-0.33303289512630985,-0.2998795211315155,2.32946515083313,-0.6623699543719206,2.2645022869110107,-0.551448764485271,-0.3285925090312958,2.1533350944519043,-0.36238912601344464,-0.4069139659404754,1.5746150016784668,0.3149682816030739,-0.484295129776001,1.4147849082946775,0.5814153808925455,-0.4952968657016754,-17.036557743438838,0.0
1008,25.200000000000003,1.754331844920287e+18,1.0782979982199814,3.249690743600814,1.6608760596001644,0.49816701684404274,11.251578597113054,-2.710493992373748,0.571161617001918,-0.24860449027601728,-0.3076209723949432,2.4821808338165283,-0.8213047742163639,2.32946515083313,-0.6623699543719206,-0.2998795211315155,2.2645022869110107,-0.551448764485271,-0.3285925090312958,2.1533350944519043,-0.36238912601344464,-0.4069139659404754,1.5746150016784668,0.3149682816030739,-0.484295129776001,-18.030049286636913,0.0
1009,25.225,1.754331844945287e+18,1.094813451632835,3.218109991622979,1.6975508549894935,0.4960856509767346,11.194888606074061,-2.66677672684621,2.211011193648533,-0.14094379838857468,-0.1918560266494751,2.612795352935791,-0.9152444979462975,2.4821808338165283,-0.8213047742163639,-0.3076209723949432,2.32946515083313,-0.6623699543719206,-0.2998795211315155,2.2645022869110107,-0.551448764485271,-0.3285925090312958,2.1533350944519043,-0.36238912601344464,-0.4069139659404754,-18.71587402586897,0.0
1010,25.25,1.754331844970287e+18,1.10898833657652,3.168815664717733,1.7751193894447488,0.47811237810025414,11.148650535969356,-2.6078931595941524,3.714390534912406,-0.015360981400894504,-0.1918560266494751,2.612795352935791,-0.8376759634910422,2.612795352935791,-0.9152444979462975,-0.1918560266494751,2.4821808338165283,-0.8213047742163639,-0.3076209723949432,2.32946515083313,-0.6623699543719206,-0.2998795211315155,2.2645022869110107,-0.551448764485271,-0.3285925090312958,-19.001568800843675,0.0
1011,25.275000000000002,1.754331844995287e+18,1.1259994024972082,3.1143267248458337,1.886763518978104,0.4447167434018108,11.06718742256739,-2.518335440227498,4.909132595043454,0.1174778148068755,0.2534036636352539,2.801658868789673,-0.9148953498115688,2.612795352935791,-0.8376759634910422,-0.1918560266494751,2.612795352935791,-0.9152444979462975,-0.1918560266494751,2.4821808338165283,-0.8213047742163639,-0.3076209723949432,2.32946515083313,-0.6623699543719206,-0.2998795211315155,-19.295498729002496,0.0
1012,25.3,1.754331845020287e+18,1.1361076043927525,3.075555458987807,2.021913842401956,0.40003103647343646,11.015798843152224,-2.3820065886641757,5.650964040761646,0.24395970153483099,0.3125213384628296,2.7824506759643555,-0.7605368335623997,2.801658868789673,-0.9148953498115688,0.2534036636352539,2.612795352935791,-0.8376759634910422,-0.1918560266494751,2.612795352935791,-0.9152444979462975,-0.1918560266494751,2.4821808338165283,-0.8213047742163639,-0.3076209723949432,-19.48465808411519,0.0
1013,25.325000000000003,1.754331845045287e+18,1.1444702843345715,3.040871129346048,2.1676876569086625,0.3503074776408859,10.960535389122972,-2.185608376261209,5.838847590676216,0.35130681446065937,0.4080426692962646,3.001526117324829,-0.8338384604161666,2.7824506759643555,-0.7605368335623997,0.3125213384628296,2.801658868789673,-0.9148953498115688,0.2534036636352539,2.612795352935791,-0.8376759634910422,-0.1918560266494751,2.612795352935791,-0.9152444979462975,-0.1918560266494751,-19.768461397604586,0.0
1014,25.35,1.7543318450702868e+18,1.1331394283525489,2.9846954413170264,2.310232992600432,0.301462872949809,10.896489691168174,-1.9213209803259998,5.426449616284307,0.430971316729218,0.3989855349063873,2.968493938446045,-0.6582609458456128,3.001526117324829,-0.8338384604161666,0.4080426692962646,2.7824506759643555,-0.7605368335623997,0.3125213384628296,2.801658868789673,-0.9148953498115688,0.2534036636352539,2.612795352935791,-0.8376759634910422,-0.1918560266494751,-19.849752316697675,0.0
1015,25.375,1.754331845095287e+18,1.138462323861848,2.9383387641535577,2.435739265042906,0.25679973392302197,10.839986585294572,-1.5885397671637653,4.429894846408995,0.48024684329233885,0.459572434425354,2.809434652328491,-0.37369538728558505,2.968493938446045,-0.6582609458456128,0.3989855349063873,3.001526117324829,-0.8338384604161666,0.4080426692962646,2.7824506759643555,-0.7605368335623997,0.3125213384628296,2.801658868789673,-0.9148953498115688,0.2534036636352539,-19.694621484186044,0.0
1016,25.400000000000002,1.754331845120287e+18,1.1234112679852406,2.883928856753388,2.53129002719394,0.21584491639174358,10.801346246839461,-1.1943356405698133,2.931463444500745,0.5018302443728854,0.4842979609966278,2.491621255874634,0.03966877131930602,2.809434652328491,-0.37369538728558505,0.459572434425354,2.968493938446045,-0.6582609458456128,0.3989855349063873,3.001526117324829,-0.8338384604161666,0.4080426692962646,2.7824506759643555,-0.7605368335623997,0.3125213384628296,-19.10246816346925,0.0
1017,25.425,1.754331845145287e+18,1.1201523150132209,2.826390456776616,2.585924744237728,0.1747310145887361,10.746363241788224,-0.7525692774929866,1.0778046679384263,0.5020161393104873,0.4949350357055664,2.28397274017334,0.30195200406438794,2.491621255874634,0.03966877131930602,0.4842979609966278,2.809434652328491,-0.37369538728558505,0.459572434425354,2.968493938446045,-0.6582609458456128,0.3989855349063873,3.001526117324829,-0.8338384604161666,0.4080426692962646,-18.33807744165467,0.0
1018,25.450000000000003,1.754331845170287e+18,1.0933546991167953,2.7571878142861608,2.592060647729163,0.12795188157976226,10.743429788076426,-0.28218201441279406,-0.9295632972002905,0.488463709642111,0.4931093454360962,1.9382576942443848,0.653802953484778,2.28397274017334,0.30195200406438794,0.4949350357055664,2.491621255874634,0.03966877131930602,0.4842979609966278,2.809434652328491,-0.37369538728558505,0.459572434425354,2.968493938446045,-0.6582609458456128,0.3989855349063873,-17.491909039960802,0.0
1019,25.475,1.754331845195287e+18,1.0859563921103774,2.712662680237232,2.547055840181174,0.07087331279688,10.715217848826175,0.1946993775116394,-2.8533648493976114,0.46821380023914533,0.4725890457630157,1.680100679397583,0.8669551607835908,1.9382576942443848,0.653802953484778,0.4931093454360962,2.28397274017334,0.30195200406438794,0.4949350357055664,2.491621255874634,0.03966877131930602,0.4842979609966278,2.809434652328491,-0.37369538728558505,0.459572434425354,-16.594687985761105,0.0
1020,25.5,1.754331845220287e+18,1.0608124744579048,2.631567227202969,2.454475938668117,0.0021402722937689813,10.743327089181337,0.6547282728914543,-4.449335959732906,0.44626346104862163,0.449897438287735,1.557140231132507,0.8973357075356099,1.680100679397583,0.8669551607835908,0.4725890457630157,1.9382576942443848,0.653802953484778,0.4931093454360962,2.28397274017334,0.30195200406438794,0.4949350357055664,2.491621255874634,0.03966877131930602,0.4842979609966278,-15.683616993563625,0.0
1021,25.525000000000002,1.754331845245287e+18,1.0421208412613692,2.569336414682131,2.3245842756071413,-0.0749081775226502,10.768178408605737,1.0757215655056231,-5.50170411524967,0.4247771062109402,0.433535486459732,1.5139895677566528,0.8105947078504885,1.557140231132507,0.8973357075356099,0.449897438287735,1.680100679397583,0.8669551607835908,0.4725890457630157,1.9382576942443848,0.653802953484778,0.4931093454360962,2.28397274017334,0.30195200406438794,0.4949350357055664,-14.903213458811779,0.0
1022,25.55,1.7543318452702868e+18,1.0291578174731129,2.522415554006057,2.1736295396592986,-0.1524692995998714,10.77334742503791,1.4396272589634223,-5.859349722131448,0.4029605891062861,0.3200951516628265,1.5552281141281128,0.6184014255311858,1.5139895677566528,0.8105947078504885,0.433535486459732,1.557140231132507,0.8973357075356099,0.449897438287735,1.680100679397583,0.8669551607835908,0.4725890457630157,1.9382576942443848,0.653802953484778,0.4931093454360962,-14.293244016010386,0.0
1023,25.575000000000003,1.754331845295287e+18,0.9964286402063496,2.4272564391365594,2.021725833083785,-0.2202846469697844,10.852231066359103,1.7355152130215614,-5.464752175001775,0.37763129403928014,0.4393550455570221,1.6482787132263184,0.3734471198574667,1.5552281141281128,0.6184014255311858,0.3200951516628265,1.5139895677566528,0.8105947078504885,0.433535486459732,1.557140231132507,0.8973357075356099,0.449897438287735,1.680100679397583,0.8669551607835908,0.4725890457630157,-13.809761956142923,0.0
1024,25.6,1.754331845320287e+18,0.984911551852968,2.385760823794067,1.889602652711468,-0.2689221659547436,10.877637282109323,1.961345173168158,-4.368166897993396,0.3444245989194995,0.3785077631473541,2.140044450759888,-0.25044179804842015,1.6482787132263184,0.3734471198574667,0.4393550455570221,1.5552281141281128,0.6184014255311858,0.3200951516628265,1.5139895677566528,0.8105947078504885,0.433535486459732,1.557140231132507,0.8973357075356099,0.449897438287735,-13.857637793659968,0.0
1025,25.625,1.754331845345287e+18,0.9725318280903824,2.346522703131982,1.795050250405767,-0.2932993104355485,10.938247475536658,2.1232150349905505,-2.722259846063478,0.2993644132646659,0.2579021155834198,2.2897989749908447,-0.4947487245850777,2.140044450759888,-0.25044179804842015,0.3785077631473541,1.6482787132263184,0.3734471198574667,0.4393550455570221,1.5552281141281128,0.6184014255311858,0.3200951516628265,1.5139895677566528,0.8105947078504885,0.433535486459732,-13.946115109941971,0.0
1026,25.650000000000002,1.754331845370287e+18,0.9599462615494304,2.286635190644615,1.7500651617035214,-0.2951039624138748,10.991891947786456,2.231649625441441,-0.7569671115493777,0.24038855046078408,0.227540835738182,2.551105499267578,-0.8010403375640567,2.2897989749908447,-0.4947487245850777,0.2579021155834198,2.140044450759888,-0.25044179804842015,0.3785077631473541,1.6482787132263184,0.3734471198574667,0.4393550455570221,1.5552281141281128,0.6184014255311858,0.3200951516628265,-14.217741906748067,0.0
1027,25.675,1.754331845395287e+18,0.9781293551249108,2.187852791037803,1.7593319591319556,-0.2828389638341594,11.079828552447786,2.2960217058741037,1.2606831771321756,0.1684953074458791,0.1733730435371399,2.6027615070343018,-0.8434295479023461,2.551105499267578,-0.8010403375640567,0.227540835738182,2.2897989749908447,-0.4947487245850777,0.2579021155834198,2.140044450759888,-0.25044179804842015,0.3785077631473541,1.6482787132263184,0.3734471198574667,0.4393550455570221,-14.507433066857399,0.0
1028,25.700000000000003,1.754331845420287e+18,0.9781293551249108,2.187852791037803,1.8200998026139645,-0.26892018392975126,11.079828552447786,2.319506086894128,3.073144141880056,0.08830601705201305,0.1686346381902694,2.651263236999512,-0.8311634343855476,2.6027615070343018,-0.8434295479023461,0.1733730435371399,2.551105499267578,-0.8010403375640567,0.227540835738182,2.2897989749908447,-0.4947487245850777,0.2579021155834198,2.140044450759888,-0.25044179804842015,0.3785077631473541,-14.845391931141968,0.0
1029,25.725,1.754331845445287e+18,0.98347178854761,2.146495840217886,1.9231802296907072,-0.2645917280001299,11.13054869740241,2.2969792919347274,4.474981904048799,0.007852852103443803,-0.0154415136203169,2.804940700531006,-0.8817604708402986,2.651263236999512,-0.8311634343855476,0.1686346381902694,2.6027615070343018,-0.8434295479023461,0.1733730435371399,2.551105499267578,-0.8010403375640567,0.227540835738182,2.2897989749908447,-0.4947487245850777,0.2579021155834198,-15.156722704931394,0.0
1030,25.75,1.7543318454702868e+18,0.9790011088020404,2.0875423574898138,2.054783393909466,-0.27480660933566137,11.191742539384393,2.21681776182292,5.342230780394013,-0.06254421673898396,-0.1028583347797393,2.8187174797058105,-0.7639340857963446,2.804940700531006,-0.8817604708402986,-0.0154415136203169,2.651263236999512,-0.8311634343855476,0.1686346381902694,2.6027615070343018,-0.8434295479023461,0.1733730435371399,2.551105499267578,-0.8010403375640567,0.227540835738182,-15.420730802855886,0.0
1031,25.775000000000002,1.754331845495287e+18,0.9872593058220483,1.9930363773482576,2.1989772350641967,-0.29571285041372164,11.271281445395148,2.0656798249939032,5.642581413499576,-0.11216236306798477,-0.1366394758224487,3.0838725566864014,-0.8848953216222046,2.8187174797058105,-0.7639340857963446,-0.1028583347797393,2.804940700531006,-0.8817604708402986,-0.0154415136203169,2.651263236999512,-0.8311634343855476,0.1686346381902694,2.6027615070343018,-0.8434295479023461,0.1733730435371399,-15.863686733132411,0.0
1032,25.8,1.754331845520287e+18,0.9961180366725864,1.891474942074297,2.340458422362465,-0.3163239824000547,11.37553488674252,1.8343984319795408,5.42550531665814,-0.13204447715184797,-0.0907263979315757,3.054431915283203,-0.7139734929207382,3.0838725566864014,-0.8848953216222046,-0.1366394758224487,2.8187174797058105,-0.7639340857963446,-0.1028583347797393,2.804940700531006,-0.8817604708402986,-0.0154415136203169,2.651263236999512,-0.8311634343855476,0.1686346381902694,-16.211883558054122,0.0
1033,25.825000000000003,1.754331845545287e+18,0.9961180366725864,1.891474942074297,2.4670425008920085,-0.32365948859948773,11.37553488674252,1.5233871867387365,4.796628155531947,-0.11693478482398934,-0.0562325976788997,3.1940252780914307,-0.7269827771994222,3.054431915283203,-0.7139734929207382,-0.0907263979315757,3.0838725566864014,-0.8848953216222046,-0.1366394758224487,2.8187174797058105,-0.7639340857963446,-0.1028583347797393,2.804940700531006,-0.8817604708402986,-0.0154415136203169,-16.693770924695972,0.0
1034,25.85,1.754331845570287e+18,1.0360746455294083,1.854978710329388,2.5710919300294304,-0.30855947750717144,11.427421750550758,1.1465441901790328,3.8846070128187855,-0.06667061326626794,-0.1431214064359665,3.0351345539093018,-0.4640426238798714,3.1940252780914307,-0.7269827771994222,-0.0562325976788997,3.054431915283203,-0.7139734929207382,-0.0907263979315757,3.0838725566864014,-0.8848953216222046,-0.1366394758224487,2.8187174797058105,-0.7639340857963446,-0.1028583347797393,-17.055951891684696,0.0
1035,25.875,1.754331845595287e+18,1.0435891399268509,1.832689263978356,2.649375855619494,-0.26911197559066186,11.446928689552887,0.7325865513380451,2.810224757612408,0.013204951105705359,-0.0218729637563228,3.0906753540039062,-0.4412994983844123,3.0351345539093018,-0.4640426238798714,-0.1431214064359665,3.1940252780914307,-0.7269827771994222,-0.0562325976788997,3.054431915283203,-0.7139734929207382,-0.0907263979315757,3.0838725566864014,-0.8848953216222046,-0.1366394758224487,-17.498616013239047,0.0
1036,25.900000000000002,1.754331845620287e+18,1.094948986650349,1.7192985432860914,2.70157151285837,-0.21040493223338624,11.474696417225802,0.32258730590227513,1.6658789472949649,0.11198978670915041,0.0145810134708881,2.7605557441711426,-0.05898423131277264,3.0906753540039062,-0.4412994983844123,-0.0218729637563228,3.0351345539093018,-0.4640426238798714,-0.1431214064359665,3.1940252780914307,-0.7269827771994222,-0.0562325976788997,3.054431915283203,-0.7139734929207382,-0.0907263979315757,-17.546668237453016,0.0
1037,25.925,1.754331845645287e+18,1.1059980215274343,1.6976303349661488,2.7282767960527647,-0.14162862605987533,11.482456177442693,-0.036489073675506946,0.5096086822071035,0.21585832447047978,0.317880630493164,2.3903684616088867,0.337908334443878,2.7605557441711426,-0.05898423131277264,0.0145810134708881,3.0906753540039062,-0.4412994983844123,-0.0218729637563228,3.0351345539093018,-0.4640426238798714,-0.1431214064359665,3.1940252780914307,-0.7269827771994222,-0.0562325976788997,-17.167823618636774,0.0
1038,25.950000000000003,1.7543318456702868e+18,1.1274029548686508,1.655653224759552,2.729549682662094,-0.0726687612345684,11.497488906729377,-0.3004918907862802,-0.6273098042279681,0.3111162232035715,0.3942276239395141,2.0656354427337646,0.6639142399283293,2.3903684616088867,0.337908334443878,0.317880630493164,2.7605557441711426,-0.05898423131277264,0.0145810134708881,3.0906753540039062,-0.4412994983844123,-0.0218729637563228,3.0351345539093018,-0.4640426238798714,-0.1431214064359665,-16.526321325695505,0.0
1039,25.975,1.754331845695287e+18,1.1716637524602267,1.5789376225147245,2.7045885146210495,-0.011821645776205774,11.482168824234131,-0.43625693245073804,-1.7245247969840818,0.3875773059599401,0.3942276239395141,2.0656354427337646,0.6389530718872849,2.0656354427337646,0.6639142399283293,0.3942276239395141,2.3903684616088867,0.337908334443878,0.317880630493164,2.7605557441711426,-0.05898423131277264,0.0145810134708881,3.0906753540039062,-0.4412994983844123,-0.0218729637563228,-15.95891068929216,0.0
1040,26.0,1.754331845720287e+18,1.210775077827135,1.5184465303044243,2.65252155158645,0.03499391211361237,11.461198757788036,-0.4273034199709984,-2.755950404705822,0.4406786547517839,0.4312233030796051,1.9942790269851685,0.6582425246012815,2.0656354427337646,0.6389530718872849,0.3942276239395141,2.0656354427337646,0.6639142399283293,0.3942276239395141,2.3903684616088867,0.337908334443878,0.317880630493164,2.7605557441711426,-0.05898423131277264,0.0145810134708881,-15.270621011906293,0.0
1041,26.025000000000002,1.754331845745287e+18,1.2368370023578423,1.4704087300724558,2.573756331540597,0.06407131571705357,11.454370086080107,-0.2765160432907223,-3.6789910489552855,0.4715571351654733,0.4424827396869659,1.834097146987915,0.7396591845526821,1.9942790269851685,0.6582425246012815,0.4312233030796051,2.0656354427337646,0.6389530718872849,0.3942276239395141,2.0656354427337646,0.6639142399283293,0.3942276239395141,2.3903684616088867,0.337908334443878,0.317880630493164,-14.791043735865266,0.0
1042,26.05,1.754331845770287e+18,1.2663461843730577,1.3918505648439825,2.471152881987502,0.07350080173315128,11.44288612869434,-0.005809052649014211,-4.433393038663931,0.4853425285665849,0.4705069661140442,1.7876946926116943,0.6834581893758078,1.834097146987915,0.7396591845526821,0.4424827396869659,1.9942790269851685,0.6582425246012815,0.4312233030796051,2.0656354427337646,0.6389530718872849,0.3942276239395141,2.0656354427337646,0.6639142399283293,0.3942276239395141,-14.356222945586184,0.0
1043,26.075000000000003,1.754331845795287e+18,1.30684266973556,1.3116112504014803,2.350431863933185,0.06291441152225899,11.429610633926378,0.34741890909133105,-4.949632051852775,0.488628273611332,0.4706868827342987,1.70090913772583,0.6495227262073549,1.7876946926116943,0.6834581893758078,0.4705069661140442,1.834097146987915,0.7396591845526821,0.4424827396869659,1.9942790269851685,0.6582425246012815,0.4312233030796051,2.0656354427337646,0.6389530718872849,0.3942276239395141,-13.7283112404808,0.0
1044,26.1,1.754331845820287e+18,1.3420786192631509,1.24055847272234,2.2196384871957924,0.03349790666672364,11.438593656467432,0.7370520128455497,-5.163528207226933,0.48715124868967485,0.4847674965858459,1.699752926826477,0.5198855603693153,1.70090913772583,0.6495227262073549,0.4706868827342987,1.7876946926116943,0.6834581893758078,0.4705069661140442,1.834097146987915,0.7396591845526821,0.4424827396869659,1.9942790269851685,0.6582425246012815,0.4312233030796051,-13.680526337151948,0.0
1045,26.125,1.754331845845287e+18,1.3528104979937892,1.2181495360864951,2.0879909164235633,-0.011832367373505789,11.43717633127372,1.117208706350166,-5.032167560723977,0.4843448302317284,0.4922453761100769,1.4112714529037476,0.6767194635198157,1.699752926826477,0.5198855603693153,0.4847674965858459,1.70090913772583,0.6495227262073549,0.4706868827342987,1.7876946926116943,0.6834581893758078,0.4705069661140442,1.834097146987915,0.7396591845526821,0.4424827396869659,-13.750806466834371,0.0
1046,26.150000000000002,1.7543318458702868e+18,1.3805160370388014,1.145022068512974,1.9647160023262047,-0.06836736185596778,11.467005155340093,1.4510963584014756,-4.546380702519872,0.48095726226645213,0.4831376075744629,1.5898417234420776,0.37487427888412705,1.4112714529037476,0.6767194635198157,0.4922453761100769,1.699752926826477,0.5198855603693153,0.4847674965858459,1.70090913772583,0.6495227262073549,0.4706868827342987,1.7876946926116943,0.6834581893758078,0.4705069661140442,-14.17691896599645,0.0
1047,26.175,1.754331845895287e+18,1.399481491629352,1.1030746778061062,1.858279173918299,-0.12998809320942106,11.474919928340654,1.7171567767548055,-3.736496158859488,0.47557129890202293,0.4738020002841949,1.5397621393203735,0.3185170345979256,1.5898417234420776,0.37487427888412705,0.4831376075744629,1.4112714529037476,0.6767194635198157,0.4922453761100769,1.699752926826477,0.5198855603693153,0.4847674965858459,1.70090913772583,0.6495227262073549,0.4706868827342987,-14.569575637091265,0.0
1048,26.200000000000003,1.754331845920287e+18,1.4206017805916766,1.0300847991366329,1.7759481085669582,-0.1901143157328305,11.5359771620624,1.9108082085965237,-2.670105271965735,0.4656942949526379,0.462777316570282,1.9780137538909912,-0.20206564532403304,1.5397621393203735,0.3185170345979256,0.4738020002841949,1.5898417234420776,0.37487427888412705,0.4831376075744629,1.4112714529037476,0.6767194635198157,0.4922453761100769,1.699752926826477,0.5198855603693153,0.4847674965858459,-15.459775370064603,0.0
1049,26.225,1.754331845945287e+18,1.4451567336224893,0.994737634694324,1.7233536492530206,-0.2429869111520106,11.622509547083984,2.0416340261751285,-1.4425481945516179,0.4490658164830473,0.4524813294410705,1.973287582397461,-0.24993393314444035,1.9780137538909912,-0.20206564532403304,0.462777316570282,1.5397621393203735,0.3185170345979256,0.4738020002841949,1.5898417234420776,0.37487427888412705,0.4831376075744629,1.4112714529037476,0.6767194635198157,0.4922453761100769,-16.464425890636313,0.0
1050,26.25,1.754331845970287e+18,1.464178110114606,0.9590195925615256,1.7038481290339975,-0.28482662103524264,11.65844044418861,2.127274905038017,-0.16245095439422738,0.42485437056714653,0.4057880640029907,2.31878662109375,-0.6149384920597525,1.973287582397461,-0.24993393314444035,0.4524813294410705,1.9780137538909912,-0.20206564532403304,0.462777316570282,1.5397621393203735,0.3185170345979256,0.4738020002841949,1.5898417234420776,0.37487427888412705,0.4831376075744629,-17.706938070676216,0.0
1051,26.275000000000002,1.754331845995287e+18,1.5122979596298594,0.8870732447338123,1.717823387104381,-0.31444081507152677,11.7613105734466,2.1861791172448313,1.0642293972343446,0.39441522291293407,0.4351830780506134,2.2249104976654053,-0.5070871105610242,2.31878662109375,-0.6149384920597525,0.4057880640029907,1.973287582397461,-0.24993393314444035,0.4524813294410705,1.9780137538909912,-0.20206564532403304,0.462777316570282,1.5397621393203735,0.3185170345979256,0.4738020002841949,-18.616780480604994,0.0
1052,26.3,1.754331846020287e+18,1.5122979596298594,0.8870732447338123,1.7624029847674785,-0.3330357690782152,11.7613105734466,2.2315892605587853,2.147741132883491,0.3612658772313201,0.4351830780506134,2.2249104976654053,-0.4625075128979268,2.2249104976654053,-0.5070871105610242,0.4351830780506134,2.31878662109375,-0.6149384920597525,0.4057880640029907,1.973287582397461,-0.24993393314444035,0.4524813294410705,1.9780137538909912,-0.20206564532403304,0.462777316570282,-19.51835820621769,0.0
1053,26.325000000000003,1.754331846045287e+18,1.5734597135311197,0.8268704094433068,1.831853152075513,-0.34323293767981305,11.878575066391914,2.26857686047103,3.022238730036367,0.3300270201212608,0.3477581441402435,2.4420533180236816,-0.6102001659481686,2.2249104976654053,-0.4625075128979268,0.4351830780506134,2.2249104976654053,-0.5070871105610242,0.4351830780506134,2.31878662109375,-0.6149384920597525,0.4057880640029907,1.973287582397461,-0.24993393314444035,0.4524813294410705,-20.25446336538821,0.0
1054,26.35,1.7543318460702868e+18,1.5734597135311197,0.8268704094433068,1.9186822412375484,-0.34762540972164596,11.878575066391914,2.2947471367855363,3.6458529373185655,0.30446513444140066,0.1735401898622512,2.656141519546509,-0.7374592783089604,2.4420533180236816,-0.6102001659481686,0.3477581441402435,2.2249104976654053,-0.4625075128979268,0.4351830780506134,2.2249104976654053,-0.5070871105610242,0.4351830780506134,2.31878662109375,-0.6149384920597525,0.4057880640029907,-20.766683834154904,0.0
1055,26.375,1.754331846095287e+18,1.606801913051143,0.7950227181136538,2.0149834590069426,-0.3475826733888529,11.938591444792541,2.303917451849,3.9938815893321293,0.28543743008142386,0.1891745924949646,2.6406242847442627,-0.62564082573732,2.656141519546509,-0.7374592783089604,0.1735401898622512,2.4420533180236816,-0.6102001659481686,0.3477581441402435,2.2249104976654053,-0.4625075128979268,0.4351830780506134,2.2249104976654053,-0.5070871105610242,0.4351830780506134,-20.851570592410262,0.0
1056,26.400000000000002,1.754331846120287e+18,1.6367692740858075,0.7641627460511731,2.113452825384424,-0.34305681140695254,11.99095479194667,2.2910846562869875,4.0485840910316115,0.26997984348930804,0.3080740571022033,2.7657687664031982,-0.6523159410187742,2.6406242847442627,-0.62564082573732,0.1891745924949646,2.656141519546509,-0.7374592783089604,0.1735401898622512,2.4420533180236816,-0.6102001659481686,0.3477581441402435,2.2249104976654053,-0.4625075128979268,0.4351830780506134,-20.776960012260655,0.0
1057,26.425,1.754331846145287e+18,1.6933540418978144,0.7293759020936847,2.207734603256087,-0.33359864966948766,12.069836858051682,2.256588378079865,3.7908631819162357,0.25237208752761536,0.3273826241493225,2.484182357788086,-0.27644775453199877,2.7657687664031982,-0.6523159410187742,0.3080740571022033,2.6406242847442627,-0.62564082573732,0.1891745924949646,2.656141519546509,-0.7374592783089604,0.1735401898622512,2.4420533180236816,-0.6102001659481686,0.3477581441402435,-20.275166264722376,0.0
1058,26.450000000000003,1.754331846170287e+18,1.709610618221162,0.715245619174933,2.292055264928067,-0.319956794315261,12.095147094486387,2.207661607747889,3.1989630053571387,0.2268338398534414,0.2478253990411758,2.590799331665039,-0.29874406673697207,2.484182357788086,-0.27644775453199877,0.3273826241493225,2.7657687664031982,-0.6523159410187742,0.3080740571022033,2.6406242847442627,-0.62564082573732,0.1891745924949646,2.656141519546509,-0.7374592783089604,0.1735401898622512,-19.80562474556142,0.0
1059,26.475,1.754331846195287e+18,1.776479889817208,0.6819302710377868,2.360348763505725,-0.30515647195468387,12.197601376255509,2.1564769521681955,2.2568252507837294,0.1904489642210269,0.2202361226081848,2.6597790718078613,-0.29943030830213635,2.590799331665039,-0.29874406673697207,0.2478253990411758,2.484182357788086,-0.27644775453199877,0.3273826241493225,2.7657687664031982,-0.6523159410187742,0.3080740571022033,2.6406242847442627,-0.62564082573732,0.1891745924949646,-19.354646752539537,0.0
1060,26.5,1.754331846220287e+18,1.8129957790814868,0.6594177358017892,2.4053341427437496,-0.29422733063911904,12.249672377534178,2.115106170502805,0.9705540523581162,0.1447814714139178,0.2202361226081848,2.6597790718078613,-0.25444492906411176,2.6597790718078613,-0.29943030830213635,0.2202361226081848,2.590799331665039,-0.29874406673697207,0.2478253990411758,2.484182357788086,-0.27644775453199877,0.3273826241493225,2.7657687664031982,-0.6523159410187742,0.3080740571022033,-18.949091501256923,0.0
1061,26.525000000000002,1.754331846245287e+18,1.9360643371689656,0.6199970474705401,2.4182566901408173,-0.2925581690322658,12.360054880105082,2.089182311853272,-0.6128875546330294,0.09541423532580993,0.0,0.0,2.4182566901408173,2.6597790718078613,-0.25444492906411176,0.2202361226081848,2.6597790718078613,-0.29943030830213635,0.2202361226081848,2.590799331665039,-0.29874406673697207,0.2478253990411758,2.484182357788086,-0.27644775453199877,0.3273826241493225,-15.635304873454572,0.0
1062,26.55,1.7543318462702868e+18,1.9360643371689656,0.6199970474705401,2.389953335309944,-0.30360507572321643,12.360054880105082,2.0730085756756957,-2.393140145115544,0.04973507680001942,0.0,0.0,2.389953335309944,0.0,2.4182566901408173,0.0,2.6597790718078613,-0.25444492906411176,0.2202361226081848,2.6597790718078613,-0.29943030830213635,0.2202361226081848,2.590799331665039,-0.29874406673697207,0.2478253990411758,-12.487055789426119,0.0
1063,26.575000000000003,1.754331846295287e+18,1.9816949626564695,0.6113864485350851,2.313329749516329,-0.3269506832718784,12.378662905021885,2.0487743471198403,-4.217691895295961,0.014128533645892985,0.0,0.0,2.313329749516329,0.0,2.389953335309944,0.0,0.0,2.4182566901408173,0.0,2.6597790718078613,-0.25444492906411176,0.2202361226081848,2.6597790718078613,-0.29943030830213635,0.2202361226081848,-9.490352852751785,0.0
1064,26.6,1.754331846320287e+18,2.052482700154144,0.5917710940888332,2.186436620886933,-0.35756139894260364,12.450027802084488,1.9910863328890755,-5.9003002877430415,-0.008102506811217712,0.0,0.0,2.186436620886933,0.0,2.313329749516329,0.0,0.0,2.389953335309944,0.0,0.0,2.4182566901408173,0.0,2.6597790718078613,-0.25444492906411176,0.2202361226081848,-6.834173723739239,0.0
1065,26.625,1.754331846345287e+18,2.067557344299179,0.5874247676515556,2.0146636663563404,-0.38673257967107,12.465220414977699,1.8756676522869975,-7.253713682566801,-0.017317064469597333,0.0,0.0,2.0146636663563404,0.0,2.186436620886933,0.0,0.0,2.313329749516329,0.0,0.0,2.389953335309944,0.0,0.0,2.4182566901408173,0.0,-4.327992116933948,0.0
1066,26.650000000000002,1.754331846370287e+18,2.155962531759171,0.5714858329168331,1.810685780736019,-0.40468433121708736,12.54731515591448,1.6889806794337787,-8.128015875238479,-0.016702360389602856,0.0,0.0,1.810685780736019,0.0,2.0146636663563404,0.0,0.0,2.186436620886933,0.0,0.0,2.313329749516329,0.0,0.0,2.389953335309944,0.0,-2.1034122801600006,0.0
1067,26.675,1.754331846395287e+18,2.225142589558474,0.5689464552040226,1.5918226248905352,-0.40406848312725807,12.606036459909568,1.4348049876663433,-8.443111709018995,-0.010697804736625943,0.0,0.0,1.5918226248905352,0.0,1.810685780736019,0.0,0.0,2.0146636663563404,0.0,0.0,2.186436620886933,0.0,0.0,2.313329749516329,0.0,-0.13247713129591654,0.0
1068,26.700000000000003,1.754331846420287e+18,2.272226422817425,0.5628933670967511,1.3758644382960654,-0.38300396445412654,12.65526313694365,1.13489714121824,-8.205354270297569,-0.003444984251046527,0.0,0.0,1.3758644382960654,0.0,1.5918226248905352,0.0,0.0,1.810685780736019,0.0,0.0,2.0146636663563404,0.0,0.0,2.186436620886933,0.0,1.2843070014177869,0.0
1069,26.725,1.754331846445287e+18,2.282743137828769,0.5766393187659276,1.1772149736217088,-0.3461382244281743,12.680139582916,0.8233799673664367,-7.503495615268067,0.002221122278033414,0.0,0.0,1.1772149736217088,0.0,1.3758644382960654,0.0,0.0,1.5918226248905352,0.0,0.0,1.810685780736019,0.0,0.0,2.0146636663563404,0.0,2.5745030757349423,0.0
1070,26.75,1.7543318464702868e+18,2.321713407210405,0.5766689921701977,1.0048187603307914,-0.30298661649991704,12.73152884566827,0.537194618306544,-6.485850070112496,0.005081707009699805,0.0,0.0,1.0048187603307914,0.0,1.1772149736217088,0.0,0.0,1.3758644382960654,0.0,0.0,1.5918226248905352,0.0,0.0,1.810685780736019,0.0,3.8451513279647385,0.0
1071,26.775000000000002,1.754331846495287e+18,2.364240028536723,0.5707331248820888,0.862133995049431,-0.2641725491386395,12.719238896469252,0.3062850119872817,-5.326121430632781,0.005272763147429172,0.0,0.0,0.862133995049431,0.0,1.0048187603307914,0.0,0.0,1.1772149736217088,0.0,0.0,1.3758644382960654,0.0,0.0,1.5918226248905352,0.0,4.8882703029461645,0.0
1072,26.8,1.754331846520287e+18,2.4119789005516905,0.5686668283989937,0.7483663991394343,-0.23729653010645774,12.71422462936859,0.14671915632059382,-4.1878456977158365,0.0037229299447677374,0.0,0.0,0.7483663991394343,0.0,0.862133995049431,0.0,0.0,1.0048187603307914,0.0,0.0,1.1772149736217088,0.0,0.0,1.3758644382960654,0.0,5.7433244350868184,0.0
1073,26.825000000000003,1.754331846545287e+18,2.423191720838312,0.569886919070163,0.6599716120270398,-0.2242566085353336,12.71943216430765,0.05849713865404474,-3.196407884241429,0.001563725914839983,0.0,0.0,0.6599716120270398,0.0,0.7483663991394343,0.0,0.0,0.862133995049431,0.0,0.0,1.0048187603307914,0.0,0.0,1.1772149736217088,0.0,6.585749235465159,0.0
1074,26.85,1.754331846570287e+18,2.4464373340535603,0.5657884697928242,0.5919043628529869,-0.22098894347795045,12.70647256983382,0.028158343617339193,-2.4240691598547484,-0.00030075465984998084,0.0,0.0,0.5919043628529869,0.0,0.6599716120270398,0.0,0.0,0.7483663991394343,0.0,0.0,0.862133995049431,0.0,0.0,1.0048187603307914,0.0,7.250382438463778,0.0
1075,26.875,1.754331846595287e+18,2.48813871617468,0.5703754075792244,0.5386039925249533,-0.21944999523317263,12.712194987799808,0.03477110705124387,-1.8890459573677496,-0.0013926479894337451,0.0,0.0,0.5386039925249533,0.0,0.5919043628529869,0.0,0.0,0.6599716120270398,0.0,0.0,0.7483663991394343,0.0,0.0,0.862133995049431,0.0,7.812678766584426,0.0
1076,26.900000000000002,1.754331846620287e+18,2.4972303247022074,0.5722490371102882,0.4948487010748624,-0.21084754295976363,12.710841647373213,0.056867850985040484,-1.5659476829268641,-0.0016523478234300763,0.0,0.0,0.4948487010748624,0.0,0.5386039925249533,0.0,0.0,0.5919043628529869,0.0,0.0,0.6599716120270398,0.0,0.0,0.7483663991394343,0.0,8.561012155658945,0.0
1077,26.925,1.754331846645287e+18,2.53120140828794,0.5720270288242812,0.4564611111754012,-0.18889999381894487,12.71677456311688,0.07789705711059867,-1.402701202575424,-0.001302894050623482,0.0,0.0,0.4564611111754012,0.0,0.4948487010748624,0.0,0.0,0.5386039925249533,0.0,0.0,0.5919043628529869,0.0,0.0,0.6599716120270398,0.0,9.26976254974402,0.0
1078,26.950000000000003,1.7543318466702868e+18,2.529714077764256,0.572323523140329,0.42070562223003327,-0.15210824235933565,12.716804487534095,0.08877853317146409,-1.3386473756227226,-0.0006761330814619961,0.0,0.0,0.42070562223003327,0.0,0.4564611111754012,0.0,0.0,0.4948487010748624,0.0,0.0,0.5386039925249533,0.0,0.0,0.5919043628529869,0.0,9.618434108500397,0.0
1079,26.975,1.754331846695287e+18,2.55364113847076,0.5749797773980494,0.3862664175064019,-0.10436755540443583,12.719404630541407,0.08753088532361414,-1.319452016621027,-6.894480729893865e-05,0.0,0.0,0.3862664175064019,0.0,0.42070562223003327,0.0,0.0,0.4564611111754012,0.0,0.0,0.4948487010748624,0.0,0.0,0.5386039925249533,0.0,9.993383415127807,0.0
1080,27.0,1.754331846720287e+18,2.542636808094377,0.580714105436217,0.3528719402635245,-0.05368035645858416,12.719247912363057,0.07697770538973668,-1.3062534234816696,0.00033669731308629116,0.0,0.0,0.3528719402635245,0.0,0.3862664175064019,0.0,0.0,0.42070562223003327,0.0,0.0,0.4564611111754012,0.0,0.0,0.4948487010748624,0.0,10.675106039812261,0.0
1081,27.025000000000002,1.754331846745287e+18,2.557353865440984,0.5828032164802062,0.3207647083495505,-0.009368408190506697,12.72112404876787,0.06188968737065811,-1.2784606587463019,0.0004883876031924043,0.0,0.0,0.3207647083495505,0.0,0.3528719402635245,0.0,0.0,0.3862664175064019,0.0,0.0,0.42070562223003327,0.0,0.0,0.4564611111754012,0.0,11.328506180839568,0.0
1082,27.05,1.754331846770287e+18,2.5599124591223776,0.5832706815711743,0.29022776931732835,0.02115019403310612,12.721687413144199,0.04666510354684958,-1.2313028660771095,0.0004321068670687606,0.0,0.0,0.29022776931732835,0.0,0.3207647083495505,0.0,0.0,0.3528719402635245,0.0,0.0,0.3862664175064019,0.0,0.0,0.42070562223003327,0.0,11.756028513865346,0.0
1083,27.075000000000003,1.754331846795287e+18,2.5703264207684686,0.5847936655443464,0.26131234970470224,0.034711441949374706,12.72299550747359,0.03408916062362798,-1.170259318987251,0.0002617814378380208,0.0,0.0,0.26131234970470224,0.0,0.29022776931732835,0.0,0.0,0.3207647083495505,0.0,0.0,0.3528719402635245,0.0,0.0,0.3862664175064019,0.0,12.022997204775328,0.0
1084,27.1,1.754331846820287e+18,2.573322059697353,0.5852428833638614,0.2338127319994824,0.03298631027086507,12.72400584381773,0.02514619357433468,-1.104737914126945,7.239957594849024e-05,0.0,0.0,0.2338127319994824,0.0,0.26131234970470224,0.0,0.0,0.29022776931732835,0.0,0.0,0.3207647083495505,0.0,0.0,0.3528719402635245,0.0,12.39072109584864,0.0
1085,27.125,1.754331846845287e+18,2.581571643211877,0.5865430055424059,0.20742549724877252,0.02122792384437629,12.725182996658774,0.01950045968340571,-1.0429105382083692,-6.99931341670166e-05,0.0,0.0,0.20742549724877252,0.0,0.2338127319994824,0.0,0.0,0.26131234970470224,0.0,0.0,0.29022776931732835,0.0,0.0,0.3207647083495505,0.0,12.70153927434328,0.0
1086,27.150000000000002,1.7543318468702868e+18,2.5928392517508367,0.5848040512319419,0.18195131179935778,0.005916141990212034,12.725674553876644,0.016185889108595596,-0.9887366137048345,-0.00013825756078685586,0.0,0.0,0.18195131179935778,0.0,0.20742549724877252,0.0,0.0,0.2338127319994824,0.0,0.0,0.26131234970470224,0.0,0.0,0.29022776931732835,0.0,13.156833962885296,0.0
1087,27.175,1.754331846895287e+18,2.59319633203296,0.5878360736065986,0.15740242229325654,-0.007599038702971826,12.72576968240614,0.014174324312784701,-0.9412730581627932,-0.00013833493185494184,0.0,0.0,0.15740242229325654,0.0,0.18195131179935778,0.0,0.0,0.20742549724877252,0.0,0.0,0.2338127319994824,0.0,0.0,0.26131234970470224,0.0,13.358039548589698,0.0
1088,27.200000000000003,1.754331846920287e+18,2.5957511430552733,0.5882411429654797,0.13397167958028286,-0.01653934205310019,12.725960375790956,0.012685218104799521,-0.8956914645992718,-9.524555955562026e-05,0.0,0.0,0.13397167958028286,0.0,0.15740242229325654,0.0,0.0,0.18195131179935778,0.0,0.0,0.20742549724877252,0.0,0.0,0.2338127319994824,0.0,13.790533895033496,0.0
1089,27.225,1.754331846945287e+18,2.6001295826792274,0.5859371645652129,0.11192557306117859,-0.020864495078617644,12.726769892619306,0.011258428852968856,-0.8451544775337089,-3.828035113561171e-05,0.0,0.0,0.11192557306117859,0.0,0.13397167958028286,0.0,0.0,0.15740242229325654,0.0,0.0,0.18195131179935778,0.0,0.0,0.20742549724877252,0.0,14.420170867378246,0.0
1090,27.25,1.754331846970287e+18,2.6028510544176395,0.5863829852569056,0.09152043901060473,-0.022376689100994586,12.726871904595887,0.00969008745553121,-0.7828038247992749,9.700895905262072e-06,0.0,0.0,0.09152043901060473,0.0,0.11192557306117859,0.0,0.0,0.13397167958028286,0.0,0.0,0.15740242229325654,0.0,0.0,0.18195131179935778,0.0,15.044939882553177,0.0
1091,27.275000000000002,1.754331846995287e+18,2.6017497496877477,0.5866948520992392,0.07299672091222516,-0.023323945644696763,12.7258442620324,0.007929066231940734,-0.7034063941111494,3.703562063733029e-05,0.0,0.0,0.07299672091222516,0.0,0.09152043901060473,0.0,0.0,0.11192557306117859,0.0,0.0,0.13397167958028286,0.0,0.0,0.15740242229325654,0.0,15.655068625734163,0.0
1092,27.3,1.754331847020287e+18,2.6038145140206668,0.5870410100356869,0.05663508447909193,-0.025137087583333523,12.72584200974381,0.005992347763164811,-0.6044908229702199,4.278272662724515e-05,0.0,0.0,0.05663508447909193,0.0,0.07299672091222516,0.0,0.0,0.09152043901060473,0.0,0.0,0.11192557306117859,0.0,0.0,0.13397167958028286,0.0,16.331935653505017,0.0
1093,27.325000000000003,1.754331847045287e+18,2.6081492119115826,0.5840387410074117,0.042812073993753426,-0.02778245773306215,12.728946860008858,0.003922922041142112,-0.48696243066971706,3.307838223129173e-05,0.0,0.0,0.042812073993753426,0.0,0.05663508447909193,0.0,0.0,0.07299672091222516,0.0,0.0,0.09152043901060473,0.0,0.0,0.11192557306117859,0.0,17.011344756931845,0.0
1094,27.35,1.7543318470702868e+18,2.609337369365892,0.5842355854023871,0.03198881494247412,-0.029901369677081232,12.728959561458614,0.001788718902884134,-0.3552069361479767,1.6623362122236463e-05,0.0,0.0,0.03198881494247412,0.0,0.042812073993753426,0.0,0.0,0.05663508447909193,0.0,0.0,0.07299672091222516,0.0,0.0,0.09152043901060473,0.0,17.687961313095762,0.0
1095,27.375,1.754331847095287e+18,2.6102109281315307,0.5843759683695566,0.02460038835811953,-0.029566257492073367,12.728959566099808,-0.00029742626482333486,-0.21666879779203382,1.0280254692724336e-06,0.0,0.0,0.02460038835811953,0.0,0.03198881494247412,0.0,0.0,0.042812073993753426,0.0,0.0,0.05663508447909193,0.0,0.0,0.07299672091222516,0.0,18.197601411884325,0.0
1096,27.400000000000002,1.754331847120287e+18,2.6118376484564223,0.5846432196995668,0.02087473530100567,-0.025263709505286114,12.728886615136172,-0.0021637118570854283,-0.08091246272415648,-9.160327814124977e-06,0.0,0.0,0.02087473530100567,0.0,0.02460038835811953,0.0,0.0,0.03198881494247412,0.0,0.0,0.042812073993753426,0.0,0.0,0.05663508447909193,0.0,18.690885177819546,0.0
1097,27.425,1.754331847145287e+18,2.611577850155829,0.584595338756964,0.020669315377360716,-0.016677568868999654,12.728768053278898,-0.0035937532740309714,0.04172353905301314,-1.2750480442443706e-05,0.0,0.0,0.020669315377360716,0.0,0.02087473530100567,0.0,0.0,0.02460038835811953,0.0,0.0,0.03198881494247412,0.0,0.0,0.042812073993753426,0.0,18.504802995366568,0.0
1098,27.450000000000003,1.754331847170287e+18,2.6121766896313146,0.5846947117917112,0.023424598439587503,-0.0049618220176061234,12.728547221499754,-0.004378641861797005,0.14163814185979598,-1.1046191079259185e-05,0.0,0.0,0.023424598439587503,0.0,0.020669315377360716,0.0,0.0,0.02087473530100567,0.0,0.0,0.02460038835811953,0.0,0.0,0.03198881494247412,0.0,18.254485206008717,0.0
1099,27.475,1.754331847195287e+18,2.6089977723010014,0.5868900752175941,0.028272259810825876,0.007584017114624545,12.729274333437182,-0.004394330239408595,0.21133174313437667,-6.523341162812312e-06,0.0,0.0,0.028272259810825876,0.0,0.023424598439587503,0.0,0.0,0.020669315377360716,0.0,0.0,0.02087473530100567,0.0,0.0,0.02460038835811953,0.0,17.736355125681758,0.0
1100,27.5,1.754331847220287e+18,2.60886433946688,0.5868694298822192,0.03423934978414967,0.01826554485959706,12.729181040645479,-0.003669891929759421,0.2463584158105803,-1.6274166100469375e-06,0.0,0.0,0.03423934978414967,0.0,0.028272259810825876,0.0,0.0,0.023424598439587503,0.0,0.0,0.020669315377360716,0.0,0.0,0.02087473530100567,0.0,17.263848898891894,0.0
1101,27.525000000000002,1.754331847245287e+18,2.6071977222241887,0.5862918675744511,0.04043237599172086,0.024828427899923008,12.72925989246897,-0.0024054768018065198,0.24575503815773084,1.977894003176567e-06,0.0,0.0,0.04043237599172086,0.0,0.03423934978414967,0.0,0.0,0.028272259810825876,0.0,0.0,0.023424598439587503,0.0,0.0,0.020669315377360716,0.0,16.727062179785207,0.0
1102,27.55,1.7543318472702868e+18,2.6068063552633296,0.5862291080098863,0.04611529635620143,0.02605456177008074,12.72911479531589,-0.0009193969215596697,0.21200694985671759,3.642356170451634e-06,0.0,0.0,0.04611529635620143,0.0,0.04043237599172086,0.0,0.0,0.03423934978414967,0.0,0.0,0.028272259810825876,0.0,0.0,0.023424598439587503,0.0,16.309180045808017,0.0
1103,27.575000000000003,1.754331847295287e+18,2.609203573163156,0.5887679960232484,0.05068706971552874,0.02196864893046264,12.729991807886456,0.00045630762981932005,0.15070172371082097,3.559746870724077e-06,0.0,0.0,0.05068706971552874,0.0,0.04611529635620143,0.0,0.0,0.04043237599172086,0.0,0.0,0.03423934978414967,0.0,0.0,0.028272259810825876,0.0,15.778451734630998,0.0
1104,27.6,1.754331847320287e+18,2.609217041519925,0.5887709372208922,0.05363650558367826,0.013690017418076699,12.730058990231095,0.0014821040093995533,0.06999475252440855,2.397457413108576e-06,0.0,0.0,0.05363650558367826,0.0,0.05068706971552874,0.0,0.0,0.04611529635620143,0.0,0.0,0.04043237599172086,0.0,0.0,0.03423934978414967,0.0,15.517119958611602,0.0
1105,27.625,1.754331847345287e+18,2.609467108408051,0.5865621358114181,0.054547707753593896,0.003059626775135868,12.730440932349032,0.0020716207603261156,-0.020094997749023583,9.144437822900427e-07,0.0,0.0,0.054547707753593896,0.0,0.05363650558367826,0.0,0.0,0.05068706971552874,0.0,0.0,0.04611529635620143,0.0,0.0,0.04043237599172086,0.0,15.934056792378641,0.0
1106,27.650000000000002,1.754331847370287e+18,2.610058417867267,0.5866601161516185,0.05317023300360508,-0.00781905876839848,12.73055332735225,0.0022880640000286258,-0.10862800760157573,-3.0906321347948566e-07,0.0,0.0,0.05317023300360508,0.0,0.054547707753593896,0.0,0.0,0.05363650558367826,0.0,0.0,0.05068706971552874,0.0,0.0,0.04611529635620143,0.0,16.53867578986752,0.0
1107,27.675,1.754331847395287e+18,2.6049655761600765,0.5840249680721117,0.049515496043449715,-0.017007811750683482,12.7285000407017,0.0022885036520515377,-0.18498099504638832,-9.868497885157709e-07,0.0,0.0,0.049515496043449715,0.0,0.05317023300360508,0.0,0.0,0.054547707753593896,0.0,0.0,0.05363650558367826,0.0,0.0,0.05068706971552874,0.0,17.250561240282888,0.0
1108,27.700000000000003,1.754331847420287e+18,2.6074279408982206,0.58657879786132,0.04392361267695502,-0.02303617914760212,12.729828924709347,0.002245206746674146,-0.24030264018262742,-1.1079868457644191e-06,0.0,0.0,0.04392361267695502,0.0,0.049515496043449715,0.0,0.0,0.05317023300360508,0.0,0.0,0.054547707753593896,0.0,0.0,0.05363650558367826,0.0,18.115789627176206,0.0
1109,27.725,1.754331847445287e+18,2.6071627884134623,0.5868101856247108,0.03705232975454474,-0.025033871516914018,12.729480513963116,0.002275945087220987,-0.2689333693080421,-8.391365577769334e-07,0.0,0.0,0.03705232975454474,0.0,0.04392361267695502,0.0,0.0,0.049515496043449715,0.0,0.0,0.05317023300360508,0.0,0.0,0.054547707753593896,0.0,19.068086454877047,0.0
1110,27.75,1.7543318474702868e+18,2.607842598579001,0.586922868260324,0.02976415603877884,-0.02273980002057539,12.729477265071605,0.0024076827321756096,-0.2694126193618144,-4.0736048980622945e-07,0.0,0.0,0.02976415603877884,0.0,0.03705232975454474,0.0,0.0,0.04392361267695502,0.0,0.0,0.049515496043449715,0.0,0.0,0.05317023300360508,0.0,19.935526574406868,0.0
1111,27.775000000000002,1.754331847495287e+18,2.608574137061588,0.5822557362143825,0.02293233880741277,-0.01650960110969786,12.729253192879476,0.0025831049802979215,-0.2447219992048782,-7.133690843756313e-09,0.0,0.0,0.02293233880741277,0.0,0.02976415603877884,0.0,0.0,0.03705232975454474,0.0,0.0,0.04392361267695502,0.0,0.0,0.049515496043449715,0.0,20.87335426302585,0.0
1112,27.8,1.754331847520287e+18,2.607685806014774,0.5821104221786331,0.017234926099395125,-0.007395309681368409,12.729101871023097,0.0027015647007354463,-0.20160072894855813,2.483297958136235e-07,0.0,0.0,0.017234926099395125,0.0,0.02293233880741277,0.0,0.0,0.02976415603877884,0.0,0.0,0.03705232975454474,0.0,0.0,0.04392361267695502,0.0,21.65112602268765,0.0
1113,27.825000000000003,1.754331847545287e+18,2.608167072909159,0.5870023629200158,0.013020845854816498,0.0028026640527018983,12.729662911717508,0.0026730638121911965,-0.14905271377537335,3.3253592739754034e-07,0.0,0.0,0.013020845854816498,0.0,0.017234926099395125,0.0,0.0,0.02293233880741277,0.0,0.0,0.02976415603877884,0.0,0.0,0.03705232975454474,0.0,22.497985328958627,0.0
1114,27.85,1.754331847570287e+18,2.607500613699517,0.5868930545623667,0.010294389105988845,0.01173665461897987,12.729661606634162,0.0024618600468698077,-0.09642422431137342,2.8212328328509015e-07,0.0,0.0,0.010294389105988845,0.0,0.013020845854816498,0.0,0.0,0.017234926099395125,0.0,0.0,0.02293233880741277,0.0,0.0,0.02976415603877884,0.0,23.166540663910233,0.0
1115,27.875,1.754331847595287e+18,2.6083032153943613,0.5867828074346961,0.008802300606891167,0.017090396088846473,12.729949542414115,0.0021040390535515155,-0.05155879698981231,1.6225206214724466e-07,0.0,0.0,0.008802300606891167,0.0,0.010294389105988845,0.0,0.0,0.013020845854816498,0.0,0.0,0.017234926099395125,0.0,0.0,0.02293233880741277,0.0,23.549038351802707,0.0
1116,27.900000000000002,1.754331847620287e+18,2.6084306351079967,0.5868038668043758,0.008165933230888048,0.017372952395901958,12.730046447953047,0.0016951191629125887,-0.019485358614414142,3.58105929453511e-08,0.0,0.0,0.008165933230888048,0.0,0.008802300606891167,0.0,0.0,0.010294389105988845,0.0,0.0,0.013020845854816498,0.0,0.0,0.017234926099395125,0.0,23.51753551371429,0.0
1117,27.925,1.754331847645287e+18,2.6089023996390366,0.5876059379492267,0.007999659349244789,0.012535595107125768,12.73118954808462,0.0013541625003497073,-0.0018998237337993311,-5.5360473478566484e-08,0.0,0.0,0.007999659349244789,0.0,0.008165933230888048,0.0,0.0,0.008802300606891167,0.0,0.0,0.010294389105988845,0.0,0.0,0.013020845854816498,0.0,23.223583168999145,0.0
1118,27.950000000000003,1.7543318476702868e+18,2.608910588684283,0.5876073199554381,0.00798391396097218,0.00405314947356976,12.731240880918815,0.0011777031536292727,0.002552098817609907,-9.578514583885217e-08,0.0,0.0,0.00798391396097218,0.0,0.007999659349244789,0.0,0.0,0.008165933230888048,0.0,0.0,0.008802300606891167,0.0,0.0,0.010294389105988845,0.0,22.57776412947534,0.0
1119,27.975,1.754331847695287e+18,2.606473609453928,0.5842393983551213,0.007893079707536116,-0.005607110256312504,12.729432522896017,0.0012007746951349081,-0.002604046603114732,-9.149518116157054e-08,0.0,0.0,0.007893079707536116,0.0,0.00798391396097218,0.0,0.0,0.007999659349244789,0.0,0.0,0.008165933230888048,0.0,0.0,0.008802300606891167,0.0,21.718702048399287,0.0
1120,28.0,1.754331847720287e+18,2.6087614977033464,0.5852220148791003,0.007596715841155503,-0.013885543921882463,12.729350542834199,0.0013825064623628558,-0.01283059334537455,-6.025026439962028e-08,0.0,0.0,0.007596715841155503,0.0,0.007893079707536116,0.0,0.0,0.00798391396097218,0.0,0.0,0.007999659349244789,0.0,0.0,0.008165933230888048,0.0,20.828963056704833,0.0
1121,28.025000000000002,1.754331847745287e+18,2.6088116489190334,0.58523028370475,0.007051906761124541,-0.019000376319722845,12.72942549175686,0.0016254093588072608,-0.02370255556609505,-2.1692868812846124e-08,0.0,0.0,0.007051906761124541,0.0,0.007596715841155503,0.0,0.0,0.007893079707536116,0.0,0.0,0.00798391396097218,0.0,0.0,0.007999659349244789,0.0,20.025420255615465,0.0
1122,28.05,1.754331847770287e+18,2.6066083332173338,0.5832936698036328,0.0062926257900086085,-0.02044402929466993,12.729678011571563,0.0018203332482168112,-0.031766199516862485,9.468247704732565e-09,0.0,0.0,0.0062926257900086085,0.0,0.007051906761124541,0.0,0.0,0.007596715841155503,0.0,0.0,0.007893079707536116,0.0,0.0,0.00798391396097218,0.0,19.41331145587429,0.0
1123,28.075000000000003,1.754331847795287e+18,2.60664704285018,0.5833000750291775,0.0054124330419953615,-0.018944341674329557,12.729761096598153,0.0018938444181222955,-0.03501536450323855,2.6232649000580487e-08,0.0,0.0,0.0054124330419953615,0.0,0.0062926257900086085,0.0,0.0,0.007051906761124541,0.0,0.0,0.007596715841155503,0.0,0.0,0.007893079707536116,0.0,19.045276769058816,0.0
1124,28.1,1.754331847820287e+18,2.6068113187536177,0.5841390928213255,0.004537000531333365,-0.015948756875859737,12.729339111286306,0.0018339366568657935,-0.032977728144946684,2.866016541575471e-08,0.0,0.0,0.004537000531333365,0.0,0.0054124330419953615,0.0,0.0,0.0062926257900086085,0.0,0.0,0.007051906761124541,0.0,0.0,0.007596715841155503,0.0,19.300255567638573,0.0
1125,28.125,1.754331847845287e+18,2.606749309227875,0.5841289616580865,0.0037900652495856495,-0.012880612004167244,12.72931953855517,0.0016843122138123722,-0.026481231655083343,2.1259264874088523e-08,0.0,0.0,0.0037900652495856495,0.0,0.004537000531333365,0.0,0.0,0.0054124330419953615,0.0,0.0,0.0062926257900086085,0.0,0.0,0.007051906761124541,0.0,19.798794357473238,0.0
1126,28.150000000000002,1.7543318478702868e+18,2.6072638261023577,0.5830827817883695,0.003262540549909957,-0.010508768890156662,12.729328044411426,0.0015155721729229737,-0.01721359233906647,9.947366689585287e-09,0.0,0.0,0.003262540549909957,0.0,0.0037900652495856495,0.0,0.0,0.004537000531333365,0.0,0.0,0.0054124330419953615,0.0,0.0,0.0062926257900086085,0.0,20.603097235587203,0.0
1127,28.175,1.754331847895287e+18,2.607271371399212,0.5830840453640784,0.0029943515854253984,-0.008710180597198294,12.729333856907873,0.0013913251987964597,-0.0072000700211960235,-3.118375609564423e-10,0.0,0.0,0.0029943515854253984,0.0,0.003262540549909957,0.0,0.0,0.0037900652495856495,0.0,0.0,0.004537000531333365,0.0,0.0,0.0054124330419953615,0.0,21.449521135074974,0.0
1128,28.200000000000003,1.754331847920287e+18,2.607923271652507,0.5825799291466187,0.0029728156717865684,-0.0067145026309677015,12.729352370698583,0.001344861516670131,0.0016858431895499012,-6.70594206387298e-09,0.0,0.0,0.0029728156717865684,0.0,0.0029943515854253984,0.0,0.0,0.003262540549909957,0.0,0.0,0.0037900652495856495,0.0,0.0,0.004537000531333365,0.0,22.283657385132308,0.0
1129,28.225,1.754331847945287e+18,2.608368695577565,0.5820604335930217,0.003144416511065454,-0.003693245478167926,12.729548747056526,0.0013727284883716146,0.008090178653720683,-8.660726058839282e-09,0.0,0.0,0.003144416511065454,0.0,0.0029728156717865684,0.0,0.0,0.0029943515854253984,0.0,0.0,0.003262540549909957,0.0,0.0,0.0037900652495856495,0.0,23.168562272483673,0.0
1130,28.25,1.754331847970287e+18,2.6084069145202107,0.582066717880771,0.003432665250278144,0.000610606325155811,12.729544381853183,0.0014428121499989648,0.011371440314622564,-7.19718739657738e-09,0.0,0.0,0.003432665250278144,0.0,0.003144416511065454,0.0,0.0,0.0029728156717865684,0.0,0.0,0.0029943515854253984,0.0,0.0,0.003262540549909957,0.0,23.935929023530296,0.0
1131,28.275000000000002,1.754331847995287e+18,2.607599022304334,0.5854219546570332,0.0037551174705199018,0.005544560097279429,12.728715057937988,0.001510352166260513,0.011604618467734376,-4.0272507302535725e-09,0.0,0.0,0.0037551174705199018,0.0,0.003432665250278144,0.0,0.0,0.003144416511065454,0.0,0.0,0.0029728156717865684,0.0,0.0,0.0029943515854253984,0.0,24.82457946262302,0.0
1132,28.3,1.754331848020287e+18,2.607278052235439,0.5837895767282995,0.004036357975130916,0.009682711940994015,12.7289850438335,0.0015347500431697385,0.009420003050085137,-7.661153830086945e-10,0.0,0.0,0.004036357975130916,0.0,0.0037551174705199018,0.0,0.0,0.003432665250278144,0.0,0.0,0.003144416511065454,0.0,0.0,0.0029728156717865684,0.0,25.54258931351889,0.0
1133,28.325000000000003,1.754331848045287e+18,2.607259469413319,0.5837865380002727,0.004217600576822282,0.011359283402195787,12.728981562505767,0.0014910818918082442,0.005732789713361867,1.5359583904487651e-09,0.0,0.0,0.004217600576822282,0.0,0.004036357975130916,0.0,0.0,0.0037551174705199018,0.0,0.0,0.003432665250278144,0.0,0.0,0.003144416511065454,0.0,26.273789691295132,0.0
1134,28.35,1.7543318480702868e+18,2.6076692500837906,0.5846113154380528,0.004264612532667808,0.00931973987742854,12.729628467544389,0.0013732283137544866,0.0014418557162715368,2.513701422432654e-09,0.0,0.0,0.004264612532667808,0.0,0.004217600576822282,0.0,0.0,0.004036357975130916,0.0,0.0,0.0037551174705199018,0.0,0.0,0.003432665250278144,0.0,26.74209692770767,0.0
1135,28.375,1.754331848095287e+18,2.607715332370877,0.5846189180830943,0.004173835821898082,0.003188173942708995,12.729687332055164,0.001190321245408623,-0.0028165649497906625,2.3491151390870045e-09,0.0,0.0,0.004173835821898082,0.0,0.004264612532667808,0.0,0.0,0.004217600576822282,0.0,0.0,0.004036357975130916,0.0,0.0,0.0037551174705199018,0.0,27.187570261913983,0.0
1136,28.400000000000002,1.754331848120287e+18,2.6042934989866846,0.5814570707139981,0.003974135215693755,-0.006407018748019808,12.728940382196487,0.0009611342820269772,-0.006788039681843282,1.5135686306024982e-09,0.0,0.0,0.003974135215693755,0.0,0.004173835821898082,0.0,0.0,0.004264612532667808,0.0,0.0,0.004217600576822282,0.0,0.0,0.004036357975130916,0.0,27.25052862844245,0.0
1137,28.425,1.754331848145287e+18,2.604344761583422,0.5814655261982922,0.0037210573773970262,-0.01801910348199583,12.728969448293658,0.0007094109278502573,-0.010557122603460912,5.142872444270861e-10,0.0,0.0,0.0037210573773970262,0.0,0.003974135215693755,0.0,0.0,0.004173835821898082,0.0,0.0,0.004264612532667808,0.0,0.0,0.004217600576822282,0.0,26.916341351375966,0.0
